run_name,model,model_family,hyperparameter_name,train_ratio,seed,condition,stage,eval_ratio,split,C,selected_hyperparams,train_rows,valid_rows,elapsed_seconds,n_rows,positive_rows,benign_rows,accuracy,balanced_accuracy,precision,recall,f1,mcc,tn,fp,fn,tp,roc_auc,average_precision,pr_auc
linear_svm_balanced_ratio_preserved_noise_mcc_selected_v1,linear_svm_class_weight_balanced,linear_svm,C,60/40,1,clean,validation_grid,60/40,valid,0.100000,False,1698,48,4.243047,48,19,29,0.791667,0.791289,0.714286,0.789474,0.750000,0.574299,23,6,4,15,0.871143,0.839905,0.839905
linear_svm_balanced_ratio_preserved_noise_mcc_selected_v1,linear_svm_class_weight_balanced,linear_svm,C,60/40,1,clean,validation_grid,60/40,valid,1.000000,True,1698,48,4.350634,48,19,29,0.833333,0.843920,0.739130,0.894737,0.809524,0.673332,23,6,2,17,0.860254,0.815132,0.815132
linear_svm_balanced_ratio_preserved_noise_mcc_selected_v1,linear_svm_class_weight_balanced,linear_svm,C,60/40,1,clean,validation_grid,60/40,valid,10.000000,False,1698,48,4.918960,48,19,29,0.770833,0.774047,0.681818,0.789474,0.731707,0.537939,22,7,4,15,0.863884,0.825330,0.825330
linear_svm_balanced_ratio_preserved_noise_mcc_selected_v1,linear_svm_class_weight_balanced,linear_svm,C,60/40,1,clean,test,50/50,test,1.000000,True,1698,48,4.984507,42,21,21,0.809524,0.809524,0.882353,0.714286,0.789474,0.630593,19,2,6,15,0.904762,0.924253,0.924253
linear_svm_balanced_ratio_preserved_noise_mcc_selected_v1,linear_svm_class_weight_balanced,linear_svm,C,60/40,1,clean,test,60/40,test,1.000000,True,1698,48,5.060549,53,21,32,0.754717,0.747768,0.681818,0.714286,0.697674,0.491889,25,7,6,15,0.852679,0.812137,0.812137
linear_svm_balanced_ratio_preserved_noise_mcc_selected_v1,linear_svm_class_weight_balanced,linear_svm,C,60/40,1,clean,test,70/30,test,1.000000,True,1698,48,5.136395,70,21,49,0.814286,0.785714,0.681818,0.714286,0.697674,0.564076,42,7,6,15,0.887269,0.849597,0.849597
linear_svm_balanced_ratio_preserved_noise_mcc_selected_v1,linear_svm_class_weight_balanced,linear_svm,C,60/40,1,clean,test,75/25,test,1.000000,True,1698,48,5.223652,84,21,63,0.857143,0.809524,0.714286,0.714286,0.714286,0.619048,57,6,6,15,0.897959,0.832902,0.832902
linear_svm_balanced_ratio_preserved_noise_mcc_selected_v1,linear_svm_class_weight_balanced,linear_svm,C,60/40,1,clean,test,80/20,test,1.000000,True,1698,48,5.334929,105,21,84,0.800000,0.767857,0.500000,0.714286,0.588235,0.474342,69,15,6,15,0.852608,0.701400,0.701400
linear_svm_balanced_ratio_preserved_noise_mcc_selected_v1,linear_svm_class_weight_balanced,linear_svm,C,60/40,1,clean,test,90/10,test,1.000000,True,1698,48,5.542209,210,21,189,0.780952,0.751323,0.272727,0.714286,0.394737,0.342969,149,40,6,15,0.854875,0.547398,0.547398
linear_svm_balanced_ratio_preserved_noise_mcc_selected_v1,linear_svm_class_weight_balanced,linear_svm,C,60/40,1,random_flip_10,validation_grid,60/40,valid,0.100000,True,1698,48,4.162909,48,19,29,0.791667,0.782214,0.736842,0.736842,0.736842,0.564428,24,5,5,14,0.820327,0.799577,0.799577
linear_svm_balanced_ratio_preserved_noise_mcc_selected_v1,linear_svm_class_weight_balanced,linear_svm,C,60/40,1,random_flip_10,validation_grid,60/40,valid,1.000000,False,1698,48,4.287630,48,19,29,0.729167,0.712341,0.666667,0.631579,0.648649,0.428986,23,6,7,12,0.774955,0.730069,0.730069
linear_svm_balanced_ratio_preserved_noise_mcc_selected_v1,linear_svm_class_weight_balanced,linear_svm,C,60/40,1,random_flip_10,validation_grid,60/40,valid,10.000000,False,1698,48,5.016577,48,19,29,0.708333,0.686025,0.647059,0.578947,0.611111,0.380428,23,6,8,11,0.742287,0.645386,0.645386
linear_svm_balanced_ratio_preserved_noise_mcc_selected_v1,linear_svm_class_weight_balanced,linear_svm,C,60/40,1,random_flip_10,test,50/50,test,0.100000,True,1698,48,5.090644,42,21,21,0.833333,0.833333,0.818182,0.857143,0.837209,0.667424,17,4,3,18,0.875283,0.903464,0.903464
linear_svm_balanced_ratio_preserved_noise_mcc_selected_v1,linear_svm_class_weight_balanced,linear_svm,C,60/40,1,random_flip_10,test,60/40,test,0.100000,True,1698,48,5.165806,53,21,32,0.792453,0.803571,0.692308,0.857143,0.765957,0.594028,24,8,3,18,0.845238,0.835877,0.835877
linear_svm_balanced_ratio_preserved_noise_mcc_selected_v1,linear_svm_class_weight_balanced,linear_svm,C,60/40,1,random_flip_10,test,70/30,test,0.100000,True,1698,48,5.241411,70,21,49,0.857143,0.857143,0.720000,0.857143,0.782609,0.683130,42,7,3,18,0.884354,0.834678,0.834678
linear_svm_balanced_ratio_preserved_noise_mcc_selected_v1,linear_svm_class_weight_balanced,linear_svm,C,60/40,1,random_flip_10,test,75/25,test,0.100000,True,1698,48,5.323948,84,21,63,0.845238,0.849206,0.642857,0.857143,0.734694,0.641533,53,10,3,18,0.896447,0.834764,0.834764
linear_svm_balanced_ratio_preserved_noise_mcc_selected_v1,linear_svm_class_weight_balanced,linear_svm,C,60/40,1,random_flip_10,test,80/20,test,0.100000,True,1698,48,5.431507,105,21,84,0.800000,0.821429,0.500000,0.857143,0.631579,0.541736,66,18,3,18,0.846372,0.666881,0.666881
linear_svm_balanced_ratio_preserved_noise_mcc_selected_v1,linear_svm_class_weight_balanced,linear_svm,C,60/40,1,random_flip_10,test,90/10,test,0.100000,True,1698,48,5.626133,210,21,189,0.785714,0.817460,0.300000,0.857143,0.444444,0.421637,147,42,3,18,0.854119,0.538139,0.538139
linear_svm_balanced_ratio_preserved_noise_mcc_selected_v1,linear_svm_class_weight_balanced,linear_svm,C,60/40,1,random_flip_20,validation_grid,60/40,valid,0.100000,True,1698,48,4.070236,48,19,29,0.729167,0.721416,0.650000,0.684211,0.666667,0.439258,22,7,6,13,0.764065,0.746364,0.746364
linear_svm_balanced_ratio_preserved_noise_mcc_selected_v1,linear_svm_class_weight_balanced,linear_svm,C,60/40,1,random_flip_20,validation_grid,60/40,valid,1.000000,False,1698,48,4.195483,48,19,29,0.666667,0.660617,0.571429,0.631579,0.600000,0.316669,20,9,7,12,0.684211,0.669144,0.669144
linear_svm_balanced_ratio_preserved_noise_mcc_selected_v1,linear_svm_class_weight_balanced,linear_svm,C,60/40,1,random_flip_20,validation_grid,60/40,valid,10.000000,False,1698,48,4.986501,48,19,29,0.604167,0.599819,0.500000,0.578947,0.536585,0.195938,18,11,8,11,0.637024,0.616228,0.616228
linear_svm_balanced_ratio_preserved_noise_mcc_selected_v1,linear_svm_class_weight_balanced,linear_svm,C,60/40,1,random_flip_20,test,50/50,test,0.100000,True,1698,48,5.053144,42,21,21,0.785714,0.785714,0.750000,0.857143,0.800000,0.577350,15,6,3,18,0.868481,0.880683,0.880683
linear_svm_balanced_ratio_preserved_noise_mcc_selected_v1,linear_svm_class_weight_balanced,linear_svm,C,60/40,1,random_flip_20,test,60/40,test,0.100000,True,1698,48,5.130395,53,21,32,0.811321,0.819196,0.720000,0.857143,0.782609,0.625495,25,7,3,18,0.872024,0.820467,0.820467
linear_svm_balanced_ratio_preserved_noise_mcc_selected_v1,linear_svm_class_weight_balanced,linear_svm,C,60/40,1,random_flip_20,test,70/30,test,0.100000,True,1698,48,5.203282,70,21,49,0.814286,0.826531,0.642857,0.857143,0.734694,0.610883,39,10,3,18,0.900875,0.851526,0.851526
linear_svm_balanced_ratio_preserved_noise_mcc_selected_v1,linear_svm_class_weight_balanced,linear_svm,C,60/40,1,random_flip_20,test,75/25,test,0.100000,True,1698,48,5.288163,84,21,63,0.869048,0.865079,0.692308,0.857143,0.765957,0.683906,55,8,3,18,0.925926,0.877820,0.877820
linear_svm_balanced_ratio_preserved_noise_mcc_selected_v1,linear_svm_class_weight_balanced,linear_svm,C,60/40,1,random_flip_20,test,80/20,test,0.100000,True,1698,48,5.399229,105,21,84,0.780952,0.809524,0.473684,0.857143,0.610169,0.515281,64,20,3,18,0.869615,0.664925,0.664925
linear_svm_balanced_ratio_preserved_noise_mcc_selected_v1,linear_svm_class_weight_balanced,linear_svm,C,60/40,1,random_flip_20,test,90/10,test,0.100000,True,1698,48,5.601424,210,21,189,0.776190,0.812169,0.290323,0.857143,0.433735,0.410614,145,44,3,18,0.864953,0.484201,0.484201
linear_svm_balanced_ratio_preserved_noise_mcc_selected_v1,linear_svm_class_weight_balanced,linear_svm,C,60/40,1,random_fp_10,validation_grid,60/40,valid,0.100000,True,2124,48,4.680788,48,19,29,0.833333,0.834846,0.761905,0.842105,0.800000,0.660175,24,5,3,16,0.874773,0.850908,0.850908
linear_svm_balanced_ratio_preserved_noise_mcc_selected_v1,linear_svm_class_weight_balanced,linear_svm,C,60/40,1,random_fp_10,validation_grid,60/40,valid,1.000000,False,2124,48,4.816660,48,19,29,0.791667,0.773140,0.764706,0.684211,0.722222,0.558580,25,4,6,13,0.840290,0.811675,0.811675
linear_svm_balanced_ratio_preserved_noise_mcc_selected_v1,linear_svm_class_weight_balanced,linear_svm,C,60/40,1,random_fp_10,validation_grid,60/40,valid,10.000000,False,2124,48,5.574688,48,19,29,0.750000,0.729583,0.705882,0.631579,0.666667,0.469504,24,5,7,12,0.764065,0.733967,0.733967
linear_svm_balanced_ratio_preserved_noise_mcc_selected_v1,linear_svm_class_weight_balanced,linear_svm,C,60/40,1,random_fp_10,test,50/50,test,0.100000,True,2124,48,5.640019,42,21,21,0.785714,0.785714,0.800000,0.761905,0.780488,0.572078,17,4,5,16,0.829932,0.862445,0.862445
linear_svm_balanced_ratio_preserved_noise_mcc_selected_v1,linear_svm_class_weight_balanced,linear_svm,C,60/40,1,random_fp_10,test,60/40,test,0.100000,True,2124,48,5.714150,53,21,32,0.811321,0.802827,0.761905,0.761905,0.761905,0.605655,27,5,5,16,0.855655,0.855802,0.855802
linear_svm_balanced_ratio_preserved_noise_mcc_selected_v1,linear_svm_class_weight_balanced,linear_svm,C,60/40,1,random_fp_10,test,70/30,test,0.100000,True,2124,48,5.788956,70,21,49,0.871429,0.840136,0.800000,0.761905,0.780488,0.690066,45,4,5,16,0.877551,0.855973,0.855973
linear_svm_balanced_ratio_preserved_noise_mcc_selected_v1,linear_svm_class_weight_balanced,linear_svm,C,60/40,1,random_fp_10,test,75/25,test,0.100000,True,2124,48,5.873238,84,21,63,0.845238,0.817460,0.666667,0.761905,0.711111,0.608581,55,8,5,16,0.890401,0.842229,0.842229
linear_svm_balanced_ratio_preserved_noise_mcc_selected_v1,linear_svm_class_weight_balanced,linear_svm,C,60/40,1,random_fp_10,test,80/20,test,0.100000,True,2124,48,5.976677,105,21,84,0.771429,0.767857,0.457143,0.761905,0.571429,0.454569,65,19,5,16,0.832766,0.649294,0.649294
linear_svm_balanced_ratio_preserved_noise_mcc_selected_v1,linear_svm_class_weight_balanced,linear_svm,C,60/40,1,random_fp_10,test,90/10,test,0.100000,True,2124,48,6.167719,210,21,189,0.733333,0.746032,0.238806,0.761905,0.363636,0.316706,138,51,5,16,0.843285,0.498469,0.498469
linear_svm_balanced_ratio_preserved_noise_mcc_selected_v1,linear_svm_class_weight_balanced,linear_svm,C,60/40,1,random_fp_20,validation_grid,60/40,valid,0.100000,True,2549,48,5.220505,48,19,29,0.791667,0.791289,0.714286,0.789474,0.750000,0.574299,23,6,4,15,0.852995,0.785993,0.785993
linear_svm_balanced_ratio_preserved_noise_mcc_selected_v1,linear_svm_class_weight_balanced,linear_svm,C,60/40,1,random_fp_20,validation_grid,60/40,valid,1.000000,False,2549,48,5.383893,48,19,29,0.729167,0.712341,0.666667,0.631579,0.648649,0.428986,23,6,7,12,0.814882,0.694634,0.694634
linear_svm_balanced_ratio_preserved_noise_mcc_selected_v1,linear_svm_class_weight_balanced,linear_svm,C,60/40,1,random_fp_20,validation_grid,60/40,valid,10.000000,False,2549,48,6.327655,48,19,29,0.729167,0.712341,0.666667,0.631579,0.648649,0.428986,23,6,7,12,0.782214,0.671024,0.671024
linear_svm_balanced_ratio_preserved_noise_mcc_selected_v1,linear_svm_class_weight_balanced,linear_svm,C,60/40,1,random_fp_20,test,50/50,test,0.100000,True,2549,48,6.394021,42,21,21,0.761905,0.761905,0.720000,0.857143,0.782609,0.533578,14,7,3,18,0.857143,0.868988,0.868988
linear_svm_balanced_ratio_preserved_noise_mcc_selected_v1,linear_svm_class_weight_balanced,linear_svm,C,60/40,1,random_fp_20,test,60/40,test,0.100000,True,2549,48,6.469126,53,21,32,0.773585,0.787946,0.666667,0.857143,0.750000,0.563453,23,9,3,18,0.828869,0.722530,0.722530
linear_svm_balanced_ratio_preserved_noise_mcc_selected_v1,linear_svm_class_weight_balanced,linear_svm,C,60/40,1,random_fp_20,test,70/30,test,0.100000,True,2549,48,6.552680,70,21,49,0.800000,0.816327,0.620690,0.857143,0.720000,0.588549,38,11,3,18,0.906706,0.842898,0.842898
linear_svm_balanced_ratio_preserved_noise_mcc_selected_v1,linear_svm_class_weight_balanced,linear_svm,C,60/40,1,random_fp_20,test,75/25,test,0.100000,True,2549,48,6.637714,84,21,63,0.857143,0.857143,0.666667,0.857143,0.750000,0.662266,54,9,3,18,0.905518,0.807691,0.807691
linear_svm_balanced_ratio_preserved_noise_mcc_selected_v1,linear_svm_class_weight_balanced,linear_svm,C,60/40,1,random_fp_20,test,80/20,test,0.100000,True,2549,48,6.739307,105,21,84,0.780952,0.809524,0.473684,0.857143,0.610169,0.515281,64,20,3,18,0.864512,0.645187,0.645187
linear_svm_balanced_ratio_preserved_noise_mcc_selected_v1,linear_svm_class_weight_balanced,linear_svm,C,60/40,1,random_fp_20,test,90/10,test,0.100000,True,2549,48,6.928907,210,21,189,0.738095,0.791005,0.257143,0.857143,0.395604,0.370389,137,52,3,18,0.864953,0.418611,0.418611
linear_svm_balanced_ratio_preserved_noise_mcc_selected_v1,linear_svm_class_weight_balanced,linear_svm,C,60/40,1,heuristic_fp_10,validation_grid,60/40,valid,0.100000,True,2124,48,4.616899,48,19,29,0.833333,0.834846,0.761905,0.842105,0.800000,0.660175,24,5,3,16,0.871143,0.796423,0.796423
linear_svm_balanced_ratio_preserved_noise_mcc_selected_v1,linear_svm_class_weight_balanced,linear_svm,C,60/40,1,heuristic_fp_10,validation_grid,60/40,valid,1.000000,False,2124,48,4.738209,48,19,29,0.833333,0.834846,0.761905,0.842105,0.800000,0.660175,24,5,3,16,0.872958,0.776740,0.776740
linear_svm_balanced_ratio_preserved_noise_mcc_selected_v1,linear_svm_class_weight_balanced,linear_svm,C,60/40,1,heuristic_fp_10,validation_grid,60/40,valid,10.000000,False,2124,48,5.404880,48,19,29,0.812500,0.817604,0.727273,0.842105,0.780488,0.623439,23,6,3,16,0.863884,0.742134,0.742134
linear_svm_balanced_ratio_preserved_noise_mcc_selected_v1,linear_svm_class_weight_balanced,linear_svm,C,60/40,1,heuristic_fp_10,test,50/50,test,0.100000,True,2124,48,5.472971,42,21,21,0.857143,0.857143,0.857143,0.857143,0.857143,0.714286,18,3,3,18,0.907029,0.920118,0.920118
linear_svm_balanced_ratio_preserved_noise_mcc_selected_v1,linear_svm_class_weight_balanced,linear_svm,C,60/40,1,heuristic_fp_10,test,60/40,test,0.100000,True,2124,48,5.545534,53,21,32,0.811321,0.819196,0.720000,0.857143,0.782609,0.625495,25,7,3,18,0.900298,0.879755,0.879755
linear_svm_balanced_ratio_preserved_noise_mcc_selected_v1,linear_svm_class_weight_balanced,linear_svm,C,60/40,1,heuristic_fp_10,test,70/30,test,0.100000,True,2124,48,5.618581,70,21,49,0.871429,0.867347,0.750000,0.857143,0.800000,0.709299,43,6,3,18,0.930029,0.897315,0.897315
linear_svm_balanced_ratio_preserved_noise_mcc_selected_v1,linear_svm_class_weight_balanced,linear_svm,C,60/40,1,heuristic_fp_10,test,75/25,test,0.100000,True,2124,48,5.697187,84,21,63,0.869048,0.865079,0.692308,0.857143,0.765957,0.683906,55,8,3,18,0.946334,0.910833,0.910833
linear_svm_balanced_ratio_preserved_noise_mcc_selected_v1,linear_svm_class_weight_balanced,linear_svm,C,60/40,1,heuristic_fp_10,test,80/20,test,0.100000,True,2124,48,5.799857,105,21,84,0.790476,0.815476,0.486486,0.857143,0.620690,0.528312,65,19,3,18,0.875850,0.608767,0.608767
linear_svm_balanced_ratio_preserved_noise_mcc_selected_v1,linear_svm_class_weight_balanced,linear_svm,C,60/40,1,heuristic_fp_10,test,90/10,test,0.100000,True,2124,48,5.990697,210,21,189,0.761905,0.804233,0.276923,0.857143,0.418605,0.394853,142,47,3,18,0.886621,0.473734,0.473734
linear_svm_balanced_ratio_preserved_noise_mcc_selected_v1,linear_svm_class_weight_balanced,linear_svm,C,60/40,1,heuristic_fp_20,validation_grid,60/40,valid,0.100000,False,2549,48,5.118847,48,19,29,0.791667,0.791289,0.714286,0.789474,0.750000,0.574299,23,6,4,15,0.863884,0.837373,0.837373
linear_svm_balanced_ratio_preserved_noise_mcc_selected_v1,linear_svm_class_weight_balanced,linear_svm,C,60/40,1,heuristic_fp_20,validation_grid,60/40,valid,1.000000,False,2549,48,5.256494,48,19,29,0.812500,0.826679,0.708333,0.894737,0.790698,0.639021,22,7,2,17,0.858439,0.830685,0.830685
linear_svm_balanced_ratio_preserved_noise_mcc_selected_v1,linear_svm_class_weight_balanced,linear_svm,C,60/40,1,heuristic_fp_20,validation_grid,60/40,valid,10.000000,True,2549,48,6.066176,48,19,29,0.833333,0.843920,0.739130,0.894737,0.809524,0.673332,23,6,2,17,0.849365,0.766204,0.766204
linear_svm_balanced_ratio_preserved_noise_mcc_selected_v1,linear_svm_class_weight_balanced,linear_svm,C,60/40,1,heuristic_fp_20,test,50/50,test,10.000000,True,2549,48,6.133521,42,21,21,0.761905,0.761905,0.739130,0.809524,0.772727,0.526201,15,6,4,17,0.854875,0.863687,0.863687
linear_svm_balanced_ratio_preserved_noise_mcc_selected_v1,linear_svm_class_weight_balanced,linear_svm,C,60/40,1,heuristic_fp_20,test,60/40,test,10.000000,True,2549,48,6.210899,53,21,32,0.754717,0.764137,0.653846,0.809524,0.723404,0.516863,23,9,4,17,0.822917,0.738374,0.738374
linear_svm_balanced_ratio_preserved_noise_mcc_selected_v1,linear_svm_class_weight_balanced,linear_svm,C,60/40,1,heuristic_fp_20,test,70/30,test,10.000000,True,2549,48,6.310061,70,21,49,0.785714,0.792517,0.607143,0.809524,0.693878,0.547249,38,11,4,17,0.868805,0.779650,0.779650
linear_svm_balanced_ratio_preserved_noise_mcc_selected_v1,linear_svm_class_weight_balanced,linear_svm,C,60/40,1,heuristic_fp_20,test,75/25,test,10.000000,True,2549,48,6.398651,84,21,63,0.821429,0.817460,0.607143,0.809524,0.693878,0.583212,52,11,4,17,0.871504,0.654153,0.654153
linear_svm_balanced_ratio_preserved_noise_mcc_selected_v1,linear_svm_class_weight_balanced,linear_svm,C,60/40,1,heuristic_fp_20,test,80/20,test,10.000000,True,2549,48,6.507207,105,21,84,0.723810,0.755952,0.404762,0.809524,0.539683,0.417968,59,25,4,17,0.820862,0.503136,0.503136
linear_svm_balanced_ratio_preserved_noise_mcc_selected_v1,linear_svm_class_weight_balanced,linear_svm,C,60/40,1,heuristic_fp_20,test,90/10,test,10.000000,True,2549,48,6.705876,210,21,189,0.719048,0.759259,0.236111,0.809524,0.365591,0.327717,134,55,4,17,0.843285,0.495760,0.495760
linear_svm_balanced_ratio_preserved_noise_mcc_selected_v1,linear_svm_class_weight_balanced,linear_svm,C,60/40,2,clean,validation_grid,60/40,valid,0.100000,True,1698,48,4.240050,48,19,29,0.833333,0.834846,0.761905,0.842105,0.800000,0.660175,24,5,3,16,0.867514,0.832796,0.832796
linear_svm_balanced_ratio_preserved_noise_mcc_selected_v1,linear_svm_class_weight_balanced,linear_svm,C,60/40,2,clean,validation_grid,60/40,valid,1.000000,False,1698,48,4.358175,48,19,29,0.833333,0.834846,0.761905,0.842105,0.800000,0.660175,24,5,3,16,0.889292,0.839171,0.839171
linear_svm_balanced_ratio_preserved_noise_mcc_selected_v1,linear_svm_class_weight_balanced,linear_svm,C,60/40,2,clean,validation_grid,60/40,valid,10.000000,False,1698,48,5.086805,48,19,29,0.833333,0.834846,0.761905,0.842105,0.800000,0.660175,24,5,3,16,0.911071,0.866624,0.866624
linear_svm_balanced_ratio_preserved_noise_mcc_selected_v1,linear_svm_class_weight_balanced,linear_svm,C,60/40,2,clean,test,50/50,test,0.100000,True,1698,48,5.185816,42,21,21,0.785714,0.785714,0.800000,0.761905,0.780488,0.572078,17,4,5,16,0.859410,0.864133,0.864133
linear_svm_balanced_ratio_preserved_noise_mcc_selected_v1,linear_svm_class_weight_balanced,linear_svm,C,60/40,2,clean,test,60/40,test,0.100000,True,1698,48,5.269906,53,21,32,0.792453,0.787202,0.727273,0.761905,0.744186,0.570178,26,6,5,16,0.882440,0.883193,0.883193
linear_svm_balanced_ratio_preserved_noise_mcc_selected_v1,linear_svm_class_weight_balanced,linear_svm,C,60/40,2,clean,test,70/30,test,0.100000,True,1698,48,5.411010,70,21,49,0.771429,0.768707,0.592593,0.761905,0.666667,0.505943,38,11,5,16,0.827017,0.590263,0.590263
linear_svm_balanced_ratio_preserved_noise_mcc_selected_v1,linear_svm_class_weight_balanced,linear_svm,C,60/40,2,clean,test,75/25,test,0.100000,True,1698,48,5.559984,84,21,63,0.738095,0.746032,0.484848,0.761905,0.592593,0.436274,46,17,5,16,0.842782,0.625943,0.625943
linear_svm_balanced_ratio_preserved_noise_mcc_selected_v1,linear_svm_class_weight_balanced,linear_svm,C,60/40,2,clean,test,80/20,test,0.100000,True,1698,48,5.721925,105,21,84,0.790476,0.779762,0.484848,0.761905,0.592593,0.482108,67,17,5,16,0.873016,0.673454,0.673454
linear_svm_balanced_ratio_preserved_noise_mcc_selected_v1,linear_svm_class_weight_balanced,linear_svm,C,60/40,2,clean,test,90/10,test,0.100000,True,1698,48,5.933820,210,21,189,0.785714,0.775132,0.285714,0.761905,0.415584,0.373300,149,40,5,16,0.870748,0.409249,0.409249
linear_svm_balanced_ratio_preserved_noise_mcc_selected_v1,linear_svm_class_weight_balanced,linear_svm,C,60/40,2,random_flip_10,validation_grid,60/40,valid,0.100000,True,1698,48,4.561399,48,19,29,0.812500,0.817604,0.727273,0.842105,0.780488,0.623439,23,6,3,16,0.854809,0.809781,0.809781
linear_svm_balanced_ratio_preserved_noise_mcc_selected_v1,linear_svm_class_weight_balanced,linear_svm,C,60/40,2,random_flip_10,validation_grid,60/40,valid,1.000000,False,1698,48,4.694846,48,19,29,0.791667,0.791289,0.714286,0.789474,0.750000,0.574299,23,6,4,15,0.843920,0.803226,0.803226
linear_svm_balanced_ratio_preserved_noise_mcc_selected_v1,linear_svm_class_weight_balanced,linear_svm,C,60/40,2,random_flip_10,validation_grid,60/40,valid,10.000000,False,1698,48,5.473004,48,19,29,0.750000,0.747731,0.666667,0.736842,0.700000,0.488422,22,7,5,14,0.813067,0.744777,0.744777
linear_svm_balanced_ratio_preserved_noise_mcc_selected_v1,linear_svm_class_weight_balanced,linear_svm,C,60/40,2,random_flip_10,test,50/50,test,0.100000,True,1698,48,5.580908,42,21,21,0.785714,0.785714,0.772727,0.809524,0.790698,0.572078,16,5,4,17,0.839002,0.845537,0.845537
linear_svm_balanced_ratio_preserved_noise_mcc_selected_v1,linear_svm_class_weight_balanced,linear_svm,C,60/40,2,random_flip_10,test,60/40,test,0.100000,True,1698,48,5.671027,53,21,32,0.811321,0.811012,0.739130,0.809524,0.772727,0.613857,26,6,4,17,0.876488,0.860086,0.860086
linear_svm_balanced_ratio_preserved_noise_mcc_selected_v1,linear_svm_class_weight_balanced,linear_svm,C,60/40,2,random_flip_10,test,70/30,test,0.100000,True,1698,48,5.789672,70,21,49,0.771429,0.782313,0.586207,0.809524,0.680000,0.525264,37,12,4,17,0.810496,0.572698,0.572698
linear_svm_balanced_ratio_preserved_noise_mcc_selected_v1,linear_svm_class_weight_balanced,linear_svm,C,60/40,2,random_flip_10,test,75/25,test,0.100000,True,1698,48,5.911250,84,21,63,0.761905,0.777778,0.515152,0.809524,0.629630,0.492567,47,16,4,17,0.806500,0.536126,0.536126
linear_svm_balanced_ratio_preserved_noise_mcc_selected_v1,linear_svm_class_weight_balanced,linear_svm,C,60/40,2,random_flip_10,test,80/20,test,0.100000,True,1698,48,6.015004,105,21,84,0.790476,0.797619,0.485714,0.809524,0.607143,0.505076,66,18,4,17,0.854308,0.613579,0.613579
linear_svm_balanced_ratio_preserved_noise_mcc_selected_v1,linear_svm_class_weight_balanced,linear_svm,C,60/40,2,random_flip_10,test,90/10,test,0.100000,True,1698,48,6.193587,210,21,189,0.804762,0.806878,0.314815,0.809524,0.453333,0.421287,152,37,4,17,0.859158,0.383270,0.383270
linear_svm_balanced_ratio_preserved_noise_mcc_selected_v1,linear_svm_class_weight_balanced,linear_svm,C,60/40,2,random_flip_20,validation_grid,60/40,valid,0.100000,True,1698,48,4.405503,48,19,29,0.729167,0.721416,0.650000,0.684211,0.666667,0.439258,22,7,6,13,0.787659,0.721032,0.721032
linear_svm_balanced_ratio_preserved_noise_mcc_selected_v1,linear_svm_class_weight_balanced,linear_svm,C,60/40,2,random_flip_20,validation_grid,60/40,valid,1.000000,False,1698,48,4.534612,48,19,29,0.625000,0.607985,0.526316,0.526316,0.526316,0.215971,20,9,9,10,0.711434,0.638777,0.638777
linear_svm_balanced_ratio_preserved_noise_mcc_selected_v1,linear_svm_class_weight_balanced,linear_svm,C,60/40,2,random_flip_20,validation_grid,60/40,valid,10.000000,False,1698,48,5.528677,48,19,29,0.583333,0.573503,0.476190,0.526316,0.500000,0.144916,18,11,9,10,0.695100,0.604752,0.604752
linear_svm_balanced_ratio_preserved_noise_mcc_selected_v1,linear_svm_class_weight_balanced,linear_svm,C,60/40,2,random_flip_20,test,50/50,test,0.100000,True,1698,48,5.616353,42,21,21,0.785714,0.785714,0.800000,0.761905,0.780488,0.572078,17,4,5,16,0.800454,0.825596,0.825596
linear_svm_balanced_ratio_preserved_noise_mcc_selected_v1,linear_svm_class_weight_balanced,linear_svm,C,60/40,2,random_flip_20,test,60/40,test,0.100000,True,1698,48,5.691103,53,21,32,0.735849,0.740327,0.640000,0.761905,0.695652,0.470944,23,9,5,16,0.809524,0.811276,0.811276
linear_svm_balanced_ratio_preserved_noise_mcc_selected_v1,linear_svm_class_weight_balanced,linear_svm,C,60/40,2,random_flip_20,test,70/30,test,0.100000,True,1698,48,5.804900,70,21,49,0.800000,0.789116,0.640000,0.761905,0.695652,0.553010,40,9,5,16,0.779397,0.593459,0.593459
linear_svm_balanced_ratio_preserved_noise_mcc_selected_v1,linear_svm_class_weight_balanced,linear_svm,C,60/40,2,random_flip_20,test,75/25,test,0.100000,True,1698,48,5.899940,84,21,63,0.690476,0.714286,0.432432,0.761905,0.551724,0.373812,42,21,5,16,0.776266,0.609544,0.609544
linear_svm_balanced_ratio_preserved_noise_mcc_selected_v1,linear_svm_class_weight_balanced,linear_svm,C,60/40,2,random_flip_20,test,80/20,test,0.100000,True,1698,48,5.995730,105,21,84,0.771429,0.767857,0.457143,0.761905,0.571429,0.454569,65,19,5,16,0.815193,0.667736,0.667736
linear_svm_balanced_ratio_preserved_noise_mcc_selected_v1,linear_svm_class_weight_balanced,linear_svm,C,60/40,2,random_flip_20,test,90/10,test,0.100000,True,1698,48,6.169728,210,21,189,0.776190,0.769841,0.275862,0.761905,0.405063,0.362112,147,42,5,16,0.805745,0.420545,0.420545
linear_svm_balanced_ratio_preserved_noise_mcc_selected_v1,linear_svm_class_weight_balanced,linear_svm,C,60/40,2,random_fp_10,validation_grid,60/40,valid,0.100000,True,2124,48,4.988647,48,19,29,0.770833,0.774047,0.681818,0.789474,0.731707,0.537939,22,7,4,15,0.869328,0.812069,0.812069
linear_svm_balanced_ratio_preserved_noise_mcc_selected_v1,linear_svm_class_weight_balanced,linear_svm,C,60/40,2,random_fp_10,validation_grid,60/40,valid,1.000000,False,2124,48,5.134999,48,19,29,0.729167,0.730490,0.636364,0.736842,0.682927,0.452439,21,8,5,14,0.856624,0.805592,0.805592
linear_svm_balanced_ratio_preserved_noise_mcc_selected_v1,linear_svm_class_weight_balanced,linear_svm,C,60/40,2,random_fp_10,validation_grid,60/40,valid,10.000000,False,2124,48,5.935660,48,19,29,0.770833,0.774047,0.681818,0.789474,0.731707,0.537939,22,7,4,15,0.858439,0.797898,0.797898
linear_svm_balanced_ratio_preserved_noise_mcc_selected_v1,linear_svm_class_weight_balanced,linear_svm,C,60/40,2,random_fp_10,test,50/50,test,0.100000,True,2124,48,6.027709,42,21,21,0.785714,0.785714,0.772727,0.809524,0.790698,0.572078,16,5,4,17,0.843537,0.883132,0.883132
linear_svm_balanced_ratio_preserved_noise_mcc_selected_v1,linear_svm_class_weight_balanced,linear_svm,C,60/40,2,random_fp_10,test,60/40,test,0.100000,True,2124,48,6.101240,53,21,32,0.867925,0.857887,0.850000,0.809524,0.829268,0.722252,29,3,4,17,0.886905,0.897310,0.897310
linear_svm_balanced_ratio_preserved_noise_mcc_selected_v1,linear_svm_class_weight_balanced,linear_svm,C,60/40,2,random_fp_10,test,70/30,test,0.100000,True,2124,48,6.229626,70,21,49,0.771429,0.782313,0.586207,0.809524,0.680000,0.525264,37,12,4,17,0.822157,0.586739,0.586739
linear_svm_balanced_ratio_preserved_noise_mcc_selected_v1,linear_svm_class_weight_balanced,linear_svm,C,60/40,2,random_fp_10,test,75/25,test,0.100000,True,2124,48,6.338685,84,21,63,0.714286,0.746032,0.459459,0.809524,0.586207,0.429192,43,20,4,17,0.823885,0.618655,0.618655
linear_svm_balanced_ratio_preserved_noise_mcc_selected_v1,linear_svm_class_weight_balanced,linear_svm,C,60/40,2,random_fp_10,test,80/20,test,0.100000,True,2124,48,6.457541,105,21,84,0.800000,0.803571,0.500000,0.809524,0.618182,0.519005,67,17,4,17,0.870748,0.720150,0.720150
linear_svm_balanced_ratio_preserved_noise_mcc_selected_v1,linear_svm_class_weight_balanced,linear_svm,C,60/40,2,random_fp_10,test,90/10,test,0.100000,True,2124,48,6.640134,210,21,189,0.785714,0.796296,0.293103,0.809524,0.430380,0.397613,148,41,4,17,0.857647,0.481151,0.481151
linear_svm_balanced_ratio_preserved_noise_mcc_selected_v1,linear_svm_class_weight_balanced,linear_svm,C,60/40,2,random_fp_20,validation_grid,60/40,valid,0.100000,True,2549,48,5.330419,48,19,29,0.770833,0.792196,0.653846,0.894737,0.755556,0.573564,20,9,2,17,0.874773,0.838064,0.838064
linear_svm_balanced_ratio_preserved_noise_mcc_selected_v1,linear_svm_class_weight_balanced,linear_svm,C,60/40,2,random_fp_20,validation_grid,60/40,valid,1.000000,False,2549,48,5.499468,48,19,29,0.770833,0.783122,0.666667,0.842105,0.744186,0.553819,21,8,3,16,0.836661,0.788685,0.788685
linear_svm_balanced_ratio_preserved_noise_mcc_selected_v1,linear_svm_class_weight_balanced,linear_svm,C,60/40,2,random_fp_20,validation_grid,60/40,valid,10.000000,False,2549,48,6.429800,48,19,29,0.729167,0.739564,0.625000,0.789474,0.697674,0.468616,20,9,4,15,0.793103,0.699803,0.699803
linear_svm_balanced_ratio_preserved_noise_mcc_selected_v1,linear_svm_class_weight_balanced,linear_svm,C,60/40,2,random_fp_20,test,50/50,test,0.100000,True,2549,48,6.511191,42,21,21,0.809524,0.809524,0.782609,0.857143,0.818182,0.621874,16,5,3,18,0.832200,0.836612,0.836612
linear_svm_balanced_ratio_preserved_noise_mcc_selected_v1,linear_svm_class_weight_balanced,linear_svm,C,60/40,2,random_fp_20,test,60/40,test,0.100000,True,2549,48,6.584271,53,21,32,0.830189,0.834821,0.750000,0.857143,0.800000,0.657996,26,6,3,18,0.867560,0.850909,0.850909
linear_svm_balanced_ratio_preserved_noise_mcc_selected_v1,linear_svm_class_weight_balanced,linear_svm,C,60/40,2,random_fp_20,test,70/30,test,0.100000,True,2549,48,6.690449,70,21,49,0.785714,0.806122,0.600000,0.857143,0.705882,0.566947,37,12,3,18,0.831876,0.653680,0.653680
linear_svm_balanced_ratio_preserved_noise_mcc_selected_v1,linear_svm_class_weight_balanced,linear_svm,C,60/40,2,random_fp_20,test,75/25,test,0.100000,True,2549,48,6.782738,84,21,63,0.690476,0.746032,0.439024,0.857143,0.580645,0.426260,40,23,3,18,0.810280,0.634196,0.634196
linear_svm_balanced_ratio_preserved_noise_mcc_selected_v1,linear_svm_class_weight_balanced,linear_svm,C,60/40,2,random_fp_20,test,80/20,test,0.100000,True,2549,48,6.877609,105,21,84,0.752381,0.791667,0.439024,0.857143,0.580645,0.478282,61,23,3,18,0.854308,0.654098,0.654098
linear_svm_balanced_ratio_preserved_noise_mcc_selected_v1,linear_svm_class_weight_balanced,linear_svm,C,60/40,2,random_fp_20,test,90/10,test,0.100000,True,2549,48,7.044361,210,21,189,0.771429,0.809524,0.285714,0.857143,0.428571,0.405262,144,45,3,18,0.846057,0.471835,0.471835
linear_svm_balanced_ratio_preserved_noise_mcc_selected_v1,linear_svm_class_weight_balanced,linear_svm,C,60/40,2,heuristic_fp_10,validation_grid,60/40,valid,0.100000,False,2124,48,4.847206,48,19,29,0.791667,0.791289,0.714286,0.789474,0.750000,0.574299,23,6,4,15,0.892922,0.832465,0.832465
linear_svm_balanced_ratio_preserved_noise_mcc_selected_v1,linear_svm_class_weight_balanced,linear_svm,C,60/40,2,heuristic_fp_10,validation_grid,60/40,valid,1.000000,False,2124,48,4.978718,48,19,29,0.854167,0.861162,0.772727,0.894737,0.829268,0.708940,24,5,2,17,0.918330,0.841649,0.841649
linear_svm_balanced_ratio_preserved_noise_mcc_selected_v1,linear_svm_class_weight_balanced,linear_svm,C,60/40,2,heuristic_fp_10,validation_grid,60/40,valid,10.000000,True,2124,48,5.662534,48,19,29,0.895833,0.895644,0.850000,0.894737,0.871795,0.784904,26,3,2,17,0.927405,0.839080,0.839080
linear_svm_balanced_ratio_preserved_noise_mcc_selected_v1,linear_svm_class_weight_balanced,linear_svm,C,60/40,2,heuristic_fp_10,test,50/50,test,10.000000,True,2124,48,5.749885,42,21,21,0.809524,0.809524,0.842105,0.761905,0.800000,0.621874,18,3,5,16,0.839002,0.854069,0.854069
linear_svm_balanced_ratio_preserved_noise_mcc_selected_v1,linear_svm_class_weight_balanced,linear_svm,C,60/40,2,heuristic_fp_10,test,60/40,test,10.000000,True,2124,48,5.824074,53,21,32,0.716981,0.724702,0.615385,0.761905,0.680851,0.439697,22,10,5,16,0.830357,0.751652,0.751652
linear_svm_balanced_ratio_preserved_noise_mcc_selected_v1,linear_svm_class_weight_balanced,linear_svm,C,60/40,2,heuristic_fp_10,test,70/30,test,10.000000,True,2124,48,5.932074,70,21,49,0.714286,0.727891,0.516129,0.761905,0.615385,0.420486,34,15,5,16,0.805637,0.622107,0.622107
linear_svm_balanced_ratio_preserved_noise_mcc_selected_v1,linear_svm_class_weight_balanced,linear_svm,C,60/40,2,heuristic_fp_10,test,75/25,test,10.000000,True,2124,48,6.030307,84,21,63,0.761905,0.761905,0.516129,0.761905,0.615385,0.470040,48,15,5,16,0.829176,0.571766,0.571766
linear_svm_balanced_ratio_preserved_noise_mcc_selected_v1,linear_svm_class_weight_balanced,linear_svm,C,60/40,2,heuristic_fp_10,test,80/20,test,10.000000,True,2124,48,6.128160,105,21,84,0.790476,0.779762,0.484848,0.761905,0.592593,0.482108,67,17,5,16,0.849773,0.581975,0.581975
linear_svm_balanced_ratio_preserved_noise_mcc_selected_v1,linear_svm_class_weight_balanced,linear_svm,C,60/40,2,heuristic_fp_10,test,90/10,test,10.000000,True,2124,48,6.301730,210,21,189,0.771429,0.767196,0.271186,0.761905,0.400000,0.356686,146,43,5,16,0.842530,0.461889,0.461889
linear_svm_balanced_ratio_preserved_noise_mcc_selected_v1,linear_svm_class_weight_balanced,linear_svm,C,60/40,2,heuristic_fp_20,validation_grid,60/40,valid,0.100000,True,2549,48,5.141184,48,19,29,0.770833,0.783122,0.666667,0.842105,0.744186,0.553819,21,8,3,16,0.863884,0.795943,0.795943
linear_svm_balanced_ratio_preserved_noise_mcc_selected_v1,linear_svm_class_weight_balanced,linear_svm,C,60/40,2,heuristic_fp_20,validation_grid,60/40,valid,1.000000,False,2549,48,5.293809,48,19,29,0.770833,0.774047,0.681818,0.789474,0.731707,0.537939,22,7,4,15,0.840290,0.733725,0.733725
linear_svm_balanced_ratio_preserved_noise_mcc_selected_v1,linear_svm_class_weight_balanced,linear_svm,C,60/40,2,heuristic_fp_20,validation_grid,60/40,valid,10.000000,False,2549,48,6.213116,48,19,29,0.729167,0.739564,0.625000,0.789474,0.697674,0.468616,20,9,4,15,0.836661,0.746942,0.746942
linear_svm_balanced_ratio_preserved_noise_mcc_selected_v1,linear_svm_class_weight_balanced,linear_svm,C,60/40,2,heuristic_fp_20,test,50/50,test,0.100000,True,2549,48,6.305415,42,21,21,0.857143,0.857143,0.857143,0.857143,0.857143,0.714286,18,3,3,18,0.922902,0.864975,0.864975
linear_svm_balanced_ratio_preserved_noise_mcc_selected_v1,linear_svm_class_weight_balanced,linear_svm,C,60/40,2,heuristic_fp_20,test,60/40,test,0.100000,True,2549,48,6.386247,53,21,32,0.773585,0.787946,0.666667,0.857143,0.750000,0.563453,23,9,3,18,0.916667,0.878765,0.878765
linear_svm_balanced_ratio_preserved_noise_mcc_selected_v1,linear_svm_class_weight_balanced,linear_svm,C,60/40,2,heuristic_fp_20,test,70/30,test,0.100000,True,2549,48,6.498499,70,21,49,0.785714,0.806122,0.600000,0.857143,0.705882,0.566947,37,12,3,18,0.875607,0.642116,0.642116
linear_svm_balanced_ratio_preserved_noise_mcc_selected_v1,linear_svm_class_weight_balanced,linear_svm,C,60/40,2,heuristic_fp_20,test,75/25,test,0.100000,True,2549,48,6.596173,84,21,63,0.654762,0.722222,0.409091,0.857143,0.553846,0.385337,37,26,3,18,0.856387,0.646412,0.646412
linear_svm_balanced_ratio_preserved_noise_mcc_selected_v1,linear_svm_class_weight_balanced,linear_svm,C,60/40,2,heuristic_fp_20,test,80/20,test,0.100000,True,2549,48,6.694266,105,21,84,0.780952,0.809524,0.473684,0.857143,0.610169,0.515281,64,20,3,18,0.907029,0.740077,0.740077
linear_svm_balanced_ratio_preserved_noise_mcc_selected_v1,linear_svm_class_weight_balanced,linear_svm,C,60/40,2,heuristic_fp_20,test,90/10,test,0.100000,True,2549,48,6.868959,210,21,189,0.738095,0.791005,0.257143,0.857143,0.395604,0.370389,137,52,3,18,0.900479,0.496173,0.496173
linear_svm_balanced_ratio_preserved_noise_mcc_selected_v1,linear_svm_class_weight_balanced,linear_svm,C,60/40,3,clean,validation_grid,60/40,valid,0.100000,True,1698,48,3.974653,48,19,29,0.812500,0.808530,0.750000,0.789474,0.769231,0.612081,24,5,4,15,0.823956,0.758353,0.758353
linear_svm_balanced_ratio_preserved_noise_mcc_selected_v1,linear_svm_class_weight_balanced,linear_svm,C,60/40,3,clean,validation_grid,60/40,valid,1.000000,False,1698,48,4.088301,48,19,29,0.708333,0.695100,0.631579,0.631579,0.631579,0.390200,22,7,7,12,0.785844,0.724021,0.724021
linear_svm_balanced_ratio_preserved_noise_mcc_selected_v1,linear_svm_class_weight_balanced,linear_svm,C,60/40,3,clean,validation_grid,60/40,valid,10.000000,False,1698,48,4.703805,48,19,29,0.687500,0.677858,0.600000,0.631579,0.615385,0.352847,21,8,7,12,0.778584,0.696154,0.696154
linear_svm_balanced_ratio_preserved_noise_mcc_selected_v1,linear_svm_class_weight_balanced,linear_svm,C,60/40,3,clean,test,50/50,test,0.100000,True,1698,48,4.776840,42,21,21,0.833333,0.833333,0.818182,0.857143,0.837209,0.667424,17,4,3,18,0.850340,0.851942,0.851942
linear_svm_balanced_ratio_preserved_noise_mcc_selected_v1,linear_svm_class_weight_balanced,linear_svm,C,60/40,3,clean,test,60/40,test,0.100000,True,1698,48,4.901952,53,21,32,0.792453,0.803571,0.692308,0.857143,0.765957,0.594028,24,8,3,18,0.834821,0.779206,0.779206
linear_svm_balanced_ratio_preserved_noise_mcc_selected_v1,linear_svm_class_weight_balanced,linear_svm,C,60/40,3,clean,test,70/30,test,0.100000,True,1698,48,5.003791,70,21,49,0.828571,0.836735,0.666667,0.857143,0.750000,0.634029,40,9,3,18,0.868805,0.815622,0.815622
linear_svm_balanced_ratio_preserved_noise_mcc_selected_v1,linear_svm_class_weight_balanced,linear_svm,C,60/40,3,clean,test,75/25,test,0.100000,True,1698,48,5.094682,84,21,63,0.773810,0.801587,0.529412,0.857143,0.654545,0.532106,47,16,3,18,0.839002,0.544208,0.544208
linear_svm_balanced_ratio_preserved_noise_mcc_selected_v1,linear_svm_class_weight_balanced,linear_svm,C,60/40,3,clean,test,80/20,test,0.100000,True,1698,48,5.204290,105,21,84,0.742857,0.785714,0.428571,0.857143,0.571429,0.466569,60,24,3,18,0.852041,0.599641,0.599641
linear_svm_balanced_ratio_preserved_noise_mcc_selected_v1,linear_svm_class_weight_balanced,linear_svm,C,60/40,3,clean,test,90/10,test,0.100000,True,1698,48,5.386246,210,21,189,0.819048,0.835979,0.339623,0.857143,0.486486,0.464082,154,35,3,18,0.871252,0.606200,0.606200
linear_svm_balanced_ratio_preserved_noise_mcc_selected_v1,linear_svm_class_weight_balanced,linear_svm,C,60/40,3,random_flip_10,validation_grid,60/40,valid,0.100000,True,1698,48,4.379605,48,19,29,0.770833,0.774047,0.681818,0.789474,0.731707,0.537939,22,7,4,15,0.829401,0.777889,0.777889
linear_svm_balanced_ratio_preserved_noise_mcc_selected_v1,linear_svm_class_weight_balanced,linear_svm,C,60/40,3,random_flip_10,validation_grid,60/40,valid,1.000000,False,1698,48,4.492174,48,19,29,0.770833,0.764973,0.700000,0.736842,0.717949,0.525670,23,6,5,14,0.753176,0.660554,0.660554
linear_svm_balanced_ratio_preserved_noise_mcc_selected_v1,linear_svm_class_weight_balanced,linear_svm,C,60/40,3,random_flip_10,validation_grid,60/40,valid,10.000000,False,1698,48,5.168474,48,19,29,0.645833,0.643376,0.545455,0.631579,0.585366,0.281438,19,10,7,12,0.695100,0.600773,0.600773
linear_svm_balanced_ratio_preserved_noise_mcc_selected_v1,linear_svm_class_weight_balanced,linear_svm,C,60/40,3,random_flip_10,test,50/50,test,0.100000,True,1698,48,5.249950,42,21,21,0.833333,0.833333,0.818182,0.857143,0.837209,0.667424,17,4,3,18,0.836735,0.847789,0.847789
linear_svm_balanced_ratio_preserved_noise_mcc_selected_v1,linear_svm_class_weight_balanced,linear_svm,C,60/40,3,random_flip_10,test,60/40,test,0.100000,True,1698,48,5.337074,53,21,32,0.773585,0.787946,0.666667,0.857143,0.750000,0.563453,23,9,3,18,0.815476,0.782402,0.782402
linear_svm_balanced_ratio_preserved_noise_mcc_selected_v1,linear_svm_class_weight_balanced,linear_svm,C,60/40,3,random_flip_10,test,70/30,test,0.100000,True,1698,48,5.430981,70,21,49,0.785714,0.806122,0.600000,0.857143,0.705882,0.566947,37,12,3,18,0.846453,0.791493,0.791493
linear_svm_balanced_ratio_preserved_noise_mcc_selected_v1,linear_svm_class_weight_balanced,linear_svm,C,60/40,3,random_flip_10,test,75/25,test,0.100000,True,1698,48,5.530158,84,21,63,0.773810,0.801587,0.529412,0.857143,0.654545,0.532106,47,16,3,18,0.811791,0.545801,0.545801
linear_svm_balanced_ratio_preserved_noise_mcc_selected_v1,linear_svm_class_weight_balanced,linear_svm,C,60/40,3,random_flip_10,test,80/20,test,0.100000,True,1698,48,5.633045,105,21,84,0.733333,0.779762,0.418605,0.857143,0.562500,0.455132,59,25,3,18,0.810091,0.549619,0.549619
linear_svm_balanced_ratio_preserved_noise_mcc_selected_v1,linear_svm_class_weight_balanced,linear_svm,C,60/40,3,random_flip_10,test,90/10,test,0.100000,True,1698,48,5.792815,210,21,189,0.795238,0.822751,0.310345,0.857143,0.455696,0.433115,149,40,3,18,0.849080,0.554153,0.554153
linear_svm_balanced_ratio_preserved_noise_mcc_selected_v1,linear_svm_class_weight_balanced,linear_svm,C,60/40,3,random_flip_20,validation_grid,60/40,valid,0.100000,True,1698,48,3.972185,48,19,29,0.729167,0.739564,0.625000,0.789474,0.697674,0.468616,20,9,4,15,0.773140,0.694840,0.694840
linear_svm_balanced_ratio_preserved_noise_mcc_selected_v1,linear_svm_class_weight_balanced,linear_svm,C,60/40,3,random_flip_20,validation_grid,60/40,valid,1.000000,False,1698,48,4.086330,48,19,29,0.625000,0.617060,0.523810,0.578947,0.550000,0.230793,19,10,8,11,0.715064,0.652606,0.652606
linear_svm_balanced_ratio_preserved_noise_mcc_selected_v1,linear_svm_class_weight_balanced,linear_svm,C,60/40,3,random_flip_20,validation_grid,60/40,valid,10.000000,False,1698,48,4.875681,48,19,29,0.666667,0.651543,0.578947,0.578947,0.578947,0.303085,21,8,8,11,0.689655,0.631311,0.631311
linear_svm_balanced_ratio_preserved_noise_mcc_selected_v1,linear_svm_class_weight_balanced,linear_svm,C,60/40,3,random_flip_20,test,50/50,test,0.100000,True,1698,48,4.937228,42,21,21,0.738095,0.738095,0.727273,0.761905,0.744186,0.476731,15,6,5,16,0.791383,0.802541,0.802541
linear_svm_balanced_ratio_preserved_noise_mcc_selected_v1,linear_svm_class_weight_balanced,linear_svm,C,60/40,3,random_flip_20,test,60/40,test,0.100000,True,1698,48,5.015880,53,21,32,0.735849,0.740327,0.640000,0.761905,0.695652,0.470944,23,9,5,16,0.772321,0.731678,0.731678
linear_svm_balanced_ratio_preserved_noise_mcc_selected_v1,linear_svm_class_weight_balanced,linear_svm,C,60/40,3,random_flip_20,test,70/30,test,0.100000,True,1698,48,5.110498,70,21,49,0.785714,0.778912,0.615385,0.761905,0.680851,0.529043,39,10,5,16,0.806608,0.716736,0.716736
linear_svm_balanced_ratio_preserved_noise_mcc_selected_v1,linear_svm_class_weight_balanced,linear_svm,C,60/40,3,random_flip_20,test,75/25,test,0.100000,True,1698,48,5.215742,84,21,63,0.738095,0.746032,0.484848,0.761905,0.592593,0.436274,46,17,5,16,0.777778,0.531641,0.531641
linear_svm_balanced_ratio_preserved_noise_mcc_selected_v1,linear_svm_class_weight_balanced,linear_svm,C,60/40,3,random_flip_20,test,80/20,test,0.100000,True,1698,48,5.326441,105,21,84,0.704762,0.726190,0.380952,0.761905,0.507937,0.369368,58,26,5,16,0.777211,0.557661,0.557661
linear_svm_balanced_ratio_preserved_noise_mcc_selected_v1,linear_svm_class_weight_balanced,linear_svm,C,60/40,3,random_flip_20,test,90/10,test,0.100000,True,1698,48,5.502489,210,21,189,0.766667,0.764550,0.266667,0.761905,0.395062,0.351364,145,44,5,16,0.811539,0.484523,0.484523
linear_svm_balanced_ratio_preserved_noise_mcc_selected_v1,linear_svm_class_weight_balanced,linear_svm,C,60/40,3,random_fp_10,validation_grid,60/40,valid,0.100000,True,2124,48,4.642643,48,19,29,0.812500,0.808530,0.750000,0.789474,0.769231,0.612081,24,5,4,15,0.838475,0.792975,0.792975
linear_svm_balanced_ratio_preserved_noise_mcc_selected_v1,linear_svm_class_weight_balanced,linear_svm,C,60/40,3,random_fp_10,validation_grid,60/40,valid,1.000000,False,2124,48,4.806415,48,19,29,0.770833,0.755898,0.722222,0.684211,0.702703,0.516983,24,5,6,13,0.769510,0.728584,0.728584
linear_svm_balanced_ratio_preserved_noise_mcc_selected_v1,linear_svm_class_weight_balanced,linear_svm,C,60/40,3,random_fp_10,validation_grid,60/40,valid,10.000000,False,2124,48,5.590223,48,19,29,0.708333,0.704174,0.619048,0.684211,0.650000,0.402546,21,8,6,13,0.749546,0.726328,0.726328
linear_svm_balanced_ratio_preserved_noise_mcc_selected_v1,linear_svm_class_weight_balanced,linear_svm,C,60/40,3,random_fp_10,test,50/50,test,0.100000,True,2124,48,5.654747,42,21,21,0.809524,0.809524,0.782609,0.857143,0.818182,0.621874,16,5,3,18,0.848073,0.849948,0.849948
linear_svm_balanced_ratio_preserved_noise_mcc_selected_v1,linear_svm_class_weight_balanced,linear_svm,C,60/40,3,random_fp_10,test,60/40,test,0.100000,True,2124,48,5.742561,53,21,32,0.792453,0.803571,0.692308,0.857143,0.765957,0.594028,24,8,3,18,0.843750,0.797420,0.797420
linear_svm_balanced_ratio_preserved_noise_mcc_selected_v1,linear_svm_class_weight_balanced,linear_svm,C,60/40,3,random_fp_10,test,70/30,test,0.100000,True,2124,48,5.836963,70,21,49,0.800000,0.816327,0.620690,0.857143,0.720000,0.588549,38,11,3,18,0.862002,0.790905,0.790905
linear_svm_balanced_ratio_preserved_noise_mcc_selected_v1,linear_svm_class_weight_balanced,linear_svm,C,60/40,3,random_fp_10,test,75/25,test,0.100000,True,2124,48,5.937729,84,21,63,0.773810,0.801587,0.529412,0.857143,0.654545,0.532106,47,16,3,18,0.837491,0.563409,0.563409
linear_svm_balanced_ratio_preserved_noise_mcc_selected_v1,linear_svm_class_weight_balanced,linear_svm,C,60/40,3,random_fp_10,test,80/20,test,0.100000,True,2124,48,6.064179,105,21,84,0.752381,0.791667,0.439024,0.857143,0.580645,0.478282,61,23,3,18,0.834467,0.518519,0.518519
linear_svm_balanced_ratio_preserved_noise_mcc_selected_v1,linear_svm_class_weight_balanced,linear_svm,C,60/40,3,random_fp_10,test,90/10,test,0.100000,True,2124,48,6.245219,210,21,189,0.804762,0.828042,0.321429,0.857143,0.467532,0.445088,151,38,3,18,0.866465,0.553936,0.553936
linear_svm_balanced_ratio_preserved_noise_mcc_selected_v1,linear_svm_class_weight_balanced,linear_svm,C,60/40,3,random_fp_20,validation_grid,60/40,valid,0.100000,True,2549,48,5.491312,48,19,29,0.770833,0.783122,0.666667,0.842105,0.744186,0.553819,21,8,3,16,0.872958,0.795489,0.795489
linear_svm_balanced_ratio_preserved_noise_mcc_selected_v1,linear_svm_class_weight_balanced,linear_svm,C,60/40,3,random_fp_20,validation_grid,60/40,valid,1.000000,False,2549,48,5.654385,48,19,29,0.770833,0.783122,0.666667,0.842105,0.744186,0.553819,21,8,3,16,0.822142,0.786019,0.786019
linear_svm_balanced_ratio_preserved_noise_mcc_selected_v1,linear_svm_class_weight_balanced,linear_svm,C,60/40,3,random_fp_20,validation_grid,60/40,valid,10.000000,False,2549,48,6.628163,48,19,29,0.750000,0.756806,0.652174,0.789474,0.714286,0.502779,21,8,4,15,0.822142,0.789248,0.789248
linear_svm_balanced_ratio_preserved_noise_mcc_selected_v1,linear_svm_class_weight_balanced,linear_svm,C,60/40,3,random_fp_20,test,50/50,test,0.100000,True,2549,48,6.692120,42,21,21,0.785714,0.785714,0.772727,0.809524,0.790698,0.572078,16,5,4,17,0.798186,0.787727,0.787727
linear_svm_balanced_ratio_preserved_noise_mcc_selected_v1,linear_svm_class_weight_balanced,linear_svm,C,60/40,3,random_fp_20,test,60/40,test,0.100000,True,2549,48,6.776678,53,21,32,0.773585,0.779762,0.680000,0.809524,0.739130,0.548219,24,8,4,17,0.790179,0.758799,0.758799
linear_svm_balanced_ratio_preserved_noise_mcc_selected_v1,linear_svm_class_weight_balanced,linear_svm,C,60/40,3,random_fp_20,test,70/30,test,0.100000,True,2549,48,6.869104,70,21,49,0.771429,0.782313,0.586207,0.809524,0.680000,0.525264,37,12,4,17,0.841594,0.822494,0.822494
linear_svm_balanced_ratio_preserved_noise_mcc_selected_v1,linear_svm_class_weight_balanced,linear_svm,C,60/40,3,random_fp_20,test,75/25,test,0.100000,True,2549,48,6.963892,84,21,63,0.750000,0.769841,0.500000,0.809524,0.618182,0.476095,46,17,4,17,0.789872,0.512024,0.512024
linear_svm_balanced_ratio_preserved_noise_mcc_selected_v1,linear_svm_class_weight_balanced,linear_svm,C,60/40,3,random_fp_20,test,80/20,test,0.100000,True,2549,48,7.072728,105,21,84,0.676190,0.726190,0.361702,0.809524,0.500000,0.363907,54,30,4,17,0.812925,0.542127,0.542127
linear_svm_balanced_ratio_preserved_noise_mcc_selected_v1,linear_svm_class_weight_balanced,linear_svm,C,60/40,3,random_fp_20,test,90/10,test,0.100000,True,2549,48,7.244398,210,21,189,0.771429,0.788360,0.278689,0.809524,0.414634,0.381107,145,44,4,17,0.830688,0.501269,0.501269
linear_svm_balanced_ratio_preserved_noise_mcc_selected_v1,linear_svm_class_weight_balanced,linear_svm,C,60/40,3,heuristic_fp_10,validation_grid,60/40,valid,0.100000,True,2124,48,4.616650,48,19,29,0.791667,0.791289,0.714286,0.789474,0.750000,0.574299,23,6,4,15,0.905626,0.872942,0.872942
linear_svm_balanced_ratio_preserved_noise_mcc_selected_v1,linear_svm_class_weight_balanced,linear_svm,C,60/40,3,heuristic_fp_10,validation_grid,60/40,valid,1.000000,False,2124,48,4.746576,48,19,29,0.791667,0.782214,0.736842,0.736842,0.736842,0.564428,24,5,5,14,0.882033,0.847721,0.847721
linear_svm_balanced_ratio_preserved_noise_mcc_selected_v1,linear_svm_class_weight_balanced,linear_svm,C,60/40,3,heuristic_fp_10,validation_grid,60/40,valid,10.000000,False,2124,48,5.309134,48,19,29,0.770833,0.755898,0.722222,0.684211,0.702703,0.516983,24,5,6,13,0.845735,0.822246,0.822246
linear_svm_balanced_ratio_preserved_noise_mcc_selected_v1,linear_svm_class_weight_balanced,linear_svm,C,60/40,3,heuristic_fp_10,test,50/50,test,0.100000,True,2124,48,5.369022,42,21,21,0.809524,0.809524,0.782609,0.857143,0.818182,0.621874,16,5,3,18,0.891156,0.900412,0.900412
linear_svm_balanced_ratio_preserved_noise_mcc_selected_v1,linear_svm_class_weight_balanced,linear_svm,C,60/40,3,heuristic_fp_10,test,60/40,test,0.100000,True,2124,48,5.447657,53,21,32,0.773585,0.787946,0.666667,0.857143,0.750000,0.563453,23,9,3,18,0.845238,0.777043,0.777043
linear_svm_balanced_ratio_preserved_noise_mcc_selected_v1,linear_svm_class_weight_balanced,linear_svm,C,60/40,3,heuristic_fp_10,test,70/30,test,0.100000,True,2124,48,5.538719,70,21,49,0.814286,0.826531,0.642857,0.857143,0.734694,0.610883,39,10,3,18,0.871720,0.775902,0.775902
linear_svm_balanced_ratio_preserved_noise_mcc_selected_v1,linear_svm_class_weight_balanced,linear_svm,C,60/40,3,heuristic_fp_10,test,75/25,test,0.100000,True,2124,48,5.638492,84,21,63,0.738095,0.777778,0.486486,0.857143,0.620690,0.484571,44,19,3,18,0.857899,0.612166,0.612166
linear_svm_balanced_ratio_preserved_noise_mcc_selected_v1,linear_svm_class_weight_balanced,linear_svm,C,60/40,3,heuristic_fp_10,test,80/20,test,0.100000,True,2124,48,5.750708,105,21,84,0.723810,0.773810,0.409091,0.857143,0.553846,0.443953,58,26,3,18,0.855442,0.617471,0.617471
linear_svm_balanced_ratio_preserved_noise_mcc_selected_v1,linear_svm_class_weight_balanced,linear_svm,C,60/40,3,heuristic_fp_10,test,90/10,test,0.100000,True,2124,48,5.933217,210,21,189,0.771429,0.809524,0.285714,0.857143,0.428571,0.405262,144,45,3,18,0.886117,0.532462,0.532462
linear_svm_balanced_ratio_preserved_noise_mcc_selected_v1,linear_svm_class_weight_balanced,linear_svm,C,60/40,3,heuristic_fp_20,validation_grid,60/40,valid,0.100000,True,2549,48,5.259842,48,19,29,0.770833,0.774047,0.681818,0.789474,0.731707,0.537939,22,7,4,15,0.882033,0.860038,0.860038
linear_svm_balanced_ratio_preserved_noise_mcc_selected_v1,linear_svm_class_weight_balanced,linear_svm,C,60/40,3,heuristic_fp_20,validation_grid,60/40,valid,1.000000,False,2549,48,5.413136,48,19,29,0.750000,0.756806,0.652174,0.789474,0.714286,0.502779,21,8,4,15,0.838475,0.789107,0.789107
linear_svm_balanced_ratio_preserved_noise_mcc_selected_v1,linear_svm_class_weight_balanced,linear_svm,C,60/40,3,heuristic_fp_20,validation_grid,60/40,valid,10.000000,False,2549,48,6.320061,48,19,29,0.687500,0.686933,0.590909,0.684211,0.634146,0.366939,20,9,6,13,0.794918,0.683405,0.683405
linear_svm_balanced_ratio_preserved_noise_mcc_selected_v1,linear_svm_class_weight_balanced,linear_svm,C,60/40,3,heuristic_fp_20,test,50/50,test,0.100000,True,2549,48,6.388119,42,21,21,0.809524,0.809524,0.760000,0.904762,0.826087,0.630593,15,6,2,19,0.911565,0.896146,0.896146
linear_svm_balanced_ratio_preserved_noise_mcc_selected_v1,linear_svm_class_weight_balanced,linear_svm,C,60/40,3,heuristic_fp_20,test,60/40,test,0.100000,True,2549,48,6.474194,53,21,32,0.773585,0.796131,0.655172,0.904762,0.760000,0.581961,22,10,2,19,0.886905,0.823746,0.823746
linear_svm_balanced_ratio_preserved_noise_mcc_selected_v1,linear_svm_class_weight_balanced,linear_svm,C,60/40,3,heuristic_fp_20,test,70/30,test,0.100000,True,2549,48,6.566691,70,21,49,0.785714,0.819728,0.593750,0.904762,0.716981,0.588236,36,13,2,19,0.913508,0.815337,0.815337
linear_svm_balanced_ratio_preserved_noise_mcc_selected_v1,linear_svm_class_weight_balanced,linear_svm,C,60/40,3,heuristic_fp_20,test,75/25,test,0.100000,True,2549,48,6.660445,84,21,63,0.714286,0.777778,0.463415,0.904762,0.612903,0.481262,41,22,2,19,0.869992,0.604377,0.604377
linear_svm_balanced_ratio_preserved_noise_mcc_selected_v1,linear_svm_class_weight_balanced,linear_svm,C,60/40,3,heuristic_fp_20,test,80/20,test,0.100000,True,2549,48,6.765839,105,21,84,0.714286,0.785714,0.404255,0.904762,0.558824,0.459672,56,28,2,19,0.867914,0.564555,0.564555
linear_svm_balanced_ratio_preserved_noise_mcc_selected_v1,linear_svm_class_weight_balanced,linear_svm,C,60/40,3,heuristic_fp_20,test,90/10,test,0.100000,True,2549,48,6.933590,210,21,189,0.719048,0.801587,0.250000,0.904762,0.391753,0.376552,132,57,2,19,0.903754,0.474425,0.474425
linear_svm_balanced_ratio_preserved_noise_mcc_selected_v1,linear_svm_class_weight_balanced,linear_svm,C,60/40,4,clean,validation_grid,60/40,valid,0.100000,False,1698,48,4.373268,48,19,29,0.729167,0.739564,0.625000,0.789474,0.697674,0.468616,20,9,4,15,0.778584,0.636315,0.636315
linear_svm_balanced_ratio_preserved_noise_mcc_selected_v1,linear_svm_class_weight_balanced,linear_svm,C,60/40,4,clean,validation_grid,60/40,valid,1.000000,True,1698,48,4.501226,48,19,29,0.750000,0.756806,0.652174,0.789474,0.714286,0.502779,21,8,4,15,0.745917,0.568820,0.568820
linear_svm_balanced_ratio_preserved_noise_mcc_selected_v1,linear_svm_class_weight_balanced,linear_svm,C,60/40,4,clean,validation_grid,60/40,valid,10.000000,False,1698,48,5.197069,48,19,29,0.729167,0.730490,0.636364,0.736842,0.682927,0.452439,21,8,5,14,0.740472,0.564358,0.564358
linear_svm_balanced_ratio_preserved_noise_mcc_selected_v1,linear_svm_class_weight_balanced,linear_svm,C,60/40,4,clean,test,50/50,test,1.000000,True,1698,48,5.272799,42,21,21,0.761905,0.761905,0.761905,0.761905,0.761905,0.523810,16,5,5,16,0.895692,0.899117,0.899117
linear_svm_balanced_ratio_preserved_noise_mcc_selected_v1,linear_svm_class_weight_balanced,linear_svm,C,60/40,4,clean,test,60/40,test,1.000000,True,1698,48,5.422378,53,21,32,0.792453,0.787202,0.727273,0.761905,0.744186,0.570178,26,6,5,16,0.904762,0.873434,0.873434
linear_svm_balanced_ratio_preserved_noise_mcc_selected_v1,linear_svm_class_weight_balanced,linear_svm,C,60/40,4,clean,test,70/30,test,1.000000,True,1698,48,5.514766,70,21,49,0.800000,0.789116,0.640000,0.761905,0.695652,0.553010,40,9,5,16,0.891156,0.803314,0.803314
linear_svm_balanced_ratio_preserved_noise_mcc_selected_v1,linear_svm_class_weight_balanced,linear_svm,C,60/40,4,clean,test,75/25,test,1.000000,True,1698,48,5.622483,84,21,63,0.773810,0.769841,0.533333,0.761905,0.627451,0.487709,49,14,5,16,0.902494,0.786342,0.786342
linear_svm_balanced_ratio_preserved_noise_mcc_selected_v1,linear_svm_class_weight_balanced,linear_svm,C,60/40,4,clean,test,80/20,test,1.000000,True,1698,48,5.727397,105,21,84,0.828571,0.803571,0.551724,0.761905,0.640000,0.543168,71,13,5,16,0.928005,0.827934,0.827934
linear_svm_balanced_ratio_preserved_noise_mcc_selected_v1,linear_svm_class_weight_balanced,linear_svm,C,60/40,4,clean,test,90/10,test,1.000000,True,1698,48,5.930776,210,21,189,0.795238,0.780423,0.296296,0.761905,0.426667,0.384969,151,38,5,16,0.885614,0.529050,0.529050
linear_svm_balanced_ratio_preserved_noise_mcc_selected_v1,linear_svm_class_weight_balanced,linear_svm,C,60/40,4,random_flip_10,validation_grid,60/40,valid,0.100000,True,1698,48,4.364967,48,19,29,0.687500,0.696007,0.583333,0.736842,0.651163,0.383413,19,10,5,14,0.764065,0.630052,0.630052
linear_svm_balanced_ratio_preserved_noise_mcc_selected_v1,linear_svm_class_weight_balanced,linear_svm,C,60/40,4,random_flip_10,validation_grid,60/40,valid,1.000000,False,1698,48,4.493510,48,19,29,0.604167,0.590744,0.500000,0.526316,0.512821,0.180024,19,10,9,10,0.700544,0.566440,0.566440
linear_svm_balanced_ratio_preserved_noise_mcc_selected_v1,linear_svm_class_weight_balanced,linear_svm,C,60/40,4,random_flip_10,validation_grid,60/40,valid,10.000000,False,1698,48,5.364198,48,19,29,0.604167,0.581670,0.500000,0.473684,0.486486,0.164995,20,9,10,9,0.667877,0.534163,0.534163
linear_svm_balanced_ratio_preserved_noise_mcc_selected_v1,linear_svm_class_weight_balanced,linear_svm,C,60/40,4,random_flip_10,test,50/50,test,0.100000,True,1698,48,5.436083,42,21,21,0.785714,0.785714,0.772727,0.809524,0.790698,0.572078,16,5,4,17,0.857143,0.864802,0.864802
linear_svm_balanced_ratio_preserved_noise_mcc_selected_v1,linear_svm_class_weight_balanced,linear_svm,C,60/40,4,random_flip_10,test,60/40,test,0.100000,True,1698,48,5.570931,53,21,32,0.773585,0.779762,0.680000,0.809524,0.739130,0.548219,24,8,4,17,0.860119,0.806596,0.806596
linear_svm_balanced_ratio_preserved_noise_mcc_selected_v1,linear_svm_class_weight_balanced,linear_svm,C,60/40,4,random_flip_10,test,70/30,test,0.100000,True,1698,48,5.664576,70,21,49,0.771429,0.782313,0.586207,0.809524,0.680000,0.525264,37,12,4,17,0.844509,0.745087,0.745087
linear_svm_balanced_ratio_preserved_noise_mcc_selected_v1,linear_svm_class_weight_balanced,linear_svm,C,60/40,4,random_flip_10,test,75/25,test,0.100000,True,1698,48,5.774394,84,21,63,0.785714,0.793651,0.548387,0.809524,0.653846,0.527014,49,14,4,17,0.866213,0.716916,0.716916
linear_svm_balanced_ratio_preserved_noise_mcc_selected_v1,linear_svm_class_weight_balanced,linear_svm,C,60/40,4,random_flip_10,test,80/20,test,0.100000,True,1698,48,5.880614,105,21,84,0.847619,0.833333,0.586207,0.809524,0.680000,0.596420,72,12,4,17,0.888889,0.700641,0.700641
linear_svm_balanced_ratio_preserved_noise_mcc_selected_v1,linear_svm_class_weight_balanced,linear_svm,C,60/40,4,random_flip_10,test,90/10,test,0.100000,True,1698,48,6.087443,210,21,189,0.776190,0.791005,0.283333,0.809524,0.419753,0.386501,146,43,4,17,0.857143,0.547926,0.547926
linear_svm_balanced_ratio_preserved_noise_mcc_selected_v1,linear_svm_class_weight_balanced,linear_svm,C,60/40,4,random_flip_20,validation_grid,60/40,valid,0.100000,True,1698,48,4.322607,48,19,29,0.708333,0.713249,0.608696,0.736842,0.666667,0.417502,20,9,5,14,0.718693,0.608665,0.608665
linear_svm_balanced_ratio_preserved_noise_mcc_selected_v1,linear_svm_class_weight_balanced,linear_svm,C,60/40,4,random_flip_20,validation_grid,60/40,valid,1.000000,False,1698,48,4.449152,48,19,29,0.604167,0.599819,0.500000,0.578947,0.536585,0.195938,18,11,8,11,0.642468,0.518599,0.518599
linear_svm_balanced_ratio_preserved_noise_mcc_selected_v1,linear_svm_class_weight_balanced,linear_svm,C,60/40,4,random_flip_20,validation_grid,60/40,valid,10.000000,False,1698,48,5.288798,48,19,29,0.562500,0.556261,0.454545,0.526316,0.487805,0.110438,17,12,9,10,0.615245,0.502142,0.502142
linear_svm_balanced_ratio_preserved_noise_mcc_selected_v1,linear_svm_class_weight_balanced,linear_svm,C,60/40,4,random_flip_20,test,50/50,test,0.100000,True,1698,48,5.357730,42,21,21,0.809524,0.809524,0.809524,0.809524,0.809524,0.619048,17,4,4,17,0.857143,0.847934,0.847934
linear_svm_balanced_ratio_preserved_noise_mcc_selected_v1,linear_svm_class_weight_balanced,linear_svm,C,60/40,4,random_flip_20,test,60/40,test,0.100000,True,1698,48,5.490622,53,21,32,0.754717,0.764137,0.653846,0.809524,0.723404,0.516863,23,9,4,17,0.815476,0.735790,0.735790
linear_svm_balanced_ratio_preserved_noise_mcc_selected_v1,linear_svm_class_weight_balanced,linear_svm,C,60/40,4,random_flip_20,test,70/30,test,0.100000,True,1698,48,5.579738,70,21,49,0.800000,0.802721,0.629630,0.809524,0.708333,0.569986,39,10,4,17,0.848397,0.765300,0.765300
linear_svm_balanced_ratio_preserved_noise_mcc_selected_v1,linear_svm_class_weight_balanced,linear_svm,C,60/40,4,random_flip_20,test,75/25,test,0.100000,True,1698,48,5.682134,84,21,63,0.785714,0.793651,0.548387,0.809524,0.653846,0.527014,49,14,4,17,0.840514,0.669374,0.669374
linear_svm_balanced_ratio_preserved_noise_mcc_selected_v1,linear_svm_class_weight_balanced,linear_svm,C,60/40,4,random_flip_20,test,80/20,test,0.100000,True,1698,48,5.779074,105,21,84,0.771429,0.785714,0.459459,0.809524,0.586207,0.478471,64,20,4,17,0.856009,0.648704,0.648704
linear_svm_balanced_ratio_preserved_noise_mcc_selected_v1,linear_svm_class_weight_balanced,linear_svm,C,60/40,4,random_flip_20,test,90/10,test,0.100000,True,1698,48,5.962765,210,21,189,0.771429,0.788360,0.278689,0.809524,0.414634,0.381107,145,44,4,17,0.842530,0.459620,0.459620
linear_svm_balanced_ratio_preserved_noise_mcc_selected_v1,linear_svm_class_weight_balanced,linear_svm,C,60/40,4,random_fp_10,validation_grid,60/40,valid,0.100000,True,2124,48,4.680006,48,19,29,0.687500,0.705082,0.576923,0.789474,0.666667,0.402564,18,11,4,15,0.767695,0.649645,0.649645
linear_svm_balanced_ratio_preserved_noise_mcc_selected_v1,linear_svm_class_weight_balanced,linear_svm,C,60/40,4,random_fp_10,validation_grid,60/40,valid,1.000000,False,2124,48,4.823261,48,19,29,0.645833,0.670599,0.535714,0.789474,0.638298,0.338445,16,13,4,15,0.753176,0.672133,0.672133
linear_svm_balanced_ratio_preserved_noise_mcc_selected_v1,linear_svm_class_weight_balanced,linear_svm,C,60/40,4,random_fp_10,validation_grid,60/40,valid,10.000000,False,2124,48,5.668404,48,19,29,0.666667,0.678766,0.560000,0.736842,0.636364,0.349991,18,11,5,14,0.738657,0.670394,0.670394
linear_svm_balanced_ratio_preserved_noise_mcc_selected_v1,linear_svm_class_weight_balanced,linear_svm,C,60/40,4,random_fp_10,test,50/50,test,0.100000,True,2124,48,5.747169,42,21,21,0.785714,0.785714,0.750000,0.857143,0.800000,0.577350,15,6,3,18,0.893424,0.922333,0.922333
linear_svm_balanced_ratio_preserved_noise_mcc_selected_v1,linear_svm_class_weight_balanced,linear_svm,C,60/40,4,random_fp_10,test,60/40,test,0.100000,True,2124,48,5.885026,53,21,32,0.811321,0.819196,0.720000,0.857143,0.782609,0.625495,25,7,3,18,0.875000,0.804962,0.804962
linear_svm_balanced_ratio_preserved_noise_mcc_selected_v1,linear_svm_class_weight_balanced,linear_svm,C,60/40,4,random_fp_10,test,70/30,test,0.100000,True,2124,48,5.975778,70,21,49,0.785714,0.806122,0.600000,0.857143,0.705882,0.566947,37,12,3,18,0.864917,0.769177,0.769177
linear_svm_balanced_ratio_preserved_noise_mcc_selected_v1,linear_svm_class_weight_balanced,linear_svm,C,60/40,4,random_fp_10,test,75/25,test,0.100000,True,2124,48,6.087439,84,21,63,0.750000,0.785714,0.500000,0.857143,0.631579,0.500000,45,18,3,18,0.879819,0.768174,0.768174
linear_svm_balanced_ratio_preserved_noise_mcc_selected_v1,linear_svm_class_weight_balanced,linear_svm,C,60/40,4,random_fp_10,test,80/20,test,0.100000,True,2124,48,6.203944,105,21,84,0.838095,0.845238,0.562500,0.857143,0.679245,0.600014,70,14,3,18,0.909864,0.778029,0.778029
linear_svm_balanced_ratio_preserved_noise_mcc_selected_v1,linear_svm_class_weight_balanced,linear_svm,C,60/40,4,random_fp_10,test,90/10,test,0.100000,True,2124,48,6.485136,210,21,189,0.761905,0.804233,0.276923,0.857143,0.418605,0.394853,142,47,3,18,0.882086,0.555987,0.555987
linear_svm_balanced_ratio_preserved_noise_mcc_selected_v1,linear_svm_class_weight_balanced,linear_svm,C,60/40,4,random_fp_20,validation_grid,60/40,valid,0.100000,True,2549,48,5.858826,48,19,29,0.729167,0.748639,0.615385,0.842105,0.711111,0.488064,19,10,3,16,0.765880,0.633081,0.633081
linear_svm_balanced_ratio_preserved_noise_mcc_selected_v1,linear_svm_class_weight_balanced,linear_svm,C,60/40,4,random_fp_20,validation_grid,60/40,valid,1.000000,False,2549,48,6.021183,48,19,29,0.666667,0.678766,0.560000,0.736842,0.636364,0.349991,18,11,5,14,0.702359,0.558136,0.558136
linear_svm_balanced_ratio_preserved_noise_mcc_selected_v1,linear_svm_class_weight_balanced,linear_svm,C,60/40,4,random_fp_20,validation_grid,60/40,valid,10.000000,False,2549,48,7.009707,48,19,29,0.583333,0.582577,0.478261,0.578947,0.523810,0.161671,17,12,8,11,0.664247,0.526561,0.526561
linear_svm_balanced_ratio_preserved_noise_mcc_selected_v1,linear_svm_class_weight_balanced,linear_svm,C,60/40,4,random_fp_20,test,50/50,test,0.100000,True,2549,48,7.089571,42,21,21,0.785714,0.785714,0.772727,0.809524,0.790698,0.572078,16,5,4,17,0.882086,0.902827,0.902827
linear_svm_balanced_ratio_preserved_noise_mcc_selected_v1,linear_svm_class_weight_balanced,linear_svm,C,60/40,4,random_fp_20,test,60/40,test,0.100000,True,2549,48,7.220780,53,21,32,0.735849,0.748512,0.629630,0.809524,0.708333,0.486288,22,10,4,17,0.822917,0.689954,0.689954
linear_svm_balanced_ratio_preserved_noise_mcc_selected_v1,linear_svm_class_weight_balanced,linear_svm,C,60/40,4,random_fp_20,test,70/30,test,0.100000,True,2549,48,7.313685,70,21,49,0.728571,0.751701,0.531250,0.809524,0.641509,0.463079,34,15,4,17,0.845481,0.730489,0.730489
linear_svm_balanced_ratio_preserved_noise_mcc_selected_v1,linear_svm_class_weight_balanced,linear_svm,C,60/40,4,random_fp_20,test,75/25,test,0.100000,True,2549,48,7.421743,84,21,63,0.714286,0.746032,0.459459,0.809524,0.586207,0.429192,43,20,4,17,0.842026,0.698506,0.698506
linear_svm_balanced_ratio_preserved_noise_mcc_selected_v1,linear_svm_class_weight_balanced,linear_svm,C,60/40,4,random_fp_20,test,80/20,test,0.100000,True,2549,48,7.523178,105,21,84,0.790476,0.797619,0.485714,0.809524,0.607143,0.505076,66,18,4,17,0.884354,0.726517,0.726517
linear_svm_balanced_ratio_preserved_noise_mcc_selected_v1,linear_svm_class_weight_balanced,linear_svm,C,60/40,4,random_fp_20,test,90/10,test,0.100000,True,2549,48,7.720420,210,21,189,0.733333,0.767196,0.246377,0.809524,0.377778,0.341323,137,52,4,17,0.863442,0.538444,0.538444
linear_svm_balanced_ratio_preserved_noise_mcc_selected_v1,linear_svm_class_weight_balanced,linear_svm,C,60/40,4,heuristic_fp_10,validation_grid,60/40,valid,0.100000,False,2124,48,4.800669,48,19,29,0.729167,0.739564,0.625000,0.789474,0.697674,0.468616,20,9,4,15,0.774955,0.619467,0.619467
linear_svm_balanced_ratio_preserved_noise_mcc_selected_v1,linear_svm_class_weight_balanced,linear_svm,C,60/40,4,heuristic_fp_10,validation_grid,60/40,valid,1.000000,True,2124,48,4.925915,48,19,29,0.750000,0.765880,0.640000,0.842105,0.727273,0.520545,20,9,3,16,0.771325,0.592289,0.592289
linear_svm_balanced_ratio_preserved_noise_mcc_selected_v1,linear_svm_class_weight_balanced,linear_svm,C,60/40,4,heuristic_fp_10,validation_grid,60/40,valid,10.000000,False,2124,48,5.586096,48,19,29,0.750000,0.756806,0.652174,0.789474,0.714286,0.502779,21,8,4,15,0.769510,0.605124,0.605124
linear_svm_balanced_ratio_preserved_noise_mcc_selected_v1,linear_svm_class_weight_balanced,linear_svm,C,60/40,4,heuristic_fp_10,test,50/50,test,1.000000,True,2124,48,5.654801,42,21,21,0.785714,0.785714,0.750000,0.857143,0.800000,0.577350,15,6,3,18,0.913832,0.930043,0.930043
linear_svm_balanced_ratio_preserved_noise_mcc_selected_v1,linear_svm_class_weight_balanced,linear_svm,C,60/40,4,heuristic_fp_10,test,60/40,test,1.000000,True,2124,48,5.776948,53,21,32,0.811321,0.819196,0.720000,0.857143,0.782609,0.625495,25,7,3,18,0.892857,0.853275,0.853275
linear_svm_balanced_ratio_preserved_noise_mcc_selected_v1,linear_svm_class_weight_balanced,linear_svm,C,60/40,4,heuristic_fp_10,test,70/30,test,1.000000,True,2124,48,5.870812,70,21,49,0.771429,0.795918,0.580645,0.857143,0.692308,0.546005,36,13,3,18,0.886297,0.841424,0.841424
linear_svm_balanced_ratio_preserved_noise_mcc_selected_v1,linear_svm_class_weight_balanced,linear_svm,C,60/40,4,heuristic_fp_10,test,75/25,test,1.000000,True,2124,48,5.986040,84,21,63,0.821429,0.833333,0.600000,0.857143,0.705882,0.602464,51,12,3,18,0.895692,0.687770,0.687770
linear_svm_balanced_ratio_preserved_noise_mcc_selected_v1,linear_svm_class_weight_balanced,linear_svm,C,60/40,4,heuristic_fp_10,test,80/20,test,1.000000,True,2124,48,6.085390,105,21,84,0.847619,0.851190,0.580645,0.857143,0.692308,0.615921,71,13,3,18,0.937642,0.868592,0.868592
linear_svm_balanced_ratio_preserved_noise_mcc_selected_v1,linear_svm_class_weight_balanced,linear_svm,C,60/40,4,heuristic_fp_10,test,90/10,test,1.000000,True,2124,48,6.273079,210,21,189,0.714286,0.777778,0.240000,0.857143,0.375000,0.347833,132,57,3,18,0.880322,0.473938,0.473938
linear_svm_balanced_ratio_preserved_noise_mcc_selected_v1,linear_svm_class_weight_balanced,linear_svm,C,60/40,4,heuristic_fp_20,validation_grid,60/40,valid,0.100000,False,2549,48,5.178066,48,19,29,0.687500,0.705082,0.576923,0.789474,0.666667,0.402564,18,11,4,15,0.774955,0.656444,0.656444
linear_svm_balanced_ratio_preserved_noise_mcc_selected_v1,linear_svm_class_weight_balanced,linear_svm,C,60/40,4,heuristic_fp_20,validation_grid,60/40,valid,1.000000,True,2549,48,5.328776,48,19,29,0.729167,0.748639,0.615385,0.842105,0.711111,0.488064,19,10,3,16,0.771325,0.693523,0.693523
linear_svm_balanced_ratio_preserved_noise_mcc_selected_v1,linear_svm_class_weight_balanced,linear_svm,C,60/40,4,heuristic_fp_20,validation_grid,60/40,valid,10.000000,False,2549,48,6.261469,48,19,29,0.687500,0.705082,0.576923,0.789474,0.666667,0.402564,18,11,4,15,0.756806,0.652108,0.652108
linear_svm_balanced_ratio_preserved_noise_mcc_selected_v1,linear_svm_class_weight_balanced,linear_svm,C,60/40,4,heuristic_fp_20,test,50/50,test,1.000000,True,2549,48,6.332130,42,21,21,0.809524,0.809524,0.782609,0.857143,0.818182,0.621874,16,5,3,18,0.911565,0.919143,0.919143
linear_svm_balanced_ratio_preserved_noise_mcc_selected_v1,linear_svm_class_weight_balanced,linear_svm,C,60/40,4,heuristic_fp_20,test,60/40,test,1.000000,True,2549,48,6.457750,53,21,32,0.849057,0.850446,0.782609,0.857143,0.818182,0.691690,27,5,3,18,0.889881,0.811519,0.811519
linear_svm_balanced_ratio_preserved_noise_mcc_selected_v1,linear_svm_class_weight_balanced,linear_svm,C,60/40,4,heuristic_fp_20,test,70/30,test,1.000000,True,2549,48,6.544606,70,21,49,0.728571,0.765306,0.529412,0.857143,0.654545,0.486513,33,16,3,18,0.872692,0.764694,0.764694
linear_svm_balanced_ratio_preserved_noise_mcc_selected_v1,linear_svm_class_weight_balanced,linear_svm,C,60/40,4,heuristic_fp_20,test,75/25,test,1.000000,True,2549,48,6.647424,84,21,63,0.773810,0.801587,0.529412,0.857143,0.654545,0.532106,47,16,3,18,0.896447,0.710281,0.710281
linear_svm_balanced_ratio_preserved_noise_mcc_selected_v1,linear_svm_class_weight_balanced,linear_svm,C,60/40,4,heuristic_fp_20,test,80/20,test,1.000000,True,2549,48,6.749746,105,21,84,0.761905,0.797619,0.450000,0.857143,0.590164,0.490290,62,22,3,18,0.903061,0.695024,0.695024
linear_svm_balanced_ratio_preserved_noise_mcc_selected_v1,linear_svm_class_weight_balanced,linear_svm,C,60/40,4,heuristic_fp_20,test,90/10,test,1.000000,True,2549,48,6.946933,210,21,189,0.685714,0.761905,0.222222,0.857143,0.352941,0.322832,126,63,3,18,0.857143,0.415900,0.415900
linear_svm_balanced_ratio_preserved_noise_mcc_selected_v1,linear_svm_class_weight_balanced,linear_svm,C,60/40,5,clean,validation_grid,60/40,valid,0.100000,True,1698,48,4.380068,48,19,29,0.645833,0.670599,0.535714,0.789474,0.638298,0.338445,16,13,4,15,0.716878,0.596011,0.596011
linear_svm_balanced_ratio_preserved_noise_mcc_selected_v1,linear_svm_class_weight_balanced,linear_svm,C,60/40,5,clean,validation_grid,60/40,valid,1.000000,False,1698,48,4.489078,48,19,29,0.625000,0.644283,0.518519,0.736842,0.608696,0.284466,16,13,5,14,0.715064,0.577142,0.577142
linear_svm_balanced_ratio_preserved_noise_mcc_selected_v1,linear_svm_class_weight_balanced,linear_svm,C,60/40,5,clean,validation_grid,60/40,valid,10.000000,False,1698,48,5.136426,48,19,29,0.625000,0.644283,0.518519,0.736842,0.608696,0.284466,16,13,5,14,0.709619,0.574310,0.574310
linear_svm_balanced_ratio_preserved_noise_mcc_selected_v1,linear_svm_class_weight_balanced,linear_svm,C,60/40,5,clean,test,50/50,test,0.100000,True,1698,48,5.205052,42,21,21,0.785714,0.785714,0.772727,0.809524,0.790698,0.572078,16,5,4,17,0.859410,0.865152,0.865152
linear_svm_balanced_ratio_preserved_noise_mcc_selected_v1,linear_svm_class_weight_balanced,linear_svm,C,60/40,5,clean,test,60/40,test,0.100000,True,1698,48,5.276857,53,21,32,0.811321,0.811012,0.739130,0.809524,0.772727,0.613857,26,6,4,17,0.863095,0.780703,0.780703
linear_svm_balanced_ratio_preserved_noise_mcc_selected_v1,linear_svm_class_weight_balanced,linear_svm,C,60/40,5,clean,test,70/30,test,0.100000,True,1698,48,5.351091,70,21,49,0.814286,0.812925,0.653846,0.809524,0.723404,0.593561,40,9,4,17,0.894072,0.776468,0.776468
linear_svm_balanced_ratio_preserved_noise_mcc_selected_v1,linear_svm_class_weight_balanced,linear_svm,C,60/40,5,clean,test,75/25,test,0.100000,True,1698,48,5.431528,84,21,63,0.892857,0.865079,0.772727,0.809524,0.790698,0.719101,58,5,4,17,0.920635,0.728295,0.728295
linear_svm_balanced_ratio_preserved_noise_mcc_selected_v1,linear_svm_class_weight_balanced,linear_svm,C,60/40,5,clean,test,80/20,test,0.100000,True,1698,48,5.561995,105,21,84,0.790476,0.797619,0.485714,0.809524,0.607143,0.505076,66,18,4,17,0.856009,0.576976,0.576976
linear_svm_balanced_ratio_preserved_noise_mcc_selected_v1,linear_svm_class_weight_balanced,linear_svm,C,60/40,5,clean,test,90/10,test,0.100000,True,1698,48,5.788307,210,21,189,0.819048,0.814815,0.333333,0.809524,0.472222,0.440496,155,34,4,17,0.890653,0.550650,0.550650
linear_svm_balanced_ratio_preserved_noise_mcc_selected_v1,linear_svm_class_weight_balanced,linear_svm,C,60/40,5,random_flip_10,validation_grid,60/40,valid,0.100000,False,1698,48,4.395394,48,19,29,0.625000,0.644283,0.518519,0.736842,0.608696,0.284466,16,13,5,14,0.727768,0.622556,0.622556
linear_svm_balanced_ratio_preserved_noise_mcc_selected_v1,linear_svm_class_weight_balanced,linear_svm,C,60/40,5,random_flip_10,validation_grid,60/40,valid,1.000000,True,1698,48,4.513662,48,19,29,0.645833,0.661525,0.538462,0.736842,0.622222,0.317063,17,12,5,14,0.695100,0.563026,0.563026
linear_svm_balanced_ratio_preserved_noise_mcc_selected_v1,linear_svm_class_weight_balanced,linear_svm,C,60/40,5,random_flip_10,validation_grid,60/40,valid,10.000000,False,1698,48,5.298567,48,19,29,0.645833,0.652450,0.541667,0.684211,0.604651,0.298210,18,11,6,13,0.700544,0.606170,0.606170
linear_svm_balanced_ratio_preserved_noise_mcc_selected_v1,linear_svm_class_weight_balanced,linear_svm,C,60/40,5,random_flip_10,test,50/50,test,1.000000,True,1698,48,5.368625,42,21,21,0.714286,0.714286,0.714286,0.714286,0.714286,0.428571,15,6,6,15,0.807256,0.826228,0.826228
linear_svm_balanced_ratio_preserved_noise_mcc_selected_v1,linear_svm_class_weight_balanced,linear_svm,C,60/40,5,random_flip_10,test,60/40,test,1.000000,True,1698,48,5.442009,53,21,32,0.754717,0.747768,0.681818,0.714286,0.697674,0.491889,25,7,6,15,0.834821,0.793815,0.793815
linear_svm_balanced_ratio_preserved_noise_mcc_selected_v1,linear_svm_class_weight_balanced,linear_svm,C,60/40,5,random_flip_10,test,70/30,test,1.000000,True,1698,48,5.519298,70,21,49,0.814286,0.785714,0.681818,0.714286,0.697674,0.564076,42,7,6,15,0.852284,0.775398,0.775398
linear_svm_balanced_ratio_preserved_noise_mcc_selected_v1,linear_svm_class_weight_balanced,linear_svm,C,60/40,5,random_flip_10,test,75/25,test,1.000000,True,1698,48,5.600749,84,21,63,0.833333,0.793651,0.652174,0.714286,0.681818,0.570312,55,8,6,15,0.857143,0.689190,0.689190
linear_svm_balanced_ratio_preserved_noise_mcc_selected_v1,linear_svm_class_weight_balanced,linear_svm,C,60/40,5,random_flip_10,test,80/20,test,1.000000,True,1698,48,5.731904,105,21,84,0.742857,0.732143,0.416667,0.714286,0.526316,0.391254,63,21,6,15,0.819728,0.529370,0.529370
linear_svm_balanced_ratio_preserved_noise_mcc_selected_v1,linear_svm_class_weight_balanced,linear_svm,C,60/40,5,random_flip_10,test,90/10,test,1.000000,True,1698,48,5.966832,210,21,189,0.800000,0.761905,0.294118,0.714286,0.416667,0.366463,153,36,6,15,0.835223,0.440198,0.440198
linear_svm_balanced_ratio_preserved_noise_mcc_selected_v1,linear_svm_class_weight_balanced,linear_svm,C,60/40,5,random_flip_20,validation_grid,60/40,valid,0.100000,False,1698,48,4.318729,48,19,29,0.583333,0.600726,0.481481,0.684211,0.565217,0.198589,15,14,6,13,0.680581,0.594721,0.594721
linear_svm_balanced_ratio_preserved_noise_mcc_selected_v1,linear_svm_class_weight_balanced,linear_svm,C,60/40,5,random_flip_20,validation_grid,60/40,valid,1.000000,True,1698,48,4.440111,48,19,29,0.604167,0.627042,0.500000,0.736842,0.595745,0.252033,15,14,5,14,0.627949,0.543860,0.543860
linear_svm_balanced_ratio_preserved_noise_mcc_selected_v1,linear_svm_class_weight_balanced,linear_svm,C,60/40,5,random_flip_20,validation_grid,60/40,valid,10.000000,False,1698,48,5.216788,48,19,29,0.583333,0.600726,0.481481,0.684211,0.565217,0.198589,15,14,6,13,0.622505,0.475975,0.475975
linear_svm_balanced_ratio_preserved_noise_mcc_selected_v1,linear_svm_class_weight_balanced,linear_svm,C,60/40,5,random_flip_20,test,50/50,test,1.000000,True,1698,48,5.288436,42,21,21,0.642857,0.642857,0.666667,0.571429,0.615385,0.288675,15,6,9,12,0.743764,0.760036,0.760036
linear_svm_balanced_ratio_preserved_noise_mcc_selected_v1,linear_svm_class_weight_balanced,linear_svm,C,60/40,5,random_flip_20,test,60/40,test,1.000000,True,1698,48,5.366702,53,21,32,0.735849,0.707589,0.705882,0.571429,0.631579,0.435055,27,5,9,12,0.800595,0.745627,0.745627
linear_svm_balanced_ratio_preserved_noise_mcc_selected_v1,linear_svm_class_weight_balanced,linear_svm,C,60/40,5,random_flip_20,test,70/30,test,1.000000,True,1698,48,5.449171,70,21,49,0.771429,0.714286,0.631579,0.571429,0.600000,0.441641,42,7,9,12,0.812439,0.700123,0.700123
linear_svm_balanced_ratio_preserved_noise_mcc_selected_v1,linear_svm_class_weight_balanced,linear_svm,C,60/40,5,random_flip_20,test,75/25,test,1.000000,True,1698,48,5.535627,84,21,63,0.785714,0.714286,0.571429,0.571429,0.571429,0.428571,54,9,9,12,0.799698,0.636271,0.636271
linear_svm_balanced_ratio_preserved_noise_mcc_selected_v1,linear_svm_class_weight_balanced,linear_svm,C,60/40,5,random_flip_20,test,80/20,test,1.000000,True,1698,48,5.672295,105,21,84,0.752381,0.684524,0.413793,0.571429,0.480000,0.330161,67,17,9,12,0.790816,0.559847,0.559847
linear_svm_balanced_ratio_preserved_noise_mcc_selected_v1,linear_svm_class_weight_balanced,linear_svm,C,60/40,5,random_flip_20,test,90/10,test,1.000000,True,1698,48,5.922327,210,21,189,0.771429,0.682540,0.235294,0.571429,0.333333,0.255414,150,39,9,12,0.794911,0.465031,0.465031
linear_svm_balanced_ratio_preserved_noise_mcc_selected_v1,linear_svm_class_weight_balanced,linear_svm,C,60/40,5,random_fp_10,validation_grid,60/40,valid,0.100000,False,2124,48,4.798608,48,19,29,0.645833,0.670599,0.535714,0.789474,0.638298,0.338445,16,13,4,15,0.782214,0.709967,0.709967
linear_svm_balanced_ratio_preserved_noise_mcc_selected_v1,linear_svm_class_weight_balanced,linear_svm,C,60/40,5,random_fp_10,validation_grid,60/40,valid,1.000000,False,2124,48,4.937493,48,19,29,0.666667,0.678766,0.560000,0.736842,0.636364,0.349991,18,11,5,14,0.798548,0.744498,0.744498
linear_svm_balanced_ratio_preserved_noise_mcc_selected_v1,linear_svm_class_weight_balanced,linear_svm,C,60/40,5,random_fp_10,validation_grid,60/40,valid,10.000000,True,2124,48,5.755168,48,19,29,0.708333,0.722323,0.600000,0.789474,0.681818,0.435268,19,10,4,15,0.796733,0.758915,0.758915
linear_svm_balanced_ratio_preserved_noise_mcc_selected_v1,linear_svm_class_weight_balanced,linear_svm,C,60/40,5,random_fp_10,test,50/50,test,10.000000,True,2124,48,5.865775,42,21,21,0.738095,0.738095,0.727273,0.761905,0.744186,0.476731,15,6,5,16,0.807256,0.828385,0.828385
linear_svm_balanced_ratio_preserved_noise_mcc_selected_v1,linear_svm_class_weight_balanced,linear_svm,C,60/40,5,random_fp_10,test,60/40,test,10.000000,True,2124,48,5.959467,53,21,32,0.773585,0.771577,0.695652,0.761905,0.727273,0.536023,25,7,5,16,0.818452,0.783018,0.783018
linear_svm_balanced_ratio_preserved_noise_mcc_selected_v1,linear_svm_class_weight_balanced,linear_svm,C,60/40,5,random_fp_10,test,70/30,test,10.000000,True,2124,48,6.050149,70,21,49,0.814286,0.799320,0.666667,0.761905,0.711111,0.577948,41,8,5,16,0.805637,0.667156,0.667156
linear_svm_balanced_ratio_preserved_noise_mcc_selected_v1,linear_svm_class_weight_balanced,linear_svm,C,60/40,5,random_fp_10,test,75/25,test,10.000000,True,2124,48,6.145145,84,21,63,0.821429,0.801587,0.615385,0.761905,0.680851,0.564966,53,10,5,16,0.817082,0.608516,0.608516
linear_svm_balanced_ratio_preserved_noise_mcc_selected_v1,linear_svm_class_weight_balanced,linear_svm,C,60/40,5,random_fp_10,test,80/20,test,10.000000,True,2124,48,6.285075,105,21,84,0.752381,0.755952,0.432432,0.761905,0.551724,0.428631,63,21,5,16,0.808957,0.643565,0.643565
linear_svm_balanced_ratio_preserved_noise_mcc_selected_v1,linear_svm_class_weight_balanced,linear_svm,C,60/40,5,random_fp_10,test,90/10,test,10.000000,True,2124,48,6.521795,210,21,189,0.766667,0.764550,0.266667,0.761905,0.395062,0.351364,145,44,5,16,0.819602,0.486260,0.486260
linear_svm_balanced_ratio_preserved_noise_mcc_selected_v1,linear_svm_class_weight_balanced,linear_svm,C,60/40,5,random_fp_20,validation_grid,60/40,valid,0.100000,True,2549,48,5.459139,48,19,29,0.645833,0.670599,0.535714,0.789474,0.638298,0.338445,16,13,4,15,0.696915,0.621028,0.621028
linear_svm_balanced_ratio_preserved_noise_mcc_selected_v1,linear_svm_class_weight_balanced,linear_svm,C,60/40,5,random_fp_20,validation_grid,60/40,valid,1.000000,False,2549,48,5.631055,48,19,29,0.625000,0.644283,0.518519,0.736842,0.608696,0.284466,16,13,5,14,0.678766,0.587864,0.587864
linear_svm_balanced_ratio_preserved_noise_mcc_selected_v1,linear_svm_class_weight_balanced,linear_svm,C,60/40,5,random_fp_20,validation_grid,60/40,valid,10.000000,False,2549,48,6.859832,48,19,29,0.645833,0.634301,0.550000,0.578947,0.564103,0.266435,20,9,8,11,0.680581,0.570115,0.570115
linear_svm_balanced_ratio_preserved_noise_mcc_selected_v1,linear_svm_class_weight_balanced,linear_svm,C,60/40,5,random_fp_20,test,50/50,test,0.100000,True,2549,48,6.930148,42,21,21,0.809524,0.809524,0.782609,0.857143,0.818182,0.621874,16,5,3,18,0.861678,0.841183,0.841183
linear_svm_balanced_ratio_preserved_noise_mcc_selected_v1,linear_svm_class_weight_balanced,linear_svm,C,60/40,5,random_fp_20,test,60/40,test,0.100000,True,2549,48,7.006403,53,21,32,0.754717,0.772321,0.642857,0.857143,0.734694,0.533639,22,10,3,18,0.855655,0.776189,0.776189
linear_svm_balanced_ratio_preserved_noise_mcc_selected_v1,linear_svm_class_weight_balanced,linear_svm,C,60/40,5,random_fp_20,test,70/30,test,0.100000,True,2549,48,7.087679,70,21,49,0.828571,0.836735,0.666667,0.857143,0.750000,0.634029,40,9,3,18,0.913508,0.774247,0.774247
linear_svm_balanced_ratio_preserved_noise_mcc_selected_v1,linear_svm_class_weight_balanced,linear_svm,C,60/40,5,random_fp_20,test,75/25,test,0.100000,True,2549,48,7.172799,84,21,63,0.821429,0.833333,0.600000,0.857143,0.705882,0.602464,51,12,3,18,0.925926,0.805902,0.805902
linear_svm_balanced_ratio_preserved_noise_mcc_selected_v1,linear_svm_class_weight_balanced,linear_svm,C,60/40,5,random_fp_20,test,80/20,test,0.100000,True,2549,48,7.299678,105,21,84,0.761905,0.797619,0.450000,0.857143,0.590164,0.490290,62,22,3,18,0.858277,0.557852,0.557852
linear_svm_balanced_ratio_preserved_noise_mcc_selected_v1,linear_svm_class_weight_balanced,linear_svm,C,60/40,5,random_fp_20,test,90/10,test,0.100000,True,2549,48,7.540450,210,21,189,0.742857,0.793651,0.260870,0.857143,0.400000,0.375118,138,51,3,18,0.901738,0.584121,0.584121
linear_svm_balanced_ratio_preserved_noise_mcc_selected_v1,linear_svm_class_weight_balanced,linear_svm,C,60/40,5,heuristic_fp_10,validation_grid,60/40,valid,0.100000,True,2124,48,4.653077,48,19,29,0.666667,0.687840,0.555556,0.789474,0.652174,0.370342,17,12,4,15,0.729583,0.628831,0.628831
linear_svm_balanced_ratio_preserved_noise_mcc_selected_v1,linear_svm_class_weight_balanced,linear_svm,C,60/40,5,heuristic_fp_10,validation_grid,60/40,valid,1.000000,False,2124,48,4.776527,48,19,29,0.645833,0.670599,0.535714,0.789474,0.638298,0.338445,16,13,4,15,0.745917,0.672517,0.672517
linear_svm_balanced_ratio_preserved_noise_mcc_selected_v1,linear_svm_class_weight_balanced,linear_svm,C,60/40,5,heuristic_fp_10,validation_grid,60/40,valid,10.000000,False,2124,48,5.445031,48,19,29,0.625000,0.644283,0.518519,0.736842,0.608696,0.284466,16,13,5,14,0.745917,0.683254,0.683254
linear_svm_balanced_ratio_preserved_noise_mcc_selected_v1,linear_svm_class_weight_balanced,linear_svm,C,60/40,5,heuristic_fp_10,test,50/50,test,0.100000,True,2124,48,5.512355,42,21,21,0.809524,0.809524,0.782609,0.857143,0.818182,0.621874,16,5,3,18,0.873016,0.864313,0.864313
linear_svm_balanced_ratio_preserved_noise_mcc_selected_v1,linear_svm_class_weight_balanced,linear_svm,C,60/40,5,heuristic_fp_10,test,60/40,test,0.100000,True,2124,48,5.585798,53,21,32,0.811321,0.819196,0.720000,0.857143,0.782609,0.625495,25,7,3,18,0.877976,0.813339,0.813339
linear_svm_balanced_ratio_preserved_noise_mcc_selected_v1,linear_svm_class_weight_balanced,linear_svm,C,60/40,5,heuristic_fp_10,test,70/30,test,0.100000,True,2124,48,5.662294,70,21,49,0.800000,0.816327,0.620690,0.857143,0.720000,0.588549,38,11,3,18,0.874636,0.732899,0.732899
linear_svm_balanced_ratio_preserved_noise_mcc_selected_v1,linear_svm_class_weight_balanced,linear_svm,C,60/40,5,heuristic_fp_10,test,75/25,test,0.100000,True,2124,48,5.744894,84,21,63,0.869048,0.865079,0.692308,0.857143,0.765957,0.683906,55,8,3,18,0.915344,0.711916,0.711916
linear_svm_balanced_ratio_preserved_noise_mcc_selected_v1,linear_svm_class_weight_balanced,linear_svm,C,60/40,5,heuristic_fp_10,test,80/20,test,0.100000,True,2124,48,5.876844,105,21,84,0.771429,0.803571,0.461538,0.857143,0.600000,0.502616,63,21,3,18,0.856009,0.584389,0.584389
linear_svm_balanced_ratio_preserved_noise_mcc_selected_v1,linear_svm_class_weight_balanced,linear_svm,C,60/40,5,heuristic_fp_10,test,90/10,test,0.100000,True,2124,48,6.114709,210,21,189,0.771429,0.809524,0.285714,0.857143,0.428571,0.405262,144,45,3,18,0.887377,0.536486,0.536486
linear_svm_balanced_ratio_preserved_noise_mcc_selected_v1,linear_svm_class_weight_balanced,linear_svm,C,60/40,5,heuristic_fp_20,validation_grid,60/40,valid,0.100000,False,2549,48,5.384948,48,19,29,0.604167,0.636116,0.500000,0.789474,0.612245,0.274991,14,15,4,15,0.736842,0.639887,0.639887
linear_svm_balanced_ratio_preserved_noise_mcc_selected_v1,linear_svm_class_weight_balanced,linear_svm,C,60/40,5,heuristic_fp_20,validation_grid,60/40,valid,1.000000,True,2549,48,5.532428,48,19,29,0.687500,0.705082,0.576923,0.789474,0.666667,0.402564,18,11,4,15,0.736842,0.651082,0.651082
linear_svm_balanced_ratio_preserved_noise_mcc_selected_v1,linear_svm_class_weight_balanced,linear_svm,C,60/40,5,heuristic_fp_20,validation_grid,60/40,valid,10.000000,False,2549,48,6.323933,48,19,29,0.666667,0.669691,0.565217,0.684211,0.619048,0.332225,19,10,6,13,0.744102,0.639235,0.639235
linear_svm_balanced_ratio_preserved_noise_mcc_selected_v1,linear_svm_class_weight_balanced,linear_svm,C,60/40,5,heuristic_fp_20,test,50/50,test,1.000000,True,2549,48,6.394271,42,21,21,0.738095,0.738095,0.708333,0.809524,0.755556,0.481125,14,7,4,17,0.845805,0.836187,0.836187
linear_svm_balanced_ratio_preserved_noise_mcc_selected_v1,linear_svm_class_weight_balanced,linear_svm,C,60/40,5,heuristic_fp_20,test,60/40,test,1.000000,True,2549,48,6.471722,53,21,32,0.792453,0.795387,0.708333,0.809524,0.755556,0.580499,25,7,4,17,0.888393,0.859719,0.859719
linear_svm_balanced_ratio_preserved_noise_mcc_selected_v1,linear_svm_class_weight_balanced,linear_svm,C,60/40,5,heuristic_fp_20,test,70/30,test,1.000000,True,2549,48,6.552089,70,21,49,0.771429,0.782313,0.586207,0.809524,0.680000,0.525264,37,12,4,17,0.896987,0.780606,0.780606
linear_svm_balanced_ratio_preserved_noise_mcc_selected_v1,linear_svm_class_weight_balanced,linear_svm,C,60/40,5,heuristic_fp_20,test,75/25,test,1.000000,True,2549,48,6.632410,84,21,63,0.833333,0.825397,0.629630,0.809524,0.708333,0.603398,53,10,4,17,0.893424,0.634282,0.634282
linear_svm_balanced_ratio_preserved_noise_mcc_selected_v1,linear_svm_class_weight_balanced,linear_svm,C,60/40,5,heuristic_fp_20,test,80/20,test,1.000000,True,2549,48,6.755661,105,21,84,0.790476,0.797619,0.485714,0.809524,0.607143,0.505076,66,18,4,17,0.890023,0.679329,0.679329
linear_svm_balanced_ratio_preserved_noise_mcc_selected_v1,linear_svm_class_weight_balanced,linear_svm,C,60/40,5,heuristic_fp_20,test,90/10,test,1.000000,True,2549,48,6.989785,210,21,189,0.771429,0.788360,0.278689,0.809524,0.414634,0.381107,145,44,4,17,0.885362,0.503758,0.503758
linear_svm_balanced_ratio_preserved_noise_mcc_selected_v1,linear_svm_class_weight_balanced,linear_svm,C,70/30,1,clean,validation_grid,70/30,valid,0.100000,True,2264,64,5.094997,64,19,45,0.796875,0.779532,0.636364,0.736842,0.682927,0.537785,37,8,5,14,0.812865,0.634578,0.634578
linear_svm_balanced_ratio_preserved_noise_mcc_selected_v1,linear_svm_class_weight_balanced,linear_svm,C,70/30,1,clean,validation_grid,70/30,valid,1.000000,False,2264,64,5.269180,64,19,45,0.750000,0.730994,0.565217,0.684211,0.619048,0.439904,35,10,6,13,0.794152,0.682343,0.682343
linear_svm_balanced_ratio_preserved_noise_mcc_selected_v1,linear_svm_class_weight_balanced,linear_svm,C,70/30,1,clean,validation_grid,70/30,valid,10.000000,False,2264,64,6.293609,64,19,45,0.750000,0.700585,0.578947,0.578947,0.578947,0.401170,37,8,8,11,0.783626,0.661594,0.661594
linear_svm_balanced_ratio_preserved_noise_mcc_selected_v1,linear_svm_class_weight_balanced,linear_svm,C,70/30,1,clean,test,50/50,test,0.100000,True,2264,64,6.361641,42,21,21,0.761905,0.761905,0.761905,0.761905,0.761905,0.523810,16,5,5,16,0.877551,0.889705,0.889705
linear_svm_balanced_ratio_preserved_noise_mcc_selected_v1,linear_svm_class_weight_balanced,linear_svm,C,70/30,1,clean,test,60/40,test,0.100000,True,2264,64,6.435909,53,21,32,0.792453,0.787202,0.727273,0.761905,0.744186,0.570178,26,6,5,16,0.861607,0.831687,0.831687
linear_svm_balanced_ratio_preserved_noise_mcc_selected_v1,linear_svm_class_weight_balanced,linear_svm,C,70/30,1,clean,test,70/30,test,0.100000,True,2264,64,6.515052,70,21,49,0.885714,0.850340,0.842105,0.761905,0.800000,0.722047,46,3,5,16,0.913508,0.889837,0.889837
linear_svm_balanced_ratio_preserved_noise_mcc_selected_v1,linear_svm_class_weight_balanced,linear_svm,C,70/30,1,clean,test,75/25,test,0.100000,True,2264,64,6.598267,84,21,63,0.869048,0.833333,0.727273,0.761905,0.744186,0.656571,57,6,5,16,0.920635,0.859217,0.859217
linear_svm_balanced_ratio_preserved_noise_mcc_selected_v1,linear_svm_class_weight_balanced,linear_svm,C,70/30,1,clean,test,80/20,test,0.100000,True,2264,64,6.713065,105,21,84,0.800000,0.785714,0.500000,0.761905,0.603774,0.496564,68,16,5,16,0.857710,0.586846,0.586846
linear_svm_balanced_ratio_preserved_noise_mcc_selected_v1,linear_svm_class_weight_balanced,linear_svm,C,70/30,1,clean,test,90/10,test,0.100000,True,2264,64,6.915609,210,21,189,0.795238,0.780423,0.296296,0.761905,0.426667,0.384969,151,38,5,16,0.867473,0.528982,0.528982
linear_svm_balanced_ratio_preserved_noise_mcc_selected_v1,linear_svm_class_weight_balanced,linear_svm,C,70/30,1,random_flip_10,validation_grid,70/30,valid,0.100000,True,2264,64,5.084050,64,19,45,0.812500,0.805848,0.652174,0.789474,0.714286,0.582456,37,8,4,15,0.816374,0.602960,0.602960
linear_svm_balanced_ratio_preserved_noise_mcc_selected_v1,linear_svm_class_weight_balanced,linear_svm,C,70/30,1,random_flip_10,validation_grid,70/30,valid,1.000000,False,2264,64,5.270648,64,19,45,0.750000,0.700585,0.578947,0.578947,0.578947,0.401170,37,8,8,11,0.792982,0.713364,0.713364
linear_svm_balanced_ratio_preserved_noise_mcc_selected_v1,linear_svm_class_weight_balanced,linear_svm,C,70/30,1,random_flip_10,validation_grid,70/30,valid,10.000000,False,2264,64,6.591024,64,19,45,0.750000,0.700585,0.578947,0.578947,0.578947,0.401170,37,8,8,11,0.787135,0.724710,0.724710
linear_svm_balanced_ratio_preserved_noise_mcc_selected_v1,linear_svm_class_weight_balanced,linear_svm,C,70/30,1,random_flip_10,test,50/50,test,0.100000,True,2264,64,6.659199,42,21,21,0.785714,0.785714,0.800000,0.761905,0.780488,0.572078,17,4,5,16,0.866213,0.882901,0.882901
linear_svm_balanced_ratio_preserved_noise_mcc_selected_v1,linear_svm_class_weight_balanced,linear_svm,C,70/30,1,random_flip_10,test,60/40,test,0.100000,True,2264,64,6.734537,53,21,32,0.754717,0.755952,0.666667,0.761905,0.711111,0.503001,24,8,5,16,0.824405,0.788046,0.788046
linear_svm_balanced_ratio_preserved_noise_mcc_selected_v1,linear_svm_class_weight_balanced,linear_svm,C,70/30,1,random_flip_10,test,70/30,test,0.100000,True,2264,64,6.807738,70,21,49,0.871429,0.840136,0.800000,0.761905,0.780488,0.690066,45,4,5,16,0.904762,0.881349,0.881349
linear_svm_balanced_ratio_preserved_noise_mcc_selected_v1,linear_svm_class_weight_balanced,linear_svm,C,70/30,1,random_flip_10,test,75/25,test,0.100000,True,2264,64,6.890893,84,21,63,0.880952,0.841270,0.761905,0.761905,0.761905,0.682540,58,5,5,16,0.906274,0.845996,0.845996
linear_svm_balanced_ratio_preserved_noise_mcc_selected_v1,linear_svm_class_weight_balanced,linear_svm,C,70/30,1,random_flip_10,test,80/20,test,0.100000,True,2264,64,6.999336,105,21,84,0.800000,0.785714,0.500000,0.761905,0.603774,0.496564,68,16,5,16,0.839002,0.603575,0.603575
linear_svm_balanced_ratio_preserved_noise_mcc_selected_v1,linear_svm_class_weight_balanced,linear_svm,C,70/30,1,random_flip_10,test,90/10,test,0.100000,True,2264,64,7.206557,210,21,189,0.790476,0.777778,0.290909,0.761905,0.421053,0.379071,150,39,5,16,0.850592,0.485114,0.485114
linear_svm_balanced_ratio_preserved_noise_mcc_selected_v1,linear_svm_class_weight_balanced,linear_svm,C,70/30,1,random_flip_20,validation_grid,70/30,valid,0.100000,True,2264,64,5.154801,64,19,45,0.734375,0.750292,0.535714,0.789474,0.638298,0.461031,32,13,4,15,0.770760,0.630090,0.630090
linear_svm_balanced_ratio_preserved_noise_mcc_selected_v1,linear_svm_class_weight_balanced,linear_svm,C,70/30,1,random_flip_20,validation_grid,70/30,valid,1.000000,False,2264,64,5.343495,64,19,45,0.703125,0.682456,0.500000,0.631579,0.558140,0.344378,33,12,7,12,0.740351,0.599231,0.599231
linear_svm_balanced_ratio_preserved_noise_mcc_selected_v1,linear_svm_class_weight_balanced,linear_svm,C,70/30,1,random_flip_20,validation_grid,70/30,valid,10.000000,False,2264,64,6.522516,64,19,45,0.734375,0.704678,0.545455,0.631579,0.585366,0.393776,35,10,7,12,0.736842,0.613783,0.613783
linear_svm_balanced_ratio_preserved_noise_mcc_selected_v1,linear_svm_class_weight_balanced,linear_svm,C,70/30,1,random_flip_20,test,50/50,test,0.100000,True,2264,64,6.588864,42,21,21,0.761905,0.761905,0.761905,0.761905,0.761905,0.523810,16,5,5,16,0.859410,0.861399,0.861399
linear_svm_balanced_ratio_preserved_noise_mcc_selected_v1,linear_svm_class_weight_balanced,linear_svm,C,70/30,1,random_flip_20,test,60/40,test,0.100000,True,2264,64,6.660859,53,21,32,0.754717,0.755952,0.666667,0.761905,0.711111,0.503001,24,8,5,16,0.857143,0.822501,0.822501
linear_svm_balanced_ratio_preserved_noise_mcc_selected_v1,linear_svm_class_weight_balanced,linear_svm,C,70/30,1,random_flip_20,test,70/30,test,0.100000,True,2264,64,6.737044,70,21,49,0.842857,0.819728,0.727273,0.761905,0.744186,0.631228,43,6,5,16,0.908649,0.846156,0.846156
linear_svm_balanced_ratio_preserved_noise_mcc_selected_v1,linear_svm_class_weight_balanced,linear_svm,C,70/30,1,random_flip_20,test,75/25,test,0.100000,True,2264,64,6.826011,84,21,63,0.809524,0.793651,0.592593,0.761905,0.666667,0.544530,52,11,5,16,0.891912,0.763455,0.763455
linear_svm_balanced_ratio_preserved_noise_mcc_selected_v1,linear_svm_class_weight_balanced,linear_svm,C,70/30,1,random_flip_20,test,80/20,test,0.100000,True,2264,64,6.951712,105,21,84,0.752381,0.755952,0.432432,0.761905,0.551724,0.428631,63,21,5,16,0.824830,0.612925,0.612925
linear_svm_balanced_ratio_preserved_noise_mcc_selected_v1,linear_svm_class_weight_balanced,linear_svm,C,70/30,1,random_flip_20,test,90/10,test,0.100000,True,2264,64,7.161542,210,21,189,0.742857,0.751323,0.246154,0.761905,0.372093,0.326183,140,49,5,16,0.854371,0.525576,0.525576
linear_svm_balanced_ratio_preserved_noise_mcc_selected_v1,linear_svm_class_weight_balanced,linear_svm,C,70/30,1,random_fp_10,validation_grid,70/30,valid,0.100000,True,3021,64,6.160402,64,19,45,0.718750,0.723977,0.518519,0.736842,0.608696,0.414413,32,13,5,14,0.795322,0.617516,0.617516
linear_svm_balanced_ratio_preserved_noise_mcc_selected_v1,linear_svm_class_weight_balanced,linear_svm,C,70/30,1,random_fp_10,validation_grid,70/30,valid,1.000000,False,3021,64,6.382142,64,19,45,0.703125,0.697661,0.500000,0.684211,0.577778,0.367752,32,13,6,13,0.754386,0.600507,0.600507
linear_svm_balanced_ratio_preserved_noise_mcc_selected_v1,linear_svm_class_weight_balanced,linear_svm,C,70/30,1,random_fp_10,validation_grid,70/30,valid,10.000000,False,3021,64,7.546667,64,19,45,0.656250,0.633918,0.440000,0.578947,0.500000,0.250813,31,14,8,11,0.713450,0.500959,0.500959
linear_svm_balanced_ratio_preserved_noise_mcc_selected_v1,linear_svm_class_weight_balanced,linear_svm,C,70/30,1,random_fp_10,test,50/50,test,0.100000,True,3021,64,7.611478,42,21,21,0.738095,0.738095,0.727273,0.761905,0.744186,0.476731,15,6,5,16,0.848073,0.850250,0.850250
linear_svm_balanced_ratio_preserved_noise_mcc_selected_v1,linear_svm_class_weight_balanced,linear_svm,C,70/30,1,random_fp_10,test,60/40,test,0.100000,True,3021,64,7.686179,53,21,32,0.792453,0.787202,0.727273,0.761905,0.744186,0.570178,26,6,5,16,0.836310,0.798218,0.798218
linear_svm_balanced_ratio_preserved_noise_mcc_selected_v1,linear_svm_class_weight_balanced,linear_svm,C,70/30,1,random_fp_10,test,70/30,test,0.100000,True,3021,64,7.759320,70,21,49,0.828571,0.809524,0.695652,0.761905,0.727273,0.603975,42,7,5,16,0.891156,0.824781,0.824781
linear_svm_balanced_ratio_preserved_noise_mcc_selected_v1,linear_svm_class_weight_balanced,linear_svm,C,70/30,1,random_fp_10,test,75/25,test,0.100000,True,3021,64,7.845856,84,21,63,0.833333,0.809524,0.640000,0.761905,0.695652,0.586284,54,9,5,16,0.897959,0.791913,0.791913
linear_svm_balanced_ratio_preserved_noise_mcc_selected_v1,linear_svm_class_weight_balanced,linear_svm,C,70/30,1,random_fp_10,test,80/20,test,0.100000,True,3021,64,7.950850,105,21,84,0.742857,0.750000,0.421053,0.761905,0.542373,0.416189,62,22,5,16,0.823696,0.540302,0.540302
linear_svm_balanced_ratio_preserved_noise_mcc_selected_v1,linear_svm_class_weight_balanced,linear_svm,C,70/30,1,random_fp_10,test,90/10,test,0.100000,True,3021,64,8.136270,210,21,189,0.752381,0.756614,0.253968,0.761905,0.380952,0.335986,142,47,5,16,0.842026,0.493744,0.493744
linear_svm_balanced_ratio_preserved_noise_mcc_selected_v1,linear_svm_class_weight_balanced,linear_svm,C,70/30,1,random_fp_20,validation_grid,70/30,valid,0.100000,True,3775,64,6.780119,64,19,45,0.765625,0.787719,0.571429,0.842105,0.680851,0.529971,33,12,3,16,0.843275,0.701245,0.701245
linear_svm_balanced_ratio_preserved_noise_mcc_selected_v1,linear_svm_class_weight_balanced,linear_svm,C,70/30,1,random_fp_20,validation_grid,70/30,valid,1.000000,False,3775,64,7.076141,64,19,45,0.718750,0.754386,0.516129,0.842105,0.640000,0.465124,30,15,3,16,0.840936,0.753069,0.753069
linear_svm_balanced_ratio_preserved_noise_mcc_selected_v1,linear_svm_class_weight_balanced,linear_svm,C,70/30,1,random_fp_20,validation_grid,70/30,valid,10.000000,False,3775,64,8.679080,64,19,45,0.734375,0.780702,0.531250,0.894737,0.666667,0.512989,30,15,2,17,0.836257,0.681875,0.681875
linear_svm_balanced_ratio_preserved_noise_mcc_selected_v1,linear_svm_class_weight_balanced,linear_svm,C,70/30,1,random_fp_20,test,50/50,test,0.100000,True,3775,64,8.744289,42,21,21,0.809524,0.809524,0.809524,0.809524,0.809524,0.619048,17,4,4,17,0.895692,0.907386,0.907386
linear_svm_balanced_ratio_preserved_noise_mcc_selected_v1,linear_svm_class_weight_balanced,linear_svm,C,70/30,1,random_fp_20,test,60/40,test,0.100000,True,3775,64,8.815142,53,21,32,0.716981,0.732887,0.607143,0.809524,0.693878,0.456363,21,11,4,17,0.848214,0.836685,0.836685
linear_svm_balanced_ratio_preserved_noise_mcc_selected_v1,linear_svm_class_weight_balanced,linear_svm,C,70/30,1,random_fp_20,test,70/30,test,0.100000,True,3775,64,8.888349,70,21,49,0.828571,0.823129,0.680000,0.809524,0.739130,0.618070,41,8,4,17,0.895044,0.855693,0.855693
linear_svm_balanced_ratio_preserved_noise_mcc_selected_v1,linear_svm_class_weight_balanced,linear_svm,C,70/30,1,random_fp_20,test,75/25,test,0.100000,True,3775,64,8.970222,84,21,63,0.821429,0.817460,0.607143,0.809524,0.693878,0.583212,52,11,4,17,0.884354,0.822314,0.822314
linear_svm_balanced_ratio_preserved_noise_mcc_selected_v1,linear_svm_class_weight_balanced,linear_svm,C,70/30,1,random_fp_20,test,80/20,test,0.100000,True,3775,64,9.080513,105,21,84,0.704762,0.744048,0.386364,0.809524,0.523077,0.395697,57,27,4,17,0.834467,0.600347,0.600347
linear_svm_balanced_ratio_preserved_noise_mcc_selected_v1,linear_svm_class_weight_balanced,linear_svm,C,70/30,1,random_fp_20,test,90/10,test,0.100000,True,3775,64,9.276291,210,21,189,0.728571,0.764550,0.242857,0.809524,0.373626,0.336718,136,53,4,17,0.851096,0.531914,0.531914
linear_svm_balanced_ratio_preserved_noise_mcc_selected_v1,linear_svm_class_weight_balanced,linear_svm,C,70/30,1,heuristic_fp_10,validation_grid,70/30,valid,0.100000,False,3021,64,5.919821,64,19,45,0.765625,0.772515,0.576923,0.789474,0.666667,0.507019,34,11,4,15,0.846784,0.680443,0.680443
linear_svm_balanced_ratio_preserved_noise_mcc_selected_v1,linear_svm_class_weight_balanced,linear_svm,C,70/30,1,heuristic_fp_10,validation_grid,70/30,valid,1.000000,True,3021,64,6.118609,64,19,45,0.812500,0.821053,0.640000,0.842105,0.727273,0.601294,36,9,3,16,0.858480,0.711671,0.711671
linear_svm_balanced_ratio_preserved_noise_mcc_selected_v1,linear_svm_class_weight_balanced,linear_svm,C,70/30,1,heuristic_fp_10,validation_grid,70/30,valid,10.000000,False,3021,64,7.178209,64,19,45,0.796875,0.794737,0.625000,0.789474,0.697674,0.556304,36,9,4,15,0.847953,0.679057,0.679057
linear_svm_balanced_ratio_preserved_noise_mcc_selected_v1,linear_svm_class_weight_balanced,linear_svm,C,70/30,1,heuristic_fp_10,test,50/50,test,1.000000,True,3021,64,7.244966,42,21,21,0.809524,0.809524,0.809524,0.809524,0.809524,0.619048,17,4,4,17,0.900227,0.900872,0.900872
linear_svm_balanced_ratio_preserved_noise_mcc_selected_v1,linear_svm_class_weight_balanced,linear_svm,C,70/30,1,heuristic_fp_10,test,60/40,test,1.000000,True,3021,64,7.318823,53,21,32,0.811321,0.811012,0.739130,0.809524,0.772727,0.613857,26,6,4,17,0.885417,0.816175,0.816175
linear_svm_balanced_ratio_preserved_noise_mcc_selected_v1,linear_svm_class_weight_balanced,linear_svm,C,70/30,1,heuristic_fp_10,test,70/30,test,1.000000,True,3021,64,7.397232,70,21,49,0.914286,0.884354,0.894737,0.809524,0.850000,0.792149,47,2,4,17,0.925170,0.870971,0.870971
linear_svm_balanced_ratio_preserved_noise_mcc_selected_v1,linear_svm_class_weight_balanced,linear_svm,C,70/30,1,heuristic_fp_10,test,75/25,test,1.000000,True,3021,64,7.479816,84,21,63,0.821429,0.817460,0.607143,0.809524,0.693878,0.583212,52,11,4,17,0.923658,0.860895,0.860895
linear_svm_balanced_ratio_preserved_noise_mcc_selected_v1,linear_svm_class_weight_balanced,linear_svm,C,70/30,1,heuristic_fp_10,test,80/20,test,1.000000,True,3021,64,7.585280,105,21,84,0.809524,0.809524,0.515152,0.809524,0.629630,0.533396,68,16,4,17,0.891723,0.722191,0.722191
linear_svm_balanced_ratio_preserved_noise_mcc_selected_v1,linear_svm_class_weight_balanced,linear_svm,C,70/30,1,heuristic_fp_10,test,90/10,test,1.000000,True,3021,64,7.783941,210,21,189,0.804762,0.806878,0.314815,0.809524,0.453333,0.421287,152,37,4,17,0.881834,0.453783,0.453783
linear_svm_balanced_ratio_preserved_noise_mcc_selected_v1,linear_svm_class_weight_balanced,linear_svm,C,70/30,1,heuristic_fp_20,validation_grid,70/30,valid,0.100000,False,3775,64,7.480425,64,19,45,0.765625,0.772515,0.576923,0.789474,0.666667,0.507019,34,11,4,15,0.852632,0.716321,0.716321
linear_svm_balanced_ratio_preserved_noise_mcc_selected_v1,linear_svm_class_weight_balanced,linear_svm,C,70/30,1,heuristic_fp_20,validation_grid,70/30,valid,1.000000,True,3775,64,7.802936,64,19,45,0.796875,0.809942,0.615385,0.842105,0.711111,0.576653,35,10,3,16,0.851462,0.751059,0.751059
linear_svm_balanced_ratio_preserved_noise_mcc_selected_v1,linear_svm_class_weight_balanced,linear_svm,C,70/30,1,heuristic_fp_20,validation_grid,70/30,valid,10.000000,False,3775,64,9.398731,64,19,45,0.781250,0.768421,0.608696,0.736842,0.666667,0.511180,36,9,5,14,0.815205,0.699672,0.699672
linear_svm_balanced_ratio_preserved_noise_mcc_selected_v1,linear_svm_class_weight_balanced,linear_svm,C,70/30,1,heuristic_fp_20,test,50/50,test,1.000000,True,3775,64,9.466987,42,21,21,0.785714,0.785714,0.772727,0.809524,0.790698,0.572078,16,5,4,17,0.907029,0.926050,0.926050
linear_svm_balanced_ratio_preserved_noise_mcc_selected_v1,linear_svm_class_weight_balanced,linear_svm,C,70/30,1,heuristic_fp_20,test,60/40,test,1.000000,True,3775,64,9.545072,53,21,32,0.754717,0.764137,0.653846,0.809524,0.723404,0.516863,23,9,4,17,0.842262,0.755085,0.755085
linear_svm_balanced_ratio_preserved_noise_mcc_selected_v1,linear_svm_class_weight_balanced,linear_svm,C,70/30,1,heuristic_fp_20,test,70/30,test,1.000000,True,3775,64,9.635766,70,21,49,0.771429,0.782313,0.586207,0.809524,0.680000,0.525264,37,12,4,17,0.920311,0.866021,0.866021
linear_svm_balanced_ratio_preserved_noise_mcc_selected_v1,linear_svm_class_weight_balanced,linear_svm,C,70/30,1,heuristic_fp_20,test,75/25,test,1.000000,True,3775,64,9.719246,84,21,63,0.809524,0.809524,0.586207,0.809524,0.680000,0.563798,51,12,4,17,0.925926,0.814828,0.814828
linear_svm_balanced_ratio_preserved_noise_mcc_selected_v1,linear_svm_class_weight_balanced,linear_svm,C,70/30,1,heuristic_fp_20,test,80/20,test,1.000000,True,3775,64,9.825861,105,21,84,0.790476,0.797619,0.485714,0.809524,0.607143,0.505076,66,18,4,17,0.901361,0.697631,0.697631
linear_svm_balanced_ratio_preserved_noise_mcc_selected_v1,linear_svm_class_weight_balanced,linear_svm,C,70/30,1,heuristic_fp_20,test,90/10,test,1.000000,True,3775,64,10.020589,210,21,189,0.766667,0.785714,0.274194,0.809524,0.409639,0.375816,144,45,4,17,0.881078,0.454218,0.454218
linear_svm_balanced_ratio_preserved_noise_mcc_selected_v1,linear_svm_class_weight_balanced,linear_svm,C,70/30,2,clean,validation_grid,70/30,valid,0.100000,False,2264,64,4.748013,64,19,45,0.796875,0.809942,0.615385,0.842105,0.711111,0.576653,35,10,3,16,0.874854,0.822254,0.822254
linear_svm_balanced_ratio_preserved_noise_mcc_selected_v1,linear_svm_class_weight_balanced,linear_svm,C,70/30,2,clean,validation_grid,70/30,valid,1.000000,True,2264,64,4.921119,64,19,45,0.890625,0.876608,0.800000,0.842105,0.820513,0.742440,41,4,3,16,0.876023,0.831531,0.831531
linear_svm_balanced_ratio_preserved_noise_mcc_selected_v1,linear_svm_class_weight_balanced,linear_svm,C,70/30,2,clean,validation_grid,70/30,valid,10.000000,False,2264,64,5.905359,64,19,45,0.859375,0.839181,0.750000,0.789474,0.769231,0.668657,40,5,4,15,0.883041,0.837454,0.837454
linear_svm_balanced_ratio_preserved_noise_mcc_selected_v1,linear_svm_class_weight_balanced,linear_svm,C,70/30,2,clean,test,50/50,test,1.000000,True,2264,64,5.987483,42,21,21,0.809524,0.809524,0.882353,0.714286,0.789474,0.630593,19,2,6,15,0.852608,0.889191,0.889191
linear_svm_balanced_ratio_preserved_noise_mcc_selected_v1,linear_svm_class_weight_balanced,linear_svm,C,70/30,2,clean,test,60/40,test,1.000000,True,2264,64,6.061232,53,21,32,0.849057,0.825893,0.882353,0.714286,0.789474,0.682989,30,2,6,15,0.854167,0.852628,0.852628
linear_svm_balanced_ratio_preserved_noise_mcc_selected_v1,linear_svm_class_weight_balanced,linear_svm,C,70/30,2,clean,test,70/30,test,1.000000,True,2264,64,6.167149,70,21,49,0.828571,0.795918,0.714286,0.714286,0.714286,0.591837,43,6,6,15,0.826045,0.602656,0.602656
linear_svm_balanced_ratio_preserved_noise_mcc_selected_v1,linear_svm_class_weight_balanced,linear_svm,C,70/30,2,clean,test,75/25,test,1.000000,True,2264,64,6.261648,84,21,63,0.761905,0.746032,0.517241,0.714286,0.600000,0.448147,49,14,6,15,0.842026,0.759620,0.759620
linear_svm_balanced_ratio_preserved_noise_mcc_selected_v1,linear_svm_class_weight_balanced,linear_svm,C,70/30,2,clean,test,80/20,test,1.000000,True,2264,64,6.355926,105,21,84,0.847619,0.797619,0.600000,0.714286,0.652174,0.559017,74,10,6,15,0.863379,0.723617,0.723617
linear_svm_balanced_ratio_preserved_noise_mcc_selected_v1,linear_svm_class_weight_balanced,linear_svm,C,70/30,2,clean,test,90/10,test,1.000000,True,2264,64,6.528497,210,21,189,0.823810,0.775132,0.326087,0.714286,0.447761,0.399127,158,31,6,15,0.842530,0.463985,0.463985
linear_svm_balanced_ratio_preserved_noise_mcc_selected_v1,linear_svm_class_weight_balanced,linear_svm,C,70/30,2,random_flip_10,validation_grid,70/30,valid,0.100000,False,2264,64,4.958047,64,19,45,0.828125,0.832164,0.666667,0.842105,0.744186,0.626945,37,8,3,16,0.852632,0.787944,0.787944
linear_svm_balanced_ratio_preserved_noise_mcc_selected_v1,linear_svm_class_weight_balanced,linear_svm,C,70/30,2,random_flip_10,validation_grid,70/30,valid,1.000000,True,2264,64,5.152915,64,19,45,0.843750,0.843275,0.695652,0.842105,0.761905,0.653731,38,7,3,16,0.836257,0.780742,0.780742
linear_svm_balanced_ratio_preserved_noise_mcc_selected_v1,linear_svm_class_weight_balanced,linear_svm,C,70/30,2,random_flip_10,validation_grid,70/30,valid,10.000000,False,2264,64,6.276459,64,19,45,0.781250,0.722807,0.647059,0.578947,0.611111,0.460966,39,6,8,11,0.826901,0.716904,0.716904
linear_svm_balanced_ratio_preserved_noise_mcc_selected_v1,linear_svm_class_weight_balanced,linear_svm,C,70/30,2,random_flip_10,test,50/50,test,1.000000,True,2264,64,6.357491,42,21,21,0.809524,0.809524,0.933333,0.666667,0.777778,0.645975,20,1,7,14,0.854875,0.882860,0.882860
linear_svm_balanced_ratio_preserved_noise_mcc_selected_v1,linear_svm_class_weight_balanced,linear_svm,C,70/30,2,random_flip_10,test,60/40,test,1.000000,True,2264,64,6.427428,53,21,32,0.773585,0.755208,0.736842,0.666667,0.700000,0.520587,27,5,7,14,0.800595,0.765321,0.765321
linear_svm_balanced_ratio_preserved_noise_mcc_selected_v1,linear_svm_class_weight_balanced,linear_svm,C,70/30,2,random_flip_10,test,70/30,test,1.000000,True,2264,64,6.536015,70,21,49,0.800000,0.761905,0.666667,0.666667,0.666667,0.523810,42,7,7,14,0.793003,0.668270,0.668270
linear_svm_balanced_ratio_preserved_noise_mcc_selected_v1,linear_svm_class_weight_balanced,linear_svm,C,70/30,2,random_flip_10,test,75/25,test,1.000000,True,2264,64,6.627225,84,21,63,0.809524,0.761905,0.608696,0.666667,0.636364,0.508656,54,9,7,14,0.804989,0.734216,0.734216
linear_svm_balanced_ratio_preserved_noise_mcc_selected_v1,linear_svm_class_weight_balanced,linear_svm,C,70/30,2,random_flip_10,test,80/20,test,1.000000,True,2264,64,6.720938,105,21,84,0.780952,0.738095,0.466667,0.666667,0.549020,0.421637,68,16,7,14,0.832766,0.693261,0.693261
linear_svm_balanced_ratio_preserved_noise_mcc_selected_v1,linear_svm_class_weight_balanced,linear_svm,C,70/30,2,random_flip_10,test,90/10,test,1.000000,True,2264,64,6.895642,210,21,189,0.800000,0.740741,0.285714,0.666667,0.400000,0.341515,154,35,7,14,0.798942,0.474284,0.474284
linear_svm_balanced_ratio_preserved_noise_mcc_selected_v1,linear_svm_class_weight_balanced,linear_svm,C,70/30,2,random_flip_20,validation_grid,70/30,valid,0.100000,False,2264,64,4.913359,64,19,45,0.781250,0.768421,0.608696,0.736842,0.666667,0.511180,36,9,5,14,0.873684,0.840076,0.840076
linear_svm_balanced_ratio_preserved_noise_mcc_selected_v1,linear_svm_class_weight_balanced,linear_svm,C,70/30,2,random_flip_20,validation_grid,70/30,valid,1.000000,True,2264,64,5.100971,64,19,45,0.812500,0.790643,0.666667,0.736842,0.700000,0.565626,38,7,5,14,0.844444,0.797852,0.797852
linear_svm_balanced_ratio_preserved_noise_mcc_selected_v1,linear_svm_class_weight_balanced,linear_svm,C,70/30,2,random_flip_20,validation_grid,70/30,valid,10.000000,False,2264,64,6.353473,64,19,45,0.812500,0.760234,0.705882,0.631579,0.666667,0.538398,40,5,7,12,0.826901,0.770780,0.770780
linear_svm_balanced_ratio_preserved_noise_mcc_selected_v1,linear_svm_class_weight_balanced,linear_svm,C,70/30,2,random_flip_20,test,50/50,test,1.000000,True,2264,64,6.439663,42,21,21,0.595238,0.595238,0.642857,0.428571,0.514286,0.202031,16,5,12,9,0.621315,0.637614,0.637614
linear_svm_balanced_ratio_preserved_noise_mcc_selected_v1,linear_svm_class_weight_balanced,linear_svm,C,70/30,2,random_flip_20,test,60/40,test,1.000000,True,2264,64,6.514772,53,21,32,0.660377,0.620536,0.600000,0.428571,0.500000,0.261754,26,6,12,9,0.724702,0.623682,0.623682
linear_svm_balanced_ratio_preserved_noise_mcc_selected_v1,linear_svm_class_weight_balanced,linear_svm,C,70/30,2,random_flip_20,test,70/30,test,1.000000,True,2264,64,6.618818,70,21,49,0.642857,0.581633,0.409091,0.428571,0.418605,0.161165,36,13,12,9,0.653061,0.404460,0.404460
linear_svm_balanced_ratio_preserved_noise_mcc_selected_v1,linear_svm_class_weight_balanced,linear_svm,C,70/30,2,random_flip_20,test,75/25,test,1.000000,True,2264,64,6.709767,84,21,63,0.690476,0.603175,0.391304,0.428571,0.409091,0.200380,49,14,12,9,0.626606,0.417062,0.417062
linear_svm_balanced_ratio_preserved_noise_mcc_selected_v1,linear_svm_class_weight_balanced,linear_svm,C,70/30,2,random_flip_20,test,80/20,test,1.000000,True,2264,64,6.805894,105,21,84,0.742857,0.625000,0.375000,0.428571,0.400000,0.238145,69,15,12,9,0.719388,0.390947,0.390947
linear_svm_balanced_ratio_preserved_noise_mcc_selected_v1,linear_svm_class_weight_balanced,linear_svm,C,70/30,2,random_flip_20,test,90/10,test,1.000000,True,2264,64,6.974849,210,21,189,0.780952,0.624339,0.209302,0.428571,0.281250,0.184878,155,34,12,9,0.688838,0.187100,0.187100
linear_svm_balanced_ratio_preserved_noise_mcc_selected_v1,linear_svm_class_weight_balanced,linear_svm,C,70/30,2,random_fp_10,validation_grid,70/30,valid,0.100000,True,3021,64,6.145912,64,19,45,0.812500,0.821053,0.640000,0.842105,0.727273,0.601294,36,9,3,16,0.859649,0.792713,0.792713
linear_svm_balanced_ratio_preserved_noise_mcc_selected_v1,linear_svm_class_weight_balanced,linear_svm,C,70/30,2,random_fp_10,validation_grid,70/30,valid,1.000000,False,3021,64,6.373147,64,19,45,0.796875,0.794737,0.625000,0.789474,0.697674,0.556304,36,9,4,15,0.876023,0.818481,0.818481
linear_svm_balanced_ratio_preserved_noise_mcc_selected_v1,linear_svm_class_weight_balanced,linear_svm,C,70/30,2,random_fp_10,validation_grid,70/30,valid,10.000000,False,3021,64,7.733445,64,19,45,0.781250,0.753216,0.619048,0.684211,0.650000,0.492789,37,8,6,13,0.849123,0.760245,0.760245
linear_svm_balanced_ratio_preserved_noise_mcc_selected_v1,linear_svm_class_weight_balanced,linear_svm,C,70/30,2,random_fp_10,test,50/50,test,0.100000,True,3021,64,7.818166,42,21,21,0.857143,0.857143,0.894737,0.809524,0.850000,0.717547,19,2,4,17,0.845805,0.896399,0.896399
linear_svm_balanced_ratio_preserved_noise_mcc_selected_v1,linear_svm_class_weight_balanced,linear_svm,C,70/30,2,random_fp_10,test,60/40,test,0.100000,True,3021,64,7.892065,53,21,32,0.773585,0.779762,0.680000,0.809524,0.739130,0.548219,24,8,4,17,0.888393,0.903609,0.903609
linear_svm_balanced_ratio_preserved_noise_mcc_selected_v1,linear_svm_class_weight_balanced,linear_svm,C,70/30,2,random_fp_10,test,70/30,test,0.100000,True,3021,64,8.003354,70,21,49,0.828571,0.823129,0.680000,0.809524,0.739130,0.618070,41,8,4,17,0.818270,0.590739,0.590739
linear_svm_balanced_ratio_preserved_noise_mcc_selected_v1,linear_svm_class_weight_balanced,linear_svm,C,70/30,2,random_fp_10,test,75/25,test,0.100000,True,3021,64,8.097262,84,21,63,0.690476,0.730159,0.435897,0.809524,0.566667,0.399667,41,22,4,17,0.854119,0.775037,0.775037
linear_svm_balanced_ratio_preserved_noise_mcc_selected_v1,linear_svm_class_weight_balanced,linear_svm,C,70/30,2,random_fp_10,test,80/20,test,0.100000,True,3021,64,8.198864,105,21,84,0.780952,0.791667,0.472222,0.809524,0.596491,0.491576,65,19,4,17,0.865079,0.712229,0.712229
linear_svm_balanced_ratio_preserved_noise_mcc_selected_v1,linear_svm_class_weight_balanced,linear_svm,C,70/30,2,random_fp_10,test,90/10,test,0.100000,True,3021,64,8.373208,210,21,189,0.795238,0.801587,0.303571,0.809524,0.441558,0.409194,150,39,4,17,0.851600,0.504734,0.504734
linear_svm_balanced_ratio_preserved_noise_mcc_selected_v1,linear_svm_class_weight_balanced,linear_svm,C,70/30,2,random_fp_20,validation_grid,70/30,valid,0.100000,True,3775,64,6.893728,64,19,45,0.781250,0.783626,0.600000,0.789474,0.681818,0.531198,35,10,4,15,0.803509,0.733004,0.733004
linear_svm_balanced_ratio_preserved_noise_mcc_selected_v1,linear_svm_class_weight_balanced,linear_svm,C,70/30,2,random_fp_20,validation_grid,70/30,valid,1.000000,False,3775,64,7.189142,64,19,45,0.765625,0.772515,0.576923,0.789474,0.666667,0.507019,34,11,4,15,0.787135,0.664872,0.664872
linear_svm_balanced_ratio_preserved_noise_mcc_selected_v1,linear_svm_class_weight_balanced,linear_svm,C,70/30,2,random_fp_20,validation_grid,70/30,valid,10.000000,False,3775,64,8.906737,64,19,45,0.734375,0.735088,0.538462,0.736842,0.622222,0.437386,33,12,5,14,0.750877,0.537315,0.537315
linear_svm_balanced_ratio_preserved_noise_mcc_selected_v1,linear_svm_class_weight_balanced,linear_svm,C,70/30,2,random_fp_20,test,50/50,test,0.100000,True,3775,64,8.991287,42,21,21,0.738095,0.738095,0.727273,0.761905,0.744186,0.476731,15,6,5,16,0.861678,0.871124,0.871124
linear_svm_balanced_ratio_preserved_noise_mcc_selected_v1,linear_svm_class_weight_balanced,linear_svm,C,70/30,2,random_fp_20,test,60/40,test,0.100000,True,3775,64,9.065616,53,21,32,0.773585,0.771577,0.695652,0.761905,0.727273,0.536023,25,7,5,16,0.895833,0.870683,0.870683
linear_svm_balanced_ratio_preserved_noise_mcc_selected_v1,linear_svm_class_weight_balanced,linear_svm,C,70/30,2,random_fp_20,test,70/30,test,0.100000,True,3775,64,9.177694,70,21,49,0.757143,0.758503,0.571429,0.761905,0.653061,0.483616,37,12,5,16,0.843537,0.647401,0.647401
linear_svm_balanced_ratio_preserved_noise_mcc_selected_v1,linear_svm_class_weight_balanced,linear_svm,C,70/30,2,random_fp_20,test,75/25,test,0.100000,True,3775,64,9.270709,84,21,63,0.738095,0.746032,0.484848,0.761905,0.592593,0.436274,46,17,5,16,0.844293,0.673892,0.673892
linear_svm_balanced_ratio_preserved_noise_mcc_selected_v1,linear_svm_class_weight_balanced,linear_svm,C,70/30,2,random_fp_20,test,80/20,test,0.100000,True,3775,64,9.363861,105,21,84,0.790476,0.779762,0.484848,0.761905,0.592593,0.482108,67,17,5,16,0.882086,0.674066,0.674066
linear_svm_balanced_ratio_preserved_noise_mcc_selected_v1,linear_svm_class_weight_balanced,linear_svm,C,70/30,2,random_fp_20,test,90/10,test,0.100000,True,3775,64,9.529395,210,21,189,0.800000,0.783069,0.301887,0.761905,0.432432,0.390998,152,37,5,16,0.885614,0.515260,0.515260
linear_svm_balanced_ratio_preserved_noise_mcc_selected_v1,linear_svm_class_weight_balanced,linear_svm,C,70/30,2,heuristic_fp_10,validation_grid,70/30,valid,0.100000,False,3021,64,5.764890,64,19,45,0.750000,0.761404,0.555556,0.789474,0.652174,0.483662,33,12,4,15,0.887719,0.828272,0.828272
linear_svm_balanced_ratio_preserved_noise_mcc_selected_v1,linear_svm_class_weight_balanced,linear_svm,C,70/30,2,heuristic_fp_10,validation_grid,70/30,valid,1.000000,True,3021,64,5.967995,64,19,45,0.812500,0.790643,0.666667,0.736842,0.700000,0.565626,38,7,5,14,0.886550,0.844724,0.844724
linear_svm_balanced_ratio_preserved_noise_mcc_selected_v1,linear_svm_class_weight_balanced,linear_svm,C,70/30,2,heuristic_fp_10,validation_grid,70/30,valid,10.000000,False,3021,64,7.147958,64,19,45,0.812500,0.775439,0.684211,0.684211,0.684211,0.550877,39,6,6,13,0.904094,0.850968,0.850968
linear_svm_balanced_ratio_preserved_noise_mcc_selected_v1,linear_svm_class_weight_balanced,linear_svm,C,70/30,2,heuristic_fp_10,test,50/50,test,1.000000,True,3021,64,7.244098,42,21,21,0.833333,0.833333,0.850000,0.809524,0.829268,0.667424,18,3,4,17,0.900227,0.895456,0.895456
linear_svm_balanced_ratio_preserved_noise_mcc_selected_v1,linear_svm_class_weight_balanced,linear_svm,C,70/30,2,heuristic_fp_10,test,60/40,test,1.000000,True,3021,64,7.320390,53,21,32,0.754717,0.764137,0.653846,0.809524,0.723404,0.516863,23,9,4,17,0.906250,0.899455,0.899455
linear_svm_balanced_ratio_preserved_noise_mcc_selected_v1,linear_svm_class_weight_balanced,linear_svm,C,70/30,2,heuristic_fp_10,test,70/30,test,1.000000,True,3021,64,7.429843,70,21,49,0.828571,0.823129,0.680000,0.809524,0.739130,0.618070,41,8,4,17,0.898931,0.738723,0.738723
linear_svm_balanced_ratio_preserved_noise_mcc_selected_v1,linear_svm_class_weight_balanced,linear_svm,C,70/30,2,heuristic_fp_10,test,75/25,test,1.000000,True,3021,64,7.527843,84,21,63,0.750000,0.769841,0.500000,0.809524,0.618182,0.476095,46,17,4,17,0.878307,0.721365,0.721365
linear_svm_balanced_ratio_preserved_noise_mcc_selected_v1,linear_svm_class_weight_balanced,linear_svm,C,70/30,2,heuristic_fp_10,test,80/20,test,1.000000,True,3021,64,7.621871,105,21,84,0.847619,0.833333,0.586207,0.809524,0.680000,0.596420,72,12,4,17,0.930272,0.795900,0.795900
linear_svm_balanced_ratio_preserved_noise_mcc_selected_v1,linear_svm_class_weight_balanced,linear_svm,C,70/30,2,heuristic_fp_10,test,90/10,test,1.000000,True,3021,64,7.791336,210,21,189,0.847619,0.830688,0.377778,0.809524,0.515152,0.483549,161,28,4,17,0.893424,0.488336,0.488336
linear_svm_balanced_ratio_preserved_noise_mcc_selected_v1,linear_svm_class_weight_balanced,linear_svm,C,70/30,2,heuristic_fp_20,validation_grid,70/30,valid,0.100000,False,3775,64,6.871987,64,19,45,0.671875,0.721053,0.470588,0.842105,0.603774,0.404770,27,18,3,16,0.869006,0.787988,0.787988
linear_svm_balanced_ratio_preserved_noise_mcc_selected_v1,linear_svm_class_weight_balanced,linear_svm,C,70/30,2,heuristic_fp_20,validation_grid,70/30,valid,1.000000,False,3775,64,7.138396,64,19,45,0.734375,0.735088,0.538462,0.736842,0.622222,0.437386,33,12,5,14,0.830409,0.769334,0.769334
linear_svm_balanced_ratio_preserved_noise_mcc_selected_v1,linear_svm_class_weight_balanced,linear_svm,C,70/30,2,heuristic_fp_20,validation_grid,70/30,valid,10.000000,True,3775,64,8.702684,64,19,45,0.765625,0.757310,0.583333,0.736842,0.651163,0.485662,35,10,5,14,0.792982,0.699152,0.699152
linear_svm_balanced_ratio_preserved_noise_mcc_selected_v1,linear_svm_class_weight_balanced,linear_svm,C,70/30,2,heuristic_fp_20,test,50/50,test,10.000000,True,3775,64,8.784297,42,21,21,0.761905,0.761905,0.761905,0.761905,0.761905,0.523810,16,5,5,16,0.852608,0.853345,0.853345
linear_svm_balanced_ratio_preserved_noise_mcc_selected_v1,linear_svm_class_weight_balanced,linear_svm,C,70/30,2,heuristic_fp_20,test,60/40,test,10.000000,True,3775,64,8.857095,53,21,32,0.735849,0.740327,0.640000,0.761905,0.695652,0.470944,23,9,5,16,0.867560,0.775788,0.775788
linear_svm_balanced_ratio_preserved_noise_mcc_selected_v1,linear_svm_class_weight_balanced,linear_svm,C,70/30,2,heuristic_fp_20,test,70/30,test,10.000000,True,3775,64,8.969471,70,21,49,0.828571,0.809524,0.695652,0.761905,0.727273,0.603975,42,7,5,16,0.892128,0.679806,0.679806
linear_svm_balanced_ratio_preserved_noise_mcc_selected_v1,linear_svm_class_weight_balanced,linear_svm,C,70/30,2,heuristic_fp_20,test,75/25,test,10.000000,True,3775,64,9.064048,84,21,63,0.797619,0.785714,0.571429,0.761905,0.653061,0.524891,51,12,5,16,0.827664,0.498521,0.498521
linear_svm_balanced_ratio_preserved_noise_mcc_selected_v1,linear_svm_class_weight_balanced,linear_svm,C,70/30,2,heuristic_fp_20,test,80/20,test,10.000000,True,3775,64,9.159011,105,21,84,0.809524,0.791667,0.516129,0.761905,0.615385,0.511528,69,15,5,16,0.882086,0.572849,0.572849
linear_svm_balanced_ratio_preserved_noise_mcc_selected_v1,linear_svm_class_weight_balanced,linear_svm,C,70/30,2,heuristic_fp_20,test,90/10,test,10.000000,True,3775,64,9.329335,210,21,189,0.804762,0.785714,0.307692,0.761905,0.438356,0.397166,153,36,5,16,0.880574,0.379901,0.379901
linear_svm_balanced_ratio_preserved_noise_mcc_selected_v1,linear_svm_class_weight_balanced,linear_svm,C,70/30,3,clean,validation_grid,70/30,valid,0.100000,True,2264,64,4.791136,64,19,45,0.765625,0.772515,0.576923,0.789474,0.666667,0.507019,34,11,4,15,0.810526,0.641563,0.641563
linear_svm_balanced_ratio_preserved_noise_mcc_selected_v1,linear_svm_class_weight_balanced,linear_svm,C,70/30,3,clean,validation_grid,70/30,valid,1.000000,False,2264,64,4.966422,64,19,45,0.750000,0.746199,0.560000,0.736842,0.636364,0.461102,34,11,5,14,0.810526,0.705251,0.705251
linear_svm_balanced_ratio_preserved_noise_mcc_selected_v1,linear_svm_class_weight_balanced,linear_svm,C,70/30,3,clean,validation_grid,70/30,valid,10.000000,False,2264,64,6.008847,64,19,45,0.750000,0.730994,0.565217,0.684211,0.619048,0.439904,35,10,6,13,0.790643,0.644244,0.644244
linear_svm_balanced_ratio_preserved_noise_mcc_selected_v1,linear_svm_class_weight_balanced,linear_svm,C,70/30,3,clean,test,50/50,test,0.100000,True,2264,64,6.078328,42,21,21,0.833333,0.833333,0.850000,0.809524,0.829268,0.667424,18,3,4,17,0.859410,0.858041,0.858041
linear_svm_balanced_ratio_preserved_noise_mcc_selected_v1,linear_svm_class_weight_balanced,linear_svm,C,70/30,3,clean,test,60/40,test,0.100000,True,2264,64,6.166517,53,21,32,0.811321,0.811012,0.739130,0.809524,0.772727,0.613857,26,6,4,17,0.873512,0.830266,0.830266
linear_svm_balanced_ratio_preserved_noise_mcc_selected_v1,linear_svm_class_weight_balanced,linear_svm,C,70/30,3,clean,test,70/30,test,0.100000,True,2264,64,6.253733,70,21,49,0.828571,0.823129,0.680000,0.809524,0.739130,0.618070,41,8,4,17,0.883382,0.822385,0.822385
linear_svm_balanced_ratio_preserved_noise_mcc_selected_v1,linear_svm_class_weight_balanced,linear_svm,C,70/30,3,clean,test,75/25,test,0.100000,True,2264,64,6.344960,84,21,63,0.785714,0.793651,0.548387,0.809524,0.653846,0.527014,49,14,4,17,0.860166,0.579963,0.579963
linear_svm_balanced_ratio_preserved_noise_mcc_selected_v1,linear_svm_class_weight_balanced,linear_svm,C,70/30,3,clean,test,80/20,test,0.100000,True,2264,64,6.456087,105,21,84,0.761905,0.779762,0.447368,0.809524,0.576271,0.465735,63,21,4,17,0.857710,0.567957,0.567957
linear_svm_balanced_ratio_preserved_noise_mcc_selected_v1,linear_svm_class_weight_balanced,linear_svm,C,70/30,3,clean,test,90/10,test,0.100000,True,2264,64,6.628172,210,21,189,0.838095,0.825397,0.361702,0.809524,0.500000,0.468426,159,30,4,17,0.889645,0.600264,0.600264
linear_svm_balanced_ratio_preserved_noise_mcc_selected_v1,linear_svm_class_weight_balanced,linear_svm,C,70/30,3,random_flip_10,validation_grid,70/30,valid,0.100000,False,2264,64,4.932267,64,19,45,0.750000,0.761404,0.555556,0.789474,0.652174,0.483662,33,12,4,15,0.825731,0.673728,0.673728
linear_svm_balanced_ratio_preserved_noise_mcc_selected_v1,linear_svm_class_weight_balanced,linear_svm,C,70/30,3,random_flip_10,validation_grid,70/30,valid,1.000000,True,2264,64,5.119962,64,19,45,0.765625,0.772515,0.576923,0.789474,0.666667,0.507019,34,11,4,15,0.796491,0.683447,0.683447
linear_svm_balanced_ratio_preserved_noise_mcc_selected_v1,linear_svm_class_weight_balanced,linear_svm,C,70/30,3,random_flip_10,validation_grid,70/30,valid,10.000000,False,2264,64,6.179078,64,19,45,0.765625,0.772515,0.576923,0.789474,0.666667,0.507019,34,11,4,15,0.770760,0.556440,0.556440
linear_svm_balanced_ratio_preserved_noise_mcc_selected_v1,linear_svm_class_weight_balanced,linear_svm,C,70/30,3,random_flip_10,test,50/50,test,1.000000,True,2264,64,6.247452,42,21,21,0.666667,0.666667,0.733333,0.523810,0.611111,0.347833,17,4,10,11,0.773243,0.821117,0.821117
linear_svm_balanced_ratio_preserved_noise_mcc_selected_v1,linear_svm_class_weight_balanced,linear_svm,C,70/30,3,random_flip_10,test,60/40,test,1.000000,True,2264,64,6.334945,53,21,32,0.679245,0.652530,0.611111,0.523810,0.564103,0.315064,25,7,10,11,0.788690,0.736753,0.736753
linear_svm_balanced_ratio_preserved_noise_mcc_selected_v1,linear_svm_class_weight_balanced,linear_svm,C,70/30,3,random_flip_10,test,70/30,test,1.000000,True,2264,64,6.426806,70,21,49,0.714286,0.659864,0.523810,0.523810,0.523810,0.319728,39,10,10,11,0.757046,0.641175,0.641175
linear_svm_balanced_ratio_preserved_noise_mcc_selected_v1,linear_svm_class_weight_balanced,linear_svm,C,70/30,3,random_flip_10,test,75/25,test,1.000000,True,2264,64,6.527498,84,21,63,0.726190,0.658730,0.458333,0.523810,0.488889,0.304290,50,13,10,11,0.782313,0.507219,0.507219
linear_svm_balanced_ratio_preserved_noise_mcc_selected_v1,linear_svm_class_weight_balanced,linear_svm,C,70/30,3,random_flip_10,test,80/20,test,1.000000,True,2264,64,6.636805,105,21,84,0.752381,0.666667,0.407407,0.523810,0.458333,0.305070,68,16,10,11,0.777778,0.484996,0.484996
linear_svm_balanced_ratio_preserved_noise_mcc_selected_v1,linear_svm_class_weight_balanced,linear_svm,C,70/30,3,random_flip_10,test,90/10,test,1.000000,True,2264,64,6.806661,210,21,189,0.804762,0.679894,0.261905,0.523810,0.349206,0.269841,158,31,10,11,0.798942,0.337492,0.337492
linear_svm_balanced_ratio_preserved_noise_mcc_selected_v1,linear_svm_class_weight_balanced,linear_svm,C,70/30,3,random_flip_20,validation_grid,70/30,valid,0.100000,True,2264,64,4.911166,64,19,45,0.703125,0.697661,0.500000,0.684211,0.577778,0.367752,32,13,6,13,0.723977,0.514595,0.514595
linear_svm_balanced_ratio_preserved_noise_mcc_selected_v1,linear_svm_class_weight_balanced,linear_svm,C,70/30,3,random_flip_20,validation_grid,70/30,valid,1.000000,False,2264,64,5.089503,64,19,45,0.609375,0.585380,0.384615,0.526316,0.444444,0.158852,29,16,9,10,0.611696,0.396091,0.396091
linear_svm_balanced_ratio_preserved_noise_mcc_selected_v1,linear_svm_class_weight_balanced,linear_svm,C,70/30,3,random_flip_20,validation_grid,70/30,valid,10.000000,False,2264,64,6.223297,64,19,45,0.609375,0.570175,0.375000,0.473684,0.418605,0.132453,30,15,10,9,0.566082,0.352448,0.352448
linear_svm_balanced_ratio_preserved_noise_mcc_selected_v1,linear_svm_class_weight_balanced,linear_svm,C,70/30,3,random_flip_20,test,50/50,test,0.100000,True,2264,64,6.284063,42,21,21,0.714286,0.714286,0.800000,0.571429,0.666667,0.447214,18,3,9,12,0.818594,0.821736,0.821736
linear_svm_balanced_ratio_preserved_noise_mcc_selected_v1,linear_svm_class_weight_balanced,linear_svm,C,70/30,3,random_flip_20,test,60/40,test,0.100000,True,2264,64,6.366144,53,21,32,0.773585,0.738839,0.800000,0.571429,0.666667,0.518660,29,3,9,12,0.839286,0.752184,0.752184
linear_svm_balanced_ratio_preserved_noise_mcc_selected_v1,linear_svm_class_weight_balanced,linear_svm,C,70/30,3,random_flip_20,test,70/30,test,0.100000,True,2264,64,6.473317,70,21,49,0.714286,0.673469,0.521739,0.571429,0.545455,0.338491,38,11,9,12,0.766764,0.672153,0.672153
linear_svm_balanced_ratio_preserved_noise_mcc_selected_v1,linear_svm_class_weight_balanced,linear_svm,C,70/30,3,random_flip_20,test,75/25,test,0.100000,True,2264,64,6.575242,84,21,63,0.738095,0.682540,0.480000,0.571429,0.521739,0.345757,50,13,9,12,0.787604,0.546541,0.546541
linear_svm_balanced_ratio_preserved_noise_mcc_selected_v1,linear_svm_class_weight_balanced,linear_svm,C,70/30,3,random_flip_20,test,80/20,test,0.100000,True,2264,64,6.688298,105,21,84,0.695238,0.648810,0.342857,0.571429,0.428571,0.252538,61,23,9,12,0.753968,0.429863,0.429863
linear_svm_balanced_ratio_preserved_noise_mcc_selected_v1,linear_svm_class_weight_balanced,linear_svm,C,70/30,3,random_flip_20,test,90/10,test,0.100000,True,2264,64,6.864350,210,21,189,0.800000,0.698413,0.266667,0.571429,0.363636,0.290129,156,33,9,12,0.795414,0.410744,0.410744
linear_svm_balanced_ratio_preserved_noise_mcc_selected_v1,linear_svm_class_weight_balanced,linear_svm,C,70/30,3,random_fp_10,validation_grid,70/30,valid,0.100000,False,3021,64,5.973478,64,19,45,0.718750,0.739181,0.517241,0.789474,0.625000,0.439043,31,14,4,15,0.796491,0.652175,0.652175
linear_svm_balanced_ratio_preserved_noise_mcc_selected_v1,linear_svm_class_weight_balanced,linear_svm,C,70/30,3,random_fp_10,validation_grid,70/30,valid,1.000000,False,3021,64,6.194784,64,19,45,0.687500,0.701754,0.482759,0.736842,0.583333,0.370342,30,15,5,14,0.776608,0.626299,0.626299
linear_svm_balanced_ratio_preserved_noise_mcc_selected_v1,linear_svm_class_weight_balanced,linear_svm,C,70/30,3,random_fp_10,validation_grid,70/30,valid,10.000000,True,3021,64,7.579051,64,19,45,0.750000,0.746199,0.560000,0.736842,0.636364,0.461102,34,11,5,14,0.771930,0.620307,0.620307
linear_svm_balanced_ratio_preserved_noise_mcc_selected_v1,linear_svm_class_weight_balanced,linear_svm,C,70/30,3,random_fp_10,test,50/50,test,10.000000,True,3021,64,7.641114,42,21,21,0.761905,0.761905,0.866667,0.619048,0.722222,0.546594,19,2,8,13,0.882086,0.900388,0.900388
linear_svm_balanced_ratio_preserved_noise_mcc_selected_v1,linear_svm_class_weight_balanced,linear_svm,C,70/30,3,random_fp_10,test,60/40,test,10.000000,True,3021,64,7.722751,53,21,32,0.754717,0.731399,0.722222,0.619048,0.666667,0.477975,27,5,8,13,0.840774,0.737870,0.737870
linear_svm_balanced_ratio_preserved_noise_mcc_selected_v1,linear_svm_class_weight_balanced,linear_svm,C,70/30,3,random_fp_10,test,70/30,test,10.000000,True,3021,64,7.810667,70,21,49,0.785714,0.738095,0.650000,0.619048,0.634146,0.483046,42,7,8,13,0.835763,0.698978,0.698978
linear_svm_balanced_ratio_preserved_noise_mcc_selected_v1,linear_svm_class_weight_balanced,linear_svm,C,70/30,3,random_fp_10,test,75/25,test,10.000000,True,3021,64,7.901082,84,21,63,0.797619,0.738095,0.590909,0.619048,0.604651,0.468979,54,9,8,13,0.845049,0.628045,0.628045
linear_svm_balanced_ratio_preserved_noise_mcc_selected_v1,linear_svm_class_weight_balanced,linear_svm,C,70/30,3,random_fp_10,test,80/20,test,10.000000,True,3021,64,8.039556,105,21,84,0.742857,0.696429,0.406250,0.619048,0.490566,0.341387,65,19,8,13,0.799887,0.476484,0.476484
linear_svm_balanced_ratio_preserved_noise_mcc_selected_v1,linear_svm_class_weight_balanced,linear_svm,C,70/30,3,random_fp_10,test,90/10,test,10.000000,True,3021,64,8.212424,210,21,189,0.809524,0.724868,0.288889,0.619048,0.393939,0.328813,157,32,8,13,0.836735,0.377187,0.377187
linear_svm_balanced_ratio_preserved_noise_mcc_selected_v1,linear_svm_class_weight_balanced,linear_svm,C,70/30,3,random_fp_20,validation_grid,70/30,valid,0.100000,True,3775,64,7.060226,64,19,45,0.765625,0.787719,0.571429,0.842105,0.680851,0.529971,33,12,3,16,0.849123,0.660819,0.660819
linear_svm_balanced_ratio_preserved_noise_mcc_selected_v1,linear_svm_class_weight_balanced,linear_svm,C,70/30,3,random_fp_20,validation_grid,70/30,valid,1.000000,False,3775,64,7.368698,64,19,45,0.734375,0.719883,0.541667,0.684211,0.604651,0.415020,34,11,6,13,0.818713,0.644033,0.644033
linear_svm_balanced_ratio_preserved_noise_mcc_selected_v1,linear_svm_class_weight_balanced,linear_svm,C,70/30,3,random_fp_20,validation_grid,70/30,valid,10.000000,False,3775,64,8.939152,64,19,45,0.703125,0.682456,0.500000,0.631579,0.558140,0.344378,33,12,7,12,0.787135,0.662011,0.662011
linear_svm_balanced_ratio_preserved_noise_mcc_selected_v1,linear_svm_class_weight_balanced,linear_svm,C,70/30,3,random_fp_20,test,50/50,test,0.100000,True,3775,64,9.005674,42,21,21,0.809524,0.809524,0.842105,0.761905,0.800000,0.621874,18,3,5,16,0.857143,0.856998,0.856998
linear_svm_balanced_ratio_preserved_noise_mcc_selected_v1,linear_svm_class_weight_balanced,linear_svm,C,70/30,3,random_fp_20,test,60/40,test,0.100000,True,3775,64,9.092913,53,21,32,0.716981,0.724702,0.615385,0.761905,0.680851,0.439697,22,10,5,16,0.831845,0.789500,0.789500
linear_svm_balanced_ratio_preserved_noise_mcc_selected_v1,linear_svm_class_weight_balanced,linear_svm,C,70/30,3,random_fp_20,test,70/30,test,0.100000,True,3775,64,9.181659,70,21,49,0.771429,0.768707,0.592593,0.761905,0.666667,0.505943,38,11,5,16,0.840622,0.756302,0.756302
linear_svm_balanced_ratio_preserved_noise_mcc_selected_v1,linear_svm_class_weight_balanced,linear_svm,C,70/30,3,random_fp_20,test,75/25,test,0.100000,True,3775,64,9.273370,84,21,63,0.726190,0.738095,0.470588,0.761905,0.581818,0.420084,45,18,5,16,0.817838,0.536584,0.536584
linear_svm_balanced_ratio_preserved_noise_mcc_selected_v1,linear_svm_class_weight_balanced,linear_svm,C,70/30,3,random_fp_20,test,80/20,test,0.100000,True,3775,64,9.382285,105,21,84,0.704762,0.726190,0.380952,0.761905,0.507937,0.369368,58,26,5,16,0.834467,0.557172,0.557172
linear_svm_balanced_ratio_preserved_noise_mcc_selected_v1,linear_svm_class_weight_balanced,linear_svm,C,70/30,3,random_fp_20,test,90/10,test,0.100000,True,3775,64,9.558978,210,21,189,0.742857,0.751323,0.246154,0.761905,0.372093,0.326183,140,49,5,16,0.835475,0.460260,0.460260
linear_svm_balanced_ratio_preserved_noise_mcc_selected_v1,linear_svm_class_weight_balanced,linear_svm,C,70/30,3,heuristic_fp_10,validation_grid,70/30,valid,0.100000,False,3021,64,5.966249,64,19,45,0.750000,0.761404,0.555556,0.789474,0.652174,0.483662,33,12,4,15,0.835088,0.690694,0.690694
linear_svm_balanced_ratio_preserved_noise_mcc_selected_v1,linear_svm_class_weight_balanced,linear_svm,C,70/30,3,heuristic_fp_10,validation_grid,70/30,valid,1.000000,False,3021,64,6.164167,64,19,45,0.765625,0.757310,0.583333,0.736842,0.651163,0.485662,35,10,5,14,0.826901,0.742535,0.742535
linear_svm_balanced_ratio_preserved_noise_mcc_selected_v1,linear_svm_class_weight_balanced,linear_svm,C,70/30,3,heuristic_fp_10,validation_grid,70/30,valid,10.000000,True,3021,64,7.330657,64,19,45,0.812500,0.775439,0.684211,0.684211,0.684211,0.550877,39,6,6,13,0.821053,0.754181,0.754181
linear_svm_balanced_ratio_preserved_noise_mcc_selected_v1,linear_svm_class_weight_balanced,linear_svm,C,70/30,3,heuristic_fp_10,test,50/50,test,10.000000,True,3021,64,7.404530,42,21,21,0.857143,0.857143,0.941176,0.761905,0.842105,0.727607,20,1,5,16,0.970522,0.970941,0.970941
linear_svm_balanced_ratio_preserved_noise_mcc_selected_v1,linear_svm_class_weight_balanced,linear_svm,C,70/30,3,heuristic_fp_10,test,60/40,test,10.000000,True,3021,64,7.490397,53,21,32,0.773585,0.771577,0.695652,0.761905,0.727273,0.536023,25,7,5,16,0.882440,0.832851,0.832851
linear_svm_balanced_ratio_preserved_noise_mcc_selected_v1,linear_svm_class_weight_balanced,linear_svm,C,70/30,3,heuristic_fp_10,test,70/30,test,10.000000,True,3021,64,7.577490,70,21,49,0.785714,0.778912,0.615385,0.761905,0.680851,0.529043,39,10,5,16,0.879495,0.783866,0.783866
linear_svm_balanced_ratio_preserved_noise_mcc_selected_v1,linear_svm_class_weight_balanced,linear_svm,C,70/30,3,heuristic_fp_10,test,75/25,test,10.000000,True,3021,64,7.673648,84,21,63,0.785714,0.777778,0.551724,0.761905,0.640000,0.505973,50,13,5,16,0.851096,0.597952,0.597952
linear_svm_balanced_ratio_preserved_noise_mcc_selected_v1,linear_svm_class_weight_balanced,linear_svm,C,70/30,3,heuristic_fp_10,test,80/20,test,10.000000,True,3021,64,7.781829,105,21,84,0.790476,0.779762,0.484848,0.761905,0.592593,0.482108,67,17,5,16,0.880952,0.582436,0.582436
linear_svm_balanced_ratio_preserved_noise_mcc_selected_v1,linear_svm_class_weight_balanced,linear_svm,C,70/30,3,heuristic_fp_10,test,90/10,test,10.000000,True,3021,64,7.944411,210,21,189,0.828571,0.798942,0.340426,0.761905,0.470588,0.430343,158,31,5,16,0.887125,0.527063,0.527063
linear_svm_balanced_ratio_preserved_noise_mcc_selected_v1,linear_svm_class_weight_balanced,linear_svm,C,70/30,3,heuristic_fp_20,validation_grid,70/30,valid,0.100000,False,3775,64,6.486938,64,19,45,0.687500,0.716959,0.483871,0.789474,0.600000,0.396692,29,16,4,15,0.798830,0.660197,0.660197
linear_svm_balanced_ratio_preserved_noise_mcc_selected_v1,linear_svm_class_weight_balanced,linear_svm,C,70/30,3,heuristic_fp_20,validation_grid,70/30,valid,1.000000,False,3775,64,6.740396,64,19,45,0.687500,0.686550,0.481481,0.684211,0.565217,0.345164,31,14,6,13,0.746199,0.623691,0.623691
linear_svm_balanced_ratio_preserved_noise_mcc_selected_v1,linear_svm_class_weight_balanced,linear_svm,C,70/30,3,heuristic_fp_20,validation_grid,70/30,valid,10.000000,True,3775,64,8.116761,64,19,45,0.734375,0.719883,0.541667,0.684211,0.604651,0.415020,34,11,6,13,0.708772,0.580049,0.580049
linear_svm_balanced_ratio_preserved_noise_mcc_selected_v1,linear_svm_class_weight_balanced,linear_svm,C,70/30,3,heuristic_fp_20,test,50/50,test,10.000000,True,3775,64,8.183415,42,21,21,0.857143,0.857143,0.894737,0.809524,0.850000,0.717547,19,2,4,17,0.920635,0.928804,0.928804
linear_svm_balanced_ratio_preserved_noise_mcc_selected_v1,linear_svm_class_weight_balanced,linear_svm,C,70/30,3,heuristic_fp_20,test,60/40,test,10.000000,True,3775,64,8.269796,53,21,32,0.754717,0.764137,0.653846,0.809524,0.723404,0.516863,23,9,4,17,0.833333,0.789524,0.789524
linear_svm_balanced_ratio_preserved_noise_mcc_selected_v1,linear_svm_class_weight_balanced,linear_svm,C,70/30,3,heuristic_fp_20,test,70/30,test,10.000000,True,3775,64,8.363685,70,21,49,0.728571,0.751701,0.531250,0.809524,0.641509,0.463079,34,15,4,17,0.850340,0.763451,0.763451
linear_svm_balanced_ratio_preserved_noise_mcc_selected_v1,linear_svm_class_weight_balanced,linear_svm,C,70/30,3,heuristic_fp_20,test,75/25,test,10.000000,True,3775,64,8.456238,84,21,63,0.761905,0.777778,0.515152,0.809524,0.629630,0.492567,47,16,4,17,0.861678,0.672072,0.672072
linear_svm_balanced_ratio_preserved_noise_mcc_selected_v1,linear_svm_class_weight_balanced,linear_svm,C,70/30,3,heuristic_fp_20,test,80/20,test,10.000000,True,3775,64,8.557368,105,21,84,0.761905,0.779762,0.447368,0.809524,0.576271,0.465735,63,21,4,17,0.849773,0.604533,0.604533
linear_svm_balanced_ratio_preserved_noise_mcc_selected_v1,linear_svm_class_weight_balanced,linear_svm,C,70/30,3,heuristic_fp_20,test,90/10,test,10.000000,True,3775,64,8.734798,210,21,189,0.776190,0.791005,0.283333,0.809524,0.419753,0.386501,146,43,4,17,0.868481,0.527787,0.527787
linear_svm_balanced_ratio_preserved_noise_mcc_selected_v1,linear_svm_class_weight_balanced,linear_svm,C,70/30,4,clean,validation_grid,70/30,valid,0.100000,False,2264,64,5.078681,64,19,45,0.687500,0.716959,0.483871,0.789474,0.600000,0.396692,29,16,4,15,0.835088,0.691488,0.691488
linear_svm_balanced_ratio_preserved_noise_mcc_selected_v1,linear_svm_class_weight_balanced,linear_svm,C,70/30,4,clean,validation_grid,70/30,valid,1.000000,True,2264,64,5.250690,64,19,45,0.765625,0.757310,0.583333,0.736842,0.651163,0.485662,35,10,5,14,0.803509,0.612528,0.612528
linear_svm_balanced_ratio_preserved_noise_mcc_selected_v1,linear_svm_class_weight_balanced,linear_svm,C,70/30,4,clean,validation_grid,70/30,valid,10.000000,False,2264,64,6.168000,64,19,45,0.765625,0.742105,0.590909,0.684211,0.634146,0.465780,36,9,6,13,0.792982,0.551374,0.551374
linear_svm_balanced_ratio_preserved_noise_mcc_selected_v1,linear_svm_class_weight_balanced,linear_svm,C,70/30,4,clean,test,50/50,test,1.000000,True,2264,64,6.242478,42,21,21,0.785714,0.785714,0.875000,0.666667,0.756757,0.588348,19,2,7,14,0.873016,0.893055,0.893055
linear_svm_balanced_ratio_preserved_noise_mcc_selected_v1,linear_svm_class_weight_balanced,linear_svm,C,70/30,4,clean,test,60/40,test,1.000000,True,2264,64,6.378624,53,21,32,0.811321,0.786458,0.823529,0.666667,0.736842,0.600344,29,3,7,14,0.845238,0.745381,0.745381
linear_svm_balanced_ratio_preserved_noise_mcc_selected_v1,linear_svm_class_weight_balanced,linear_svm,C,70/30,4,clean,test,70/30,test,1.000000,True,2264,64,6.470752,70,21,49,0.771429,0.741497,0.608696,0.666667,0.636364,0.471233,40,9,7,14,0.824101,0.670905,0.670905
linear_svm_balanced_ratio_preserved_noise_mcc_selected_v1,linear_svm_class_weight_balanced,linear_svm,C,70/30,4,clean,test,75/25,test,1.000000,True,2264,64,6.591570,84,21,63,0.809524,0.761905,0.608696,0.666667,0.636364,0.508656,54,9,7,14,0.877551,0.722430,0.722430
linear_svm_balanced_ratio_preserved_noise_mcc_selected_v1,linear_svm_class_weight_balanced,linear_svm,C,70/30,4,clean,test,80/20,test,1.000000,True,2264,64,6.698579,105,21,84,0.866667,0.791667,0.666667,0.666667,0.666667,0.583333,77,7,7,14,0.880952,0.783820,0.783820
linear_svm_balanced_ratio_preserved_noise_mcc_selected_v1,linear_svm_class_weight_balanced,linear_svm,C,70/30,4,clean,test,90/10,test,1.000000,True,2264,64,6.916750,210,21,189,0.819048,0.751323,0.311111,0.666667,0.424242,0.367497,158,31,7,14,0.832955,0.417315,0.417315
linear_svm_balanced_ratio_preserved_noise_mcc_selected_v1,linear_svm_class_weight_balanced,linear_svm,C,70/30,4,random_flip_10,validation_grid,70/30,valid,0.100000,True,2264,64,5.208747,64,19,45,0.703125,0.728070,0.500000,0.789474,0.612245,0.417620,30,15,4,15,0.797661,0.643325,0.643325
linear_svm_balanced_ratio_preserved_noise_mcc_selected_v1,linear_svm_class_weight_balanced,linear_svm,C,70/30,4,random_flip_10,validation_grid,70/30,valid,1.000000,False,2264,64,5.402071,64,19,45,0.656250,0.633918,0.440000,0.578947,0.500000,0.250813,31,14,8,11,0.722807,0.524034,0.524034
linear_svm_balanced_ratio_preserved_noise_mcc_selected_v1,linear_svm_class_weight_balanced,linear_svm,C,70/30,4,random_flip_10,validation_grid,70/30,valid,10.000000,False,2264,64,6.572183,64,19,45,0.640625,0.607602,0.416667,0.526316,0.465116,0.203095,31,14,9,10,0.678363,0.468947,0.468947
linear_svm_balanced_ratio_preserved_noise_mcc_selected_v1,linear_svm_class_weight_balanced,linear_svm,C,70/30,4,random_flip_10,test,50/50,test,0.100000,True,2264,64,6.647216,42,21,21,0.761905,0.761905,0.789474,0.714286,0.750000,0.526201,17,4,6,15,0.861678,0.866752,0.866752
linear_svm_balanced_ratio_preserved_noise_mcc_selected_v1,linear_svm_class_weight_balanced,linear_svm,C,70/30,4,random_flip_10,test,60/40,test,0.100000,True,2264,64,6.781762,53,21,32,0.754717,0.747768,0.681818,0.714286,0.697674,0.491889,25,7,6,15,0.852679,0.755253,0.755253
linear_svm_balanced_ratio_preserved_noise_mcc_selected_v1,linear_svm_class_weight_balanced,linear_svm,C,70/30,4,random_flip_10,test,70/30,test,0.100000,True,2264,64,6.875316,70,21,49,0.785714,0.765306,0.625000,0.714286,0.666667,0.512272,40,9,6,15,0.793975,0.671459,0.671459
linear_svm_balanced_ratio_preserved_noise_mcc_selected_v1,linear_svm_class_weight_balanced,linear_svm,C,70/30,4,random_flip_10,test,75/25,test,0.100000,True,2264,64,6.980761,84,21,63,0.773810,0.753968,0.535714,0.714286,0.612245,0.466569,50,13,6,15,0.839002,0.675583,0.675583
linear_svm_balanced_ratio_preserved_noise_mcc_selected_v1,linear_svm_class_weight_balanced,linear_svm,C,70/30,4,random_flip_10,test,80/20,test,0.100000,True,2264,64,7.079094,105,21,84,0.780952,0.755952,0.468750,0.714286,0.566038,0.444838,67,17,6,15,0.849773,0.691344,0.691344
linear_svm_balanced_ratio_preserved_noise_mcc_selected_v1,linear_svm_class_weight_balanced,linear_svm,C,70/30,4,random_flip_10,test,90/10,test,0.100000,True,2264,64,7.283662,210,21,189,0.785714,0.753968,0.277778,0.714286,0.400000,0.348651,150,39,6,15,0.827412,0.399363,0.399363
linear_svm_balanced_ratio_preserved_noise_mcc_selected_v1,linear_svm_class_weight_balanced,linear_svm,C,70/30,4,random_flip_20,validation_grid,70/30,valid,0.100000,True,2264,64,5.152802,64,19,45,0.734375,0.750292,0.535714,0.789474,0.638298,0.461031,32,13,4,15,0.802339,0.605736,0.605736
linear_svm_balanced_ratio_preserved_noise_mcc_selected_v1,linear_svm_class_weight_balanced,linear_svm,C,70/30,4,random_flip_20,validation_grid,70/30,valid,1.000000,False,2264,64,5.334220,64,19,45,0.671875,0.660234,0.461538,0.631579,0.533333,0.298119,31,14,7,12,0.773099,0.572222,0.572222
linear_svm_balanced_ratio_preserved_noise_mcc_selected_v1,linear_svm_class_weight_balanced,linear_svm,C,70/30,4,random_flip_20,validation_grid,70/30,valid,10.000000,False,2264,64,6.687867,64,19,45,0.640625,0.592398,0.409091,0.473684,0.439024,0.177762,32,13,10,9,0.725146,0.500567,0.500567
linear_svm_balanced_ratio_preserved_noise_mcc_selected_v1,linear_svm_class_weight_balanced,linear_svm,C,70/30,4,random_flip_20,test,50/50,test,0.100000,True,2264,64,6.763158,42,21,21,0.738095,0.738095,0.750000,0.714286,0.731707,0.476731,16,5,6,15,0.854875,0.879510,0.879510
linear_svm_balanced_ratio_preserved_noise_mcc_selected_v1,linear_svm_class_weight_balanced,linear_svm,C,70/30,4,random_flip_20,test,60/40,test,0.100000,True,2264,64,6.948146,53,21,32,0.735849,0.732143,0.652174,0.714286,0.681818,0.458190,24,8,6,15,0.769345,0.663352,0.663352
linear_svm_balanced_ratio_preserved_noise_mcc_selected_v1,linear_svm_class_weight_balanced,linear_svm,C,70/30,4,random_flip_20,test,70/30,test,0.100000,True,2264,64,7.086030,70,21,49,0.685714,0.693878,0.483871,0.714286,0.576923,0.357727,33,16,6,15,0.824101,0.709380,0.709380
linear_svm_balanced_ratio_preserved_noise_mcc_selected_v1,linear_svm_class_weight_balanced,linear_svm,C,70/30,4,random_flip_20,test,75/25,test,0.100000,True,2264,64,7.273329,84,21,63,0.797619,0.769841,0.576923,0.714286,0.638298,0.505496,52,11,6,15,0.832955,0.678254,0.678254
linear_svm_balanced_ratio_preserved_noise_mcc_selected_v1,linear_svm_class_weight_balanced,linear_svm,C,70/30,4,random_flip_20,test,80/20,test,0.100000,True,2264,64,7.420986,105,21,84,0.819048,0.779762,0.535714,0.714286,0.612245,0.506108,71,13,6,15,0.861678,0.743362,0.743362
linear_svm_balanced_ratio_preserved_noise_mcc_selected_v1,linear_svm_class_weight_balanced,linear_svm,C,70/30,4,random_flip_20,test,90/10,test,0.100000,True,2264,64,7.659923,210,21,189,0.738095,0.727513,0.234375,0.714286,0.352941,0.296559,140,49,6,15,0.805745,0.421515,0.421515
linear_svm_balanced_ratio_preserved_noise_mcc_selected_v1,linear_svm_class_weight_balanced,linear_svm,C,70/30,4,random_fp_10,validation_grid,70/30,valid,0.100000,True,3021,64,6.364090,64,19,45,0.687500,0.716959,0.483871,0.789474,0.600000,0.396692,29,16,4,15,0.824561,0.703219,0.703219
linear_svm_balanced_ratio_preserved_noise_mcc_selected_v1,linear_svm_class_weight_balanced,linear_svm,C,70/30,4,random_fp_10,validation_grid,70/30,valid,1.000000,False,3021,64,6.584402,64,19,45,0.734375,0.704678,0.545455,0.631579,0.585366,0.393776,35,10,7,12,0.791813,0.631413,0.631413
linear_svm_balanced_ratio_preserved_noise_mcc_selected_v1,linear_svm_class_weight_balanced,linear_svm,C,70/30,4,random_fp_10,validation_grid,70/30,valid,10.000000,False,3021,64,7.848761,64,19,45,0.734375,0.704678,0.545455,0.631579,0.585366,0.393776,35,10,7,12,0.730994,0.531755,0.531755
linear_svm_balanced_ratio_preserved_noise_mcc_selected_v1,linear_svm_class_weight_balanced,linear_svm,C,70/30,4,random_fp_10,test,50/50,test,0.100000,True,3021,64,7.916928,42,21,21,0.785714,0.785714,0.772727,0.809524,0.790698,0.572078,16,5,4,17,0.841270,0.869728,0.869728
linear_svm_balanced_ratio_preserved_noise_mcc_selected_v1,linear_svm_class_weight_balanced,linear_svm,C,70/30,4,random_fp_10,test,60/40,test,0.100000,True,3021,64,8.040729,53,21,32,0.754717,0.764137,0.653846,0.809524,0.723404,0.516863,23,9,4,17,0.830357,0.777431,0.777431
linear_svm_balanced_ratio_preserved_noise_mcc_selected_v1,linear_svm_class_weight_balanced,linear_svm,C,70/30,4,random_fp_10,test,70/30,test,0.100000,True,3021,64,8.127389,70,21,49,0.728571,0.751701,0.531250,0.809524,0.641509,0.463079,34,15,4,17,0.810496,0.717469,0.717469
linear_svm_balanced_ratio_preserved_noise_mcc_selected_v1,linear_svm_class_weight_balanced,linear_svm,C,70/30,4,random_fp_10,test,75/25,test,0.100000,True,3021,64,8.251814,84,21,63,0.833333,0.825397,0.629630,0.809524,0.708333,0.603398,53,10,4,17,0.851096,0.737884,0.737884
linear_svm_balanced_ratio_preserved_noise_mcc_selected_v1,linear_svm_class_weight_balanced,linear_svm,C,70/30,4,random_fp_10,test,80/20,test,0.100000,True,3021,64,8.359794,105,21,84,0.819048,0.815476,0.531250,0.809524,0.641509,0.548289,69,15,4,17,0.874717,0.751683,0.751683
linear_svm_balanced_ratio_preserved_noise_mcc_selected_v1,linear_svm_class_weight_balanced,linear_svm,C,70/30,4,random_fp_10,test,90/10,test,0.100000,True,3021,64,8.550330,210,21,189,0.766667,0.785714,0.274194,0.809524,0.409639,0.375816,144,45,4,17,0.822121,0.502491,0.502491
linear_svm_balanced_ratio_preserved_noise_mcc_selected_v1,linear_svm_class_weight_balanced,linear_svm,C,70/30,4,random_fp_20,validation_grid,70/30,valid,0.100000,False,3775,64,6.988486,64,19,45,0.687500,0.732164,0.484848,0.842105,0.615385,0.424492,28,17,3,16,0.816374,0.659036,0.659036
linear_svm_balanced_ratio_preserved_noise_mcc_selected_v1,linear_svm_class_weight_balanced,linear_svm,C,70/30,4,random_fp_20,validation_grid,70/30,valid,1.000000,True,3775,64,7.285651,64,19,45,0.734375,0.750292,0.535714,0.789474,0.638298,0.461031,32,13,4,15,0.771930,0.582024,0.582024
linear_svm_balanced_ratio_preserved_noise_mcc_selected_v1,linear_svm_class_weight_balanced,linear_svm,C,70/30,4,random_fp_20,validation_grid,70/30,valid,10.000000,False,3775,64,9.099678,64,19,45,0.703125,0.712865,0.500000,0.736842,0.595745,0.392092,31,14,5,14,0.735673,0.501794,0.501794
linear_svm_balanced_ratio_preserved_noise_mcc_selected_v1,linear_svm_class_weight_balanced,linear_svm,C,70/30,4,random_fp_20,test,50/50,test,1.000000,True,3775,64,9.169850,42,21,21,0.761905,0.761905,0.739130,0.809524,0.772727,0.526201,15,6,4,17,0.823129,0.860434,0.860434
linear_svm_balanced_ratio_preserved_noise_mcc_selected_v1,linear_svm_class_weight_balanced,linear_svm,C,70/30,4,random_fp_20,test,60/40,test,1.000000,True,3775,64,9.300168,53,21,32,0.830189,0.826637,0.772727,0.809524,0.790698,0.648467,27,5,4,17,0.839286,0.776535,0.776535
linear_svm_balanced_ratio_preserved_noise_mcc_selected_v1,linear_svm_class_weight_balanced,linear_svm,C,70/30,4,random_fp_20,test,70/30,test,1.000000,True,3775,64,9.395046,70,21,49,0.785714,0.792517,0.607143,0.809524,0.693878,0.547249,38,11,4,17,0.816327,0.665552,0.665552
linear_svm_balanced_ratio_preserved_noise_mcc_selected_v1,linear_svm_class_weight_balanced,linear_svm,C,70/30,4,random_fp_20,test,75/25,test,1.000000,True,3775,64,9.506822,84,21,63,0.833333,0.825397,0.629630,0.809524,0.708333,0.603398,53,10,4,17,0.852608,0.763470,0.763470
linear_svm_balanced_ratio_preserved_noise_mcc_selected_v1,linear_svm_class_weight_balanced,linear_svm,C,70/30,4,random_fp_20,test,80/20,test,1.000000,True,3775,64,9.616954,105,21,84,0.809524,0.809524,0.515152,0.809524,0.629630,0.533396,68,16,4,17,0.842404,0.679207,0.679207
linear_svm_balanced_ratio_preserved_noise_mcc_selected_v1,linear_svm_class_weight_balanced,linear_svm,C,70/30,4,random_fp_20,test,90/10,test,1.000000,True,3775,64,9.806198,210,21,189,0.723810,0.761905,0.239437,0.809524,0.369565,0.332183,135,54,4,17,0.802469,0.355306,0.355306
linear_svm_balanced_ratio_preserved_noise_mcc_selected_v1,linear_svm_class_weight_balanced,linear_svm,C,70/30,4,heuristic_fp_10,validation_grid,70/30,valid,0.100000,False,3021,64,6.108920,64,19,45,0.718750,0.739181,0.517241,0.789474,0.625000,0.439043,31,14,4,15,0.818713,0.711926,0.711926
linear_svm_balanced_ratio_preserved_noise_mcc_selected_v1,linear_svm_class_weight_balanced,linear_svm,C,70/30,4,heuristic_fp_10,validation_grid,70/30,valid,1.000000,False,3021,64,6.324997,64,19,45,0.718750,0.723977,0.518519,0.736842,0.608696,0.414413,32,13,5,14,0.826901,0.708718,0.708718
linear_svm_balanced_ratio_preserved_noise_mcc_selected_v1,linear_svm_class_weight_balanced,linear_svm,C,70/30,4,heuristic_fp_10,validation_grid,70/30,valid,10.000000,True,3021,64,7.458742,64,19,45,0.750000,0.746199,0.560000,0.736842,0.636364,0.461102,34,11,5,14,0.814035,0.727428,0.727428
linear_svm_balanced_ratio_preserved_noise_mcc_selected_v1,linear_svm_class_weight_balanced,linear_svm,C,70/30,4,heuristic_fp_10,test,50/50,test,10.000000,True,3021,64,7.532106,42,21,21,0.833333,0.833333,0.888889,0.761905,0.820513,0.673575,19,2,5,16,0.900227,0.888412,0.888412
linear_svm_balanced_ratio_preserved_noise_mcc_selected_v1,linear_svm_class_weight_balanced,linear_svm,C,70/30,4,heuristic_fp_10,test,60/40,test,10.000000,True,3021,64,7.665946,53,21,32,0.773585,0.771577,0.695652,0.761905,0.727273,0.536023,25,7,5,16,0.830357,0.716232,0.716232
linear_svm_balanced_ratio_preserved_noise_mcc_selected_v1,linear_svm_class_weight_balanced,linear_svm,C,70/30,4,heuristic_fp_10,test,70/30,test,10.000000,True,3021,64,7.758438,70,21,49,0.785714,0.778912,0.615385,0.761905,0.680851,0.529043,39,10,5,16,0.836735,0.707636,0.707636
linear_svm_balanced_ratio_preserved_noise_mcc_selected_v1,linear_svm_class_weight_balanced,linear_svm,C,70/30,4,heuristic_fp_10,test,75/25,test,10.000000,True,3021,64,7.875318,84,21,63,0.857143,0.825397,0.695652,0.761905,0.727273,0.631967,56,7,5,16,0.897959,0.668731,0.668731
linear_svm_balanced_ratio_preserved_noise_mcc_selected_v1,linear_svm_class_weight_balanced,linear_svm,C,70/30,4,heuristic_fp_10,test,80/20,test,10.000000,True,3021,64,7.978941,105,21,84,0.895238,0.845238,0.727273,0.761905,0.744186,0.678653,78,6,5,16,0.913265,0.767397,0.767397
linear_svm_balanced_ratio_preserved_noise_mcc_selected_v1,linear_svm_class_weight_balanced,linear_svm,C,70/30,4,heuristic_fp_10,test,90/10,test,10.000000,True,3021,64,8.178839,210,21,189,0.819048,0.793651,0.326531,0.761905,0.457143,0.416573,156,33,5,16,0.849080,0.387955,0.387955
linear_svm_balanced_ratio_preserved_noise_mcc_selected_v1,linear_svm_class_weight_balanced,linear_svm,C,70/30,4,heuristic_fp_20,validation_grid,70/30,valid,0.100000,True,3775,64,7.008530,64,19,45,0.687500,0.716959,0.483871,0.789474,0.600000,0.396692,29,16,4,15,0.803509,0.683698,0.683698
linear_svm_balanced_ratio_preserved_noise_mcc_selected_v1,linear_svm_class_weight_balanced,linear_svm,C,70/30,4,heuristic_fp_20,validation_grid,70/30,valid,1.000000,False,3775,64,7.278820,64,19,45,0.703125,0.712865,0.500000,0.736842,0.595745,0.392092,31,14,5,14,0.796491,0.644269,0.644269
linear_svm_balanced_ratio_preserved_noise_mcc_selected_v1,linear_svm_class_weight_balanced,linear_svm,C,70/30,4,heuristic_fp_20,validation_grid,70/30,valid,10.000000,False,3775,64,8.721635,64,19,45,0.703125,0.682456,0.500000,0.631579,0.558140,0.344378,33,12,7,12,0.766082,0.583756,0.583756
linear_svm_balanced_ratio_preserved_noise_mcc_selected_v1,linear_svm_class_weight_balanced,linear_svm,C,70/30,4,heuristic_fp_20,test,50/50,test,0.100000,True,3775,64,8.801993,42,21,21,0.809524,0.809524,0.782609,0.857143,0.818182,0.621874,16,5,3,18,0.884354,0.885615,0.885615
linear_svm_balanced_ratio_preserved_noise_mcc_selected_v1,linear_svm_class_weight_balanced,linear_svm,C,70/30,4,heuristic_fp_20,test,60/40,test,0.100000,True,3775,64,8.929012,53,21,32,0.811321,0.819196,0.720000,0.857143,0.782609,0.625495,25,7,3,18,0.892857,0.852171,0.852171
linear_svm_balanced_ratio_preserved_noise_mcc_selected_v1,linear_svm_class_weight_balanced,linear_svm,C,70/30,4,heuristic_fp_20,test,70/30,test,0.100000,True,3775,64,9.017287,70,21,49,0.771429,0.795918,0.580645,0.857143,0.692308,0.546005,36,13,3,18,0.871720,0.764083,0.764083
linear_svm_balanced_ratio_preserved_noise_mcc_selected_v1,linear_svm_class_weight_balanced,linear_svm,C,70/30,4,heuristic_fp_20,test,75/25,test,0.100000,True,3775,64,9.126022,84,21,63,0.797619,0.817460,0.562500,0.857143,0.679245,0.566139,49,14,3,18,0.890401,0.707657,0.707657
linear_svm_balanced_ratio_preserved_noise_mcc_selected_v1,linear_svm_class_weight_balanced,linear_svm,C,70/30,4,heuristic_fp_20,test,80/20,test,0.100000,True,3775,64,9.234878,105,21,84,0.838095,0.845238,0.562500,0.857143,0.679245,0.600014,70,14,3,18,0.917800,0.739572,0.739572
linear_svm_balanced_ratio_preserved_noise_mcc_selected_v1,linear_svm_class_weight_balanced,linear_svm,C,70/30,4,heuristic_fp_20,test,90/10,test,0.100000,True,3775,64,9.446711,210,21,189,0.747619,0.796296,0.264706,0.857143,0.404494,0.379925,139,50,3,18,0.871000,0.468140,0.468140
linear_svm_balanced_ratio_preserved_noise_mcc_selected_v1,linear_svm_class_weight_balanced,linear_svm,C,70/30,5,clean,validation_grid,70/30,valid,0.100000,True,2264,64,4.981380,64,19,45,0.765625,0.772515,0.576923,0.789474,0.666667,0.507019,34,11,4,15,0.828070,0.684642,0.684642
linear_svm_balanced_ratio_preserved_noise_mcc_selected_v1,linear_svm_class_weight_balanced,linear_svm,C,70/30,5,clean,validation_grid,70/30,valid,1.000000,False,2264,64,5.152165,64,19,45,0.765625,0.772515,0.576923,0.789474,0.666667,0.507019,34,11,4,15,0.819883,0.688102,0.688102
linear_svm_balanced_ratio_preserved_noise_mcc_selected_v1,linear_svm_class_weight_balanced,linear_svm,C,70/30,5,clean,validation_grid,70/30,valid,10.000000,False,2264,64,6.060242,64,19,45,0.734375,0.719883,0.541667,0.684211,0.604651,0.415020,34,11,6,13,0.821053,0.698329,0.698329
linear_svm_balanced_ratio_preserved_noise_mcc_selected_v1,linear_svm_class_weight_balanced,linear_svm,C,70/30,5,clean,test,50/50,test,0.100000,True,2264,64,6.139464,42,21,21,0.738095,0.738095,0.727273,0.761905,0.744186,0.476731,15,6,5,16,0.848073,0.843055,0.843055
linear_svm_balanced_ratio_preserved_noise_mcc_selected_v1,linear_svm_class_weight_balanced,linear_svm,C,70/30,5,clean,test,60/40,test,0.100000,True,2264,64,6.220981,53,21,32,0.792453,0.787202,0.727273,0.761905,0.744186,0.570178,26,6,5,16,0.870536,0.815112,0.815112
linear_svm_balanced_ratio_preserved_noise_mcc_selected_v1,linear_svm_class_weight_balanced,linear_svm,C,70/30,5,clean,test,70/30,test,0.100000,True,2264,64,6.308999,70,21,49,0.828571,0.809524,0.695652,0.761905,0.727273,0.603975,42,7,5,16,0.881438,0.764751,0.764751
linear_svm_balanced_ratio_preserved_noise_mcc_selected_v1,linear_svm_class_weight_balanced,linear_svm,C,70/30,5,clean,test,75/25,test,0.100000,True,2264,64,6.398358,84,21,63,0.857143,0.825397,0.695652,0.761905,0.727273,0.631967,56,7,5,16,0.894936,0.691791,0.691791
linear_svm_balanced_ratio_preserved_noise_mcc_selected_v1,linear_svm_class_weight_balanced,linear_svm,C,70/30,5,clean,test,80/20,test,0.100000,True,2264,64,6.526787,105,21,84,0.790476,0.779762,0.484848,0.761905,0.592593,0.482108,67,17,5,16,0.834467,0.555417,0.555417
linear_svm_balanced_ratio_preserved_noise_mcc_selected_v1,linear_svm_class_weight_balanced,linear_svm,C,70/30,5,clean,test,90/10,test,0.100000,True,2264,64,6.784604,210,21,189,0.823810,0.796296,0.333333,0.761905,0.463768,0.423369,157,32,5,16,0.874276,0.571304,0.571304
linear_svm_balanced_ratio_preserved_noise_mcc_selected_v1,linear_svm_class_weight_balanced,linear_svm,C,70/30,5,random_flip_10,validation_grid,70/30,valid,0.100000,True,2264,64,5.369544,64,19,45,0.703125,0.728070,0.500000,0.789474,0.612245,0.417620,30,15,4,15,0.833918,0.731703,0.731703
linear_svm_balanced_ratio_preserved_noise_mcc_selected_v1,linear_svm_class_weight_balanced,linear_svm,C,70/30,5,random_flip_10,validation_grid,70/30,valid,1.000000,False,2264,64,5.564482,64,19,45,0.718750,0.708772,0.520000,0.684211,0.590909,0.391005,33,12,6,13,0.805848,0.719864,0.719864
linear_svm_balanced_ratio_preserved_noise_mcc_selected_v1,linear_svm_class_weight_balanced,linear_svm,C,70/30,5,random_flip_10,validation_grid,70/30,valid,10.000000,False,2264,64,6.675104,64,19,45,0.703125,0.667251,0.500000,0.578947,0.536585,0.321771,34,11,8,11,0.750877,0.594314,0.594314
linear_svm_balanced_ratio_preserved_noise_mcc_selected_v1,linear_svm_class_weight_balanced,linear_svm,C,70/30,5,random_flip_10,test,50/50,test,0.100000,True,2264,64,6.745448,42,21,21,0.761905,0.761905,0.739130,0.809524,0.772727,0.526201,15,6,4,17,0.852608,0.859051,0.859051
linear_svm_balanced_ratio_preserved_noise_mcc_selected_v1,linear_svm_class_weight_balanced,linear_svm,C,70/30,5,random_flip_10,test,60/40,test,0.100000,True,2264,64,6.821458,53,21,32,0.830189,0.826637,0.772727,0.809524,0.790698,0.648467,27,5,4,17,0.858631,0.802224,0.802224
linear_svm_balanced_ratio_preserved_noise_mcc_selected_v1,linear_svm_class_weight_balanced,linear_svm,C,70/30,5,random_flip_10,test,70/30,test,0.100000,True,2264,64,6.902359,70,21,49,0.828571,0.823129,0.680000,0.809524,0.739130,0.618070,41,8,4,17,0.874636,0.777795,0.777795
linear_svm_balanced_ratio_preserved_noise_mcc_selected_v1,linear_svm_class_weight_balanced,linear_svm,C,70/30,5,random_flip_10,test,75/25,test,0.100000,True,2264,64,6.990591,84,21,63,0.845238,0.833333,0.653846,0.809524,0.723404,0.624436,54,9,4,17,0.883598,0.757695,0.757695
linear_svm_balanced_ratio_preserved_noise_mcc_selected_v1,linear_svm_class_weight_balanced,linear_svm,C,70/30,5,random_flip_10,test,80/20,test,0.100000,True,2264,64,7.123194,105,21,84,0.819048,0.815476,0.531250,0.809524,0.641509,0.548289,69,15,4,17,0.844104,0.647599,0.647599
linear_svm_balanced_ratio_preserved_noise_mcc_selected_v1,linear_svm_class_weight_balanced,linear_svm,C,70/30,5,random_flip_10,test,90/10,test,0.100000,True,2264,64,7.380094,210,21,189,0.823810,0.817460,0.340000,0.809524,0.478873,0.447214,156,33,4,17,0.871504,0.596711,0.596711
linear_svm_balanced_ratio_preserved_noise_mcc_selected_v1,linear_svm_class_weight_balanced,linear_svm,C,70/30,5,random_flip_20,validation_grid,70/30,valid,0.100000,True,2264,64,5.047924,64,19,45,0.687500,0.716959,0.483871,0.789474,0.600000,0.396692,29,16,4,15,0.818713,0.686326,0.686326
linear_svm_balanced_ratio_preserved_noise_mcc_selected_v1,linear_svm_class_weight_balanced,linear_svm,C,70/30,5,random_flip_20,validation_grid,70/30,valid,1.000000,False,2264,64,5.235753,64,19,45,0.687500,0.701754,0.482759,0.736842,0.583333,0.370342,30,15,5,14,0.780117,0.631178,0.631178
linear_svm_balanced_ratio_preserved_noise_mcc_selected_v1,linear_svm_class_weight_balanced,linear_svm,C,70/30,5,random_flip_20,validation_grid,70/30,valid,10.000000,False,2264,64,6.385709,64,19,45,0.656250,0.633918,0.440000,0.578947,0.500000,0.250813,31,14,8,11,0.749708,0.636511,0.636511
linear_svm_balanced_ratio_preserved_noise_mcc_selected_v1,linear_svm_class_weight_balanced,linear_svm,C,70/30,5,random_flip_20,test,50/50,test,0.100000,True,2264,64,6.459861,42,21,21,0.690476,0.690476,0.700000,0.666667,0.682927,0.381385,15,6,7,14,0.757370,0.771975,0.771975
linear_svm_balanced_ratio_preserved_noise_mcc_selected_v1,linear_svm_class_weight_balanced,linear_svm,C,70/30,5,random_flip_20,test,60/40,test,0.100000,True,2264,64,6.537327,53,21,32,0.716981,0.708333,0.636364,0.666667,0.651163,0.413601,24,8,7,14,0.758929,0.679957,0.679957
linear_svm_balanced_ratio_preserved_noise_mcc_selected_v1,linear_svm_class_weight_balanced,linear_svm,C,70/30,5,random_flip_20,test,70/30,test,0.100000,True,2264,64,6.618750,70,21,49,0.757143,0.731293,0.583333,0.666667,0.622222,0.446596,39,10,7,14,0.834791,0.736711,0.736711
linear_svm_balanced_ratio_preserved_noise_mcc_selected_v1,linear_svm_class_weight_balanced,linear_svm,C,70/30,5,random_flip_20,test,75/25,test,0.100000,True,2264,64,6.706958,84,21,63,0.773810,0.738095,0.538462,0.666667,0.595745,0.446026,51,12,7,14,0.823129,0.646744,0.646744
linear_svm_balanced_ratio_preserved_noise_mcc_selected_v1,linear_svm_class_weight_balanced,linear_svm,C,70/30,5,random_flip_20,test,80/20,test,0.100000,True,2264,64,6.838834,105,21,84,0.704762,0.690476,0.368421,0.666667,0.474576,0.317096,60,24,7,14,0.735828,0.475085,0.475085
linear_svm_balanced_ratio_preserved_noise_mcc_selected_v1,linear_svm_class_weight_balanced,linear_svm,C,70/30,5,random_flip_20,test,90/10,test,0.100000,True,2264,64,7.101786,210,21,189,0.733333,0.703704,0.222222,0.666667,0.333333,0.266711,140,49,7,14,0.781053,0.403048,0.403048
linear_svm_balanced_ratio_preserved_noise_mcc_selected_v1,linear_svm_class_weight_balanced,linear_svm,C,70/30,5,random_fp_10,validation_grid,70/30,valid,0.100000,True,3021,64,6.124295,64,19,45,0.718750,0.739181,0.517241,0.789474,0.625000,0.439043,31,14,4,15,0.790643,0.652868,0.652868
linear_svm_balanced_ratio_preserved_noise_mcc_selected_v1,linear_svm_class_weight_balanced,linear_svm,C,70/30,5,random_fp_10,validation_grid,70/30,valid,1.000000,False,3021,64,6.341125,64,19,45,0.687500,0.716959,0.483871,0.789474,0.600000,0.396692,29,16,4,15,0.774269,0.629195,0.629195
linear_svm_balanced_ratio_preserved_noise_mcc_selected_v1,linear_svm_class_weight_balanced,linear_svm,C,70/30,5,random_fp_10,validation_grid,70/30,valid,10.000000,False,3021,64,7.591974,64,19,45,0.687500,0.686550,0.481481,0.684211,0.565217,0.345164,31,14,6,13,0.746199,0.633993,0.633993
linear_svm_balanced_ratio_preserved_noise_mcc_selected_v1,linear_svm_class_weight_balanced,linear_svm,C,70/30,5,random_fp_10,test,50/50,test,0.100000,True,3021,64,7.662436,42,21,21,0.809524,0.809524,0.782609,0.857143,0.818182,0.621874,16,5,3,18,0.895692,0.892163,0.892163
linear_svm_balanced_ratio_preserved_noise_mcc_selected_v1,linear_svm_class_weight_balanced,linear_svm,C,70/30,5,random_fp_10,test,60/40,test,0.100000,True,3021,64,7.734007,53,21,32,0.849057,0.850446,0.782609,0.857143,0.818182,0.691690,27,5,3,18,0.912202,0.839238,0.839238
linear_svm_balanced_ratio_preserved_noise_mcc_selected_v1,linear_svm_class_weight_balanced,linear_svm,C,70/30,5,random_fp_10,test,70/30,test,0.100000,True,3021,64,7.813107,70,21,49,0.857143,0.857143,0.720000,0.857143,0.782609,0.683130,42,7,3,18,0.915452,0.848981,0.848981
linear_svm_balanced_ratio_preserved_noise_mcc_selected_v1,linear_svm_class_weight_balanced,linear_svm,C,70/30,5,random_fp_10,test,75/25,test,0.100000,True,3021,64,7.905030,84,21,63,0.904762,0.888889,0.782609,0.857143,0.818182,0.755278,58,5,3,18,0.910053,0.747181,0.747181
linear_svm_balanced_ratio_preserved_noise_mcc_selected_v1,linear_svm_class_weight_balanced,linear_svm,C,70/30,5,random_fp_10,test,80/20,test,0.100000,True,3021,64,8.038992,105,21,84,0.771429,0.803571,0.461538,0.857143,0.600000,0.502616,63,21,3,18,0.875850,0.644239,0.644239
linear_svm_balanced_ratio_preserved_noise_mcc_selected_v1,linear_svm_class_weight_balanced,linear_svm,C,70/30,5,random_fp_10,test,90/10,test,0.100000,True,3021,64,8.285344,210,21,189,0.804762,0.828042,0.321429,0.857143,0.467532,0.445088,151,38,3,18,0.902494,0.668331,0.668331
linear_svm_balanced_ratio_preserved_noise_mcc_selected_v1,linear_svm_class_weight_balanced,linear_svm,C,70/30,5,random_fp_20,validation_grid,70/30,valid,0.100000,True,3775,64,7.137066,64,19,45,0.718750,0.754386,0.516129,0.842105,0.640000,0.465124,30,15,3,16,0.823392,0.705518,0.705518
linear_svm_balanced_ratio_preserved_noise_mcc_selected_v1,linear_svm_class_weight_balanced,linear_svm,C,70/30,5,random_fp_20,validation_grid,70/30,valid,1.000000,False,3775,64,7.453304,64,19,45,0.734375,0.719883,0.541667,0.684211,0.604651,0.415020,34,11,6,13,0.802339,0.619642,0.619642
linear_svm_balanced_ratio_preserved_noise_mcc_selected_v1,linear_svm_class_weight_balanced,linear_svm,C,70/30,5,random_fp_20,validation_grid,70/30,valid,10.000000,False,3775,64,9.128012,64,19,45,0.734375,0.704678,0.545455,0.631579,0.585366,0.393776,35,10,7,12,0.773099,0.577034,0.577034
linear_svm_balanced_ratio_preserved_noise_mcc_selected_v1,linear_svm_class_weight_balanced,linear_svm,C,70/30,5,random_fp_20,test,50/50,test,0.100000,True,3775,64,9.196323,42,21,21,0.785714,0.785714,0.772727,0.809524,0.790698,0.572078,16,5,4,17,0.834467,0.873277,0.873277
linear_svm_balanced_ratio_preserved_noise_mcc_selected_v1,linear_svm_class_weight_balanced,linear_svm,C,70/30,5,random_fp_20,test,60/40,test,0.100000,True,3775,64,9.276903,53,21,32,0.792453,0.795387,0.708333,0.809524,0.755556,0.580499,25,7,4,17,0.831845,0.768501,0.768501
linear_svm_balanced_ratio_preserved_noise_mcc_selected_v1,linear_svm_class_weight_balanced,linear_svm,C,70/30,5,random_fp_20,test,70/30,test,0.100000,True,3775,64,9.360226,70,21,49,0.828571,0.823129,0.680000,0.809524,0.739130,0.618070,41,8,4,17,0.847425,0.747988,0.747988
linear_svm_balanced_ratio_preserved_noise_mcc_selected_v1,linear_svm_class_weight_balanced,linear_svm,C,70/30,5,random_fp_20,test,75/25,test,0.100000,True,3775,64,9.449236,84,21,63,0.785714,0.793651,0.548387,0.809524,0.653846,0.527014,49,14,4,17,0.843537,0.709946,0.709946
linear_svm_balanced_ratio_preserved_noise_mcc_selected_v1,linear_svm_class_weight_balanced,linear_svm,C,70/30,5,random_fp_20,test,80/20,test,0.100000,True,3775,64,9.599063,105,21,84,0.723810,0.755952,0.404762,0.809524,0.539683,0.417968,59,25,4,17,0.818594,0.570898,0.570898
linear_svm_balanced_ratio_preserved_noise_mcc_selected_v1,linear_svm_class_weight_balanced,linear_svm,C,70/30,5,random_fp_20,test,90/10,test,0.100000,True,3775,64,9.876685,210,21,189,0.761905,0.783069,0.269841,0.809524,0.404762,0.370624,143,46,4,17,0.845805,0.510250,0.510250
linear_svm_balanced_ratio_preserved_noise_mcc_selected_v1,linear_svm_class_weight_balanced,linear_svm,C,70/30,5,heuristic_fp_10,validation_grid,70/30,valid,0.100000,False,3021,64,6.051626,64,19,45,0.718750,0.739181,0.517241,0.789474,0.625000,0.439043,31,14,4,15,0.829240,0.687404,0.687404
linear_svm_balanced_ratio_preserved_noise_mcc_selected_v1,linear_svm_class_weight_balanced,linear_svm,C,70/30,5,heuristic_fp_10,validation_grid,70/30,valid,1.000000,False,3021,64,6.248033,64,19,45,0.781250,0.783626,0.600000,0.789474,0.681818,0.531198,35,10,4,15,0.814035,0.660975,0.660975
linear_svm_balanced_ratio_preserved_noise_mcc_selected_v1,linear_svm_class_weight_balanced,linear_svm,C,70/30,5,heuristic_fp_10,validation_grid,70/30,valid,10.000000,True,3021,64,7.306460,64,19,45,0.796875,0.779532,0.636364,0.736842,0.682927,0.537785,37,8,5,14,0.800000,0.612790,0.612790
linear_svm_balanced_ratio_preserved_noise_mcc_selected_v1,linear_svm_class_weight_balanced,linear_svm,C,70/30,5,heuristic_fp_10,test,50/50,test,10.000000,True,3021,64,7.380296,42,21,21,0.857143,0.857143,0.941176,0.761905,0.842105,0.727607,20,1,5,16,0.959184,0.952785,0.952785
linear_svm_balanced_ratio_preserved_noise_mcc_selected_v1,linear_svm_class_weight_balanced,linear_svm,C,70/30,5,heuristic_fp_10,test,60/40,test,10.000000,True,3021,64,7.459454,53,21,32,0.867925,0.849702,0.888889,0.761905,0.820513,0.722342,30,2,5,16,0.941964,0.898062,0.898062
linear_svm_balanced_ratio_preserved_noise_mcc_selected_v1,linear_svm_class_weight_balanced,linear_svm,C,70/30,5,heuristic_fp_10,test,70/30,test,10.000000,True,3021,64,7.539497,70,21,49,0.857143,0.829932,0.761905,0.761905,0.761905,0.659864,44,5,5,16,0.940719,0.887301,0.887301
linear_svm_balanced_ratio_preserved_noise_mcc_selected_v1,linear_svm_class_weight_balanced,linear_svm,C,70/30,5,heuristic_fp_10,test,75/25,test,10.000000,True,3021,64,7.626995,84,21,63,0.880952,0.841270,0.761905,0.761905,0.761905,0.682540,58,5,5,16,0.939531,0.783651,0.783651
linear_svm_balanced_ratio_preserved_noise_mcc_selected_v1,linear_svm_class_weight_balanced,linear_svm,C,70/30,5,heuristic_fp_10,test,80/20,test,10.000000,True,3021,64,7.759161,105,21,84,0.828571,0.803571,0.551724,0.761905,0.640000,0.543168,71,13,5,16,0.923469,0.751192,0.751192
linear_svm_balanced_ratio_preserved_noise_mcc_selected_v1,linear_svm_class_weight_balanced,linear_svm,C,70/30,5,heuristic_fp_10,test,90/10,test,10.000000,True,3021,64,7.987200,210,21,189,0.804762,0.785714,0.307692,0.761905,0.438356,0.397166,153,36,5,16,0.904762,0.470148,0.470148
linear_svm_balanced_ratio_preserved_noise_mcc_selected_v1,linear_svm_class_weight_balanced,linear_svm,C,70/30,5,heuristic_fp_20,validation_grid,70/30,valid,0.100000,False,3775,64,7.006184,64,19,45,0.718750,0.739181,0.517241,0.789474,0.625000,0.439043,31,14,4,15,0.832749,0.650917,0.650917
linear_svm_balanced_ratio_preserved_noise_mcc_selected_v1,linear_svm_class_weight_balanced,linear_svm,C,70/30,5,heuristic_fp_20,validation_grid,70/30,valid,1.000000,True,3775,64,7.280484,64,19,45,0.750000,0.761404,0.555556,0.789474,0.652174,0.483662,33,12,4,15,0.822222,0.677533,0.677533
linear_svm_balanced_ratio_preserved_noise_mcc_selected_v1,linear_svm_class_weight_balanced,linear_svm,C,70/30,5,heuristic_fp_20,validation_grid,70/30,valid,10.000000,False,3775,64,8.632217,64,19,45,0.734375,0.704678,0.545455,0.631579,0.585366,0.393776,35,10,7,12,0.800000,0.644755,0.644755
linear_svm_balanced_ratio_preserved_noise_mcc_selected_v1,linear_svm_class_weight_balanced,linear_svm,C,70/30,5,heuristic_fp_20,test,50/50,test,1.000000,True,3775,64,8.704318,42,21,21,0.857143,0.857143,0.857143,0.857143,0.857143,0.714286,18,3,3,18,0.934240,0.921784,0.921784
linear_svm_balanced_ratio_preserved_noise_mcc_selected_v1,linear_svm_class_weight_balanced,linear_svm,C,70/30,5,heuristic_fp_20,test,60/40,test,1.000000,True,3775,64,8.788202,53,21,32,0.773585,0.787946,0.666667,0.857143,0.750000,0.563453,23,9,3,18,0.885417,0.794304,0.794304
linear_svm_balanced_ratio_preserved_noise_mcc_selected_v1,linear_svm_class_weight_balanced,linear_svm,C,70/30,5,heuristic_fp_20,test,70/30,test,1.000000,True,3775,64,8.869542,70,21,49,0.842857,0.846939,0.692308,0.857143,0.765957,0.658078,41,8,3,18,0.919339,0.757056,0.757056
linear_svm_balanced_ratio_preserved_noise_mcc_selected_v1,linear_svm_class_weight_balanced,linear_svm,C,70/30,5,heuristic_fp_20,test,75/25,test,1.000000,True,3775,64,8.956229,84,21,63,0.845238,0.849206,0.642857,0.857143,0.734694,0.641533,53,10,3,18,0.923658,0.713705,0.713705
linear_svm_balanced_ratio_preserved_noise_mcc_selected_v1,linear_svm_class_weight_balanced,linear_svm,C,70/30,5,heuristic_fp_20,test,80/20,test,1.000000,True,3775,64,9.089774,105,21,84,0.838095,0.845238,0.562500,0.857143,0.679245,0.600014,70,14,3,18,0.904762,0.623314,0.623314
linear_svm_balanced_ratio_preserved_noise_mcc_selected_v1,linear_svm_class_weight_balanced,linear_svm,C,70/30,5,heuristic_fp_20,test,90/10,test,1.000000,True,3775,64,9.332169,210,21,189,0.800000,0.825397,0.315789,0.857143,0.461538,0.439037,150,39,3,18,0.910557,0.504648,0.504648
linear_svm_balanced_ratio_preserved_noise_mcc_selected_v1,linear_svm_class_weight_balanced,linear_svm,C,75/25,1,clean,validation_grid,75/25,valid,0.100000,False,2716,76,5.698156,76,19,57,0.855263,0.833333,0.681818,0.789474,0.731707,0.636524,50,7,4,15,0.887350,0.803330,0.803330
linear_svm_balanced_ratio_preserved_noise_mcc_selected_v1,linear_svm_class_weight_balanced,linear_svm,C,75/25,1,clean,validation_grid,75/25,valid,1.000000,True,2716,76,5.912176,76,19,57,0.881579,0.833333,0.777778,0.736842,0.756757,0.679005,53,4,5,14,0.877193,0.833810,0.833810
linear_svm_balanced_ratio_preserved_noise_mcc_selected_v1,linear_svm_class_weight_balanced,linear_svm,C,75/25,1,clean,validation_grid,75/25,valid,10.000000,False,2716,76,7.082930,76,19,57,0.881579,0.798246,0.857143,0.631579,0.727273,0.666283,55,2,7,12,0.862419,0.820963,0.820963
linear_svm_balanced_ratio_preserved_noise_mcc_selected_v1,linear_svm_class_weight_balanced,linear_svm,C,75/25,1,clean,test,50/50,test,1.000000,True,2716,76,7.148425,42,21,21,0.761905,0.761905,0.823529,0.666667,0.736842,0.533578,18,3,7,14,0.909297,0.922807,0.922807
linear_svm_balanced_ratio_preserved_noise_mcc_selected_v1,linear_svm_class_weight_balanced,linear_svm,C,75/25,1,clean,test,60/40,test,1.000000,True,2716,76,7.222372,53,21,32,0.792453,0.770833,0.777778,0.666667,0.717949,0.559431,28,4,7,14,0.885417,0.858824,0.858824
linear_svm_balanced_ratio_preserved_noise_mcc_selected_v1,linear_svm_class_weight_balanced,linear_svm,C,75/25,1,clean,test,70/30,test,1.000000,True,2716,76,7.301834,70,21,49,0.871429,0.812925,0.875000,0.666667,0.756757,0.683001,47,2,7,14,0.930029,0.887065,0.887065
linear_svm_balanced_ratio_preserved_noise_mcc_selected_v1,linear_svm_class_weight_balanced,linear_svm,C,75/25,1,clean,test,75/25,test,1.000000,True,2716,76,7.394179,84,21,63,0.845238,0.785714,0.700000,0.666667,0.682927,0.580948,57,6,7,14,0.928193,0.858755,0.858755
linear_svm_balanced_ratio_preserved_noise_mcc_selected_v1,linear_svm_class_weight_balanced,linear_svm,C,75/25,1,clean,test,80/20,test,1.000000,True,2716,76,7.514373,105,21,84,0.838095,0.773810,0.583333,0.666667,0.622222,0.521651,74,10,7,14,0.888889,0.753508,0.753508
linear_svm_balanced_ratio_preserved_noise_mcc_selected_v1,linear_svm_class_weight_balanced,linear_svm,C,75/25,1,clean,test,90/10,test,1.000000,True,2716,76,7.727376,210,21,189,0.871429,0.780423,0.411765,0.666667,0.509091,0.456761,169,20,7,14,0.886117,0.571729,0.571729
linear_svm_balanced_ratio_preserved_noise_mcc_selected_v1,linear_svm_class_weight_balanced,linear_svm,C,75/25,1,random_flip_10,validation_grid,75/25,valid,0.100000,True,2716,76,5.563013,76,19,57,0.842105,0.842105,0.640000,0.842105,0.727273,0.630593,48,9,3,16,0.869806,0.787435,0.787435
linear_svm_balanced_ratio_preserved_noise_mcc_selected_v1,linear_svm_class_weight_balanced,linear_svm,C,75/25,1,random_flip_10,validation_grid,75/25,valid,1.000000,False,2716,76,5.796867,76,19,57,0.855263,0.815789,0.700000,0.736842,0.717949,0.621059,51,6,5,14,0.847645,0.797991,0.797991
linear_svm_balanced_ratio_preserved_noise_mcc_selected_v1,linear_svm_class_weight_balanced,linear_svm,C,75/25,1,random_flip_10,validation_grid,75/25,valid,10.000000,False,2716,76,7.211439,76,19,57,0.842105,0.789474,0.684211,0.684211,0.684211,0.578947,51,6,6,13,0.795014,0.740537,0.740537
linear_svm_balanced_ratio_preserved_noise_mcc_selected_v1,linear_svm_class_weight_balanced,linear_svm,C,75/25,1,random_flip_10,test,50/50,test,0.100000,True,2716,76,7.275856,42,21,21,0.785714,0.785714,0.800000,0.761905,0.780488,0.572078,17,4,5,16,0.882086,0.896354,0.896354
linear_svm_balanced_ratio_preserved_noise_mcc_selected_v1,linear_svm_class_weight_balanced,linear_svm,C,75/25,1,random_flip_10,test,60/40,test,0.100000,True,2716,76,7.349819,53,21,32,0.735849,0.740327,0.640000,0.761905,0.695652,0.470944,23,9,5,16,0.822917,0.777192,0.777192
linear_svm_balanced_ratio_preserved_noise_mcc_selected_v1,linear_svm_class_weight_balanced,linear_svm,C,75/25,1,random_flip_10,test,70/30,test,0.100000,True,2716,76,7.425536,70,21,49,0.885714,0.850340,0.842105,0.761905,0.800000,0.722047,46,3,5,16,0.927114,0.886964,0.886964
linear_svm_balanced_ratio_preserved_noise_mcc_selected_v1,linear_svm_class_weight_balanced,linear_svm,C,75/25,1,random_flip_10,test,75/25,test,0.100000,True,2716,76,7.506940,84,21,63,0.892857,0.849206,0.800000,0.761905,0.780488,0.710047,59,4,5,16,0.922147,0.856589,0.856589
linear_svm_balanced_ratio_preserved_noise_mcc_selected_v1,linear_svm_class_weight_balanced,linear_svm,C,75/25,1,random_flip_10,test,80/20,test,0.100000,True,2716,76,7.622535,105,21,84,0.800000,0.785714,0.500000,0.761905,0.603774,0.496564,68,16,5,16,0.827664,0.570291,0.570291
linear_svm_balanced_ratio_preserved_noise_mcc_selected_v1,linear_svm_class_weight_balanced,linear_svm,C,75/25,1,random_flip_10,test,90/10,test,0.100000,True,2716,76,7.820762,210,21,189,0.795238,0.780423,0.296296,0.761905,0.426667,0.384969,151,38,5,16,0.852356,0.487944,0.487944
linear_svm_balanced_ratio_preserved_noise_mcc_selected_v1,linear_svm_class_weight_balanced,linear_svm,C,75/25,1,random_flip_20,validation_grid,75/25,valid,0.100000,True,2716,76,5.743496,76,19,57,0.789474,0.754386,0.565217,0.684211,0.619048,0.479552,47,10,6,13,0.834718,0.726647,0.726647
linear_svm_balanced_ratio_preserved_noise_mcc_selected_v1,linear_svm_class_weight_balanced,linear_svm,C,75/25,1,random_flip_20,validation_grid,75/25,valid,1.000000,False,2716,76,5.984516,76,19,57,0.776316,0.675439,0.562500,0.473684,0.514286,0.372678,50,7,10,9,0.760849,0.542036,0.542036
linear_svm_balanced_ratio_preserved_noise_mcc_selected_v1,linear_svm_class_weight_balanced,linear_svm,C,75/25,1,random_flip_20,validation_grid,75/25,valid,10.000000,False,2716,76,7.577188,76,19,57,0.697368,0.587719,0.388889,0.368421,0.378378,0.178685,46,11,12,7,0.681440,0.479163,0.479163
linear_svm_balanced_ratio_preserved_noise_mcc_selected_v1,linear_svm_class_weight_balanced,linear_svm,C,75/25,1,random_flip_20,test,50/50,test,0.100000,True,2716,76,7.645555,42,21,21,0.738095,0.738095,0.812500,0.619048,0.702703,0.490290,18,3,8,13,0.863946,0.885014,0.885014
linear_svm_balanced_ratio_preserved_noise_mcc_selected_v1,linear_svm_class_weight_balanced,linear_svm,C,75/25,1,random_flip_20,test,60/40,test,0.100000,True,2716,76,7.719890,53,21,32,0.716981,0.700149,0.650000,0.619048,0.634146,0.403920,25,7,8,13,0.827381,0.796845,0.796845
linear_svm_balanced_ratio_preserved_noise_mcc_selected_v1,linear_svm_class_weight_balanced,linear_svm,C,75/25,1,random_flip_20,test,70/30,test,0.100000,True,2716,76,7.801448,70,21,49,0.814286,0.758503,0.722222,0.619048,0.666667,0.542083,44,5,8,13,0.865889,0.804719,0.804719
linear_svm_balanced_ratio_preserved_noise_mcc_selected_v1,linear_svm_class_weight_balanced,linear_svm,C,75/25,1,random_flip_20,test,75/25,test,0.100000,True,2716,76,7.886639,84,21,63,0.738095,0.698413,0.481481,0.619048,0.541667,0.367926,49,14,8,13,0.819350,0.694925,0.694925
linear_svm_balanced_ratio_preserved_noise_mcc_selected_v1,linear_svm_class_weight_balanced,linear_svm,C,75/25,1,random_flip_20,test,80/20,test,0.100000,True,2716,76,7.998665,105,21,84,0.742857,0.696429,0.406250,0.619048,0.490566,0.341387,65,19,8,13,0.824263,0.653945,0.653945
linear_svm_balanced_ratio_preserved_noise_mcc_selected_v1,linear_svm_class_weight_balanced,linear_svm,C,75/25,1,random_flip_20,test,90/10,test,0.100000,True,2716,76,8.196652,210,21,189,0.771429,0.703704,0.245283,0.619048,0.351351,0.281373,149,40,8,13,0.830184,0.439830,0.439830
linear_svm_balanced_ratio_preserved_noise_mcc_selected_v1,linear_svm_class_weight_balanced,linear_svm,C,75/25,1,random_fp_10,validation_grid,75/25,valid,0.100000,False,3804,76,7.304831,76,19,57,0.789474,0.807018,0.551724,0.842105,0.666667,0.547343,44,13,3,16,0.865189,0.803789,0.803789
linear_svm_balanced_ratio_preserved_noise_mcc_selected_v1,linear_svm_class_weight_balanced,linear_svm,C,75/25,1,random_fp_10,validation_grid,75/25,valid,1.000000,True,3804,76,7.645359,76,19,57,0.828947,0.798246,0.636364,0.736842,0.682927,0.569521,49,8,5,14,0.811634,0.682923,0.682923
linear_svm_balanced_ratio_preserved_noise_mcc_selected_v1,linear_svm_class_weight_balanced,linear_svm,C,75/25,1,random_fp_10,validation_grid,75/25,valid,10.000000,False,3804,76,9.455767,76,19,57,0.789474,0.701754,0.588235,0.526316,0.555556,0.419292,50,7,9,10,0.784857,0.581315,0.581315
linear_svm_balanced_ratio_preserved_noise_mcc_selected_v1,linear_svm_class_weight_balanced,linear_svm,C,75/25,1,random_fp_10,test,50/50,test,1.000000,True,3804,76,9.532848,42,21,21,0.738095,0.738095,0.777778,0.666667,0.717949,0.481125,17,4,7,14,0.802721,0.848233,0.848233
linear_svm_balanced_ratio_preserved_noise_mcc_selected_v1,linear_svm_class_weight_balanced,linear_svm,C,75/25,1,random_fp_10,test,60/40,test,1.000000,True,3804,76,9.619389,53,21,32,0.754717,0.739583,0.700000,0.666667,0.682927,0.483503,26,6,7,14,0.793155,0.787582,0.787582
linear_svm_balanced_ratio_preserved_noise_mcc_selected_v1,linear_svm_class_weight_balanced,linear_svm,C,75/25,1,random_fp_10,test,70/30,test,1.000000,True,3804,76,9.701187,70,21,49,0.828571,0.782313,0.736842,0.666667,0.700000,0.581844,44,5,7,14,0.838678,0.786553,0.786553
linear_svm_balanced_ratio_preserved_noise_mcc_selected_v1,linear_svm_class_weight_balanced,linear_svm,C,75/25,1,random_fp_10,test,75/25,test,1.000000,True,3804,76,9.784118,84,21,63,0.785714,0.746032,0.560000,0.666667,0.608696,0.466021,52,11,7,14,0.810280,0.653701,0.653701
linear_svm_balanced_ratio_preserved_noise_mcc_selected_v1,linear_svm_class_weight_balanced,linear_svm,C,75/25,1,random_fp_10,test,80/20,test,1.000000,True,3804,76,9.896469,105,21,84,0.780952,0.738095,0.466667,0.666667,0.549020,0.421637,68,16,7,14,0.761905,0.549379,0.549379
linear_svm_balanced_ratio_preserved_noise_mcc_selected_v1,linear_svm_class_weight_balanced,linear_svm,C,75/25,1,random_fp_10,test,90/10,test,1.000000,True,3804,76,10.088136,210,21,189,0.795238,0.738095,0.280000,0.666667,0.394366,0.335410,153,36,7,14,0.779541,0.470045,0.470045
linear_svm_balanced_ratio_preserved_noise_mcc_selected_v1,linear_svm_class_weight_balanced,linear_svm,C,75/25,1,random_fp_20,validation_grid,75/25,valid,0.100000,True,4892,76,8.417060,76,19,57,0.789474,0.807018,0.551724,0.842105,0.666667,0.547343,44,13,3,16,0.848569,0.698309,0.698309
linear_svm_balanced_ratio_preserved_noise_mcc_selected_v1,linear_svm_class_weight_balanced,linear_svm,C,75/25,1,random_fp_20,validation_grid,75/25,valid,1.000000,False,4892,76,8.883348,76,19,57,0.750000,0.728070,0.500000,0.684211,0.577778,0.416333,44,13,6,13,0.791320,0.581547,0.581547
linear_svm_balanced_ratio_preserved_noise_mcc_selected_v1,linear_svm_class_weight_balanced,linear_svm,C,75/25,1,random_fp_20,validation_grid,75/25,valid,10.000000,False,4892,76,11.426135,76,19,57,0.736842,0.684211,0.478261,0.578947,0.523810,0.347262,45,12,8,11,0.717452,0.456504,0.456504
linear_svm_balanced_ratio_preserved_noise_mcc_selected_v1,linear_svm_class_weight_balanced,linear_svm,C,75/25,1,random_fp_20,test,50/50,test,0.100000,True,4892,76,11.500203,42,21,21,0.761905,0.761905,0.789474,0.714286,0.750000,0.526201,17,4,6,15,0.827664,0.796629,0.796629
linear_svm_balanced_ratio_preserved_noise_mcc_selected_v1,linear_svm_class_weight_balanced,linear_svm,C,75/25,1,random_fp_20,test,60/40,test,0.100000,True,4892,76,11.579083,53,21,32,0.735849,0.732143,0.652174,0.714286,0.681818,0.458190,24,8,6,15,0.834821,0.842674,0.842674
linear_svm_balanced_ratio_preserved_noise_mcc_selected_v1,linear_svm_class_weight_balanced,linear_svm,C,75/25,1,random_fp_20,test,70/30,test,0.100000,True,4892,76,11.657861,70,21,49,0.842857,0.806122,0.750000,0.714286,0.731707,0.621059,44,5,6,15,0.874636,0.852528,0.852528
linear_svm_balanced_ratio_preserved_noise_mcc_selected_v1,linear_svm_class_weight_balanced,linear_svm,C,75/25,1,random_fp_20,test,75/25,test,0.100000,True,4892,76,11.744811,84,21,63,0.833333,0.793651,0.652174,0.714286,0.681818,0.570312,55,8,6,15,0.877551,0.770156,0.770156
linear_svm_balanced_ratio_preserved_noise_mcc_selected_v1,linear_svm_class_weight_balanced,linear_svm,C,75/25,1,random_fp_20,test,80/20,test,0.100000,True,4892,76,11.851697,105,21,84,0.800000,0.767857,0.500000,0.714286,0.588235,0.474342,69,15,6,15,0.848073,0.653041,0.653041
linear_svm_balanced_ratio_preserved_noise_mcc_selected_v1,linear_svm_class_weight_balanced,linear_svm,C,75/25,1,random_fp_20,test,90/10,test,0.100000,True,4892,76,12.049751,210,21,189,0.780952,0.751323,0.272727,0.714286,0.394737,0.342969,149,40,6,15,0.843285,0.550336,0.550336
linear_svm_balanced_ratio_preserved_noise_mcc_selected_v1,linear_svm_class_weight_balanced,linear_svm,C,75/25,1,heuristic_fp_10,validation_grid,75/25,valid,0.100000,False,3804,76,7.295070,76,19,57,0.802632,0.798246,0.576923,0.789474,0.666667,0.544436,46,11,4,15,0.883657,0.762522,0.762522
linear_svm_balanced_ratio_preserved_noise_mcc_selected_v1,linear_svm_class_weight_balanced,linear_svm,C,75/25,1,heuristic_fp_10,validation_grid,75/25,valid,1.000000,False,3804,76,7.610861,76,19,57,0.855263,0.850877,0.666667,0.842105,0.744186,0.653720,49,8,3,16,0.893813,0.774554,0.774554
linear_svm_balanced_ratio_preserved_noise_mcc_selected_v1,linear_svm_class_weight_balanced,linear_svm,C,75/25,1,heuristic_fp_10,validation_grid,75/25,valid,10.000000,True,3804,76,9.282301,76,19,57,0.881579,0.850877,0.750000,0.789474,0.769231,0.690066,52,5,4,15,0.903970,0.785204,0.785204
linear_svm_balanced_ratio_preserved_noise_mcc_selected_v1,linear_svm_class_weight_balanced,linear_svm,C,75/25,1,heuristic_fp_10,test,50/50,test,10.000000,True,3804,76,9.346517,42,21,21,0.833333,0.833333,0.888889,0.761905,0.820513,0.673575,19,2,5,16,0.916100,0.934444,0.934444
linear_svm_balanced_ratio_preserved_noise_mcc_selected_v1,linear_svm_class_weight_balanced,linear_svm,C,75/25,1,heuristic_fp_10,test,60/40,test,10.000000,True,3804,76,9.421697,53,21,32,0.811321,0.802827,0.761905,0.761905,0.761905,0.605655,27,5,5,16,0.877976,0.811452,0.811452
linear_svm_balanced_ratio_preserved_noise_mcc_selected_v1,linear_svm_class_weight_balanced,linear_svm,C,75/25,1,heuristic_fp_10,test,70/30,test,10.000000,True,3804,76,9.496340,70,21,49,0.914286,0.870748,0.941176,0.761905,0.842105,0.792418,48,1,5,16,0.968902,0.951833,0.951833
linear_svm_balanced_ratio_preserved_noise_mcc_selected_v1,linear_svm_class_weight_balanced,linear_svm,C,75/25,1,heuristic_fp_10,test,75/25,test,10.000000,True,3804,76,9.578253,84,21,63,0.857143,0.825397,0.695652,0.761905,0.727273,0.631967,56,7,5,16,0.928949,0.832517,0.832517
linear_svm_balanced_ratio_preserved_noise_mcc_selected_v1,linear_svm_class_weight_balanced,linear_svm,C,75/25,1,heuristic_fp_10,test,80/20,test,10.000000,True,3804,76,9.692677,105,21,84,0.847619,0.815476,0.592593,0.761905,0.666667,0.577453,73,11,5,16,0.885488,0.578326,0.578326
linear_svm_balanced_ratio_preserved_noise_mcc_selected_v1,linear_svm_class_weight_balanced,linear_svm,C,75/25,1,heuristic_fp_10,test,90/10,test,10.000000,True,3804,76,9.883039,210,21,189,0.838095,0.804233,0.355556,0.761905,0.484848,0.444865,160,29,5,16,0.895188,0.403949,0.403949
linear_svm_balanced_ratio_preserved_noise_mcc_selected_v1,linear_svm_class_weight_balanced,linear_svm,C,75/25,1,heuristic_fp_20,validation_grid,75/25,valid,0.100000,False,4892,76,8.104775,76,19,57,0.763158,0.754386,0.518519,0.736842,0.608696,0.460317,44,13,5,14,0.870729,0.703078,0.703078
linear_svm_balanced_ratio_preserved_noise_mcc_selected_v1,linear_svm_class_weight_balanced,linear_svm,C,75/25,1,heuristic_fp_20,validation_grid,75/25,valid,1.000000,False,4892,76,8.500560,76,19,57,0.789474,0.754386,0.565217,0.684211,0.619048,0.479552,47,10,6,13,0.868883,0.685241,0.685241
linear_svm_balanced_ratio_preserved_noise_mcc_selected_v1,linear_svm_class_weight_balanced,linear_svm,C,75/25,1,heuristic_fp_20,validation_grid,75/25,valid,10.000000,True,4892,76,10.636578,76,19,57,0.828947,0.833333,0.615385,0.842105,0.711111,0.608487,47,10,3,16,0.874423,0.676428,0.676428
linear_svm_balanced_ratio_preserved_noise_mcc_selected_v1,linear_svm_class_weight_balanced,linear_svm,C,75/25,1,heuristic_fp_20,test,50/50,test,10.000000,True,4892,76,10.702797,42,21,21,0.833333,0.833333,0.937500,0.714286,0.810811,0.686406,20,1,6,15,0.884354,0.879257,0.879257
linear_svm_balanced_ratio_preserved_noise_mcc_selected_v1,linear_svm_class_weight_balanced,linear_svm,C,75/25,1,heuristic_fp_20,test,60/40,test,10.000000,True,4892,76,10.774931,53,21,32,0.792453,0.779018,0.750000,0.714286,0.731707,0.563086,27,5,6,15,0.849702,0.820435,0.820435
linear_svm_balanced_ratio_preserved_noise_mcc_selected_v1,linear_svm_class_weight_balanced,linear_svm,C,75/25,1,heuristic_fp_20,test,70/30,test,10.000000,True,4892,76,10.853316,70,21,49,0.800000,0.775510,0.652174,0.714286,0.681818,0.537604,41,8,6,15,0.883382,0.827933,0.827933
linear_svm_balanced_ratio_preserved_noise_mcc_selected_v1,linear_svm_class_weight_balanced,linear_svm,C,75/25,1,heuristic_fp_20,test,75/25,test,10.000000,True,4892,76,10.948571,84,21,63,0.845238,0.801587,0.681818,0.714286,0.697674,0.594040,56,7,6,15,0.876795,0.752709,0.752709
linear_svm_balanced_ratio_preserved_noise_mcc_selected_v1,linear_svm_class_weight_balanced,linear_svm,C,75/25,1,heuristic_fp_20,test,80/20,test,10.000000,True,4892,76,11.061809,105,21,84,0.771429,0.750000,0.454545,0.714286,0.555556,0.430820,66,18,6,15,0.852608,0.659222,0.659222
linear_svm_balanced_ratio_preserved_noise_mcc_selected_v1,linear_svm_class_weight_balanced,linear_svm,C,75/25,1,heuristic_fp_20,test,90/10,test,10.000000,True,4892,76,11.279919,210,21,189,0.785714,0.753968,0.277778,0.714286,0.400000,0.348651,150,39,6,15,0.840262,0.428995,0.428995
linear_svm_balanced_ratio_preserved_noise_mcc_selected_v1,linear_svm_class_weight_balanced,linear_svm,C,75/25,2,clean,validation_grid,75/25,valid,0.100000,False,2716,76,5.865630,76,19,57,0.828947,0.815789,0.625000,0.789474,0.697674,0.588348,48,9,4,15,0.864266,0.773461,0.773461
linear_svm_balanced_ratio_preserved_noise_mcc_selected_v1,linear_svm_class_weight_balanced,linear_svm,C,75/25,2,clean,validation_grid,75/25,valid,1.000000,True,2716,76,6.094141,76,19,57,0.868421,0.842105,0.714286,0.789474,0.750000,0.662541,51,6,4,15,0.856879,0.794333,0.794333
linear_svm_balanced_ratio_preserved_noise_mcc_selected_v1,linear_svm_class_weight_balanced,linear_svm,C,75/25,2,clean,validation_grid,75/25,valid,10.000000,False,2716,76,7.333400,76,19,57,0.828947,0.745614,0.687500,0.578947,0.628571,0.521749,52,5,8,11,0.831948,0.750607,0.750607
linear_svm_balanced_ratio_preserved_noise_mcc_selected_v1,linear_svm_class_weight_balanced,linear_svm,C,75/25,2,clean,test,50/50,test,1.000000,True,2716,76,7.425632,42,21,21,0.785714,0.785714,0.875000,0.666667,0.756757,0.588348,19,2,7,14,0.900227,0.913647,0.913647
linear_svm_balanced_ratio_preserved_noise_mcc_selected_v1,linear_svm_class_weight_balanced,linear_svm,C,75/25,2,clean,test,60/40,test,1.000000,True,2716,76,7.498918,53,21,32,0.830189,0.802083,0.875000,0.666667,0.756757,0.643696,30,2,7,14,0.918155,0.906232,0.906232
linear_svm_balanced_ratio_preserved_noise_mcc_selected_v1,linear_svm_class_weight_balanced,linear_svm,C,75/25,2,clean,test,70/30,test,1.000000,True,2716,76,7.604920,70,21,49,0.800000,0.761905,0.666667,0.666667,0.666667,0.523810,42,7,7,14,0.875607,0.668310,0.668310
linear_svm_balanced_ratio_preserved_noise_mcc_selected_v1,linear_svm_class_weight_balanced,linear_svm,C,75/25,2,clean,test,75/25,test,1.000000,True,2716,76,7.702001,84,21,63,0.797619,0.753968,0.583333,0.666667,0.622222,0.486864,53,10,7,14,0.879063,0.762584,0.762584
linear_svm_balanced_ratio_preserved_noise_mcc_selected_v1,linear_svm_class_weight_balanced,linear_svm,C,75/25,2,clean,test,80/20,test,1.000000,True,2716,76,7.801850,105,21,84,0.828571,0.767857,0.560000,0.666667,0.608696,0.503115,73,11,7,14,0.899660,0.719363,0.719363
linear_svm_balanced_ratio_preserved_noise_mcc_selected_v1,linear_svm_class_weight_balanced,linear_svm,C,75/25,2,clean,test,90/10,test,1.000000,True,2716,76,7.977094,210,21,189,0.857143,0.772487,0.378378,0.666667,0.482759,0.429133,166,23,7,14,0.886873,0.520673,0.520673
linear_svm_balanced_ratio_preserved_noise_mcc_selected_v1,linear_svm_class_weight_balanced,linear_svm,C,75/25,2,random_flip_10,validation_grid,75/25,valid,0.100000,True,2716,76,5.812077,76,19,57,0.828947,0.815789,0.625000,0.789474,0.697674,0.588348,48,9,4,15,0.880886,0.788211,0.788211
linear_svm_balanced_ratio_preserved_noise_mcc_selected_v1,linear_svm_class_weight_balanced,linear_svm,C,75/25,2,random_flip_10,validation_grid,75/25,valid,1.000000,False,2716,76,6.049969,76,19,57,0.802632,0.745614,0.600000,0.631579,0.615385,0.483046,49,8,7,12,0.882733,0.785642,0.785642
linear_svm_balanced_ratio_preserved_noise_mcc_selected_v1,linear_svm_class_weight_balanced,linear_svm,C,75/25,2,random_flip_10,validation_grid,75/25,valid,10.000000,False,2716,76,7.557984,76,19,57,0.776316,0.692982,0.555556,0.526316,0.540541,0.393108,49,8,9,10,0.828255,0.666112,0.666112
linear_svm_balanced_ratio_preserved_noise_mcc_selected_v1,linear_svm_class_weight_balanced,linear_svm,C,75/25,2,random_flip_10,test,50/50,test,0.100000,True,2716,76,7.639467,42,21,21,0.833333,0.833333,0.888889,0.761905,0.820513,0.673575,19,2,5,16,0.861678,0.875312,0.875312
linear_svm_balanced_ratio_preserved_noise_mcc_selected_v1,linear_svm_class_weight_balanced,linear_svm,C,75/25,2,random_flip_10,test,60/40,test,0.100000,True,2716,76,7.713822,53,21,32,0.830189,0.818452,0.800000,0.761905,0.780488,0.642669,28,4,5,16,0.921131,0.917557,0.917557
linear_svm_balanced_ratio_preserved_noise_mcc_selected_v1,linear_svm_class_weight_balanced,linear_svm,C,75/25,2,random_flip_10,test,70/30,test,0.100000,True,2716,76,7.821962,70,21,49,0.800000,0.789116,0.640000,0.761905,0.695652,0.553010,40,9,5,16,0.871720,0.726603,0.726603
linear_svm_balanced_ratio_preserved_noise_mcc_selected_v1,linear_svm_class_weight_balanced,linear_svm,C,75/25,2,random_flip_10,test,75/25,test,0.100000,True,2716,76,7.921145,84,21,63,0.761905,0.761905,0.516129,0.761905,0.615385,0.470040,48,15,5,16,0.856387,0.727181,0.727181
linear_svm_balanced_ratio_preserved_noise_mcc_selected_v1,linear_svm_class_weight_balanced,linear_svm,C,75/25,2,random_flip_10,test,80/20,test,0.100000,True,2716,76,8.024256,105,21,84,0.809524,0.791667,0.516129,0.761905,0.615385,0.511528,69,15,5,16,0.884354,0.655077,0.655077
linear_svm_balanced_ratio_preserved_noise_mcc_selected_v1,linear_svm_class_weight_balanced,linear_svm,C,75/25,2,random_flip_10,test,90/10,test,0.100000,True,2716,76,8.190763,210,21,189,0.823810,0.796296,0.333333,0.761905,0.463768,0.423369,157,32,5,16,0.891156,0.536932,0.536932
linear_svm_balanced_ratio_preserved_noise_mcc_selected_v1,linear_svm_class_weight_balanced,linear_svm,C,75/25,2,random_flip_20,validation_grid,75/25,valid,0.100000,True,2716,76,5.660414,76,19,57,0.723684,0.710526,0.464286,0.684211,0.553191,0.377964,42,15,6,13,0.819945,0.641677,0.641677
linear_svm_balanced_ratio_preserved_noise_mcc_selected_v1,linear_svm_class_weight_balanced,linear_svm,C,75/25,2,random_flip_20,validation_grid,75/25,valid,1.000000,False,2716,76,5.901734,76,19,57,0.763158,0.684211,0.526316,0.526316,0.526316,0.368421,48,9,9,10,0.762696,0.562234,0.562234
linear_svm_balanced_ratio_preserved_noise_mcc_selected_v1,linear_svm_class_weight_balanced,linear_svm,C,75/25,2,random_flip_20,validation_grid,75/25,valid,10.000000,False,2716,76,7.501176,76,19,57,0.723684,0.622807,0.444444,0.421053,0.432432,0.250160,47,10,11,8,0.696214,0.466281,0.466281
linear_svm_balanced_ratio_preserved_noise_mcc_selected_v1,linear_svm_class_weight_balanced,linear_svm,C,75/25,2,random_flip_20,test,50/50,test,0.100000,True,2716,76,7.581746,42,21,21,0.761905,0.761905,0.761905,0.761905,0.761905,0.523810,16,5,5,16,0.759637,0.769371,0.769371
linear_svm_balanced_ratio_preserved_noise_mcc_selected_v1,linear_svm_class_weight_balanced,linear_svm,C,75/25,2,random_flip_20,test,60/40,test,0.100000,True,2716,76,7.651552,53,21,32,0.792453,0.787202,0.727273,0.761905,0.744186,0.570178,26,6,5,16,0.861607,0.861528,0.861528
linear_svm_balanced_ratio_preserved_noise_mcc_selected_v1,linear_svm_class_weight_balanced,linear_svm,C,75/25,2,random_flip_20,test,70/30,test,0.100000,True,2716,76,7.752509,70,21,49,0.842857,0.819728,0.727273,0.761905,0.744186,0.631228,43,6,5,16,0.849368,0.713549,0.713549
linear_svm_balanced_ratio_preserved_noise_mcc_selected_v1,linear_svm_class_weight_balanced,linear_svm,C,75/25,2,random_flip_20,test,75/25,test,0.100000,True,2716,76,7.842317,84,21,63,0.773810,0.769841,0.533333,0.761905,0.627451,0.487709,49,14,5,16,0.816327,0.648926,0.648926
linear_svm_balanced_ratio_preserved_noise_mcc_selected_v1,linear_svm_class_weight_balanced,linear_svm,C,75/25,2,random_flip_20,test,80/20,test,0.100000,True,2716,76,7.935095,105,21,84,0.790476,0.779762,0.484848,0.761905,0.592593,0.482108,67,17,5,16,0.837868,0.608519,0.608519
linear_svm_balanced_ratio_preserved_noise_mcc_selected_v1,linear_svm_class_weight_balanced,linear_svm,C,75/25,2,random_flip_20,test,90/10,test,0.100000,True,2716,76,8.113176,210,21,189,0.819048,0.793651,0.326531,0.761905,0.457143,0.416573,156,33,5,16,0.842026,0.412808,0.412808
linear_svm_balanced_ratio_preserved_noise_mcc_selected_v1,linear_svm_class_weight_balanced,linear_svm,C,75/25,2,random_fp_10,validation_grid,75/25,valid,0.100000,False,3804,76,6.754094,76,19,57,0.763158,0.789474,0.516129,0.842105,0.640000,0.510113,42,15,3,16,0.843029,0.753615,0.753615
linear_svm_balanced_ratio_preserved_noise_mcc_selected_v1,linear_svm_class_weight_balanced,linear_svm,C,75/25,2,random_fp_10,validation_grid,75/25,valid,1.000000,True,3804,76,7.059742,76,19,57,0.828947,0.780702,0.650000,0.684211,0.666667,0.552052,50,7,6,13,0.831948,0.732874,0.732874
linear_svm_balanced_ratio_preserved_noise_mcc_selected_v1,linear_svm_class_weight_balanced,linear_svm,C,75/25,2,random_fp_10,validation_grid,75/25,valid,10.000000,False,3804,76,8.820743,76,19,57,0.750000,0.692982,0.500000,0.578947,0.536585,0.368514,46,11,8,11,0.773777,0.606606,0.606606
linear_svm_balanced_ratio_preserved_noise_mcc_selected_v1,linear_svm_class_weight_balanced,linear_svm,C,75/25,2,random_fp_10,test,50/50,test,1.000000,True,3804,76,8.909581,42,21,21,0.833333,0.833333,0.937500,0.714286,0.810811,0.686406,20,1,6,15,0.857143,0.903609,0.903609
linear_svm_balanced_ratio_preserved_noise_mcc_selected_v1,linear_svm_class_weight_balanced,linear_svm,C,75/25,2,random_fp_10,test,60/40,test,1.000000,True,3804,76,8.990669,53,21,32,0.792453,0.779018,0.750000,0.714286,0.731707,0.563086,27,5,6,15,0.879464,0.870771,0.870771
linear_svm_balanced_ratio_preserved_noise_mcc_selected_v1,linear_svm_class_weight_balanced,linear_svm,C,75/25,2,random_fp_10,test,70/30,test,1.000000,True,3804,76,9.106588,70,21,49,0.757143,0.744898,0.576923,0.714286,0.638298,0.464526,38,11,6,15,0.808552,0.538388,0.538388
linear_svm_balanced_ratio_preserved_noise_mcc_selected_v1,linear_svm_class_weight_balanced,linear_svm,C,75/25,2,random_fp_10,test,75/25,test,1.000000,True,3804,76,9.207658,84,21,63,0.821429,0.785714,0.625000,0.714286,0.666667,0.547723,54,9,6,15,0.838246,0.732039,0.732039
linear_svm_balanced_ratio_preserved_noise_mcc_selected_v1,linear_svm_class_weight_balanced,linear_svm,C,75/25,2,random_fp_10,test,80/20,test,1.000000,True,3804,76,9.305055,105,21,84,0.838095,0.791667,0.576923,0.714286,0.638298,0.540587,73,11,6,15,0.861678,0.675221,0.675221
linear_svm_balanced_ratio_preserved_noise_mcc_selected_v1,linear_svm_class_weight_balanced,linear_svm,C,75/25,2,random_fp_10,test,90/10,test,1.000000,True,3804,76,9.483445,210,21,189,0.838095,0.783069,0.348837,0.714286,0.468750,0.420891,161,28,6,15,0.845553,0.466076,0.466076
linear_svm_balanced_ratio_preserved_noise_mcc_selected_v1,linear_svm_class_weight_balanced,linear_svm,C,75/25,2,random_fp_20,validation_grid,75/25,valid,0.100000,True,4892,76,8.285308,76,19,57,0.789474,0.807018,0.551724,0.842105,0.666667,0.547343,44,13,3,16,0.884580,0.758643,0.758643
linear_svm_balanced_ratio_preserved_noise_mcc_selected_v1,linear_svm_class_weight_balanced,linear_svm,C,75/25,2,random_fp_20,validation_grid,75/25,valid,1.000000,False,4892,76,8.722178,76,19,57,0.750000,0.710526,0.500000,0.631579,0.558140,0.392232,45,12,7,12,0.777470,0.583530,0.583530
linear_svm_balanced_ratio_preserved_noise_mcc_selected_v1,linear_svm_class_weight_balanced,linear_svm,C,75/25,2,random_fp_20,validation_grid,75/25,valid,10.000000,False,4892,76,11.186240,76,19,57,0.671053,0.587719,0.363636,0.421053,0.390244,0.167506,43,14,11,8,0.671283,0.435020,0.435020
linear_svm_balanced_ratio_preserved_noise_mcc_selected_v1,linear_svm_class_weight_balanced,linear_svm,C,75/25,2,random_fp_20,test,50/50,test,0.100000,True,4892,76,11.274190,42,21,21,0.714286,0.714286,0.680000,0.809524,0.739130,0.436564,13,8,4,17,0.829932,0.885700,0.885700
linear_svm_balanced_ratio_preserved_noise_mcc_selected_v1,linear_svm_class_weight_balanced,linear_svm,C,75/25,2,random_fp_20,test,60/40,test,0.100000,True,4892,76,11.353645,53,21,32,0.811321,0.811012,0.739130,0.809524,0.772727,0.613857,26,6,4,17,0.885417,0.885637,0.885637
linear_svm_balanced_ratio_preserved_noise_mcc_selected_v1,linear_svm_class_weight_balanced,linear_svm,C,75/25,2,random_fp_20,test,70/30,test,0.100000,True,4892,76,11.460010,70,21,49,0.814286,0.812925,0.653846,0.809524,0.723404,0.593561,40,9,4,17,0.816327,0.612902,0.612902
linear_svm_balanced_ratio_preserved_noise_mcc_selected_v1,linear_svm_class_weight_balanced,linear_svm,C,75/25,2,random_fp_20,test,75/25,test,0.100000,True,4892,76,11.563245,84,21,63,0.726190,0.753968,0.472222,0.809524,0.596491,0.444444,44,19,4,17,0.845805,0.706627,0.706627
linear_svm_balanced_ratio_preserved_noise_mcc_selected_v1,linear_svm_class_weight_balanced,linear_svm,C,75/25,2,random_fp_20,test,80/20,test,0.100000,True,4892,76,11.670185,105,21,84,0.790476,0.797619,0.485714,0.809524,0.607143,0.505076,66,18,4,17,0.854875,0.660956,0.660956
linear_svm_balanced_ratio_preserved_noise_mcc_selected_v1,linear_svm_class_weight_balanced,linear_svm,C,75/25,2,random_fp_20,test,90/10,test,0.100000,True,4892,76,11.858045,210,21,189,0.776190,0.791005,0.283333,0.809524,0.419753,0.386501,146,43,4,17,0.849332,0.479360,0.479360
linear_svm_balanced_ratio_preserved_noise_mcc_selected_v1,linear_svm_class_weight_balanced,linear_svm,C,75/25,2,heuristic_fp_10,validation_grid,75/25,valid,0.100000,False,3804,76,6.990382,76,19,57,0.828947,0.815789,0.625000,0.789474,0.697674,0.588348,48,9,4,15,0.910434,0.848919,0.848919
linear_svm_balanced_ratio_preserved_noise_mcc_selected_v1,linear_svm_class_weight_balanced,linear_svm,C,75/25,2,heuristic_fp_10,validation_grid,75/25,valid,1.000000,True,3804,76,7.288587,76,19,57,0.868421,0.824561,0.736842,0.736842,0.736842,0.649123,52,5,5,14,0.912281,0.850314,0.850314
linear_svm_balanced_ratio_preserved_noise_mcc_selected_v1,linear_svm_class_weight_balanced,linear_svm,C,75/25,2,heuristic_fp_10,validation_grid,75/25,valid,10.000000,False,3804,76,8.778751,76,19,57,0.868421,0.807018,0.764706,0.684211,0.722222,0.638053,53,4,6,13,0.894737,0.803790,0.803790
linear_svm_balanced_ratio_preserved_noise_mcc_selected_v1,linear_svm_class_weight_balanced,linear_svm,C,75/25,2,heuristic_fp_10,test,50/50,test,1.000000,True,3804,76,8.866541,42,21,21,0.857143,0.857143,0.894737,0.809524,0.850000,0.717547,19,2,4,17,0.945578,0.956439,0.956439
linear_svm_balanced_ratio_preserved_noise_mcc_selected_v1,linear_svm_class_weight_balanced,linear_svm,C,75/25,2,heuristic_fp_10,test,60/40,test,1.000000,True,3804,76,8.941263,53,21,32,0.792453,0.795387,0.708333,0.809524,0.755556,0.580499,25,7,4,17,0.873512,0.774112,0.774112
linear_svm_balanced_ratio_preserved_noise_mcc_selected_v1,linear_svm_class_weight_balanced,linear_svm,C,75/25,2,heuristic_fp_10,test,70/30,test,1.000000,True,3804,76,9.060812,70,21,49,0.800000,0.802721,0.629630,0.809524,0.708333,0.569986,39,10,4,17,0.888241,0.712763,0.712763
linear_svm_balanced_ratio_preserved_noise_mcc_selected_v1,linear_svm_class_weight_balanced,linear_svm,C,75/25,2,heuristic_fp_10,test,75/25,test,1.000000,True,3804,76,9.164086,84,21,63,0.809524,0.809524,0.586207,0.809524,0.680000,0.563798,51,12,4,17,0.883598,0.773727,0.773727
linear_svm_balanced_ratio_preserved_noise_mcc_selected_v1,linear_svm_class_weight_balanced,linear_svm,C,75/25,2,heuristic_fp_10,test,80/20,test,1.000000,True,3804,76,9.268398,105,21,84,0.847619,0.833333,0.586207,0.809524,0.680000,0.596420,72,12,4,17,0.911565,0.797922,0.797922
linear_svm_balanced_ratio_preserved_noise_mcc_selected_v1,linear_svm_class_weight_balanced,linear_svm,C,75/25,2,heuristic_fp_10,test,90/10,test,1.000000,True,3804,76,9.454522,210,21,189,0.804762,0.806878,0.314815,0.809524,0.453333,0.421287,152,37,4,17,0.892416,0.479398,0.479398
linear_svm_balanced_ratio_preserved_noise_mcc_selected_v1,linear_svm_class_weight_balanced,linear_svm,C,75/25,2,heuristic_fp_20,validation_grid,75/25,valid,0.100000,False,4892,76,8.602752,76,19,57,0.815789,0.824561,0.592593,0.842105,0.695652,0.587302,46,11,3,16,0.895660,0.801657,0.801657
linear_svm_balanced_ratio_preserved_noise_mcc_selected_v1,linear_svm_class_weight_balanced,linear_svm,C,75/25,2,heuristic_fp_20,validation_grid,75/25,valid,1.000000,False,4892,76,9.014228,76,19,57,0.855263,0.833333,0.681818,0.789474,0.731707,0.636524,50,7,4,15,0.903047,0.835030,0.835030
linear_svm_balanced_ratio_preserved_noise_mcc_selected_v1,linear_svm_class_weight_balanced,linear_svm,C,75/25,2,heuristic_fp_20,validation_grid,75/25,valid,10.000000,True,4892,76,11.165545,76,19,57,0.868421,0.824561,0.736842,0.736842,0.736842,0.649123,52,5,5,14,0.890120,0.793678,0.793678
linear_svm_balanced_ratio_preserved_noise_mcc_selected_v1,linear_svm_class_weight_balanced,linear_svm,C,75/25,2,heuristic_fp_20,test,50/50,test,10.000000,True,4892,76,11.259630,42,21,21,0.690476,0.690476,0.681818,0.714286,0.697674,0.381385,14,7,6,15,0.827664,0.859834,0.859834
linear_svm_balanced_ratio_preserved_noise_mcc_selected_v1,linear_svm_class_weight_balanced,linear_svm,C,75/25,2,heuristic_fp_20,test,60/40,test,10.000000,True,4892,76,11.340384,53,21,32,0.735849,0.732143,0.652174,0.714286,0.681818,0.458190,24,8,6,15,0.767857,0.577638,0.577638
linear_svm_balanced_ratio_preserved_noise_mcc_selected_v1,linear_svm_class_weight_balanced,linear_svm,C,75/25,2,heuristic_fp_20,test,70/30,test,10.000000,True,4892,76,11.452093,70,21,49,0.771429,0.755102,0.600000,0.714286,0.652174,0.487950,39,10,6,15,0.821186,0.584897,0.584897
linear_svm_balanced_ratio_preserved_noise_mcc_selected_v1,linear_svm_class_weight_balanced,linear_svm,C,75/25,2,heuristic_fp_20,test,75/25,test,10.000000,True,4892,76,11.552859,84,21,63,0.738095,0.730159,0.483871,0.714286,0.576923,0.413065,47,16,6,15,0.792895,0.551129,0.551129
linear_svm_balanced_ratio_preserved_noise_mcc_selected_v1,linear_svm_class_weight_balanced,linear_svm,C,75/25,2,heuristic_fp_20,test,80/20,test,10.000000,True,4892,76,11.650115,105,21,84,0.828571,0.785714,0.555556,0.714286,0.625000,0.522976,72,12,6,15,0.867347,0.594514,0.594514
linear_svm_balanced_ratio_preserved_noise_mcc_selected_v1,linear_svm_class_weight_balanced,linear_svm,C,75/25,2,heuristic_fp_20,test,90/10,test,10.000000,True,4892,76,11.834130,210,21,189,0.771429,0.746032,0.263158,0.714286,0.384615,0.331954,147,42,6,15,0.807508,0.249337,0.249337
linear_svm_balanced_ratio_preserved_noise_mcc_selected_v1,linear_svm_class_weight_balanced,linear_svm,C,75/25,3,clean,validation_grid,75/25,valid,0.100000,False,2716,76,5.615893,76,19,57,0.815789,0.807018,0.600000,0.789474,0.681818,0.565916,47,10,4,15,0.860572,0.762497,0.762497
linear_svm_balanced_ratio_preserved_noise_mcc_selected_v1,linear_svm_class_weight_balanced,linear_svm,C,75/25,3,clean,validation_grid,75/25,valid,1.000000,True,2716,76,5.829983,76,19,57,0.828947,0.798246,0.636364,0.736842,0.682927,0.569521,49,8,5,14,0.841182,0.721773,0.721773
linear_svm_balanced_ratio_preserved_noise_mcc_selected_v1,linear_svm_class_weight_balanced,linear_svm,C,75/25,3,clean,validation_grid,75/25,valid,10.000000,False,2716,76,7.126812,76,19,57,0.815789,0.736842,0.647059,0.578947,0.611111,0.492213,51,6,8,11,0.812558,0.680160,0.680160
linear_svm_balanced_ratio_preserved_noise_mcc_selected_v1,linear_svm_class_weight_balanced,linear_svm,C,75/25,3,clean,test,50/50,test,1.000000,True,2716,76,7.192714,42,21,21,0.809524,0.809524,0.882353,0.714286,0.789474,0.630593,19,2,6,15,0.870748,0.836596,0.836596
linear_svm_balanced_ratio_preserved_noise_mcc_selected_v1,linear_svm_class_weight_balanced,linear_svm,C,75/25,3,clean,test,60/40,test,1.000000,True,2716,76,7.278585,53,21,32,0.811321,0.794643,0.789474,0.714286,0.750000,0.601027,28,4,6,15,0.876488,0.871368,0.871368
linear_svm_balanced_ratio_preserved_noise_mcc_selected_v1,linear_svm_class_weight_balanced,linear_svm,C,75/25,3,clean,test,70/30,test,1.000000,True,2716,76,7.366358,70,21,49,0.828571,0.795918,0.714286,0.714286,0.714286,0.591837,43,6,6,15,0.879495,0.841647,0.841647
linear_svm_balanced_ratio_preserved_noise_mcc_selected_v1,linear_svm_class_weight_balanced,linear_svm,C,75/25,3,clean,test,75/25,test,1.000000,True,2716,76,7.460710,84,21,63,0.833333,0.793651,0.652174,0.714286,0.681818,0.570312,55,8,6,15,0.854119,0.654860,0.654860
linear_svm_balanced_ratio_preserved_noise_mcc_selected_v1,linear_svm_class_weight_balanced,linear_svm,C,75/25,3,clean,test,80/20,test,1.000000,True,2716,76,7.559885,105,21,84,0.809524,0.773810,0.517241,0.714286,0.600000,0.489916,70,14,6,15,0.856009,0.627856,0.627856
linear_svm_balanced_ratio_preserved_noise_mcc_selected_v1,linear_svm_class_weight_balanced,linear_svm,C,75/25,3,clean,test,90/10,test,1.000000,True,2716,76,7.740361,210,21,189,0.880952,0.806878,0.441176,0.714286,0.545455,0.499851,170,19,6,15,0.882338,0.586904,0.586904
linear_svm_balanced_ratio_preserved_noise_mcc_selected_v1,linear_svm_class_weight_balanced,linear_svm,C,75/25,3,random_flip_10,validation_grid,75/25,valid,0.100000,False,2716,76,5.599809,76,19,57,0.763158,0.754386,0.518519,0.736842,0.608696,0.460317,44,13,5,14,0.861496,0.745761,0.745761
linear_svm_balanced_ratio_preserved_noise_mcc_selected_v1,linear_svm_class_weight_balanced,linear_svm,C,75/25,3,random_flip_10,validation_grid,75/25,valid,1.000000,True,2716,76,5.844786,76,19,57,0.815789,0.771930,0.619048,0.684211,0.650000,0.526635,49,8,6,13,0.793167,0.558042,0.558042
linear_svm_balanced_ratio_preserved_noise_mcc_selected_v1,linear_svm_class_weight_balanced,linear_svm,C,75/25,3,random_flip_10,validation_grid,75/25,valid,10.000000,False,2716,76,7.361078,76,19,57,0.736842,0.666667,0.476190,0.526316,0.500000,0.322777,46,11,9,10,0.732225,0.499374,0.499374
linear_svm_balanced_ratio_preserved_noise_mcc_selected_v1,linear_svm_class_weight_balanced,linear_svm,C,75/25,3,random_flip_10,test,50/50,test,1.000000,True,2716,76,7.436356,42,21,21,0.714286,0.714286,0.736842,0.666667,0.700000,0.430528,16,5,7,14,0.800454,0.777406,0.777406
linear_svm_balanced_ratio_preserved_noise_mcc_selected_v1,linear_svm_class_weight_balanced,linear_svm,C,75/25,3,random_flip_10,test,60/40,test,1.000000,True,2716,76,7.533716,53,21,32,0.811321,0.786458,0.823529,0.666667,0.736842,0.600344,29,3,7,14,0.852679,0.833228,0.833228
linear_svm_balanced_ratio_preserved_noise_mcc_selected_v1,linear_svm_class_weight_balanced,linear_svm,C,75/25,3,random_flip_10,test,70/30,test,1.000000,True,2716,76,7.628202,70,21,49,0.871429,0.812925,0.875000,0.666667,0.756757,0.683001,47,2,7,14,0.886297,0.844860,0.844860
linear_svm_balanced_ratio_preserved_noise_mcc_selected_v1,linear_svm_class_weight_balanced,linear_svm,C,75/25,3,random_flip_10,test,75/25,test,1.000000,True,2716,76,7.724936,84,21,63,0.809524,0.761905,0.608696,0.666667,0.636364,0.508656,54,9,7,14,0.819350,0.621792,0.621792
linear_svm_balanced_ratio_preserved_noise_mcc_selected_v1,linear_svm_class_weight_balanced,linear_svm,C,75/25,3,random_flip_10,test,80/20,test,1.000000,True,2716,76,7.832431,105,21,84,0.800000,0.750000,0.500000,0.666667,0.571429,0.452267,70,14,7,14,0.833900,0.619791,0.619791
linear_svm_balanced_ratio_preserved_noise_mcc_selected_v1,linear_svm_class_weight_balanced,linear_svm,C,75/25,3,random_flip_10,test,90/10,test,1.000000,True,2716,76,8.021357,210,21,189,0.838095,0.761905,0.341463,0.666667,0.451613,0.396441,162,27,7,14,0.843537,0.500343,0.500343
linear_svm_balanced_ratio_preserved_noise_mcc_selected_v1,linear_svm_class_weight_balanced,linear_svm,C,75/25,3,random_flip_20,validation_grid,75/25,valid,0.100000,True,2716,76,5.708434,76,19,57,0.750000,0.745614,0.500000,0.736842,0.595745,0.440959,43,14,5,14,0.829178,0.718597,0.718597
linear_svm_balanced_ratio_preserved_noise_mcc_selected_v1,linear_svm_class_weight_balanced,linear_svm,C,75/25,3,random_flip_20,validation_grid,75/25,valid,1.000000,False,2716,76,5.945662,76,19,57,0.763158,0.719298,0.521739,0.631579,0.571429,0.413407,46,11,7,12,0.774700,0.583373,0.583373
linear_svm_balanced_ratio_preserved_noise_mcc_selected_v1,linear_svm_class_weight_balanced,linear_svm,C,75/25,3,random_flip_20,validation_grid,75/25,valid,10.000000,False,2716,76,7.512303,76,19,57,0.763158,0.684211,0.526316,0.526316,0.526316,0.368421,48,9,9,10,0.744229,0.540336,0.540336
linear_svm_balanced_ratio_preserved_noise_mcc_selected_v1,linear_svm_class_weight_balanced,linear_svm,C,75/25,3,random_flip_20,test,50/50,test,0.100000,True,2716,76,7.590383,42,21,21,0.714286,0.714286,0.736842,0.666667,0.700000,0.430528,16,5,7,14,0.789116,0.740633,0.740633
linear_svm_balanced_ratio_preserved_noise_mcc_selected_v1,linear_svm_class_weight_balanced,linear_svm,C,75/25,3,random_flip_20,test,60/40,test,0.100000,True,2716,76,7.680552,53,21,32,0.716981,0.708333,0.636364,0.666667,0.651163,0.413601,24,8,7,14,0.754464,0.671635,0.671635
linear_svm_balanced_ratio_preserved_noise_mcc_selected_v1,linear_svm_class_weight_balanced,linear_svm,C,75/25,3,random_flip_20,test,70/30,test,0.100000,True,2716,76,7.780483,70,21,49,0.714286,0.700680,0.518519,0.666667,0.583333,0.377856,36,13,7,14,0.749271,0.609786,0.609786
linear_svm_balanced_ratio_preserved_noise_mcc_selected_v1,linear_svm_class_weight_balanced,linear_svm,C,75/25,3,random_flip_20,test,75/25,test,0.100000,True,2716,76,7.881454,84,21,63,0.750000,0.722222,0.500000,0.666667,0.571429,0.408248,49,14,7,14,0.795163,0.499142,0.499142
linear_svm_balanced_ratio_preserved_noise_mcc_selected_v1,linear_svm_class_weight_balanced,linear_svm,C,75/25,3,random_flip_20,test,80/20,test,0.100000,True,2716,76,8.000427,105,21,84,0.800000,0.750000,0.500000,0.666667,0.571429,0.452267,70,14,7,14,0.804422,0.489605,0.489605
linear_svm_balanced_ratio_preserved_noise_mcc_selected_v1,linear_svm_class_weight_balanced,linear_svm,C,75/25,3,random_flip_20,test,90/10,test,0.100000,True,2716,76,8.187172,210,21,189,0.814286,0.748677,0.304348,0.666667,0.417910,0.360750,157,32,7,14,0.796674,0.307296,0.307296
linear_svm_balanced_ratio_preserved_noise_mcc_selected_v1,linear_svm_class_weight_balanced,linear_svm,C,75/25,3,random_fp_10,validation_grid,75/25,valid,0.100000,True,3804,76,6.882169,76,19,57,0.789474,0.789474,0.555556,0.789474,0.652174,0.523810,45,12,4,15,0.848569,0.698598,0.698598
linear_svm_balanced_ratio_preserved_noise_mcc_selected_v1,linear_svm_class_weight_balanced,linear_svm,C,75/25,3,random_fp_10,validation_grid,75/25,valid,1.000000,False,3804,76,7.218593,76,19,57,0.736842,0.701754,0.480000,0.631579,0.545455,0.371888,44,13,7,12,0.818098,0.600108,0.600108
linear_svm_balanced_ratio_preserved_noise_mcc_selected_v1,linear_svm_class_weight_balanced,linear_svm,C,75/25,3,random_fp_10,validation_grid,75/25,valid,10.000000,False,3804,76,9.139019,76,19,57,0.750000,0.692982,0.500000,0.578947,0.536585,0.368514,46,11,8,11,0.768236,0.528838,0.528838
linear_svm_balanced_ratio_preserved_noise_mcc_selected_v1,linear_svm_class_weight_balanced,linear_svm,C,75/25,3,random_fp_10,test,50/50,test,0.100000,True,3804,76,9.211813,42,21,21,0.809524,0.809524,0.809524,0.809524,0.809524,0.619048,17,4,4,17,0.859410,0.853702,0.853702
linear_svm_balanced_ratio_preserved_noise_mcc_selected_v1,linear_svm_class_weight_balanced,linear_svm,C,75/25,3,random_fp_10,test,60/40,test,0.100000,True,3804,76,9.298184,53,21,32,0.830189,0.826637,0.772727,0.809524,0.790698,0.648467,27,5,4,17,0.861607,0.841715,0.841715
linear_svm_balanced_ratio_preserved_noise_mcc_selected_v1,linear_svm_class_weight_balanced,linear_svm,C,75/25,3,random_fp_10,test,70/30,test,0.100000,True,3804,76,9.394360,70,21,49,0.785714,0.792517,0.607143,0.809524,0.693878,0.547249,38,11,4,17,0.845481,0.774280,0.774280
linear_svm_balanced_ratio_preserved_noise_mcc_selected_v1,linear_svm_class_weight_balanced,linear_svm,C,75/25,3,random_fp_10,test,75/25,test,0.100000,True,3804,76,9.502147,84,21,63,0.750000,0.769841,0.500000,0.809524,0.618182,0.476095,46,17,4,17,0.835223,0.628065,0.628065
linear_svm_balanced_ratio_preserved_noise_mcc_selected_v1,linear_svm_class_weight_balanced,linear_svm,C,75/25,3,random_fp_10,test,80/20,test,0.100000,True,3804,76,9.614979,105,21,84,0.742857,0.767857,0.425000,0.809524,0.557377,0.441261,61,23,4,17,0.841837,0.621793,0.621793
linear_svm_balanced_ratio_preserved_noise_mcc_selected_v1,linear_svm_class_weight_balanced,linear_svm,C,75/25,3,random_fp_10,test,90/10,test,0.100000,True,3804,76,9.790789,210,21,189,0.795238,0.801587,0.303571,0.809524,0.441558,0.409194,150,39,4,17,0.858655,0.529730,0.529730
linear_svm_balanced_ratio_preserved_noise_mcc_selected_v1,linear_svm_class_weight_balanced,linear_svm,C,75/25,3,random_fp_20,validation_grid,75/25,valid,0.100000,True,4892,76,8.024244,76,19,57,0.789474,0.789474,0.555556,0.789474,0.652174,0.523810,45,12,4,15,0.821791,0.684993,0.684993
linear_svm_balanced_ratio_preserved_noise_mcc_selected_v1,linear_svm_class_weight_balanced,linear_svm,C,75/25,3,random_fp_20,validation_grid,75/25,valid,1.000000,False,4892,76,8.458369,76,19,57,0.750000,0.728070,0.500000,0.684211,0.577778,0.416333,44,13,6,13,0.746076,0.584135,0.584135
linear_svm_balanced_ratio_preserved_noise_mcc_selected_v1,linear_svm_class_weight_balanced,linear_svm,C,75/25,3,random_fp_20,validation_grid,75/25,valid,10.000000,False,4892,76,10.796770,76,19,57,0.736842,0.684211,0.478261,0.578947,0.523810,0.347262,45,12,8,11,0.698984,0.520017,0.520017
linear_svm_balanced_ratio_preserved_noise_mcc_selected_v1,linear_svm_class_weight_balanced,linear_svm,C,75/25,3,random_fp_20,test,50/50,test,0.100000,True,4892,76,10.858619,42,21,21,0.761905,0.761905,0.739130,0.809524,0.772727,0.526201,15,6,4,17,0.843537,0.843135,0.843135
linear_svm_balanced_ratio_preserved_noise_mcc_selected_v1,linear_svm_class_weight_balanced,linear_svm,C,75/25,3,random_fp_20,test,60/40,test,0.100000,True,4892,76,10.938762,53,21,32,0.811321,0.811012,0.739130,0.809524,0.772727,0.613857,26,6,4,17,0.852679,0.817547,0.817547
linear_svm_balanced_ratio_preserved_noise_mcc_selected_v1,linear_svm_class_weight_balanced,linear_svm,C,75/25,3,random_fp_20,test,70/30,test,0.100000,True,4892,76,11.025626,70,21,49,0.771429,0.782313,0.586207,0.809524,0.680000,0.525264,37,12,4,17,0.862974,0.798805,0.798805
linear_svm_balanced_ratio_preserved_noise_mcc_selected_v1,linear_svm_class_weight_balanced,linear_svm,C,75/25,3,random_fp_20,test,75/25,test,0.100000,True,4892,76,11.119046,84,21,63,0.773810,0.785714,0.531250,0.809524,0.641509,0.509525,48,15,4,17,0.838246,0.644431,0.644431
linear_svm_balanced_ratio_preserved_noise_mcc_selected_v1,linear_svm_class_weight_balanced,linear_svm,C,75/25,3,random_fp_20,test,80/20,test,0.100000,True,4892,76,11.226736,105,21,84,0.723810,0.755952,0.404762,0.809524,0.539683,0.417968,59,25,4,17,0.845805,0.636320,0.636320
linear_svm_balanced_ratio_preserved_noise_mcc_selected_v1,linear_svm_class_weight_balanced,linear_svm,C,75/25,3,random_fp_20,test,90/10,test,0.100000,True,4892,76,11.406897,210,21,189,0.776190,0.791005,0.283333,0.809524,0.419753,0.386501,146,43,4,17,0.860670,0.586916,0.586916
linear_svm_balanced_ratio_preserved_noise_mcc_selected_v1,linear_svm_class_weight_balanced,linear_svm,C,75/25,3,heuristic_fp_10,validation_grid,75/25,valid,0.100000,False,3804,76,6.984419,76,19,57,0.776316,0.780702,0.535714,0.789474,0.638298,0.503953,44,13,4,15,0.868883,0.749320,0.749320
linear_svm_balanced_ratio_preserved_noise_mcc_selected_v1,linear_svm_class_weight_balanced,linear_svm,C,75/25,3,heuristic_fp_10,validation_grid,75/25,valid,1.000000,True,3804,76,7.281651,76,19,57,0.815789,0.789474,0.608696,0.736842,0.666667,0.545697,48,9,5,14,0.873500,0.742918,0.742918
linear_svm_balanced_ratio_preserved_noise_mcc_selected_v1,linear_svm_class_weight_balanced,linear_svm,C,75/25,3,heuristic_fp_10,validation_grid,75/25,valid,10.000000,False,3804,76,8.917375,76,19,57,0.802632,0.745614,0.600000,0.631579,0.615385,0.483046,49,8,7,12,0.836565,0.710553,0.710553
linear_svm_balanced_ratio_preserved_noise_mcc_selected_v1,linear_svm_class_weight_balanced,linear_svm,C,75/25,3,heuristic_fp_10,test,50/50,test,1.000000,True,3804,76,8.986814,42,21,21,0.880952,0.880952,0.944444,0.809524,0.871795,0.769800,20,1,4,17,0.888889,0.868803,0.868803
linear_svm_balanced_ratio_preserved_noise_mcc_selected_v1,linear_svm_class_weight_balanced,linear_svm,C,75/25,3,heuristic_fp_10,test,60/40,test,1.000000,True,3804,76,9.072942,53,21,32,0.792453,0.795387,0.708333,0.809524,0.755556,0.580499,25,7,4,17,0.882440,0.875301,0.875301
linear_svm_balanced_ratio_preserved_noise_mcc_selected_v1,linear_svm_class_weight_balanced,linear_svm,C,75/25,3,heuristic_fp_10,test,70/30,test,1.000000,True,3804,76,9.164992,70,21,49,0.785714,0.792517,0.607143,0.809524,0.693878,0.547249,38,11,4,17,0.868805,0.786525,0.786525
linear_svm_balanced_ratio_preserved_noise_mcc_selected_v1,linear_svm_class_weight_balanced,linear_svm,C,75/25,3,heuristic_fp_10,test,75/25,test,1.000000,True,3804,76,9.269497,84,21,63,0.797619,0.801587,0.566667,0.809524,0.666667,0.545087,50,13,4,17,0.848073,0.594632,0.594632
linear_svm_balanced_ratio_preserved_noise_mcc_selected_v1,linear_svm_class_weight_balanced,linear_svm,C,75/25,3,heuristic_fp_10,test,80/20,test,1.000000,True,3804,76,9.435258,105,21,84,0.771429,0.785714,0.459459,0.809524,0.586207,0.478471,64,20,4,17,0.849773,0.572694,0.572694
linear_svm_balanced_ratio_preserved_noise_mcc_selected_v1,linear_svm_class_weight_balanced,linear_svm,C,75/25,3,heuristic_fp_10,test,90/10,test,1.000000,True,3804,76,9.641930,210,21,189,0.852381,0.833333,0.386364,0.809524,0.523077,0.491438,162,27,4,17,0.890401,0.627829,0.627829
linear_svm_balanced_ratio_preserved_noise_mcc_selected_v1,linear_svm_class_weight_balanced,linear_svm,C,75/25,3,heuristic_fp_20,validation_grid,75/25,valid,0.100000,False,4892,76,8.707831,76,19,57,0.763158,0.771930,0.517241,0.789474,0.625000,0.484789,43,14,4,15,0.850416,0.707250,0.707250
linear_svm_balanced_ratio_preserved_noise_mcc_selected_v1,linear_svm_class_weight_balanced,linear_svm,C,75/25,3,heuristic_fp_20,validation_grid,75/25,valid,1.000000,True,4892,76,9.100026,76,19,57,0.815789,0.789474,0.608696,0.736842,0.666667,0.545697,48,9,5,14,0.820868,0.654953,0.654953
linear_svm_balanced_ratio_preserved_noise_mcc_selected_v1,linear_svm_class_weight_balanced,linear_svm,C,75/25,3,heuristic_fp_20,validation_grid,75/25,valid,10.000000,False,4892,76,11.289584,76,19,57,0.763158,0.719298,0.521739,0.631579,0.571429,0.413407,46,11,7,12,0.781163,0.608364,0.608364
linear_svm_balanced_ratio_preserved_noise_mcc_selected_v1,linear_svm_class_weight_balanced,linear_svm,C,75/25,3,heuristic_fp_20,test,50/50,test,1.000000,True,4892,76,11.356891,42,21,21,0.785714,0.785714,0.772727,0.809524,0.790698,0.572078,16,5,4,17,0.859410,0.864799,0.864799
linear_svm_balanced_ratio_preserved_noise_mcc_selected_v1,linear_svm_class_weight_balanced,linear_svm,C,75/25,3,heuristic_fp_20,test,60/40,test,1.000000,True,4892,76,11.445019,53,21,32,0.754717,0.764137,0.653846,0.809524,0.723404,0.516863,23,9,4,17,0.843750,0.811306,0.811306
linear_svm_balanced_ratio_preserved_noise_mcc_selected_v1,linear_svm_class_weight_balanced,linear_svm,C,75/25,3,heuristic_fp_20,test,70/30,test,1.000000,True,4892,76,11.543778,70,21,49,0.714286,0.741497,0.515152,0.809524,0.629630,0.443395,33,16,4,17,0.833819,0.616278,0.616278
linear_svm_balanced_ratio_preserved_noise_mcc_selected_v1,linear_svm_class_weight_balanced,linear_svm,C,75/25,3,heuristic_fp_20,test,75/25,test,1.000000,True,4892,76,11.639748,84,21,63,0.761905,0.777778,0.515152,0.809524,0.629630,0.492567,47,16,4,17,0.847317,0.578659,0.578659
linear_svm_balanced_ratio_preserved_noise_mcc_selected_v1,linear_svm_class_weight_balanced,linear_svm,C,75/25,3,heuristic_fp_20,test,80/20,test,1.000000,True,4892,76,11.756824,105,21,84,0.752381,0.773810,0.435897,0.809524,0.566667,0.453340,62,22,4,17,0.812358,0.438389,0.438389
linear_svm_balanced_ratio_preserved_noise_mcc_selected_v1,linear_svm_class_weight_balanced,linear_svm,C,75/25,3,heuristic_fp_20,test,90/10,test,1.000000,True,4892,76,11.926541,210,21,189,0.823810,0.817460,0.340000,0.809524,0.478873,0.447214,156,33,4,17,0.875031,0.403635,0.403635
linear_svm_balanced_ratio_preserved_noise_mcc_selected_v1,linear_svm_class_weight_balanced,linear_svm,C,75/25,4,clean,validation_grid,75/25,valid,0.100000,False,2716,76,5.912081,76,19,57,0.776316,0.780702,0.535714,0.789474,0.638298,0.503953,44,13,4,15,0.867959,0.815541,0.815541
linear_svm_balanced_ratio_preserved_noise_mcc_selected_v1,linear_svm_class_weight_balanced,linear_svm,C,75/25,4,clean,validation_grid,75/25,valid,1.000000,True,2716,76,6.157033,76,19,57,0.815789,0.789474,0.608696,0.736842,0.666667,0.545697,48,9,5,14,0.844875,0.779512,0.779512
linear_svm_balanced_ratio_preserved_noise_mcc_selected_v1,linear_svm_class_weight_balanced,linear_svm,C,75/25,4,clean,validation_grid,75/25,valid,10.000000,False,2716,76,7.370282,76,19,57,0.776316,0.745614,0.541667,0.684211,0.604651,0.457604,46,11,6,13,0.807941,0.728202,0.728202
linear_svm_balanced_ratio_preserved_noise_mcc_selected_v1,linear_svm_class_weight_balanced,linear_svm,C,75/25,4,clean,test,50/50,test,1.000000,True,2716,76,7.442903,42,21,21,0.785714,0.785714,0.833333,0.714286,0.769231,0.577350,18,3,6,15,0.859410,0.891119,0.891119
linear_svm_balanced_ratio_preserved_noise_mcc_selected_v1,linear_svm_class_weight_balanced,linear_svm,C,75/25,4,clean,test,60/40,test,1.000000,True,2716,76,7.574412,53,21,32,0.811321,0.794643,0.789474,0.714286,0.750000,0.601027,28,4,6,15,0.872024,0.853444,0.853444
linear_svm_balanced_ratio_preserved_noise_mcc_selected_v1,linear_svm_class_weight_balanced,linear_svm,C,75/25,4,clean,test,70/30,test,1.000000,True,2716,76,7.680027,70,21,49,0.800000,0.775510,0.652174,0.714286,0.681818,0.537604,41,8,6,15,0.830904,0.781207,0.781207
linear_svm_balanced_ratio_preserved_noise_mcc_selected_v1,linear_svm_class_weight_balanced,linear_svm,C,75/25,4,clean,test,75/25,test,1.000000,True,2716,76,7.793600,84,21,63,0.809524,0.777778,0.600000,0.714286,0.652174,0.526152,53,10,6,15,0.876039,0.785345,0.785345
linear_svm_balanced_ratio_preserved_noise_mcc_selected_v1,linear_svm_class_weight_balanced,linear_svm,C,75/25,4,clean,test,80/20,test,1.000000,True,2716,76,7.898348,105,21,84,0.895238,0.827381,0.750000,0.714286,0.731707,0.666973,79,5,6,15,0.882653,0.766965,0.766965
linear_svm_balanced_ratio_preserved_noise_mcc_selected_v1,linear_svm_class_weight_balanced,linear_svm,C,75/25,4,clean,test,90/10,test,1.000000,True,2716,76,8.110055,210,21,189,0.852381,0.791005,0.375000,0.714286,0.491803,0.444649,164,25,6,15,0.853867,0.487479,0.487479
linear_svm_balanced_ratio_preserved_noise_mcc_selected_v1,linear_svm_class_weight_balanced,linear_svm,C,75/25,4,random_flip_10,validation_grid,75/25,valid,0.100000,True,2716,76,5.767216,76,19,57,0.828947,0.815789,0.625000,0.789474,0.697674,0.588348,48,9,4,15,0.846722,0.795119,0.795119
linear_svm_balanced_ratio_preserved_noise_mcc_selected_v1,linear_svm_class_weight_balanced,linear_svm,C,75/25,4,random_flip_10,validation_grid,75/25,valid,1.000000,False,2716,76,6.034998,76,19,57,0.802632,0.763158,0.590909,0.684211,0.634146,0.502519,48,9,6,13,0.788550,0.764306,0.764306
linear_svm_balanced_ratio_preserved_noise_mcc_selected_v1,linear_svm_class_weight_balanced,linear_svm,C,75/25,4,random_flip_10,validation_grid,75/25,valid,10.000000,False,2716,76,7.485213,76,19,57,0.763158,0.719298,0.521739,0.631579,0.571429,0.413407,46,11,7,12,0.751616,0.694510,0.694510
linear_svm_balanced_ratio_preserved_noise_mcc_selected_v1,linear_svm_class_weight_balanced,linear_svm,C,75/25,4,random_flip_10,test,50/50,test,0.100000,True,2716,76,7.566819,42,21,21,0.833333,0.833333,0.888889,0.761905,0.820513,0.673575,19,2,5,16,0.920635,0.931859,0.931859
linear_svm_balanced_ratio_preserved_noise_mcc_selected_v1,linear_svm_class_weight_balanced,linear_svm,C,75/25,4,random_flip_10,test,60/40,test,0.100000,True,2716,76,7.706559,53,21,32,0.773585,0.771577,0.695652,0.761905,0.727273,0.536023,25,7,5,16,0.864583,0.839211,0.839211
linear_svm_balanced_ratio_preserved_noise_mcc_selected_v1,linear_svm_class_weight_balanced,linear_svm,C,75/25,4,random_flip_10,test,70/30,test,0.100000,True,2716,76,7.798629,70,21,49,0.728571,0.738095,0.533333,0.761905,0.627451,0.440959,35,14,5,16,0.850340,0.721508,0.721508
linear_svm_balanced_ratio_preserved_noise_mcc_selected_v1,linear_svm_class_weight_balanced,linear_svm,C,75/25,4,random_flip_10,test,75/25,test,0.100000,True,2716,76,7.905292,84,21,63,0.821429,0.801587,0.615385,0.761905,0.680851,0.564966,53,10,5,16,0.879063,0.708326,0.708326
linear_svm_balanced_ratio_preserved_noise_mcc_selected_v1,linear_svm_class_weight_balanced,linear_svm,C,75/25,4,random_flip_10,test,80/20,test,0.100000,True,2716,76,8.009510,105,21,84,0.885714,0.839286,0.695652,0.761905,0.727273,0.656257,77,7,5,16,0.913265,0.774914,0.774914
linear_svm_balanced_ratio_preserved_noise_mcc_selected_v1,linear_svm_class_weight_balanced,linear_svm,C,75/25,4,random_flip_10,test,90/10,test,0.100000,True,2716,76,8.211500,210,21,189,0.809524,0.788360,0.313725,0.761905,0.444444,0.403480,154,35,5,16,0.880574,0.500231,0.500231
linear_svm_balanced_ratio_preserved_noise_mcc_selected_v1,linear_svm_class_weight_balanced,linear_svm,C,75/25,4,random_flip_20,validation_grid,75/25,valid,0.100000,True,2716,76,5.823696,76,19,57,0.736842,0.754386,0.483871,0.789474,0.600000,0.448281,41,16,4,15,0.855032,0.698745,0.698745
linear_svm_balanced_ratio_preserved_noise_mcc_selected_v1,linear_svm_class_weight_balanced,linear_svm,C,75/25,4,random_flip_20,validation_grid,75/25,valid,1.000000,False,2716,76,6.111468,76,19,57,0.684211,0.614035,0.391304,0.473684,0.428571,0.214971,43,14,10,9,0.733149,0.530402,0.530402
linear_svm_balanced_ratio_preserved_noise_mcc_selected_v1,linear_svm_class_weight_balanced,linear_svm,C,75/25,4,random_flip_20,validation_grid,75/25,valid,10.000000,False,2716,76,7.770336,76,19,57,0.644737,0.535088,0.300000,0.315789,0.307692,0.069007,43,14,13,6,0.655586,0.450311,0.450311
linear_svm_balanced_ratio_preserved_noise_mcc_selected_v1,linear_svm_class_weight_balanced,linear_svm,C,75/25,4,random_flip_20,test,50/50,test,0.100000,True,2716,76,7.837770,42,21,21,0.690476,0.690476,0.722222,0.619048,0.666667,0.384900,16,5,8,13,0.730159,0.766083,0.766083
linear_svm_balanced_ratio_preserved_noise_mcc_selected_v1,linear_svm_class_weight_balanced,linear_svm,C,75/25,4,random_flip_20,test,60/40,test,0.100000,True,2716,76,7.967453,53,21,32,0.679245,0.668899,0.590909,0.619048,0.604651,0.335312,23,9,8,13,0.718750,0.679940,0.679940
linear_svm_balanced_ratio_preserved_noise_mcc_selected_v1,linear_svm_class_weight_balanced,linear_svm,C,75/25,4,random_flip_20,test,70/30,test,0.100000,True,2716,76,8.066933,70,21,49,0.671429,0.656463,0.464286,0.619048,0.530612,0.292715,34,15,8,13,0.731778,0.620073,0.620073
linear_svm_balanced_ratio_preserved_noise_mcc_selected_v1,linear_svm_class_weight_balanced,linear_svm,C,75/25,4,random_flip_20,test,75/25,test,0.100000,True,2716,76,8.176648,84,21,63,0.714286,0.682540,0.448276,0.619048,0.520000,0.332496,47,16,8,13,0.730915,0.521946,0.521946
linear_svm_balanced_ratio_preserved_noise_mcc_selected_v1,linear_svm_class_weight_balanced,linear_svm,C,75/25,4,random_flip_20,test,80/20,test,0.100000,True,2716,76,8.273898,105,21,84,0.780952,0.720238,0.464286,0.619048,0.530612,0.398426,69,15,8,13,0.804989,0.626734,0.626734
linear_svm_balanced_ratio_preserved_noise_mcc_selected_v1,linear_svm_class_weight_balanced,linear_svm,C,75/25,4,random_flip_20,test,90/10,test,0.100000,True,2716,76,8.465035,210,21,189,0.757143,0.695767,0.232143,0.619048,0.337662,0.265617,146,43,8,13,0.756866,0.319251,0.319251
linear_svm_balanced_ratio_preserved_noise_mcc_selected_v1,linear_svm_class_weight_balanced,linear_svm,C,75/25,4,random_fp_10,validation_grid,75/25,valid,0.100000,True,3804,76,7.104696,76,19,57,0.789474,0.807018,0.551724,0.842105,0.666667,0.547343,44,13,3,16,0.881810,0.849508,0.849508
linear_svm_balanced_ratio_preserved_noise_mcc_selected_v1,linear_svm_class_weight_balanced,linear_svm,C,75/25,4,random_fp_10,validation_grid,75/25,valid,1.000000,False,3804,76,7.424134,76,19,57,0.763158,0.754386,0.518519,0.736842,0.608696,0.460317,44,13,5,14,0.850416,0.784582,0.784582
linear_svm_balanced_ratio_preserved_noise_mcc_selected_v1,linear_svm_class_weight_balanced,linear_svm,C,75/25,4,random_fp_10,validation_grid,75/25,valid,10.000000,False,3804,76,9.242810,76,19,57,0.763158,0.736842,0.520000,0.684211,0.590909,0.436564,45,12,6,13,0.789474,0.671527,0.671527
linear_svm_balanced_ratio_preserved_noise_mcc_selected_v1,linear_svm_class_weight_balanced,linear_svm,C,75/25,4,random_fp_10,test,50/50,test,0.100000,True,3804,76,9.315129,42,21,21,0.809524,0.809524,0.809524,0.809524,0.809524,0.619048,17,4,4,17,0.845805,0.877631,0.877631
linear_svm_balanced_ratio_preserved_noise_mcc_selected_v1,linear_svm_class_weight_balanced,linear_svm,C,75/25,4,random_fp_10,test,60/40,test,0.100000,True,3804,76,9.450644,53,21,32,0.811321,0.811012,0.739130,0.809524,0.772727,0.613857,26,6,4,17,0.870536,0.850307,0.850307
linear_svm_balanced_ratio_preserved_noise_mcc_selected_v1,linear_svm_class_weight_balanced,linear_svm,C,75/25,4,random_fp_10,test,70/30,test,0.100000,True,3804,76,9.551673,70,21,49,0.800000,0.802721,0.629630,0.809524,0.708333,0.569986,39,10,4,17,0.835763,0.769627,0.769627
linear_svm_balanced_ratio_preserved_noise_mcc_selected_v1,linear_svm_class_weight_balanced,linear_svm,C,75/25,4,random_fp_10,test,75/25,test,0.100000,True,3804,76,9.667299,84,21,63,0.809524,0.809524,0.586207,0.809524,0.680000,0.563798,51,12,4,17,0.866213,0.758639,0.758639
linear_svm_balanced_ratio_preserved_noise_mcc_selected_v1,linear_svm_class_weight_balanced,linear_svm,C,75/25,4,random_fp_10,test,80/20,test,0.100000,True,3804,76,9.775985,105,21,84,0.838095,0.827381,0.566667,0.809524,0.666667,0.579751,71,13,4,17,0.875283,0.761493,0.761493
linear_svm_balanced_ratio_preserved_noise_mcc_selected_v1,linear_svm_class_weight_balanced,linear_svm,C,75/25,4,random_fp_10,test,90/10,test,0.100000,True,3804,76,9.994398,210,21,189,0.804762,0.806878,0.314815,0.809524,0.453333,0.421287,152,37,4,17,0.843034,0.505732,0.505732
linear_svm_balanced_ratio_preserved_noise_mcc_selected_v1,linear_svm_class_weight_balanced,linear_svm,C,75/25,4,random_fp_20,validation_grid,75/25,valid,0.100000,False,4892,76,8.619753,76,19,57,0.776316,0.798246,0.533333,0.842105,0.653061,0.528419,43,14,3,16,0.867036,0.758708,0.758708
linear_svm_balanced_ratio_preserved_noise_mcc_selected_v1,linear_svm_class_weight_balanced,linear_svm,C,75/25,4,random_fp_20,validation_grid,75/25,valid,1.000000,True,4892,76,9.038879,76,19,57,0.789474,0.807018,0.551724,0.842105,0.666667,0.547343,44,13,3,16,0.828255,0.620725,0.620725
linear_svm_balanced_ratio_preserved_noise_mcc_selected_v1,linear_svm_class_weight_balanced,linear_svm,C,75/25,4,random_fp_20,validation_grid,75/25,valid,10.000000,False,4892,76,11.402796,76,19,57,0.750000,0.710526,0.500000,0.631579,0.558140,0.392232,45,12,7,12,0.812558,0.558930,0.558930
linear_svm_balanced_ratio_preserved_noise_mcc_selected_v1,linear_svm_class_weight_balanced,linear_svm,C,75/25,4,random_fp_20,test,50/50,test,1.000000,True,4892,76,11.476208,42,21,21,0.761905,0.761905,0.866667,0.619048,0.722222,0.546594,19,2,8,13,0.800454,0.849098,0.849098
linear_svm_balanced_ratio_preserved_noise_mcc_selected_v1,linear_svm_class_weight_balanced,linear_svm,C,75/25,4,random_fp_20,test,60/40,test,1.000000,True,4892,76,11.617085,53,21,32,0.698113,0.684524,0.619048,0.619048,0.619048,0.369048,24,8,8,13,0.781250,0.772138,0.772138
linear_svm_balanced_ratio_preserved_noise_mcc_selected_v1,linear_svm_class_weight_balanced,linear_svm,C,75/25,4,random_fp_20,test,70/30,test,1.000000,True,4892,76,11.722303,70,21,49,0.685714,0.666667,0.481481,0.619048,0.541667,0.313813,35,14,8,13,0.703596,0.531620,0.531620
linear_svm_balanced_ratio_preserved_noise_mcc_selected_v1,linear_svm_class_weight_balanced,linear_svm,C,75/25,4,random_fp_20,test,75/25,test,1.000000,True,4892,76,11.842664,84,21,63,0.750000,0.706349,0.500000,0.619048,0.553191,0.386556,50,13,8,13,0.746788,0.511561,0.511561
linear_svm_balanced_ratio_preserved_noise_mcc_selected_v1,linear_svm_class_weight_balanced,linear_svm,C,75/25,4,random_fp_20,test,80/20,test,1.000000,True,4892,76,11.954348,105,21,84,0.800000,0.732143,0.500000,0.619048,0.553191,0.430263,71,13,8,13,0.788549,0.535147,0.535147
linear_svm_balanced_ratio_preserved_noise_mcc_selected_v1,linear_svm_class_weight_balanced,linear_svm,C,75/25,4,random_fp_20,test,90/10,test,1.000000,True,4892,76,12.167634,210,21,189,0.757143,0.695767,0.232143,0.619048,0.337662,0.265617,146,43,8,13,0.736206,0.223217,0.223217
linear_svm_balanced_ratio_preserved_noise_mcc_selected_v1,linear_svm_class_weight_balanced,linear_svm,C,75/25,4,heuristic_fp_10,validation_grid,75/25,valid,0.100000,True,3804,76,7.075603,76,19,57,0.776316,0.780702,0.535714,0.789474,0.638298,0.503953,44,13,4,15,0.888273,0.793853,0.793853
linear_svm_balanced_ratio_preserved_noise_mcc_selected_v1,linear_svm_class_weight_balanced,linear_svm,C,75/25,4,heuristic_fp_10,validation_grid,75/25,valid,1.000000,False,3804,76,7.373471,76,19,57,0.789474,0.754386,0.565217,0.684211,0.619048,0.479552,47,10,6,13,0.867959,0.786712,0.786712
linear_svm_balanced_ratio_preserved_noise_mcc_selected_v1,linear_svm_class_weight_balanced,linear_svm,C,75/25,4,heuristic_fp_10,validation_grid,75/25,valid,10.000000,False,3804,76,8.940374,76,19,57,0.789474,0.736842,0.571429,0.631579,0.600000,0.458682,48,9,7,12,0.837488,0.759502,0.759502
linear_svm_balanced_ratio_preserved_noise_mcc_selected_v1,linear_svm_class_weight_balanced,linear_svm,C,75/25,4,heuristic_fp_10,test,50/50,test,0.100000,True,3804,76,9.013020,42,21,21,0.833333,0.833333,0.818182,0.857143,0.837209,0.667424,17,4,3,18,0.920635,0.926490,0.926490
linear_svm_balanced_ratio_preserved_noise_mcc_selected_v1,linear_svm_class_weight_balanced,linear_svm,C,75/25,4,heuristic_fp_10,test,60/40,test,0.100000,True,3804,76,9.142062,53,21,32,0.792453,0.803571,0.692308,0.857143,0.765957,0.594028,24,8,3,18,0.897321,0.852073,0.852073
linear_svm_balanced_ratio_preserved_noise_mcc_selected_v1,linear_svm_class_weight_balanced,linear_svm,C,75/25,4,heuristic_fp_10,test,70/30,test,0.100000,True,3804,76,9.233179,70,21,49,0.828571,0.836735,0.666667,0.857143,0.750000,0.634029,40,9,3,18,0.892128,0.804112,0.804112
linear_svm_balanced_ratio_preserved_noise_mcc_selected_v1,linear_svm_class_weight_balanced,linear_svm,C,75/25,4,heuristic_fp_10,test,75/25,test,0.100000,True,3804,76,9.345781,84,21,63,0.845238,0.849206,0.642857,0.857143,0.734694,0.641533,53,10,3,18,0.912320,0.759086,0.759086
linear_svm_balanced_ratio_preserved_noise_mcc_selected_v1,linear_svm_class_weight_balanced,linear_svm,C,75/25,4,heuristic_fp_10,test,80/20,test,0.100000,True,3804,76,9.457426,105,21,84,0.857143,0.857143,0.600000,0.857143,0.705882,0.632456,72,12,3,18,0.938209,0.832429,0.832429
linear_svm_balanced_ratio_preserved_noise_mcc_selected_v1,linear_svm_class_weight_balanced,linear_svm,C,75/25,4,heuristic_fp_10,test,90/10,test,0.100000,True,3804,76,9.669991,210,21,189,0.780952,0.814815,0.295082,0.857143,0.439024,0.416071,146,43,3,18,0.902494,0.572659,0.572659
linear_svm_balanced_ratio_preserved_noise_mcc_selected_v1,linear_svm_class_weight_balanced,linear_svm,C,75/25,4,heuristic_fp_20,validation_grid,75/25,valid,0.100000,False,4892,76,8.333870,76,19,57,0.750000,0.763158,0.500000,0.789474,0.612245,0.466252,42,15,4,15,0.876270,0.774311,0.774311
linear_svm_balanced_ratio_preserved_noise_mcc_selected_v1,linear_svm_class_weight_balanced,linear_svm,C,75/25,4,heuristic_fp_20,validation_grid,75/25,valid,1.000000,True,4892,76,8.732262,76,19,57,0.776316,0.763158,0.538462,0.736842,0.622222,0.480384,45,12,5,14,0.842105,0.723605,0.723605
linear_svm_balanced_ratio_preserved_noise_mcc_selected_v1,linear_svm_class_weight_balanced,linear_svm,C,75/25,4,heuristic_fp_20,validation_grid,75/25,valid,10.000000,False,4892,76,11.630451,76,19,57,0.697368,0.640351,0.416667,0.526316,0.465116,0.261488,43,14,9,10,0.796861,0.686054,0.686054
linear_svm_balanced_ratio_preserved_noise_mcc_selected_v1,linear_svm_class_weight_balanced,linear_svm,C,75/25,4,heuristic_fp_20,test,50/50,test,1.000000,True,4892,76,11.702528,42,21,21,0.785714,0.785714,0.800000,0.761905,0.780488,0.572078,17,4,5,16,0.882086,0.914336,0.914336
linear_svm_balanced_ratio_preserved_noise_mcc_selected_v1,linear_svm_class_weight_balanced,linear_svm,C,75/25,4,heuristic_fp_20,test,60/40,test,1.000000,True,4892,76,11.837317,53,21,32,0.792453,0.787202,0.727273,0.761905,0.744186,0.570178,26,6,5,16,0.883929,0.862740,0.862740
linear_svm_balanced_ratio_preserved_noise_mcc_selected_v1,linear_svm_class_weight_balanced,linear_svm,C,75/25,4,heuristic_fp_20,test,70/30,test,1.000000,True,4892,76,11.931148,70,21,49,0.757143,0.758503,0.571429,0.761905,0.653061,0.483616,37,12,5,16,0.851312,0.729001,0.729001
linear_svm_balanced_ratio_preserved_noise_mcc_selected_v1,linear_svm_class_weight_balanced,linear_svm,C,75/25,4,heuristic_fp_20,test,75/25,test,1.000000,True,4892,76,12.040147,84,21,63,0.857143,0.825397,0.695652,0.761905,0.727273,0.631967,56,7,5,16,0.896447,0.777002,0.777002
linear_svm_balanced_ratio_preserved_noise_mcc_selected_v1,linear_svm_class_weight_balanced,linear_svm,C,75/25,4,heuristic_fp_20,test,80/20,test,1.000000,True,4892,76,12.143205,105,21,84,0.828571,0.803571,0.551724,0.761905,0.640000,0.543168,71,13,5,16,0.907596,0.794238,0.794238
linear_svm_balanced_ratio_preserved_noise_mcc_selected_v1,linear_svm_class_weight_balanced,linear_svm,C,75/25,4,heuristic_fp_20,test,90/10,test,1.000000,True,4892,76,12.350968,210,21,189,0.761905,0.761905,0.262295,0.761905,0.390244,0.346143,144,45,5,16,0.867977,0.481499,0.481499
linear_svm_balanced_ratio_preserved_noise_mcc_selected_v1,linear_svm_class_weight_balanced,linear_svm,C,75/25,5,clean,validation_grid,75/25,valid,0.100000,False,2716,76,5.055275,76,19,57,0.789474,0.789474,0.555556,0.789474,0.652174,0.523810,45,12,4,15,0.843952,0.730340,0.730340
linear_svm_balanced_ratio_preserved_noise_mcc_selected_v1,linear_svm_class_weight_balanced,linear_svm,C,75/25,5,clean,validation_grid,75/25,valid,1.000000,True,2716,76,5.280916,76,19,57,0.828947,0.815789,0.625000,0.789474,0.697674,0.588348,48,9,4,15,0.827331,0.763937,0.763937
linear_svm_balanced_ratio_preserved_noise_mcc_selected_v1,linear_svm_class_weight_balanced,linear_svm,C,75/25,5,clean,validation_grid,75/25,valid,10.000000,False,2716,76,6.560602,76,19,57,0.789474,0.754386,0.565217,0.684211,0.619048,0.479552,47,10,6,13,0.800554,0.751534,0.751534
linear_svm_balanced_ratio_preserved_noise_mcc_selected_v1,linear_svm_class_weight_balanced,linear_svm,C,75/25,5,clean,test,50/50,test,1.000000,True,2716,76,6.636230,42,21,21,0.761905,0.761905,0.739130,0.809524,0.772727,0.526201,15,6,4,17,0.845805,0.850792,0.850792
linear_svm_balanced_ratio_preserved_noise_mcc_selected_v1,linear_svm_class_weight_balanced,linear_svm,C,75/25,5,clean,test,60/40,test,1.000000,True,2716,76,6.718869,53,21,32,0.849057,0.842262,0.809524,0.809524,0.809524,0.684524,28,4,4,17,0.897321,0.792881,0.792881
linear_svm_balanced_ratio_preserved_noise_mcc_selected_v1,linear_svm_class_weight_balanced,linear_svm,C,75/25,5,clean,test,70/30,test,1.000000,True,2716,76,6.809818,70,21,49,0.814286,0.812925,0.653846,0.809524,0.723404,0.593561,40,9,4,17,0.896016,0.766164,0.766164
linear_svm_balanced_ratio_preserved_noise_mcc_selected_v1,linear_svm_class_weight_balanced,linear_svm,C,75/25,5,clean,test,75/25,test,1.000000,True,2716,76,6.897211,84,21,63,0.892857,0.865079,0.772727,0.809524,0.790698,0.719101,58,5,4,17,0.900983,0.679223,0.679223
linear_svm_balanced_ratio_preserved_noise_mcc_selected_v1,linear_svm_class_weight_balanced,linear_svm,C,75/25,5,clean,test,80/20,test,1.000000,True,2716,76,7.030862,105,21,84,0.866667,0.845238,0.629630,0.809524,0.708333,0.631930,74,10,4,17,0.881519,0.578727,0.578727
linear_svm_balanced_ratio_preserved_noise_mcc_selected_v1,linear_svm_class_weight_balanced,linear_svm,C,75/25,5,clean,test,90/10,test,1.000000,True,2716,76,7.265064,210,21,189,0.838095,0.825397,0.361702,0.809524,0.500000,0.468426,159,30,4,17,0.886621,0.453951,0.453951
linear_svm_balanced_ratio_preserved_noise_mcc_selected_v1,linear_svm_class_weight_balanced,linear_svm,C,75/25,5,random_flip_10,validation_grid,75/25,valid,0.100000,True,2716,76,5.544066,76,19,57,0.763158,0.789474,0.516129,0.842105,0.640000,0.510113,42,15,3,16,0.837488,0.693004,0.693004
linear_svm_balanced_ratio_preserved_noise_mcc_selected_v1,linear_svm_class_weight_balanced,linear_svm,C,75/25,5,random_flip_10,validation_grid,75/25,valid,1.000000,False,2716,76,5.775314,76,19,57,0.789474,0.771930,0.560000,0.736842,0.636364,0.501240,46,11,5,14,0.817175,0.714882,0.714882
linear_svm_balanced_ratio_preserved_noise_mcc_selected_v1,linear_svm_class_weight_balanced,linear_svm,C,75/25,5,random_flip_10,validation_grid,75/25,valid,10.000000,False,2716,76,7.482887,76,19,57,0.750000,0.710526,0.500000,0.631579,0.558140,0.392232,45,12,7,12,0.788550,0.697070,0.697070
linear_svm_balanced_ratio_preserved_noise_mcc_selected_v1,linear_svm_class_weight_balanced,linear_svm,C,75/25,5,random_flip_10,test,50/50,test,0.100000,True,2716,76,7.551262,42,21,21,0.785714,0.785714,0.772727,0.809524,0.790698,0.572078,16,5,4,17,0.852608,0.828561,0.828561
linear_svm_balanced_ratio_preserved_noise_mcc_selected_v1,linear_svm_class_weight_balanced,linear_svm,C,75/25,5,random_flip_10,test,60/40,test,0.100000,True,2716,76,7.625617,53,21,32,0.830189,0.826637,0.772727,0.809524,0.790698,0.648467,27,5,4,17,0.894345,0.813992,0.813992
linear_svm_balanced_ratio_preserved_noise_mcc_selected_v1,linear_svm_class_weight_balanced,linear_svm,C,75/25,5,random_flip_10,test,70/30,test,0.100000,True,2716,76,7.702871,70,21,49,0.814286,0.812925,0.653846,0.809524,0.723404,0.593561,40,9,4,17,0.904762,0.765764,0.765764
linear_svm_balanced_ratio_preserved_noise_mcc_selected_v1,linear_svm_class_weight_balanced,linear_svm,C,75/25,5,random_flip_10,test,75/25,test,0.100000,True,2716,76,7.786191,84,21,63,0.904762,0.873016,0.809524,0.809524,0.809524,0.746032,59,4,4,17,0.938776,0.773695,0.773695
linear_svm_balanced_ratio_preserved_noise_mcc_selected_v1,linear_svm_class_weight_balanced,linear_svm,C,75/25,5,random_flip_10,test,80/20,test,0.100000,True,2716,76,7.915361,105,21,84,0.828571,0.821429,0.548387,0.809524,0.653846,0.563725,70,14,4,17,0.867914,0.542161,0.542161
linear_svm_balanced_ratio_preserved_noise_mcc_selected_v1,linear_svm_class_weight_balanced,linear_svm,C,75/25,5,random_flip_10,test,90/10,test,0.100000,True,2716,76,8.153204,210,21,189,0.800000,0.804233,0.309091,0.809524,0.447368,0.415173,151,38,4,17,0.893424,0.549493,0.549493
linear_svm_balanced_ratio_preserved_noise_mcc_selected_v1,linear_svm_class_weight_balanced,linear_svm,C,75/25,5,random_flip_20,validation_grid,75/25,valid,0.100000,False,2716,76,5.004016,76,19,57,0.671053,0.657895,0.400000,0.631579,0.489796,0.279751,39,18,7,12,0.732225,0.641219,0.641219
linear_svm_balanced_ratio_preserved_noise_mcc_selected_v1,linear_svm_class_weight_balanced,linear_svm,C,75/25,5,random_flip_20,validation_grid,75/25,valid,1.000000,True,2716,76,5.221134,76,19,57,0.710526,0.666667,0.440000,0.578947,0.500000,0.307212,43,14,8,11,0.616805,0.455852,0.455852
linear_svm_balanced_ratio_preserved_noise_mcc_selected_v1,linear_svm_class_weight_balanced,linear_svm,C,75/25,5,random_flip_20,validation_grid,75/25,valid,10.000000,False,2716,76,6.618736,76,19,57,0.697368,0.570175,0.375000,0.315789,0.342857,0.149071,47,10,13,6,0.563250,0.373805,0.373805
linear_svm_balanced_ratio_preserved_noise_mcc_selected_v1,linear_svm_class_weight_balanced,linear_svm,C,75/25,5,random_flip_20,test,50/50,test,1.000000,True,2716,76,6.684789,42,21,21,0.666667,0.666667,0.705882,0.571429,0.631579,0.339550,16,5,9,12,0.682540,0.653452,0.653452
linear_svm_balanced_ratio_preserved_noise_mcc_selected_v1,linear_svm_class_weight_balanced,linear_svm,C,75/25,5,random_flip_20,test,60/40,test,1.000000,True,2716,76,6.755150,53,21,32,0.698113,0.676339,0.631579,0.571429,0.600000,0.359706,25,7,9,12,0.711310,0.616919,0.616919
linear_svm_balanced_ratio_preserved_noise_mcc_selected_v1,linear_svm_class_weight_balanced,linear_svm,C,75/25,5,random_flip_20,test,70/30,test,1.000000,True,2716,76,6.832741,70,21,49,0.714286,0.673469,0.521739,0.571429,0.545455,0.338491,38,11,9,12,0.688047,0.503582,0.503582
linear_svm_balanced_ratio_preserved_noise_mcc_selected_v1,linear_svm_class_weight_balanced,linear_svm,C,75/25,5,random_flip_20,test,75/25,test,1.000000,True,2716,76,6.915205,84,21,63,0.797619,0.722222,0.600000,0.571429,0.585366,0.451848,55,8,9,12,0.740741,0.500597,0.500597
linear_svm_balanced_ratio_preserved_noise_mcc_selected_v1,linear_svm_class_weight_balanced,linear_svm,C,75/25,5,random_flip_20,test,80/20,test,1.000000,True,2716,76,7.043970,105,21,84,0.800000,0.714286,0.500000,0.571429,0.533333,0.408248,72,12,9,12,0.743764,0.482353,0.482353
linear_svm_balanced_ratio_preserved_noise_mcc_selected_v1,linear_svm_class_weight_balanced,linear_svm,C,75/25,5,random_flip_20,test,90/10,test,1.000000,True,2716,76,7.263069,210,21,189,0.785714,0.690476,0.250000,0.571429,0.347826,0.272166,153,36,9,12,0.737213,0.229536,0.229536
linear_svm_balanced_ratio_preserved_noise_mcc_selected_v1,linear_svm_class_weight_balanced,linear_svm,C,75/25,5,random_fp_10,validation_grid,75/25,valid,0.100000,False,3804,76,6.514373,76,19,57,0.697368,0.728070,0.441176,0.789474,0.566038,0.397236,38,19,4,15,0.826408,0.653272,0.653272
linear_svm_balanced_ratio_preserved_noise_mcc_selected_v1,linear_svm_class_weight_balanced,linear_svm,C,75/25,5,random_fp_10,validation_grid,75/25,valid,1.000000,True,3804,76,6.842587,76,19,57,0.750000,0.763158,0.500000,0.789474,0.612245,0.466252,42,15,4,15,0.802401,0.632895,0.632895
linear_svm_balanced_ratio_preserved_noise_mcc_selected_v1,linear_svm_class_weight_balanced,linear_svm,C,75/25,5,random_fp_10,validation_grid,75/25,valid,10.000000,False,3804,76,8.689518,76,19,57,0.710526,0.684211,0.444444,0.631579,0.521739,0.333333,42,15,7,12,0.771006,0.567470,0.567470
linear_svm_balanced_ratio_preserved_noise_mcc_selected_v1,linear_svm_class_weight_balanced,linear_svm,C,75/25,5,random_fp_10,test,50/50,test,1.000000,True,3804,76,8.760502,42,21,21,0.761905,0.761905,0.761905,0.761905,0.761905,0.523810,16,5,5,16,0.804989,0.794772,0.794772
linear_svm_balanced_ratio_preserved_noise_mcc_selected_v1,linear_svm_class_weight_balanced,linear_svm,C,75/25,5,random_fp_10,test,60/40,test,1.000000,True,3804,76,8.834801,53,21,32,0.773585,0.771577,0.695652,0.761905,0.727273,0.536023,25,7,5,16,0.834821,0.751105,0.751105
linear_svm_balanced_ratio_preserved_noise_mcc_selected_v1,linear_svm_class_weight_balanced,linear_svm,C,75/25,5,random_fp_10,test,70/30,test,1.000000,True,3804,76,8.908755,70,21,49,0.771429,0.768707,0.592593,0.761905,0.666667,0.505943,38,11,5,16,0.843537,0.714815,0.714815
linear_svm_balanced_ratio_preserved_noise_mcc_selected_v1,linear_svm_class_weight_balanced,linear_svm,C,75/25,5,random_fp_10,test,75/25,test,1.000000,True,3804,76,8.987172,84,21,63,0.821429,0.801587,0.615385,0.761905,0.680851,0.564966,53,10,5,16,0.860166,0.664102,0.664102
linear_svm_balanced_ratio_preserved_noise_mcc_selected_v1,linear_svm_class_weight_balanced,linear_svm,C,75/25,5,random_fp_10,test,80/20,test,1.000000,True,3804,76,9.106545,105,21,84,0.790476,0.779762,0.484848,0.761905,0.592593,0.482108,67,17,5,16,0.845805,0.628591,0.628591
linear_svm_balanced_ratio_preserved_noise_mcc_selected_v1,linear_svm_class_weight_balanced,linear_svm,C,75/25,5,random_fp_10,test,90/10,test,1.000000,True,3804,76,9.330519,210,21,189,0.809524,0.788360,0.313725,0.761905,0.444444,0.403480,154,35,5,16,0.863694,0.519511,0.519511
linear_svm_balanced_ratio_preserved_noise_mcc_selected_v1,linear_svm_class_weight_balanced,linear_svm,C,75/25,5,random_fp_20,validation_grid,75/25,valid,0.100000,False,4892,76,7.619365,76,19,57,0.671053,0.710526,0.416667,0.789474,0.545455,0.365148,36,21,4,15,0.809788,0.686061,0.686061
linear_svm_balanced_ratio_preserved_noise_mcc_selected_v1,linear_svm_class_weight_balanced,linear_svm,C,75/25,5,random_fp_20,validation_grid,75/25,valid,1.000000,False,4892,76,8.041206,76,19,57,0.631579,0.684211,0.384615,0.789474,0.517241,0.319173,33,24,4,15,0.780240,0.644275,0.644275
linear_svm_balanced_ratio_preserved_noise_mcc_selected_v1,linear_svm_class_weight_balanced,linear_svm,C,75/25,5,random_fp_20,validation_grid,75/25,valid,10.000000,True,4892,76,10.402841,76,19,57,0.697368,0.710526,0.437500,0.736842,0.549020,0.369274,39,18,5,14,0.747922,0.548606,0.548606
linear_svm_balanced_ratio_preserved_noise_mcc_selected_v1,linear_svm_class_weight_balanced,linear_svm,C,75/25,5,random_fp_20,test,50/50,test,10.000000,True,4892,76,10.496753,42,21,21,0.690476,0.690476,0.700000,0.666667,0.682927,0.381385,15,6,7,14,0.687075,0.702043,0.702043
linear_svm_balanced_ratio_preserved_noise_mcc_selected_v1,linear_svm_class_weight_balanced,linear_svm,C,75/25,5,random_fp_20,test,60/40,test,10.000000,True,4892,76,10.578403,53,21,32,0.679245,0.677083,0.583333,0.666667,0.622222,0.348007,22,10,7,14,0.702381,0.645343,0.645343
linear_svm_balanced_ratio_preserved_noise_mcc_selected_v1,linear_svm_class_weight_balanced,linear_svm,C,75/25,5,random_fp_20,test,70/30,test,10.000000,True,4892,76,10.665312,70,21,49,0.771429,0.741497,0.608696,0.666667,0.636364,0.471233,40,9,7,14,0.763848,0.636739,0.636739
linear_svm_balanced_ratio_preserved_noise_mcc_selected_v1,linear_svm_class_weight_balanced,linear_svm,C,75/25,5,random_fp_20,test,75/25,test,10.000000,True,4892,76,10.748555,84,21,63,0.738095,0.714286,0.482759,0.666667,0.560000,0.390322,48,15,7,14,0.740741,0.492594,0.492594
linear_svm_balanced_ratio_preserved_noise_mcc_selected_v1,linear_svm_class_weight_balanced,linear_svm,C,75/25,5,random_fp_20,test,80/20,test,10.000000,True,4892,76,10.876366,105,21,84,0.714286,0.696429,0.378378,0.666667,0.482759,0.328949,61,23,7,14,0.718821,0.486251,0.486251
linear_svm_balanced_ratio_preserved_noise_mcc_selected_v1,linear_svm_class_weight_balanced,linear_svm,C,75/25,5,random_fp_20,test,90/10,test,10.000000,True,4892,76,11.133050,210,21,189,0.776190,0.727513,0.259259,0.666667,0.373333,0.312333,149,40,7,14,0.718317,0.231328,0.231328
linear_svm_balanced_ratio_preserved_noise_mcc_selected_v1,linear_svm_class_weight_balanced,linear_svm,C,75/25,5,heuristic_fp_10,validation_grid,75/25,valid,0.100000,True,3804,76,6.414056,76,19,57,0.723684,0.745614,0.468750,0.789474,0.588235,0.430820,40,17,4,15,0.826408,0.646338,0.646338
linear_svm_balanced_ratio_preserved_noise_mcc_selected_v1,linear_svm_class_weight_balanced,linear_svm,C,75/25,5,heuristic_fp_10,validation_grid,75/25,valid,1.000000,False,3804,76,6.664290,76,19,57,0.697368,0.710526,0.437500,0.736842,0.549020,0.369274,39,18,5,14,0.793167,0.552800,0.552800
linear_svm_balanced_ratio_preserved_noise_mcc_selected_v1,linear_svm_class_weight_balanced,linear_svm,C,75/25,5,heuristic_fp_10,validation_grid,75/25,valid,10.000000,False,3804,76,8.228285,76,19,57,0.697368,0.692982,0.433333,0.684211,0.530612,0.341918,40,17,6,13,0.746999,0.551947,0.551947
linear_svm_balanced_ratio_preserved_noise_mcc_selected_v1,linear_svm_class_weight_balanced,linear_svm,C,75/25,5,heuristic_fp_10,test,50/50,test,0.100000,True,3804,76,8.294195,42,21,21,0.833333,0.833333,0.818182,0.857143,0.837209,0.667424,17,4,3,18,0.886621,0.875856,0.875856
linear_svm_balanced_ratio_preserved_noise_mcc_selected_v1,linear_svm_class_weight_balanced,linear_svm,C,75/25,5,heuristic_fp_10,test,60/40,test,0.100000,True,3804,76,8.365053,53,21,32,0.849057,0.850446,0.782609,0.857143,0.818182,0.691690,27,5,3,18,0.891369,0.808685,0.808685
linear_svm_balanced_ratio_preserved_noise_mcc_selected_v1,linear_svm_class_weight_balanced,linear_svm,C,75/25,5,heuristic_fp_10,test,70/30,test,0.100000,True,3804,76,8.437787,70,21,49,0.814286,0.826531,0.642857,0.857143,0.734694,0.610883,39,10,3,18,0.904762,0.783446,0.783446
linear_svm_balanced_ratio_preserved_noise_mcc_selected_v1,linear_svm_class_weight_balanced,linear_svm,C,75/25,5,heuristic_fp_10,test,75/25,test,0.100000,True,3804,76,8.517221,84,21,63,0.869048,0.865079,0.692308,0.857143,0.765957,0.683906,55,8,3,18,0.928193,0.728589,0.728589
linear_svm_balanced_ratio_preserved_noise_mcc_selected_v1,linear_svm_class_weight_balanced,linear_svm,C,75/25,5,heuristic_fp_10,test,80/20,test,0.100000,True,3804,76,8.637434,105,21,84,0.761905,0.797619,0.450000,0.857143,0.590164,0.490290,62,22,3,18,0.876984,0.606307,0.606307
linear_svm_balanced_ratio_preserved_noise_mcc_selected_v1,linear_svm_class_weight_balanced,linear_svm,C,75/25,5,heuristic_fp_10,test,90/10,test,0.100000,True,3804,76,8.850585,210,21,189,0.790476,0.820106,0.305085,0.857143,0.450000,0.427316,148,41,3,18,0.905266,0.572268,0.572268
linear_svm_balanced_ratio_preserved_noise_mcc_selected_v1,linear_svm_class_weight_balanced,linear_svm,C,75/25,5,heuristic_fp_20,validation_grid,75/25,valid,0.100000,False,4892,76,7.826418,76,19,57,0.671053,0.710526,0.416667,0.789474,0.545455,0.365148,36,21,4,15,0.823638,0.617766,0.617766
linear_svm_balanced_ratio_preserved_noise_mcc_selected_v1,linear_svm_class_weight_balanced,linear_svm,C,75/25,5,heuristic_fp_20,validation_grid,75/25,valid,1.000000,False,4892,76,8.202473,76,19,57,0.723684,0.745614,0.468750,0.789474,0.588235,0.430820,40,17,4,15,0.807018,0.598105,0.598105
linear_svm_balanced_ratio_preserved_noise_mcc_selected_v1,linear_svm_class_weight_balanced,linear_svm,C,75/25,5,heuristic_fp_20,validation_grid,75/25,valid,10.000000,True,4892,76,10.343784,76,19,57,0.750000,0.745614,0.500000,0.736842,0.595745,0.440959,43,14,5,14,0.803324,0.589064,0.589064
linear_svm_balanced_ratio_preserved_noise_mcc_selected_v1,linear_svm_class_weight_balanced,linear_svm,C,75/25,5,heuristic_fp_20,test,50/50,test,10.000000,True,4892,76,10.425517,42,21,21,0.714286,0.714286,0.714286,0.714286,0.714286,0.428571,15,6,6,15,0.836735,0.860681,0.860681
linear_svm_balanced_ratio_preserved_noise_mcc_selected_v1,linear_svm_class_weight_balanced,linear_svm,C,75/25,5,heuristic_fp_20,test,60/40,test,10.000000,True,4892,76,10.508364,53,21,32,0.716981,0.716518,0.625000,0.714286,0.666667,0.425504,23,9,6,15,0.755952,0.657945,0.657945
linear_svm_balanced_ratio_preserved_noise_mcc_selected_v1,linear_svm_class_weight_balanced,linear_svm,C,75/25,5,heuristic_fp_20,test,70/30,test,10.000000,True,4892,76,10.591398,70,21,49,0.785714,0.765306,0.625000,0.714286,0.666667,0.512272,40,9,6,15,0.828960,0.645650,0.645650
linear_svm_balanced_ratio_preserved_noise_mcc_selected_v1,linear_svm_class_weight_balanced,linear_svm,C,75/25,5,heuristic_fp_20,test,75/25,test,10.000000,True,4892,76,10.679987,84,21,63,0.797619,0.769841,0.576923,0.714286,0.638298,0.505496,52,11,6,15,0.836735,0.605938,0.605938
linear_svm_balanced_ratio_preserved_noise_mcc_selected_v1,linear_svm_class_weight_balanced,linear_svm,C,75/25,5,heuristic_fp_20,test,80/20,test,10.000000,True,4892,76,10.820431,105,21,84,0.761905,0.744048,0.441176,0.714286,0.545455,0.417239,65,19,6,15,0.806689,0.509224,0.509224
linear_svm_balanced_ratio_preserved_noise_mcc_selected_v1,linear_svm_class_weight_balanced,linear_svm,C,75/25,5,heuristic_fp_20,test,90/10,test,10.000000,True,4892,76,11.056392,210,21,189,0.800000,0.761905,0.294118,0.714286,0.416667,0.366463,153,36,6,15,0.828420,0.347756,0.347756
linear_svm_balanced_ratio_preserved_noise_mcc_selected_v1,linear_svm_class_weight_balanced,linear_svm,C,80/20,1,clean,validation_grid,80/20,valid,0.100000,False,3395,95,6.434014,95,19,76,0.768421,0.776316,0.454545,0.789474,0.576923,0.464266,58,18,4,15,0.828255,0.632810,0.632810
linear_svm_balanced_ratio_preserved_noise_mcc_selected_v1,linear_svm_class_weight_balanced,linear_svm,C,80/20,1,clean,validation_grid,80/20,valid,1.000000,True,3395,95,6.724816,95,19,76,0.831579,0.776316,0.565217,0.684211,0.619048,0.516047,66,10,6,13,0.814404,0.650769,0.650769
linear_svm_balanced_ratio_preserved_noise_mcc_selected_v1,linear_svm_class_weight_balanced,linear_svm,C,80/20,1,clean,validation_grid,80/20,valid,10.000000,False,3395,95,8.303311,95,19,76,0.789474,0.690789,0.476190,0.526316,0.500000,0.367826,65,11,9,10,0.779778,0.559010,0.559010
linear_svm_balanced_ratio_preserved_noise_mcc_selected_v1,linear_svm_class_weight_balanced,linear_svm,C,80/20,1,clean,test,50/50,test,1.000000,True,3395,95,8.367549,42,21,21,0.809524,0.809524,0.882353,0.714286,0.789474,0.630593,19,2,6,15,0.916100,0.927711,0.927711
linear_svm_balanced_ratio_preserved_noise_mcc_selected_v1,linear_svm_class_weight_balanced,linear_svm,C,80/20,1,clean,test,60/40,test,1.000000,True,3395,95,8.438021,53,21,32,0.792453,0.779018,0.750000,0.714286,0.731707,0.563086,27,5,6,15,0.846726,0.830965,0.830965
linear_svm_balanced_ratio_preserved_noise_mcc_selected_v1,linear_svm_class_weight_balanced,linear_svm,C,80/20,1,clean,test,70/30,test,1.000000,True,3395,95,8.515489,70,21,49,0.885714,0.836735,0.882353,0.714286,0.789474,0.719719,47,2,6,15,0.907677,0.872341,0.872341
linear_svm_balanced_ratio_preserved_noise_mcc_selected_v1,linear_svm_class_weight_balanced,linear_svm,C,80/20,1,clean,test,75/25,test,1.000000,True,3395,95,8.596879,84,21,63,0.892857,0.833333,0.833333,0.714286,0.769231,0.703526,60,3,6,15,0.922902,0.849174,0.849174
linear_svm_balanced_ratio_preserved_noise_mcc_selected_v1,linear_svm_class_weight_balanced,linear_svm,C,80/20,1,clean,test,80/20,test,1.000000,True,3395,95,8.704051,105,21,84,0.847619,0.797619,0.600000,0.714286,0.652174,0.559017,74,10,6,15,0.871315,0.729999,0.729999
linear_svm_balanced_ratio_preserved_noise_mcc_selected_v1,linear_svm_class_weight_balanced,linear_svm,C,80/20,1,clean,test,90/10,test,1.000000,True,3395,95,8.906283,210,21,189,0.880952,0.806878,0.441176,0.714286,0.545455,0.499851,170,19,6,15,0.886369,0.522091,0.522091
linear_svm_balanced_ratio_preserved_noise_mcc_selected_v1,linear_svm_class_weight_balanced,linear_svm,C,80/20,1,random_flip_10,validation_grid,80/20,valid,0.100000,True,3395,95,6.782404,95,19,76,0.736842,0.736842,0.411765,0.736842,0.528302,0.395247,56,20,5,14,0.791551,0.506997,0.506997
linear_svm_balanced_ratio_preserved_noise_mcc_selected_v1,linear_svm_class_weight_balanced,linear_svm,C,80/20,1,random_flip_10,validation_grid,80/20,valid,1.000000,False,3395,95,7.091301,95,19,76,0.705263,0.598684,0.320000,0.421053,0.363636,0.179284,59,17,11,8,0.709141,0.408755,0.408755
linear_svm_balanced_ratio_preserved_noise_mcc_selected_v1,linear_svm_class_weight_balanced,linear_svm,C,80/20,1,random_flip_10,validation_grid,80/20,valid,10.000000,False,3395,95,9.033686,95,19,76,0.715789,0.585526,0.318182,0.368421,0.341463,0.162196,61,15,12,7,0.648892,0.341780,0.341780
linear_svm_balanced_ratio_preserved_noise_mcc_selected_v1,linear_svm_class_weight_balanced,linear_svm,C,80/20,1,random_flip_10,test,50/50,test,0.100000,True,3395,95,9.100108,42,21,21,0.738095,0.738095,0.727273,0.761905,0.744186,0.476731,15,6,5,16,0.859410,0.853213,0.853213
linear_svm_balanced_ratio_preserved_noise_mcc_selected_v1,linear_svm_class_weight_balanced,linear_svm,C,80/20,1,random_flip_10,test,60/40,test,0.100000,True,3395,95,9.170568,53,21,32,0.849057,0.834077,0.842105,0.761905,0.800000,0.681468,29,3,5,16,0.861607,0.861208,0.861208
linear_svm_balanced_ratio_preserved_noise_mcc_selected_v1,linear_svm_class_weight_balanced,linear_svm,C,80/20,1,random_flip_10,test,70/30,test,0.100000,True,3395,95,9.246474,70,21,49,0.857143,0.829932,0.761905,0.761905,0.761905,0.659864,44,5,5,16,0.889213,0.852098,0.852098
linear_svm_balanced_ratio_preserved_noise_mcc_selected_v1,linear_svm_class_weight_balanced,linear_svm,C,80/20,1,random_flip_10,test,75/25,test,0.100000,True,3395,95,9.326106,84,21,63,0.869048,0.833333,0.727273,0.761905,0.744186,0.656571,57,6,5,16,0.900227,0.818054,0.818054
linear_svm_balanced_ratio_preserved_noise_mcc_selected_v1,linear_svm_class_weight_balanced,linear_svm,C,80/20,1,random_flip_10,test,80/20,test,0.100000,True,3395,95,9.435417,105,21,84,0.771429,0.767857,0.457143,0.761905,0.571429,0.454569,65,19,5,16,0.821429,0.609571,0.609571
linear_svm_balanced_ratio_preserved_noise_mcc_selected_v1,linear_svm_class_weight_balanced,linear_svm,C,80/20,1,random_flip_10,test,90/10,test,0.100000,True,3395,95,9.640330,210,21,189,0.800000,0.783069,0.301887,0.761905,0.432432,0.390998,152,37,5,16,0.844041,0.522887,0.522887
linear_svm_balanced_ratio_preserved_noise_mcc_selected_v1,linear_svm_class_weight_balanced,linear_svm,C,80/20,1,random_flip_20,validation_grid,80/20,valid,0.100000,True,3395,95,6.403727,95,19,76,0.757895,0.710526,0.428571,0.631579,0.510638,0.369406,60,16,7,12,0.808172,0.559458,0.559458
linear_svm_balanced_ratio_preserved_noise_mcc_selected_v1,linear_svm_class_weight_balanced,linear_svm,C,80/20,1,random_flip_20,validation_grid,80/20,valid,1.000000,False,3395,95,6.735672,95,19,76,0.757895,0.631579,0.400000,0.421053,0.410256,0.258199,64,12,11,8,0.758310,0.500780,0.500780
linear_svm_balanced_ratio_preserved_noise_mcc_selected_v1,linear_svm_class_weight_balanced,linear_svm,C,80/20,1,random_flip_20,validation_grid,80/20,valid,10.000000,False,3395,95,8.629945,95,19,76,0.768421,0.638158,0.421053,0.421053,0.421053,0.276316,65,11,11,8,0.728532,0.408617,0.408617
linear_svm_balanced_ratio_preserved_noise_mcc_selected_v1,linear_svm_class_weight_balanced,linear_svm,C,80/20,1,random_flip_20,test,50/50,test,0.100000,True,3395,95,8.697084,42,21,21,0.738095,0.738095,0.777778,0.666667,0.717949,0.481125,17,4,7,14,0.764172,0.798372,0.798372
linear_svm_balanced_ratio_preserved_noise_mcc_selected_v1,linear_svm_class_weight_balanced,linear_svm,C,80/20,1,random_flip_20,test,60/40,test,0.100000,True,3395,95,8.781628,53,21,32,0.792453,0.770833,0.777778,0.666667,0.717949,0.559431,28,4,7,14,0.752976,0.766549,0.766549
linear_svm_balanced_ratio_preserved_noise_mcc_selected_v1,linear_svm_class_weight_balanced,linear_svm,C,80/20,1,random_flip_20,test,70/30,test,0.100000,True,3395,95,8.857564,70,21,49,0.757143,0.731293,0.583333,0.666667,0.622222,0.446596,39,10,7,14,0.743440,0.643901,0.643901
linear_svm_balanced_ratio_preserved_noise_mcc_selected_v1,linear_svm_class_weight_balanced,linear_svm,C,80/20,1,random_flip_20,test,75/25,test,0.100000,True,3395,95,8.937946,84,21,63,0.869048,0.801587,0.777778,0.666667,0.717949,0.636524,59,4,7,14,0.795163,0.731525,0.731525
linear_svm_balanced_ratio_preserved_noise_mcc_selected_v1,linear_svm_class_weight_balanced,linear_svm,C,80/20,1,random_flip_20,test,80/20,test,0.100000,True,3395,95,9.045215,105,21,84,0.800000,0.750000,0.500000,0.666667,0.571429,0.452267,70,14,7,14,0.743764,0.529088,0.529088
linear_svm_balanced_ratio_preserved_noise_mcc_selected_v1,linear_svm_class_weight_balanced,linear_svm,C,80/20,1,random_flip_20,test,90/10,test,0.100000,True,3395,95,9.240057,210,21,189,0.814286,0.748677,0.304348,0.666667,0.417910,0.360750,157,32,7,14,0.748299,0.361437,0.361437
linear_svm_balanced_ratio_preserved_noise_mcc_selected_v1,linear_svm_class_weight_balanced,linear_svm,C,80/20,1,random_fp_10,validation_grid,80/20,valid,0.100000,True,5095,95,8.217095,95,19,76,0.789474,0.789474,0.483871,0.789474,0.600000,0.493915,60,16,4,15,0.810942,0.566828,0.566828
linear_svm_balanced_ratio_preserved_noise_mcc_selected_v1,linear_svm_class_weight_balanced,linear_svm,C,80/20,1,random_fp_10,validation_grid,80/20,valid,1.000000,False,5095,95,8.700553,95,19,76,0.810526,0.723684,0.523810,0.578947,0.550000,0.431244,66,10,8,11,0.738920,0.509166,0.509166
linear_svm_balanced_ratio_preserved_noise_mcc_selected_v1,linear_svm_class_weight_balanced,linear_svm,C,80/20,1,random_fp_10,validation_grid,80/20,valid,10.000000,False,5095,95,11.322316,95,19,76,0.810526,0.703947,0.526316,0.526316,0.526316,0.407895,67,9,9,10,0.664127,0.407524,0.407524
linear_svm_balanced_ratio_preserved_noise_mcc_selected_v1,linear_svm_class_weight_balanced,linear_svm,C,80/20,1,random_fp_10,test,50/50,test,0.100000,True,5095,95,11.393239,42,21,21,0.809524,0.809524,0.809524,0.809524,0.809524,0.619048,17,4,4,17,0.918367,0.929918,0.929918
linear_svm_balanced_ratio_preserved_noise_mcc_selected_v1,linear_svm_class_weight_balanced,linear_svm,C,80/20,1,random_fp_10,test,60/40,test,0.100000,True,5095,95,11.470780,53,21,32,0.792453,0.795387,0.708333,0.809524,0.755556,0.580499,25,7,4,17,0.879464,0.848892,0.848892
linear_svm_balanced_ratio_preserved_noise_mcc_selected_v1,linear_svm_class_weight_balanced,linear_svm,C,80/20,1,random_fp_10,test,70/30,test,0.100000,True,5095,95,11.562495,70,21,49,0.814286,0.812925,0.653846,0.809524,0.723404,0.593561,40,9,4,17,0.910593,0.877429,0.877429
linear_svm_balanced_ratio_preserved_noise_mcc_selected_v1,linear_svm_class_weight_balanced,linear_svm,C,80/20,1,random_fp_10,test,75/25,test,0.100000,True,5095,95,11.653989,84,21,63,0.880952,0.857143,0.739130,0.809524,0.772727,0.693622,57,6,4,17,0.915344,0.818811,0.818811
linear_svm_balanced_ratio_preserved_noise_mcc_selected_v1,linear_svm_class_weight_balanced,linear_svm,C,80/20,1,random_fp_10,test,80/20,test,0.100000,True,5095,95,11.760103,105,21,84,0.809524,0.809524,0.515152,0.809524,0.629630,0.533396,68,16,4,17,0.882086,0.664702,0.664702
linear_svm_balanced_ratio_preserved_noise_mcc_selected_v1,linear_svm_class_weight_balanced,linear_svm,C,80/20,1,random_fp_10,test,90/10,test,0.100000,True,5095,95,11.974090,210,21,189,0.790476,0.798942,0.298246,0.809524,0.435897,0.403343,149,40,4,17,0.887881,0.570128,0.570128
linear_svm_balanced_ratio_preserved_noise_mcc_selected_v1,linear_svm_class_weight_balanced,linear_svm,C,80/20,1,random_fp_20,validation_grid,80/20,valid,0.100000,False,6790,95,10.297060,95,19,76,0.736842,0.756579,0.416667,0.789474,0.545455,0.423114,55,21,4,15,0.862188,0.661903,0.661903
linear_svm_balanced_ratio_preserved_noise_mcc_selected_v1,linear_svm_class_weight_balanced,linear_svm,C,80/20,1,random_fp_20,validation_grid,80/20,valid,1.000000,True,6790,95,10.953651,95,19,76,0.821053,0.809211,0.535714,0.789474,0.638298,0.542565,63,13,4,15,0.831717,0.542696,0.542696
linear_svm_balanced_ratio_preserved_noise_mcc_selected_v1,linear_svm_class_weight_balanced,linear_svm,C,80/20,1,random_fp_20,validation_grid,80/20,valid,10.000000,False,6790,95,14.755809,95,19,76,0.768421,0.697368,0.440000,0.578947,0.500000,0.358569,62,14,8,11,0.753463,0.456650,0.456650
linear_svm_balanced_ratio_preserved_noise_mcc_selected_v1,linear_svm_class_weight_balanced,linear_svm,C,80/20,1,random_fp_20,test,50/50,test,1.000000,True,6790,95,14.820500,42,21,21,0.690476,0.690476,0.750000,0.571429,0.648649,0.392232,17,4,9,12,0.802721,0.811310,0.811310
linear_svm_balanced_ratio_preserved_noise_mcc_selected_v1,linear_svm_class_weight_balanced,linear_svm,C,80/20,1,random_fp_20,test,60/40,test,1.000000,True,6790,95,14.891591,53,21,32,0.754717,0.723214,0.750000,0.571429,0.648649,0.475637,28,4,9,12,0.808036,0.782672,0.782672
linear_svm_balanced_ratio_preserved_noise_mcc_selected_v1,linear_svm_class_weight_balanced,linear_svm,C,80/20,1,random_fp_20,test,70/30,test,1.000000,True,6790,95,14.969004,70,21,49,0.728571,0.683673,0.545455,0.571429,0.558140,0.362620,39,10,9,12,0.810496,0.727522,0.727522
linear_svm_balanced_ratio_preserved_noise_mcc_selected_v1,linear_svm_class_weight_balanced,linear_svm,C,80/20,1,random_fp_20,test,75/25,test,1.000000,True,6790,95,15.055145,84,21,63,0.821429,0.738095,0.666667,0.571429,0.615385,0.502519,57,6,9,12,0.856387,0.760506,0.760506
linear_svm_balanced_ratio_preserved_noise_mcc_selected_v1,linear_svm_class_weight_balanced,linear_svm,C,80/20,1,random_fp_20,test,80/20,test,1.000000,True,6790,95,15.167602,105,21,84,0.761905,0.690476,0.428571,0.571429,0.489796,0.344584,68,16,9,12,0.801587,0.581531,0.581531
linear_svm_balanced_ratio_preserved_noise_mcc_selected_v1,linear_svm_class_weight_balanced,linear_svm,C,80/20,1,random_fp_20,test,90/10,test,1.000000,True,6790,95,15.377566,210,21,189,0.785714,0.690476,0.250000,0.571429,0.347826,0.272166,153,36,9,12,0.810280,0.422919,0.422919
linear_svm_balanced_ratio_preserved_noise_mcc_selected_v1,linear_svm_class_weight_balanced,linear_svm,C,80/20,1,heuristic_fp_10,validation_grid,80/20,valid,0.100000,False,5095,95,8.547067,95,19,76,0.757895,0.769737,0.441176,0.789474,0.566038,0.450142,57,19,4,15,0.841413,0.575438,0.575438
linear_svm_balanced_ratio_preserved_noise_mcc_selected_v1,linear_svm_class_weight_balanced,linear_svm,C,80/20,1,heuristic_fp_10,validation_grid,80/20,valid,1.000000,True,5095,95,9.020004,95,19,76,0.789474,0.809211,0.484848,0.842105,0.615385,0.519535,59,17,3,16,0.833795,0.586586,0.586586
linear_svm_balanced_ratio_preserved_noise_mcc_selected_v1,linear_svm_class_weight_balanced,linear_svm,C,80/20,1,heuristic_fp_10,validation_grid,80/20,valid,10.000000,False,5095,95,11.313965,95,19,76,0.747368,0.703947,0.413793,0.631579,0.500000,0.354291,59,17,7,12,0.799861,0.577621,0.577621
linear_svm_balanced_ratio_preserved_noise_mcc_selected_v1,linear_svm_class_weight_balanced,linear_svm,C,80/20,1,heuristic_fp_10,test,50/50,test,1.000000,True,5095,95,11.388629,42,21,21,0.857143,0.857143,0.894737,0.809524,0.850000,0.717547,19,2,4,17,0.927438,0.912489,0.912489
linear_svm_balanced_ratio_preserved_noise_mcc_selected_v1,linear_svm_class_weight_balanced,linear_svm,C,80/20,1,heuristic_fp_10,test,60/40,test,1.000000,True,5095,95,11.474057,53,21,32,0.830189,0.826637,0.772727,0.809524,0.790698,0.648467,27,5,4,17,0.901786,0.867083,0.867083
linear_svm_balanced_ratio_preserved_noise_mcc_selected_v1,linear_svm_class_weight_balanced,linear_svm,C,80/20,1,heuristic_fp_10,test,70/30,test,1.000000,True,5095,95,11.561155,70,21,49,0.871429,0.853741,0.772727,0.809524,0.790698,0.698380,44,5,4,17,0.952381,0.905651,0.905651
linear_svm_balanced_ratio_preserved_noise_mcc_selected_v1,linear_svm_class_weight_balanced,linear_svm,C,80/20,1,heuristic_fp_10,test,75/25,test,1.000000,True,5095,95,11.654260,84,21,63,0.880952,0.857143,0.739130,0.809524,0.772727,0.693622,57,6,4,17,0.942555,0.846688,0.846688
linear_svm_balanced_ratio_preserved_noise_mcc_selected_v1,linear_svm_class_weight_balanced,linear_svm,C,80/20,1,heuristic_fp_10,test,80/20,test,1.000000,True,5095,95,11.785399,105,21,84,0.819048,0.815476,0.531250,0.809524,0.641509,0.548289,69,15,4,17,0.916667,0.730570,0.730570
linear_svm_balanced_ratio_preserved_noise_mcc_selected_v1,linear_svm_class_weight_balanced,linear_svm,C,80/20,1,heuristic_fp_10,test,90/10,test,1.000000,True,5095,95,12.012682,210,21,189,0.857143,0.835979,0.395349,0.809524,0.531250,0.499563,163,26,4,17,0.906274,0.430058,0.430058
linear_svm_balanced_ratio_preserved_noise_mcc_selected_v1,linear_svm_class_weight_balanced,linear_svm,C,80/20,1,heuristic_fp_20,validation_grid,80/20,valid,0.100000,False,6790,95,10.623220,95,19,76,0.705263,0.736842,0.384615,0.789474,0.517241,0.385164,52,24,4,15,0.847645,0.541772,0.541772
linear_svm_balanced_ratio_preserved_noise_mcc_selected_v1,linear_svm_class_weight_balanced,linear_svm,C,80/20,1,heuristic_fp_20,validation_grid,80/20,valid,1.000000,True,6790,95,11.259417,95,19,76,0.747368,0.743421,0.424242,0.736842,0.538462,0.408996,57,19,5,14,0.840720,0.513922,0.513922
linear_svm_balanced_ratio_preserved_noise_mcc_selected_v1,linear_svm_class_weight_balanced,linear_svm,C,80/20,1,heuristic_fp_20,validation_grid,80/20,valid,10.000000,False,6790,95,14.633248,95,19,76,0.747368,0.703947,0.413793,0.631579,0.500000,0.354291,59,17,7,12,0.763850,0.448834,0.448834
linear_svm_balanced_ratio_preserved_noise_mcc_selected_v1,linear_svm_class_weight_balanced,linear_svm,C,80/20,1,heuristic_fp_20,test,50/50,test,1.000000,True,6790,95,14.706324,42,21,21,0.809524,0.809524,0.882353,0.714286,0.789474,0.630593,19,2,6,15,0.922902,0.929438,0.929438
linear_svm_balanced_ratio_preserved_noise_mcc_selected_v1,linear_svm_class_weight_balanced,linear_svm,C,80/20,1,heuristic_fp_20,test,60/40,test,1.000000,True,6790,95,14.789540,53,21,32,0.754717,0.747768,0.681818,0.714286,0.697674,0.491889,25,7,6,15,0.867560,0.778928,0.778928
linear_svm_balanced_ratio_preserved_noise_mcc_selected_v1,linear_svm_class_weight_balanced,linear_svm,C,80/20,1,heuristic_fp_20,test,70/30,test,1.000000,True,6790,95,14.872557,70,21,49,0.800000,0.775510,0.652174,0.714286,0.681818,0.537604,41,8,6,15,0.924198,0.869403,0.869403
linear_svm_balanced_ratio_preserved_noise_mcc_selected_v1,linear_svm_class_weight_balanced,linear_svm,C,80/20,1,heuristic_fp_20,test,75/25,test,1.000000,True,6790,95,14.968027,84,21,63,0.821429,0.785714,0.625000,0.714286,0.666667,0.547723,54,9,6,15,0.907785,0.795300,0.795300
linear_svm_balanced_ratio_preserved_noise_mcc_selected_v1,linear_svm_class_weight_balanced,linear_svm,C,80/20,1,heuristic_fp_20,test,80/20,test,1.000000,True,6790,95,15.086857,105,21,84,0.800000,0.767857,0.500000,0.714286,0.588235,0.474342,69,15,6,15,0.880952,0.557600,0.557600
linear_svm_balanced_ratio_preserved_noise_mcc_selected_v1,linear_svm_class_weight_balanced,linear_svm,C,80/20,1,heuristic_fp_20,test,90/10,test,1.000000,True,6790,95,15.281645,210,21,189,0.804762,0.764550,0.300000,0.714286,0.422535,0.372678,154,35,6,15,0.887881,0.411478,0.411478
linear_svm_balanced_ratio_preserved_noise_mcc_selected_v1,linear_svm_class_weight_balanced,linear_svm,C,80/20,2,clean,validation_grid,80/20,valid,0.100000,False,3395,95,6.609132,95,19,76,0.800000,0.796053,0.500000,0.789474,0.612245,0.509525,61,15,4,15,0.856648,0.648587,0.648587
linear_svm_balanced_ratio_preserved_noise_mcc_selected_v1,linear_svm_class_weight_balanced,linear_svm,C,80/20,2,clean,validation_grid,80/20,valid,1.000000,False,3395,95,6.933396,95,19,76,0.821053,0.769737,0.541667,0.684211,0.604651,0.496614,65,11,6,13,0.843490,0.670997,0.670997
linear_svm_balanced_ratio_preserved_noise_mcc_selected_v1,linear_svm_class_weight_balanced,linear_svm,C,80/20,2,clean,validation_grid,80/20,valid,10.000000,True,3395,95,8.772010,95,19,76,0.842105,0.763158,0.600000,0.631579,0.615385,0.516398,68,8,7,12,0.823407,0.663346,0.663346
linear_svm_balanced_ratio_preserved_noise_mcc_selected_v1,linear_svm_class_weight_balanced,linear_svm,C,80/20,2,clean,test,50/50,test,10.000000,True,3395,95,8.858343,42,21,21,0.738095,0.738095,0.916667,0.523810,0.666667,0.527046,20,1,10,11,0.814059,0.858443,0.858443
linear_svm_balanced_ratio_preserved_noise_mcc_selected_v1,linear_svm_class_weight_balanced,linear_svm,C,80/20,2,clean,test,60/40,test,10.000000,True,3395,95,8.929438,53,21,32,0.792453,0.746280,0.916667,0.523810,0.666667,0.575653,31,1,10,11,0.895833,0.896965,0.896965
linear_svm_balanced_ratio_preserved_noise_mcc_selected_v1,linear_svm_class_weight_balanced,linear_svm,C,80/20,2,clean,test,70/30,test,10.000000,True,3395,95,9.036996,70,21,49,0.785714,0.710884,0.687500,0.523810,0.594595,0.460283,44,5,10,11,0.856171,0.760973,0.760973
linear_svm_balanced_ratio_preserved_noise_mcc_selected_v1,linear_svm_class_weight_balanced,linear_svm,C,80/20,2,clean,test,75/25,test,10.000000,True,3395,95,9.128378,84,21,63,0.845238,0.738095,0.785714,0.523810,0.628571,0.553283,60,3,10,11,0.861678,0.762632,0.762632
linear_svm_balanced_ratio_preserved_noise_mcc_selected_v1,linear_svm_class_weight_balanced,linear_svm,C,80/20,2,clean,test,80/20,test,10.000000,True,3395,95,9.220992,105,21,84,0.857143,0.732143,0.687500,0.523810,0.594595,0.516749,79,5,10,11,0.859410,0.685279,0.685279
linear_svm_balanced_ratio_preserved_noise_mcc_selected_v1,linear_svm_class_weight_balanced,linear_svm,C,80/20,2,clean,test,90/10,test,10.000000,True,3395,95,9.385036,210,21,189,0.866667,0.714286,0.379310,0.523810,0.440000,0.372671,171,18,10,11,0.824641,0.384252,0.384252
linear_svm_balanced_ratio_preserved_noise_mcc_selected_v1,linear_svm_class_weight_balanced,linear_svm,C,80/20,2,random_flip_10,validation_grid,80/20,valid,0.100000,False,3395,95,6.700204,95,19,76,0.747368,0.664474,0.400000,0.526316,0.454545,0.298807,61,15,9,10,0.777008,0.581499,0.581499
linear_svm_balanced_ratio_preserved_noise_mcc_selected_v1,linear_svm_class_weight_balanced,linear_svm,C,80/20,2,random_flip_10,validation_grid,80/20,valid,1.000000,True,3395,95,7.026541,95,19,76,0.768421,0.657895,0.428571,0.473684,0.450000,0.304408,64,12,10,9,0.744460,0.521363,0.521363
linear_svm_balanced_ratio_preserved_noise_mcc_selected_v1,linear_svm_class_weight_balanced,linear_svm,C,80/20,2,random_flip_10,validation_grid,80/20,valid,10.000000,False,3395,95,8.880101,95,19,76,0.768421,0.598684,0.400000,0.315789,0.352941,0.216506,67,9,13,6,0.762465,0.437578,0.437578
linear_svm_balanced_ratio_preserved_noise_mcc_selected_v1,linear_svm_class_weight_balanced,linear_svm,C,80/20,2,random_flip_10,test,50/50,test,1.000000,True,3395,95,8.970520,42,21,21,0.738095,0.738095,0.750000,0.714286,0.731707,0.476731,16,5,6,15,0.802721,0.813329,0.813329
linear_svm_balanced_ratio_preserved_noise_mcc_selected_v1,linear_svm_class_weight_balanced,linear_svm,C,80/20,2,random_flip_10,test,60/40,test,1.000000,True,3395,95,9.045389,53,21,32,0.830189,0.810268,0.833333,0.714286,0.769231,0.640887,29,3,6,15,0.872024,0.850843,0.850843
linear_svm_balanced_ratio_preserved_noise_mcc_selected_v1,linear_svm_class_weight_balanced,linear_svm,C,80/20,2,random_flip_10,test,70/30,test,1.000000,True,3395,95,9.157644,70,21,49,0.828571,0.795918,0.714286,0.714286,0.714286,0.591837,43,6,6,15,0.867833,0.686232,0.686232
linear_svm_balanced_ratio_preserved_noise_mcc_selected_v1,linear_svm_class_weight_balanced,linear_svm,C,80/20,2,random_flip_10,test,75/25,test,1.000000,True,3395,95,9.259332,84,21,63,0.809524,0.777778,0.600000,0.714286,0.652174,0.526152,53,10,6,15,0.860922,0.648079,0.648079
linear_svm_balanced_ratio_preserved_noise_mcc_selected_v1,linear_svm_class_weight_balanced,linear_svm,C,80/20,2,random_flip_10,test,80/20,test,1.000000,True,3395,95,9.375127,105,21,84,0.876190,0.815476,0.681818,0.714286,0.697674,0.620148,77,7,6,15,0.900794,0.664863,0.664863
linear_svm_balanced_ratio_preserved_noise_mcc_selected_v1,linear_svm_class_weight_balanced,linear_svm,C,80/20,2,random_flip_10,test,90/10,test,1.000000,True,3395,95,9.553594,210,21,189,0.809524,0.767196,0.306122,0.714286,0.428571,0.379044,155,34,6,15,0.853867,0.394671,0.394671
linear_svm_balanced_ratio_preserved_noise_mcc_selected_v1,linear_svm_class_weight_balanced,linear_svm,C,80/20,2,random_flip_20,validation_grid,80/20,valid,0.100000,False,3395,95,6.748519,95,19,76,0.715789,0.664474,0.366667,0.578947,0.448980,0.283069,57,19,8,11,0.779778,0.524545,0.524545
linear_svm_balanced_ratio_preserved_noise_mcc_selected_v1,linear_svm_class_weight_balanced,linear_svm,C,80/20,2,random_flip_20,validation_grid,80/20,valid,1.000000,True,3395,95,7.104119,95,19,76,0.768421,0.697368,0.440000,0.578947,0.500000,0.358569,62,14,8,11,0.737535,0.450123,0.450123
linear_svm_balanced_ratio_preserved_noise_mcc_selected_v1,linear_svm_class_weight_balanced,linear_svm,C,80/20,2,random_flip_20,validation_grid,80/20,valid,10.000000,False,3395,95,9.431007,95,19,76,0.778947,0.664474,0.450000,0.473684,0.461538,0.322749,65,11,10,9,0.722299,0.401007,0.401007
linear_svm_balanced_ratio_preserved_noise_mcc_selected_v1,linear_svm_class_weight_balanced,linear_svm,C,80/20,2,random_flip_20,test,50/50,test,1.000000,True,3395,95,9.514138,42,21,21,0.666667,0.666667,0.769231,0.476190,0.588235,0.360518,18,3,11,10,0.727891,0.758617,0.758617
linear_svm_balanced_ratio_preserved_noise_mcc_selected_v1,linear_svm_class_weight_balanced,linear_svm,C,80/20,2,random_flip_20,test,60/40,test,1.000000,True,3395,95,9.588238,53,21,32,0.716981,0.675595,0.714286,0.476190,0.571429,0.389611,28,4,11,10,0.747024,0.685030,0.685030
linear_svm_balanced_ratio_preserved_noise_mcc_selected_v1,linear_svm_class_weight_balanced,linear_svm,C,80/20,2,random_flip_20,test,70/30,test,1.000000,True,3395,95,9.699460,70,21,49,0.700000,0.636054,0.500000,0.476190,0.487805,0.276026,39,10,11,10,0.697765,0.514493,0.514493
linear_svm_balanced_ratio_preserved_noise_mcc_selected_v1,linear_svm_class_weight_balanced,linear_svm,C,80/20,2,random_flip_20,test,75/25,test,1.000000,True,3395,95,9.794378,84,21,63,0.726190,0.642857,0.454545,0.476190,0.465116,0.281387,51,12,11,10,0.708239,0.426921,0.426921
linear_svm_balanced_ratio_preserved_noise_mcc_selected_v1,linear_svm_class_weight_balanced,linear_svm,C,80/20,2,random_flip_20,test,80/20,test,1.000000,True,3395,95,9.896542,105,21,84,0.752381,0.648810,0.400000,0.476190,0.434783,0.279508,69,15,11,10,0.718254,0.374905,0.374905
linear_svm_balanced_ratio_preserved_noise_mcc_selected_v1,linear_svm_class_weight_balanced,linear_svm,C,80/20,2,random_flip_20,test,90/10,test,1.000000,True,3395,95,10.081769,210,21,189,0.795238,0.653439,0.238095,0.476190,0.317460,0.230159,157,32,11,10,0.695137,0.222166,0.222166
linear_svm_balanced_ratio_preserved_noise_mcc_selected_v1,linear_svm_class_weight_balanced,linear_svm,C,80/20,2,random_fp_10,validation_grid,80/20,valid,0.100000,True,5095,95,8.630984,95,19,76,0.821053,0.809211,0.535714,0.789474,0.638298,0.542565,63,13,4,15,0.835180,0.643966,0.643966
linear_svm_balanced_ratio_preserved_noise_mcc_selected_v1,linear_svm_class_weight_balanced,linear_svm,C,80/20,2,random_fp_10,validation_grid,80/20,valid,1.000000,False,5095,95,9.165004,95,19,76,0.821053,0.750000,0.545455,0.631579,0.585366,0.474112,66,10,7,12,0.806094,0.622118,0.622118
linear_svm_balanced_ratio_preserved_noise_mcc_selected_v1,linear_svm_class_weight_balanced,linear_svm,C,80/20,2,random_fp_10,validation_grid,80/20,valid,10.000000,False,5095,95,12.301432,95,19,76,0.821053,0.750000,0.545455,0.631579,0.585366,0.474112,66,10,7,12,0.793629,0.580172,0.580172
linear_svm_balanced_ratio_preserved_noise_mcc_selected_v1,linear_svm_class_weight_balanced,linear_svm,C,80/20,2,random_fp_10,test,50/50,test,0.100000,True,5095,95,12.389985,42,21,21,0.809524,0.809524,0.842105,0.761905,0.800000,0.621874,18,3,5,16,0.861678,0.895762,0.895762
linear_svm_balanced_ratio_preserved_noise_mcc_selected_v1,linear_svm_class_weight_balanced,linear_svm,C,80/20,2,random_fp_10,test,60/40,test,0.100000,True,5095,95,12.465086,53,21,32,0.773585,0.771577,0.695652,0.761905,0.727273,0.536023,25,7,5,16,0.855655,0.857085,0.857085
linear_svm_balanced_ratio_preserved_noise_mcc_selected_v1,linear_svm_class_weight_balanced,linear_svm,C,80/20,2,random_fp_10,test,70/30,test,0.100000,True,5095,95,12.578817,70,21,49,0.771429,0.768707,0.592593,0.761905,0.666667,0.505943,38,11,5,16,0.809524,0.649019,0.649019
linear_svm_balanced_ratio_preserved_noise_mcc_selected_v1,linear_svm_class_weight_balanced,linear_svm,C,80/20,2,random_fp_10,test,75/25,test,0.100000,True,5095,95,12.684956,84,21,63,0.761905,0.761905,0.516129,0.761905,0.615385,0.470040,48,15,5,16,0.821618,0.678272,0.678272
linear_svm_balanced_ratio_preserved_noise_mcc_selected_v1,linear_svm_class_weight_balanced,linear_svm,C,80/20,2,random_fp_10,test,80/20,test,0.100000,True,5095,95,12.792063,105,21,84,0.809524,0.791667,0.516129,0.761905,0.615385,0.511528,69,15,5,16,0.858277,0.671543,0.671543
linear_svm_balanced_ratio_preserved_noise_mcc_selected_v1,linear_svm_class_weight_balanced,linear_svm,C,80/20,2,random_fp_10,test,90/10,test,0.100000,True,5095,95,12.983678,210,21,189,0.814286,0.791005,0.320000,0.761905,0.450704,0.409946,155,34,5,16,0.852104,0.565191,0.565191
linear_svm_balanced_ratio_preserved_noise_mcc_selected_v1,linear_svm_class_weight_balanced,linear_svm,C,80/20,2,random_fp_20,validation_grid,80/20,valid,0.100000,True,6790,95,10.551753,95,19,76,0.768421,0.776316,0.454545,0.789474,0.576923,0.464266,58,18,4,15,0.817867,0.672734,0.672734
linear_svm_balanced_ratio_preserved_noise_mcc_selected_v1,linear_svm_class_weight_balanced,linear_svm,C,80/20,2,random_fp_20,validation_grid,80/20,valid,1.000000,False,6790,95,11.285905,95,19,76,0.726316,0.671053,0.379310,0.578947,0.458333,0.297148,58,18,8,11,0.725762,0.516273,0.516273
linear_svm_balanced_ratio_preserved_noise_mcc_selected_v1,linear_svm_class_weight_balanced,linear_svm,C,80/20,2,random_fp_20,validation_grid,80/20,valid,10.000000,False,6790,95,16.343764,95,19,76,0.726316,0.631579,0.360000,0.473684,0.409091,0.239046,60,16,10,9,0.687673,0.511738,0.511738
linear_svm_balanced_ratio_preserved_noise_mcc_selected_v1,linear_svm_class_weight_balanced,linear_svm,C,80/20,2,random_fp_20,test,50/50,test,0.100000,True,6790,95,16.425747,42,21,21,0.833333,0.833333,0.850000,0.809524,0.829268,0.667424,18,3,4,17,0.884354,0.921438,0.921438
linear_svm_balanced_ratio_preserved_noise_mcc_selected_v1,linear_svm_class_weight_balanced,linear_svm,C,80/20,2,random_fp_20,test,60/40,test,0.100000,True,6790,95,16.498141,53,21,32,0.773585,0.779762,0.680000,0.809524,0.739130,0.548219,24,8,4,17,0.866071,0.864915,0.864915
linear_svm_balanced_ratio_preserved_noise_mcc_selected_v1,linear_svm_class_weight_balanced,linear_svm,C,80/20,2,random_fp_20,test,70/30,test,0.100000,True,6790,95,16.606504,70,21,49,0.771429,0.782313,0.586207,0.809524,0.680000,0.525264,37,12,4,17,0.832847,0.704761,0.704761
linear_svm_balanced_ratio_preserved_noise_mcc_selected_v1,linear_svm_class_weight_balanced,linear_svm,C,80/20,2,random_fp_20,test,75/25,test,0.100000,True,6790,95,16.701176,84,21,63,0.702381,0.738095,0.447368,0.809524,0.576271,0.414276,42,21,4,17,0.823885,0.653118,0.653118
linear_svm_balanced_ratio_preserved_noise_mcc_selected_v1,linear_svm_class_weight_balanced,linear_svm,C,80/20,2,random_fp_20,test,80/20,test,0.100000,True,6790,95,16.808620,105,21,84,0.838095,0.827381,0.566667,0.809524,0.666667,0.579751,71,13,4,17,0.874717,0.697695,0.697695
linear_svm_balanced_ratio_preserved_noise_mcc_selected_v1,linear_svm_class_weight_balanced,linear_svm,C,80/20,2,random_fp_20,test,90/10,test,0.100000,True,6790,95,16.984790,210,21,189,0.761905,0.783069,0.269841,0.809524,0.404762,0.370624,143,46,4,17,0.841774,0.454472,0.454472
linear_svm_balanced_ratio_preserved_noise_mcc_selected_v1,linear_svm_class_weight_balanced,linear_svm,C,80/20,2,heuristic_fp_10,validation_grid,80/20,valid,0.100000,True,5095,95,9.097404,95,19,76,0.789474,0.789474,0.483871,0.789474,0.600000,0.493915,60,16,4,15,0.850416,0.575482,0.575482
linear_svm_balanced_ratio_preserved_noise_mcc_selected_v1,linear_svm_class_weight_balanced,linear_svm,C,80/20,2,heuristic_fp_10,validation_grid,80/20,valid,1.000000,False,5095,95,9.578482,95,19,76,0.800000,0.776316,0.500000,0.736842,0.595745,0.484845,62,14,5,14,0.837950,0.615123,0.615123
linear_svm_balanced_ratio_preserved_noise_mcc_selected_v1,linear_svm_class_weight_balanced,linear_svm,C,80/20,2,heuristic_fp_10,validation_grid,80/20,valid,10.000000,False,5095,95,12.054722,95,19,76,0.778947,0.703947,0.458333,0.578947,0.511628,0.375489,63,13,8,11,0.824100,0.578022,0.578022
linear_svm_balanced_ratio_preserved_noise_mcc_selected_v1,linear_svm_class_weight_balanced,linear_svm,C,80/20,2,heuristic_fp_10,test,50/50,test,0.100000,True,5095,95,12.137751,42,21,21,0.880952,0.880952,0.900000,0.857143,0.878049,0.762770,19,2,3,18,0.916100,0.902968,0.902968
linear_svm_balanced_ratio_preserved_noise_mcc_selected_v1,linear_svm_class_weight_balanced,linear_svm,C,80/20,2,heuristic_fp_10,test,60/40,test,0.100000,True,5095,95,12.209155,53,21,32,0.773585,0.787946,0.666667,0.857143,0.750000,0.563453,23,9,3,18,0.889881,0.857892,0.857892
linear_svm_balanced_ratio_preserved_noise_mcc_selected_v1,linear_svm_class_weight_balanced,linear_svm,C,80/20,2,heuristic_fp_10,test,70/30,test,0.100000,True,5095,95,12.318075,70,21,49,0.857143,0.857143,0.720000,0.857143,0.782609,0.683130,42,7,3,18,0.880466,0.648820,0.648820
linear_svm_balanced_ratio_preserved_noise_mcc_selected_v1,linear_svm_class_weight_balanced,linear_svm,C,80/20,2,heuristic_fp_10,test,75/25,test,0.100000,True,5095,95,12.411840,84,21,63,0.726190,0.769841,0.473684,0.857143,0.610169,0.469513,43,20,3,18,0.880574,0.771214,0.771214
linear_svm_balanced_ratio_preserved_noise_mcc_selected_v1,linear_svm_class_weight_balanced,linear_svm,C,80/20,2,heuristic_fp_10,test,80/20,test,0.100000,True,5095,95,12.514224,105,21,84,0.800000,0.821429,0.500000,0.857143,0.631579,0.541736,66,18,3,18,0.916667,0.765083,0.765083
linear_svm_balanced_ratio_preserved_noise_mcc_selected_v1,linear_svm_class_weight_balanced,linear_svm,C,80/20,2,heuristic_fp_10,test,90/10,test,0.100000,True,5095,95,12.702499,210,21,189,0.814286,0.833333,0.333333,0.857143,0.480000,0.457604,153,36,3,18,0.908037,0.518500,0.518500
linear_svm_balanced_ratio_preserved_noise_mcc_selected_v1,linear_svm_class_weight_balanced,linear_svm,C,80/20,2,heuristic_fp_20,validation_grid,80/20,valid,0.100000,False,6790,95,10.555512,95,19,76,0.747368,0.763158,0.428571,0.789474,0.555556,0.436436,56,20,4,15,0.876039,0.635459,0.635459
linear_svm_balanced_ratio_preserved_noise_mcc_selected_v1,linear_svm_class_weight_balanced,linear_svm,C,80/20,2,heuristic_fp_20,validation_grid,80/20,valid,1.000000,True,6790,95,11.204610,95,19,76,0.821053,0.809211,0.535714,0.789474,0.638298,0.542565,63,13,4,15,0.837258,0.600037,0.600037
linear_svm_balanced_ratio_preserved_noise_mcc_selected_v1,linear_svm_class_weight_balanced,linear_svm,C,80/20,2,heuristic_fp_20,validation_grid,80/20,valid,10.000000,False,6790,95,14.574989,95,19,76,0.768421,0.736842,0.448276,0.684211,0.541667,0.411435,60,16,6,13,0.800554,0.473508,0.473508
linear_svm_balanced_ratio_preserved_noise_mcc_selected_v1,linear_svm_class_weight_balanced,linear_svm,C,80/20,2,heuristic_fp_20,test,50/50,test,1.000000,True,6790,95,14.657947,42,21,21,0.785714,0.785714,0.772727,0.809524,0.790698,0.572078,16,5,4,17,0.866213,0.868514,0.868514
linear_svm_balanced_ratio_preserved_noise_mcc_selected_v1,linear_svm_class_weight_balanced,linear_svm,C,80/20,2,heuristic_fp_20,test,60/40,test,1.000000,True,6790,95,14.729074,53,21,32,0.773585,0.779762,0.680000,0.809524,0.739130,0.548219,24,8,4,17,0.815476,0.669678,0.669678
linear_svm_balanced_ratio_preserved_noise_mcc_selected_v1,linear_svm_class_weight_balanced,linear_svm,C,80/20,2,heuristic_fp_20,test,70/30,test,1.000000,True,6790,95,14.837653,70,21,49,0.800000,0.802721,0.629630,0.809524,0.708333,0.569986,39,10,4,17,0.836735,0.602338,0.602338
linear_svm_balanced_ratio_preserved_noise_mcc_selected_v1,linear_svm_class_weight_balanced,linear_svm,C,80/20,2,heuristic_fp_20,test,75/25,test,1.000000,True,6790,95,14.932066,84,21,63,0.773810,0.785714,0.531250,0.809524,0.641509,0.509525,48,15,4,17,0.870748,0.733421,0.733421
linear_svm_balanced_ratio_preserved_noise_mcc_selected_v1,linear_svm_class_weight_balanced,linear_svm,C,80/20,2,heuristic_fp_20,test,80/20,test,1.000000,True,6790,95,15.027909,105,21,84,0.847619,0.833333,0.586207,0.809524,0.680000,0.596420,72,12,4,17,0.887188,0.632417,0.632417
linear_svm_balanced_ratio_preserved_noise_mcc_selected_v1,linear_svm_class_weight_balanced,linear_svm,C,80/20,2,heuristic_fp_20,test,90/10,test,1.000000,True,6790,95,15.204949,210,21,189,0.819048,0.814815,0.333333,0.809524,0.472222,0.440496,155,34,4,17,0.868733,0.400612,0.400612
linear_svm_balanced_ratio_preserved_noise_mcc_selected_v1,linear_svm_class_weight_balanced,linear_svm,C,80/20,3,clean,validation_grid,80/20,valid,0.100000,True,3395,95,6.038557,95,19,76,0.789474,0.789474,0.483871,0.789474,0.600000,0.493915,60,16,4,15,0.862881,0.776131,0.776131
linear_svm_balanced_ratio_preserved_noise_mcc_selected_v1,linear_svm_class_weight_balanced,linear_svm,C,80/20,3,clean,validation_grid,80/20,valid,1.000000,False,3395,95,6.335487,95,19,76,0.810526,0.743421,0.521739,0.631579,0.571429,0.454613,65,11,7,12,0.826870,0.719500,0.719500
linear_svm_balanced_ratio_preserved_noise_mcc_selected_v1,linear_svm_class_weight_balanced,linear_svm,C,80/20,3,clean,validation_grid,80/20,valid,10.000000,False,3395,95,8.028627,95,19,76,0.800000,0.697368,0.500000,0.526316,0.512821,0.387298,66,10,9,10,0.756925,0.659272,0.659272
linear_svm_balanced_ratio_preserved_noise_mcc_selected_v1,linear_svm_class_weight_balanced,linear_svm,C,80/20,3,clean,test,50/50,test,0.100000,True,3395,95,8.093459,42,21,21,0.809524,0.809524,0.842105,0.761905,0.800000,0.621874,18,3,5,16,0.884354,0.872854,0.872854
linear_svm_balanced_ratio_preserved_noise_mcc_selected_v1,linear_svm_class_weight_balanced,linear_svm,C,80/20,3,clean,test,60/40,test,0.100000,True,3395,95,8.173338,53,21,32,0.792453,0.787202,0.727273,0.761905,0.744186,0.570178,26,6,5,16,0.873512,0.817686,0.817686
linear_svm_balanced_ratio_preserved_noise_mcc_selected_v1,linear_svm_class_weight_balanced,linear_svm,C,80/20,3,clean,test,70/30,test,0.100000,True,3395,95,8.259280,70,21,49,0.828571,0.809524,0.695652,0.761905,0.727273,0.603975,42,7,5,16,0.908649,0.848675,0.848675
linear_svm_balanced_ratio_preserved_noise_mcc_selected_v1,linear_svm_class_weight_balanced,linear_svm,C,80/20,3,clean,test,75/25,test,0.100000,True,3395,95,8.353743,84,21,63,0.809524,0.793651,0.592593,0.761905,0.666667,0.544530,52,11,5,16,0.876795,0.616928,0.616928
linear_svm_balanced_ratio_preserved_noise_mcc_selected_v1,linear_svm_class_weight_balanced,linear_svm,C,80/20,3,clean,test,80/20,test,0.100000,True,3395,95,8.456090,105,21,84,0.771429,0.767857,0.457143,0.761905,0.571429,0.454569,65,19,5,16,0.873016,0.597185,0.597185
linear_svm_balanced_ratio_preserved_noise_mcc_selected_v1,linear_svm_class_weight_balanced,linear_svm,C,80/20,3,clean,test,90/10,test,0.100000,True,3395,95,8.626500,210,21,189,0.828571,0.798942,0.340426,0.761905,0.470588,0.430343,158,31,5,16,0.907533,0.588744,0.588744
linear_svm_balanced_ratio_preserved_noise_mcc_selected_v1,linear_svm_class_weight_balanced,linear_svm,C,80/20,3,random_flip_10,validation_grid,80/20,valid,0.100000,True,3395,95,6.421629,95,19,76,0.800000,0.815789,0.500000,0.842105,0.627451,0.534522,60,16,3,16,0.867729,0.721358,0.721358
linear_svm_balanced_ratio_preserved_noise_mcc_selected_v1,linear_svm_class_weight_balanced,linear_svm,C,80/20,3,random_flip_10,validation_grid,80/20,valid,1.000000,False,3395,95,6.761265,95,19,76,0.768421,0.697368,0.440000,0.578947,0.500000,0.358569,62,14,8,11,0.795706,0.623602,0.623602
linear_svm_balanced_ratio_preserved_noise_mcc_selected_v1,linear_svm_class_weight_balanced,linear_svm,C,80/20,3,random_flip_10,validation_grid,80/20,valid,10.000000,False,3395,95,8.541803,95,19,76,0.768421,0.677632,0.434783,0.526316,0.476190,0.331744,63,13,9,10,0.736150,0.582982,0.582982
linear_svm_balanced_ratio_preserved_noise_mcc_selected_v1,linear_svm_class_weight_balanced,linear_svm,C,80/20,3,random_flip_10,test,50/50,test,0.100000,True,3395,95,8.610043,42,21,21,0.714286,0.714286,0.714286,0.714286,0.714286,0.428571,15,6,6,15,0.854875,0.869664,0.869664
linear_svm_balanced_ratio_preserved_noise_mcc_selected_v1,linear_svm_class_weight_balanced,linear_svm,C,80/20,3,random_flip_10,test,60/40,test,0.100000,True,3395,95,8.712096,53,21,32,0.773585,0.763393,0.714286,0.714286,0.714286,0.526786,26,6,6,15,0.860119,0.826489,0.826489
linear_svm_balanced_ratio_preserved_noise_mcc_selected_v1,linear_svm_class_weight_balanced,linear_svm,C,80/20,3,random_flip_10,test,70/30,test,0.100000,True,3395,95,8.812650,70,21,49,0.785714,0.765306,0.625000,0.714286,0.666667,0.512272,40,9,6,15,0.885326,0.833085,0.833085
linear_svm_balanced_ratio_preserved_noise_mcc_selected_v1,linear_svm_class_weight_balanced,linear_svm,C,80/20,3,random_flip_10,test,75/25,test,0.100000,True,3395,95,8.918505,84,21,63,0.797619,0.769841,0.576923,0.714286,0.638298,0.505496,52,11,6,15,0.864701,0.610216,0.610216
linear_svm_balanced_ratio_preserved_noise_mcc_selected_v1,linear_svm_class_weight_balanced,linear_svm,C,80/20,3,random_flip_10,test,80/20,test,0.100000,True,3395,95,9.032370,105,21,84,0.761905,0.744048,0.441176,0.714286,0.545455,0.417239,65,19,6,15,0.853175,0.568805,0.568805
linear_svm_balanced_ratio_preserved_noise_mcc_selected_v1,linear_svm_class_weight_balanced,linear_svm,C,80/20,3,random_flip_10,test,90/10,test,0.100000,True,3395,95,9.211085,210,21,189,0.819048,0.772487,0.319149,0.714286,0.441176,0.392259,157,32,6,15,0.879315,0.551061,0.551061
linear_svm_balanced_ratio_preserved_noise_mcc_selected_v1,linear_svm_class_weight_balanced,linear_svm,C,80/20,3,random_flip_20,validation_grid,80/20,valid,0.100000,False,3395,95,6.296214,95,19,76,0.736842,0.677632,0.392857,0.578947,0.468085,0.311686,59,17,8,11,0.765235,0.579446,0.579446
linear_svm_balanced_ratio_preserved_noise_mcc_selected_v1,linear_svm_class_weight_balanced,linear_svm,C,80/20,3,random_flip_20,validation_grid,80/20,valid,1.000000,True,3395,95,6.632272,95,19,76,0.810526,0.763158,0.520000,0.684211,0.590909,0.478091,64,12,6,13,0.751385,0.597173,0.597173
linear_svm_balanced_ratio_preserved_noise_mcc_selected_v1,linear_svm_class_weight_balanced,linear_svm,C,80/20,3,random_flip_20,validation_grid,80/20,valid,10.000000,False,3395,95,8.657080,95,19,76,0.789474,0.710526,0.478261,0.578947,0.523810,0.393179,64,12,8,11,0.734072,0.592884,0.592884
linear_svm_balanced_ratio_preserved_noise_mcc_selected_v1,linear_svm_class_weight_balanced,linear_svm,C,80/20,3,random_flip_20,test,50/50,test,1.000000,True,3395,95,8.719105,42,21,21,0.690476,0.690476,0.700000,0.666667,0.682927,0.381385,15,6,7,14,0.798186,0.803835,0.803835
linear_svm_balanced_ratio_preserved_noise_mcc_selected_v1,linear_svm_class_weight_balanced,linear_svm,C,80/20,3,random_flip_20,test,60/40,test,1.000000,True,3395,95,8.801375,53,21,32,0.679245,0.677083,0.583333,0.666667,0.622222,0.348007,22,10,7,14,0.831845,0.778411,0.778411
linear_svm_balanced_ratio_preserved_noise_mcc_selected_v1,linear_svm_class_weight_balanced,linear_svm,C,80/20,3,random_flip_20,test,70/30,test,1.000000,True,3395,95,8.895953,70,21,49,0.814286,0.772109,0.700000,0.666667,0.682927,0.552052,43,6,7,14,0.832847,0.699505,0.699505
linear_svm_balanced_ratio_preserved_noise_mcc_selected_v1,linear_svm_class_weight_balanced,linear_svm,C,80/20,3,random_flip_20,test,75/25,test,1.000000,True,3395,95,8.990159,84,21,63,0.750000,0.722222,0.500000,0.666667,0.571429,0.408248,49,14,7,14,0.859410,0.726338,0.726338
linear_svm_balanced_ratio_preserved_noise_mcc_selected_v1,linear_svm_class_weight_balanced,linear_svm,C,80/20,3,random_flip_20,test,80/20,test,1.000000,True,3395,95,9.091515,105,21,84,0.771429,0.732143,0.451613,0.666667,0.538462,0.407134,67,17,7,14,0.815760,0.526800,0.526800
linear_svm_balanced_ratio_preserved_noise_mcc_selected_v1,linear_svm_class_weight_balanced,linear_svm,C,80/20,3,random_flip_20,test,90/10,test,1.000000,True,3395,95,9.251967,210,21,189,0.861905,0.775132,0.388889,0.666667,0.491228,0.438012,167,22,7,14,0.869489,0.493158,0.493158
linear_svm_balanced_ratio_preserved_noise_mcc_selected_v1,linear_svm_class_weight_balanced,linear_svm,C,80/20,3,random_fp_10,validation_grid,80/20,valid,0.100000,True,5095,95,8.231295,95,19,76,0.789474,0.789474,0.483871,0.789474,0.600000,0.493915,60,16,4,15,0.818560,0.729694,0.729694
linear_svm_balanced_ratio_preserved_noise_mcc_selected_v1,linear_svm_class_weight_balanced,linear_svm,C,80/20,3,random_fp_10,validation_grid,80/20,valid,1.000000,False,5095,95,8.754718,95,19,76,0.800000,0.756579,0.500000,0.684211,0.577778,0.460387,63,13,6,13,0.778393,0.621575,0.621575
linear_svm_balanced_ratio_preserved_noise_mcc_selected_v1,linear_svm_class_weight_balanced,linear_svm,C,80/20,3,random_fp_10,validation_grid,80/20,valid,10.000000,False,5095,95,11.726585,95,19,76,0.757895,0.651316,0.409091,0.473684,0.439024,0.286962,63,13,10,9,0.713989,0.518379,0.518379
linear_svm_balanced_ratio_preserved_noise_mcc_selected_v1,linear_svm_class_weight_balanced,linear_svm,C,80/20,3,random_fp_10,test,50/50,test,0.100000,True,5095,95,11.790320,42,21,21,0.785714,0.785714,0.800000,0.761905,0.780488,0.572078,17,4,5,16,0.873016,0.863766,0.863766
linear_svm_balanced_ratio_preserved_noise_mcc_selected_v1,linear_svm_class_weight_balanced,linear_svm,C,80/20,3,random_fp_10,test,60/40,test,0.100000,True,5095,95,11.875024,53,21,32,0.830189,0.818452,0.800000,0.761905,0.780488,0.642669,28,4,5,16,0.898810,0.838569,0.838569
linear_svm_balanced_ratio_preserved_noise_mcc_selected_v1,linear_svm_class_weight_balanced,linear_svm,C,80/20,3,random_fp_10,test,70/30,test,0.100000,True,5095,95,11.965303,70,21,49,0.771429,0.768707,0.592593,0.761905,0.666667,0.505943,38,11,5,16,0.883382,0.786143,0.786143
linear_svm_balanced_ratio_preserved_noise_mcc_selected_v1,linear_svm_class_weight_balanced,linear_svm,C,80/20,3,random_fp_10,test,75/25,test,0.100000,True,5095,95,12.068891,84,21,63,0.761905,0.761905,0.516129,0.761905,0.615385,0.470040,48,15,5,16,0.876039,0.614246,0.614246
linear_svm_balanced_ratio_preserved_noise_mcc_selected_v1,linear_svm_class_weight_balanced,linear_svm,C,80/20,3,random_fp_10,test,80/20,test,0.100000,True,5095,95,12.188652,105,21,84,0.761905,0.761905,0.444444,0.761905,0.561404,0.441415,64,20,5,16,0.883220,0.642737,0.642737
linear_svm_balanced_ratio_preserved_noise_mcc_selected_v1,linear_svm_class_weight_balanced,linear_svm,C,80/20,3,random_fp_10,test,90/10,test,0.100000,True,5095,95,12.375321,210,21,189,0.814286,0.791005,0.320000,0.761905,0.450704,0.409946,155,34,5,16,0.908793,0.550967,0.550967
linear_svm_balanced_ratio_preserved_noise_mcc_selected_v1,linear_svm_class_weight_balanced,linear_svm,C,80/20,3,random_fp_20,validation_grid,80/20,valid,0.100000,True,6790,95,10.451010,95,19,76,0.684211,0.723684,0.365854,0.789474,0.500000,0.361293,50,26,4,15,0.819252,0.678041,0.678041
linear_svm_balanced_ratio_preserved_noise_mcc_selected_v1,linear_svm_class_weight_balanced,linear_svm,C,80/20,3,random_fp_20,validation_grid,80/20,valid,1.000000,False,6790,95,11.164983,95,19,76,0.726316,0.710526,0.393939,0.684211,0.500000,0.353726,56,20,6,13,0.770083,0.544604,0.544604
linear_svm_balanced_ratio_preserved_noise_mcc_selected_v1,linear_svm_class_weight_balanced,linear_svm,C,80/20,3,random_fp_20,validation_grid,80/20,valid,10.000000,False,6790,95,14.957030,95,19,76,0.663158,0.611842,0.303030,0.526316,0.384615,0.187917,53,23,9,10,0.725762,0.422140,0.422140
linear_svm_balanced_ratio_preserved_noise_mcc_selected_v1,linear_svm_class_weight_balanced,linear_svm,C,80/20,3,random_fp_20,test,50/50,test,0.100000,True,6790,95,15.024426,42,21,21,0.785714,0.785714,0.772727,0.809524,0.790698,0.572078,16,5,4,17,0.836735,0.860654,0.860654
linear_svm_balanced_ratio_preserved_noise_mcc_selected_v1,linear_svm_class_weight_balanced,linear_svm,C,80/20,3,random_fp_20,test,60/40,test,0.100000,True,6790,95,15.113402,53,21,32,0.773585,0.779762,0.680000,0.809524,0.739130,0.548219,24,8,4,17,0.854167,0.861027,0.861027
linear_svm_balanced_ratio_preserved_noise_mcc_selected_v1,linear_svm_class_weight_balanced,linear_svm,C,80/20,3,random_fp_20,test,70/30,test,0.100000,True,6790,95,15.220648,70,21,49,0.757143,0.772109,0.566667,0.809524,0.666667,0.503953,36,13,4,17,0.837707,0.732388,0.732388
linear_svm_balanced_ratio_preserved_noise_mcc_selected_v1,linear_svm_class_weight_balanced,linear_svm,C,80/20,3,random_fp_20,test,75/25,test,0.100000,True,6790,95,15.328370,84,21,63,0.738095,0.761905,0.485714,0.809524,0.607143,0.460067,45,18,4,17,0.817838,0.563835,0.563835
linear_svm_balanced_ratio_preserved_noise_mcc_selected_v1,linear_svm_class_weight_balanced,linear_svm,C,80/20,3,random_fp_20,test,80/20,test,0.100000,True,6790,95,15.468067,105,21,84,0.704762,0.744048,0.386364,0.809524,0.523077,0.395697,57,27,4,17,0.838435,0.639101,0.639101
linear_svm_balanced_ratio_preserved_noise_mcc_selected_v1,linear_svm_class_weight_balanced,linear_svm,C,80/20,3,random_fp_20,test,90/10,test,0.100000,True,6790,95,15.658895,210,21,189,0.771429,0.788360,0.278689,0.809524,0.414634,0.381107,145,44,4,17,0.861678,0.586136,0.586136
linear_svm_balanced_ratio_preserved_noise_mcc_selected_v1,linear_svm_class_weight_balanced,linear_svm,C,80/20,3,heuristic_fp_10,validation_grid,80/20,valid,0.100000,False,5095,95,8.371225,95,19,76,0.736842,0.756579,0.416667,0.789474,0.545455,0.423114,55,21,4,15,0.847645,0.671135,0.671135
linear_svm_balanced_ratio_preserved_noise_mcc_selected_v1,linear_svm_class_weight_balanced,linear_svm,C,80/20,3,heuristic_fp_10,validation_grid,80/20,valid,1.000000,False,5095,95,8.825656,95,19,76,0.789474,0.730263,0.480000,0.631579,0.545455,0.418330,63,13,7,12,0.810942,0.607289,0.607289
linear_svm_balanced_ratio_preserved_noise_mcc_selected_v1,linear_svm_class_weight_balanced,linear_svm,C,80/20,3,heuristic_fp_10,validation_grid,80/20,valid,10.000000,True,5095,95,11.254026,95,19,76,0.800000,0.736842,0.500000,0.631579,0.558140,0.436051,64,12,7,12,0.797784,0.606437,0.606437
linear_svm_balanced_ratio_preserved_noise_mcc_selected_v1,linear_svm_class_weight_balanced,linear_svm,C,80/20,3,heuristic_fp_10,test,50/50,test,10.000000,True,5095,95,11.320145,42,21,21,0.785714,0.785714,0.875000,0.666667,0.756757,0.588348,19,2,7,14,0.873016,0.871507,0.871507
linear_svm_balanced_ratio_preserved_noise_mcc_selected_v1,linear_svm_class_weight_balanced,linear_svm,C,80/20,3,heuristic_fp_10,test,60/40,test,10.000000,True,5095,95,11.405353,53,21,32,0.792453,0.770833,0.777778,0.666667,0.717949,0.559431,28,4,7,14,0.858631,0.799343,0.799343
linear_svm_balanced_ratio_preserved_noise_mcc_selected_v1,linear_svm_class_weight_balanced,linear_svm,C,80/20,3,heuristic_fp_10,test,70/30,test,10.000000,True,5095,95,11.500852,70,21,49,0.785714,0.751701,0.636364,0.666667,0.651163,0.496924,41,8,7,14,0.875607,0.805044,0.805044
linear_svm_balanced_ratio_preserved_noise_mcc_selected_v1,linear_svm_class_weight_balanced,linear_svm,C,80/20,3,heuristic_fp_10,test,75/25,test,10.000000,True,5095,95,11.604260,84,21,63,0.773810,0.738095,0.538462,0.666667,0.595745,0.446026,51,12,7,14,0.826153,0.585123,0.585123
linear_svm_balanced_ratio_preserved_noise_mcc_selected_v1,linear_svm_class_weight_balanced,linear_svm,C,80/20,3,heuristic_fp_10,test,80/20,test,10.000000,True,5095,95,11.714448,105,21,84,0.809524,0.755952,0.518519,0.666667,0.583333,0.468500,71,13,7,14,0.858277,0.544110,0.544110
linear_svm_balanced_ratio_preserved_noise_mcc_selected_v1,linear_svm_class_weight_balanced,linear_svm,C,80/20,3,heuristic_fp_10,test,90/10,test,10.000000,True,5095,95,11.893455,210,21,189,0.857143,0.772487,0.378378,0.666667,0.482759,0.429133,166,23,7,14,0.879567,0.473847,0.473847
linear_svm_balanced_ratio_preserved_noise_mcc_selected_v1,linear_svm_class_weight_balanced,linear_svm,C,80/20,3,heuristic_fp_20,validation_grid,80/20,valid,0.100000,False,6790,95,10.155260,95,19,76,0.747368,0.763158,0.428571,0.789474,0.555556,0.436436,56,20,4,15,0.872576,0.647841,0.647841
linear_svm_balanced_ratio_preserved_noise_mcc_selected_v1,linear_svm_class_weight_balanced,linear_svm,C,80/20,3,heuristic_fp_20,validation_grid,80/20,valid,1.000000,True,6790,95,10.824267,95,19,76,0.800000,0.796053,0.500000,0.789474,0.612245,0.509525,61,15,4,15,0.873269,0.594014,0.594014
linear_svm_balanced_ratio_preserved_noise_mcc_selected_v1,linear_svm_class_weight_balanced,linear_svm,C,80/20,3,heuristic_fp_20,validation_grid,80/20,valid,10.000000,False,6790,95,14.984589,95,19,76,0.778947,0.763158,0.466667,0.736842,0.571429,0.452911,60,16,5,14,0.846260,0.472842,0.472842
linear_svm_balanced_ratio_preserved_noise_mcc_selected_v1,linear_svm_class_weight_balanced,linear_svm,C,80/20,3,heuristic_fp_20,test,50/50,test,1.000000,True,6790,95,15.049528,42,21,21,0.809524,0.809524,0.842105,0.761905,0.800000,0.621874,18,3,5,16,0.868481,0.860640,0.860640
linear_svm_balanced_ratio_preserved_noise_mcc_selected_v1,linear_svm_class_weight_balanced,linear_svm,C,80/20,3,heuristic_fp_20,test,60/40,test,1.000000,True,6790,95,15.132476,53,21,32,0.773585,0.771577,0.695652,0.761905,0.727273,0.536023,25,7,5,16,0.840774,0.728698,0.728698
linear_svm_balanced_ratio_preserved_noise_mcc_selected_v1,linear_svm_class_weight_balanced,linear_svm,C,80/20,3,heuristic_fp_20,test,70/30,test,1.000000,True,6790,95,15.229150,70,21,49,0.771429,0.768707,0.592593,0.761905,0.666667,0.505943,38,11,5,16,0.833819,0.742629,0.742629
linear_svm_balanced_ratio_preserved_noise_mcc_selected_v1,linear_svm_class_weight_balanced,linear_svm,C,80/20,3,heuristic_fp_20,test,75/25,test,1.000000,True,6790,95,15.329459,84,21,63,0.797619,0.785714,0.571429,0.761905,0.653061,0.524891,51,12,5,16,0.814815,0.502677,0.502677
linear_svm_balanced_ratio_preserved_noise_mcc_selected_v1,linear_svm_class_weight_balanced,linear_svm,C,80/20,3,heuristic_fp_20,test,80/20,test,1.000000,True,6790,95,15.439082,105,21,84,0.771429,0.767857,0.457143,0.761905,0.571429,0.454569,65,19,5,16,0.832200,0.492516,0.492516
linear_svm_balanced_ratio_preserved_noise_mcc_selected_v1,linear_svm_class_weight_balanced,linear_svm,C,80/20,3,heuristic_fp_20,test,90/10,test,1.000000,True,6790,95,15.625111,210,21,189,0.819048,0.793651,0.326531,0.761905,0.457143,0.416573,156,33,5,16,0.865457,0.424019,0.424019
linear_svm_balanced_ratio_preserved_noise_mcc_selected_v1,linear_svm_class_weight_balanced,linear_svm,C,80/20,4,clean,validation_grid,80/20,valid,0.100000,False,3395,95,6.705414,95,19,76,0.757895,0.769737,0.441176,0.789474,0.566038,0.450142,57,19,4,15,0.835180,0.699123,0.699123
linear_svm_balanced_ratio_preserved_noise_mcc_selected_v1,linear_svm_class_weight_balanced,linear_svm,C,80/20,4,clean,validation_grid,80/20,valid,1.000000,False,3395,95,7.020888,95,19,76,0.831579,0.796053,0.560000,0.736842,0.636364,0.537853,65,11,5,14,0.847645,0.711278,0.711278
linear_svm_balanced_ratio_preserved_noise_mcc_selected_v1,linear_svm_class_weight_balanced,linear_svm,C,80/20,4,clean,validation_grid,80/20,valid,10.000000,True,3395,95,8.907361,95,19,76,0.873684,0.802632,0.684211,0.684211,0.684211,0.605263,70,6,6,13,0.836565,0.652855,0.652855
linear_svm_balanced_ratio_preserved_noise_mcc_selected_v1,linear_svm_class_weight_balanced,linear_svm,C,80/20,4,clean,test,50/50,test,10.000000,True,3395,95,8.982004,42,21,21,0.738095,0.738095,0.916667,0.523810,0.666667,0.527046,20,1,10,11,0.902494,0.915593,0.915593
linear_svm_balanced_ratio_preserved_noise_mcc_selected_v1,linear_svm_class_weight_balanced,linear_svm,C,80/20,4,clean,test,60/40,test,10.000000,True,3395,95,9.115951,53,21,32,0.792453,0.746280,0.916667,0.523810,0.666667,0.575653,31,1,10,11,0.886905,0.866946,0.866946
linear_svm_balanced_ratio_preserved_noise_mcc_selected_v1,linear_svm_class_weight_balanced,linear_svm,C,80/20,4,clean,test,70/30,test,10.000000,True,3395,95,9.211922,70,21,49,0.785714,0.710884,0.687500,0.523810,0.594595,0.460283,44,5,10,11,0.850340,0.776114,0.776114
linear_svm_balanced_ratio_preserved_noise_mcc_selected_v1,linear_svm_class_weight_balanced,linear_svm,C,80/20,4,clean,test,75/25,test,10.000000,True,3395,95,9.326837,84,21,63,0.833333,0.730159,0.733333,0.523810,0.611111,0.520436,59,4,10,11,0.870748,0.747634,0.747634
linear_svm_balanced_ratio_preserved_noise_mcc_selected_v1,linear_svm_class_weight_balanced,linear_svm,C,80/20,4,clean,test,80/20,test,10.000000,True,3395,95,9.433028,105,21,84,0.876190,0.744048,0.785714,0.523810,0.628571,0.574340,81,3,10,11,0.899660,0.780580,0.780580
linear_svm_balanced_ratio_preserved_noise_mcc_selected_v1,linear_svm_class_weight_balanced,linear_svm,C,80/20,4,clean,test,90/10,test,10.000000,True,3395,95,9.631929,210,21,189,0.833333,0.695767,0.305556,0.523810,0.385965,0.311663,164,25,10,11,0.859158,0.611801,0.611801
linear_svm_balanced_ratio_preserved_noise_mcc_selected_v1,linear_svm_class_weight_balanced,linear_svm,C,80/20,4,random_flip_10,validation_grid,80/20,valid,0.100000,False,3395,95,6.716877,95,19,76,0.747368,0.723684,0.419355,0.684211,0.520000,0.381661,58,18,6,13,0.799861,0.686276,0.686276
linear_svm_balanced_ratio_preserved_noise_mcc_selected_v1,linear_svm_class_weight_balanced,linear_svm,C,80/20,4,random_flip_10,validation_grid,80/20,valid,1.000000,True,3395,95,7.049393,95,19,76,0.800000,0.717105,0.500000,0.578947,0.536585,0.411729,65,11,8,11,0.775623,0.602974,0.602974
linear_svm_balanced_ratio_preserved_noise_mcc_selected_v1,linear_svm_class_weight_balanced,linear_svm,C,80/20,4,random_flip_10,validation_grid,80/20,valid,10.000000,False,3395,95,9.288589,95,19,76,0.789474,0.651316,0.470588,0.421053,0.444444,0.315810,67,9,11,8,0.719529,0.480000,0.480000
linear_svm_balanced_ratio_preserved_noise_mcc_selected_v1,linear_svm_class_weight_balanced,linear_svm,C,80/20,4,random_flip_10,test,50/50,test,1.000000,True,3395,95,9.360030,42,21,21,0.714286,0.714286,0.764706,0.619048,0.684211,0.436564,17,4,8,13,0.843537,0.815750,0.815750
linear_svm_balanced_ratio_preserved_noise_mcc_selected_v1,linear_svm_class_weight_balanced,linear_svm,C,80/20,4,random_flip_10,test,60/40,test,1.000000,True,3395,95,9.489045,53,21,32,0.773585,0.747024,0.764706,0.619048,0.684211,0.517699,28,4,8,13,0.851190,0.827637,0.827637
linear_svm_balanced_ratio_preserved_noise_mcc_selected_v1,linear_svm_class_weight_balanced,linear_svm,C,80/20,4,random_flip_10,test,70/30,test,1.000000,True,3395,95,9.579424,70,21,49,0.814286,0.758503,0.722222,0.619048,0.666667,0.542083,44,5,8,13,0.862002,0.796406,0.796406
linear_svm_balanced_ratio_preserved_noise_mcc_selected_v1,linear_svm_class_weight_balanced,linear_svm,C,80/20,4,random_flip_10,test,75/25,test,1.000000,True,3395,95,9.687515,84,21,63,0.773810,0.722222,0.541667,0.619048,0.577778,0.426006,52,11,8,13,0.839002,0.654921,0.654921
linear_svm_balanced_ratio_preserved_noise_mcc_selected_v1,linear_svm_class_weight_balanced,linear_svm,C,80/20,4,random_flip_10,test,80/20,test,1.000000,True,3395,95,9.788985,105,21,84,0.847619,0.761905,0.619048,0.619048,0.619048,0.523810,76,8,8,13,0.863946,0.667342,0.667342
linear_svm_balanced_ratio_preserved_noise_mcc_selected_v1,linear_svm_class_weight_balanced,linear_svm,C,80/20,4,random_flip_10,test,90/10,test,1.000000,True,3395,95,9.976504,210,21,189,0.852381,0.748677,0.361111,0.619048,0.456140,0.395896,166,23,8,13,0.840766,0.434626,0.434626
linear_svm_balanced_ratio_preserved_noise_mcc_selected_v1,linear_svm_class_weight_balanced,linear_svm,C,80/20,4,random_flip_20,validation_grid,80/20,valid,0.100000,True,3395,95,6.940985,95,19,76,0.673684,0.638158,0.323529,0.578947,0.415094,0.230561,53,23,8,11,0.710526,0.337305,0.337305
linear_svm_balanced_ratio_preserved_noise_mcc_selected_v1,linear_svm_class_weight_balanced,linear_svm,C,80/20,4,random_flip_20,validation_grid,80/20,valid,1.000000,False,3395,95,7.300123,95,19,76,0.705263,0.618421,0.333333,0.473684,0.391304,0.210042,58,18,10,9,0.633657,0.289313,0.289313
linear_svm_balanced_ratio_preserved_noise_mcc_selected_v1,linear_svm_class_weight_balanced,linear_svm,C,80/20,4,random_flip_20,validation_grid,80/20,valid,10.000000,False,3395,95,9.551295,95,19,76,0.705263,0.578947,0.304348,0.368421,0.333333,0.147442,60,16,12,7,0.614266,0.303393,0.303393
linear_svm_balanced_ratio_preserved_noise_mcc_selected_v1,linear_svm_class_weight_balanced,linear_svm,C,80/20,4,random_flip_20,test,50/50,test,0.100000,True,3395,95,9.620923,42,21,21,0.714286,0.714286,0.800000,0.571429,0.666667,0.447214,18,3,9,12,0.755102,0.810250,0.810250
linear_svm_balanced_ratio_preserved_noise_mcc_selected_v1,linear_svm_class_weight_balanced,linear_svm,C,80/20,4,random_flip_20,test,60/40,test,0.100000,True,3395,95,9.761979,53,21,32,0.698113,0.676339,0.631579,0.571429,0.600000,0.359706,25,7,9,12,0.755952,0.753566,0.753566
linear_svm_balanced_ratio_preserved_noise_mcc_selected_v1,linear_svm_class_weight_balanced,linear_svm,C,80/20,4,random_flip_20,test,70/30,test,0.100000,True,3395,95,9.856431,70,21,49,0.728571,0.683673,0.545455,0.571429,0.558140,0.362620,39,10,9,12,0.752187,0.625077,0.625077
linear_svm_balanced_ratio_preserved_noise_mcc_selected_v1,linear_svm_class_weight_balanced,linear_svm,C,80/20,4,random_flip_20,test,75/25,test,0.100000,True,3395,95,9.979553,84,21,63,0.761905,0.698413,0.521739,0.571429,0.545455,0.385346,52,11,9,12,0.759637,0.561478,0.561478
linear_svm_balanced_ratio_preserved_noise_mcc_selected_v1,linear_svm_class_weight_balanced,linear_svm,C,80/20,4,random_flip_20,test,80/20,test,0.100000,True,3395,95,10.084362,105,21,84,0.733333,0.672619,0.387097,0.571429,0.461538,0.302741,65,19,9,12,0.763039,0.629826,0.629826
linear_svm_balanced_ratio_preserved_noise_mcc_selected_v1,linear_svm_class_weight_balanced,linear_svm,C,80/20,4,random_flip_20,test,90/10,test,0.100000,True,3395,95,10.287210,210,21,189,0.742857,0.666667,0.210526,0.571429,0.307692,0.224872,144,45,9,12,0.747040,0.315905,0.315905
linear_svm_balanced_ratio_preserved_noise_mcc_selected_v1,linear_svm_class_weight_balanced,linear_svm,C,80/20,4,random_fp_10,validation_grid,80/20,valid,0.100000,False,5095,95,9.108921,95,19,76,0.757895,0.769737,0.441176,0.789474,0.566038,0.450142,57,19,4,15,0.799861,0.655681,0.655681
linear_svm_balanced_ratio_preserved_noise_mcc_selected_v1,linear_svm_class_weight_balanced,linear_svm,C,80/20,4,random_fp_10,validation_grid,80/20,valid,1.000000,False,5095,95,9.645058,95,19,76,0.800000,0.756579,0.500000,0.684211,0.577778,0.460387,63,13,6,13,0.792244,0.645510,0.645510
linear_svm_balanced_ratio_preserved_noise_mcc_selected_v1,linear_svm_class_weight_balanced,linear_svm,C,80/20,4,random_fp_10,validation_grid,80/20,valid,10.000000,True,5095,95,12.880238,95,19,76,0.810526,0.782895,0.518519,0.736842,0.608696,0.501767,63,13,5,14,0.771468,0.631754,0.631754
linear_svm_balanced_ratio_preserved_noise_mcc_selected_v1,linear_svm_class_weight_balanced,linear_svm,C,80/20,4,random_fp_10,test,50/50,test,10.000000,True,5095,95,12.959526,42,21,21,0.761905,0.761905,0.823529,0.666667,0.736842,0.533578,18,3,7,14,0.863946,0.894934,0.894934
linear_svm_balanced_ratio_preserved_noise_mcc_selected_v1,linear_svm_class_weight_balanced,linear_svm,C,80/20,4,random_fp_10,test,60/40,test,10.000000,True,5095,95,13.096213,53,21,32,0.735849,0.723958,0.666667,0.666667,0.666667,0.447917,25,7,7,14,0.813988,0.699496,0.699496
linear_svm_balanced_ratio_preserved_noise_mcc_selected_v1,linear_svm_class_weight_balanced,linear_svm,C,80/20,4,random_fp_10,test,70/30,test,10.000000,True,5095,95,13.193046,70,21,49,0.742857,0.721088,0.560000,0.666667,0.608696,0.422890,38,11,7,14,0.826045,0.659220,0.659220
linear_svm_balanced_ratio_preserved_noise_mcc_selected_v1,linear_svm_class_weight_balanced,linear_svm,C,80/20,4,random_fp_10,test,75/25,test,10.000000,True,5095,95,13.305163,84,21,63,0.833333,0.777778,0.666667,0.666667,0.666667,0.555556,56,7,7,14,0.869992,0.810243,0.810243
linear_svm_balanced_ratio_preserved_noise_mcc_selected_v1,linear_svm_class_weight_balanced,linear_svm,C,80/20,4,random_fp_10,test,80/20,test,10.000000,True,5095,95,13.404845,105,21,84,0.838095,0.773810,0.583333,0.666667,0.622222,0.521651,74,10,7,14,0.833900,0.608875,0.608875
linear_svm_balanced_ratio_preserved_noise_mcc_selected_v1,linear_svm_class_weight_balanced,linear_svm,C,80/20,4,random_fp_10,test,90/10,test,10.000000,True,5095,95,13.608315,210,21,189,0.819048,0.751323,0.311111,0.666667,0.424242,0.367497,158,31,7,14,0.835475,0.411762,0.411762
linear_svm_balanced_ratio_preserved_noise_mcc_selected_v1,linear_svm_class_weight_balanced,linear_svm,C,80/20,4,random_fp_20,validation_grid,80/20,valid,0.100000,False,6790,95,10.367098,95,19,76,0.694737,0.730263,0.375000,0.789474,0.508475,0.373101,51,25,4,15,0.813712,0.616775,0.616775
linear_svm_balanced_ratio_preserved_noise_mcc_selected_v1,linear_svm_class_weight_balanced,linear_svm,C,80/20,4,random_fp_20,validation_grid,80/20,valid,1.000000,True,6790,95,11.097136,95,19,76,0.778947,0.763158,0.466667,0.736842,0.571429,0.452911,60,16,5,14,0.811634,0.610285,0.610285
linear_svm_balanced_ratio_preserved_noise_mcc_selected_v1,linear_svm_class_weight_balanced,linear_svm,C,80/20,4,random_fp_20,validation_grid,80/20,valid,10.000000,False,6790,95,14.979073,95,19,76,0.757895,0.710526,0.428571,0.631579,0.510638,0.369406,60,16,7,12,0.797784,0.580259,0.580259
linear_svm_balanced_ratio_preserved_noise_mcc_selected_v1,linear_svm_class_weight_balanced,linear_svm,C,80/20,4,random_fp_20,test,50/50,test,1.000000,True,6790,95,15.049991,42,21,21,0.690476,0.690476,0.722222,0.619048,0.666667,0.384900,16,5,8,13,0.800454,0.846361,0.846361
linear_svm_balanced_ratio_preserved_noise_mcc_selected_v1,linear_svm_class_weight_balanced,linear_svm,C,80/20,4,random_fp_20,test,60/40,test,1.000000,True,6790,95,15.186417,53,21,32,0.735849,0.715774,0.684211,0.619048,0.650000,0.440146,26,6,8,13,0.815476,0.801200,0.801200
linear_svm_balanced_ratio_preserved_noise_mcc_selected_v1,linear_svm_class_weight_balanced,linear_svm,C,80/20,4,random_fp_20,test,70/30,test,1.000000,True,6790,95,15.285331,70,21,49,0.728571,0.697279,0.541667,0.619048,0.577778,0.380920,38,11,8,13,0.733722,0.646209,0.646209
linear_svm_balanced_ratio_preserved_noise_mcc_selected_v1,linear_svm_class_weight_balanced,linear_svm,C,80/20,4,random_fp_20,test,75/25,test,1.000000,True,6790,95,15.399948,84,21,63,0.761905,0.714286,0.520000,0.619048,0.565217,0.405889,51,12,8,13,0.808768,0.698589,0.698589
linear_svm_balanced_ratio_preserved_noise_mcc_selected_v1,linear_svm_class_weight_balanced,linear_svm,C,80/20,4,random_fp_20,test,80/20,test,1.000000,True,6790,95,15.508597,105,21,84,0.742857,0.696429,0.406250,0.619048,0.490566,0.341387,65,19,8,13,0.801587,0.572165,0.572165
linear_svm_balanced_ratio_preserved_noise_mcc_selected_v1,linear_svm_class_weight_balanced,linear_svm,C,80/20,4,random_fp_20,test,90/10,test,1.000000,True,6790,95,15.712061,210,21,189,0.771429,0.703704,0.245283,0.619048,0.351351,0.281373,149,40,8,13,0.780297,0.374187,0.374187
linear_svm_balanced_ratio_preserved_noise_mcc_selected_v1,linear_svm_class_weight_balanced,linear_svm,C,80/20,4,heuristic_fp_10,validation_grid,80/20,valid,0.100000,False,5095,95,8.890939,95,19,76,0.673684,0.717105,0.357143,0.789474,0.491803,0.349721,49,27,4,15,0.808864,0.634920,0.634920
linear_svm_balanced_ratio_preserved_noise_mcc_selected_v1,linear_svm_class_weight_balanced,linear_svm,C,80/20,4,heuristic_fp_10,validation_grid,80/20,valid,1.000000,True,5095,95,9.409816,95,19,76,0.778947,0.763158,0.466667,0.736842,0.571429,0.452911,60,16,5,14,0.816482,0.670296,0.670296
linear_svm_balanced_ratio_preserved_noise_mcc_selected_v1,linear_svm_class_weight_balanced,linear_svm,C,80/20,4,heuristic_fp_10,validation_grid,80/20,valid,10.000000,False,5095,95,12.394580,95,19,76,0.778947,0.723684,0.461538,0.631579,0.533333,0.401363,62,14,7,12,0.824792,0.665035,0.665035
linear_svm_balanced_ratio_preserved_noise_mcc_selected_v1,linear_svm_class_weight_balanced,linear_svm,C,80/20,4,heuristic_fp_10,test,50/50,test,1.000000,True,5095,95,12.465618,42,21,21,0.809524,0.809524,0.842105,0.761905,0.800000,0.621874,18,3,5,16,0.882086,0.889866,0.889866
linear_svm_balanced_ratio_preserved_noise_mcc_selected_v1,linear_svm_class_weight_balanced,linear_svm,C,80/20,4,heuristic_fp_10,test,60/40,test,1.000000,True,5095,95,12.596942,53,21,32,0.792453,0.787202,0.727273,0.761905,0.744186,0.570178,26,6,5,16,0.886905,0.848087,0.848087
linear_svm_balanced_ratio_preserved_noise_mcc_selected_v1,linear_svm_class_weight_balanced,linear_svm,C,80/20,4,heuristic_fp_10,test,70/30,test,1.000000,True,5095,95,12.694382,70,21,49,0.771429,0.768707,0.592593,0.761905,0.666667,0.505943,38,11,5,16,0.862002,0.786291,0.786291
linear_svm_balanced_ratio_preserved_noise_mcc_selected_v1,linear_svm_class_weight_balanced,linear_svm,C,80/20,4,heuristic_fp_10,test,75/25,test,1.000000,True,5095,95,12.809439,84,21,63,0.845238,0.817460,0.666667,0.761905,0.711111,0.608581,55,8,5,16,0.897203,0.701075,0.701075
linear_svm_balanced_ratio_preserved_noise_mcc_selected_v1,linear_svm_class_weight_balanced,linear_svm,C,80/20,4,heuristic_fp_10,test,80/20,test,1.000000,True,5095,95,12.923778,105,21,84,0.885714,0.839286,0.695652,0.761905,0.727273,0.656257,77,7,5,16,0.919501,0.812365,0.812365
linear_svm_balanced_ratio_preserved_noise_mcc_selected_v1,linear_svm_class_weight_balanced,linear_svm,C,80/20,4,heuristic_fp_10,test,90/10,test,1.000000,True,5095,95,13.127255,210,21,189,0.809524,0.788360,0.313725,0.761905,0.444444,0.403480,154,35,5,16,0.868229,0.445029,0.445029
linear_svm_balanced_ratio_preserved_noise_mcc_selected_v1,linear_svm_class_weight_balanced,linear_svm,C,80/20,4,heuristic_fp_20,validation_grid,80/20,valid,0.100000,False,6790,95,10.646160,95,19,76,0.663158,0.710526,0.348837,0.789474,0.483871,0.338364,48,28,4,15,0.829640,0.607413,0.607413
linear_svm_balanced_ratio_preserved_noise_mcc_selected_v1,linear_svm_class_weight_balanced,linear_svm,C,80/20,4,heuristic_fp_20,validation_grid,80/20,valid,1.000000,False,6790,95,11.279590,95,19,76,0.747368,0.723684,0.419355,0.684211,0.520000,0.381661,58,18,6,13,0.801247,0.546123,0.546123
linear_svm_balanced_ratio_preserved_noise_mcc_selected_v1,linear_svm_class_weight_balanced,linear_svm,C,80/20,4,heuristic_fp_20,validation_grid,80/20,valid,10.000000,True,6790,95,15.361511,95,19,76,0.768421,0.736842,0.448276,0.684211,0.541667,0.411435,60,16,6,13,0.783241,0.506691,0.506691
linear_svm_balanced_ratio_preserved_noise_mcc_selected_v1,linear_svm_class_weight_balanced,linear_svm,C,80/20,4,heuristic_fp_20,test,50/50,test,10.000000,True,6790,95,15.450333,42,21,21,0.809524,0.809524,1.000000,0.619048,0.764706,0.669534,21,0,8,13,0.897959,0.933888,0.933888
linear_svm_balanced_ratio_preserved_noise_mcc_selected_v1,linear_svm_class_weight_balanced,linear_svm,C,80/20,4,heuristic_fp_20,test,60/40,test,10.000000,True,6790,95,15.599309,53,21,32,0.773585,0.747024,0.764706,0.619048,0.684211,0.517699,28,4,8,13,0.793155,0.697456,0.697456
linear_svm_balanced_ratio_preserved_noise_mcc_selected_v1,linear_svm_class_weight_balanced,linear_svm,C,80/20,4,heuristic_fp_20,test,70/30,test,10.000000,True,6790,95,15.698538,70,21,49,0.771429,0.727891,0.619048,0.619048,0.619048,0.455782,41,8,8,13,0.778426,0.609206,0.609206
linear_svm_balanced_ratio_preserved_noise_mcc_selected_v1,linear_svm_class_weight_balanced,linear_svm,C,80/20,4,heuristic_fp_20,test,75/25,test,10.000000,True,6790,95,15.821833,84,21,63,0.821429,0.753968,0.650000,0.619048,0.634146,0.516398,56,7,8,13,0.845049,0.696182,0.696182
linear_svm_balanced_ratio_preserved_noise_mcc_selected_v1,linear_svm_class_weight_balanced,linear_svm,C,80/20,4,heuristic_fp_20,test,80/20,test,10.000000,True,6790,95,15.965128,105,21,84,0.876190,0.779762,0.722222,0.619048,0.666667,0.593843,79,5,8,13,0.858277,0.630673,0.630673
linear_svm_balanced_ratio_preserved_noise_mcc_selected_v1,linear_svm_class_weight_balanced,linear_svm,C,80/20,4,heuristic_fp_20,test,90/10,test,10.000000,True,6790,95,16.194884,210,21,189,0.766667,0.701058,0.240741,0.619048,0.346667,0.276015,148,41,8,13,0.772487,0.279964,0.279964
linear_svm_balanced_ratio_preserved_noise_mcc_selected_v1,linear_svm_class_weight_balanced,linear_svm,C,80/20,5,clean,validation_grid,80/20,valid,0.100000,True,3395,95,6.291632,95,19,76,0.821053,0.809211,0.535714,0.789474,0.638298,0.542565,63,13,4,15,0.858726,0.637858,0.637858
linear_svm_balanced_ratio_preserved_noise_mcc_selected_v1,linear_svm_class_weight_balanced,linear_svm,C,80/20,5,clean,validation_grid,80/20,valid,1.000000,False,3395,95,6.600919,95,19,76,0.831579,0.796053,0.560000,0.736842,0.636364,0.537853,65,11,5,14,0.862881,0.679138,0.679138
linear_svm_balanced_ratio_preserved_noise_mcc_selected_v1,linear_svm_class_weight_balanced,linear_svm,C,80/20,5,clean,validation_grid,80/20,valid,10.000000,False,3395,95,8.345978,95,19,76,0.842105,0.763158,0.600000,0.631579,0.615385,0.516398,68,8,7,12,0.873961,0.734324,0.734324
linear_svm_balanced_ratio_preserved_noise_mcc_selected_v1,linear_svm_class_weight_balanced,linear_svm,C,80/20,5,clean,test,50/50,test,0.100000,True,3395,95,8.416493,42,21,21,0.785714,0.785714,0.772727,0.809524,0.790698,0.572078,16,5,4,17,0.902494,0.917671,0.917671
linear_svm_balanced_ratio_preserved_noise_mcc_selected_v1,linear_svm_class_weight_balanced,linear_svm,C,80/20,5,clean,test,60/40,test,0.100000,True,3395,95,8.492187,53,21,32,0.830189,0.826637,0.772727,0.809524,0.790698,0.648467,27,5,4,17,0.891369,0.836843,0.836843
linear_svm_balanced_ratio_preserved_noise_mcc_selected_v1,linear_svm_class_weight_balanced,linear_svm,C,80/20,5,clean,test,70/30,test,0.100000,True,3395,95,8.573307,70,21,49,0.857143,0.843537,0.739130,0.809524,0.772727,0.670346,43,6,4,17,0.910593,0.814757,0.814757
linear_svm_balanced_ratio_preserved_noise_mcc_selected_v1,linear_svm_class_weight_balanced,linear_svm,C,80/20,5,clean,test,75/25,test,0.100000,True,3395,95,8.653805,84,21,63,0.880952,0.857143,0.739130,0.809524,0.772727,0.693622,57,6,4,17,0.921391,0.743755,0.743755
linear_svm_balanced_ratio_preserved_noise_mcc_selected_v1,linear_svm_class_weight_balanced,linear_svm,C,80/20,5,clean,test,80/20,test,0.100000,True,3395,95,8.775339,105,21,84,0.847619,0.833333,0.586207,0.809524,0.680000,0.596420,72,12,4,17,0.880385,0.622931,0.622931
linear_svm_balanced_ratio_preserved_noise_mcc_selected_v1,linear_svm_class_weight_balanced,linear_svm,C,80/20,5,clean,test,90/10,test,0.100000,True,3395,95,9.012797,210,21,189,0.871429,0.843915,0.425000,0.809524,0.557377,0.525494,166,23,4,17,0.913832,0.668883,0.668883
linear_svm_balanced_ratio_preserved_noise_mcc_selected_v1,linear_svm_class_weight_balanced,linear_svm,C,80/20,5,random_flip_10,validation_grid,80/20,valid,0.100000,True,3395,95,6.407482,95,19,76,0.800000,0.776316,0.500000,0.736842,0.595745,0.484845,62,14,5,14,0.869806,0.606757,0.606757
linear_svm_balanced_ratio_preserved_noise_mcc_selected_v1,linear_svm_class_weight_balanced,linear_svm,C,80/20,5,random_flip_10,validation_grid,80/20,valid,1.000000,False,3395,95,6.720228,95,19,76,0.768421,0.657895,0.428571,0.473684,0.450000,0.304408,64,12,10,9,0.824100,0.583721,0.583721
linear_svm_balanced_ratio_preserved_noise_mcc_selected_v1,linear_svm_class_weight_balanced,linear_svm,C,80/20,5,random_flip_10,validation_grid,80/20,valid,10.000000,False,3395,95,8.624960,95,19,76,0.789474,0.671053,0.473684,0.473684,0.473684,0.342105,66,10,10,9,0.801939,0.569934,0.569934
linear_svm_balanced_ratio_preserved_noise_mcc_selected_v1,linear_svm_class_weight_balanced,linear_svm,C,80/20,5,random_flip_10,test,50/50,test,0.100000,True,3395,95,8.699831,42,21,21,0.761905,0.761905,0.761905,0.761905,0.761905,0.523810,16,5,5,16,0.877551,0.887828,0.887828
linear_svm_balanced_ratio_preserved_noise_mcc_selected_v1,linear_svm_class_weight_balanced,linear_svm,C,80/20,5,random_flip_10,test,60/40,test,0.100000,True,3395,95,8.776181,53,21,32,0.792453,0.787202,0.727273,0.761905,0.744186,0.570178,26,6,5,16,0.866071,0.754865,0.754865
linear_svm_balanced_ratio_preserved_noise_mcc_selected_v1,linear_svm_class_weight_balanced,linear_svm,C,80/20,5,random_flip_10,test,70/30,test,0.100000,True,3395,95,8.858151,70,21,49,0.871429,0.840136,0.800000,0.761905,0.780488,0.690066,45,4,5,16,0.908649,0.788773,0.788773
linear_svm_balanced_ratio_preserved_noise_mcc_selected_v1,linear_svm_class_weight_balanced,linear_svm,C,80/20,5,random_flip_10,test,75/25,test,0.100000,True,3395,95,8.944717,84,21,63,0.892857,0.849206,0.800000,0.761905,0.780488,0.710047,59,4,5,16,0.915344,0.786744,0.786744
linear_svm_balanced_ratio_preserved_noise_mcc_selected_v1,linear_svm_class_weight_balanced,linear_svm,C,80/20,5,random_flip_10,test,80/20,test,0.100000,True,3395,95,9.073124,105,21,84,0.790476,0.779762,0.484848,0.761905,0.592593,0.482108,67,17,5,16,0.845805,0.500073,0.500073
linear_svm_balanced_ratio_preserved_noise_mcc_selected_v1,linear_svm_class_weight_balanced,linear_svm,C,80/20,5,random_flip_10,test,90/10,test,0.100000,True,3395,95,9.315841,210,21,189,0.838095,0.804233,0.355556,0.761905,0.484848,0.444865,160,29,5,16,0.882842,0.454135,0.454135
linear_svm_balanced_ratio_preserved_noise_mcc_selected_v1,linear_svm_class_weight_balanced,linear_svm,C,80/20,5,random_flip_20,validation_grid,80/20,valid,0.100000,True,3395,95,6.449511,95,19,76,0.768421,0.717105,0.444444,0.631579,0.521739,0.385077,61,15,7,12,0.801939,0.489518,0.489518
linear_svm_balanced_ratio_preserved_noise_mcc_selected_v1,linear_svm_class_weight_balanced,linear_svm,C,80/20,5,random_flip_20,validation_grid,80/20,valid,1.000000,False,3395,95,6.785439,95,19,76,0.800000,0.677632,0.500000,0.473684,0.486486,0.362620,67,9,10,9,0.704986,0.388863,0.388863
linear_svm_balanced_ratio_preserved_noise_mcc_selected_v1,linear_svm_class_weight_balanced,linear_svm,C,80/20,5,random_flip_20,validation_grid,80/20,valid,10.000000,False,3395,95,9.413580,95,19,76,0.736842,0.598684,0.350000,0.368421,0.358974,0.193649,63,13,12,7,0.672438,0.352050,0.352050
linear_svm_balanced_ratio_preserved_noise_mcc_selected_v1,linear_svm_class_weight_balanced,linear_svm,C,80/20,5,random_flip_20,test,50/50,test,0.100000,True,3395,95,9.488128,42,21,21,0.761905,0.761905,0.823529,0.666667,0.736842,0.533578,18,3,7,14,0.845805,0.851775,0.851775
linear_svm_balanced_ratio_preserved_noise_mcc_selected_v1,linear_svm_class_weight_balanced,linear_svm,C,80/20,5,random_flip_20,test,60/40,test,0.100000,True,3395,95,9.568912,53,21,32,0.754717,0.739583,0.700000,0.666667,0.682927,0.483503,26,6,7,14,0.828869,0.795597,0.795597
linear_svm_balanced_ratio_preserved_noise_mcc_selected_v1,linear_svm_class_weight_balanced,linear_svm,C,80/20,5,random_flip_20,test,70/30,test,0.100000,True,3395,95,9.651705,70,21,49,0.814286,0.772109,0.700000,0.666667,0.682927,0.552052,43,6,7,14,0.877551,0.793544,0.793544
linear_svm_balanced_ratio_preserved_noise_mcc_selected_v1,linear_svm_class_weight_balanced,linear_svm,C,80/20,5,random_flip_20,test,75/25,test,0.100000,True,3395,95,9.740505,84,21,63,0.773810,0.738095,0.538462,0.666667,0.595745,0.446026,51,12,7,14,0.827664,0.667519,0.667519
linear_svm_balanced_ratio_preserved_noise_mcc_selected_v1,linear_svm_class_weight_balanced,linear_svm,C,80/20,5,random_flip_20,test,80/20,test,0.100000,True,3395,95,9.889334,105,21,84,0.790476,0.744048,0.482759,0.666667,0.560000,0.436665,69,15,7,14,0.816327,0.558276,0.558276
linear_svm_balanced_ratio_preserved_noise_mcc_selected_v1,linear_svm_class_weight_balanced,linear_svm,C,80/20,5,random_flip_20,test,90/10,test,0.100000,True,3395,95,10.144483,210,21,189,0.800000,0.740741,0.285714,0.666667,0.400000,0.341515,154,35,7,14,0.819098,0.519811,0.519811
linear_svm_balanced_ratio_preserved_noise_mcc_selected_v1,linear_svm_class_weight_balanced,linear_svm,C,80/20,5,random_fp_10,validation_grid,80/20,valid,0.100000,True,5095,95,8.913979,95,19,76,0.778947,0.782895,0.468750,0.789474,0.588235,0.478843,59,17,4,15,0.858726,0.655618,0.655618
linear_svm_balanced_ratio_preserved_noise_mcc_selected_v1,linear_svm_class_weight_balanced,linear_svm,C,80/20,5,random_fp_10,validation_grid,80/20,valid,1.000000,False,5095,95,9.443190,95,19,76,0.789474,0.750000,0.481481,0.684211,0.565217,0.443422,62,14,6,13,0.858033,0.635225,0.635225
linear_svm_balanced_ratio_preserved_noise_mcc_selected_v1,linear_svm_class_weight_balanced,linear_svm,C,80/20,5,random_fp_10,validation_grid,80/20,valid,10.000000,False,5095,95,12.243595,95,19,76,0.821053,0.750000,0.545455,0.631579,0.585366,0.474112,66,10,7,12,0.842798,0.604131,0.604131
linear_svm_balanced_ratio_preserved_noise_mcc_selected_v1,linear_svm_class_weight_balanced,linear_svm,C,80/20,5,random_fp_10,test,50/50,test,0.100000,True,5095,95,12.316568,42,21,21,0.785714,0.785714,0.772727,0.809524,0.790698,0.572078,16,5,4,17,0.888889,0.901101,0.901101
linear_svm_balanced_ratio_preserved_noise_mcc_selected_v1,linear_svm_class_weight_balanced,linear_svm,C,80/20,5,random_fp_10,test,60/40,test,0.100000,True,5095,95,12.394121,53,21,32,0.811321,0.811012,0.739130,0.809524,0.772727,0.613857,26,6,4,17,0.886905,0.829644,0.829644
linear_svm_balanced_ratio_preserved_noise_mcc_selected_v1,linear_svm_class_weight_balanced,linear_svm,C,80/20,5,random_fp_10,test,70/30,test,0.100000,True,5095,95,12.478079,70,21,49,0.828571,0.823129,0.680000,0.809524,0.739130,0.618070,41,8,4,17,0.909621,0.844061,0.844061
linear_svm_balanced_ratio_preserved_noise_mcc_selected_v1,linear_svm_class_weight_balanced,linear_svm,C,80/20,5,random_fp_10,test,75/25,test,0.100000,True,5095,95,12.569867,84,21,63,0.892857,0.865079,0.772727,0.809524,0.790698,0.719101,58,5,4,17,0.913832,0.761331,0.761331
linear_svm_balanced_ratio_preserved_noise_mcc_selected_v1,linear_svm_class_weight_balanced,linear_svm,C,80/20,5,random_fp_10,test,80/20,test,0.100000,True,5095,95,12.702607,105,21,84,0.809524,0.809524,0.515152,0.809524,0.629630,0.533396,68,16,4,17,0.873016,0.602678,0.602678
linear_svm_balanced_ratio_preserved_noise_mcc_selected_v1,linear_svm_class_weight_balanced,linear_svm,C,80/20,5,random_fp_10,test,90/10,test,0.100000,True,5095,95,12.954661,210,21,189,0.809524,0.809524,0.320755,0.809524,0.459459,0.427540,153,36,4,17,0.892164,0.636134,0.636134
linear_svm_balanced_ratio_preserved_noise_mcc_selected_v1,linear_svm_class_weight_balanced,linear_svm,C,80/20,5,random_fp_20,validation_grid,80/20,valid,0.100000,True,6790,95,10.369188,95,19,76,0.831579,0.855263,0.548387,0.894737,0.680000,0.606168,62,14,2,17,0.891274,0.662321,0.662321
linear_svm_balanced_ratio_preserved_noise_mcc_selected_v1,linear_svm_class_weight_balanced,linear_svm,C,80/20,5,random_fp_20,validation_grid,80/20,valid,1.000000,False,6790,95,11.064855,95,19,76,0.800000,0.796053,0.500000,0.789474,0.612245,0.509525,61,15,4,15,0.885734,0.689801,0.689801
linear_svm_balanced_ratio_preserved_noise_mcc_selected_v1,linear_svm_class_weight_balanced,linear_svm,C,80/20,5,random_fp_20,validation_grid,80/20,valid,10.000000,False,6790,95,15.060680,95,19,76,0.810526,0.782895,0.518519,0.736842,0.608696,0.501767,63,13,5,14,0.853878,0.666916,0.666916
linear_svm_balanced_ratio_preserved_noise_mcc_selected_v1,linear_svm_class_weight_balanced,linear_svm,C,80/20,5,random_fp_20,test,50/50,test,0.100000,True,6790,95,15.135639,42,21,21,0.738095,0.738095,0.708333,0.809524,0.755556,0.481125,14,7,4,17,0.841270,0.866548,0.866548
linear_svm_balanced_ratio_preserved_noise_mcc_selected_v1,linear_svm_class_weight_balanced,linear_svm,C,80/20,5,random_fp_20,test,60/40,test,0.100000,True,6790,95,15.221873,53,21,32,0.811321,0.811012,0.739130,0.809524,0.772727,0.613857,26,6,4,17,0.833333,0.790843,0.790843
linear_svm_balanced_ratio_preserved_noise_mcc_selected_v1,linear_svm_class_weight_balanced,linear_svm,C,80/20,5,random_fp_20,test,70/30,test,0.100000,True,6790,95,15.302845,70,21,49,0.800000,0.802721,0.629630,0.809524,0.708333,0.569986,39,10,4,17,0.869776,0.777101,0.777101
linear_svm_balanced_ratio_preserved_noise_mcc_selected_v1,linear_svm_class_weight_balanced,linear_svm,C,80/20,5,random_fp_20,test,75/25,test,0.100000,True,6790,95,15.398484,84,21,63,0.833333,0.825397,0.629630,0.809524,0.708333,0.603398,53,10,4,17,0.865457,0.755783,0.755783
linear_svm_balanced_ratio_preserved_noise_mcc_selected_v1,linear_svm_class_weight_balanced,linear_svm,C,80/20,5,random_fp_20,test,80/20,test,0.100000,True,6790,95,15.538431,105,21,84,0.771429,0.785714,0.459459,0.809524,0.586207,0.478471,64,20,4,17,0.836168,0.652035,0.652035
linear_svm_balanced_ratio_preserved_noise_mcc_selected_v1,linear_svm_class_weight_balanced,linear_svm,C,80/20,5,random_fp_20,test,90/10,test,0.100000,True,6790,95,15.783119,210,21,189,0.771429,0.788360,0.278689,0.809524,0.414634,0.381107,145,44,4,17,0.844041,0.541902,0.541902
linear_svm_balanced_ratio_preserved_noise_mcc_selected_v1,linear_svm_class_weight_balanced,linear_svm,C,80/20,5,heuristic_fp_10,validation_grid,80/20,valid,0.100000,True,5095,95,8.677725,95,19,76,0.778947,0.782895,0.468750,0.789474,0.588235,0.478843,59,17,4,15,0.860111,0.637511,0.637511
linear_svm_balanced_ratio_preserved_noise_mcc_selected_v1,linear_svm_class_weight_balanced,linear_svm,C,80/20,5,heuristic_fp_10,validation_grid,80/20,valid,1.000000,False,5095,95,9.145169,95,19,76,0.789474,0.769737,0.482759,0.736842,0.583333,0.468579,61,15,5,14,0.862188,0.684159,0.684159
linear_svm_balanced_ratio_preserved_noise_mcc_selected_v1,linear_svm_class_weight_balanced,linear_svm,C,80/20,5,heuristic_fp_10,validation_grid,80/20,valid,10.000000,False,5095,95,11.701551,95,19,76,0.810526,0.763158,0.520000,0.684211,0.590909,0.478091,64,12,6,13,0.846260,0.684717,0.684717
linear_svm_balanced_ratio_preserved_noise_mcc_selected_v1,linear_svm_class_weight_balanced,linear_svm,C,80/20,5,heuristic_fp_10,test,50/50,test,0.100000,True,5095,95,11.773765,42,21,21,0.809524,0.809524,0.782609,0.857143,0.818182,0.621874,16,5,3,18,0.918367,0.929453,0.929453
linear_svm_balanced_ratio_preserved_noise_mcc_selected_v1,linear_svm_class_weight_balanced,linear_svm,C,80/20,5,heuristic_fp_10,test,60/40,test,0.100000,True,5095,95,11.852739,53,21,32,0.792453,0.803571,0.692308,0.857143,0.765957,0.594028,24,8,3,18,0.889881,0.829312,0.829312
linear_svm_balanced_ratio_preserved_noise_mcc_selected_v1,linear_svm_class_weight_balanced,linear_svm,C,80/20,5,heuristic_fp_10,test,70/30,test,0.100000,True,5095,95,11.937215,70,21,49,0.771429,0.795918,0.580645,0.857143,0.692308,0.546005,36,13,3,18,0.893100,0.797444,0.797444
linear_svm_balanced_ratio_preserved_noise_mcc_selected_v1,linear_svm_class_weight_balanced,linear_svm,C,80/20,5,heuristic_fp_10,test,75/25,test,0.100000,True,5095,95,12.026566,84,21,63,0.892857,0.880952,0.750000,0.857143,0.800000,0.730297,57,6,3,18,0.926682,0.738686,0.738686
linear_svm_balanced_ratio_preserved_noise_mcc_selected_v1,linear_svm_class_weight_balanced,linear_svm,C,80/20,5,heuristic_fp_10,test,80/20,test,0.100000,True,5095,95,12.160232,105,21,84,0.838095,0.845238,0.562500,0.857143,0.679245,0.600014,70,14,3,18,0.898526,0.691109,0.691109
linear_svm_balanced_ratio_preserved_noise_mcc_selected_v1,linear_svm_class_weight_balanced,linear_svm,C,80/20,5,heuristic_fp_10,test,90/10,test,0.100000,True,5095,95,12.408481,210,21,189,0.804762,0.828042,0.321429,0.857143,0.467532,0.445088,151,38,3,18,0.898463,0.493510,0.493510
linear_svm_balanced_ratio_preserved_noise_mcc_selected_v1,linear_svm_class_weight_balanced,linear_svm,C,80/20,5,heuristic_fp_20,validation_grid,80/20,valid,0.100000,False,6790,95,10.586619,95,19,76,0.736842,0.756579,0.416667,0.789474,0.545455,0.423114,55,21,4,15,0.879501,0.692396,0.692396
linear_svm_balanced_ratio_preserved_noise_mcc_selected_v1,linear_svm_class_weight_balanced,linear_svm,C,80/20,5,heuristic_fp_20,validation_grid,80/20,valid,1.000000,True,6790,95,11.281193,95,19,76,0.768421,0.756579,0.451613,0.736842,0.560000,0.437788,59,17,5,14,0.858033,0.657934,0.657934
linear_svm_balanced_ratio_preserved_noise_mcc_selected_v1,linear_svm_class_weight_balanced,linear_svm,C,80/20,5,heuristic_fp_20,validation_grid,80/20,valid,10.000000,False,6790,95,15.625059,95,19,76,0.800000,0.736842,0.500000,0.631579,0.558140,0.436051,64,12,7,12,0.852493,0.631415,0.631415
linear_svm_balanced_ratio_preserved_noise_mcc_selected_v1,linear_svm_class_weight_balanced,linear_svm,C,80/20,5,heuristic_fp_20,test,50/50,test,1.000000,True,6790,95,15.699506,42,21,21,0.833333,0.833333,0.850000,0.809524,0.829268,0.667424,18,3,4,17,0.904762,0.918206,0.918206
linear_svm_balanced_ratio_preserved_noise_mcc_selected_v1,linear_svm_class_weight_balanced,linear_svm,C,80/20,5,heuristic_fp_20,test,60/40,test,1.000000,True,6790,95,15.780714,53,21,32,0.811321,0.811012,0.739130,0.809524,0.772727,0.613857,26,6,4,17,0.889881,0.822911,0.822911
linear_svm_balanced_ratio_preserved_noise_mcc_selected_v1,linear_svm_class_weight_balanced,linear_svm,C,80/20,5,heuristic_fp_20,test,70/30,test,1.000000,True,6790,95,15.863305,70,21,49,0.800000,0.802721,0.629630,0.809524,0.708333,0.569986,39,10,4,17,0.902818,0.821138,0.821138
linear_svm_balanced_ratio_preserved_noise_mcc_selected_v1,linear_svm_class_weight_balanced,linear_svm,C,80/20,5,heuristic_fp_20,test,75/25,test,1.000000,True,6790,95,15.951252,84,21,63,0.880952,0.857143,0.739130,0.809524,0.772727,0.693622,57,6,4,17,0.928193,0.770662,0.770662
linear_svm_balanced_ratio_preserved_noise_mcc_selected_v1,linear_svm_class_weight_balanced,linear_svm,C,80/20,5,heuristic_fp_20,test,80/20,test,1.000000,True,6790,95,16.085518,105,21,84,0.838095,0.827381,0.566667,0.809524,0.666667,0.579751,71,13,4,17,0.905896,0.701926,0.701926
linear_svm_balanced_ratio_preserved_noise_mcc_selected_v1,linear_svm_class_weight_balanced,linear_svm,C,80/20,5,heuristic_fp_20,test,90/10,test,1.000000,True,6790,95,16.330295,210,21,189,0.814286,0.812169,0.326923,0.809524,0.465753,0.433941,154,35,4,17,0.897455,0.486619,0.486619
linear_svm_balanced_ratio_preserved_noise_mcc_selected_v1,linear_svm_class_weight_balanced,linear_svm,C,90/10,1,clean,validation_grid,90/10,valid,0.100000,False,6790,190,10.249671,190,19,171,0.810526,0.777778,0.311111,0.736842,0.437500,0.392023,140,31,5,14,0.864266,0.519856,0.519856
linear_svm_balanced_ratio_preserved_noise_mcc_selected_v1,linear_svm_class_weight_balanced,linear_svm,C,90/10,1,clean,validation_grid,90/10,valid,1.000000,False,6790,190,11.149196,190,19,171,0.889474,0.774854,0.461538,0.631579,0.533333,0.479842,157,14,7,12,0.861496,0.532467,0.532467
linear_svm_balanced_ratio_preserved_noise_mcc_selected_v1,linear_svm_class_weight_balanced,linear_svm,C,90/10,1,clean,validation_grid,90/10,valid,10.000000,True,6790,190,16.025244,190,19,171,0.910526,0.786550,0.545455,0.631579,0.585366,0.537327,161,10,7,12,0.837796,0.500388,0.500388
linear_svm_balanced_ratio_preserved_noise_mcc_selected_v1,linear_svm_class_weight_balanced,linear_svm,C,90/10,1,clean,test,50/50,test,10.000000,True,6790,190,16.091023,42,21,21,0.761905,0.761905,1.000000,0.523810,0.687500,0.595683,21,0,10,11,0.820862,0.864315,0.864315
linear_svm_balanced_ratio_preserved_noise_mcc_selected_v1,linear_svm_class_weight_balanced,linear_svm,C,90/10,1,clean,test,60/40,test,10.000000,True,6790,190,16.164001,53,21,32,0.754717,0.715030,0.785714,0.523810,0.628571,0.477108,29,3,10,11,0.790179,0.781396,0.781396
linear_svm_balanced_ratio_preserved_noise_mcc_selected_v1,linear_svm_class_weight_balanced,linear_svm,C,90/10,1,clean,test,70/30,test,10.000000,True,6790,190,16.245908,70,21,49,0.842857,0.751701,0.916667,0.523810,0.666667,0.612093,48,1,10,11,0.827988,0.785808,0.785808
linear_svm_balanced_ratio_preserved_noise_mcc_selected_v1,linear_svm_class_weight_balanced,linear_svm,C,90/10,1,clean,test,75/25,test,10.000000,True,6790,190,16.336481,84,21,63,0.845238,0.738095,0.785714,0.523810,0.628571,0.553283,60,3,10,11,0.818594,0.728301,0.728301
linear_svm_balanced_ratio_preserved_noise_mcc_selected_v1,linear_svm_class_weight_balanced,linear_svm,C,90/10,1,clean,test,80/20,test,10.000000,True,6790,190,16.453636,105,21,84,0.866667,0.738095,0.733333,0.523810,0.611111,0.544331,80,4,10,11,0.776077,0.556531,0.556531
linear_svm_balanced_ratio_preserved_noise_mcc_selected_v1,linear_svm_class_weight_balanced,linear_svm,C,90/10,1,clean,test,90/10,test,10.000000,True,6790,190,16.667202,210,21,189,0.900000,0.732804,0.500000,0.523810,0.511628,0.456112,178,11,10,11,0.795918,0.494125,0.494125
linear_svm_balanced_ratio_preserved_noise_mcc_selected_v1,linear_svm_class_weight_balanced,linear_svm,C,90/10,1,random_flip_10,validation_grid,90/10,valid,0.100000,False,6790,190,10.274457,190,19,171,0.773684,0.757310,0.269231,0.736842,0.394366,0.346274,133,38,5,14,0.763004,0.315242,0.315242
linear_svm_balanced_ratio_preserved_noise_mcc_selected_v1,linear_svm_class_weight_balanced,linear_svm,C,90/10,1,random_flip_10,validation_grid,90/10,valid,1.000000,True,6790,190,11.346148,190,19,171,0.842105,0.725146,0.333333,0.578947,0.423077,0.356585,149,22,8,11,0.741767,0.329686,0.329686
linear_svm_balanced_ratio_preserved_noise_mcc_selected_v1,linear_svm_class_weight_balanced,linear_svm,C,90/10,1,random_flip_10,validation_grid,90/10,valid,10.000000,False,6790,190,17.355473,190,19,171,0.863158,0.690058,0.360000,0.473684,0.409091,0.337350,155,16,10,9,0.739304,0.277508,0.277508
linear_svm_balanced_ratio_preserved_noise_mcc_selected_v1,linear_svm_class_weight_balanced,linear_svm,C,90/10,1,random_flip_10,test,50/50,test,1.000000,True,6790,190,17.420868,42,21,21,0.714286,0.714286,0.909091,0.476190,0.625000,0.487377,20,1,11,10,0.766440,0.811669,0.811669
linear_svm_balanced_ratio_preserved_noise_mcc_selected_v1,linear_svm_class_weight_balanced,linear_svm,C,90/10,1,random_flip_10,test,60/40,test,1.000000,True,6790,190,17.494812,53,21,32,0.716981,0.675595,0.714286,0.476190,0.571429,0.389611,28,4,11,10,0.718750,0.673356,0.673356
linear_svm_balanced_ratio_preserved_noise_mcc_selected_v1,linear_svm_class_weight_balanced,linear_svm,C,90/10,1,random_flip_10,test,70/30,test,1.000000,True,6790,190,17.573263,70,21,49,0.814286,0.717687,0.833333,0.476190,0.606061,0.529378,47,2,11,10,0.815355,0.721543,0.721543
linear_svm_balanced_ratio_preserved_noise_mcc_selected_v1,linear_svm_class_weight_balanced,linear_svm,C,90/10,1,random_flip_10,test,75/25,test,1.000000,True,6790,190,17.668563,84,21,63,0.833333,0.714286,0.769231,0.476190,0.588235,0.513100,60,3,11,10,0.802721,0.683942,0.683942
linear_svm_balanced_ratio_preserved_noise_mcc_selected_v1,linear_svm_class_weight_balanced,linear_svm,C,90/10,1,random_flip_10,test,80/20,test,1.000000,True,6790,190,17.800827,105,21,84,0.809524,0.684524,0.526316,0.476190,0.500000,0.383447,75,9,11,10,0.749433,0.540776,0.540776
linear_svm_balanced_ratio_preserved_noise_mcc_selected_v1,linear_svm_class_weight_balanced,linear_svm,C,90/10,1,random_flip_10,test,90/10,test,1.000000,True,6790,190,18.029409,210,21,189,0.885714,0.703704,0.434783,0.476190,0.454545,0.391367,176,13,11,10,0.766440,0.435389,0.435389
linear_svm_balanced_ratio_preserved_noise_mcc_selected_v1,linear_svm_class_weight_balanced,linear_svm,C,90/10,1,random_flip_20,validation_grid,90/10,valid,0.100000,False,6790,190,10.505541,190,19,171,0.731579,0.476608,0.078947,0.157895,0.105263,-0.035088,136,35,16,3,0.404432,0.136978,0.136978
linear_svm_balanced_ratio_preserved_noise_mcc_selected_v1,linear_svm_class_weight_balanced,linear_svm,C,90/10,1,random_flip_20,validation_grid,90/10,valid,1.000000,True,6790,190,11.413808,190,19,171,0.794737,0.535088,0.142857,0.210526,0.170213,0.059391,147,24,15,4,0.444137,0.156289,0.156289
linear_svm_balanced_ratio_preserved_noise_mcc_selected_v1,linear_svm_class_weight_balanced,linear_svm,C,90/10,1,random_flip_20,validation_grid,90/10,valid,10.000000,False,6790,190,15.580457,190,19,171,0.805263,0.517544,0.125000,0.157895,0.139535,0.031686,150,21,16,3,0.434903,0.153432,0.153432
linear_svm_balanced_ratio_preserved_noise_mcc_selected_v1,linear_svm_class_weight_balanced,linear_svm,C,90/10,1,random_flip_20,test,50/50,test,1.000000,True,6790,190,15.645462,42,21,21,0.404762,0.404762,0.166667,0.047619,0.074074,-0.272166,16,5,20,1,0.396825,0.460810,0.460810
linear_svm_balanced_ratio_preserved_noise_mcc_selected_v1,linear_svm_class_weight_balanced,linear_svm,C,90/10,1,random_flip_20,test,60/40,test,1.000000,True,6790,190,15.717812,53,21,32,0.547170,0.461310,0.200000,0.047619,0.076923,-0.129483,28,4,20,1,0.504464,0.421187,0.421187
linear_svm_balanced_ratio_preserved_noise_mcc_selected_v1,linear_svm_class_weight_balanced,linear_svm,C,90/10,1,random_flip_20,test,70/30,test,1.000000,True,6790,190,15.792647,70,21,49,0.571429,0.421769,0.090909,0.047619,0.062500,-0.197013,39,10,20,1,0.458698,0.311661,0.311661
linear_svm_balanced_ratio_preserved_noise_mcc_selected_v1,linear_svm_class_weight_balanced,linear_svm,C,90/10,1,random_flip_20,test,75/25,test,1.000000,True,6790,190,15.874183,84,21,63,0.702381,0.484127,0.166667,0.047619,0.074074,-0.053376,58,5,20,1,0.554044,0.312181,0.312181
linear_svm_balanced_ratio_preserved_noise_mcc_selected_v1,linear_svm_class_weight_balanced,linear_svm,C,90/10,1,random_flip_20,test,80/20,test,1.000000,True,6790,190,15.981651,105,21,84,0.714286,0.464286,0.090909,0.047619,0.062500,-0.093296,74,10,20,1,0.480159,0.208450,0.208450
linear_svm_balanced_ratio_preserved_noise_mcc_selected_v1,linear_svm_class_weight_balanced,linear_svm,C,90/10,1,random_flip_20,test,90/10,test,1.000000,True,6790,190,16.183591,210,21,189,0.785714,0.457672,0.038462,0.047619,0.042553,-0.077109,164,25,20,1,0.474931,0.105683,0.105683
linear_svm_balanced_ratio_preserved_noise_mcc_selected_v1,linear_svm_class_weight_balanced,linear_svm,C,90/10,1,random_fp_10,validation_grid,90/10,valid,0.100000,True,13580,190,17.790142,190,19,171,0.763158,0.751462,0.259259,0.736842,0.383562,0.334511,131,40,5,14,0.785472,0.432608,0.432608
linear_svm_balanced_ratio_preserved_noise_mcc_selected_v1,linear_svm_class_weight_balanced,linear_svm,C,90/10,1,random_fp_10,validation_grid,90/10,valid,1.000000,False,13580,190,19.988546,190,19,171,0.815789,0.710526,0.289474,0.578947,0.385965,0.315789,144,27,8,11,0.770699,0.395290,0.395290
linear_svm_balanced_ratio_preserved_noise_mcc_selected_v1,linear_svm_class_weight_balanced,linear_svm,C,90/10,1,random_fp_10,validation_grid,90/10,valid,10.000000,False,13580,190,32.521828,190,19,171,0.852632,0.660819,0.320000,0.421053,0.363636,0.285450,154,17,11,8,0.771006,0.339337,0.339337
linear_svm_balanced_ratio_preserved_noise_mcc_selected_v1,linear_svm_class_weight_balanced,linear_svm,C,90/10,1,random_fp_10,test,50/50,test,0.100000,True,13580,190,32.586057,42,21,21,0.738095,0.738095,0.750000,0.714286,0.731707,0.476731,16,5,6,15,0.823129,0.806280,0.806280
linear_svm_balanced_ratio_preserved_noise_mcc_selected_v1,linear_svm_class_weight_balanced,linear_svm,C,90/10,1,random_fp_10,test,60/40,test,0.100000,True,13580,190,32.655764,53,21,32,0.716981,0.716518,0.625000,0.714286,0.666667,0.425504,23,9,6,15,0.831845,0.800192,0.800192
linear_svm_balanced_ratio_preserved_noise_mcc_selected_v1,linear_svm_class_weight_balanced,linear_svm,C,90/10,1,random_fp_10,test,70/30,test,0.100000,True,13580,190,32.731158,70,21,49,0.828571,0.795918,0.714286,0.714286,0.714286,0.591837,43,6,6,15,0.878523,0.810912,0.810912
linear_svm_balanced_ratio_preserved_noise_mcc_selected_v1,linear_svm_class_weight_balanced,linear_svm,C,90/10,1,random_fp_10,test,75/25,test,0.100000,True,13580,190,32.817006,84,21,63,0.845238,0.801587,0.681818,0.714286,0.697674,0.594040,56,7,6,15,0.892668,0.759861,0.759861
linear_svm_balanced_ratio_preserved_noise_mcc_selected_v1,linear_svm_class_weight_balanced,linear_svm,C,90/10,1,random_fp_10,test,80/20,test,0.100000,True,13580,190,32.923775,105,21,84,0.790476,0.761905,0.483871,0.714286,0.576923,0.459331,68,16,6,15,0.839002,0.593245,0.593245
linear_svm_balanced_ratio_preserved_noise_mcc_selected_v1,linear_svm_class_weight_balanced,linear_svm,C,90/10,1,random_fp_10,test,90/10,test,0.100000,True,13580,190,33.115414,210,21,189,0.809524,0.767196,0.306122,0.714286,0.428571,0.379044,155,34,6,15,0.839002,0.452844,0.452844
linear_svm_balanced_ratio_preserved_noise_mcc_selected_v1,linear_svm_class_weight_balanced,linear_svm,C,90/10,1,random_fp_20,validation_grid,90/10,valid,0.100000,False,20370,190,25.506309,190,19,171,0.694737,0.666667,0.190476,0.631579,0.292683,0.212413,120,51,7,12,0.746999,0.259916,0.259916
linear_svm_balanced_ratio_preserved_noise_mcc_selected_v1,linear_svm_class_weight_balanced,linear_svm,C,90/10,1,random_fp_20,validation_grid,90/10,valid,1.000000,True,20370,190,28.783568,190,19,171,0.757895,0.678363,0.224490,0.578947,0.323529,0.244625,133,38,8,11,0.685749,0.211901,0.211901
linear_svm_balanced_ratio_preserved_noise_mcc_selected_v1,linear_svm_class_weight_balanced,linear_svm,C,90/10,1,random_fp_20,validation_grid,90/10,valid,10.000000,False,20370,190,36.527232,190,19,171,0.789474,0.602339,0.200000,0.368421,0.259259,0.158397,143,28,12,7,0.643890,0.187030,0.187030
linear_svm_balanced_ratio_preserved_noise_mcc_selected_v1,linear_svm_class_weight_balanced,linear_svm,C,90/10,1,random_fp_20,test,50/50,test,1.000000,True,20370,190,36.597638,42,21,21,0.571429,0.571429,0.666667,0.285714,0.400000,0.174078,18,3,15,6,0.653061,0.703824,0.703824
linear_svm_balanced_ratio_preserved_noise_mcc_selected_v1,linear_svm_class_weight_balanced,linear_svm,C,90/10,1,random_fp_20,test,60/40,test,1.000000,True,20370,190,36.677017,53,21,32,0.641509,0.580357,0.600000,0.285714,0.387097,0.200912,28,4,15,6,0.644345,0.554017,0.554017
linear_svm_balanced_ratio_preserved_noise_mcc_selected_v1,linear_svm_class_weight_balanced,linear_svm,C,90/10,1,random_fp_20,test,70/30,test,1.000000,True,20370,190,36.763473,70,21,49,0.657143,0.551020,0.400000,0.285714,0.333333,0.113961,40,9,15,6,0.655977,0.461113,0.461113
linear_svm_balanced_ratio_preserved_noise_mcc_selected_v1,linear_svm_class_weight_balanced,linear_svm,C,90/10,1,random_fp_20,test,75/25,test,1.000000,True,20370,190,36.852562,84,21,63,0.750000,0.595238,0.500000,0.285714,0.363636,0.235702,57,6,15,6,0.724112,0.463065,0.463065
linear_svm_balanced_ratio_preserved_noise_mcc_selected_v1,linear_svm_class_weight_balanced,linear_svm,C,90/10,1,random_fp_20,test,80/20,test,1.000000,True,20370,190,36.967082,105,21,84,0.771429,0.589286,0.400000,0.285714,0.333333,0.204124,75,9,15,6,0.682540,0.378107,0.378107
linear_svm_balanced_ratio_preserved_noise_mcc_selected_v1,linear_svm_class_weight_balanced,linear_svm,C,90/10,1,random_fp_20,test,90/10,test,1.000000,True,20370,190,37.189085,210,21,189,0.809524,0.576720,0.193548,0.285714,0.230769,0.129769,164,25,15,6,0.685563,0.189915,0.189915
linear_svm_balanced_ratio_preserved_noise_mcc_selected_v1,linear_svm_class_weight_balanced,linear_svm,C,90/10,1,heuristic_fp_10,validation_grid,90/10,valid,0.100000,True,13580,190,17.383340,190,19,171,0.810526,0.801170,0.319149,0.789474,0.454545,0.418793,139,32,4,15,0.866420,0.475087,0.475087
linear_svm_balanced_ratio_preserved_noise_mcc_selected_v1,linear_svm_class_weight_balanced,linear_svm,C,90/10,1,heuristic_fp_10,validation_grid,90/10,valid,1.000000,False,13580,190,19.393806,190,19,171,0.836842,0.769006,0.342105,0.684211,0.456140,0.403509,146,25,6,13,0.863958,0.504105,0.504105
linear_svm_balanced_ratio_preserved_noise_mcc_selected_v1,linear_svm_class_weight_balanced,linear_svm,C,90/10,1,heuristic_fp_10,validation_grid,90/10,valid,10.000000,False,13580,190,30.654725,190,19,171,0.852632,0.684211,0.333333,0.473684,0.391304,0.316551,153,18,10,9,0.827331,0.431495,0.431495
linear_svm_balanced_ratio_preserved_noise_mcc_selected_v1,linear_svm_class_weight_balanced,linear_svm,C,90/10,1,heuristic_fp_10,test,50/50,test,0.100000,True,13580,190,30.723096,42,21,21,0.880952,0.880952,0.900000,0.857143,0.878049,0.762770,19,2,3,18,0.934240,0.947011,0.947011
linear_svm_balanced_ratio_preserved_noise_mcc_selected_v1,linear_svm_class_weight_balanced,linear_svm,C,90/10,1,heuristic_fp_10,test,60/40,test,0.100000,True,13580,190,30.797522,53,21,32,0.867925,0.866071,0.818182,0.857143,0.837209,0.726755,28,4,3,18,0.903274,0.828070,0.828070
linear_svm_balanced_ratio_preserved_noise_mcc_selected_v1,linear_svm_class_weight_balanced,linear_svm,C,90/10,1,heuristic_fp_10,test,70/30,test,0.100000,True,13580,190,30.886784,70,21,49,0.885714,0.877551,0.782609,0.857143,0.818182,0.736717,44,5,3,18,0.946550,0.929463,0.929463
linear_svm_balanced_ratio_preserved_noise_mcc_selected_v1,linear_svm_class_weight_balanced,linear_svm,C,90/10,1,heuristic_fp_10,test,75/25,test,0.100000,True,13580,190,31.002247,84,21,63,0.904762,0.888889,0.782609,0.857143,0.818182,0.755278,58,5,3,18,0.938776,0.883460,0.883460
linear_svm_balanced_ratio_preserved_noise_mcc_selected_v1,linear_svm_class_weight_balanced,linear_svm,C,90/10,1,heuristic_fp_10,test,80/20,test,0.100000,True,13580,190,31.109694,105,21,84,0.828571,0.839286,0.545455,0.857143,0.666667,0.584685,69,15,3,18,0.900227,0.689059,0.689059
linear_svm_balanced_ratio_preserved_noise_mcc_selected_v1,linear_svm_class_weight_balanced,linear_svm,C,90/10,1,heuristic_fp_10,test,90/10,test,0.100000,True,13580,190,31.309441,210,21,189,0.852381,0.854497,0.391304,0.857143,0.537313,0.514260,161,28,3,18,0.893928,0.435620,0.435620
linear_svm_balanced_ratio_preserved_noise_mcc_selected_v1,linear_svm_class_weight_balanced,linear_svm,C,90/10,1,heuristic_fp_20,validation_grid,90/10,valid,0.100000,False,20370,190,25.197403,190,19,171,0.757895,0.771930,0.263158,0.789474,0.394737,0.356040,129,42,4,15,0.835026,0.449386,0.449386
linear_svm_balanced_ratio_preserved_noise_mcc_selected_v1,linear_svm_class_weight_balanced,linear_svm,C,90/10,1,heuristic_fp_20,validation_grid,90/10,valid,1.000000,True,20370,190,28.216562,190,19,171,0.784211,0.786550,0.288462,0.789474,0.422535,0.385624,134,37,4,15,0.843029,0.513316,0.513316
linear_svm_balanced_ratio_preserved_noise_mcc_selected_v1,linear_svm_class_weight_balanced,linear_svm,C,90/10,1,heuristic_fp_20,validation_grid,90/10,valid,10.000000,False,20370,190,36.320195,190,19,171,0.821053,0.690058,0.285714,0.526316,0.370370,0.294166,146,25,9,10,0.827024,0.382781,0.382781
linear_svm_balanced_ratio_preserved_noise_mcc_selected_v1,linear_svm_class_weight_balanced,linear_svm,C,90/10,1,heuristic_fp_20,test,50/50,test,1.000000,True,20370,190,36.413125,42,21,21,0.785714,0.785714,0.833333,0.714286,0.769231,0.577350,18,3,6,15,0.886621,0.902724,0.902724
linear_svm_balanced_ratio_preserved_noise_mcc_selected_v1,linear_svm_class_weight_balanced,linear_svm,C,90/10,1,heuristic_fp_20,test,60/40,test,1.000000,True,20370,190,36.521830,53,21,32,0.830189,0.810268,0.833333,0.714286,0.769231,0.640887,29,3,6,15,0.888393,0.843134,0.843134
linear_svm_balanced_ratio_preserved_noise_mcc_selected_v1,linear_svm_class_weight_balanced,linear_svm,C,90/10,1,heuristic_fp_20,test,70/30,test,1.000000,True,20370,190,36.610067,70,21,49,0.857143,0.816327,0.789474,0.714286,0.750000,0.651946,45,4,6,15,0.876579,0.736512,0.736512
linear_svm_balanced_ratio_preserved_noise_mcc_selected_v1,linear_svm_class_weight_balanced,linear_svm,C,90/10,1,heuristic_fp_20,test,75/25,test,1.000000,True,20370,190,36.707057,84,21,63,0.857143,0.809524,0.714286,0.714286,0.714286,0.619048,57,6,6,15,0.887377,0.738059,0.738059
linear_svm_balanced_ratio_preserved_noise_mcc_selected_v1,linear_svm_class_weight_balanced,linear_svm,C,90/10,1,heuristic_fp_20,test,80/20,test,1.000000,True,20370,190,36.826406,105,21,84,0.809524,0.773810,0.517241,0.714286,0.600000,0.489916,70,14,6,15,0.857710,0.599008,0.599008
linear_svm_balanced_ratio_preserved_noise_mcc_selected_v1,linear_svm_class_weight_balanced,linear_svm,C,90/10,1,heuristic_fp_20,test,90/10,test,1.000000,True,20370,190,37.029658,210,21,189,0.838095,0.783069,0.348837,0.714286,0.468750,0.420891,161,28,6,15,0.851600,0.349065,0.349065
linear_svm_balanced_ratio_preserved_noise_mcc_selected_v1,linear_svm_class_weight_balanced,linear_svm,C,90/10,2,clean,validation_grid,90/10,valid,0.100000,True,6790,190,10.356248,190,19,171,0.878947,0.839181,0.441176,0.789474,0.566038,0.530927,152,19,4,15,0.857495,0.477916,0.477916
linear_svm_balanced_ratio_preserved_noise_mcc_selected_v1,linear_svm_class_weight_balanced,linear_svm,C,90/10,2,clean,validation_grid,90/10,valid,1.000000,False,6790,190,11.314524,190,19,171,0.900000,0.757310,0.500000,0.578947,0.536585,0.482498,160,11,8,11,0.842721,0.425749,0.425749
linear_svm_balanced_ratio_preserved_noise_mcc_selected_v1,linear_svm_class_weight_balanced,linear_svm,C,90/10,2,clean,validation_grid,90/10,valid,10.000000,False,6790,190,16.493039,190,19,171,0.900000,0.687135,0.500000,0.421053,0.457143,0.404319,163,8,11,8,0.803940,0.362379,0.362379
linear_svm_balanced_ratio_preserved_noise_mcc_selected_v1,linear_svm_class_weight_balanced,linear_svm,C,90/10,2,clean,test,50/50,test,0.100000,True,6790,190,16.580875,42,21,21,0.857143,0.857143,0.894737,0.809524,0.850000,0.717547,19,2,4,17,0.893424,0.923201,0.923201
linear_svm_balanced_ratio_preserved_noise_mcc_selected_v1,linear_svm_class_weight_balanced,linear_svm,C,90/10,2,clean,test,60/40,test,0.100000,True,6790,190,16.653497,53,21,32,0.905660,0.889137,0.944444,0.809524,0.871795,0.803798,31,1,4,17,0.909226,0.914240,0.914240
linear_svm_balanced_ratio_preserved_noise_mcc_selected_v1,linear_svm_class_weight_balanced,linear_svm,C,90/10,2,clean,test,70/30,test,0.100000,True,6790,190,16.758268,70,21,49,0.842857,0.833333,0.708333,0.809524,0.755556,0.643623,42,7,4,17,0.865889,0.656473,0.656473
linear_svm_balanced_ratio_preserved_noise_mcc_selected_v1,linear_svm_class_weight_balanced,linear_svm,C,90/10,2,clean,test,75/25,test,0.100000,True,6790,190,16.859051,84,21,63,0.833333,0.825397,0.629630,0.809524,0.708333,0.603398,53,10,4,17,0.866969,0.744711,0.744711
linear_svm_balanced_ratio_preserved_noise_mcc_selected_v1,linear_svm_class_weight_balanced,linear_svm,C,90/10,2,clean,test,80/20,test,0.100000,True,6790,190,16.965730,105,21,84,0.838095,0.827381,0.566667,0.809524,0.666667,0.579751,71,13,4,17,0.895125,0.753960,0.753960
linear_svm_balanced_ratio_preserved_noise_mcc_selected_v1,linear_svm_class_weight_balanced,linear_svm,C,90/10,2,clean,test,90/10,test,0.100000,True,6790,190,17.158550,210,21,189,0.866667,0.841270,0.414634,0.809524,0.548387,0.516575,165,24,4,17,0.889141,0.590021,0.590021
linear_svm_balanced_ratio_preserved_noise_mcc_selected_v1,linear_svm_class_weight_balanced,linear_svm,C,90/10,2,random_flip_10,validation_grid,90/10,valid,0.100000,True,6790,190,11.049706,190,19,171,0.815789,0.687135,0.277778,0.526316,0.363636,0.286515,145,26,9,10,0.782702,0.269942,0.269942
linear_svm_balanced_ratio_preserved_noise_mcc_selected_v1,linear_svm_class_weight_balanced,linear_svm,C,90/10,2,random_flip_10,validation_grid,90/10,valid,1.000000,False,6790,190,12.075592,190,19,171,0.826316,0.552632,0.181818,0.210526,0.195122,0.098693,153,18,15,4,0.642351,0.152955,0.152955
linear_svm_balanced_ratio_preserved_noise_mcc_selected_v1,linear_svm_class_weight_balanced,linear_svm,C,90/10,2,random_flip_10,validation_grid,90/10,valid,10.000000,False,6790,190,18.993596,190,19,171,0.836842,0.488304,0.071429,0.052632,0.060606,-0.026861,158,13,18,1,0.556171,0.115541,0.115541
linear_svm_balanced_ratio_preserved_noise_mcc_selected_v1,linear_svm_class_weight_balanced,linear_svm,C,90/10,2,random_flip_10,test,50/50,test,0.100000,True,6790,190,19.082288,42,21,21,0.714286,0.714286,0.764706,0.619048,0.684211,0.436564,17,4,8,13,0.736961,0.794656,0.794656
linear_svm_balanced_ratio_preserved_noise_mcc_selected_v1,linear_svm_class_weight_balanced,linear_svm,C,90/10,2,random_flip_10,test,60/40,test,0.100000,True,6790,190,19.169490,53,21,32,0.811321,0.778274,0.866667,0.619048,0.722222,0.604296,30,2,8,13,0.761905,0.790868,0.790868
linear_svm_balanced_ratio_preserved_noise_mcc_selected_v1,linear_svm_class_weight_balanced,linear_svm,C,90/10,2,random_flip_10,test,70/30,test,0.100000,True,6790,190,19.282791,70,21,49,0.771429,0.727891,0.619048,0.619048,0.619048,0.455782,41,8,8,13,0.788144,0.666652,0.666652
linear_svm_balanced_ratio_preserved_noise_mcc_selected_v1,linear_svm_class_weight_balanced,linear_svm,C,90/10,2,random_flip_10,test,75/25,test,0.100000,True,6790,190,19.394526,84,21,63,0.773810,0.722222,0.541667,0.619048,0.577778,0.426006,52,11,8,13,0.771731,0.625071,0.625071
linear_svm_balanced_ratio_preserved_noise_mcc_selected_v1,linear_svm_class_weight_balanced,linear_svm,C,90/10,2,random_flip_10,test,80/20,test,0.100000,True,6790,190,19.496004,105,21,84,0.809524,0.738095,0.520000,0.619048,0.565217,0.447214,72,12,8,13,0.787982,0.598360,0.598360
linear_svm_balanced_ratio_preserved_noise_mcc_selected_v1,linear_svm_class_weight_balanced,linear_svm,C,90/10,2,random_flip_10,test,90/10,test,0.100000,True,6790,190,19.678672,210,21,189,0.814286,0.727513,0.295455,0.619048,0.400000,0.335426,158,31,8,13,0.767448,0.381526,0.381526
linear_svm_balanced_ratio_preserved_noise_mcc_selected_v1,linear_svm_class_weight_balanced,linear_svm,C,90/10,2,random_flip_20,validation_grid,90/10,valid,0.100000,False,6790,190,10.847984,190,19,171,0.800000,0.467836,0.047619,0.052632,0.050000,-0.061549,151,20,18,1,0.485688,0.108892,0.108892
linear_svm_balanced_ratio_preserved_noise_mcc_selected_v1,linear_svm_class_weight_balanced,linear_svm,C,90/10,2,random_flip_20,validation_grid,90/10,valid,1.000000,False,6790,190,11.753768,190,19,171,0.805263,0.470760,0.050000,0.052632,0.051282,-0.057166,152,19,18,1,0.439828,0.099252,0.099252
linear_svm_balanced_ratio_preserved_noise_mcc_selected_v1,linear_svm_class_weight_balanced,linear_svm,C,90/10,2,random_flip_20,validation_grid,90/10,valid,10.000000,True,6790,190,14.065289,190,19,171,0.810526,0.473684,0.052632,0.052632,0.052632,-0.052632,153,18,18,1,0.464451,0.106785,0.106785
linear_svm_balanced_ratio_preserved_noise_mcc_selected_v1,linear_svm_class_weight_balanced,linear_svm,C,90/10,2,random_flip_20,test,50/50,test,10.000000,True,6790,190,14.160171,42,21,21,0.476190,0.476190,0.333333,0.047619,0.083333,-0.092450,19,2,20,1,0.442177,0.478619,0.478619
linear_svm_balanced_ratio_preserved_noise_mcc_selected_v1,linear_svm_class_weight_balanced,linear_svm,C,90/10,2,random_flip_20,test,60/40,test,10.000000,True,6790,190,14.240133,53,21,32,0.566038,0.476935,0.250000,0.047619,0.080000,-0.085418,29,3,20,1,0.430060,0.365261,0.365261
linear_svm_balanced_ratio_preserved_noise_mcc_selected_v1,linear_svm_class_weight_balanced,linear_svm,C,90/10,2,random_flip_20,test,70/30,test,10.000000,True,6790,190,14.355044,70,21,49,0.614286,0.452381,0.125000,0.047619,0.068966,-0.137176,42,7,20,1,0.307094,0.232915,0.232915
linear_svm_balanced_ratio_preserved_noise_mcc_selected_v1,linear_svm_class_weight_balanced,linear_svm,C,90/10,2,random_flip_20,test,75/25,test,10.000000,True,6790,190,14.469267,84,21,63,0.678571,0.468254,0.125000,0.047619,0.068966,-0.093659,56,7,20,1,0.366591,0.205729,0.205729
linear_svm_balanced_ratio_preserved_noise_mcc_selected_v1,linear_svm_class_weight_balanced,linear_svm,C,90/10,2,random_flip_20,test,80/20,test,10.000000,True,6790,190,14.576358,105,21,84,0.752381,0.488095,0.142857,0.047619,0.071429,-0.038180,78,6,20,1,0.408163,0.175921,0.175921
linear_svm_balanced_ratio_preserved_noise_mcc_selected_v1,linear_svm_class_weight_balanced,linear_svm,C,90/10,2,random_flip_20,test,90/10,test,10.000000,True,6790,190,14.769603,210,21,189,0.819048,0.476190,0.052632,0.047619,0.050000,-0.049800,171,18,20,1,0.389771,0.084167,0.084167
linear_svm_balanced_ratio_preserved_noise_mcc_selected_v1,linear_svm_class_weight_balanced,linear_svm,C,90/10,2,random_fp_10,validation_grid,90/10,valid,0.100000,True,13580,190,18.264304,190,19,171,0.773684,0.733918,0.260000,0.684211,0.376812,0.318728,134,37,6,13,0.798092,0.412662,0.412662
linear_svm_balanced_ratio_preserved_noise_mcc_selected_v1,linear_svm_class_weight_balanced,linear_svm,C,90/10,2,random_fp_10,validation_grid,90/10,valid,1.000000,False,13580,190,20.541206,190,19,171,0.800000,0.701754,0.268293,0.578947,0.366667,0.294268,141,30,8,11,0.738689,0.317963,0.317963
linear_svm_balanced_ratio_preserved_noise_mcc_selected_v1,linear_svm_class_weight_balanced,linear_svm,C,90/10,2,random_fp_10,validation_grid,90/10,valid,10.000000,False,13580,190,33.982390,190,19,171,0.810526,0.637427,0.242424,0.421053,0.307692,0.217656,146,25,11,8,0.724531,0.297786,0.297786
linear_svm_balanced_ratio_preserved_noise_mcc_selected_v1,linear_svm_class_weight_balanced,linear_svm,C,90/10,2,random_fp_10,test,50/50,test,0.100000,True,13580,190,34.071924,42,21,21,0.833333,0.833333,0.937500,0.714286,0.810811,0.686406,20,1,6,15,0.784580,0.870022,0.870022
linear_svm_balanced_ratio_preserved_noise_mcc_selected_v1,linear_svm_class_weight_balanced,linear_svm,C,90/10,2,random_fp_10,test,60/40,test,0.100000,True,13580,190,34.154784,53,21,32,0.830189,0.810268,0.833333,0.714286,0.769231,0.640887,29,3,6,15,0.873512,0.872654,0.872654
linear_svm_balanced_ratio_preserved_noise_mcc_selected_v1,linear_svm_class_weight_balanced,linear_svm,C,90/10,2,random_fp_10,test,70/30,test,0.100000,True,13580,190,34.275172,70,21,49,0.771429,0.755102,0.600000,0.714286,0.652174,0.487950,39,10,6,15,0.793975,0.659171,0.659171
linear_svm_balanced_ratio_preserved_noise_mcc_selected_v1,linear_svm_class_weight_balanced,linear_svm,C,90/10,2,random_fp_10,test,75/25,test,0.100000,True,13580,190,34.401224,84,21,63,0.738095,0.730159,0.483871,0.714286,0.576923,0.413065,47,16,6,15,0.774754,0.689558,0.689558
linear_svm_balanced_ratio_preserved_noise_mcc_selected_v1,linear_svm_class_weight_balanced,linear_svm,C,90/10,2,random_fp_10,test,80/20,test,0.100000,True,13580,190,34.512825,105,21,84,0.809524,0.773810,0.517241,0.714286,0.600000,0.489916,70,14,6,15,0.823129,0.706520,0.706520
linear_svm_balanced_ratio_preserved_noise_mcc_selected_v1,linear_svm_class_weight_balanced,linear_svm,C,90/10,2,random_fp_10,test,90/10,test,0.100000,True,13580,190,34.722341,210,21,189,0.780952,0.751323,0.272727,0.714286,0.394737,0.342969,149,40,6,15,0.809524,0.519037,0.519037
linear_svm_balanced_ratio_preserved_noise_mcc_selected_v1,linear_svm_class_weight_balanced,linear_svm,C,90/10,2,random_fp_20,validation_grid,90/10,valid,0.100000,True,20370,190,26.656278,190,19,171,0.773684,0.757310,0.269231,0.736842,0.394366,0.346274,133,38,5,14,0.777778,0.458477,0.458477
linear_svm_balanced_ratio_preserved_noise_mcc_selected_v1,linear_svm_class_weight_balanced,linear_svm,C,90/10,2,random_fp_20,validation_grid,90/10,valid,1.000000,False,20370,190,30.075855,190,19,171,0.778947,0.690058,0.244444,0.578947,0.343750,0.268227,137,34,8,11,0.716528,0.286849,0.286849
linear_svm_balanced_ratio_preserved_noise_mcc_selected_v1,linear_svm_class_weight_balanced,linear_svm,C,90/10,2,random_fp_20,validation_grid,90/10,valid,10.000000,False,20370,190,38.568222,190,19,171,0.789474,0.672515,0.243902,0.526316,0.333333,0.251620,140,31,9,10,0.663897,0.208984,0.208984
linear_svm_balanced_ratio_preserved_noise_mcc_selected_v1,linear_svm_class_weight_balanced,linear_svm,C,90/10,2,random_fp_20,test,50/50,test,0.100000,True,20370,190,38.671265,42,21,21,0.714286,0.714286,0.764706,0.619048,0.684211,0.436564,17,4,8,13,0.818594,0.847714,0.847714
linear_svm_balanced_ratio_preserved_noise_mcc_selected_v1,linear_svm_class_weight_balanced,linear_svm,C,90/10,2,random_fp_20,test,60/40,test,0.100000,True,20370,190,38.753134,53,21,32,0.698113,0.684524,0.619048,0.619048,0.619048,0.369048,24,8,8,13,0.794643,0.794445,0.794445
linear_svm_balanced_ratio_preserved_noise_mcc_selected_v1,linear_svm_class_weight_balanced,linear_svm,C,90/10,2,random_fp_20,test,70/30,test,0.100000,True,20370,190,38.872736,70,21,49,0.657143,0.646259,0.448276,0.619048,0.520000,0.272125,33,16,8,13,0.752187,0.603690,0.603690
linear_svm_balanced_ratio_preserved_noise_mcc_selected_v1,linear_svm_class_weight_balanced,linear_svm,C,90/10,2,random_fp_20,test,75/25,test,0.100000,True,20370,190,38.979051,84,21,63,0.702381,0.674603,0.433333,0.619048,0.509804,0.315576,46,17,8,13,0.781557,0.621616,0.621616
linear_svm_balanced_ratio_preserved_noise_mcc_selected_v1,linear_svm_class_weight_balanced,linear_svm,C,90/10,2,random_fp_20,test,80/20,test,0.100000,True,20370,190,39.086168,105,21,84,0.733333,0.690476,0.393939,0.619048,0.481481,0.328244,64,20,8,13,0.793651,0.578424,0.578424
linear_svm_balanced_ratio_preserved_noise_mcc_selected_v1,linear_svm_class_weight_balanced,linear_svm,C,90/10,2,random_fp_20,test,90/10,test,0.100000,True,20370,190,39.280129,210,21,189,0.757143,0.695767,0.232143,0.619048,0.337662,0.265617,146,43,8,13,0.774754,0.384101,0.384101
linear_svm_balanced_ratio_preserved_noise_mcc_selected_v1,linear_svm_class_weight_balanced,linear_svm,C,90/10,2,heuristic_fp_10,validation_grid,90/10,valid,0.100000,False,13580,190,18.339793,190,19,171,0.831579,0.836257,0.355556,0.842105,0.500000,0.474555,142,29,3,16,0.881194,0.558317,0.558317
linear_svm_balanced_ratio_preserved_noise_mcc_selected_v1,linear_svm_class_weight_balanced,linear_svm,C,90/10,2,heuristic_fp_10,validation_grid,90/10,valid,1.000000,True,13580,190,20.172320,190,19,171,0.894737,0.824561,0.482759,0.736842,0.583333,0.541489,156,15,5,14,0.883349,0.555475,0.555475
linear_svm_balanced_ratio_preserved_noise_mcc_selected_v1,linear_svm_class_weight_balanced,linear_svm,C,90/10,2,heuristic_fp_10,validation_grid,90/10,valid,10.000000,False,13580,190,31.077085,190,19,171,0.878947,0.698830,0.409091,0.473684,0.439024,0.372839,158,13,10,9,0.867036,0.560421,0.560421
linear_svm_balanced_ratio_preserved_noise_mcc_selected_v1,linear_svm_class_weight_balanced,linear_svm,C,90/10,2,heuristic_fp_10,test,50/50,test,1.000000,True,13580,190,31.179275,42,21,21,0.785714,0.785714,0.833333,0.714286,0.769231,0.577350,18,3,6,15,0.861678,0.878013,0.878013
linear_svm_balanced_ratio_preserved_noise_mcc_selected_v1,linear_svm_class_weight_balanced,linear_svm,C,90/10,2,heuristic_fp_10,test,60/40,test,1.000000,True,13580,190,31.259673,53,21,32,0.830189,0.810268,0.833333,0.714286,0.769231,0.640887,29,3,6,15,0.848214,0.775228,0.775228
linear_svm_balanced_ratio_preserved_noise_mcc_selected_v1,linear_svm_class_weight_balanced,linear_svm,C,90/10,2,heuristic_fp_10,test,70/30,test,1.000000,True,13580,190,31.375265,70,21,49,0.800000,0.775510,0.652174,0.714286,0.681818,0.537604,41,8,6,15,0.845481,0.639594,0.639594
linear_svm_balanced_ratio_preserved_noise_mcc_selected_v1,linear_svm_class_weight_balanced,linear_svm,C,90/10,2,heuristic_fp_10,test,75/25,test,1.000000,True,13580,190,31.471947,84,21,63,0.833333,0.793651,0.652174,0.714286,0.681818,0.570312,55,8,6,15,0.834467,0.636291,0.636291
linear_svm_balanced_ratio_preserved_noise_mcc_selected_v1,linear_svm_class_weight_balanced,linear_svm,C,90/10,2,heuristic_fp_10,test,80/20,test,1.000000,True,13580,190,31.574468,105,21,84,0.876190,0.815476,0.681818,0.714286,0.697674,0.620148,77,7,6,15,0.895125,0.790405,0.790405
linear_svm_balanced_ratio_preserved_noise_mcc_selected_v1,linear_svm_class_weight_balanced,linear_svm,C,90/10,2,heuristic_fp_10,test,90/10,test,1.000000,True,13580,190,31.771829,210,21,189,0.857143,0.793651,0.384615,0.714286,0.500000,0.453076,165,24,6,15,0.868985,0.486820,0.486820
linear_svm_balanced_ratio_preserved_noise_mcc_selected_v1,linear_svm_class_weight_balanced,linear_svm,C,90/10,2,heuristic_fp_20,validation_grid,90/10,valid,0.100000,False,20370,190,26.521033,190,19,171,0.821053,0.807018,0.333333,0.789474,0.468750,0.433289,141,30,4,15,0.868575,0.553978,0.553978
linear_svm_balanced_ratio_preserved_noise_mcc_selected_v1,linear_svm_class_weight_balanced,linear_svm,C,90/10,2,heuristic_fp_20,validation_grid,90/10,valid,1.000000,False,20370,190,29.617167,190,19,171,0.842105,0.795322,0.358974,0.736842,0.482759,0.438712,146,25,5,14,0.851647,0.572173,0.572173
linear_svm_balanced_ratio_preserved_noise_mcc_selected_v1,linear_svm_class_weight_balanced,linear_svm,C,90/10,2,heuristic_fp_20,validation_grid,90/10,valid,10.000000,True,20370,190,36.179096,190,19,171,0.884211,0.795322,0.448276,0.684211,0.541667,0.492706,155,16,6,13,0.841182,0.573604,0.573604
linear_svm_balanced_ratio_preserved_noise_mcc_selected_v1,linear_svm_class_weight_balanced,linear_svm,C,90/10,2,heuristic_fp_20,test,50/50,test,10.000000,True,20370,190,36.278053,42,21,21,0.666667,0.666667,0.769231,0.476190,0.588235,0.360518,18,3,11,10,0.698413,0.688990,0.688990
linear_svm_balanced_ratio_preserved_noise_mcc_selected_v1,linear_svm_class_weight_balanced,linear_svm,C,90/10,2,heuristic_fp_20,test,60/40,test,10.000000,True,20370,190,36.367808,53,21,32,0.660377,0.628720,0.588235,0.476190,0.526316,0.269765,25,7,11,10,0.747024,0.610930,0.610930
linear_svm_balanced_ratio_preserved_noise_mcc_selected_v1,linear_svm_class_weight_balanced,linear_svm,C,90/10,2,heuristic_fp_20,test,70/30,test,10.000000,True,20370,190,36.489791,70,21,49,0.714286,0.646259,0.526316,0.476190,0.500000,0.301437,40,9,11,10,0.728863,0.516967,0.516967
linear_svm_balanced_ratio_preserved_noise_mcc_selected_v1,linear_svm_class_weight_balanced,linear_svm,C,90/10,2,heuristic_fp_20,test,75/25,test,10.000000,True,20370,190,36.599066,84,21,63,0.821429,0.706349,0.714286,0.476190,0.571429,0.479512,59,4,11,10,0.777022,0.569736,0.569736
linear_svm_balanced_ratio_preserved_noise_mcc_selected_v1,linear_svm_class_weight_balanced,linear_svm,C,90/10,2,heuristic_fp_20,test,80/20,test,10.000000,True,20370,190,36.707044,105,21,84,0.847619,0.708333,0.666667,0.476190,0.555556,0.476290,79,5,11,10,0.805556,0.579956,0.579956
linear_svm_balanced_ratio_preserved_noise_mcc_selected_v1,linear_svm_class_weight_balanced,linear_svm,C,90/10,2,heuristic_fp_20,test,90/10,test,10.000000,True,20370,190,36.892734,210,21,189,0.823810,0.669312,0.277778,0.476190,0.350877,0.269546,163,26,11,10,0.774502,0.245178,0.245178
linear_svm_balanced_ratio_preserved_noise_mcc_selected_v1,linear_svm_class_weight_balanced,linear_svm,C,90/10,3,clean,validation_grid,90/10,valid,0.100000,False,6790,190,10.543590,190,19,171,0.878947,0.839181,0.441176,0.789474,0.566038,0.530927,152,19,4,15,0.858110,0.579355,0.579355
linear_svm_balanced_ratio_preserved_noise_mcc_selected_v1,linear_svm_class_weight_balanced,linear_svm,C,90/10,3,clean,validation_grid,90/10,valid,1.000000,True,6790,190,11.490675,190,19,171,0.915789,0.789474,0.571429,0.631579,0.600000,0.553938,162,9,7,12,0.850723,0.540773,0.540773
linear_svm_balanced_ratio_preserved_noise_mcc_selected_v1,linear_svm_class_weight_balanced,linear_svm,C,90/10,3,clean,validation_grid,90/10,valid,10.000000,False,6790,190,19.023856,190,19,171,0.910526,0.716374,0.562500,0.473684,0.514286,0.467494,164,7,10,9,0.835026,0.511662,0.511662
linear_svm_balanced_ratio_preserved_noise_mcc_selected_v1,linear_svm_class_weight_balanced,linear_svm,C,90/10,3,clean,test,50/50,test,1.000000,True,6790,190,19.093457,42,21,21,0.738095,0.738095,0.916667,0.523810,0.666667,0.527046,20,1,10,11,0.845805,0.855582,0.855582
linear_svm_balanced_ratio_preserved_noise_mcc_selected_v1,linear_svm_class_weight_balanced,linear_svm,C,90/10,3,clean,test,60/40,test,1.000000,True,6790,190,19.183371,53,21,32,0.792453,0.746280,0.916667,0.523810,0.666667,0.575653,31,1,10,11,0.855655,0.755654,0.755654
linear_svm_balanced_ratio_preserved_noise_mcc_selected_v1,linear_svm_class_weight_balanced,linear_svm,C,90/10,3,clean,test,70/30,test,1.000000,True,6790,190,19.285945,70,21,49,0.828571,0.741497,0.846154,0.523810,0.647059,0.569167,47,2,10,11,0.853256,0.787573,0.787573
linear_svm_balanced_ratio_preserved_noise_mcc_selected_v1,linear_svm_class_weight_balanced,linear_svm,C,90/10,3,clean,test,75/25,test,1.000000,True,6790,190,19.391310,84,21,63,0.797619,0.706349,0.611111,0.523810,0.564103,0.435516,56,7,10,11,0.838246,0.615783,0.615783
linear_svm_balanced_ratio_preserved_noise_mcc_selected_v1,linear_svm_class_weight_balanced,linear_svm,C,90/10,3,clean,test,80/20,test,1.000000,True,6790,190,19.506243,105,21,84,0.819048,0.708333,0.550000,0.523810,0.536585,0.424437,75,9,10,11,0.833333,0.568352,0.568352
linear_svm_balanced_ratio_preserved_noise_mcc_selected_v1,linear_svm_class_weight_balanced,linear_svm,C,90/10,3,clean,test,90/10,test,1.000000,True,6790,190,19.695748,210,21,189,0.900000,0.732804,0.500000,0.523810,0.511628,0.456112,178,11,10,11,0.863442,0.526825,0.526825
linear_svm_balanced_ratio_preserved_noise_mcc_selected_v1,linear_svm_class_weight_balanced,linear_svm,C,90/10,3,random_flip_10,validation_grid,90/10,valid,0.100000,True,6790,190,10.549186,190,19,171,0.857895,0.780702,0.382353,0.684211,0.490566,0.439388,150,21,6,13,0.833795,0.558216,0.558216
linear_svm_balanced_ratio_preserved_noise_mcc_selected_v1,linear_svm_class_weight_balanced,linear_svm,C,90/10,3,random_flip_10,validation_grid,90/10,valid,1.000000,False,6790,190,11.648751,190,19,171,0.842105,0.654971,0.296296,0.421053,0.347826,0.266305,152,19,11,8,0.723607,0.396083,0.396083
linear_svm_balanced_ratio_preserved_noise_mcc_selected_v1,linear_svm_class_weight_balanced,linear_svm,C,90/10,3,random_flip_10,validation_grid,90/10,valid,10.000000,False,6790,190,17.845082,190,19,171,0.842105,0.654971,0.296296,0.421053,0.347826,0.266305,152,19,11,8,0.667898,0.408283,0.408283
linear_svm_balanced_ratio_preserved_noise_mcc_selected_v1,linear_svm_class_weight_balanced,linear_svm,C,90/10,3,random_flip_10,test,50/50,test,0.100000,True,6790,190,17.915265,42,21,21,0.714286,0.714286,0.846154,0.523810,0.647059,0.463524,19,2,10,11,0.718821,0.762392,0.762392
linear_svm_balanced_ratio_preserved_noise_mcc_selected_v1,linear_svm_class_weight_balanced,linear_svm,C,90/10,3,random_flip_10,test,60/40,test,0.100000,True,6790,190,18.008851,53,21,32,0.698113,0.668155,0.647059,0.523810,0.578947,0.352410,26,6,10,11,0.688988,0.575190,0.575190
linear_svm_balanced_ratio_preserved_noise_mcc_selected_v1,linear_svm_class_weight_balanced,linear_svm,C,90/10,3,random_flip_10,test,70/30,test,0.100000,True,6790,190,18.109979,70,21,49,0.685714,0.639456,0.478261,0.523810,0.500000,0.272121,37,12,10,11,0.705539,0.620885,0.620885
linear_svm_balanced_ratio_preserved_noise_mcc_selected_v1,linear_svm_class_weight_balanced,linear_svm,C,90/10,3,random_flip_10,test,75/25,test,0.100000,True,6790,190,18.219182,84,21,63,0.726190,0.658730,0.458333,0.523810,0.488889,0.304290,50,13,10,11,0.745276,0.525979,0.525979
linear_svm_balanced_ratio_preserved_noise_mcc_selected_v1,linear_svm_class_weight_balanced,linear_svm,C,90/10,3,random_flip_10,test,80/20,test,0.100000,True,6790,190,18.338707,105,21,84,0.742857,0.660714,0.392857,0.523810,0.448980,0.290743,67,17,10,11,0.742063,0.476474,0.476474
linear_svm_balanced_ratio_preserved_noise_mcc_selected_v1,linear_svm_class_weight_balanced,linear_svm,C,90/10,3,random_flip_10,test,90/10,test,0.100000,True,6790,190,18.533235,210,21,189,0.842857,0.701058,0.323529,0.523810,0.400000,0.327489,166,23,10,11,0.755354,0.375630,0.375630
linear_svm_balanced_ratio_preserved_noise_mcc_selected_v1,linear_svm_class_weight_balanced,linear_svm,C,90/10,3,random_flip_20,validation_grid,90/10,valid,0.100000,False,6790,190,10.754306,190,19,171,0.736842,0.479532,0.081081,0.157895,0.107143,-0.031012,137,34,16,3,0.417667,0.100540,0.100540
linear_svm_balanced_ratio_preserved_noise_mcc_selected_v1,linear_svm_class_weight_balanced,linear_svm,C,90/10,3,random_flip_20,validation_grid,90/10,valid,1.000000,False,6790,190,11.408340,190,19,171,0.794737,0.511696,0.115385,0.157895,0.133333,0.020419,148,23,16,3,0.525085,0.132704,0.132704
linear_svm_balanced_ratio_preserved_noise_mcc_selected_v1,linear_svm_class_weight_balanced,linear_svm,C,90/10,3,random_flip_20,validation_grid,90/10,valid,10.000000,True,6790,190,13.005755,190,19,171,0.826316,0.552632,0.181818,0.210526,0.195122,0.098693,153,18,15,4,0.560788,0.133262,0.133262
linear_svm_balanced_ratio_preserved_noise_mcc_selected_v1,linear_svm_class_weight_balanced,linear_svm,C,90/10,3,random_flip_20,test,50/50,test,10.000000,True,6790,190,13.071087,42,21,21,0.428571,0.428571,0.000000,0.000000,0.000000,-0.277350,18,3,21,0,0.510204,0.503789,0.503789
linear_svm_balanced_ratio_preserved_noise_mcc_selected_v1,linear_svm_class_weight_balanced,linear_svm,C,90/10,3,random_flip_20,test,60/40,test,10.000000,True,6790,190,13.157424,53,21,32,0.566038,0.468750,0.000000,0.000000,0.000000,-0.160422,30,2,21,0,0.599702,0.453948,0.453948
linear_svm_balanced_ratio_preserved_noise_mcc_selected_v1,linear_svm_class_weight_balanced,linear_svm,C,90/10,3,random_flip_20,test,70/30,test,10.000000,True,6790,190,13.253611,70,21,49,0.642857,0.459184,0.000000,0.000000,0.000000,-0.161165,45,4,21,0,0.510204,0.302164,0.302164
linear_svm_balanced_ratio_preserved_noise_mcc_selected_v1,linear_svm_class_weight_balanced,linear_svm,C,90/10,3,random_flip_20,test,75/25,test,10.000000,True,6790,190,13.355085,84,21,63,0.642857,0.428571,0.000000,0.000000,0.000000,-0.200000,54,9,21,0,0.478458,0.233451,0.233451
linear_svm_balanced_ratio_preserved_noise_mcc_selected_v1,linear_svm_class_weight_balanced,linear_svm,C,90/10,3,random_flip_20,test,80/20,test,10.000000,True,6790,190,13.467381,105,21,84,0.685714,0.428571,0.000000,0.000000,0.000000,-0.179605,72,12,21,0,0.516440,0.198794,0.198794
linear_svm_balanced_ratio_preserved_noise_mcc_selected_v1,linear_svm_class_weight_balanced,linear_svm,C,90/10,3,random_flip_20,test,90/10,test,10.000000,True,6790,190,13.636609,210,21,189,0.780952,0.433862,0.000000,0.000000,0.000000,-0.122536,164,25,21,0,0.459562,0.089744,0.089744
linear_svm_balanced_ratio_preserved_noise_mcc_selected_v1,linear_svm_class_weight_balanced,linear_svm,C,90/10,3,random_fp_10,validation_grid,90/10,valid,0.100000,False,13580,190,18.487769,190,19,171,0.773684,0.757310,0.269231,0.736842,0.394366,0.346274,133,38,5,14,0.852878,0.513411,0.513411
linear_svm_balanced_ratio_preserved_noise_mcc_selected_v1,linear_svm_class_weight_balanced,linear_svm,C,90/10,3,random_fp_10,validation_grid,90/10,valid,1.000000,False,13580,190,20.701561,190,19,171,0.863158,0.760234,0.387097,0.631579,0.480000,0.422561,152,19,7,12,0.797168,0.471329,0.471329
linear_svm_balanced_ratio_preserved_noise_mcc_selected_v1,linear_svm_class_weight_balanced,linear_svm,C,90/10,3,random_fp_10,validation_grid,90/10,valid,10.000000,True,13580,190,33.007372,190,19,171,0.900000,0.710526,0.500000,0.473684,0.486486,0.431331,162,9,10,9,0.747615,0.388483,0.388483
linear_svm_balanced_ratio_preserved_noise_mcc_selected_v1,linear_svm_class_weight_balanced,linear_svm,C,90/10,3,random_fp_10,test,50/50,test,10.000000,True,13580,190,33.083706,42,21,21,0.690476,0.690476,0.833333,0.476190,0.606061,0.421637,19,2,11,10,0.757370,0.807997,0.807997
linear_svm_balanced_ratio_preserved_noise_mcc_selected_v1,linear_svm_class_weight_balanced,linear_svm,C,90/10,3,random_fp_10,test,60/40,test,10.000000,True,13580,190,33.173887,53,21,32,0.698113,0.659970,0.666667,0.476190,0.555556,0.347389,27,5,11,10,0.693452,0.697867,0.697867
linear_svm_balanced_ratio_preserved_noise_mcc_selected_v1,linear_svm_class_weight_balanced,linear_svm,C,90/10,3,random_fp_10,test,70/30,test,10.000000,True,13580,190,33.280015,70,21,49,0.785714,0.697279,0.714286,0.476190,0.571429,0.452023,45,4,11,10,0.756074,0.672182,0.672182
linear_svm_balanced_ratio_preserved_noise_mcc_selected_v1,linear_svm_class_weight_balanced,linear_svm,C,90/10,3,random_fp_10,test,75/25,test,10.000000,True,13580,190,33.389005,84,21,63,0.773810,0.674603,0.555556,0.476190,0.512821,0.368514,55,8,11,10,0.753590,0.562652,0.562652
linear_svm_balanced_ratio_preserved_noise_mcc_selected_v1,linear_svm_class_weight_balanced,linear_svm,C,90/10,3,random_fp_10,test,80/20,test,10.000000,True,13580,190,33.501487,105,21,84,0.819048,0.690476,0.555556,0.476190,0.512821,0.404319,76,8,11,10,0.734694,0.461802,0.461802
linear_svm_balanced_ratio_preserved_noise_mcc_selected_v1,linear_svm_class_weight_balanced,linear_svm,C,90/10,3,random_fp_10,test,90/10,test,10.000000,True,13580,190,33.687760,210,21,189,0.885714,0.703704,0.434783,0.476190,0.454545,0.391367,176,13,11,10,0.757118,0.453295,0.453295
linear_svm_balanced_ratio_preserved_noise_mcc_selected_v1,linear_svm_class_weight_balanced,linear_svm,C,90/10,3,random_fp_20,validation_grid,90/10,valid,0.100000,True,20370,190,26.245148,190,19,171,0.752632,0.722222,0.240741,0.684211,0.356164,0.295615,130,41,6,13,0.795322,0.438832,0.438832
linear_svm_balanced_ratio_preserved_noise_mcc_selected_v1,linear_svm_class_weight_balanced,linear_svm,C,90/10,3,random_fp_20,validation_grid,90/10,valid,1.000000,False,20370,190,29.628050,190,19,171,0.778947,0.666667,0.232558,0.526316,0.322581,0.238980,138,33,9,10,0.731918,0.329481,0.329481
linear_svm_balanced_ratio_preserved_noise_mcc_selected_v1,linear_svm_class_weight_balanced,linear_svm,C,90/10,3,random_fp_20,validation_grid,90/10,valid,10.000000,False,20370,190,37.880063,190,19,171,0.800000,0.631579,0.228571,0.421053,0.296296,0.203653,144,27,11,8,0.707910,0.293221,0.293221
linear_svm_balanced_ratio_preserved_noise_mcc_selected_v1,linear_svm_class_weight_balanced,linear_svm,C,90/10,3,random_fp_20,test,50/50,test,0.100000,True,20370,190,37.961334,42,21,21,0.666667,0.666667,0.666667,0.666667,0.666667,0.333333,14,7,7,14,0.823129,0.862939,0.862939
linear_svm_balanced_ratio_preserved_noise_mcc_selected_v1,linear_svm_class_weight_balanced,linear_svm,C,90/10,3,random_fp_20,test,60/40,test,0.100000,True,20370,190,38.063072,53,21,32,0.660377,0.661458,0.560000,0.666667,0.608696,0.316392,21,11,7,14,0.763393,0.754057,0.754057
linear_svm_balanced_ratio_preserved_noise_mcc_selected_v1,linear_svm_class_weight_balanced,linear_svm,C,90/10,3,random_fp_20,test,70/30,test,0.100000,True,20370,190,38.162697,70,21,49,0.714286,0.700680,0.518519,0.666667,0.583333,0.377856,36,13,7,14,0.795918,0.718838,0.718838
linear_svm_balanced_ratio_preserved_noise_mcc_selected_v1,linear_svm_class_weight_balanced,linear_svm,C,90/10,3,random_fp_20,test,75/25,test,0.100000,True,20370,190,38.266174,84,21,63,0.738095,0.714286,0.482759,0.666667,0.560000,0.390322,48,15,7,14,0.797430,0.545786,0.545786
linear_svm_balanced_ratio_preserved_noise_mcc_selected_v1,linear_svm_class_weight_balanced,linear_svm,C,90/10,3,random_fp_20,test,80/20,test,0.100000,True,20370,190,38.382423,105,21,84,0.752381,0.720238,0.424242,0.666667,0.518519,0.379532,65,19,7,14,0.791383,0.560569,0.560569
linear_svm_balanced_ratio_preserved_noise_mcc_selected_v1,linear_svm_class_weight_balanced,linear_svm,C,90/10,3,random_fp_20,test,90/10,test,0.100000,True,20370,190,38.572564,210,21,189,0.790476,0.735450,0.274510,0.666667,0.388889,0.329447,152,37,7,14,0.809020,0.410738,0.410738
linear_svm_balanced_ratio_preserved_noise_mcc_selected_v1,linear_svm_class_weight_balanced,linear_svm,C,90/10,3,heuristic_fp_10,validation_grid,90/10,valid,0.100000,False,13580,190,18.289415,190,19,171,0.826316,0.809942,0.340909,0.789474,0.476190,0.440841,142,29,4,15,0.888581,0.609170,0.609170
linear_svm_balanced_ratio_preserved_noise_mcc_selected_v1,linear_svm_class_weight_balanced,linear_svm,C,90/10,3,heuristic_fp_10,validation_grid,90/10,valid,1.000000,True,13580,190,20.163847,190,19,171,0.878947,0.792398,0.433333,0.684211,0.530612,0.481125,154,17,6,13,0.886734,0.561767,0.561767
linear_svm_balanced_ratio_preserved_noise_mcc_selected_v1,linear_svm_class_weight_balanced,linear_svm,C,90/10,3,heuristic_fp_10,validation_grid,90/10,valid,10.000000,False,13580,190,32.155230,190,19,171,0.884211,0.701754,0.428571,0.473684,0.450000,0.386078,159,12,10,9,0.833179,0.410702,0.410702
linear_svm_balanced_ratio_preserved_noise_mcc_selected_v1,linear_svm_class_weight_balanced,linear_svm,C,90/10,3,heuristic_fp_10,test,50/50,test,1.000000,True,13580,190,32.218696,42,21,21,0.809524,0.809524,0.882353,0.714286,0.789474,0.630593,19,2,6,15,0.927438,0.926348,0.926348
linear_svm_balanced_ratio_preserved_noise_mcc_selected_v1,linear_svm_class_weight_balanced,linear_svm,C,90/10,3,heuristic_fp_10,test,60/40,test,1.000000,True,13580,190,32.304868,53,21,32,0.830189,0.810268,0.833333,0.714286,0.769231,0.640887,29,3,6,15,0.885417,0.838769,0.838769
linear_svm_balanced_ratio_preserved_noise_mcc_selected_v1,linear_svm_class_weight_balanced,linear_svm,C,90/10,3,heuristic_fp_10,test,70/30,test,1.000000,True,13580,190,32.396104,70,21,49,0.800000,0.775510,0.652174,0.714286,0.681818,0.537604,41,8,6,15,0.887269,0.730003,0.730003
linear_svm_balanced_ratio_preserved_noise_mcc_selected_v1,linear_svm_class_weight_balanced,linear_svm,C,90/10,3,heuristic_fp_10,test,75/25,test,1.000000,True,13580,190,32.502842,84,21,63,0.809524,0.777778,0.600000,0.714286,0.652174,0.526152,53,10,6,15,0.863190,0.605695,0.605695
linear_svm_balanced_ratio_preserved_noise_mcc_selected_v1,linear_svm_class_weight_balanced,linear_svm,C,90/10,3,heuristic_fp_10,test,80/20,test,1.000000,True,13580,190,32.617524,105,21,84,0.819048,0.779762,0.535714,0.714286,0.612245,0.506108,71,13,6,15,0.880385,0.572367,0.572367
linear_svm_balanced_ratio_preserved_noise_mcc_selected_v1,linear_svm_class_weight_balanced,linear_svm,C,90/10,3,heuristic_fp_10,test,90/10,test,1.000000,True,13580,190,32.807946,210,21,189,0.861905,0.796296,0.394737,0.714286,0.508475,0.461786,166,23,6,15,0.900983,0.550804,0.550804
linear_svm_balanced_ratio_preserved_noise_mcc_selected_v1,linear_svm_class_weight_balanced,linear_svm,C,90/10,3,heuristic_fp_20,validation_grid,90/10,valid,0.100000,False,20370,190,26.201653,190,19,171,0.794737,0.745614,0.282609,0.684211,0.400000,0.344031,138,33,6,13,0.848569,0.492288,0.492288
linear_svm_balanced_ratio_preserved_noise_mcc_selected_v1,linear_svm_class_weight_balanced,linear_svm,C,90/10,3,heuristic_fp_20,validation_grid,90/10,valid,1.000000,True,20370,190,29.253811,190,19,171,0.831579,0.742690,0.324324,0.631579,0.428571,0.367714,146,25,7,12,0.785165,0.367503,0.367503
linear_svm_balanced_ratio_preserved_noise_mcc_selected_v1,linear_svm_class_weight_balanced,linear_svm,C,90/10,3,heuristic_fp_20,validation_grid,90/10,valid,10.000000,False,20370,190,37.584465,190,19,171,0.821053,0.643275,0.258065,0.421053,0.320000,0.232646,148,23,11,8,0.724838,0.302401,0.302401
linear_svm_balanced_ratio_preserved_noise_mcc_selected_v1,linear_svm_class_weight_balanced,linear_svm,C,90/10,3,heuristic_fp_20,test,50/50,test,1.000000,True,20370,190,37.648639,42,21,21,0.785714,0.785714,0.928571,0.619048,0.742857,0.606092,20,1,8,13,0.859410,0.871626,0.871626
linear_svm_balanced_ratio_preserved_noise_mcc_selected_v1,linear_svm_class_weight_balanced,linear_svm,C,90/10,3,heuristic_fp_20,test,60/40,test,1.000000,True,20370,190,37.736498,53,21,32,0.716981,0.700149,0.650000,0.619048,0.634146,0.403920,25,7,8,13,0.805060,0.769194,0.769194
linear_svm_balanced_ratio_preserved_noise_mcc_selected_v1,linear_svm_class_weight_balanced,linear_svm,C,90/10,3,heuristic_fp_20,test,70/30,test,1.000000,True,20370,190,37.831269,70,21,49,0.757143,0.717687,0.590909,0.619048,0.604651,0.429772,40,9,8,13,0.825073,0.688799,0.688799
linear_svm_balanced_ratio_preserved_noise_mcc_selected_v1,linear_svm_class_weight_balanced,linear_svm,C,90/10,3,heuristic_fp_20,test,75/25,test,1.000000,True,20370,190,37.935616,84,21,63,0.797619,0.738095,0.590909,0.619048,0.604651,0.468979,54,9,8,13,0.833711,0.574872,0.574872
linear_svm_balanced_ratio_preserved_noise_mcc_selected_v1,linear_svm_class_weight_balanced,linear_svm,C,90/10,3,heuristic_fp_20,test,80/20,test,1.000000,True,20370,190,38.050862,105,21,84,0.800000,0.732143,0.500000,0.619048,0.553191,0.430263,71,13,8,13,0.836735,0.575063,0.575063
linear_svm_balanced_ratio_preserved_noise_mcc_selected_v1,linear_svm_class_weight_balanced,linear_svm,C,90/10,3,heuristic_fp_20,test,90/10,test,1.000000,True,20370,190,38.224804,210,21,189,0.790476,0.714286,0.265306,0.619048,0.371429,0.303985,153,36,8,13,0.839254,0.503449,0.503449
linear_svm_balanced_ratio_preserved_noise_mcc_selected_v1,linear_svm_class_weight_balanced,linear_svm,C,90/10,4,clean,validation_grid,90/10,valid,0.100000,False,6790,190,10.601246,190,19,171,0.831579,0.812865,0.348837,0.789474,0.483871,0.448611,143,28,4,15,0.843952,0.469967,0.469967
linear_svm_balanced_ratio_preserved_noise_mcc_selected_v1,linear_svm_class_weight_balanced,linear_svm,C,90/10,4,clean,validation_grid,90/10,valid,1.000000,False,6790,190,11.545659,190,19,171,0.868421,0.739766,0.392857,0.578947,0.468085,0.405841,154,17,8,11,0.837181,0.516333,0.516333
linear_svm_balanced_ratio_preserved_noise_mcc_selected_v1,linear_svm_class_weight_balanced,linear_svm,C,90/10,4,clean,validation_grid,90/10,valid,10.000000,True,6790,190,16.331179,190,19,171,0.905263,0.736842,0.526316,0.526316,0.526316,0.473684,162,9,9,10,0.808249,0.540323,0.540323
linear_svm_balanced_ratio_preserved_noise_mcc_selected_v1,linear_svm_class_weight_balanced,linear_svm,C,90/10,4,clean,test,50/50,test,10.000000,True,6790,190,16.400732,42,21,21,0.761905,0.761905,1.000000,0.523810,0.687500,0.595683,21,0,10,11,0.875283,0.910034,0.910034
linear_svm_balanced_ratio_preserved_noise_mcc_selected_v1,linear_svm_class_weight_balanced,linear_svm,C,90/10,4,clean,test,60/40,test,10.000000,True,6790,190,16.529297,53,21,32,0.792453,0.746280,0.916667,0.523810,0.666667,0.575653,31,1,10,11,0.869048,0.827360,0.827360
linear_svm_balanced_ratio_preserved_noise_mcc_selected_v1,linear_svm_class_weight_balanced,linear_svm,C,90/10,4,clean,test,70/30,test,10.000000,True,6790,190,16.621226,70,21,49,0.800000,0.721088,0.733333,0.523810,0.611111,0.493829,45,4,10,11,0.806608,0.743747,0.743747
linear_svm_balanced_ratio_preserved_noise_mcc_selected_v1,linear_svm_class_weight_balanced,linear_svm,C,90/10,4,clean,test,75/25,test,10.000000,True,6790,190,16.752303,84,21,63,0.869048,0.753968,0.916667,0.523810,0.666667,0.628539,62,1,10,11,0.867725,0.771782,0.771782
linear_svm_balanced_ratio_preserved_noise_mcc_selected_v1,linear_svm_class_weight_balanced,linear_svm,C,90/10,4,clean,test,80/20,test,10.000000,True,6790,190,16.873916,105,21,84,0.885714,0.750000,0.846154,0.523810,0.647059,0.607231,82,2,10,11,0.864512,0.764509,0.764509
linear_svm_balanced_ratio_preserved_noise_mcc_selected_v1,linear_svm_class_weight_balanced,linear_svm,C,90/10,4,clean,test,90/10,test,10.000000,True,6790,190,17.082553,210,21,189,0.900000,0.732804,0.500000,0.523810,0.511628,0.456112,178,11,10,11,0.828168,0.428980,0.428980
linear_svm_balanced_ratio_preserved_noise_mcc_selected_v1,linear_svm_class_weight_balanced,linear_svm,C,90/10,4,random_flip_10,validation_grid,90/10,valid,0.100000,False,6790,190,10.829718,190,19,171,0.778947,0.713450,0.255319,0.631579,0.363636,0.296814,136,35,7,12,0.823946,0.494287,0.494287
linear_svm_balanced_ratio_preserved_noise_mcc_selected_v1,linear_svm_class_weight_balanced,linear_svm,C,90/10,4,random_flip_10,validation_grid,90/10,valid,1.000000,True,6790,190,11.871936,190,19,171,0.852632,0.684211,0.333333,0.473684,0.391304,0.316551,153,18,10,9,0.783626,0.341685,0.341685
linear_svm_balanced_ratio_preserved_noise_mcc_selected_v1,linear_svm_class_weight_balanced,linear_svm,C,90/10,4,random_flip_10,validation_grid,90/10,valid,10.000000,False,6790,190,17.897383,190,19,171,0.857895,0.616959,0.300000,0.315789,0.307692,0.228665,157,14,13,6,0.756848,0.289611,0.289611
linear_svm_balanced_ratio_preserved_noise_mcc_selected_v1,linear_svm_class_weight_balanced,linear_svm,C,90/10,4,random_flip_10,test,50/50,test,1.000000,True,6790,190,17.973795,42,21,21,0.619048,0.619048,0.857143,0.285714,0.428571,0.319438,20,1,15,6,0.698413,0.736545,0.736545
linear_svm_balanced_ratio_preserved_noise_mcc_selected_v1,linear_svm_class_weight_balanced,linear_svm,C,90/10,4,random_flip_10,test,60/40,test,1.000000,True,6790,190,18.116253,53,21,32,0.641509,0.580357,0.600000,0.285714,0.387097,0.200912,28,4,15,6,0.763393,0.725174,0.725174
linear_svm_balanced_ratio_preserved_noise_mcc_selected_v1,linear_svm_class_weight_balanced,linear_svm,C,90/10,4,random_flip_10,test,70/30,test,1.000000,True,6790,190,18.209011,70,21,49,0.700000,0.581633,0.500000,0.285714,0.363636,0.198517,43,6,15,6,0.674441,0.466096,0.466096
linear_svm_balanced_ratio_preserved_noise_mcc_selected_v1,linear_svm_class_weight_balanced,linear_svm,C,90/10,4,random_flip_10,test,75/25,test,1.000000,True,6790,190,18.326397,84,21,63,0.714286,0.571429,0.400000,0.285714,0.333333,0.161515,54,9,15,6,0.650794,0.511906,0.511906
linear_svm_balanced_ratio_preserved_noise_mcc_selected_v1,linear_svm_class_weight_balanced,linear_svm,C,90/10,4,random_flip_10,test,80/20,test,1.000000,True,6790,190,18.436453,105,21,84,0.800000,0.607143,0.500000,0.285714,0.363636,0.269408,78,6,15,6,0.727324,0.470391,0.470391
linear_svm_balanced_ratio_preserved_noise_mcc_selected_v1,linear_svm_class_weight_balanced,linear_svm,C,90/10,4,random_flip_10,test,90/10,test,1.000000,True,6790,190,18.666481,210,21,189,0.842857,0.595238,0.250000,0.285714,0.266667,0.179605,171,18,15,6,0.692870,0.293579,0.293579
linear_svm_balanced_ratio_preserved_noise_mcc_selected_v1,linear_svm_class_weight_balanced,linear_svm,C,90/10,4,random_flip_20,validation_grid,90/10,valid,0.100000,False,6790,190,10.585044,190,19,171,0.731579,0.429825,0.029412,0.052632,0.037736,-0.109847,138,33,18,1,0.308095,0.071161,0.071161
linear_svm_balanced_ratio_preserved_noise_mcc_selected_v1,linear_svm_class_weight_balanced,linear_svm,C,90/10,4,random_flip_20,validation_grid,90/10,valid,1.000000,False,6790,190,11.346703,190,19,171,0.773684,0.453216,0.038462,0.052632,0.044444,-0.081675,146,25,18,1,0.301939,0.072399,0.072399
linear_svm_balanced_ratio_preserved_noise_mcc_selected_v1,linear_svm_class_weight_balanced,linear_svm,C,90/10,4,random_flip_20,validation_grid,90/10,valid,10.000000,True,6790,190,13.390250,190,19,171,0.815789,0.476608,0.055556,0.052632,0.054054,-0.047926,154,17,18,1,0.298246,0.080918,0.080918
linear_svm_balanced_ratio_preserved_noise_mcc_selected_v1,linear_svm_class_weight_balanced,linear_svm,C,90/10,4,random_flip_20,test,50/50,test,10.000000,True,6790,190,13.460380,42,21,21,0.476190,0.476190,0.333333,0.047619,0.083333,-0.092450,19,2,20,1,0.396825,0.438227,0.438227
linear_svm_balanced_ratio_preserved_noise_mcc_selected_v1,linear_svm_class_weight_balanced,linear_svm,C,90/10,4,random_flip_20,test,60/40,test,10.000000,True,6790,190,13.592394,53,21,32,0.603774,0.508185,0.500000,0.047619,0.086957,0.042015,31,1,20,1,0.474702,0.387066,0.387066
linear_svm_balanced_ratio_preserved_noise_mcc_selected_v1,linear_svm_class_weight_balanced,linear_svm,C,90/10,4,random_flip_20,test,70/30,test,10.000000,True,6790,190,13.684433,70,21,49,0.657143,0.482993,0.200000,0.047619,0.076923,-0.060523,45,4,20,1,0.437318,0.266093,0.266093
linear_svm_balanced_ratio_preserved_noise_mcc_selected_v1,linear_svm_class_weight_balanced,linear_svm,C,90/10,4,random_flip_20,test,75/25,test,10.000000,True,6790,190,13.794124,84,21,63,0.642857,0.444444,0.090909,0.047619,0.062500,-0.142620,53,10,20,1,0.387755,0.203713,0.203713
linear_svm_balanced_ratio_preserved_noise_mcc_selected_v1,linear_svm_class_weight_balanced,linear_svm,C,90/10,4,random_flip_20,test,80/20,test,10.000000,True,6790,190,13.908840,105,21,84,0.733333,0.476190,0.111111,0.047619,0.066667,-0.068041,76,8,20,1,0.366213,0.159830,0.159830
linear_svm_balanced_ratio_preserved_noise_mcc_selected_v1,linear_svm_class_weight_balanced,linear_svm,C,90/10,4,random_flip_20,test,90/10,test,10.000000,True,6790,190,14.127486,210,21,189,0.833333,0.484127,0.062500,0.047619,0.054054,-0.035898,174,15,20,1,0.451247,0.089193,0.089193
linear_svm_balanced_ratio_preserved_noise_mcc_selected_v1,linear_svm_class_weight_balanced,linear_svm,C,90/10,4,random_fp_10,validation_grid,90/10,valid,0.100000,True,13580,190,18.329351,190,19,171,0.773684,0.804094,0.285714,0.842105,0.426667,0.400189,131,40,3,16,0.822407,0.478980,0.478980
linear_svm_balanced_ratio_preserved_noise_mcc_selected_v1,linear_svm_class_weight_balanced,linear_svm,C,90/10,4,random_fp_10,validation_grid,90/10,valid,1.000000,False,13580,190,20.520815,190,19,171,0.805263,0.728070,0.285714,0.631579,0.393443,0.329775,141,30,7,12,0.793167,0.388981,0.388981
linear_svm_balanced_ratio_preserved_noise_mcc_selected_v1,linear_svm_class_weight_balanced,linear_svm,C,90/10,4,random_fp_10,validation_grid,90/10,valid,10.000000,False,13580,190,34.155168,190,19,171,0.831579,0.672515,0.290323,0.473684,0.360000,0.280125,149,22,10,9,0.726685,0.239549,0.239549
linear_svm_balanced_ratio_preserved_noise_mcc_selected_v1,linear_svm_class_weight_balanced,linear_svm,C,90/10,4,random_fp_10,test,50/50,test,0.100000,True,13580,190,34.226169,42,21,21,0.785714,0.785714,0.772727,0.809524,0.790698,0.572078,16,5,4,17,0.839002,0.875080,0.875080
linear_svm_balanced_ratio_preserved_noise_mcc_selected_v1,linear_svm_class_weight_balanced,linear_svm,C,90/10,4,random_fp_10,test,60/40,test,0.100000,True,13580,190,34.392906,53,21,32,0.698113,0.717262,0.586207,0.809524,0.680000,0.426966,20,12,4,17,0.816964,0.770882,0.770882
linear_svm_balanced_ratio_preserved_noise_mcc_selected_v1,linear_svm_class_weight_balanced,linear_svm,C,90/10,4,random_fp_10,test,70/30,test,0.100000,True,13580,190,34.498022,70,21,49,0.771429,0.782313,0.586207,0.809524,0.680000,0.525264,37,12,4,17,0.819242,0.680607,0.680607
linear_svm_balanced_ratio_preserved_noise_mcc_selected_v1,linear_svm_class_weight_balanced,linear_svm,C,90/10,4,random_fp_10,test,75/25,test,0.100000,True,13580,190,34.618712,84,21,63,0.833333,0.825397,0.629630,0.809524,0.708333,0.603398,53,10,4,17,0.864701,0.705049,0.705049
linear_svm_balanced_ratio_preserved_noise_mcc_selected_v1,linear_svm_class_weight_balanced,linear_svm,C,90/10,4,random_fp_10,test,80/20,test,0.100000,True,13580,190,34.730094,105,21,84,0.866667,0.845238,0.629630,0.809524,0.708333,0.631930,74,10,4,17,0.880952,0.749495,0.749495
linear_svm_balanced_ratio_preserved_noise_mcc_selected_v1,linear_svm_class_weight_balanced,linear_svm,C,90/10,4,random_fp_10,test,90/10,test,0.100000,True,13580,190,34.962099,210,21,189,0.800000,0.804233,0.309091,0.809524,0.447368,0.415173,151,38,4,17,0.843537,0.411352,0.411352
linear_svm_balanced_ratio_preserved_noise_mcc_selected_v1,linear_svm_class_weight_balanced,linear_svm,C,90/10,4,random_fp_20,validation_grid,90/10,valid,0.100000,False,20370,190,25.514379,190,19,171,0.726316,0.730994,0.229508,0.736842,0.350000,0.296856,124,47,5,14,0.803940,0.384611,0.384611
linear_svm_balanced_ratio_preserved_noise_mcc_selected_v1,linear_svm_class_weight_balanced,linear_svm,C,90/10,4,random_fp_20,validation_grid,90/10,valid,1.000000,False,20370,190,29.129329,190,19,171,0.778947,0.713450,0.255319,0.631579,0.363636,0.296814,136,35,7,12,0.792552,0.344960,0.344960
linear_svm_balanced_ratio_preserved_noise_mcc_selected_v1,linear_svm_class_weight_balanced,linear_svm,C,90/10,4,random_fp_20,validation_grid,90/10,valid,10.000000,True,20370,190,37.671359,190,19,171,0.821053,0.713450,0.297297,0.578947,0.392857,0.323411,145,26,8,11,0.760542,0.302232,0.302232
linear_svm_balanced_ratio_preserved_noise_mcc_selected_v1,linear_svm_class_weight_balanced,linear_svm,C,90/10,4,random_fp_20,test,50/50,test,10.000000,True,20370,190,37.764509,42,21,21,0.642857,0.642857,0.714286,0.476190,0.571429,0.303046,17,4,11,10,0.721088,0.738523,0.738523
linear_svm_balanced_ratio_preserved_noise_mcc_selected_v1,linear_svm_class_weight_balanced,linear_svm,C,90/10,4,random_fp_20,test,60/40,test,10.000000,True,20370,190,37.905735,53,21,32,0.754717,0.706845,0.833333,0.476190,0.606061,0.483479,30,2,11,10,0.791667,0.753099,0.753099
linear_svm_balanced_ratio_preserved_noise_mcc_selected_v1,linear_svm_class_weight_balanced,linear_svm,C,90/10,4,random_fp_20,test,70/30,test,10.000000,True,20370,190,37.999874,70,21,49,0.742857,0.666667,0.588235,0.476190,0.526316,0.356225,42,7,11,10,0.708455,0.548087,0.548087
linear_svm_balanced_ratio_preserved_noise_mcc_selected_v1,linear_svm_class_weight_balanced,linear_svm,C,90/10,4,random_fp_20,test,75/25,test,10.000000,True,20370,190,38.126966,84,21,63,0.761905,0.666667,0.526316,0.476190,0.500000,0.345005,54,9,11,10,0.758125,0.565705,0.565705
linear_svm_balanced_ratio_preserved_noise_mcc_selected_v1,linear_svm_class_weight_balanced,linear_svm,C,90/10,4,random_fp_20,test,80/20,test,10.000000,True,20370,190,38.239589,105,21,84,0.800000,0.678571,0.500000,0.476190,0.487805,0.363803,74,10,11,10,0.735261,0.465328,0.465328
linear_svm_balanced_ratio_preserved_noise_mcc_selected_v1,linear_svm_class_weight_balanced,linear_svm,C,90/10,4,random_fp_20,test,90/10,test,10.000000,True,20370,190,38.448832,210,21,189,0.800000,0.656085,0.243902,0.476190,0.322581,0.236263,158,31,11,10,0.720836,0.275167,0.275167
linear_svm_balanced_ratio_preserved_noise_mcc_selected_v1,linear_svm_class_weight_balanced,linear_svm,C,90/10,4,heuristic_fp_10,validation_grid,90/10,valid,0.100000,False,13580,190,18.628691,190,19,171,0.800000,0.795322,0.306122,0.789474,0.441176,0.405035,137,34,4,15,0.827639,0.499400,0.499400
linear_svm_balanced_ratio_preserved_noise_mcc_selected_v1,linear_svm_class_weight_balanced,linear_svm,C,90/10,4,heuristic_fp_10,validation_grid,90/10,valid,1.000000,True,13580,190,20.561028,190,19,171,0.863158,0.807018,0.400000,0.736842,0.518519,0.475191,150,21,5,14,0.811634,0.521960,0.521960
linear_svm_balanced_ratio_preserved_noise_mcc_selected_v1,linear_svm_class_weight_balanced,linear_svm,C,90/10,4,heuristic_fp_10,validation_grid,90/10,valid,10.000000,False,13580,190,31.508412,190,19,171,0.878947,0.745614,0.423077,0.578947,0.488889,0.428795,156,15,8,11,0.779624,0.475924,0.475924
linear_svm_balanced_ratio_preserved_noise_mcc_selected_v1,linear_svm_class_weight_balanced,linear_svm,C,90/10,4,heuristic_fp_10,test,50/50,test,1.000000,True,13580,190,31.579908,42,21,21,0.809524,0.809524,0.933333,0.666667,0.777778,0.645975,20,1,7,14,0.934240,0.941531,0.941531
linear_svm_balanced_ratio_preserved_noise_mcc_selected_v1,linear_svm_class_weight_balanced,linear_svm,C,90/10,4,heuristic_fp_10,test,60/40,test,1.000000,True,13580,190,31.707284,53,21,32,0.811321,0.786458,0.823529,0.666667,0.736842,0.600344,29,3,7,14,0.897321,0.859037,0.859037
linear_svm_balanced_ratio_preserved_noise_mcc_selected_v1,linear_svm_class_weight_balanced,linear_svm,C,90/10,4,heuristic_fp_10,test,70/30,test,1.000000,True,13580,190,31.802607,70,21,49,0.771429,0.741497,0.608696,0.666667,0.636364,0.471233,40,9,7,14,0.844509,0.690071,0.690071
linear_svm_balanced_ratio_preserved_noise_mcc_selected_v1,linear_svm_class_weight_balanced,linear_svm,C,90/10,4,heuristic_fp_10,test,75/25,test,1.000000,True,13580,190,31.911494,84,21,63,0.833333,0.777778,0.666667,0.666667,0.666667,0.555556,56,7,7,14,0.905518,0.724242,0.724242
linear_svm_balanced_ratio_preserved_noise_mcc_selected_v1,linear_svm_class_weight_balanced,linear_svm,C,90/10,4,heuristic_fp_10,test,80/20,test,1.000000,True,13580,190,32.016341,105,21,84,0.885714,0.803571,0.736842,0.666667,0.700000,0.630833,79,5,7,14,0.928005,0.818904,0.818904
linear_svm_balanced_ratio_preserved_noise_mcc_selected_v1,linear_svm_class_weight_balanced,linear_svm,C,90/10,4,heuristic_fp_10,test,90/10,test,1.000000,True,13580,190,32.216442,210,21,189,0.852381,0.769841,0.368421,0.666667,0.474576,0.420555,165,24,7,14,0.881582,0.447347,0.447347
linear_svm_balanced_ratio_preserved_noise_mcc_selected_v1,linear_svm_class_weight_balanced,linear_svm,C,90/10,4,heuristic_fp_20,validation_grid,90/10,valid,0.100000,True,20370,190,26.124288,190,19,171,0.736842,0.760234,0.245902,0.789474,0.375000,0.334433,125,46,4,15,0.793167,0.342227,0.342227
linear_svm_balanced_ratio_preserved_noise_mcc_selected_v1,linear_svm_class_weight_balanced,linear_svm,C,90/10,4,heuristic_fp_20,validation_grid,90/10,valid,1.000000,False,20370,190,29.244234,190,19,171,0.773684,0.733918,0.260000,0.684211,0.376812,0.318728,134,37,6,13,0.775008,0.333771,0.333771
linear_svm_balanced_ratio_preserved_noise_mcc_selected_v1,linear_svm_class_weight_balanced,linear_svm,C,90/10,4,heuristic_fp_20,validation_grid,90/10,valid,10.000000,False,20370,190,38.365466,190,19,171,0.805263,0.704678,0.275000,0.578947,0.372881,0.301232,142,29,8,11,0.737458,0.251571,0.251571
linear_svm_balanced_ratio_preserved_noise_mcc_selected_v1,linear_svm_class_weight_balanced,linear_svm,C,90/10,4,heuristic_fp_20,test,50/50,test,0.100000,True,20370,190,38.439058,42,21,21,0.857143,0.857143,0.800000,0.952381,0.869565,0.727607,16,5,1,20,0.941043,0.942688,0.942688
linear_svm_balanced_ratio_preserved_noise_mcc_selected_v1,linear_svm_class_weight_balanced,linear_svm,C,90/10,4,heuristic_fp_20,test,60/40,test,0.100000,True,20370,190,38.576974,53,21,32,0.849057,0.866815,0.740741,0.952381,0.833333,0.717784,25,7,1,20,0.916667,0.880674,0.880674
linear_svm_balanced_ratio_preserved_noise_mcc_selected_v1,linear_svm_class_weight_balanced,linear_svm,C,90/10,4,heuristic_fp_20,test,70/30,test,0.100000,True,20370,190,38.673892,70,21,49,0.757143,0.812925,0.555556,0.952381,0.701754,0.573836,33,16,1,20,0.896987,0.771064,0.771064
linear_svm_balanced_ratio_preserved_noise_mcc_selected_v1,linear_svm_class_weight_balanced,linear_svm,C,90/10,4,heuristic_fp_20,test,75/25,test,0.100000,True,20370,190,38.791415,84,21,63,0.845238,0.880952,0.625000,0.952381,0.754717,0.679366,51,12,1,20,0.916856,0.750989,0.750989
linear_svm_balanced_ratio_preserved_noise_mcc_selected_v1,linear_svm_class_weight_balanced,linear_svm,C,90/10,4,heuristic_fp_20,test,80/20,test,0.100000,True,20370,190,38.899252,105,21,84,0.876190,0.904762,0.625000,0.952381,0.754717,0.703465,72,12,1,20,0.942177,0.744973,0.744973
linear_svm_balanced_ratio_preserved_noise_mcc_selected_v1,linear_svm_class_weight_balanced,linear_svm,C,90/10,4,heuristic_fp_20,test,90/10,test,0.100000,True,20370,190,39.127239,210,21,189,0.771429,0.851852,0.298507,0.952381,0.454545,0.452924,142,47,1,20,0.894432,0.468373,0.468373
linear_svm_balanced_ratio_preserved_noise_mcc_selected_v1,linear_svm_class_weight_balanced,linear_svm,C,90/10,5,clean,validation_grid,90/10,valid,0.100000,True,6790,190,11.010274,190,19,171,0.868421,0.833333,0.416667,0.789474,0.545455,0.510355,150,21,4,15,0.867344,0.542052,0.542052
linear_svm_balanced_ratio_preserved_noise_mcc_selected_v1,linear_svm_class_weight_balanced,linear_svm,C,90/10,5,clean,validation_grid,90/10,valid,1.000000,False,6790,190,11.977055,190,19,171,0.905263,0.760234,0.523810,0.578947,0.550000,0.497984,161,10,8,11,0.856571,0.520849,0.520849
linear_svm_balanced_ratio_preserved_noise_mcc_selected_v1,linear_svm_class_weight_balanced,linear_svm,C,90/10,5,clean,validation_grid,90/10,valid,10.000000,False,6790,190,17.364614,190,19,171,0.905263,0.713450,0.529412,0.473684,0.500000,0.448698,163,8,10,9,0.839335,0.528087,0.528087
linear_svm_balanced_ratio_preserved_noise_mcc_selected_v1,linear_svm_class_weight_balanced,linear_svm,C,90/10,5,clean,test,50/50,test,0.100000,True,6790,190,17.440406,42,21,21,0.714286,0.714286,0.764706,0.619048,0.684211,0.436564,17,4,8,13,0.866213,0.868297,0.868297
linear_svm_balanced_ratio_preserved_noise_mcc_selected_v1,linear_svm_class_weight_balanced,linear_svm,C,90/10,5,clean,test,60/40,test,0.100000,True,6790,190,17.522365,53,21,32,0.773585,0.747024,0.764706,0.619048,0.684211,0.517699,28,4,8,13,0.877976,0.786300,0.786300
linear_svm_balanced_ratio_preserved_noise_mcc_selected_v1,linear_svm_class_weight_balanced,linear_svm,C,90/10,5,clean,test,70/30,test,0.100000,True,6790,190,17.604100,70,21,49,0.800000,0.748299,0.684211,0.619048,0.650000,0.511742,43,6,8,13,0.907677,0.819689,0.819689
linear_svm_balanced_ratio_preserved_noise_mcc_selected_v1,linear_svm_class_weight_balanced,linear_svm,C,90/10,5,clean,test,75/25,test,0.100000,True,6790,190,17.691268,84,21,63,0.845238,0.769841,0.722222,0.619048,0.666667,0.569521,58,5,8,13,0.904006,0.716951,0.716951
linear_svm_balanced_ratio_preserved_noise_mcc_selected_v1,linear_svm_class_weight_balanced,linear_svm,C,90/10,5,clean,test,80/20,test,0.100000,True,6790,190,17.852480,105,21,84,0.809524,0.738095,0.520000,0.619048,0.565217,0.447214,72,12,8,13,0.870181,0.614449,0.614449
linear_svm_balanced_ratio_preserved_noise_mcc_selected_v1,linear_svm_class_weight_balanced,linear_svm,C,90/10,5,clean,test,90/10,test,0.100000,True,6790,190,18.115488,210,21,189,0.861905,0.753968,0.382353,0.619048,0.472727,0.413670,168,21,8,13,0.882086,0.606066,0.606066
linear_svm_balanced_ratio_preserved_noise_mcc_selected_v1,linear_svm_class_weight_balanced,linear_svm,C,90/10,5,random_flip_10,validation_grid,90/10,valid,0.100000,True,6790,190,10.794551,190,19,171,0.815789,0.804094,0.326087,0.789474,0.461538,0.425943,140,31,4,15,0.845183,0.407822,0.407822
linear_svm_balanced_ratio_preserved_noise_mcc_selected_v1,linear_svm_class_weight_balanced,linear_svm,C,90/10,5,random_flip_10,validation_grid,90/10,valid,1.000000,False,6790,190,11.788992,190,19,171,0.836842,0.722222,0.323529,0.578947,0.415094,0.347849,148,23,8,11,0.814097,0.351040,0.351040
linear_svm_balanced_ratio_preserved_noise_mcc_selected_v1,linear_svm_class_weight_balanced,linear_svm,C,90/10,5,random_flip_10,validation_grid,90/10,valid,10.000000,False,6790,190,17.328239,190,19,171,0.831579,0.649123,0.275862,0.421053,0.333333,0.248792,150,21,11,8,0.804555,0.309588,0.309588
linear_svm_balanced_ratio_preserved_noise_mcc_selected_v1,linear_svm_class_weight_balanced,linear_svm,C,90/10,5,random_flip_10,test,50/50,test,0.100000,True,6790,190,17.403146,42,21,21,0.690476,0.690476,0.750000,0.571429,0.648649,0.392232,17,4,9,12,0.811791,0.811357,0.811357
linear_svm_balanced_ratio_preserved_noise_mcc_selected_v1,linear_svm_class_weight_balanced,linear_svm,C,90/10,5,random_flip_10,test,60/40,test,0.100000,True,6790,190,17.482091,53,21,32,0.754717,0.723214,0.750000,0.571429,0.648649,0.475637,28,4,9,12,0.799107,0.745774,0.745774
linear_svm_balanced_ratio_preserved_noise_mcc_selected_v1,linear_svm_class_weight_balanced,linear_svm,C,90/10,5,random_flip_10,test,70/30,test,0.100000,True,6790,190,17.564709,70,21,49,0.785714,0.724490,0.666667,0.571429,0.615385,0.470757,43,6,9,12,0.827988,0.728558,0.728558
linear_svm_balanced_ratio_preserved_noise_mcc_selected_v1,linear_svm_class_weight_balanced,linear_svm,C,90/10,5,random_flip_10,test,75/25,test,0.100000,True,6790,190,17.654175,84,21,63,0.773810,0.706349,0.545455,0.571429,0.558140,0.406449,53,10,9,12,0.800454,0.568432,0.568432
linear_svm_balanced_ratio_preserved_noise_mcc_selected_v1,linear_svm_class_weight_balanced,linear_svm,C,90/10,5,random_flip_10,test,80/20,test,0.100000,True,6790,190,17.793085,105,21,84,0.780952,0.702381,0.461538,0.571429,0.510638,0.375101,70,14,9,12,0.814059,0.507261,0.507261
linear_svm_balanced_ratio_preserved_noise_mcc_selected_v1,linear_svm_class_weight_balanced,linear_svm,C,90/10,5,random_flip_10,test,90/10,test,0.100000,True,6790,190,18.039389,210,21,189,0.838095,0.719577,0.324324,0.571429,0.413793,0.345806,164,25,9,12,0.821869,0.455441,0.455441
linear_svm_balanced_ratio_preserved_noise_mcc_selected_v1,linear_svm_class_weight_balanced,linear_svm,C,90/10,5,random_flip_20,validation_grid,90/10,valid,0.100000,False,6790,190,10.712246,190,19,171,0.726316,0.403509,0.000000,0.000000,0.000000,-0.152822,138,33,19,0,0.265928,0.067004,0.067004
linear_svm_balanced_ratio_preserved_noise_mcc_selected_v1,linear_svm_class_weight_balanced,linear_svm,C,90/10,5,random_flip_20,validation_grid,90/10,valid,1.000000,True,6790,190,11.456025,190,19,171,0.789474,0.438596,0.000000,0.000000,0.000000,-0.117502,150,21,19,0,0.324100,0.072370,0.072370
linear_svm_balanced_ratio_preserved_noise_mcc_selected_v1,linear_svm_class_weight_balanced,linear_svm,C,90/10,5,random_flip_20,validation_grid,90/10,valid,10.000000,False,6790,190,14.008614,190,19,171,0.789474,0.438596,0.000000,0.000000,0.000000,-0.117502,150,21,19,0,0.371807,0.077699,0.077699
linear_svm_balanced_ratio_preserved_noise_mcc_selected_v1,linear_svm_class_weight_balanced,linear_svm,C,90/10,5,random_flip_20,test,50/50,test,1.000000,True,6790,190,14.085731,42,21,21,0.452381,0.452381,0.333333,0.095238,0.148148,-0.136083,17,4,19,2,0.498866,0.514238,0.514238
linear_svm_balanced_ratio_preserved_noise_mcc_selected_v1,linear_svm_class_weight_balanced,linear_svm,C,90/10,5,random_flip_20,test,60/40,test,1.000000,True,6790,190,14.169267,53,21,32,0.566038,0.485119,0.333333,0.095238,0.148148,-0.045943,28,4,19,2,0.424107,0.402934,0.402934
linear_svm_balanced_ratio_preserved_noise_mcc_selected_v1,linear_svm_class_weight_balanced,linear_svm,C,90/10,5,random_flip_20,test,70/30,test,1.000000,True,6790,190,14.254372,70,21,49,0.657143,0.496599,0.285714,0.095238,0.142857,-0.010391,44,5,19,2,0.427600,0.292367,0.292367
linear_svm_balanced_ratio_preserved_noise_mcc_selected_v1,linear_svm_class_weight_balanced,linear_svm,C,90/10,5,random_flip_20,test,75/25,test,1.000000,True,6790,190,14.343642,84,21,63,0.630952,0.452381,0.142857,0.095238,0.114286,-0.110657,51,12,19,2,0.423280,0.221315,0.221315
linear_svm_balanced_ratio_preserved_noise_mcc_selected_v1,linear_svm_class_weight_balanced,linear_svm,C,90/10,5,random_flip_20,test,80/20,test,1.000000,True,6790,190,14.473058,105,21,84,0.647619,0.440476,0.100000,0.095238,0.097561,-0.121268,66,18,19,2,0.403061,0.170329,0.170329
linear_svm_balanced_ratio_preserved_noise_mcc_selected_v1,linear_svm_class_weight_balanced,linear_svm,C,90/10,5,random_flip_20,test,90/10,test,1.000000,True,6790,190,14.753327,210,21,189,0.771429,0.470899,0.064516,0.095238,0.076923,-0.049223,160,29,19,2,0.446460,0.093334,0.093334
linear_svm_balanced_ratio_preserved_noise_mcc_selected_v1,linear_svm_class_weight_balanced,linear_svm,C,90/10,5,random_fp_10,validation_grid,90/10,valid,0.100000,False,13580,190,18.574843,190,19,171,0.747368,0.695906,0.226415,0.631579,0.333333,0.262093,130,41,7,12,0.848877,0.442095,0.442095
linear_svm_balanced_ratio_preserved_noise_mcc_selected_v1,linear_svm_class_weight_balanced,linear_svm,C,90/10,5,random_fp_10,validation_grid,90/10,valid,1.000000,False,13580,190,20.762011,190,19,171,0.794737,0.698830,0.261905,0.578947,0.360656,0.287496,140,31,8,11,0.762696,0.375944,0.375944
linear_svm_balanced_ratio_preserved_noise_mcc_selected_v1,linear_svm_class_weight_balanced,linear_svm,C,90/10,5,random_fp_10,validation_grid,90/10,valid,10.000000,True,13580,190,32.807130,190,19,171,0.857895,0.733918,0.366667,0.578947,0.448980,0.384900,152,19,8,11,0.720837,0.342952,0.342952
linear_svm_balanced_ratio_preserved_noise_mcc_selected_v1,linear_svm_class_weight_balanced,linear_svm,C,90/10,5,random_fp_10,test,50/50,test,10.000000,True,13580,190,32.882458,42,21,21,0.666667,0.666667,0.888889,0.380952,0.533333,0.406181,20,1,13,8,0.825397,0.838658,0.838658
linear_svm_balanced_ratio_preserved_noise_mcc_selected_v1,linear_svm_class_weight_balanced,linear_svm,C,90/10,5,random_fp_10,test,60/40,test,10.000000,True,13580,190,32.961628,53,21,32,0.716981,0.659226,0.800000,0.380952,0.516129,0.398103,30,2,13,8,0.772321,0.736285,0.736285
linear_svm_balanced_ratio_preserved_noise_mcc_selected_v1,linear_svm_class_weight_balanced,linear_svm,C,90/10,5,random_fp_10,test,70/30,test,10.000000,True,13580,190,33.045699,70,21,49,0.785714,0.670068,0.800000,0.380952,0.516129,0.445435,47,2,13,8,0.770651,0.652034,0.652034
linear_svm_balanced_ratio_preserved_noise_mcc_selected_v1,linear_svm_class_weight_balanced,linear_svm,C,90/10,5,random_fp_10,test,75/25,test,10.000000,True,13580,190,33.135718,84,21,63,0.726190,0.611111,0.444444,0.380952,0.410256,0.234509,53,10,13,8,0.739985,0.522026,0.522026
linear_svm_balanced_ratio_preserved_noise_mcc_selected_v1,linear_svm_class_weight_balanced,linear_svm,C,90/10,5,random_fp_10,test,80/20,test,10.000000,True,13580,190,33.273683,105,21,84,0.780952,0.630952,0.444444,0.380952,0.410256,0.277969,74,10,13,8,0.748299,0.525191,0.525191
linear_svm_balanced_ratio_preserved_noise_mcc_selected_v1,linear_svm_class_weight_balanced,linear_svm,C,90/10,5,random_fp_10,test,90/10,test,10.000000,True,13580,190,33.530116,210,21,189,0.804762,0.616402,0.222222,0.380952,0.280702,0.185313,161,28,13,8,0.739229,0.385913,0.385913
linear_svm_balanced_ratio_preserved_noise_mcc_selected_v1,linear_svm_class_weight_balanced,linear_svm,C,90/10,5,random_fp_20,validation_grid,90/10,valid,0.100000,False,20370,190,25.821912,190,19,171,0.736842,0.760234,0.245902,0.789474,0.375000,0.334433,125,46,4,15,0.835642,0.386765,0.386765
linear_svm_balanced_ratio_preserved_noise_mcc_selected_v1,linear_svm_class_weight_balanced,linear_svm,C,90/10,5,random_fp_20,validation_grid,90/10,valid,1.000000,False,20370,190,29.147235,190,19,171,0.752632,0.652047,0.208333,0.526316,0.298507,0.209951,133,38,9,10,0.794398,0.378681,0.378681
linear_svm_balanced_ratio_preserved_noise_mcc_selected_v1,linear_svm_class_weight_balanced,linear_svm,C,90/10,5,random_fp_20,validation_grid,90/10,valid,10.000000,True,20370,190,37.631979,190,19,171,0.842105,0.725146,0.333333,0.578947,0.423077,0.356585,149,22,8,11,0.764543,0.347085,0.347085
linear_svm_balanced_ratio_preserved_noise_mcc_selected_v1,linear_svm_class_weight_balanced,linear_svm,C,90/10,5,random_fp_20,test,50/50,test,10.000000,True,20370,190,37.718678,42,21,21,0.738095,0.738095,0.857143,0.571429,0.685714,0.505076,19,2,9,12,0.750567,0.813355,0.813355
linear_svm_balanced_ratio_preserved_noise_mcc_selected_v1,linear_svm_class_weight_balanced,linear_svm,C,90/10,5,random_fp_20,test,60/40,test,10.000000,True,20370,190,37.813109,53,21,32,0.735849,0.707589,0.705882,0.571429,0.631579,0.435055,27,5,9,12,0.748512,0.666716,0.666716
linear_svm_balanced_ratio_preserved_noise_mcc_selected_v1,linear_svm_class_weight_balanced,linear_svm,C,90/10,5,random_fp_20,test,70/30,test,10.000000,True,20370,190,37.900073,70,21,49,0.757143,0.704082,0.600000,0.571429,0.585366,0.414039,41,8,9,12,0.706511,0.528065,0.528065
linear_svm_balanced_ratio_preserved_noise_mcc_selected_v1,linear_svm_class_weight_balanced,linear_svm,C,90/10,5,random_fp_20,test,75/25,test,10.000000,True,20370,190,37.994670,84,21,63,0.761905,0.698413,0.521739,0.571429,0.545455,0.385346,52,11,9,12,0.696901,0.485758,0.485758
linear_svm_balanced_ratio_preserved_noise_mcc_selected_v1,linear_svm_class_weight_balanced,linear_svm,C,90/10,5,random_fp_20,test,80/20,test,10.000000,True,20370,190,38.138212,105,21,84,0.742857,0.678571,0.400000,0.571429,0.470588,0.316228,66,18,9,12,0.699546,0.355248,0.355248
linear_svm_balanced_ratio_preserved_noise_mcc_selected_v1,linear_svm_class_weight_balanced,linear_svm,C,90/10,5,random_fp_20,test,90/10,test,10.000000,True,20370,190,38.407002,210,21,189,0.861905,0.732804,0.375000,0.571429,0.452830,0.388666,169,20,9,12,0.753842,0.292473,0.292473
linear_svm_balanced_ratio_preserved_noise_mcc_selected_v1,linear_svm_class_weight_balanced,linear_svm,C,90/10,5,heuristic_fp_10,validation_grid,90/10,valid,0.100000,False,13580,190,18.465701,190,19,171,0.842105,0.818713,0.365854,0.789474,0.500000,0.464858,145,26,4,15,0.863650,0.562377,0.562377
linear_svm_balanced_ratio_preserved_noise_mcc_selected_v1,linear_svm_class_weight_balanced,linear_svm,C,90/10,5,heuristic_fp_10,validation_grid,90/10,valid,1.000000,False,13580,190,20.345632,190,19,171,0.873684,0.789474,0.419355,0.684211,0.520000,0.470040,153,18,6,13,0.849800,0.527510,0.527510
linear_svm_balanced_ratio_preserved_noise_mcc_selected_v1,linear_svm_class_weight_balanced,linear_svm,C,90/10,5,heuristic_fp_10,validation_grid,90/10,valid,10.000000,True,13580,190,31.197761,190,19,171,0.910526,0.786550,0.545455,0.631579,0.585366,0.537327,161,10,7,12,0.852878,0.515446,0.515446
linear_svm_balanced_ratio_preserved_noise_mcc_selected_v1,linear_svm_class_weight_balanced,linear_svm,C,90/10,5,heuristic_fp_10,test,50/50,test,10.000000,True,13580,190,31.271656,42,21,21,0.714286,0.714286,1.000000,0.428571,0.600000,0.522233,21,0,12,9,0.861678,0.872590,0.872590
linear_svm_balanced_ratio_preserved_noise_mcc_selected_v1,linear_svm_class_weight_balanced,linear_svm,C,90/10,5,heuristic_fp_10,test,60/40,test,10.000000,True,13580,190,31.355540,53,21,32,0.754717,0.698661,0.900000,0.428571,0.580645,0.496698,31,1,12,9,0.857143,0.816165,0.816165
linear_svm_balanced_ratio_preserved_noise_mcc_selected_v1,linear_svm_class_weight_balanced,linear_svm,C,90/10,5,heuristic_fp_10,test,70/30,test,10.000000,True,13580,190,31.446787,70,21,49,0.757143,0.663265,0.642857,0.428571,0.514286,0.374088,44,5,12,9,0.856171,0.753292,0.753292
linear_svm_balanced_ratio_preserved_noise_mcc_selected_v1,linear_svm_class_weight_balanced,linear_svm,C,90/10,5,heuristic_fp_10,test,75/25,test,10.000000,True,13580,190,31.544973,84,21,63,0.821429,0.690476,0.750000,0.428571,0.545455,0.471405,60,3,12,9,0.857143,0.632090,0.632090
linear_svm_balanced_ratio_preserved_noise_mcc_selected_v1,linear_svm_class_weight_balanced,linear_svm,C,90/10,5,heuristic_fp_10,test,80/20,test,10.000000,True,13580,190,31.682046,105,21,84,0.838095,0.684524,0.642857,0.428571,0.514286,0.434257,79,5,12,9,0.871882,0.654573,0.654573
linear_svm_balanced_ratio_preserved_noise_mcc_selected_v1,linear_svm_class_weight_balanced,linear_svm,C,90/10,5,heuristic_fp_10,test,90/10,test,10.000000,True,13580,190,31.924462,210,21,189,0.871429,0.674603,0.375000,0.428571,0.400000,0.329276,174,15,12,9,0.874024,0.467025,0.467025
linear_svm_balanced_ratio_preserved_noise_mcc_selected_v1,linear_svm_class_weight_balanced,linear_svm,C,90/10,5,heuristic_fp_20,validation_grid,90/10,valid,0.100000,False,20370,190,26.669928,190,19,171,0.778947,0.783626,0.283019,0.789474,0.416667,0.379448,133,38,4,15,0.843336,0.522654,0.522654
linear_svm_balanced_ratio_preserved_noise_mcc_selected_v1,linear_svm_class_weight_balanced,linear_svm,C,90/10,5,heuristic_fp_20,validation_grid,90/10,valid,1.000000,False,20370,190,29.563037,190,19,171,0.805263,0.798246,0.312500,0.789474,0.447761,0.411826,138,33,4,15,0.828563,0.527457,0.527457
linear_svm_balanced_ratio_preserved_noise_mcc_selected_v1,linear_svm_class_weight_balanced,linear_svm,C,90/10,5,heuristic_fp_20,validation_grid,90/10,valid,10.000000,True,20370,190,36.880157,190,19,171,0.842105,0.771930,0.351351,0.684211,0.464286,0.412017,147,24,6,13,0.815943,0.447317,0.447317
linear_svm_balanced_ratio_preserved_noise_mcc_selected_v1,linear_svm_class_weight_balanced,linear_svm,C,90/10,5,heuristic_fp_20,test,50/50,test,10.000000,True,20370,190,36.956716,42,21,21,0.738095,0.738095,0.857143,0.571429,0.685714,0.505076,19,2,9,12,0.861678,0.857920,0.857920
linear_svm_balanced_ratio_preserved_noise_mcc_selected_v1,linear_svm_class_weight_balanced,linear_svm,C,90/10,5,heuristic_fp_20,test,60/40,test,10.000000,True,20370,190,37.036229,53,21,32,0.773585,0.738839,0.800000,0.571429,0.666667,0.518660,29,3,9,12,0.821429,0.777371,0.777371
linear_svm_balanced_ratio_preserved_noise_mcc_selected_v1,linear_svm_class_weight_balanced,linear_svm,C,90/10,5,heuristic_fp_20,test,70/30,test,10.000000,True,20370,190,37.122662,70,21,49,0.757143,0.704082,0.600000,0.571429,0.585366,0.414039,41,8,9,12,0.795918,0.673469,0.673469
linear_svm_balanced_ratio_preserved_noise_mcc_selected_v1,linear_svm_class_weight_balanced,linear_svm,C,90/10,5,heuristic_fp_20,test,75/25,test,10.000000,True,20370,190,37.214909,84,21,63,0.821429,0.738095,0.666667,0.571429,0.615385,0.502519,57,6,9,12,0.793651,0.549763,0.549763
linear_svm_balanced_ratio_preserved_noise_mcc_selected_v1,linear_svm_class_weight_balanced,linear_svm,C,90/10,5,heuristic_fp_20,test,80/20,test,10.000000,True,20370,190,37.355778,105,21,84,0.828571,0.732143,0.571429,0.571429,0.571429,0.464286,75,9,9,12,0.814059,0.602070,0.602070
linear_svm_balanced_ratio_preserved_noise_mcc_selected_v1,linear_svm_class_weight_balanced,linear_svm,C,90/10,5,heuristic_fp_20,test,90/10,test,10.000000,True,20370,190,37.613510,210,21,189,0.866667,0.735450,0.387097,0.571429,0.461538,0.398255,170,19,9,12,0.816075,0.368572,0.368572
