run_name,model,model_family,hyperparameter_name,train_ratio,seed,condition,stage,eval_ratio,split,C,selected_hyperparams,train_rows,valid_rows,elapsed_seconds,n_rows,positive_rows,benign_rows,accuracy,balanced_accuracy,precision,recall,f1,mcc,tn,fp,fn,tp,roc_auc,average_precision,pr_auc
linear_svm_balanced_ratio_preserved_noise_mcc_selected_true_pr_auc_v1,linear_svm_class_weight_balanced,linear_svm,C,60/40,1,clean,validation_selected_reproduction,60/40,valid,1,True,1698,48,4.7919169300002977,48,19,29,0.83333333333333337,0.84392014519056269,0.73913043478260865,0.89473684210526316,0.80952380952380953,0.67333236195797608,23,6,2,17,0.86025408348457355,0.81513210666168034,0.80926998891329938
linear_svm_balanced_ratio_preserved_noise_mcc_selected_true_pr_auc_v1,linear_svm_class_weight_balanced,linear_svm,C,60/40,1,clean,test,50/50,test,1,True,1698,48,4.8644143199780956,42,21,21,0.80952380952380953,0.80952380952380953,0.88235294117647056,0.7142857142857143,0.78947368421052633,0.63059262509446579,19,2,6,15,0.90476190476190477,0.92425301390818637,0.92267938013859352
linear_svm_balanced_ratio_preserved_noise_mcc_selected_true_pr_auc_v1,linear_svm_class_weight_balanced,linear_svm,C,60/40,1,clean,test,60/40,test,1,True,1698,48,4.94721017498523,53,21,32,0.75471698113207553,0.74776785714285721,0.68181818181818177,0.7142857142857143,0.69767441860465118,0.49188933866410628,25,7,6,15,0.8526785714285714,0.81213674747684683,0.80695808004829783
linear_svm_balanced_ratio_preserved_noise_mcc_selected_true_pr_auc_v1,linear_svm_class_weight_balanced,linear_svm,C,60/40,1,clean,test,70/30,test,1,True,1698,48,5.0327757530030794,70,21,49,0.81428571428571428,0.7857142857142857,0.68181818181818177,0.7142857142857143,0.69767441860465118,0.56407607481776623,42,7,6,15,0.88726919339164234,0.84959736258997376,0.84721801614090531
linear_svm_balanced_ratio_preserved_noise_mcc_selected_true_pr_auc_v1,linear_svm_class_weight_balanced,linear_svm,C,60/40,1,clean,test,75/25,test,1,True,1698,48,5.1244487100047991,84,21,63,0.8571428571428571,0.80952380952380953,0.7142857142857143,0.7142857142857143,0.7142857142857143,0.61904761904761907,57,6,6,15,0.89795918367346939,0.83290247315857591,0.83037294525404315
linear_svm_balanced_ratio_preserved_noise_mcc_selected_true_pr_auc_v1,linear_svm_class_weight_balanced,linear_svm,C,60/40,1,clean,test,80/20,test,1,True,1698,48,5.2478885599994101,105,21,84,0.80000000000000004,0.76785714285714279,0.5,0.7142857142857143,0.58823529411764708,0.47434164902525688,69,15,6,15,0.85260770975056688,0.70139981818731112,0.69619141829625564
linear_svm_balanced_ratio_preserved_noise_mcc_selected_true_pr_auc_v1,linear_svm_class_weight_balanced,linear_svm,C,60/40,1,clean,test,90/10,test,1,True,1698,48,5.4521977809781674,210,21,189,0.78095238095238095,0.75132275132275139,0.27272727272727271,0.7142857142857143,0.39473684210526316,0.34296922868012547,149,40,6,15,0.85487528344671193,0.54739758526242766,0.53923386962157194
linear_svm_balanced_ratio_preserved_noise_mcc_selected_true_pr_auc_v1,linear_svm_class_weight_balanced,linear_svm,C,60/40,1,random_flip_10,validation_selected_reproduction,60/40,valid,0.10000000000000001,True,1698,48,4.3854101359902415,48,19,29,0.79166666666666663,0.78221415607985478,0.73684210526315785,0.73684210526315785,0.73684210526315785,0.56442831215970957,24,5,5,14,0.82032667876588017,0.79957660456846458,0.79399138674934044
linear_svm_balanced_ratio_preserved_noise_mcc_selected_true_pr_auc_v1,linear_svm_class_weight_balanced,linear_svm,C,60/40,1,random_flip_10,test,50/50,test,0.10000000000000001,True,1698,48,4.4563603209971916,42,21,21,0.83333333333333337,0.83333333333333326,0.81818181818181823,0.8571428571428571,0.83720930232558144,0.66742381247191462,17,4,3,18,0.87528344671201819,0.90346361081833537,0.90145716490162364
linear_svm_balanced_ratio_preserved_noise_mcc_selected_true_pr_auc_v1,linear_svm_class_weight_balanced,linear_svm,C,60/40,1,random_flip_10,test,60/40,test,0.10000000000000001,True,1698,48,4.533203490980668,53,21,32,0.79245283018867929,0.8035714285714286,0.69230769230769229,0.8571428571428571,0.76595744680851063,0.59402807414242031,24,8,3,18,0.84523809523809523,0.83587671900485594,0.83237692784750195
linear_svm_balanced_ratio_preserved_noise_mcc_selected_true_pr_auc_v1,linear_svm_class_weight_balanced,linear_svm,C,60/40,1,random_flip_10,test,70/30,test,0.10000000000000001,True,1698,48,4.6128957549808547,70,21,49,0.8571428571428571,0.8571428571428571,0.71999999999999997,0.8571428571428571,0.78260869565217395,0.68313005106397318,42,7,3,18,0.88435374149659862,0.83467793079239172,0.83094783775113412
linear_svm_balanced_ratio_preserved_noise_mcc_selected_true_pr_auc_v1,linear_svm_class_weight_balanced,linear_svm,C,60/40,1,random_flip_10,test,75/25,test,0.10000000000000001,True,1698,48,4.7004389879875816,84,21,63,0.84523809523809523,0.84920634920634919,0.6428571428571429,0.8571428571428571,0.73469387755102045,0.64153302787178479,53,10,3,18,0.89644746787603935,0.83476417253825907,0.83187863329934775
linear_svm_balanced_ratio_preserved_noise_mcc_selected_true_pr_auc_v1,linear_svm_class_weight_balanced,linear_svm,C,60/40,1,random_flip_10,test,80/20,test,0.10000000000000001,True,1698,48,4.8213792110036593,105,21,84,0.80000000000000004,0.8214285714285714,0.5,0.8571428571428571,0.63157894736842102,0.5417363388859614,66,18,3,18,0.84637188208616776,0.66688095370430611,0.65979174812865837
linear_svm_balanced_ratio_preserved_noise_mcc_selected_true_pr_auc_v1,linear_svm_class_weight_balanced,linear_svm,C,60/40,1,random_flip_10,test,90/10,test,0.10000000000000001,True,1698,48,5.0407078540010843,210,21,189,0.7857142857142857,0.81746031746031744,0.29999999999999999,0.8571428571428571,0.44444444444444442,0.4216370213557839,147,42,3,18,0.85411942554799702,0.53813901138389064,0.52970437893643463
linear_svm_balanced_ratio_preserved_noise_mcc_selected_true_pr_auc_v1,linear_svm_class_weight_balanced,linear_svm,C,60/40,1,random_flip_20,validation_selected_reproduction,60/40,valid,0.10000000000000001,True,1698,48,4.6344462459965143,48,19,29,0.72916666666666663,0.72141560798548099,0.65000000000000002,0.68421052631578949,0.66666666666666663,0.43925833738106357,22,7,6,13,0.76406533575317603,0.74636431153209348,0.73832483970742335
linear_svm_balanced_ratio_preserved_noise_mcc_selected_true_pr_auc_v1,linear_svm_class_weight_balanced,linear_svm,C,60/40,1,random_flip_20,test,50/50,test,0.10000000000000001,True,1698,48,4.7064267440000549,42,21,21,0.7857142857142857,0.7857142857142857,0.75,0.8571428571428571,0.80000000000000004,0.57735026918962573,15,6,3,18,0.86848072562358269,0.88068286634644211,0.87758713074957284
linear_svm_balanced_ratio_preserved_noise_mcc_selected_true_pr_auc_v1,linear_svm_class_weight_balanced,linear_svm,C,60/40,1,random_flip_20,test,60/40,test,0.10000000000000001,True,1698,48,4.7849008810007945,53,21,32,0.81132075471698117,0.8191964285714286,0.71999999999999997,0.8571428571428571,0.78260869565217395,0.62549470217499015,25,7,3,18,0.87202380952380953,0.82046739073497155,0.81450376775136735
linear_svm_balanced_ratio_preserved_noise_mcc_selected_true_pr_auc_v1,linear_svm_class_weight_balanced,linear_svm,C,60/40,1,random_flip_20,test,70/30,test,0.10000000000000001,True,1698,48,4.8730497669894248,70,21,49,0.81428571428571428,0.82653061224489788,0.6428571428571429,0.8571428571428571,0.73469387755102045,0.61088283865697002,39,10,3,18,0.9008746355685131,0.85152628020606813,0.84882013960930913
linear_svm_balanced_ratio_preserved_noise_mcc_selected_true_pr_auc_v1,linear_svm_class_weight_balanced,linear_svm,C,60/40,1,random_flip_20,test,75/25,test,0.10000000000000001,True,1698,48,4.9717773050069809,84,21,63,0.86904761904761907,0.86507936507936511,0.69230769230769229,0.8571428571428571,0.76595744680851063,0.68390618846756046,55,8,3,18,0.92592592592592593,0.87781983995994639,0.87584474023279402
linear_svm_balanced_ratio_preserved_noise_mcc_selected_true_pr_auc_v1,linear_svm_class_weight_balanced,linear_svm,C,60/40,1,random_flip_20,test,80/20,test,0.10000000000000001,True,1698,48,5.0947451140091289,105,21,84,0.78095238095238095,0.80952380952380953,0.47368421052631576,0.8571428571428571,0.61016949152542377,0.51528102293812172,64,20,3,18,0.86961451247165533,0.6649248932163685,0.65379997112826449
linear_svm_balanced_ratio_preserved_noise_mcc_selected_true_pr_auc_v1,linear_svm_class_weight_balanced,linear_svm,C,60/40,1,random_flip_20,test,90/10,test,0.10000000000000001,True,1698,48,5.326980490994174,210,21,189,0.77619047619047621,0.8121693121693121,0.29032258064516131,0.8571428571428571,0.43373493975903615,0.41061428124083393,145,44,3,18,0.86495338876291261,0.48420143169886576,0.47094305560364308
linear_svm_balanced_ratio_preserved_noise_mcc_selected_true_pr_auc_v1,linear_svm_class_weight_balanced,linear_svm,C,60/40,1,random_fp_10,validation_selected_reproduction,60/40,valid,0.10000000000000001,True,2124,48,5.1612264069844969,48,19,29,0.83333333333333337,0.83484573502722315,0.76190476190476186,0.84210526315789469,0.80000000000000004,0.66017494401264587,24,5,3,16,0.87477313974591642,0.85090814057676389,0.84670496419419949
linear_svm_balanced_ratio_preserved_noise_mcc_selected_true_pr_auc_v1,linear_svm_class_weight_balanced,linear_svm,C,60/40,1,random_fp_10,test,50/50,test,0.10000000000000001,True,2124,48,5.2327015539922286,42,21,21,0.7857142857142857,0.7857142857142857,0.80000000000000004,0.76190476190476186,0.78048780487804881,0.57207755354735534,17,4,5,16,0.82993197278911557,0.86244508373990048,0.85918009510837057
linear_svm_balanced_ratio_preserved_noise_mcc_selected_true_pr_auc_v1,linear_svm_class_weight_balanced,linear_svm,C,60/40,1,random_fp_10,test,60/40,test,0.10000000000000001,True,2124,48,5.3123423469951376,53,21,32,0.81132075471698117,0.80282738095238093,0.76190476190476186,0.76190476190476186,0.76190476190476186,0.60565476190476186,27,5,5,16,0.85565476190476186,0.8558021517785861,0.85300205266817786
linear_svm_balanced_ratio_preserved_noise_mcc_selected_true_pr_auc_v1,linear_svm_class_weight_balanced,linear_svm,C,60/40,1,random_fp_10,test,70/30,test,0.10000000000000001,True,2124,48,5.3901076079928316,70,21,49,0.87142857142857144,0.84013605442176864,0.80000000000000004,0.76190476190476186,0.78048780487804881,0.69006555934235425,45,4,5,16,0.87755102040816324,0.85597334065547459,0.85371554386619741
linear_svm_balanced_ratio_preserved_noise_mcc_selected_true_pr_auc_v1,linear_svm_class_weight_balanced,linear_svm,C,60/40,1,random_fp_10,test,75/25,test,0.10000000000000001,True,2124,48,5.4766844190016855,84,21,63,0.84523809523809523,0.81746031746031744,0.66666666666666663,0.76190476190476186,0.71111111111111114,0.60858061945018449,55,8,5,16,0.89040060468631888,0.8422293679009365,0.83984847776262805
linear_svm_balanced_ratio_preserved_noise_mcc_selected_true_pr_auc_v1,linear_svm_class_weight_balanced,linear_svm,C,60/40,1,random_fp_10,test,80/20,test,0.10000000000000001,True,2124,48,5.591095273004612,105,21,84,0.77142857142857146,0.76785714285714279,0.45714285714285713,0.76190476190476186,0.5714285714285714,0.45456864504849487,65,19,5,16,0.832766439909297,0.64929418970867636,0.64198136917738502
linear_svm_balanced_ratio_preserved_noise_mcc_selected_true_pr_auc_v1,linear_svm_class_weight_balanced,linear_svm,C,60/40,1,random_fp_10,test,90/10,test,0.10000000000000001,True,2124,48,5.8064918369927909,210,21,189,0.73333333333333328,0.74603174603174605,0.23880597014925373,0.76190476190476186,0.36363636363636365,0.31670598730089494,138,51,5,16,0.84328546233308133,0.4984692099073128,0.481901816740262
linear_svm_balanced_ratio_preserved_noise_mcc_selected_true_pr_auc_v1,linear_svm_class_weight_balanced,linear_svm,C,60/40,1,random_fp_20,validation_selected_reproduction,60/40,valid,0.10000000000000001,True,2549,48,5.751173288008431,48,19,29,0.79166666666666663,0.79128856624319421,0.7142857142857143,0.78947368421052633,0.75,0.57429852853132601,23,6,4,15,0.85299455535390201,0.78599306778233946,0.77723978794398063
linear_svm_balanced_ratio_preserved_noise_mcc_selected_true_pr_auc_v1,linear_svm_class_weight_balanced,linear_svm,C,60/40,1,random_fp_20,test,50/50,test,0.10000000000000001,True,2549,48,5.8263171880098525,42,21,21,0.76190476190476186,0.76190476190476186,0.71999999999999997,0.8571428571428571,0.78260869565217395,0.53357837507993255,14,7,3,18,0.85714285714285721,0.8689877189454136,0.86575377363837691
linear_svm_balanced_ratio_preserved_noise_mcc_selected_true_pr_auc_v1,linear_svm_class_weight_balanced,linear_svm,C,60/40,1,random_fp_20,test,60/40,test,0.10000000000000001,True,2549,48,5.9096048040082678,53,21,32,0.77358490566037741,0.7879464285714286,0.66666666666666663,0.8571428571428571,0.75,0.56345309973803104,23,9,3,18,0.82886904761904767,0.72253042039761062,0.70774305218306988
linear_svm_balanced_ratio_preserved_noise_mcc_selected_true_pr_auc_v1,linear_svm_class_weight_balanced,linear_svm,C,60/40,1,random_fp_20,test,70/30,test,0.10000000000000001,True,2549,48,5.99605614200118,70,21,49,0.80000000000000004,0.81632653061224492,0.62068965517241381,0.8571428571428571,0.71999999999999997,0.58854865814861101,38,11,3,18,0.90670553935860054,0.84289781973016265,0.83924289866827229
linear_svm_balanced_ratio_preserved_noise_mcc_selected_true_pr_auc_v1,linear_svm_class_weight_balanced,linear_svm,C,60/40,1,random_fp_20,test,75/25,test,0.10000000000000001,True,2549,48,6.0980677450133953,84,21,63,0.8571428571428571,0.8571428571428571,0.66666666666666663,0.8571428571428571,0.75,0.6622661785325219,54,9,3,18,0.9055177626606199,0.80769068997369553,0.80342301685223472
linear_svm_balanced_ratio_preserved_noise_mcc_selected_true_pr_auc_v1,linear_svm_class_weight_balanced,linear_svm,C,60/40,1,random_fp_20,test,80/20,test,0.10000000000000001,True,2549,48,6.2274341100128368,105,21,84,0.78095238095238095,0.80952380952380953,0.47368421052631576,0.8571428571428571,0.61016949152542377,0.51528102293812172,64,20,3,18,0.86451247165532874,0.64518682957189366,0.63671646176908259
linear_svm_balanced_ratio_preserved_noise_mcc_selected_true_pr_auc_v1,linear_svm_class_weight_balanced,linear_svm,C,60/40,1,random_fp_20,test,90/10,test,0.10000000000000001,True,2549,48,6.4639581149967853,210,21,189,0.73809523809523814,0.79100529100529093,0.25714285714285712,0.8571428571428571,0.39560439560439559,0.3703892663358106,137,52,3,18,0.86495338876291261,0.41861077298352206,0.39369050929723015
linear_svm_balanced_ratio_preserved_noise_mcc_selected_true_pr_auc_v1,linear_svm_class_weight_balanced,linear_svm,C,60/40,1,heuristic_fp_10,validation_selected_reproduction,60/40,valid,0.10000000000000001,True,2124,48,5.1463093979982659,48,19,29,0.83333333333333337,0.83484573502722315,0.76190476190476186,0.84210526315789469,0.80000000000000004,0.66017494401264587,24,5,3,16,0.87114337568058076,0.79642275102190374,0.78890309991851948
linear_svm_balanced_ratio_preserved_noise_mcc_selected_true_pr_auc_v1,linear_svm_class_weight_balanced,linear_svm,C,60/40,1,heuristic_fp_10,test,50/50,test,0.10000000000000001,True,2124,48,5.2238017430063337,42,21,21,0.8571428571428571,0.8571428571428571,0.8571428571428571,0.8571428571428571,0.8571428571428571,0.7142857142857143,18,3,3,18,0.90702947845804982,0.92011763469820385,0.91816792215325327
linear_svm_balanced_ratio_preserved_noise_mcc_selected_true_pr_auc_v1,linear_svm_class_weight_balanced,linear_svm,C,60/40,1,heuristic_fp_10,test,60/40,test,0.10000000000000001,True,2124,48,5.3083932480076328,53,21,32,0.81132075471698117,0.8191964285714286,0.71999999999999997,0.8571428571428571,0.78260869565217395,0.62549470217499015,25,7,3,18,0.90029761904761896,0.87975474964602607,0.87697112050746062
linear_svm_balanced_ratio_preserved_noise_mcc_selected_true_pr_auc_v1,linear_svm_class_weight_balanced,linear_svm,C,60/40,1,heuristic_fp_10,test,70/30,test,0.10000000000000001,True,2124,48,5.4000450049934443,70,21,49,0.87142857142857144,0.86734693877551017,0.75,0.8571428571428571,0.80000000000000004,0.70929936561519058,43,6,3,18,0.93002915451895041,0.89731549941526989,0.89527666523357863
linear_svm_balanced_ratio_preserved_noise_mcc_selected_true_pr_auc_v1,linear_svm_class_weight_balanced,linear_svm,C,60/40,1,heuristic_fp_10,test,75/25,test,0.10000000000000001,True,2124,48,5.4959521879791282,84,21,63,0.86904761904761907,0.86507936507936511,0.69230769230769229,0.8571428571428571,0.76595744680851063,0.68390618846756046,55,8,3,18,0.94633408919123196,0.91083266639989358,0.90932314169730355
linear_svm_balanced_ratio_preserved_noise_mcc_selected_true_pr_auc_v1,linear_svm_class_weight_balanced,linear_svm,C,60/40,1,heuristic_fp_10,test,80/20,test,0.10000000000000001,True,2124,48,5.6188195949944202,105,21,84,0.79047619047619044,0.81547619047619047,0.48648648648648651,0.8571428571428571,0.62068965517241381,0.52831209762414622,65,19,3,18,0.87585034013605445,0.60876658828796204,0.59223836046254696
linear_svm_balanced_ratio_preserved_noise_mcc_selected_true_pr_auc_v1,linear_svm_class_weight_balanced,linear_svm,C,60/40,1,heuristic_fp_10,test,90/10,test,0.10000000000000001,True,2124,48,5.8460084669932257,210,21,189,0.76190476190476186,0.80423280423280419,0.27692307692307694,0.8571428571428571,0.41860465116279072,0.39485342201219698,142,47,3,18,0.88662131519274379,0.47373440648843562,0.44468791067100294
linear_svm_balanced_ratio_preserved_noise_mcc_selected_true_pr_auc_v1,linear_svm_class_weight_balanced,linear_svm,C,60/40,1,heuristic_fp_20,validation_selected_reproduction,60/40,valid,10,True,2549,48,6.4211045189877041,48,19,29,0.83333333333333337,0.84392014519056269,0.73913043478260865,0.89473684210526316,0.80952380952380953,0.67333236195797608,23,6,2,17,0.84936479128856623,0.76620375873808366,0.75180820764828316
linear_svm_balanced_ratio_preserved_noise_mcc_selected_true_pr_auc_v1,linear_svm_class_weight_balanced,linear_svm,C,60/40,1,heuristic_fp_20,test,50/50,test,10,True,2549,48,6.499536133982474,42,21,21,0.76190476190476186,0.76190476190476186,0.73913043478260865,0.80952380952380953,0.77272727272727271,0.52620136055843392,15,6,4,17,0.85487528344671204,0.86368709294129475,0.85891274316830035
linear_svm_balanced_ratio_preserved_noise_mcc_selected_true_pr_auc_v1,linear_svm_class_weight_balanced,linear_svm,C,60/40,1,heuristic_fp_20,test,60/40,test,10,True,2549,48,6.5854724009986967,53,21,32,0.75471698113207553,0.76413690476190477,0.65384615384615385,0.80952380952380953,0.72340425531914898,0.51686266255039026,23,9,4,17,0.82291666666666663,0.73837364731447752,0.72451049173936544
linear_svm_balanced_ratio_preserved_noise_mcc_selected_true_pr_auc_v1,linear_svm_class_weight_balanced,linear_svm,C,60/40,1,heuristic_fp_20,test,70/30,test,10,True,2549,48,6.6750549800053705,70,21,49,0.7857142857142857,0.79251700680272108,0.6071428571428571,0.80952380952380953,0.69387755102040816,0.54724920963020229,38,11,4,17,0.86880466472303208,0.77964989242015448,0.76755742725888476
linear_svm_balanced_ratio_preserved_noise_mcc_selected_true_pr_auc_v1,linear_svm_class_weight_balanced,linear_svm,C,60/40,1,heuristic_fp_20,test,75/25,test,10,True,2549,48,6.7767059140023775,84,21,63,0.8214285714285714,0.81746031746031744,0.6071428571428571,0.80952380952380953,0.69387755102040816,0.58321184351980437,52,11,4,17,0.87150415721844299,0.65415320341530114,0.62720132271250262
linear_svm_balanced_ratio_preserved_noise_mcc_selected_true_pr_auc_v1,linear_svm_class_weight_balanced,linear_svm,C,60/40,1,heuristic_fp_20,test,80/20,test,10,True,2549,48,6.9069898299931083,105,21,84,0.72380952380952379,0.75595238095238093,0.40476190476190477,0.80952380952380953,0.53968253968253965,0.41796848785585972,59,25,4,17,0.82086167800453513,0.50313619531665221,0.47380954697072425
linear_svm_balanced_ratio_preserved_noise_mcc_selected_true_pr_auc_v1,linear_svm_class_weight_balanced,linear_svm,C,60/40,1,heuristic_fp_20,test,90/10,test,10,True,2549,48,7.1361427469819319,210,21,189,0.71904761904761905,0.7592592592592593,0.2361111111111111,0.80952380952380953,0.36559139784946237,0.3277170445112606,134,55,4,17,0.84328546233308144,0.49576026249434152,0.48737087697546055
linear_svm_balanced_ratio_preserved_noise_mcc_selected_true_pr_auc_v1,linear_svm_class_weight_balanced,linear_svm,C,60/40,2,clean,validation_selected_reproduction,60/40,valid,0.10000000000000001,True,1698,48,4.6763338079908863,48,19,29,0.83333333333333337,0.83484573502722315,0.76190476190476186,0.84210526315789469,0.80000000000000004,0.66017494401264587,24,5,3,16,0.86751361161524498,0.83279595497842884,0.8275300088708587
linear_svm_balanced_ratio_preserved_noise_mcc_selected_true_pr_auc_v1,linear_svm_class_weight_balanced,linear_svm,C,60/40,2,clean,test,50/50,test,0.10000000000000001,True,1698,48,4.7856573769822717,42,21,21,0.7857142857142857,0.7857142857142857,0.80000000000000004,0.76190476190476186,0.78048780487804881,0.57207755354735534,17,4,5,16,0.85941043083900226,0.86413281137225417,0.8601491811428521
linear_svm_balanced_ratio_preserved_noise_mcc_selected_true_pr_auc_v1,linear_svm_class_weight_balanced,linear_svm,C,60/40,2,clean,test,60/40,test,0.10000000000000001,True,1698,48,4.8815530099964235,53,21,32,0.79245283018867929,0.78720238095238093,0.72727272727272729,0.76190476190476186,0.7441860465116279,0.57017803220524033,26,6,5,16,0.88244047619047616,0.88319291956884949,0.88119450081057882
linear_svm_balanced_ratio_preserved_noise_mcc_selected_true_pr_auc_v1,linear_svm_class_weight_balanced,linear_svm,C,60/40,2,clean,test,70/30,test,0.10000000000000001,True,1698,48,5.0146539999986999,70,21,49,0.77142857142857146,0.76870748299319724,0.59259259259259256,0.76190476190476186,0.66666666666666663,0.50594269998482844,38,11,5,16,0.82701652089407185,0.59026320792953935,0.56535330397772998
linear_svm_balanced_ratio_preserved_noise_mcc_selected_true_pr_auc_v1,linear_svm_class_weight_balanced,linear_svm,C,60/40,2,clean,test,75/25,test,0.10000000000000001,True,1698,48,5.1330429349909537,84,21,63,0.73809523809523814,0.74603174603174605,0.48484848484848486,0.76190476190476186,0.59259259259259256,0.43627367528477401,46,17,5,16,0.84278155706727131,0.62594292873033386,0.59912359326790787
linear_svm_balanced_ratio_preserved_noise_mcc_selected_true_pr_auc_v1,linear_svm_class_weight_balanced,linear_svm,C,60/40,2,clean,test,80/20,test,0.10000000000000001,True,1698,48,5.2477630869834684,105,21,84,0.79047619047619044,0.77976190476190477,0.48484848484848486,0.76190476190476186,0.59259259259259256,0.4821083396690532,67,17,5,16,0.87301587301587302,0.67345421718481302,0.66541048672199943
linear_svm_balanced_ratio_preserved_noise_mcc_selected_true_pr_auc_v1,linear_svm_class_weight_balanced,linear_svm,C,60/40,2,clean,test,90/10,test,0.10000000000000001,True,1698,48,5.4581036059826147,210,21,189,0.7857142857142857,0.77513227513227512,0.2857142857142857,0.76190476190476186,0.41558441558441561,0.37329975995342163,149,40,5,16,0.87074829931972786,0.40924914836201798,0.38641092927108006
linear_svm_balanced_ratio_preserved_noise_mcc_selected_true_pr_auc_v1,linear_svm_class_weight_balanced,linear_svm,C,60/40,2,random_flip_10,validation_selected_reproduction,60/40,valid,0.10000000000000001,True,1698,48,4.8518158240185585,48,19,29,0.8125,0.81760435571687839,0.72727272727272729,0.84210526315789469,0.78048780487804881,0.62343937884455281,23,6,3,16,0.85480943738656989,0.80978082649565131,0.80371210776417956
linear_svm_balanced_ratio_preserved_noise_mcc_selected_true_pr_auc_v1,linear_svm_class_weight_balanced,linear_svm,C,60/40,2,random_flip_10,test,50/50,test,0.10000000000000001,True,1698,48,4.9558574120164849,42,21,21,0.7857142857142857,0.7857142857142857,0.77272727272727271,0.80952380952380953,0.79069767441860461,0.57207755354735534,16,5,4,17,0.83900226757369611,0.84553735605174185,0.84075856918757252
linear_svm_balanced_ratio_preserved_noise_mcc_selected_true_pr_auc_v1,linear_svm_class_weight_balanced,linear_svm,C,60/40,2,random_flip_10,test,60/40,test,0.10000000000000001,True,1698,48,5.0559658810088877,53,21,32,0.81132075471698117,0.81101190476190477,0.73913043478260865,0.80952380952380953,0.77272727272727271,0.6138568406737519,26,6,4,17,0.87648809523809512,0.8600864143937863,0.85683874479791644
linear_svm_balanced_ratio_preserved_noise_mcc_selected_true_pr_auc_v1,linear_svm_class_weight_balanced,linear_svm,C,60/40,2,random_flip_10,test,70/30,test,0.10000000000000001,True,1698,48,5.1909112330176868,70,21,49,0.77142857142857146,0.78231292517006801,0.58620689655172409,0.80952380952380953,0.68000000000000005,0.52526385619714755,37,12,4,17,0.81049562682215737,0.57269840133985794,0.54750347348654727
linear_svm_balanced_ratio_preserved_noise_mcc_selected_true_pr_auc_v1,linear_svm_class_weight_balanced,linear_svm,C,60/40,2,random_flip_10,test,75/25,test,0.10000000000000001,True,1698,48,5.3119565790111665,84,21,63,0.76190476190476186,0.77777777777777779,0.51515151515151514,0.80952380952380953,0.62962962962962965,0.49256705274087387,47,16,4,17,0.80650037792894935,0.53612613573766454,0.50700586096691214
linear_svm_balanced_ratio_preserved_noise_mcc_selected_true_pr_auc_v1,linear_svm_class_weight_balanced,linear_svm,C,60/40,2,random_flip_10,test,80/20,test,0.10000000000000001,True,1698,48,5.4293736219988205,105,21,84,0.79047619047619044,0.79761904761904767,0.48571428571428571,0.80952380952380953,0.6071428571428571,0.50507627227610541,66,18,4,17,0.85430839002267567,0.61357851214439796,0.60333491018884966
linear_svm_balanced_ratio_preserved_noise_mcc_selected_true_pr_auc_v1,linear_svm_class_weight_balanced,linear_svm,C,60/40,2,random_flip_10,test,90/10,test,0.10000000000000001,True,1698,48,5.6500350150163285,210,21,189,0.80476190476190479,0.80687830687830686,0.31481481481481483,0.80952380952380953,0.45333333333333331,0.42128651251906202,152,37,4,17,0.85915847820609714,0.38327016212734905,0.36050386840873233
linear_svm_balanced_ratio_preserved_noise_mcc_selected_true_pr_auc_v1,linear_svm_class_weight_balanced,linear_svm,C,60/40,2,random_flip_20,validation_selected_reproduction,60/40,valid,0.10000000000000001,True,1698,48,4.9450974270002916,48,19,29,0.72916666666666663,0.72141560798548099,0.65000000000000002,0.68421052631578949,0.66666666666666663,0.43925833738106357,22,7,6,13,0.78765880217785844,0.72103186005628206,0.71109345387346123
linear_svm_balanced_ratio_preserved_noise_mcc_selected_true_pr_auc_v1,linear_svm_class_weight_balanced,linear_svm,C,60/40,2,random_flip_20,test,50/50,test,0.10000000000000001,True,1698,48,5.0587054429925047,42,21,21,0.7857142857142857,0.7857142857142857,0.80000000000000004,0.76190476190476186,0.78048780487804881,0.57207755354735534,17,4,5,16,0.8004535147392291,0.82559647564264727,0.81911588591784312
linear_svm_balanced_ratio_preserved_noise_mcc_selected_true_pr_auc_v1,linear_svm_class_weight_balanced,linear_svm,C,60/40,2,random_flip_20,test,60/40,test,0.10000000000000001,True,1698,48,5.1509729939862154,53,21,32,0.73584905660377353,0.74032738095238093,0.64000000000000001,0.76190476190476186,0.69565217391304346,0.47094356364224199,23,9,5,16,0.80952380952380953,0.811276069541218,0.80755731487724502
linear_svm_balanced_ratio_preserved_noise_mcc_selected_true_pr_auc_v1,linear_svm_class_weight_balanced,linear_svm,C,60/40,2,random_flip_20,test,70/30,test,0.10000000000000001,True,1698,48,5.281299371010391,70,21,49,0.80000000000000004,0.78911564625850339,0.64000000000000001,0.76190476190476186,0.69565217391304346,0.55301004133750209,40,9,5,16,0.77939747327502418,0.59345887651151885,0.5648440506014738
linear_svm_balanced_ratio_preserved_noise_mcc_selected_true_pr_auc_v1,linear_svm_class_weight_balanced,linear_svm,C,60/40,2,random_flip_20,test,75/25,test,0.10000000000000001,True,1698,48,5.4031663750065491,84,21,63,0.69047619047619047,0.71428571428571419,0.43243243243243246,0.76190476190476186,0.55172413793103448,0.37381209204761162,42,21,5,16,0.77626606198034775,0.60954375780873993,0.59454707288523645
linear_svm_balanced_ratio_preserved_noise_mcc_selected_true_pr_auc_v1,linear_svm_class_weight_balanced,linear_svm,C,60/40,2,random_flip_20,test,80/20,test,0.10000000000000001,True,1698,48,5.5218196559872013,105,21,84,0.77142857142857146,0.76785714285714279,0.45714285714285713,0.76190476190476186,0.5714285714285714,0.45456864504849487,65,19,5,16,0.81519274376417228,0.6677364166908899,0.66174694186319027
linear_svm_balanced_ratio_preserved_noise_mcc_selected_true_pr_auc_v1,linear_svm_class_weight_balanced,linear_svm,C,60/40,2,random_flip_20,test,90/10,test,0.10000000000000001,True,1698,48,5.739339858002495,210,21,189,0.77619047619047621,0.76984126984126977,0.27586206896551724,0.76190476190476186,0.4050632911392405,0.36211217441595922,147,42,5,16,0.80574452003023433,0.42054472584246383,0.3919092742453848
linear_svm_balanced_ratio_preserved_noise_mcc_selected_true_pr_auc_v1,linear_svm_class_weight_balanced,linear_svm,C,60/40,2,random_fp_10,validation_selected_reproduction,60/40,valid,0.10000000000000001,True,2124,48,5.3041662310133688,48,19,29,0.77083333333333337,0.77404718693284935,0.68181818181818177,0.78947368421052633,0.73170731707317072,0.53793912117444276,22,7,4,15,0.86932849364791287,0.81206871353319121,0.80460527383729918
linear_svm_balanced_ratio_preserved_noise_mcc_selected_true_pr_auc_v1,linear_svm_class_weight_balanced,linear_svm,C,60/40,2,random_fp_10,test,50/50,test,0.10000000000000001,True,2124,48,5.4142298469960224,42,21,21,0.7857142857142857,0.7857142857142857,0.77272727272727271,0.80952380952380953,0.79069767441860461,0.57207755354735534,16,5,4,17,0.84353741496598644,0.88313169295035721,0.88055820703768917
linear_svm_balanced_ratio_preserved_noise_mcc_selected_true_pr_auc_v1,linear_svm_class_weight_balanced,linear_svm,C,60/40,2,random_fp_10,test,60/40,test,0.10000000000000001,True,2124,48,5.5067401129927021,53,21,32,0.86792452830188682,0.85788690476190477,0.84999999999999998,0.80952380952380953,0.82926829268292679,0.7222515325942731,29,3,4,17,0.88690476190476186,0.89730989947363993,0.89560302537242342
linear_svm_balanced_ratio_preserved_noise_mcc_selected_true_pr_auc_v1,linear_svm_class_weight_balanced,linear_svm,C,60/40,2,random_fp_10,test,70/30,test,0.10000000000000001,True,2124,48,5.6589299880142789,70,21,49,0.77142857142857146,0.78231292517006801,0.58620689655172409,0.80952380952380953,0.68000000000000005,0.52526385619714755,37,12,4,17,0.82215743440233235,0.58673912950258955,0.55747373222117735
linear_svm_balanced_ratio_preserved_noise_mcc_selected_true_pr_auc_v1,linear_svm_class_weight_balanced,linear_svm,C,60/40,2,random_fp_10,test,75/25,test,0.10000000000000001,True,2124,48,5.8036830030032434,84,21,63,0.7142857142857143,0.74603174603174605,0.45945945945945948,0.80952380952380953,0.58620689655172409,0.42919166123985042,43,20,4,17,0.82388510959939532,0.61865469988055866,0.60611687706506778
linear_svm_balanced_ratio_preserved_noise_mcc_selected_true_pr_auc_v1,linear_svm_class_weight_balanced,linear_svm,C,60/40,2,random_fp_10,test,80/20,test,0.10000000000000001,True,2124,48,5.9650247860117815,105,21,84,0.80000000000000004,0.8035714285714286,0.5,0.80952380952380953,0.61818181818181817,0.51900500689598228,67,17,4,17,0.87074829931972786,0.72015043872706408,0.71433526182347395
linear_svm_balanced_ratio_preserved_noise_mcc_selected_true_pr_auc_v1,linear_svm_class_weight_balanced,linear_svm,C,60/40,2,random_fp_10,test,90/10,test,0.10000000000000001,True,2124,48,6.1762776850082446,210,21,189,0.7857142857142857,0.79629629629629628,0.29310344827586204,0.80952380952380953,0.43037974683544306,0.39761336798615132,148,41,4,17,0.85764676240866711,0.48115097150603864,0.46823352649377836
linear_svm_balanced_ratio_preserved_noise_mcc_selected_true_pr_auc_v1,linear_svm_class_weight_balanced,linear_svm,C,60/40,2,random_fp_20,validation_selected_reproduction,60/40,valid,0.10000000000000001,True,2549,48,6.1830425299995113,48,19,29,0.77083333333333337,0.79219600725952821,0.65384615384615385,0.89473684210526316,0.75555555555555554,0.57356422853698863,20,9,2,17,0.87477313974591653,0.83806396354722268,0.83308684184707116
linear_svm_balanced_ratio_preserved_noise_mcc_selected_true_pr_auc_v1,linear_svm_class_weight_balanced,linear_svm,C,60/40,2,random_fp_20,test,50/50,test,0.10000000000000001,True,2549,48,6.2839896180084907,42,21,21,0.80952380952380953,0.80952380952380953,0.78260869565217395,0.8571428571428571,0.81818181818181823,0.6218743352054219,16,5,3,18,0.83219954648526073,0.83661155818158361,0.83071153428181899
linear_svm_balanced_ratio_preserved_noise_mcc_selected_true_pr_auc_v1,linear_svm_class_weight_balanced,linear_svm,C,60/40,2,random_fp_20,test,60/40,test,0.10000000000000001,True,2549,48,6.3750702109828126,53,21,32,0.83018867924528306,0.8348214285714286,0.75,0.8571428571428571,0.80000000000000004,0.65799600594712171,26,6,3,18,0.86755952380952372,0.85090884965786184,0.84727438112279563
linear_svm_balanced_ratio_preserved_noise_mcc_selected_true_pr_auc_v1,linear_svm_class_weight_balanced,linear_svm,C,60/40,2,random_fp_20,test,70/30,test,0.10000000000000001,True,2549,48,6.5159351479960606,70,21,49,0.7857142857142857,0.80612244897959173,0.59999999999999998,0.8571428571428571,0.70588235294117652,0.56694670951384085,37,12,3,18,0.83187560738581146,0.65368009621051071,0.64112473415484295
linear_svm_balanced_ratio_preserved_noise_mcc_selected_true_pr_auc_v1,linear_svm_class_weight_balanced,linear_svm,C,60/40,2,random_fp_20,test,75/25,test,0.10000000000000001,True,2549,48,6.6341085179883521,84,21,63,0.69047619047619047,0.74603174603174605,0.43902439024390244,0.8571428571428571,0.58064516129032262,0.42626032361722666,40,23,3,18,0.81027966742252455,0.63419562348672498,0.62485892213408389
linear_svm_balanced_ratio_preserved_noise_mcc_selected_true_pr_auc_v1,linear_svm_class_weight_balanced,linear_svm,C,60/40,2,random_fp_20,test,80/20,test,0.10000000000000001,True,2549,48,6.754447627987247,105,21,84,0.75238095238095237,0.79166666666666663,0.43902439024390244,0.8571428571428571,0.58064516129032262,0.47828214578385608,61,23,3,18,0.85430839002267567,0.65409784576542984,0.64518554098910363
linear_svm_balanced_ratio_preserved_noise_mcc_selected_true_pr_auc_v1,linear_svm_class_weight_balanced,linear_svm,C,60/40,2,random_fp_20,test,90/10,test,0.10000000000000001,True,2549,48,6.9723187279887497,210,21,189,0.77142857142857146,0.80952380952380953,0.2857142857142857,0.8571428571428571,0.42857142857142855,0.40526179615255725,144,45,3,18,0.8460569412950365,0.47183487889384779,0.45954795139257287
linear_svm_balanced_ratio_preserved_noise_mcc_selected_true_pr_auc_v1,linear_svm_class_weight_balanced,linear_svm,C,60/40,2,heuristic_fp_10,validation_selected_reproduction,60/40,valid,10,True,2124,48,6.1568554239929654,48,19,29,0.89583333333333337,0.89564428312159716,0.84999999999999998,0.89473684210526316,0.87179487179487181,0.78490424220550703,26,3,2,17,0.927404718693285,0.83907970407083066,0.82605699070486782
linear_svm_balanced_ratio_preserved_noise_mcc_selected_true_pr_auc_v1,linear_svm_class_weight_balanced,linear_svm,C,60/40,2,heuristic_fp_10,test,50/50,test,10,True,2124,48,6.2511979720147792,42,21,21,0.80952380952380953,0.80952380952380953,0.84210526315789469,0.76190476190476186,0.80000000000000004,0.6218743352054219,18,3,5,16,0.83900226757369611,0.85406891278713526,0.8490781207901732
linear_svm_balanced_ratio_preserved_noise_mcc_selected_true_pr_auc_v1,linear_svm_class_weight_balanced,linear_svm,C,60/40,2,heuristic_fp_10,test,60/40,test,10,True,2124,48,6.3324420510034543,53,21,32,0.71698113207547165,0.72470238095238093,0.61538461538461542,0.76190476190476186,0.68085106382978722,0.43969725095836015,22,10,5,16,0.83035714285714279,0.7516515091703061,0.72717996344533842
linear_svm_balanced_ratio_preserved_noise_mcc_selected_true_pr_auc_v1,linear_svm_class_weight_balanced,linear_svm,C,60/40,2,heuristic_fp_10,test,70/30,test,10,True,2124,48,6.4575153790065087,70,21,49,0.7142857142857143,0.72789115646258495,0.5161290322580645,0.76190476190476186,0.61538461538461542,0.42048644951794706,34,15,5,16,0.80563654033041787,0.62210731001038166,0.59403664274206913
linear_svm_balanced_ratio_preserved_noise_mcc_selected_true_pr_auc_v1,linear_svm_class_weight_balanced,linear_svm,C,60/40,2,heuristic_fp_10,test,75/25,test,10,True,2124,48,6.5724807160149794,84,21,63,0.76190476190476186,0.76190476190476186,0.5161290322580645,0.76190476190476186,0.61538461538461542,0.47003968959987613,48,15,5,16,0.82917611489040055,0.5717664291493183,0.54941226636371443
linear_svm_balanced_ratio_preserved_noise_mcc_selected_true_pr_auc_v1,linear_svm_class_weight_balanced,linear_svm,C,60/40,2,heuristic_fp_10,test,80/20,test,10,True,2124,48,6.6909690829925239,105,21,84,0.79047619047619044,0.77976190476190477,0.48484848484848486,0.76190476190476186,0.59259259259259256,0.4821083396690532,67,17,5,16,0.84977324263038545,0.58197526660704202,0.55349303027789709
linear_svm_balanced_ratio_preserved_noise_mcc_selected_true_pr_auc_v1,linear_svm_class_weight_balanced,linear_svm,C,60/40,2,heuristic_fp_10,test,90/10,test,10,True,2124,48,6.9227354589966126,210,21,189,0.77142857142857146,0.76719576719576721,0.2711864406779661,0.76190476190476186,0.40000000000000002,0.35668565182780715,146,43,5,16,0.84252960443436631,0.46188889614178308,0.43325687516845224
linear_svm_balanced_ratio_preserved_noise_mcc_selected_true_pr_auc_v1,linear_svm_class_weight_balanced,linear_svm,C,60/40,2,heuristic_fp_20,validation_selected_reproduction,60/40,valid,0.10000000000000001,True,2549,48,6.0550370450073387,48,19,29,0.77083333333333337,0.78312159709618867,0.66666666666666663,0.84210526315789469,0.7441860465116279,0.55381861969499646,21,8,3,16,0.8638838475499091,0.79594340945050202,0.78781109864746224
linear_svm_balanced_ratio_preserved_noise_mcc_selected_true_pr_auc_v1,linear_svm_class_weight_balanced,linear_svm,C,60/40,2,heuristic_fp_20,test,50/50,test,0.10000000000000001,True,2549,48,6.155401569994865,42,21,21,0.8571428571428571,0.8571428571428571,0.8571428571428571,0.8571428571428571,0.8571428571428571,0.7142857142857143,18,3,3,18,0.92290249433106575,0.86497529907967774,0.85339576060572919
linear_svm_balanced_ratio_preserved_noise_mcc_selected_true_pr_auc_v1,linear_svm_class_weight_balanced,linear_svm,C,60/40,2,heuristic_fp_20,test,60/40,test,0.10000000000000001,True,2549,48,6.246207617019536,53,21,32,0.77358490566037741,0.7879464285714286,0.66666666666666663,0.8571428571428571,0.75,0.56345309973803104,23,9,3,18,0.91666666666666674,0.87876474793491632,0.87516311171499384
linear_svm_balanced_ratio_preserved_noise_mcc_selected_true_pr_auc_v1,linear_svm_class_weight_balanced,linear_svm,C,60/40,2,heuristic_fp_20,test,70/30,test,0.10000000000000001,True,2549,48,6.3721103330026381,70,21,49,0.7857142857142857,0.80612244897959173,0.59999999999999998,0.8571428571428571,0.70588235294117652,0.56694670951384085,37,12,3,18,0.87560738581146746,0.64211554060815901,0.61342549750373943
linear_svm_balanced_ratio_preserved_noise_mcc_selected_true_pr_auc_v1,linear_svm_class_weight_balanced,linear_svm,C,60/40,2,heuristic_fp_20,test,75/25,test,0.10000000000000001,True,2549,48,6.493021606002003,84,21,63,0.65476190476190477,0.72222222222222221,0.40909090909090912,0.8571428571428571,0.55384615384615388,0.3853373177942262,37,26,3,18,0.85638699924414219,0.64641239457024469,0.63032721761366628
linear_svm_balanced_ratio_preserved_noise_mcc_selected_true_pr_auc_v1,linear_svm_class_weight_balanced,linear_svm,C,60/40,2,heuristic_fp_20,test,80/20,test,0.10000000000000001,True,2549,48,6.6147868880070746,105,21,84,0.78095238095238095,0.80952380952380953,0.47368421052631576,0.8571428571428571,0.61016949152542377,0.51528102293812172,64,20,3,18,0.90702947845804982,0.74007662047653344,0.73442945167993345
linear_svm_balanced_ratio_preserved_noise_mcc_selected_true_pr_auc_v1,linear_svm_class_weight_balanced,linear_svm,C,60/40,2,heuristic_fp_20,test,90/10,test,0.10000000000000001,True,2549,48,6.8365885470120702,210,21,189,0.73809523809523814,0.79100529100529093,0.25714285714285712,0.8571428571428571,0.39560439560439559,0.3703892663358106,137,52,3,18,0.90047871000251956,0.496173479026572,0.47876100453157905
linear_svm_balanced_ratio_preserved_noise_mcc_selected_true_pr_auc_v1,linear_svm_class_weight_balanced,linear_svm,C,60/40,3,clean,validation_selected_reproduction,60/40,valid,0.10000000000000001,True,1698,48,4.7096362269949168,48,19,29,0.8125,0.80852994555353908,0.75,0.78947368421052633,0.76923076923076927,0.61208128979328524,24,5,4,15,0.82395644283121594,0.75835333849428688,0.74949330905578482
linear_svm_balanced_ratio_preserved_noise_mcc_selected_true_pr_auc_v1,linear_svm_class_weight_balanced,linear_svm,C,60/40,3,clean,test,50/50,test,0.10000000000000001,True,1698,48,4.7846859460114501,42,21,21,0.83333333333333337,0.83333333333333326,0.81818181818181823,0.8571428571428571,0.83720930232558144,0.66742381247191462,17,4,3,18,0.85034013605442171,0.85194153807599182,0.84703226261398767
linear_svm_balanced_ratio_preserved_noise_mcc_selected_true_pr_auc_v1,linear_svm_class_weight_balanced,linear_svm,C,60/40,3,clean,test,60/40,test,0.10000000000000001,True,1698,48,4.8813783570076339,53,21,32,0.79245283018867929,0.8035714285714286,0.69230769230769229,0.8571428571428571,0.76595744680851063,0.59402807414242031,24,8,3,18,0.8348214285714286,0.77920640831643362,0.77136788190615513
linear_svm_balanced_ratio_preserved_noise_mcc_selected_true_pr_auc_v1,linear_svm_class_weight_balanced,linear_svm,C,60/40,3,clean,test,70/30,test,0.10000000000000001,True,1698,48,5.0021333559998311,70,21,49,0.82857142857142863,0.83673469387755106,0.66666666666666663,0.8571428571428571,0.75,0.63402945947465839,40,9,3,18,0.86880466472303208,0.81562187644729511,0.81171324345454843
linear_svm_balanced_ratio_preserved_noise_mcc_selected_true_pr_auc_v1,linear_svm_class_weight_balanced,linear_svm,C,60/40,3,clean,test,75/25,test,0.10000000000000001,True,1698,48,5.1357415879901964,84,21,63,0.77380952380952384,0.80158730158730163,0.52941176470588236,0.8571428571428571,0.65454545454545454,0.53210643193064366,47,16,3,18,0.83900226757369611,0.5442079490741224,0.52137239862136875
linear_svm_balanced_ratio_preserved_noise_mcc_selected_true_pr_auc_v1,linear_svm_class_weight_balanced,linear_svm,C,60/40,3,clean,test,80/20,test,0.10000000000000001,True,1698,48,5.2673339229950216,105,21,84,0.74285714285714288,0.7857142857142857,0.42857142857142855,0.8571428571428571,0.5714285714285714,0.46656947481584338,60,24,3,18,0.8520408163265305,0.59964133347215509,0.57275633941108395
linear_svm_balanced_ratio_preserved_noise_mcc_selected_true_pr_auc_v1,linear_svm_class_weight_balanced,linear_svm,C,60/40,3,clean,test,90/10,test,0.10000000000000001,True,1698,48,5.4753726590133738,210,21,189,0.81904761904761902,0.83597883597883593,0.33962264150943394,0.8571428571428571,0.48648648648648651,0.46408197984588828,154,35,3,18,0.87125220458553787,0.60620034656704991,0.59955651336769633
linear_svm_balanced_ratio_preserved_noise_mcc_selected_true_pr_auc_v1,linear_svm_class_weight_balanced,linear_svm,C,60/40,3,random_flip_10,validation_selected_reproduction,60/40,valid,0.10000000000000001,True,1698,48,4.7541523599938955,48,19,29,0.77083333333333337,0.77404718693284935,0.68181818181818177,0.78947368421052633,0.73170731707317072,0.53793912117444276,22,7,4,15,0.8294010889292196,0.77788916257342655,0.77096964630793496
linear_svm_balanced_ratio_preserved_noise_mcc_selected_true_pr_auc_v1,linear_svm_class_weight_balanced,linear_svm,C,60/40,3,random_flip_10,test,50/50,test,0.10000000000000001,True,1698,48,4.8295739970053546,42,21,21,0.83333333333333337,0.83333333333333326,0.81818181818181823,0.8571428571428571,0.83720930232558144,0.66742381247191462,17,4,3,18,0.83673469387755095,0.84778910460025014,0.84286281553530573
linear_svm_balanced_ratio_preserved_noise_mcc_selected_true_pr_auc_v1,linear_svm_class_weight_balanced,linear_svm,C,60/40,3,random_flip_10,test,60/40,test,0.10000000000000001,True,1698,48,4.9296011840051506,53,21,32,0.77358490566037741,0.7879464285714286,0.66666666666666663,0.8571428571428571,0.75,0.56345309973803104,23,9,3,18,0.81547619047619047,0.78240199685549028,0.77641130805124114
linear_svm_balanced_ratio_preserved_noise_mcc_selected_true_pr_auc_v1,linear_svm_class_weight_balanced,linear_svm,C,60/40,3,random_flip_10,test,70/30,test,0.10000000000000001,True,1698,48,5.037591953005176,70,21,49,0.7857142857142857,0.80612244897959173,0.59999999999999998,0.8571428571428571,0.70588235294117652,0.56694670951384085,37,12,3,18,0.84645286686103016,0.79149276602139929,0.78684337785493041
linear_svm_balanced_ratio_preserved_noise_mcc_selected_true_pr_auc_v1,linear_svm_class_weight_balanced,linear_svm,C,60/40,3,random_flip_10,test,75/25,test,0.10000000000000001,True,1698,48,5.1547726409917232,84,21,63,0.77380952380952384,0.80158730158730163,0.52941176470588236,0.8571428571428571,0.65454545454545454,0.53210643193064366,47,16,3,18,0.81179138321995459,0.54580073108754101,0.52039682087566852
linear_svm_balanced_ratio_preserved_noise_mcc_selected_true_pr_auc_v1,linear_svm_class_weight_balanced,linear_svm,C,60/40,3,random_flip_10,test,80/20,test,0.10000000000000001,True,1698,48,5.2794401489954907,105,21,84,0.73333333333333328,0.77976190476190466,0.41860465116279072,0.8571428571428571,0.5625,0.45513243829032446,59,25,3,18,0.8100907029478458,0.54961935174684795,0.52264538044423936
linear_svm_balanced_ratio_preserved_noise_mcc_selected_true_pr_auc_v1,linear_svm_class_weight_balanced,linear_svm,C,60/40,3,random_flip_10,test,90/10,test,0.10000000000000001,True,1698,48,5.4755805339955259,210,21,189,0.79523809523809519,0.82275132275132279,0.31034482758620691,0.8571428571428571,0.45569620253164556,0.43311456155634337,149,40,3,18,0.8490803728898968,0.55415278516625932,0.54673945388187484
linear_svm_balanced_ratio_preserved_noise_mcc_selected_true_pr_auc_v1,linear_svm_class_weight_balanced,linear_svm,C,60/40,3,random_flip_20,validation_selected_reproduction,60/40,valid,0.10000000000000001,True,1698,48,4.6133719750214368,48,19,29,0.72916666666666663,0.73956442831215974,0.625,0.78947368421052633,0.69767441860465118,0.46861575512653547,20,9,4,15,0.77313974591651546,0.69484038308841234,0.67880056129784294
linear_svm_balanced_ratio_preserved_noise_mcc_selected_true_pr_auc_v1,linear_svm_class_weight_balanced,linear_svm,C,60/40,3,random_flip_20,test,50/50,test,0.10000000000000001,True,1698,48,4.6786958420125302,42,21,21,0.73809523809523814,0.73809523809523814,0.72727272727272729,0.76190476190476186,0.7441860465116279,0.47673129462279618,15,6,5,16,0.79138321995464855,0.80254088401150803,0.79700141906728117
linear_svm_balanced_ratio_preserved_noise_mcc_selected_true_pr_auc_v1,linear_svm_class_weight_balanced,linear_svm,C,60/40,3,random_flip_20,test,60/40,test,0.10000000000000001,True,1698,48,4.7683972340018954,53,21,32,0.73584905660377353,0.74032738095238093,0.64000000000000001,0.76190476190476186,0.69565217391304346,0.47094356364224199,23,9,5,16,0.7723214285714286,0.73167840976610421,0.72455151759307435
linear_svm_balanced_ratio_preserved_noise_mcc_selected_true_pr_auc_v1,linear_svm_class_weight_balanced,linear_svm,C,60/40,3,random_flip_20,test,70/30,test,0.10000000000000001,True,1698,48,4.8664405460003763,70,21,49,0.7857142857142857,0.77891156462585032,0.61538461538461542,0.76190476190476186,0.68085106382978722,0.52904326844482197,39,10,5,16,0.8066083576287657,0.71673581112968576,0.71095874797165748
linear_svm_balanced_ratio_preserved_noise_mcc_selected_true_pr_auc_v1,linear_svm_class_weight_balanced,linear_svm,C,60/40,3,random_flip_20,test,75/25,test,0.10000000000000001,True,1698,48,4.9685939520131797,84,21,63,0.73809523809523814,0.74603174603174605,0.48484848484848486,0.76190476190476186,0.59259259259259256,0.43627367528477401,46,17,5,16,0.77777777777777779,0.53164100152756033,0.51787723770976635
linear_svm_balanced_ratio_preserved_noise_mcc_selected_true_pr_auc_v1,linear_svm_class_weight_balanced,linear_svm,C,60/40,3,random_flip_20,test,80/20,test,0.10000000000000001,True,1698,48,5.080401087005157,105,21,84,0.70476190476190481,0.72619047619047616,0.38095238095238093,0.76190476190476186,0.50793650793650791,0.369367500895876,58,26,5,16,0.77721088435374142,0.5576605906729688,0.54654639502511815
linear_svm_balanced_ratio_preserved_noise_mcc_selected_true_pr_auc_v1,linear_svm_class_weight_balanced,linear_svm,C,60/40,3,random_flip_20,test,90/10,test,0.10000000000000001,True,1698,48,5.2624877430207562,210,21,189,0.76666666666666672,0.76455026455026454,0.26666666666666666,0.76190476190476186,0.39506172839506171,0.35136418446315326,145,44,5,16,0.81153943058704969,0.4845228702294917,0.47792359190021833
linear_svm_balanced_ratio_preserved_noise_mcc_selected_true_pr_auc_v1,linear_svm_class_weight_balanced,linear_svm,C,60/40,3,random_fp_10,validation_selected_reproduction,60/40,valid,0.10000000000000001,True,2124,48,4.9060176969796885,48,19,29,0.8125,0.80852994555353908,0.75,0.78947368421052633,0.76923076923076927,0.61208128979328524,24,5,4,15,0.83847549909255892,0.79297541594259902,0.78700840158796836
linear_svm_balanced_ratio_preserved_noise_mcc_selected_true_pr_auc_v1,linear_svm_class_weight_balanced,linear_svm,C,60/40,3,random_fp_10,test,50/50,test,0.10000000000000001,True,2124,48,4.9818158029811457,42,21,21,0.80952380952380953,0.80952380952380953,0.78260869565217395,0.8571428571428571,0.81818181818181823,0.6218743352054219,16,5,3,18,0.84807256235827655,0.84994849438305087,0.8455408720741191
linear_svm_balanced_ratio_preserved_noise_mcc_selected_true_pr_auc_v1,linear_svm_class_weight_balanced,linear_svm,C,60/40,3,random_fp_10,test,60/40,test,0.10000000000000001,True,2124,48,5.0701266929972917,53,21,32,0.79245283018867929,0.8035714285714286,0.69230769230769229,0.8571428571428571,0.76595744680851063,0.59402807414242031,24,8,3,18,0.84375,0.79742016841465291,0.79214505064010066
linear_svm_balanced_ratio_preserved_noise_mcc_selected_true_pr_auc_v1,linear_svm_class_weight_balanced,linear_svm,C,60/40,3,random_fp_10,test,70/30,test,0.10000000000000001,True,2124,48,5.1703898359846789,70,21,49,0.80000000000000004,0.81632653061224492,0.62068965517241381,0.8571428571428571,0.71999999999999997,0.58854865814861101,38,11,3,18,0.8620019436345967,0.79090514831726688,0.78611027908271214
linear_svm_balanced_ratio_preserved_noise_mcc_selected_true_pr_auc_v1,linear_svm_class_weight_balanced,linear_svm,C,60/40,3,random_fp_10,test,75/25,test,0.10000000000000001,True,2124,48,5.2763242179935332,84,21,63,0.77380952380952384,0.80158730158730163,0.52941176470588236,0.8571428571428571,0.65454545454545454,0.53210643193064366,47,16,3,18,0.83749055177626608,0.56340907818366737,0.53814051203450919
linear_svm_balanced_ratio_preserved_noise_mcc_selected_true_pr_auc_v1,linear_svm_class_weight_balanced,linear_svm,C,60/40,3,random_fp_10,test,80/20,test,0.10000000000000001,True,2124,48,5.3932143189886119,105,21,84,0.75238095238095237,0.79166666666666663,0.43902439024390244,0.8571428571428571,0.58064516129032262,0.47828214578385608,61,23,3,18,0.8344671201814059,0.51851949982304868,0.49362472865147011
linear_svm_balanced_ratio_preserved_noise_mcc_selected_true_pr_auc_v1,linear_svm_class_weight_balanced,linear_svm,C,60/40,3,random_fp_10,test,90/10,test,0.10000000000000001,True,2124,48,5.575394615996629,210,21,189,0.80476190476190479,0.82804232804232802,0.32142857142857145,0.8571428571428571,0.46753246753246752,0.44508817532907968,151,38,3,18,0.86646510456034254,0.55393569392844744,0.54649405713215693
linear_svm_balanced_ratio_preserved_noise_mcc_selected_true_pr_auc_v1,linear_svm_class_weight_balanced,linear_svm,C,60/40,3,random_fp_20,validation_selected_reproduction,60/40,valid,0.10000000000000001,True,2549,48,5.712728212994989,48,19,29,0.77083333333333337,0.78312159709618867,0.66666666666666663,0.84210526315789469,0.7441860465116279,0.55381861969499646,21,8,3,16,0.87295825771324864,0.79548890537743189,0.78190533588951028
linear_svm_balanced_ratio_preserved_noise_mcc_selected_true_pr_auc_v1,linear_svm_class_weight_balanced,linear_svm,C,60/40,3,random_fp_20,test,50/50,test,0.10000000000000001,True,2549,48,5.7899566709820647,42,21,21,0.7857142857142857,0.7857142857142857,0.77272727272727271,0.80952380952380953,0.79069767441860461,0.57207755354735534,16,5,4,17,0.79818594104308394,0.78772682916207049,0.77814199247370364
linear_svm_balanced_ratio_preserved_noise_mcc_selected_true_pr_auc_v1,linear_svm_class_weight_balanced,linear_svm,C,60/40,3,random_fp_20,test,60/40,test,0.10000000000000001,True,2549,48,5.8874422499793582,53,21,32,0.77358490566037741,0.77976190476190477,0.68000000000000005,0.80952380952380953,0.73913043478260865,0.54821913290861601,24,8,4,17,0.7901785714285714,0.75879910094261893,0.75103927809432247
linear_svm_balanced_ratio_preserved_noise_mcc_selected_true_pr_auc_v1,linear_svm_class_weight_balanced,linear_svm,C,60/40,3,random_fp_20,test,70/30,test,0.10000000000000001,True,2549,48,5.9992542059917469,70,21,49,0.77142857142857146,0.78231292517006801,0.58620689655172409,0.80952380952380953,0.68000000000000005,0.52526385619714755,37,12,4,17,0.84159378036929056,0.82249381125020316,0.81982110033376454
linear_svm_balanced_ratio_preserved_noise_mcc_selected_true_pr_auc_v1,linear_svm_class_weight_balanced,linear_svm,C,60/40,3,random_fp_20,test,75/25,test,0.10000000000000001,True,2549,48,6.114984089974314,84,21,63,0.75,0.76984126984126977,0.5,0.80952380952380953,0.61818181818181817,0.4760952285695233,46,17,4,17,0.78987150415721841,0.51202380184674479,0.48721504369311541
linear_svm_balanced_ratio_preserved_noise_mcc_selected_true_pr_auc_v1,linear_svm_class_weight_balanced,linear_svm,C,60/40,3,random_fp_20,test,80/20,test,0.10000000000000001,True,2549,48,6.2447351539740339,105,21,84,0.67619047619047623,0.72619047619047628,0.36170212765957449,0.80952380952380953,0.5,0.36390722254134361,54,30,4,17,0.81292517006802723,0.54212678705072148,0.51346101942466915
linear_svm_balanced_ratio_preserved_noise_mcc_selected_true_pr_auc_v1,linear_svm_class_weight_balanced,linear_svm,C,60/40,3,random_fp_20,test,90/10,test,0.10000000000000001,True,2549,48,6.4398760269978084,210,21,189,0.77142857142857146,0.78835978835978837,0.27868852459016391,0.80952380952380953,0.41463414634146339,0.38110723319571488,145,44,4,17,0.8306878306878307,0.50126926984635822,0.48915534209401007
linear_svm_balanced_ratio_preserved_noise_mcc_selected_true_pr_auc_v1,linear_svm_class_weight_balanced,linear_svm,C,60/40,3,heuristic_fp_10,validation_selected_reproduction,60/40,valid,0.10000000000000001,True,2124,48,5.0101054580009077,48,19,29,0.79166666666666663,0.79128856624319421,0.7142857142857143,0.78947368421052633,0.75,0.57429852853132601,23,6,4,15,0.90562613430127037,0.87294227453269846,0.8694382639234246
linear_svm_balanced_ratio_preserved_noise_mcc_selected_true_pr_auc_v1,linear_svm_class_weight_balanced,linear_svm,C,60/40,3,heuristic_fp_10,test,50/50,test,0.10000000000000001,True,2124,48,5.0841068919980898,42,21,21,0.80952380952380953,0.80952380952380953,0.78260869565217395,0.8571428571428571,0.81818181818181823,0.6218743352054219,16,5,3,18,0.891156462585034,0.90041225270216874,0.8976017404229657
linear_svm_balanced_ratio_preserved_noise_mcc_selected_true_pr_auc_v1,linear_svm_class_weight_balanced,linear_svm,C,60/40,3,heuristic_fp_10,test,60/40,test,0.10000000000000001,True,2124,48,5.1879820869944524,53,21,32,0.77358490566037741,0.7879464285714286,0.66666666666666663,0.8571428571428571,0.75,0.56345309973803104,23,9,3,18,0.84523809523809523,0.7770428724966163,0.76973329169566274
linear_svm_balanced_ratio_preserved_noise_mcc_selected_true_pr_auc_v1,linear_svm_class_weight_balanced,linear_svm,C,60/40,3,heuristic_fp_10,test,70/30,test,0.10000000000000001,True,2124,48,5.3025401449995115,70,21,49,0.81428571428571428,0.82653061224489788,0.6428571428571429,0.8571428571428571,0.73469387755102045,0.61088283865697002,39,10,3,18,0.8717201166180758,0.77590182088583615,0.77046470039185611
linear_svm_balanced_ratio_preserved_noise_mcc_selected_true_pr_auc_v1,linear_svm_class_weight_balanced,linear_svm,C,60/40,3,heuristic_fp_10,test,75/25,test,0.10000000000000001,True,2124,48,5.4199654280091636,84,21,63,0.73809523809523814,0.77777777777777768,0.48648648648648651,0.8571428571428571,0.62068965517241381,0.48457123043208916,44,19,3,18,0.85789871504157222,0.61216608550642171,0.58372452626764881
linear_svm_balanced_ratio_preserved_noise_mcc_selected_true_pr_auc_v1,linear_svm_class_weight_balanced,linear_svm,C,60/40,3,heuristic_fp_10,test,80/20,test,0.10000000000000001,True,2124,48,5.5454245440196246,105,21,84,0.72380952380952379,0.77380952380952372,0.40909090909090912,0.8571428571428571,0.55384615384615388,0.44395257597725524,58,26,3,18,0.85544217687074831,0.61747065194327311,0.60694640140710909
linear_svm_balanced_ratio_preserved_noise_mcc_selected_true_pr_auc_v1,linear_svm_class_weight_balanced,linear_svm,C,60/40,3,heuristic_fp_10,test,90/10,test,0.10000000000000001,True,2124,48,5.7414694470062386,210,21,189,0.77142857142857146,0.80952380952380953,0.2857142857142857,0.8571428571428571,0.42857142857142855,0.40526179615255725,144,45,3,18,0.88611740992693377,0.5324621355373671,0.52144962642232784
linear_svm_balanced_ratio_preserved_noise_mcc_selected_true_pr_auc_v1,linear_svm_class_weight_balanced,linear_svm,C,60/40,3,heuristic_fp_20,validation_selected_reproduction,60/40,valid,0.10000000000000001,True,2549,48,5.8518064290110487,48,19,29,0.77083333333333337,0.77404718693284935,0.68181818181818177,0.78947368421052633,0.73170731707317072,0.53793912117444276,22,7,4,15,0.88203266787658796,0.860038171351587,0.85636476792521532
linear_svm_balanced_ratio_preserved_noise_mcc_selected_true_pr_auc_v1,linear_svm_class_weight_balanced,linear_svm,C,60/40,3,heuristic_fp_20,test,50/50,test,0.10000000000000001,True,2549,48,5.9365234170109034,42,21,21,0.80952380952380953,0.80952380952380953,0.76000000000000001,0.90476190476190477,0.82608695652173914,0.63059262509446579,15,6,2,19,0.91156462585034015,0.8961457952501739,0.89252143038874898
linear_svm_balanced_ratio_preserved_noise_mcc_selected_true_pr_auc_v1,linear_svm_class_weight_balanced,linear_svm,C,60/40,3,heuristic_fp_20,test,60/40,test,0.10000000000000001,True,2549,48,6.0551270080031827,53,21,32,0.77358490566037741,0.79613095238095233,0.65517241379310343,0.90476190476190477,0.76000000000000001,0.58196091192656541,22,10,2,19,0.88690476190476186,0.82374576221666795,0.81834757987512208
linear_svm_balanced_ratio_preserved_noise_mcc_selected_true_pr_auc_v1,linear_svm_class_weight_balanced,linear_svm,C,60/40,3,heuristic_fp_20,test,70/30,test,0.10000000000000001,True,2549,48,6.1656881040253211,70,21,49,0.7857142857142857,0.81972789115646261,0.59375,0.90476190476190477,0.71698113207547165,0.58823575482806667,36,13,2,19,0.91350826044703592,0.81533662885159464,0.8100683567621989
linear_svm_balanced_ratio_preserved_noise_mcc_selected_true_pr_auc_v1,linear_svm_class_weight_balanced,linear_svm,C,60/40,3,heuristic_fp_20,test,75/25,test,0.10000000000000001,True,2549,48,6.2824713430018164,84,21,63,0.7142857142857143,0.77777777777777779,0.46341463414634149,0.90476190476190477,0.61290322580645162,0.4812616556968688,41,22,2,19,0.86999244142101295,0.60437661387919073,0.57555504910730793
linear_svm_balanced_ratio_preserved_noise_mcc_selected_true_pr_auc_v1,linear_svm_class_weight_balanced,linear_svm,C,60/40,3,heuristic_fp_20,test,80/20,test,0.10000000000000001,True,2549,48,6.4082906670228112,105,21,84,0.7142857142857143,0.7857142857142857,0.40425531914893614,0.90476190476190477,0.55882352941176472,0.45967228110485508,56,28,2,19,0.86791383219954654,0.56455522546145431,0.54707374600002567
linear_svm_balanced_ratio_preserved_noise_mcc_selected_true_pr_auc_v1,linear_svm_class_weight_balanced,linear_svm,C,60/40,3,heuristic_fp_20,test,90/10,test,0.10000000000000001,True,2549,48,6.6246187619981356,210,21,189,0.71904761904761905,0.80158730158730163,0.25,0.90476190476190477,0.39175257731958762,0.37655151676247356,132,57,2,19,0.90375409423028463,0.47442527149073954,0.45691317356727562
linear_svm_balanced_ratio_preserved_noise_mcc_selected_true_pr_auc_v1,linear_svm_class_weight_balanced,linear_svm,C,60/40,4,clean,validation_selected_reproduction,60/40,valid,1,True,1698,48,4.8842992029967718,48,19,29,0.75,0.7568058076225046,0.65217391304347827,0.78947368421052633,0.7142857142857143,0.50277851829579745,21,8,4,15,0.74591651542649728,0.56881974150869696,0.5418490886003573
linear_svm_balanced_ratio_preserved_noise_mcc_selected_true_pr_auc_v1,linear_svm_class_weight_balanced,linear_svm,C,60/40,4,clean,test,50/50,test,1,True,1698,48,4.9650940420106053,42,21,21,0.76190476190476186,0.76190476190476186,0.76190476190476186,0.76190476190476186,0.76190476190476186,0.52380952380952384,16,5,5,16,0.89569160997732422,0.89911749415178388,0.89636973614252002
linear_svm_balanced_ratio_preserved_noise_mcc_selected_true_pr_auc_v1,linear_svm_class_weight_balanced,linear_svm,C,60/40,4,clean,test,60/40,test,1,True,1698,48,5.1130961620074231,53,21,32,0.79245283018867929,0.78720238095238093,0.72727272727272729,0.76190476190476186,0.7441860465116279,0.57017803220524033,26,6,5,16,0.90476190476190477,0.8734341507102823,0.87046108416251422
linear_svm_balanced_ratio_preserved_noise_mcc_selected_true_pr_auc_v1,linear_svm_class_weight_balanced,linear_svm,C,60/40,4,clean,test,70/30,test,1,True,1698,48,5.2149076990026515,70,21,49,0.80000000000000004,0.78911564625850339,0.64000000000000001,0.76190476190476186,0.69565217391304346,0.55301004133750209,40,9,5,16,0.89115646258503389,0.80331411878454073,0.79847842632943422
linear_svm_balanced_ratio_preserved_noise_mcc_selected_true_pr_auc_v1,linear_svm_class_weight_balanced,linear_svm,C,60/40,4,clean,test,75/25,test,1,True,1698,48,5.3354341830126941,84,21,63,0.77380952380952384,0.76984126984126977,0.53333333333333333,0.76190476190476186,0.62745098039215685,0.48770901396685989,49,14,5,16,0.9024943310657596,0.78634247292733805,0.78058538858370352
linear_svm_balanced_ratio_preserved_noise_mcc_selected_true_pr_auc_v1,linear_svm_class_weight_balanced,linear_svm,C,60/40,4,clean,test,80/20,test,1,True,1698,48,5.4482863529992756,105,21,84,0.82857142857142863,0.8035714285714286,0.55172413793103448,0.76190476190476186,0.64000000000000001,0.54316826162393883,71,13,5,16,0.92800453514739234,0.82793375171194716,0.82509464005861344
linear_svm_balanced_ratio_preserved_noise_mcc_selected_true_pr_auc_v1,linear_svm_class_weight_balanced,linear_svm,C,60/40,4,clean,test,90/10,test,1,True,1698,48,5.6732453940203413,210,21,189,0.79523809523809519,0.78042328042328046,0.29629629629629628,0.76190476190476186,0.42666666666666669,0.38496870971569458,151,38,5,16,0.88561350466112376,0.52905006070166238,0.51334784037409231
linear_svm_balanced_ratio_preserved_noise_mcc_selected_true_pr_auc_v1,linear_svm_class_weight_balanced,linear_svm,C,60/40,4,random_flip_10,validation_selected_reproduction,60/40,valid,0.10000000000000001,True,1698,48,4.9648994079907425,48,19,29,0.6875,0.69600725952813058,0.58333333333333337,0.73684210526315785,0.65116279069767447,0.38341289055807448,19,10,5,14,0.76406533575317603,0.63005235173077889,0.61160427862925326
linear_svm_balanced_ratio_preserved_noise_mcc_selected_true_pr_auc_v1,linear_svm_class_weight_balanced,linear_svm,C,60/40,4,random_flip_10,test,50/50,test,0.10000000000000001,True,1698,48,5.0504408849810716,42,21,21,0.7857142857142857,0.7857142857142857,0.77272727272727271,0.80952380952380953,0.79069767441860461,0.57207755354735534,16,5,4,17,0.85714285714285721,0.86480212734911999,0.86106459945195257
linear_svm_balanced_ratio_preserved_noise_mcc_selected_true_pr_auc_v1,linear_svm_class_weight_balanced,linear_svm,C,60/40,4,random_flip_10,test,60/40,test,0.10000000000000001,True,1698,48,5.1889104580041021,53,21,32,0.77358490566037741,0.77976190476190477,0.68000000000000005,0.80952380952380953,0.73913043478260865,0.54821913290861601,24,8,4,17,0.86011904761904756,0.80659597790948001,0.80129593956618184
linear_svm_balanced_ratio_preserved_noise_mcc_selected_true_pr_auc_v1,linear_svm_class_weight_balanced,linear_svm,C,60/40,4,random_flip_10,test,70/30,test,0.10000000000000001,True,1698,48,5.2874669510056265,70,21,49,0.77142857142857146,0.78231292517006801,0.58620689655172409,0.80952380952380953,0.68000000000000005,0.52526385619714755,37,12,4,17,0.84450923226433428,0.74508692401275045,0.73942259208209116
linear_svm_balanced_ratio_preserved_noise_mcc_selected_true_pr_auc_v1,linear_svm_class_weight_balanced,linear_svm,C,60/40,4,random_flip_10,test,75/25,test,0.10000000000000001,True,1698,48,5.4080297059845179,84,21,63,0.7857142857142857,0.79365079365079372,0.54838709677419351,0.80952380952380953,0.65384615384615385,0.52701419743016409,49,14,4,17,0.86621315192743764,0.71691552459965036,0.71083145365134914
linear_svm_balanced_ratio_preserved_noise_mcc_selected_true_pr_auc_v1,linear_svm_class_weight_balanced,linear_svm,C,60/40,4,random_flip_10,test,80/20,test,0.10000000000000001,True,1698,48,5.5280017069890164,105,21,84,0.84761904761904761,0.83333333333333326,0.58620689655172409,0.80952380952380953,0.68000000000000005,0.59642005197922698,72,12,4,17,0.88888888888888884,0.70064066539353775,0.69225632175332574
linear_svm_balanced_ratio_preserved_noise_mcc_selected_true_pr_auc_v1,linear_svm_class_weight_balanced,linear_svm,C,60/40,4,random_flip_10,test,90/10,test,0.10000000000000001,True,1698,48,5.7454719179950189,210,21,189,0.77619047619047621,0.79100529100529093,0.28333333333333333,0.80952380952380953,0.41975308641975306,0.38650060290946858,146,43,4,17,0.85714285714285721,0.54792634822553121,0.54179342869813263
linear_svm_balanced_ratio_preserved_noise_mcc_selected_true_pr_auc_v1,linear_svm_class_weight_balanced,linear_svm,C,60/40,4,random_flip_20,validation_selected_reproduction,60/40,valid,0.10000000000000001,True,1698,48,5.0605692559911404,48,19,29,0.70833333333333337,0.71324863883847556,0.60869565217391308,0.73684210526315785,0.66666666666666663,0.41750159646470808,20,9,5,14,0.7186932849364791,0.60866522431452919,0.59033269617755391
linear_svm_balanced_ratio_preserved_noise_mcc_selected_true_pr_auc_v1,linear_svm_class_weight_balanced,linear_svm,C,60/40,4,random_flip_20,test,50/50,test,0.10000000000000001,True,1698,48,5.145879467978375,42,21,21,0.80952380952380953,0.80952380952380953,0.80952380952380953,0.80952380952380953,0.80952380952380953,0.61904761904761907,17,4,4,17,0.85714285714285721,0.84793392903865361,0.84239885895001221
linear_svm_balanced_ratio_preserved_noise_mcc_selected_true_pr_auc_v1,linear_svm_class_weight_balanced,linear_svm,C,60/40,4,random_flip_20,test,60/40,test,0.10000000000000001,True,1698,48,5.2979394599969964,53,21,32,0.75471698113207553,0.76413690476190477,0.65384615384615385,0.80952380952380953,0.72340425531914898,0.51686266255039026,23,9,4,17,0.81547619047619047,0.73579048042204032,0.726830805595861
linear_svm_balanced_ratio_preserved_noise_mcc_selected_true_pr_auc_v1,linear_svm_class_weight_balanced,linear_svm,C,60/40,4,random_flip_20,test,70/30,test,0.10000000000000001,True,1698,48,5.4086074089864269,70,21,49,0.80000000000000004,0.80272108843537415,0.62962962962962965,0.80952380952380953,0.70833333333333337,0.56998607972974347,39,10,4,17,0.84839650145772594,0.76530008806708483,0.76021637439993017
linear_svm_balanced_ratio_preserved_noise_mcc_selected_true_pr_auc_v1,linear_svm_class_weight_balanced,linear_svm,C,60/40,4,random_flip_20,test,75/25,test,0.10000000000000001,True,1698,48,5.5366300239984412,84,21,63,0.7857142857142857,0.79365079365079372,0.54838709677419351,0.80952380952380953,0.65384615384615385,0.52701419743016409,49,14,4,17,0.84051398337112626,0.66937377818159338,0.66067560231912537
linear_svm_balanced_ratio_preserved_noise_mcc_selected_true_pr_auc_v1,linear_svm_class_weight_balanced,linear_svm,C,60/40,4,random_flip_20,test,80/20,test,0.10000000000000001,True,1698,48,5.6578010619850829,105,21,84,0.77142857142857146,0.7857142857142857,0.45945945945945948,0.80952380952380953,0.58620689655172409,0.47847133369734002,64,20,4,17,0.85600907029478457,0.64870397041452588,0.64042003390697166
linear_svm_balanced_ratio_preserved_noise_mcc_selected_true_pr_auc_v1,linear_svm_class_weight_balanced,linear_svm,C,60/40,4,random_flip_20,test,90/10,test,0.10000000000000001,True,1698,48,5.8965375169937033,210,21,189,0.77142857142857146,0.78835978835978837,0.27868852459016391,0.80952380952380953,0.41463414634146339,0.38110723319571488,145,44,4,17,0.84252960443436642,0.45961967164951906,0.4492234559110394
linear_svm_balanced_ratio_preserved_noise_mcc_selected_true_pr_auc_v1,linear_svm_class_weight_balanced,linear_svm,C,60/40,4,random_fp_10,validation_selected_reproduction,60/40,valid,0.10000000000000001,True,2124,48,5.5101710910093971,48,19,29,0.6875,0.70508166969147013,0.57692307692307687,0.78947368421052633,0.66666666666666663,0.40256371319676842,18,11,4,15,0.76769509981851181,0.64964544636531396,0.63173597857644026
linear_svm_balanced_ratio_preserved_noise_mcc_selected_true_pr_auc_v1,linear_svm_class_weight_balanced,linear_svm,C,60/40,4,random_fp_10,test,50/50,test,0.10000000000000001,True,2124,48,5.5850939770170953,42,21,21,0.7857142857142857,0.7857142857142857,0.75,0.8571428571428571,0.80000000000000004,0.57735026918962573,15,6,3,18,0.89342403628117917,0.92233311453236277,0.92083525296098157
linear_svm_balanced_ratio_preserved_noise_mcc_selected_true_pr_auc_v1,linear_svm_class_weight_balanced,linear_svm,C,60/40,4,random_fp_10,test,60/40,test,0.10000000000000001,True,2124,48,5.7304087950033136,53,21,32,0.81132075471698117,0.8191964285714286,0.71999999999999997,0.8571428571428571,0.78260869565217395,0.62549470217499015,25,7,3,18,0.875,0.80496160058789457,0.79579850865617607
linear_svm_balanced_ratio_preserved_noise_mcc_selected_true_pr_auc_v1,linear_svm_class_weight_balanced,linear_svm,C,60/40,4,random_fp_10,test,70/30,test,0.10000000000000001,True,2124,48,5.8339119509910233,70,21,49,0.7857142857142857,0.80612244897959173,0.59999999999999998,0.8571428571428571,0.70588235294117652,0.56694670951384085,37,12,3,18,0.86491739552964031,0.76917696821472936,0.76252925166525487
linear_svm_balanced_ratio_preserved_noise_mcc_selected_true_pr_auc_v1,linear_svm_class_weight_balanced,linear_svm,C,60/40,4,random_fp_10,test,75/25,test,0.10000000000000001,True,2124,48,5.9540907070040703,84,21,63,0.75,0.7857142857142857,0.5,0.8571428571428571,0.63157894736842102,0.5,45,18,3,18,0.87981859410430829,0.76817358462768359,0.76238692157848265
linear_svm_balanced_ratio_preserved_noise_mcc_selected_true_pr_auc_v1,linear_svm_class_weight_balanced,linear_svm,C,60/40,4,random_fp_10,test,80/20,test,0.10000000000000001,True,2124,48,6.0677303239936009,105,21,84,0.83809523809523812,0.84523809523809523,0.5625,0.8571428571428571,0.67924528301886788,0.60001426923671675,70,14,3,18,0.90986394557823125,0.77802949931136944,0.77063161551624804
linear_svm_balanced_ratio_preserved_noise_mcc_selected_true_pr_auc_v1,linear_svm_class_weight_balanced,linear_svm,C,60/40,4,random_fp_10,test,90/10,test,0.10000000000000001,True,2124,48,6.2928768400161061,210,21,189,0.76190476190476186,0.80423280423280419,0.27692307692307694,0.8571428571428571,0.41860465116279072,0.39485342201219698,142,47,3,18,0.88208616780045346,0.55598746176559999,0.54578871861329414
linear_svm_balanced_ratio_preserved_noise_mcc_selected_true_pr_auc_v1,linear_svm_class_weight_balanced,linear_svm,C,60/40,4,random_fp_20,validation_selected_reproduction,60/40,valid,0.10000000000000001,True,2549,48,6.1849787330138497,48,19,29,0.72916666666666663,0.74863883847549906,0.61538461538461542,0.84210526315789469,0.71111111111111114,0.48806397086687853,19,10,3,16,0.76588021778584392,0.63308084812753751,0.61472477823647931
linear_svm_balanced_ratio_preserved_noise_mcc_selected_true_pr_auc_v1,linear_svm_class_weight_balanced,linear_svm,C,60/40,4,random_fp_20,test,50/50,test,0.10000000000000001,True,2549,48,6.271386150008766,42,21,21,0.7857142857142857,0.7857142857142857,0.77272727272727271,0.80952380952380953,0.79069767441860461,0.57207755354735534,16,5,4,17,0.88208616780045346,0.90282711396156778,0.90066540612284784
linear_svm_balanced_ratio_preserved_noise_mcc_selected_true_pr_auc_v1,linear_svm_class_weight_balanced,linear_svm,C,60/40,4,random_fp_20,test,60/40,test,0.10000000000000001,True,2549,48,6.4424119030009024,53,21,32,0.73584905660377353,0.74851190476190477,0.62962962962962965,0.80952380952380953,0.70833333333333337,0.48628768814600093,22,10,4,17,0.82291666666666674,0.68995441192678586,0.66261396567442787
linear_svm_balanced_ratio_preserved_noise_mcc_selected_true_pr_auc_v1,linear_svm_class_weight_balanced,linear_svm,C,60/40,4,random_fp_20,test,70/30,test,0.10000000000000001,True,2549,48,6.5660185670130886,70,21,49,0.72857142857142854,0.7517006802721089,0.53125,0.80952380952380953,0.64150943396226412,0.46307921124762702,34,15,4,17,0.84548104956268222,0.73048926259434688,0.72240616968748417
linear_svm_balanced_ratio_preserved_noise_mcc_selected_true_pr_auc_v1,linear_svm_class_weight_balanced,linear_svm,C,60/40,4,random_fp_20,test,75/25,test,0.10000000000000001,True,2549,48,6.7024473630008288,84,21,63,0.7142857142857143,0.74603174603174605,0.45945945945945948,0.80952380952380953,0.58620689655172409,0.42919166123985042,43,20,4,17,0.8420256991685563,0.69850630431180205,0.69190222775797117
linear_svm_balanced_ratio_preserved_noise_mcc_selected_true_pr_auc_v1,linear_svm_class_weight_balanced,linear_svm,C,60/40,4,random_fp_20,test,80/20,test,0.10000000000000001,True,2549,48,6.8242401460011024,105,21,84,0.79047619047619044,0.79761904761904767,0.48571428571428571,0.80952380952380953,0.6071428571428571,0.50507627227610541,66,18,4,17,0.88435374149659862,0.72651651662734906,0.7186845624291851
linear_svm_balanced_ratio_preserved_noise_mcc_selected_true_pr_auc_v1,linear_svm_class_weight_balanced,linear_svm,C,60/40,4,random_fp_20,test,90/10,test,0.10000000000000001,True,2549,48,7.0622672650206368,210,21,189,0.73333333333333328,0.76719576719576721,0.24637681159420291,0.80952380952380953,0.37777777777777777,0.34132336406622121,137,52,4,17,0.86344167296548247,0.5384444891691883,0.52802907074541161
linear_svm_balanced_ratio_preserved_noise_mcc_selected_true_pr_auc_v1,linear_svm_class_weight_balanced,linear_svm,C,60/40,4,heuristic_fp_10,validation_selected_reproduction,60/40,valid,1,True,2124,48,5.4145578150055371,48,19,29,0.75,0.76588021778584392,0.64000000000000001,0.84210526315789469,0.72727272727272729,0.52054454367727432,20,9,3,16,0.77132486388384747,0.59228947437151769,0.56491210004169901
linear_svm_balanced_ratio_preserved_noise_mcc_selected_true_pr_auc_v1,linear_svm_class_weight_balanced,linear_svm,C,60/40,4,heuristic_fp_10,test,50/50,test,1,True,2124,48,5.4908149899856653,42,21,21,0.7857142857142857,0.7857142857142857,0.75,0.8571428571428571,0.80000000000000004,0.57735026918962573,15,6,3,18,0.91383219954648531,0.93004337853145125,0.92846110840229201
linear_svm_balanced_ratio_preserved_noise_mcc_selected_true_pr_auc_v1,linear_svm_class_weight_balanced,linear_svm,C,60/40,4,heuristic_fp_10,test,60/40,test,1,True,2124,48,5.6541505589848384,53,21,32,0.81132075471698117,0.8191964285714286,0.71999999999999997,0.8571428571428571,0.78260869565217395,0.62549470217499015,25,7,3,18,0.8928571428571429,0.85327456582097994,0.84814467489112388
linear_svm_balanced_ratio_preserved_noise_mcc_selected_true_pr_auc_v1,linear_svm_class_weight_balanced,linear_svm,C,60/40,4,heuristic_fp_10,test,70/30,test,1,True,2124,48,5.7750636419805232,70,21,49,0.77142857142857146,0.79591836734693877,0.58064516129032262,0.8571428571428571,0.69230769230769229,0.54600479265763269,36,13,3,18,0.8862973760932944,0.84142427714272006,0.83819246760250632
linear_svm_balanced_ratio_preserved_noise_mcc_selected_true_pr_auc_v1,linear_svm_class_weight_balanced,linear_svm,C,60/40,4,heuristic_fp_10,test,75/25,test,1,True,2124,48,5.9138012600014918,84,21,63,0.8214285714285714,0.83333333333333326,0.59999999999999998,0.8571428571428571,0.70588235294117652,0.60246407607670927,51,12,3,18,0.89569160997732422,0.68777005061702357,0.66087951774240183
linear_svm_balanced_ratio_preserved_noise_mcc_selected_true_pr_auc_v1,linear_svm_class_weight_balanced,linear_svm,C,60/40,4,heuristic_fp_10,test,80/20,test,1,True,2124,48,6.0320836429891642,105,21,84,0.84761904761904761,0.85119047619047616,0.58064516129032262,0.8571428571428571,0.69230769230769229,0.61592142186125087,71,13,3,18,0.93764172335600904,0.86859221748651216,0.866007224295408
linear_svm_balanced_ratio_preserved_noise_mcc_selected_true_pr_auc_v1,linear_svm_class_weight_balanced,linear_svm,C,60/40,4,heuristic_fp_10,test,90/10,test,1,True,2124,48,6.2665715909970459,210,21,189,0.7142857142857143,0.77777777777777768,0.23999999999999999,0.8571428571428571,0.375,0.34783279649996729,132,57,3,18,0.88032249937011831,0.47393774919013326,0.44511307761194191
linear_svm_balanced_ratio_preserved_noise_mcc_selected_true_pr_auc_v1,linear_svm_class_weight_balanced,linear_svm,C,60/40,4,heuristic_fp_20,validation_selected_reproduction,60/40,valid,1,True,2549,48,6.0177794769988395,48,19,29,0.72916666666666663,0.74863883847549906,0.61538461538461542,0.84210526315789469,0.71111111111111114,0.48806397086687853,19,10,3,16,0.77132486388384758,0.69352260452229597,0.68130897604012364
linear_svm_balanced_ratio_preserved_noise_mcc_selected_true_pr_auc_v1,linear_svm_class_weight_balanced,linear_svm,C,60/40,4,heuristic_fp_20,test,50/50,test,1,True,2549,48,6.0915296559978742,42,21,21,0.80952380952380953,0.80952380952380953,0.78260869565217395,0.8571428571428571,0.81818181818181823,0.6218743352054219,16,5,3,18,0.91156462585034004,0.91914327851789812,0.91716735679835182
linear_svm_balanced_ratio_preserved_noise_mcc_selected_true_pr_auc_v1,linear_svm_class_weight_balanced,linear_svm,C,60/40,4,heuristic_fp_20,test,60/40,test,1,True,2549,48,6.2401381389936432,53,21,32,0.84905660377358494,0.8504464285714286,0.78260869565217395,0.8571428571428571,0.81818181818181823,0.69169036353429936,27,5,3,18,0.88988095238095233,0.81151878495384722,0.80456390594471183
linear_svm_balanced_ratio_preserved_noise_mcc_selected_true_pr_auc_v1,linear_svm_class_weight_balanced,linear_svm,C,60/40,4,heuristic_fp_20,test,70/30,test,1,True,2549,48,6.3460606400039978,70,21,49,0.72857142857142854,0.76530612244897955,0.52941176470588236,0.8571428571428571,0.65454545454545454,0.48651277256732778,33,16,3,18,0.87269193391642375,0.76469373649106509,0.7556182111163281
linear_svm_balanced_ratio_preserved_noise_mcc_selected_true_pr_auc_v1,linear_svm_class_weight_balanced,linear_svm,C,60/40,4,heuristic_fp_20,test,75/25,test,1,True,2549,48,6.4672443890012801,84,21,63,0.77380952380952384,0.80158730158730163,0.52941176470588236,0.8571428571428571,0.65454545454545454,0.53210643193064366,47,16,3,18,0.89644746787603935,0.71028110118171739,0.6985729102639151
linear_svm_balanced_ratio_preserved_noise_mcc_selected_true_pr_auc_v1,linear_svm_class_weight_balanced,linear_svm,C,60/40,4,heuristic_fp_20,test,80/20,test,1,True,2549,48,6.6028286660148297,105,21,84,0.76190476190476186,0.79761904761904767,0.45000000000000001,0.8571428571428571,0.5901639344262295,0.49029033784546011,62,22,3,18,0.90306122448979587,0.69502384426502739,0.68536286748345909
linear_svm_balanced_ratio_preserved_noise_mcc_selected_true_pr_auc_v1,linear_svm_class_weight_balanced,linear_svm,C,60/40,4,heuristic_fp_20,test,90/10,test,1,True,2549,48,6.8388669489941094,210,21,189,0.68571428571428572,0.76190476190476186,0.22222222222222221,0.8571428571428571,0.35294117647058826,0.32283199898606207,126,63,3,18,0.85714285714285721,0.41590005673967317,0.39889420115773816
linear_svm_balanced_ratio_preserved_noise_mcc_selected_true_pr_auc_v1,linear_svm_class_weight_balanced,linear_svm,C,60/40,5,clean,validation_selected_reproduction,60/40,valid,0.10000000000000001,True,1698,48,4.8153208029980306,48,19,29,0.64583333333333337,0.6705989110707804,0.5357142857142857,0.78947368421052633,0.63829787234042556,0.33844494847393425,16,13,4,15,0.71687840290381122,0.59601076962670219,0.57728524317298402
linear_svm_balanced_ratio_preserved_noise_mcc_selected_true_pr_auc_v1,linear_svm_class_weight_balanced,linear_svm,C,60/40,5,clean,test,50/50,test,0.10000000000000001,True,1698,48,4.8878963549796026,42,21,21,0.7857142857142857,0.7857142857142857,0.77272727272727271,0.80952380952380953,0.79069767441860461,0.57207755354735534,16,5,4,17,0.85941043083900226,0.86515241699743917,0.86160132829872493
linear_svm_balanced_ratio_preserved_noise_mcc_selected_true_pr_auc_v1,linear_svm_class_weight_balanced,linear_svm,C,60/40,5,clean,test,60/40,test,0.10000000000000001,True,1698,48,4.9735340339830145,53,21,32,0.81132075471698117,0.81101190476190477,0.73913043478260865,0.80952380952380953,0.77272727272727271,0.6138568406737519,26,6,4,17,0.86309523809523814,0.78070270007033282,0.77245431502680462
linear_svm_balanced_ratio_preserved_noise_mcc_selected_true_pr_auc_v1,linear_svm_class_weight_balanced,linear_svm,C,60/40,5,clean,test,70/30,test,0.10000000000000001,True,1698,48,5.0623312759853434,70,21,49,0.81428571428571428,0.81292517006802723,0.65384615384615385,0.80952380952380953,0.72340425531914898,0.59356074020638561,40,9,4,17,0.89407191448007772,0.7764678217781944,0.76987921901368672
linear_svm_balanced_ratio_preserved_noise_mcc_selected_true_pr_auc_v1,linear_svm_class_weight_balanced,linear_svm,C,60/40,5,clean,test,75/25,test,0.10000000000000001,True,1698,48,5.1626791500020772,84,21,63,0.8928571428571429,0.86507936507936511,0.77272727272727271,0.80952380952380953,0.79069767441860461,0.71910120940283073,58,5,4,17,0.92063492063492058,0.7282945347526909,0.70186829606099632
linear_svm_balanced_ratio_preserved_noise_mcc_selected_true_pr_auc_v1,linear_svm_class_weight_balanced,linear_svm,C,60/40,5,clean,test,80/20,test,0.10000000000000001,True,1698,48,5.3060672449937556,105,21,84,0.79047619047619044,0.79761904761904767,0.48571428571428571,0.80952380952380953,0.6071428571428571,0.50507627227610541,66,18,4,17,0.85600907029478446,0.57697624268292336,0.54963875271596385
linear_svm_balanced_ratio_preserved_noise_mcc_selected_true_pr_auc_v1,linear_svm_class_weight_balanced,linear_svm,C,60/40,5,clean,test,90/10,test,0.10000000000000001,True,1698,48,5.5655959929863457,210,21,189,0.81904761904761902,0.81481481481481488,0.33333333333333331,0.80952380952380953,0.47222222222222221,0.44049608863155321,155,34,4,17,0.89065255731922399,0.55064977626137213,0.54117721740738511
linear_svm_balanced_ratio_preserved_noise_mcc_selected_true_pr_auc_v1,linear_svm_class_weight_balanced,linear_svm,C,60/40,5,random_flip_10,validation_selected_reproduction,60/40,valid,1,True,1698,48,4.9691870259994175,48,19,29,0.64583333333333337,0.66152450090744097,0.53846153846153844,0.73684210526315785,0.62222222222222223,0.31706345552665832,17,12,5,14,0.6950998185117967,0.56302615878793161,0.53132251961882915
linear_svm_balanced_ratio_preserved_noise_mcc_selected_true_pr_auc_v1,linear_svm_class_weight_balanced,linear_svm,C,60/40,5,random_flip_10,test,50/50,test,1,True,1698,48,5.0532375090115238,42,21,21,0.7142857142857143,0.7142857142857143,0.7142857142857143,0.7142857142857143,0.7142857142857143,0.42857142857142855,15,6,6,15,0.80725623582766437,0.82622799102225364,0.82196912968877633
linear_svm_balanced_ratio_preserved_noise_mcc_selected_true_pr_auc_v1,linear_svm_class_weight_balanced,linear_svm,C,60/40,5,random_flip_10,test,60/40,test,1,True,1698,48,5.1436465769947972,53,21,32,0.75471698113207553,0.74776785714285721,0.68181818181818177,0.7142857142857143,0.69767441860465118,0.49188933866410628,25,7,6,15,0.8348214285714286,0.79381512325482273,0.7888122788168479
linear_svm_balanced_ratio_preserved_noise_mcc_selected_true_pr_auc_v1,linear_svm_class_weight_balanced,linear_svm,C,60/40,5,random_flip_10,test,70/30,test,1,True,1698,48,5.2410383140086196,70,21,49,0.81428571428571428,0.7857142857142857,0.68181818181818177,0.7142857142857143,0.69767441860465118,0.56407607481776623,42,7,6,15,0.8522837706511176,0.77539813573166216,0.77059216373089501
linear_svm_balanced_ratio_preserved_noise_mcc_selected_true_pr_auc_v1,linear_svm_class_weight_balanced,linear_svm,C,60/40,5,random_flip_10,test,75/25,test,1,True,1698,48,5.3411670140048955,84,21,63,0.83333333333333337,0.79365079365079372,0.65217391304347827,0.7142857142857143,0.68181818181818177,0.5703116736349898,55,8,6,15,0.8571428571428571,0.68918962077671586,0.66368140443613199
linear_svm_balanced_ratio_preserved_noise_mcc_selected_true_pr_auc_v1,linear_svm_class_weight_balanced,linear_svm,C,60/40,5,random_flip_10,test,80/20,test,1,True,1698,48,5.499549410014879,105,21,84,0.74285714285714288,0.73214285714285721,0.41666666666666669,0.7142857142857143,0.52631578947368418,0.39125402252874991,63,21,6,15,0.81972789115646261,0.52937016869589892,0.50043537707303309
linear_svm_balanced_ratio_preserved_noise_mcc_selected_true_pr_auc_v1,linear_svm_class_weight_balanced,linear_svm,C,60/40,5,random_flip_10,test,90/10,test,1,True,1698,48,5.7710555999947246,210,21,189,0.80000000000000004,0.76190476190476186,0.29411764705882354,0.7142857142857143,0.41666666666666669,0.36646313255902324,153,36,6,15,0.83522297808012103,0.44019753879291812,0.41252496068773742
linear_svm_balanced_ratio_preserved_noise_mcc_selected_true_pr_auc_v1,linear_svm_class_weight_balanced,linear_svm,C,60/40,5,random_flip_20,validation_selected_reproduction,60/40,valid,1,True,1698,48,4.8233987870044075,48,19,29,0.60416666666666663,0.62704174228675136,0.5,0.73684210526315785,0.5957446808510638,0.25203347226782336,15,14,5,14,0.62794918330308525,0.54385996659542368,0.52945864839584966
linear_svm_balanced_ratio_preserved_noise_mcc_selected_true_pr_auc_v1,linear_svm_class_weight_balanced,linear_svm,C,60/40,5,random_flip_20,test,50/50,test,1,True,1698,48,4.9071959540015087,42,21,21,0.6428571428571429,0.64285714285714279,0.66666666666666663,0.5714285714285714,0.61538461538461542,0.28867513459481287,15,6,9,12,0.74376417233560088,0.76003560871042097,0.7526676247385844
linear_svm_balanced_ratio_preserved_noise_mcc_selected_true_pr_auc_v1,linear_svm_class_weight_balanced,linear_svm,C,60/40,5,random_flip_20,test,60/40,test,1,True,1698,48,5.0077577639895026,53,21,32,0.73584905660377353,0.7075892857142857,0.70588235294117652,0.5714285714285714,0.63157894736842102,0.43505469085347587,27,5,9,12,0.80059523809523814,0.74562659981905277,0.73582715740693327
linear_svm_balanced_ratio_preserved_noise_mcc_selected_true_pr_auc_v1,linear_svm_class_weight_balanced,linear_svm,C,60/40,5,random_flip_20,test,70/30,test,1,True,1698,48,5.1072560090105981,70,21,49,0.77142857142857146,0.71428571428571419,0.63157894736842102,0.5714285714285714,0.59999999999999998,0.44164062271091298,42,7,9,12,0.81243926141885314,0.70012347526828145,0.69163047329471739
linear_svm_balanced_ratio_preserved_noise_mcc_selected_true_pr_auc_v1,linear_svm_class_weight_balanced,linear_svm,C,60/40,5,random_flip_20,test,75/25,test,1,True,1698,48,5.2170006870001089,84,21,63,0.7857142857142857,0.71428571428571419,0.5714285714285714,0.5714285714285714,0.5714285714285714,0.42857142857142855,54,9,9,12,0.79969765684051397,0.63627120882626387,0.6259928880182617
linear_svm_balanced_ratio_preserved_noise_mcc_selected_true_pr_auc_v1,linear_svm_class_weight_balanced,linear_svm,C,60/40,5,random_flip_20,test,80/20,test,1,True,1698,48,5.375582837004913,105,21,84,0.75238095238095237,0.68452380952380953,0.41379310344827586,0.5714285714285714,0.47999999999999998,0.33016110020278633,67,17,9,12,0.79081632653061229,0.55984653014013064,0.53351325619056711
linear_svm_balanced_ratio_preserved_noise_mcc_selected_true_pr_auc_v1,linear_svm_class_weight_balanced,linear_svm,C,60/40,5,random_flip_20,test,90/10,test,1,True,1698,48,5.6398160929966252,210,21,189,0.77142857142857146,0.68253968253968256,0.23529411764705882,0.5714285714285714,0.33333333333333331,0.25541369845022832,150,39,9,12,0.79491055681531875,0.46503101959629728,0.45576266100203244
linear_svm_balanced_ratio_preserved_noise_mcc_selected_true_pr_auc_v1,linear_svm_class_weight_balanced,linear_svm,C,60/40,5,random_fp_10,validation_selected_reproduction,60/40,valid,10,True,2124,48,6.1875204509997275,48,19,29,0.70833333333333337,0.72232304900181488,0.59999999999999998,0.78947368421052633,0.68181818181818177,0.43526762184618506,19,10,4,15,0.79673321234119776,0.75891457156503095,0.75156897547557633
linear_svm_balanced_ratio_preserved_noise_mcc_selected_true_pr_auc_v1,linear_svm_class_weight_balanced,linear_svm,C,60/40,5,random_fp_10,test,50/50,test,10,True,2124,48,6.2852577960002236,42,21,21,0.73809523809523814,0.73809523809523814,0.72727272727272729,0.76190476190476186,0.7441860465116279,0.47673129462279618,15,6,5,16,0.80725623582766437,0.82838540407435479,0.82375060590622673
linear_svm_balanced_ratio_preserved_noise_mcc_selected_true_pr_auc_v1,linear_svm_class_weight_balanced,linear_svm,C,60/40,5,random_fp_10,test,60/40,test,10,True,2124,48,6.3802564090001397,53,21,32,0.77358490566037741,0.77157738095238093,0.69565217391304346,0.76190476190476186,0.72727272727272729,0.53602331781320434,25,7,5,16,0.81845238095238093,0.78301757766043489,0.77428599411750776
linear_svm_balanced_ratio_preserved_noise_mcc_selected_true_pr_auc_v1,linear_svm_class_weight_balanced,linear_svm,C,60/40,5,random_fp_10,test,70/30,test,10,True,2124,48,6.4850622150115669,70,21,49,0.81428571428571428,0.79931972789115646,0.66666666666666663,0.76190476190476186,0.71111111111111114,0.57794763124200721,41,8,5,16,0.80563654033041776,0.66715562517138283,0.65492959711131338
linear_svm_balanced_ratio_preserved_noise_mcc_selected_true_pr_auc_v1,linear_svm_class_weight_balanced,linear_svm,C,60/40,5,random_fp_10,test,75/25,test,10,True,2124,48,6.6045658950170036,84,21,63,0.8214285714285714,0.80158730158730163,0.61538461538461542,0.76190476190476186,0.68085106382978722,0.56496598177754986,53,10,5,16,0.81708238851095993,0.60851613799520665,0.5847510350145535
linear_svm_balanced_ratio_preserved_noise_mcc_selected_true_pr_auc_v1,linear_svm_class_weight_balanced,linear_svm,C,60/40,5,random_fp_10,test,80/20,test,10,True,2124,48,6.7812187670206185,105,21,84,0.75238095238095237,0.75595238095238093,0.43243243243243246,0.76190476190476186,0.55172413793103448,0.42863056977053376,63,21,5,16,0.80895691609977327,0.64356518855800182,0.63288931737109722
linear_svm_balanced_ratio_preserved_noise_mcc_selected_true_pr_auc_v1,linear_svm_class_weight_balanced,linear_svm,C,60/40,5,random_fp_10,test,90/10,test,10,True,2124,48,7.0745764349994715,210,21,189,0.76666666666666672,0.76455026455026454,0.26666666666666666,0.76190476190476186,0.39506172839506171,0.35136418446315326,145,44,5,16,0.81960191484000999,0.48625998788734481,0.4709347938451412
linear_svm_balanced_ratio_preserved_noise_mcc_selected_true_pr_auc_v1,linear_svm_class_weight_balanced,linear_svm,C,60/40,5,random_fp_20,validation_selected_reproduction,60/40,valid,0.10000000000000001,True,2549,48,6.1141584620054346,48,19,29,0.64583333333333337,0.6705989110707804,0.5357142857142857,0.78947368421052633,0.63829787234042556,0.33844494847393425,16,13,4,15,0.69691470054446469,0.62102816275836714,0.60708987049477503
linear_svm_balanced_ratio_preserved_noise_mcc_selected_true_pr_auc_v1,linear_svm_class_weight_balanced,linear_svm,C,60/40,5,random_fp_20,test,50/50,test,0.10000000000000001,True,2549,48,6.1925477360200603,42,21,21,0.80952380952380953,0.80952380952380953,0.78260869565217395,0.8571428571428571,0.81818181818181823,0.6218743352054219,16,5,3,18,0.86167800453514731,0.84118273137151856,0.83457179171808238
linear_svm_balanced_ratio_preserved_noise_mcc_selected_true_pr_auc_v1,linear_svm_class_weight_balanced,linear_svm,C,60/40,5,random_fp_20,test,60/40,test,0.10000000000000001,True,2549,48,6.2805884700210299,53,21,32,0.75471698113207553,0.7723214285714286,0.6428571428571429,0.8571428571428571,0.73469387755102045,0.53363883682062097,22,10,3,18,0.85565476190476186,0.77618897726148828,0.76917709337292139
linear_svm_balanced_ratio_preserved_noise_mcc_selected_true_pr_auc_v1,linear_svm_class_weight_balanced,linear_svm,C,60/40,5,random_fp_20,test,70/30,test,0.10000000000000001,True,2549,48,6.3664270450244658,70,21,49,0.82857142857142863,0.83673469387755106,0.66666666666666663,0.8571428571428571,0.75,0.63402945947465839,40,9,3,18,0.91350826044703592,0.7742473398131291,0.76086417682376317
linear_svm_balanced_ratio_preserved_noise_mcc_selected_true_pr_auc_v1,linear_svm_class_weight_balanced,linear_svm,C,60/40,5,random_fp_20,test,75/25,test,0.10000000000000001,True,2549,48,6.4700691940088291,84,21,63,0.8214285714285714,0.83333333333333326,0.59999999999999998,0.8571428571428571,0.70588235294117652,0.60246407607670927,51,12,3,18,0.92592592592592593,0.80590214280785188,0.79954750587270151
linear_svm_balanced_ratio_preserved_noise_mcc_selected_true_pr_auc_v1,linear_svm_class_weight_balanced,linear_svm,C,60/40,5,random_fp_20,test,80/20,test,0.10000000000000001,True,2549,48,6.612365254026372,105,21,84,0.76190476190476186,0.79761904761904767,0.45000000000000001,0.8571428571428571,0.5901639344262295,0.49029033784546011,62,22,3,18,0.85827664399092973,0.55785233972081982,0.53006017350658707
linear_svm_balanced_ratio_preserved_noise_mcc_selected_true_pr_auc_v1,linear_svm_class_weight_balanced,linear_svm,C,60/40,5,random_fp_20,test,90/10,test,0.10000000000000001,True,2549,48,6.867560073005734,210,21,189,0.74285714285714288,0.79365079365079361,0.2608695652173913,0.8571428571428571,0.40000000000000002,0.37511775654802532,138,51,3,18,0.90173847316704459,0.58412118086720932,0.5753964603336057
linear_svm_balanced_ratio_preserved_noise_mcc_selected_true_pr_auc_v1,linear_svm_class_weight_balanced,linear_svm,C,60/40,5,heuristic_fp_10,validation_selected_reproduction,60/40,valid,0.10000000000000001,True,2124,48,5.643120648979675,48,19,29,0.66666666666666663,0.68784029038112515,0.55555555555555558,0.78947368421052633,0.65217391304347827,0.37034204176319158,17,12,4,15,0.72958257713248642,0.6288305021714633,0.61147343312357161
linear_svm_balanced_ratio_preserved_noise_mcc_selected_true_pr_auc_v1,linear_svm_class_weight_balanced,linear_svm,C,60/40,5,heuristic_fp_10,test,50/50,test,0.10000000000000001,True,2124,48,5.7333426130062435,42,21,21,0.80952380952380953,0.80952380952380953,0.78260869565217395,0.8571428571428571,0.81818181818181823,0.6218743352054219,16,5,3,18,0.87301587301587302,0.86431288995512068,0.85928222861569692
linear_svm_balanced_ratio_preserved_noise_mcc_selected_true_pr_auc_v1,linear_svm_class_weight_balanced,linear_svm,C,60/40,5,heuristic_fp_10,test,60/40,test,0.10000000000000001,True,2124,48,5.8304545629944187,53,21,32,0.81132075471698117,0.8191964285714286,0.71999999999999997,0.8571428571428571,0.78260869565217395,0.62549470217499015,25,7,3,18,0.87797619047619047,0.81333936889998149,0.80695696101105008
linear_svm_balanced_ratio_preserved_noise_mcc_selected_true_pr_auc_v1,linear_svm_class_weight_balanced,linear_svm,C,60/40,5,heuristic_fp_10,test,70/30,test,0.10000000000000001,True,2124,48,5.9301164119970053,70,21,49,0.80000000000000004,0.81632653061224492,0.62068965517241381,0.8571428571428571,0.71999999999999997,0.58854865814861101,38,11,3,18,0.87463556851311952,0.7328993324144808,0.72442669379105662
linear_svm_balanced_ratio_preserved_noise_mcc_selected_true_pr_auc_v1,linear_svm_class_weight_balanced,linear_svm,C,60/40,5,heuristic_fp_10,test,75/25,test,0.10000000000000001,True,2124,48,6.0382170929806307,84,21,63,0.86904761904761907,0.86507936507936511,0.69230769230769229,0.8571428571428571,0.76595744680851063,0.68390618846756046,55,8,3,18,0.91534391534391535,0.71191648765178184,0.68508179178762563
linear_svm_balanced_ratio_preserved_noise_mcc_selected_true_pr_auc_v1,linear_svm_class_weight_balanced,linear_svm,C,60/40,5,heuristic_fp_10,test,80/20,test,0.10000000000000001,True,2124,48,6.1966528199845925,105,21,84,0.77142857142857146,0.8035714285714286,0.46153846153846156,0.8571428571428571,0.59999999999999998,0.50261553659072022,63,21,3,18,0.85600907029478457,0.58438914701118971,0.56773034138850553
linear_svm_balanced_ratio_preserved_noise_mcc_selected_true_pr_auc_v1,linear_svm_class_weight_balanced,linear_svm,C,60/40,5,heuristic_fp_10,test,90/10,test,0.10000000000000001,True,2124,48,6.4903701269940939,210,21,189,0.77142857142857146,0.80952380952380953,0.2857142857142857,0.8571428571428571,0.42857142857142855,0.40526179615255725,144,45,3,18,0.8873771730914588,0.53648612021203634,0.52732511063905296
linear_svm_balanced_ratio_preserved_noise_mcc_selected_true_pr_auc_v1,linear_svm_class_weight_balanced,linear_svm,C,60/40,5,heuristic_fp_20,validation_selected_reproduction,60/40,valid,1,True,2549,48,6.2762745220097713,48,19,29,0.6875,0.70508166969147013,0.57692307692307687,0.78947368421052633,0.66666666666666663,0.40256371319676842,18,11,4,15,0.73684210526315796,0.65108174861263635,0.6373328709988284
linear_svm_balanced_ratio_preserved_noise_mcc_selected_true_pr_auc_v1,linear_svm_class_weight_balanced,linear_svm,C,60/40,5,heuristic_fp_20,test,50/50,test,1,True,2549,48,6.3762854390079156,42,21,21,0.73809523809523814,0.73809523809523814,0.70833333333333337,0.80952380952380953,0.75555555555555554,0.48112522432468813,14,7,4,17,0.8458049886621315,0.83618731623430875,0.83039368627827503
linear_svm_balanced_ratio_preserved_noise_mcc_selected_true_pr_auc_v1,linear_svm_class_weight_balanced,linear_svm,C,60/40,5,heuristic_fp_20,test,60/40,test,1,True,2549,48,6.4725613410118967,53,21,32,0.79245283018867929,0.79538690476190477,0.70833333333333337,0.80952380952380953,0.75555555555555554,0.58049869858001624,25,7,4,17,0.8883928571428571,0.85971901862107325,0.85648742433130898
linear_svm_balanced_ratio_preserved_noise_mcc_selected_true_pr_auc_v1,linear_svm_class_weight_balanced,linear_svm,C,60/40,5,heuristic_fp_20,test,70/30,test,1,True,2549,48,6.5633043959969655,70,21,49,0.77142857142857146,0.78231292517006801,0.58620689655172409,0.80952380952380953,0.68000000000000005,0.52526385619714755,37,12,4,17,0.89698736637512155,0.78060580443038607,0.7737609568813606
linear_svm_balanced_ratio_preserved_noise_mcc_selected_true_pr_auc_v1,linear_svm_class_weight_balanced,linear_svm,C,60/40,5,heuristic_fp_20,test,75/25,test,1,True,2549,48,6.6652792480017524,84,21,63,0.83333333333333337,0.82539682539682535,0.62962962962962965,0.80952380952380953,0.70833333333333337,0.60339807377407551,53,10,4,17,0.89342403628117895,0.63428169566462822,0.60972583837909877
linear_svm_balanced_ratio_preserved_noise_mcc_selected_true_pr_auc_v1,linear_svm_class_weight_balanced,linear_svm,C,60/40,5,heuristic_fp_20,test,80/20,test,1,True,2549,48,6.8202359360002447,105,21,84,0.79047619047619044,0.79761904761904767,0.48571428571428571,0.80952380952380953,0.6071428571428571,0.50507627227610541,66,18,4,17,0.89002267573696148,0.67932930387868895,0.66842630291744132
linear_svm_balanced_ratio_preserved_noise_mcc_selected_true_pr_auc_v1,linear_svm_class_weight_balanced,linear_svm,C,60/40,5,heuristic_fp_20,test,90/10,test,1,True,2549,48,7.1011710510065313,210,21,189,0.77142857142857146,0.78835978835978837,0.27868852459016391,0.80952380952380953,0.41463414634146339,0.38110723319571488,145,44,4,17,0.88536155202821876,0.50375805019064945,0.47629033908460905
linear_svm_balanced_ratio_preserved_noise_mcc_selected_true_pr_auc_v1,linear_svm_class_weight_balanced,linear_svm,C,70/30,1,clean,validation_selected_reproduction,70/30,valid,0.10000000000000001,True,2264,64,5.9358640029968228,64,19,45,0.796875,0.77953216374268997,0.63636363636363635,0.73684210526315785,0.68292682926829273,0.53778520927801132,37,8,5,14,0.8128654970760234,0.63457815241233351,0.61679391697931285
linear_svm_balanced_ratio_preserved_noise_mcc_selected_true_pr_auc_v1,linear_svm_class_weight_balanced,linear_svm,C,70/30,1,clean,test,50/50,test,0.10000000000000001,True,2264,64,6.0326238750130869,42,21,21,0.76190476190476186,0.76190476190476186,0.76190476190476186,0.76190476190476186,0.76190476190476186,0.52380952380952384,16,5,5,16,0.87755102040816324,0.88970531672912645,0.88669623227305983
linear_svm_balanced_ratio_preserved_noise_mcc_selected_true_pr_auc_v1,linear_svm_class_weight_balanced,linear_svm,C,70/30,1,clean,test,60/40,test,0.10000000000000001,True,2264,64,6.1358142750104889,53,21,32,0.79245283018867929,0.78720238095238093,0.72727272727272729,0.76190476190476186,0.7441860465116279,0.57017803220524033,26,6,5,16,0.86160714285714279,0.83168682406130667,0.82725322918716593
linear_svm_balanced_ratio_preserved_noise_mcc_selected_true_pr_auc_v1,linear_svm_class_weight_balanced,linear_svm,C,70/30,1,clean,test,70/30,test,0.10000000000000001,True,2264,64,6.2320866360096261,70,21,49,0.88571428571428568,0.85034013605442182,0.84210526315789469,0.76190476190476186,0.80000000000000004,0.72204736728927044,46,3,5,16,0.91350826044703592,0.88983734519448832,0.88804437783303602
linear_svm_balanced_ratio_preserved_noise_mcc_selected_true_pr_auc_v1,linear_svm_class_weight_balanced,linear_svm,C,70/30,1,clean,test,75/25,test,0.10000000000000001,True,2264,64,6.3331163359980565,84,21,63,0.86904761904761907,0.83333333333333326,0.72727272727272729,0.76190476190476186,0.7441860465116279,0.6565706694547585,57,6,5,16,0.92063492063492058,0.85921721927009909,0.85660492680993827
linear_svm_balanced_ratio_preserved_noise_mcc_selected_true_pr_auc_v1,linear_svm_class_weight_balanced,linear_svm,C,70/30,1,clean,test,80/20,test,0.10000000000000001,True,2264,64,6.462435320019722,105,21,84,0.80000000000000004,0.7857142857142857,0.5,0.76190476190476186,0.60377358490566035,0.49656353316142077,68,16,5,16,0.85770975056689336,0.58684629047666803,0.55933552690383537
linear_svm_balanced_ratio_preserved_noise_mcc_selected_true_pr_auc_v1,linear_svm_class_weight_balanced,linear_svm,C,70/30,1,clean,test,90/10,test,0.10000000000000001,True,2264,64,6.711543931014603,210,21,189,0.79523809523809519,0.78042328042328046,0.29629629629629628,0.76190476190476186,0.42666666666666669,0.38496870971569458,151,38,5,16,0.86747291509196267,0.52898245466945037,0.51898625130309195
linear_svm_balanced_ratio_preserved_noise_mcc_selected_true_pr_auc_v1,linear_svm_class_weight_balanced,linear_svm,C,70/30,1,random_flip_10,validation_selected_reproduction,70/30,valid,0.10000000000000001,True,2264,64,6.1099528049817309,64,19,45,0.8125,0.80584795321637426,0.65217391304347827,0.78947368421052633,0.7142857142857143,0.58245554635770269,37,8,4,15,0.81637426900584797,0.60296013554458772,0.58494437393396836
linear_svm_balanced_ratio_preserved_noise_mcc_selected_true_pr_auc_v1,linear_svm_class_weight_balanced,linear_svm,C,70/30,1,random_flip_10,test,50/50,test,0.10000000000000001,True,2264,64,6.1974491269793361,42,21,21,0.7857142857142857,0.7857142857142857,0.80000000000000004,0.76190476190476186,0.78048780487804881,0.57207755354735534,17,4,5,16,0.86621315192743764,0.88290144293249884,0.8799217120981131
linear_svm_balanced_ratio_preserved_noise_mcc_selected_true_pr_auc_v1,linear_svm_class_weight_balanced,linear_svm,C,70/30,1,random_flip_10,test,60/40,test,0.10000000000000001,True,2264,64,6.2981598699989263,53,21,32,0.75471698113207553,0.75595238095238093,0.66666666666666663,0.76190476190476186,0.71111111111111114,0.50300139121291076,24,8,5,16,0.82440476190476186,0.78804564100616759,0.7824125144562768
linear_svm_balanced_ratio_preserved_noise_mcc_selected_true_pr_auc_v1,linear_svm_class_weight_balanced,linear_svm,C,70/30,1,random_flip_10,test,70/30,test,0.10000000000000001,True,2264,64,6.3956433089915663,70,21,49,0.87142857142857144,0.84013605442176864,0.80000000000000004,0.76190476190476186,0.78048780487804881,0.69006555934235425,45,4,5,16,0.90476190476190466,0.88134920634920677,0.87960011593580378
linear_svm_balanced_ratio_preserved_noise_mcc_selected_true_pr_auc_v1,linear_svm_class_weight_balanced,linear_svm,C,70/30,1,random_flip_10,test,75/25,test,0.10000000000000001,True,2264,64,6.5077452409896068,84,21,63,0.88095238095238093,0.84126984126984117,0.76190476190476186,0.76190476190476186,0.76190476190476186,0.68253968253968256,58,5,5,16,0.90627362055933491,0.84599640942917165,0.84345065666450969
linear_svm_balanced_ratio_preserved_noise_mcc_selected_true_pr_auc_v1,linear_svm_class_weight_balanced,linear_svm,C,70/30,1,random_flip_10,test,80/20,test,0.10000000000000001,True,2264,64,6.6435419029730838,105,21,84,0.80000000000000004,0.7857142857142857,0.5,0.76190476190476186,0.60377358490566035,0.49656353316142077,68,16,5,16,0.83900226757369611,0.60357533443999611,0.5952218833855587
linear_svm_balanced_ratio_preserved_noise_mcc_selected_true_pr_auc_v1,linear_svm_class_weight_balanced,linear_svm,C,70/30,1,random_flip_10,test,90/10,test,0.10000000000000001,True,2264,64,6.8681509559974074,210,21,189,0.79047619047619044,0.77777777777777768,0.29090909090909089,0.76190476190476186,0.42105263157894735,0.37907125275171766,150,39,5,16,0.85059208868732672,0.48511441323284132,0.47461649288894525
linear_svm_balanced_ratio_preserved_noise_mcc_selected_true_pr_auc_v1,linear_svm_class_weight_balanced,linear_svm,C,70/30,1,random_flip_20,validation_selected_reproduction,70/30,valid,0.10000000000000001,True,2264,64,6.1060774979996495,64,19,45,0.734375,0.75029239766081868,0.5357142857142857,0.78947368421052633,0.63829787234042556,0.46103133651808054,32,13,4,15,0.77076023391812865,0.63009038010621476,0.61897031966445293
linear_svm_balanced_ratio_preserved_noise_mcc_selected_true_pr_auc_v1,linear_svm_class_weight_balanced,linear_svm,C,70/30,1,random_flip_20,test,50/50,test,0.10000000000000001,True,2264,64,6.1877874880156014,42,21,21,0.76190476190476186,0.76190476190476186,0.76190476190476186,0.76190476190476186,0.76190476190476186,0.52380952380952384,16,5,5,16,0.85941043083900226,0.86139866116711206,0.85755004257466294
linear_svm_balanced_ratio_preserved_noise_mcc_selected_true_pr_auc_v1,linear_svm_class_weight_balanced,linear_svm,C,70/30,1,random_flip_20,test,60/40,test,0.10000000000000001,True,2264,64,6.278273108007852,53,21,32,0.75471698113207553,0.75595238095238093,0.66666666666666663,0.76190476190476186,0.71111111111111114,0.50300139121291076,24,8,5,16,0.8571428571428571,0.82250118945766348,0.81821266782535873
linear_svm_balanced_ratio_preserved_noise_mcc_selected_true_pr_auc_v1,linear_svm_class_weight_balanced,linear_svm,C,70/30,1,random_flip_20,test,70/30,test,0.10000000000000001,True,2264,64,6.3684129900066182,70,21,49,0.84285714285714286,0.8197278911564625,0.72727272727272729,0.76190476190476186,0.7441860465116279,0.63122798848654782,43,6,5,16,0.90864917395529643,0.84615575432257462,0.84264459791848445
linear_svm_balanced_ratio_preserved_noise_mcc_selected_true_pr_auc_v1,linear_svm_class_weight_balanced,linear_svm,C,70/30,1,random_flip_20,test,75/25,test,0.10000000000000001,True,2264,64,6.469645984005183,84,21,63,0.80952380952380953,0.79365079365079361,0.59259259259259256,0.76190476190476186,0.66666666666666663,0.54452996901562911,52,11,5,16,0.89191232048374902,0.76345548933403018,0.75834423853545063
linear_svm_balanced_ratio_preserved_noise_mcc_selected_true_pr_auc_v1,linear_svm_class_weight_balanced,linear_svm,C,70/30,1,random_flip_20,test,80/20,test,0.10000000000000001,True,2264,64,6.6006657270190772,105,21,84,0.75238095238095237,0.75595238095238093,0.43243243243243246,0.76190476190476186,0.55172413793103448,0.42863056977053376,63,21,5,16,0.82482993197278909,0.61292495451997664,0.60622327760058425
linear_svm_balanced_ratio_preserved_noise_mcc_selected_true_pr_auc_v1,linear_svm_class_weight_balanced,linear_svm,C,70/30,1,random_flip_20,test,90/10,test,0.10000000000000001,True,2264,64,6.8391217059979681,210,21,189,0.74285714285714288,0.75132275132275128,0.24615384615384617,0.76190476190476186,0.37209302325581395,0.32618326166224965,140,49,5,16,0.85437137818090192,0.52557590975777757,0.51796832151284411
linear_svm_balanced_ratio_preserved_noise_mcc_selected_true_pr_auc_v1,linear_svm_class_weight_balanced,linear_svm,C,70/30,1,random_fp_10,validation_selected_reproduction,70/30,valid,0.10000000000000001,True,3021,64,6.9997669130098075,64,19,45,0.71875,0.7239766081871345,0.51851851851851849,0.73684210526315785,0.60869565217391308,0.41441262009142055,32,13,5,14,0.79532163742690054,0.61751608352929732,0.59950656121639034
linear_svm_balanced_ratio_preserved_noise_mcc_selected_true_pr_auc_v1,linear_svm_class_weight_balanced,linear_svm,C,70/30,1,random_fp_10,test,50/50,test,0.10000000000000001,True,3021,64,7.0804341690090951,42,21,21,0.73809523809523814,0.73809523809523814,0.72727272727272729,0.76190476190476186,0.7441860465116279,0.47673129462279618,15,6,5,16,0.84807256235827666,0.85024991976506792,0.84589822284254024
linear_svm_balanced_ratio_preserved_noise_mcc_selected_true_pr_auc_v1,linear_svm_class_weight_balanced,linear_svm,C,70/30,1,random_fp_10,test,60/40,test,0.10000000000000001,True,3021,64,7.1686228470061906,53,21,32,0.79245283018867929,0.78720238095238093,0.72727272727272729,0.76190476190476186,0.7441860465116279,0.57017803220524033,26,6,5,16,0.83630952380952372,0.79821751811352848,0.79296444184752124
linear_svm_balanced_ratio_preserved_noise_mcc_selected_true_pr_auc_v1,linear_svm_class_weight_balanced,linear_svm,C,70/30,1,random_fp_10,test,70/30,test,0.10000000000000001,True,3021,64,7.2625600149913225,70,21,49,0.82857142857142863,0.80952380952380953,0.69565217391304346,0.76190476190476186,0.72727272727272729,0.60397491029036365,42,7,5,16,0.891156462585034,0.82478081066274678,0.82093905745143703
linear_svm_balanced_ratio_preserved_noise_mcc_selected_true_pr_auc_v1,linear_svm_class_weight_balanced,linear_svm,C,70/30,1,random_fp_10,test,75/25,test,0.10000000000000001,True,3021,64,7.3652957740123384,84,21,63,0.83333333333333337,0.80952380952380953,0.64000000000000001,0.76190476190476186,0.69565217391304346,0.58628390184220658,54,9,5,16,0.89795918367346939,0.79191274632641195,0.7868058359571124
linear_svm_balanced_ratio_preserved_noise_mcc_selected_true_pr_auc_v1,linear_svm_class_weight_balanced,linear_svm,C,70/30,1,random_fp_10,test,80/20,test,0.10000000000000001,True,3021,64,7.493064192996826,105,21,84,0.74285714285714288,0.75,0.42105263157894735,0.76190476190476186,0.5423728813559322,0.41618851852694444,62,22,5,16,0.82369614512471656,0.5403018931270468,0.52411419327018693
linear_svm_balanced_ratio_preserved_noise_mcc_selected_true_pr_auc_v1,linear_svm_class_weight_balanced,linear_svm,C,70/30,1,random_fp_10,test,90/10,test,0.10000000000000001,True,3021,64,7.7199314380122814,210,21,189,0.75238095238095237,0.75661375661375652,0.25396825396825395,0.76190476190476186,0.38095238095238093,0.33598627544271842,142,47,5,16,0.84202569916855641,0.49374421247253852,0.48640103706197069
linear_svm_balanced_ratio_preserved_noise_mcc_selected_true_pr_auc_v1,linear_svm_class_weight_balanced,linear_svm,C,70/30,1,random_fp_20,validation_selected_reproduction,70/30,valid,0.10000000000000001,True,3775,64,7.9259605769766495,64,19,45,0.765625,0.78771929824561404,0.5714285714285714,0.84210526315789469,0.68085106382978722,0.52997060179181221,33,12,3,16,0.84327485380116951,0.70124540433404703,0.68935759830932375
linear_svm_balanced_ratio_preserved_noise_mcc_selected_true_pr_auc_v1,linear_svm_class_weight_balanced,linear_svm,C,70/30,1,random_fp_20,test,50/50,test,0.10000000000000001,True,3775,64,8.0052915829874109,42,21,21,0.80952380952380953,0.80952380952380953,0.80952380952380953,0.80952380952380953,0.80952380952380953,0.61904761904761907,17,4,4,17,0.89569160997732422,0.90738593281980195,0.90492159945106176
linear_svm_balanced_ratio_preserved_noise_mcc_selected_true_pr_auc_v1,linear_svm_class_weight_balanced,linear_svm,C,70/30,1,random_fp_20,test,60/40,test,0.10000000000000001,True,3775,64,8.0947689299937338,53,21,32,0.71698113207547165,0.73288690476190477,0.6071428571428571,0.80952380952380953,0.69387755102040816,0.45636326755424689,21,11,4,17,0.8482142857142857,0.83668512904661729,0.83322793786456439
linear_svm_balanced_ratio_preserved_noise_mcc_selected_true_pr_auc_v1,linear_svm_class_weight_balanced,linear_svm,C,70/30,1,random_fp_20,test,70/30,test,0.10000000000000001,True,3775,64,8.1906970639829524,70,21,49,0.82857142857142863,0.8231292517006803,0.68000000000000005,0.80952380952380953,0.73913043478260865,0.61807004620073758,41,8,4,17,0.89504373177842567,0.85569262210842467,0.85281518666084311
linear_svm_balanced_ratio_preserved_noise_mcc_selected_true_pr_auc_v1,linear_svm_class_weight_balanced,linear_svm,C,70/30,1,random_fp_20,test,75/25,test,0.10000000000000001,True,3775,64,8.2992019339872058,84,21,63,0.8214285714285714,0.81746031746031744,0.6071428571428571,0.80952380952380953,0.69387755102040816,0.58321184351980437,52,11,4,17,0.88435374149659862,0.82231435491388671,0.81944824624613255
linear_svm_balanced_ratio_preserved_noise_mcc_selected_true_pr_auc_v1,linear_svm_class_weight_balanced,linear_svm,C,70/30,1,random_fp_20,test,80/20,test,0.10000000000000001,True,3775,64,8.4295361419790424,105,21,84,0.70476190476190481,0.74404761904761907,0.38636363636363635,0.80952380952380953,0.52307692307692311,0.39569686119711878,57,27,4,17,0.8344671201814059,0.60034686454830544,0.58780408015640639
linear_svm_balanced_ratio_preserved_noise_mcc_selected_true_pr_auc_v1,linear_svm_class_weight_balanced,linear_svm,C,70/30,1,random_fp_20,test,90/10,test,0.10000000000000001,True,3775,64,8.6685542129853275,210,21,189,0.72857142857142854,0.76455026455026454,0.24285714285714285,0.80952380952380953,0.37362637362637363,0.33671751485073692,136,53,4,17,0.85109599395313684,0.53191435240002183,0.5218535749225881
linear_svm_balanced_ratio_preserved_noise_mcc_selected_true_pr_auc_v1,linear_svm_class_weight_balanced,linear_svm,C,70/30,1,heuristic_fp_10,validation_selected_reproduction,70/30,valid,1,True,3021,64,6.6984349029953592,64,19,45,0.8125,0.82105263157894737,0.64000000000000001,0.84210526315789469,0.72727272727272729,0.60129415086997595,36,9,3,16,0.85847953216374273,0.71167122143332007,0.69949858508639662
linear_svm_balanced_ratio_preserved_noise_mcc_selected_true_pr_auc_v1,linear_svm_class_weight_balanced,linear_svm,C,70/30,1,heuristic_fp_10,test,50/50,test,1,True,3021,64,6.7794720779929776,42,21,21,0.80952380952380953,0.80952380952380953,0.80952380952380953,0.80952380952380953,0.80952380952380953,0.61904761904761907,17,4,4,17,0.90022675736961444,0.90087241539409368,0.89771517824931424
linear_svm_balanced_ratio_preserved_noise_mcc_selected_true_pr_auc_v1,linear_svm_class_weight_balanced,linear_svm,C,70/30,1,heuristic_fp_10,test,60/40,test,1,True,3021,64,6.8613129909790587,53,21,32,0.81132075471698117,0.81101190476190477,0.73913043478260865,0.80952380952380953,0.77272727272727271,0.6138568406737519,26,6,4,17,0.88541666666666663,0.81617532016691685,0.80742399087185701
linear_svm_balanced_ratio_preserved_noise_mcc_selected_true_pr_auc_v1,linear_svm_class_weight_balanced,linear_svm,C,70/30,1,heuristic_fp_10,test,70/30,test,1,True,3021,64,6.9455959099868778,70,21,49,0.91428571428571426,0.88435374149659862,0.89473684210526316,0.80952380952380953,0.84999999999999998,0.79214905343385977,47,2,4,17,0.92517006802721091,0.8709705617102026,0.86717940720893116
linear_svm_balanced_ratio_preserved_noise_mcc_selected_true_pr_auc_v1,linear_svm_class_weight_balanced,linear_svm,C,70/30,1,heuristic_fp_10,test,75/25,test,1,True,3021,64,7.0426881900057197,84,21,63,0.8214285714285714,0.81746031746031744,0.6071428571428571,0.80952380952380953,0.69387755102040816,0.58321184351980437,52,11,4,17,0.92365835222978077,0.86089478649186768,0.85821009234321943
linear_svm_balanced_ratio_preserved_noise_mcc_selected_true_pr_auc_v1,linear_svm_class_weight_balanced,linear_svm,C,70/30,1,heuristic_fp_10,test,80/20,test,1,True,3021,64,7.168131235986948,105,21,84,0.80952380952380953,0.80952380952380953,0.51515151515151514,0.80952380952380953,0.62962962962962965,0.53339646091044179,68,16,4,17,0.89172335600907027,0.72219141242385532,0.71237169566718528
linear_svm_balanced_ratio_preserved_noise_mcc_selected_true_pr_auc_v1,linear_svm_class_weight_balanced,linear_svm,C,70/30,1,heuristic_fp_10,test,90/10,test,1,True,3021,64,7.3875178799789865,210,21,189,0.80476190476190479,0.80687830687830686,0.31481481481481483,0.80952380952380953,0.45333333333333331,0.42128651251906202,152,37,4,17,0.88183421516754845,0.45378318207345708,0.43651585881808586
linear_svm_balanced_ratio_preserved_noise_mcc_selected_true_pr_auc_v1,linear_svm_class_weight_balanced,linear_svm,C,70/30,1,heuristic_fp_20,validation_selected_reproduction,70/30,valid,1,True,3775,64,8.7036975939990953,64,19,45,0.796875,0.80994152046783618,0.61538461538461542,0.84210526315789469,0.71111111111111114,0.57665271344105684,35,10,3,16,0.85146198830409359,0.7510590486704678,0.74266696701026569
linear_svm_balanced_ratio_preserved_noise_mcc_selected_true_pr_auc_v1,linear_svm_class_weight_balanced,linear_svm,C,70/30,1,heuristic_fp_20,test,50/50,test,1,True,3775,64,8.7895594880101271,42,21,21,0.7857142857142857,0.7857142857142857,0.77272727272727271,0.80952380952380953,0.79069767441860461,0.57207755354735534,16,5,4,17,0.90702947845804993,0.92604998567330665,0.9245434045491645
linear_svm_balanced_ratio_preserved_noise_mcc_selected_true_pr_auc_v1,linear_svm_class_weight_balanced,linear_svm,C,70/30,1,heuristic_fp_20,test,60/40,test,1,True,3775,64,8.8791493080207147,53,21,32,0.75471698113207553,0.76413690476190477,0.65384615384615385,0.80952380952380953,0.72340425531914898,0.51686266255039026,23,9,4,17,0.84226190476190477,0.75508461027503948,0.74607509488904666
linear_svm_balanced_ratio_preserved_noise_mcc_selected_true_pr_auc_v1,linear_svm_class_weight_balanced,linear_svm,C,70/30,1,heuristic_fp_20,test,70/30,test,1,True,3775,64,8.9711613820109051,70,21,49,0.77142857142857146,0.78231292517006801,0.58620689655172409,0.80952380952380953,0.68000000000000005,0.52526385619714755,37,12,4,17,0.92031098153547131,0.86602095072683349,0.86308097843892173
linear_svm_balanced_ratio_preserved_noise_mcc_selected_true_pr_auc_v1,linear_svm_class_weight_balanced,linear_svm,C,70/30,1,heuristic_fp_20,test,75/25,test,1,True,3775,64,9.0750629180110991,84,21,63,0.80952380952380953,0.80952380952380953,0.58620689655172409,0.80952380952380953,0.68000000000000005,0.56379813635555209,51,12,4,17,0.92592592592592593,0.8148280758170503,0.80963409192203351
linear_svm_balanced_ratio_preserved_noise_mcc_selected_true_pr_auc_v1,linear_svm_class_weight_balanced,linear_svm,C,70/30,1,heuristic_fp_20,test,80/20,test,1,True,3775,64,9.2162653820123523,105,21,84,0.79047619047619044,0.79761904761904767,0.48571428571428571,0.80952380952380953,0.6071428571428571,0.50507627227610541,66,18,4,17,0.90136054421768708,0.69763065941252789,0.68976793944441894
linear_svm_balanced_ratio_preserved_noise_mcc_selected_true_pr_auc_v1,linear_svm_class_weight_balanced,linear_svm,C,70/30,1,heuristic_fp_20,test,90/10,test,1,True,3775,64,9.48505507101072,210,21,189,0.76666666666666672,0.7857142857142857,0.27419354838709675,0.80952380952380953,0.40963855421686746,0.37581646079669545,144,45,4,17,0.88107835726883355,0.45421834311761339,0.44142324530269328
linear_svm_balanced_ratio_preserved_noise_mcc_selected_true_pr_auc_v1,linear_svm_class_weight_balanced,linear_svm,C,70/30,2,clean,validation_selected_reproduction,70/30,valid,1,True,2264,64,5.6806198220001534,64,19,45,0.890625,0.87660818713450284,0.80000000000000004,0.84210526315789469,0.82051282051282048,0.74244019121625349,41,4,3,16,0.87602339181286548,0.83153116281746431,0.82743769793510413
linear_svm_balanced_ratio_preserved_noise_mcc_selected_true_pr_auc_v1,linear_svm_class_weight_balanced,linear_svm,C,70/30,2,clean,test,50/50,test,1,True,2264,64,5.7884238760161679,42,21,21,0.80952380952380953,0.80952380952380953,0.88235294117647056,0.7142857142857143,0.78947368421052633,0.63059262509446579,19,2,6,15,0.85260770975056688,0.88919081159638158,0.88691953213709551
linear_svm_balanced_ratio_preserved_noise_mcc_selected_true_pr_auc_v1,linear_svm_class_weight_balanced,linear_svm,C,70/30,2,clean,test,60/40,test,1,True,2264,64,5.875624811014859,53,21,32,0.84905660377358494,0.82589285714285721,0.88235294117647056,0.7142857142857143,0.78947368421052633,0.68298908456567176,30,2,6,15,0.85416666666666663,0.85262774765146898,0.84991858803493403
linear_svm_balanced_ratio_preserved_noise_mcc_selected_true_pr_auc_v1,linear_svm_class_weight_balanced,linear_svm,C,70/30,2,clean,test,70/30,test,1,True,2264,64,6.0075152030040044,70,21,49,0.82857142857142863,0.79591836734693877,0.7142857142857143,0.7142857142857143,0.7142857142857143,0.59183673469387754,43,6,6,15,0.82604470359572402,0.6026555349851771,0.57380481245624904
linear_svm_balanced_ratio_preserved_noise_mcc_selected_true_pr_auc_v1,linear_svm_class_weight_balanced,linear_svm,C,70/30,2,clean,test,75/25,test,1,True,2264,64,6.1248185340082273,84,21,63,0.76190476190476186,0.74603174603174605,0.51724137931034486,0.7142857142857143,0.59999999999999998,0.44814723659031064,49,14,6,15,0.8420256991685563,0.75962020417366904,0.75604164152326137
linear_svm_balanced_ratio_preserved_noise_mcc_selected_true_pr_auc_v1,linear_svm_class_weight_balanced,linear_svm,C,70/30,2,clean,test,80/20,test,1,True,2264,64,6.2376475330092944,105,21,84,0.84761904761904761,0.79761904761904767,0.59999999999999998,0.7142857142857143,0.65217391304347827,0.55901699437494745,74,10,6,15,0.86337868480725621,0.72361685849162849,0.71808215779410878
linear_svm_balanced_ratio_preserved_noise_mcc_selected_true_pr_auc_v1,linear_svm_class_weight_balanced,linear_svm,C,70/30,2,clean,test,90/10,test,1,True,2264,64,6.4462961120007094,210,21,189,0.82380952380952377,0.77513227513227512,0.32608695652173914,0.7142857142857143,0.44776119402985076,0.39912712585070348,158,31,6,15,0.84252960443436631,0.46398455049833204,0.44018392672601142
linear_svm_balanced_ratio_preserved_noise_mcc_selected_true_pr_auc_v1,linear_svm_class_weight_balanced,linear_svm,C,70/30,2,random_flip_10,validation_selected_reproduction,70/30,valid,1,True,2264,64,5.6718514429812785,64,19,45,0.84375,0.84327485380116962,0.69565217391304346,0.84210526315789469,0.76190476190476186,0.65373117726954388,38,7,3,16,0.83625730994152059,0.78074238279481245,0.77354455817939272
linear_svm_balanced_ratio_preserved_noise_mcc_selected_true_pr_auc_v1,linear_svm_class_weight_balanced,linear_svm,C,70/30,2,random_flip_10,test,50/50,test,1,True,2264,64,5.7937874780036509,42,21,21,0.80952380952380953,0.80952380952380953,0.93333333333333335,0.66666666666666663,0.77777777777777779,0.64597519349993926,20,1,7,14,0.85487528344671204,0.88285984556992969,0.87961426924892816
linear_svm_balanced_ratio_preserved_noise_mcc_selected_true_pr_auc_v1,linear_svm_class_weight_balanced,linear_svm,C,70/30,2,random_flip_10,test,60/40,test,1,True,2264,64,5.8860921500017866,53,21,32,0.77358490566037741,0.75520833333333326,0.73684210526315785,0.66666666666666663,0.69999999999999996,0.52058688699807332,27,5,7,14,0.80059523809523814,0.76532103478127089,0.75933567297916493
linear_svm_balanced_ratio_preserved_noise_mcc_selected_true_pr_auc_v1,linear_svm_class_weight_balanced,linear_svm,C,70/30,2,random_flip_10,test,70/30,test,1,True,2264,64,6.01945384600549,70,21,49,0.80000000000000004,0.76190476190476186,0.66666666666666663,0.66666666666666663,0.66666666666666663,0.52380952380952384,42,7,7,14,0.79300291545189505,0.66827031034028495,0.6571742954113946
linear_svm_balanced_ratio_preserved_noise_mcc_selected_true_pr_auc_v1,linear_svm_class_weight_balanced,linear_svm,C,70/30,2,random_flip_10,test,75/25,test,1,True,2264,64,6.1341909479815513,84,21,63,0.80952380952380953,0.76190476190476186,0.60869565217391308,0.66666666666666663,0.63636363636363635,0.5086563575663422,54,9,7,14,0.80498866213151932,0.73421649308340831,0.72954804769837378
linear_svm_balanced_ratio_preserved_noise_mcc_selected_true_pr_auc_v1,linear_svm_class_weight_balanced,linear_svm,C,70/30,2,random_flip_10,test,80/20,test,1,True,2264,64,6.2513531449949369,105,21,84,0.78095238095238095,0.73809523809523814,0.46666666666666667,0.66666666666666663,0.5490196078431373,0.4216370213557839,68,16,7,14,0.83276643990929711,0.69326088145415876,0.68845766052383395
linear_svm_balanced_ratio_preserved_noise_mcc_selected_true_pr_auc_v1,linear_svm_class_weight_balanced,linear_svm,C,70/30,2,random_flip_10,test,90/10,test,1,True,2264,64,6.4531708599824924,210,21,189,0.80000000000000004,0.7407407407407407,0.2857142857142857,0.66666666666666663,0.40000000000000002,0.34151450937027694,154,35,7,14,0.79894179894179895,0.47428429112904658,0.46349144109277313
linear_svm_balanced_ratio_preserved_noise_mcc_selected_true_pr_auc_v1,linear_svm_class_weight_balanced,linear_svm,C,70/30,2,random_flip_20,validation_selected_reproduction,70/30,valid,1,True,2264,64,5.7474003730167169,64,19,45,0.8125,0.79064327485380115,0.66666666666666663,0.73684210526315785,0.69999999999999996,0.56562611962621479,38,7,5,14,0.84444444444444444,0.79785236840510287,0.79391484936206003
linear_svm_balanced_ratio_preserved_noise_mcc_selected_true_pr_auc_v1,linear_svm_class_weight_balanced,linear_svm,C,70/30,2,random_flip_20,test,50/50,test,1,True,2264,64,5.8558525120024569,42,21,21,0.59523809523809523,0.59523809523809523,0.6428571428571429,0.42857142857142855,0.51428571428571423,0.20203050891044214,16,5,12,9,0.62131519274376412,0.63761412370492132,0.62435006680595717
linear_svm_balanced_ratio_preserved_noise_mcc_selected_true_pr_auc_v1,linear_svm_class_weight_balanced,linear_svm,C,70/30,2,random_flip_20,test,60/40,test,1,True,2264,64,5.9456584360159468,53,21,32,0.660377358490566,0.6205357142857143,0.59999999999999998,0.42857142857142855,0.5,0.26175377283619994,26,6,12,9,0.72470238095238093,0.62368156205125702,0.61082217919957338
linear_svm_balanced_ratio_preserved_noise_mcc_selected_true_pr_auc_v1,linear_svm_class_weight_balanced,linear_svm,C,70/30,2,random_flip_20,test,70/30,test,1,True,2264,64,6.0810025070095435,70,21,49,0.6428571428571429,0.58163265306122447,0.40909090909090912,0.42857142857142855,0.41860465116279072,0.16116459280507606,36,13,12,9,0.65306122448979587,0.40445957138671729,0.37596177240172263
linear_svm_balanced_ratio_preserved_noise_mcc_selected_true_pr_auc_v1,linear_svm_class_weight_balanced,linear_svm,C,70/30,2,random_flip_20,test,75/25,test,1,True,2264,64,6.2104756250046194,84,21,63,0.69047619047619047,0.60317460317460314,0.39130434782608697,0.42857142857142855,0.40909090909090912,0.20037977722310452,49,14,12,9,0.62660619803476947,0.4170615770019826,0.40420982673416517
linear_svm_balanced_ratio_preserved_noise_mcc_selected_true_pr_auc_v1,linear_svm_class_weight_balanced,linear_svm,C,70/30,2,random_flip_20,test,80/20,test,1,True,2264,64,6.3312117230088916,105,21,84,0.74285714285714288,0.625,0.375,0.42857142857142855,0.40000000000000002,0.23814483610392009,69,15,12,9,0.71938775510204089,0.39094659095104922,0.37903888695220611
linear_svm_balanced_ratio_preserved_noise_mcc_selected_true_pr_auc_v1,linear_svm_class_weight_balanced,linear_svm,C,70/30,2,random_flip_20,test,90/10,test,1,True,2264,64,6.5563003169954754,210,21,189,0.78095238095238095,0.6243386243386243,0.20930232558139536,0.42857142857142855,0.28125,0.18487753408752322,155,34,12,9,0.68883849836230793,0.18710014220551496,0.16805435788217041
linear_svm_balanced_ratio_preserved_noise_mcc_selected_true_pr_auc_v1,linear_svm_class_weight_balanced,linear_svm,C,70/30,2,random_fp_10,validation_selected_reproduction,70/30,valid,0.10000000000000001,True,3021,64,6.9892968579952139,64,19,45,0.8125,0.82105263157894737,0.64000000000000001,0.84210526315789469,0.72727272727272729,0.60129415086997595,36,9,3,16,0.85964912280701755,0.79271321214045676,0.78817017243156862
linear_svm_balanced_ratio_preserved_noise_mcc_selected_true_pr_auc_v1,linear_svm_class_weight_balanced,linear_svm,C,70/30,2,random_fp_10,test,50/50,test,0.10000000000000001,True,3021,64,7.0998690430133138,42,21,21,0.8571428571428571,0.85714285714285721,0.89473684210526316,0.80952380952380953,0.84999999999999998,0.71754730985240978,19,2,4,17,0.84580498866213161,0.89639860565336016,0.89450567019212901
linear_svm_balanced_ratio_preserved_noise_mcc_selected_true_pr_auc_v1,linear_svm_class_weight_balanced,linear_svm,C,70/30,2,random_fp_10,test,60/40,test,0.10000000000000001,True,3021,64,7.1887782150006387,53,21,32,0.77358490566037741,0.77976190476190477,0.68000000000000005,0.80952380952380953,0.73913043478260865,0.54821913290861601,24,8,4,17,0.88839285714285721,0.90360904218318172,0.90219689832220351
linear_svm_balanced_ratio_preserved_noise_mcc_selected_true_pr_auc_v1,linear_svm_class_weight_balanced,linear_svm,C,70/30,2,random_fp_10,test,70/30,test,0.10000000000000001,True,3021,64,7.3144467759993859,70,21,49,0.82857142857142863,0.8231292517006803,0.68000000000000005,0.80952380952380953,0.73913043478260865,0.61807004620073758,41,8,4,17,0.8182701652089408,0.5907385649642225,0.56574996172065284
linear_svm_balanced_ratio_preserved_noise_mcc_selected_true_pr_auc_v1,linear_svm_class_weight_balanced,linear_svm,C,70/30,2,random_fp_10,test,75/25,test,0.10000000000000001,True,3021,64,7.4218529310019221,84,21,63,0.69047619047619047,0.73015873015873023,0.4358974358974359,0.80952380952380953,0.56666666666666665,0.39966747812078279,41,22,4,17,0.85411942554799702,0.77503670342723274,0.77090823398742714
linear_svm_balanced_ratio_preserved_noise_mcc_selected_true_pr_auc_v1,linear_svm_class_weight_balanced,linear_svm,C,70/30,2,random_fp_10,test,80/20,test,0.10000000000000001,True,3021,64,7.5384822209889535,105,21,84,0.78095238095238095,0.79166666666666674,0.47222222222222221,0.80952380952380953,0.59649122807017541,0.4915755667668909,65,19,4,17,0.865079365079365,0.71222920003651802,0.70418122128368887
linear_svm_balanced_ratio_preserved_noise_mcc_selected_true_pr_auc_v1,linear_svm_class_weight_balanced,linear_svm,C,70/30,2,random_fp_10,test,90/10,test,0.10000000000000001,True,3021,64,7.7470597999927122,210,21,189,0.79523809523809519,0.80158730158730163,0.30357142857142855,0.80952380952380953,0.44155844155844154,0.40919396764125066,150,39,4,17,0.85159989921894674,0.50473392542652862,0.49148259211846962
linear_svm_balanced_ratio_preserved_noise_mcc_selected_true_pr_auc_v1,linear_svm_class_weight_balanced,linear_svm,C,70/30,2,random_fp_20,validation_selected_reproduction,70/30,valid,0.10000000000000001,True,3775,64,8.0554399809916504,64,19,45,0.78125,0.78362573099415211,0.59999999999999998,0.78947368421052633,0.68181818181818177,0.53119792927493326,35,10,4,15,0.80350877192982451,0.73300384068936641,0.72669265093638191
linear_svm_balanced_ratio_preserved_noise_mcc_selected_true_pr_auc_v1,linear_svm_class_weight_balanced,linear_svm,C,70/30,2,random_fp_20,test,50/50,test,0.10000000000000001,True,3775,64,8.1586913029896095,42,21,21,0.73809523809523814,0.73809523809523814,0.72727272727272729,0.76190476190476186,0.7441860465116279,0.47673129462279618,15,6,5,16,0.86167800453514742,0.87112393519007902,0.8673955532200508
linear_svm_balanced_ratio_preserved_noise_mcc_selected_true_pr_auc_v1,linear_svm_class_weight_balanced,linear_svm,C,70/30,2,random_fp_20,test,60/40,test,0.10000000000000001,True,3775,64,8.2461191019974649,53,21,32,0.77358490566037741,0.77157738095238093,0.69565217391304346,0.76190476190476186,0.72727272727272729,0.53602331781320434,25,7,5,16,0.89583333333333326,0.87068310306012164,0.86758988774701451
linear_svm_balanced_ratio_preserved_noise_mcc_selected_true_pr_auc_v1,linear_svm_class_weight_balanced,linear_svm,C,70/30,2,random_fp_20,test,70/30,test,0.10000000000000001,True,3775,64,8.3791168069874402,70,21,49,0.75714285714285712,0.75850340136054417,0.5714285714285714,0.76190476190476186,0.65306122448979587,0.48361558060343462,37,12,5,16,0.84353741496598644,0.64740083292111983,0.634229494836277
linear_svm_balanced_ratio_preserved_noise_mcc_selected_true_pr_auc_v1,linear_svm_class_weight_balanced,linear_svm,C,70/30,2,random_fp_20,test,75/25,test,0.10000000000000001,True,3775,64,8.4941408910090104,84,21,63,0.73809523809523814,0.74603174603174605,0.48484848484848486,0.76190476190476186,0.59259259259259256,0.43627367528477401,46,17,5,16,0.84429327286470146,0.67389213479216492,0.66555112202778188
linear_svm_balanced_ratio_preserved_noise_mcc_selected_true_pr_auc_v1,linear_svm_class_weight_balanced,linear_svm,C,70/30,2,random_fp_20,test,80/20,test,0.10000000000000001,True,3775,64,8.6145403650007211,105,21,84,0.79047619047619044,0.77976190476190477,0.48484848484848486,0.76190476190476186,0.59259259259259256,0.4821083396690532,67,17,5,16,0.88208616780045346,0.6740660336712494,0.66302972462631571
linear_svm_balanced_ratio_preserved_noise_mcc_selected_true_pr_auc_v1,linear_svm_class_weight_balanced,linear_svm,C,70/30,2,random_fp_20,test,90/10,test,0.10000000000000001,True,3775,64,8.815134256001329,210,21,189,0.80000000000000004,0.78306878306878303,0.30188679245283018,0.76190476190476186,0.43243243243243246,0.3909982034922051,152,37,5,16,0.88561350466112376,0.51526031399957206,0.50202153313311737
linear_svm_balanced_ratio_preserved_noise_mcc_selected_true_pr_auc_v1,linear_svm_class_weight_balanced,linear_svm,C,70/30,2,heuristic_fp_10,validation_selected_reproduction,70/30,valid,1,True,3021,64,6.8675361110072117,64,19,45,0.8125,0.79064327485380115,0.66666666666666663,0.73684210526315785,0.69999999999999996,0.56562611962621479,38,7,5,14,0.8865497076023392,0.84472360126792267,0.84203759985545901
linear_svm_balanced_ratio_preserved_noise_mcc_selected_true_pr_auc_v1,linear_svm_class_weight_balanced,linear_svm,C,70/30,2,heuristic_fp_10,test,50/50,test,1,True,3021,64,6.9789961950154975,42,21,21,0.83333333333333337,0.83333333333333326,0.84999999999999998,0.80952380952380953,0.82926829268292679,0.66742381247191462,18,3,4,17,0.90022675736961455,0.89545648147409707,0.89206344956805572
linear_svm_balanced_ratio_preserved_noise_mcc_selected_true_pr_auc_v1,linear_svm_class_weight_balanced,linear_svm,C,70/30,2,heuristic_fp_10,test,60/40,test,1,True,3021,64,7.0753628140082583,53,21,32,0.75471698113207553,0.76413690476190477,0.65384615384615385,0.80952380952380953,0.72340425531914898,0.51686266255039026,23,9,4,17,0.90625,0.89945479653849869,0.89752570880701055
linear_svm_balanced_ratio_preserved_noise_mcc_selected_true_pr_auc_v1,linear_svm_class_weight_balanced,linear_svm,C,70/30,2,heuristic_fp_10,test,70/30,test,1,True,3021,64,7.2122107940085698,70,21,49,0.82857142857142863,0.8231292517006803,0.68000000000000005,0.80952380952380953,0.73913043478260865,0.61807004620073758,41,8,4,17,0.89893100097181744,0.73872297722916924,0.72707721366113676
linear_svm_balanced_ratio_preserved_noise_mcc_selected_true_pr_auc_v1,linear_svm_class_weight_balanced,linear_svm,C,70/30,2,heuristic_fp_10,test,75/25,test,1,True,3021,64,7.336291430023266,84,21,63,0.75,0.76984126984126977,0.5,0.80952380952380953,0.61818181818181817,0.4760952285695233,46,17,4,17,0.87830687830687826,0.72136542546480453,0.71219418707811566
linear_svm_balanced_ratio_preserved_noise_mcc_selected_true_pr_auc_v1,linear_svm_class_weight_balanced,linear_svm,C,70/30,2,heuristic_fp_10,test,80/20,test,1,True,3021,64,7.4650838710076641,105,21,84,0.84761904761904761,0.83333333333333326,0.58620689655172409,0.80952380952380953,0.68000000000000005,0.59642005197922698,72,12,4,17,0.93027210884353739,0.79589978158393992,0.79118424833083889
linear_svm_balanced_ratio_preserved_noise_mcc_selected_true_pr_auc_v1,linear_svm_class_weight_balanced,linear_svm,C,70/30,2,heuristic_fp_10,test,90/10,test,1,True,3021,64,7.6805532739963382,210,21,189,0.84761904761904761,0.8306878306878307,0.37777777777777777,0.80952380952380953,0.51515151515151514,0.48354904432138285,161,28,4,17,0.89342403628117917,0.48833563731232688,0.47490117829010597
linear_svm_balanced_ratio_preserved_noise_mcc_selected_true_pr_auc_v1,linear_svm_class_weight_balanced,linear_svm,C,70/30,2,heuristic_fp_20,validation_selected_reproduction,70/30,valid,10,True,3775,64,9.3157778670138214,64,19,45,0.765625,0.75730994152046782,0.58333333333333337,0.73684210526315785,0.65116279069767447,0.48566186425718272,35,10,5,14,0.7929824561403509,0.6991518517033587,0.68847076192314827
linear_svm_balanced_ratio_preserved_noise_mcc_selected_true_pr_auc_v1,linear_svm_class_weight_balanced,linear_svm,C,70/30,2,heuristic_fp_20,test,50/50,test,10,True,3775,64,9.4238571070018224,42,21,21,0.76190476190476186,0.76190476190476186,0.76190476190476186,0.76190476190476186,0.76190476190476186,0.52380952380952384,16,5,5,16,0.85260770975056688,0.85334514203866307,0.84910364562003249
linear_svm_balanced_ratio_preserved_noise_mcc_selected_true_pr_auc_v1,linear_svm_class_weight_balanced,linear_svm,C,70/30,2,heuristic_fp_20,test,60/40,test,10,True,3775,64,9.5158612880040891,53,21,32,0.73584905660377353,0.74032738095238093,0.64000000000000001,0.76190476190476186,0.69565217391304346,0.47094356364224199,23,9,5,16,0.86755952380952372,0.77578816551940277,0.76690942103915472
linear_svm_balanced_ratio_preserved_noise_mcc_selected_true_pr_auc_v1,linear_svm_class_weight_balanced,linear_svm,C,70/30,2,heuristic_fp_20,test,70/30,test,10,True,3775,64,9.6546485810249578,70,21,49,0.82857142857142863,0.80952380952380953,0.69565217391304346,0.76190476190476186,0.72727272727272729,0.60397491029036365,42,7,5,16,0.89212827988338195,0.67980602097467535,0.65187287663476112
linear_svm_balanced_ratio_preserved_noise_mcc_selected_true_pr_auc_v1,linear_svm_class_weight_balanced,linear_svm,C,70/30,2,heuristic_fp_20,test,75/25,test,10,True,3775,64,9.7773688270244747,84,21,63,0.79761904761904767,0.7857142857142857,0.5714285714285714,0.76190476190476186,0.65306122448979587,0.52489065916782396,51,12,5,16,0.82766439909297052,0.49852113715077123,0.47698065594116901
linear_svm_balanced_ratio_preserved_noise_mcc_selected_true_pr_auc_v1,linear_svm_class_weight_balanced,linear_svm,C,70/30,2,heuristic_fp_20,test,80/20,test,10,True,3775,64,9.8973050910281017,105,21,84,0.80952380952380953,0.79166666666666663,0.5161290322580645,0.76190476190476186,0.61538461538461542,0.51152796052883553,69,15,5,16,0.88208616780045346,0.57284890847278147,0.5435518859265881
linear_svm_balanced_ratio_preserved_noise_mcc_selected_true_pr_auc_v1,linear_svm_class_weight_balanced,linear_svm,C,70/30,2,heuristic_fp_20,test,90/10,test,10,True,3775,64,10.109354798012646,210,21,189,0.80476190476190479,0.7857142857142857,0.30769230769230771,0.76190476190476186,0.43835616438356162,0.39716620347661907,153,36,5,16,0.88057445200302342,0.37990125944143832,0.35875372359170443
linear_svm_balanced_ratio_preserved_noise_mcc_selected_true_pr_auc_v1,linear_svm_class_weight_balanced,linear_svm,C,70/30,3,clean,validation_selected_reproduction,70/30,valid,0.10000000000000001,True,2264,64,5.5802686949900817,64,19,45,0.765625,0.77251461988304093,0.57692307692307687,0.78947368421052633,0.66666666666666663,0.50701917823308018,34,11,4,15,0.81052631578947376,0.64156284696512489,0.62411312554226672
linear_svm_balanced_ratio_preserved_noise_mcc_selected_true_pr_auc_v1,linear_svm_class_weight_balanced,linear_svm,C,70/30,3,clean,test,50/50,test,0.10000000000000001,True,2264,64,5.6651271969894879,42,21,21,0.83333333333333337,0.83333333333333326,0.84999999999999998,0.80952380952380953,0.82926829268292679,0.66742381247191462,18,3,4,17,0.85941043083900226,0.85804058863317056,0.85348925720213975
linear_svm_balanced_ratio_preserved_noise_mcc_selected_true_pr_auc_v1,linear_svm_class_weight_balanced,linear_svm,C,70/30,3,clean,test,60/40,test,0.10000000000000001,True,2264,64,5.7677797249925788,53,21,32,0.81132075471698117,0.81101190476190477,0.73913043478260865,0.80952380952380953,0.77272727272727271,0.6138568406737519,26,6,4,17,0.87351190476190477,0.83026601037655534,0.82539464185199707
linear_svm_balanced_ratio_preserved_noise_mcc_selected_true_pr_auc_v1,linear_svm_class_weight_balanced,linear_svm,C,70/30,3,clean,test,70/30,test,0.10000000000000001,True,2264,64,5.8867191559984349,70,21,49,0.82857142857142863,0.8231292517006803,0.68000000000000005,0.80952380952380953,0.73913043478260865,0.61807004620073758,41,8,4,17,0.88338192419825068,0.82238463291094899,0.81832127534763122
linear_svm_balanced_ratio_preserved_noise_mcc_selected_true_pr_auc_v1,linear_svm_class_weight_balanced,linear_svm,C,70/30,3,clean,test,75/25,test,0.10000000000000001,True,2264,64,5.9910938130051363,84,21,63,0.7857142857142857,0.79365079365079372,0.54838709677419351,0.80952380952380953,0.65384615384615385,0.52701419743016409,49,14,4,17,0.86016628873771728,0.57996258084553109,0.55476155089515478
linear_svm_balanced_ratio_preserved_noise_mcc_selected_true_pr_auc_v1,linear_svm_class_weight_balanced,linear_svm,C,70/30,3,clean,test,80/20,test,0.10000000000000001,True,2264,64,6.1128814580151811,105,21,84,0.76190476190476186,0.77976190476190477,0.44736842105263158,0.80952380952380953,0.57627118644067798,0.46573477073253305,63,21,4,17,0.85770975056689336,0.56795722095312007,0.53907030299481207
linear_svm_balanced_ratio_preserved_noise_mcc_selected_true_pr_auc_v1,linear_svm_class_weight_balanced,linear_svm,C,70/30,3,clean,test,90/10,test,0.10000000000000001,True,2264,64,6.3337899920006748,210,21,189,0.83809523809523812,0.82539682539682535,0.36170212765957449,0.80952380952380953,0.5,0.46842614340033489,159,30,4,17,0.88964474678760386,0.60026437588175596,0.59249877510480042
linear_svm_balanced_ratio_preserved_noise_mcc_selected_true_pr_auc_v1,linear_svm_class_weight_balanced,linear_svm,C,70/30,3,random_flip_10,validation_selected_reproduction,70/30,valid,1,True,2264,64,5.6887179729819763,64,19,45,0.765625,0.77251461988304093,0.57692307692307687,0.78947368421052633,0.66666666666666663,0.50701917823308018,34,11,4,15,0.79649122807017536,0.68344699009704057,0.67459607999284799
linear_svm_balanced_ratio_preserved_noise_mcc_selected_true_pr_auc_v1,linear_svm_class_weight_balanced,linear_svm,C,70/30,3,random_flip_10,test,50/50,test,1,True,2264,64,5.7682671959919389,42,21,21,0.66666666666666663,0.66666666666666674,0.73333333333333328,0.52380952380952384,0.61111111111111116,0.34783279649996729,17,4,10,11,0.77324263038548757,0.82111741222429813,0.81732333317049854
linear_svm_balanced_ratio_preserved_noise_mcc_selected_true_pr_auc_v1,linear_svm_class_weight_balanced,linear_svm,C,70/30,3,random_flip_10,test,60/40,test,1,True,2264,64,5.8748568219889421,53,21,32,0.67924528301886788,0.65252976190476186,0.61111111111111116,0.52380952380952384,0.5641025641025641,0.31506412141766682,25,7,10,11,0.78869047619047628,0.73675265969528536,0.73022955823493252
linear_svm_balanced_ratio_preserved_noise_mcc_selected_true_pr_auc_v1,linear_svm_class_weight_balanced,linear_svm,C,70/30,3,random_flip_10,test,70/30,test,1,True,2264,64,5.9908089669770561,70,21,49,0.7142857142857143,0.65986394557823136,0.52380952380952384,0.52380952380952384,0.52380952380952384,0.31972789115646261,39,10,10,11,0.75704567541302237,0.64117452281214371,0.63214775351457031
linear_svm_balanced_ratio_preserved_noise_mcc_selected_true_pr_auc_v1,linear_svm_class_weight_balanced,linear_svm,C,70/30,3,random_flip_10,test,75/25,test,1,True,2264,64,6.1112817919929512,84,21,63,0.72619047619047616,0.65873015873015872,0.45833333333333331,0.52380952380952384,0.48888888888888887,0.30429030972509225,50,13,10,11,0.78231292517006801,0.50721932354367338,0.47791091983039979
linear_svm_balanced_ratio_preserved_noise_mcc_selected_true_pr_auc_v1,linear_svm_class_weight_balanced,linear_svm,C,70/30,3,random_flip_10,test,80/20,test,1,True,2264,64,6.2476252819760703,105,21,84,0.75238095238095237,0.66666666666666674,0.40740740740740738,0.52380952380952384,0.45833333333333331,0.30506954354828625,68,16,10,11,0.77777777777777779,0.4849963250421418,0.46799432956578829
linear_svm_balanced_ratio_preserved_noise_mcc_selected_true_pr_auc_v1,linear_svm_class_weight_balanced,linear_svm,C,70/30,3,random_flip_10,test,90/10,test,1,True,2264,64,6.4654235869820695,210,21,189,0.80476190476190479,0.67989417989417988,0.26190476190476192,0.52380952380952384,0.34920634920634919,0.26984126984126983,158,31,10,11,0.79894179894179895,0.33749158611704222,0.32181326473273492
linear_svm_balanced_ratio_preserved_noise_mcc_selected_true_pr_auc_v1,linear_svm_class_weight_balanced,linear_svm,C,70/30,3,random_flip_20,validation_selected_reproduction,70/30,valid,0.10000000000000001,True,2264,64,5.7827643789933063,64,19,45,0.703125,0.69766081871345031,0.5,0.68421052631578949,0.57777777777777772,0.36775210781712681,32,13,6,13,0.7239766081871345,0.51459526696603997,0.49675334917458414
linear_svm_balanced_ratio_preserved_noise_mcc_selected_true_pr_auc_v1,linear_svm_class_weight_balanced,linear_svm,C,70/30,3,random_flip_20,test,50/50,test,0.10000000000000001,True,2264,64,5.860039371997118,42,21,21,0.7142857142857143,0.71428571428571419,0.80000000000000004,0.5714285714285714,0.66666666666666663,0.44721359549995793,18,3,9,12,0.81859410430838997,0.82173603961853758,0.81639053697685315
linear_svm_balanced_ratio_preserved_noise_mcc_selected_true_pr_auc_v1,linear_svm_class_weight_balanced,linear_svm,C,70/30,3,random_flip_20,test,60/40,test,0.10000000000000001,True,2264,64,5.965469201997621,53,21,32,0.77358490566037741,0.7388392857142857,0.80000000000000004,0.5714285714285714,0.66666666666666663,0.51866025358284062,29,3,9,12,0.83928571428571419,0.75218422292256482,0.74275427541719385
linear_svm_balanced_ratio_preserved_noise_mcc_selected_true_pr_auc_v1,linear_svm_class_weight_balanced,linear_svm,C,70/30,3,random_flip_20,test,70/30,test,0.10000000000000001,True,2264,64,6.079715658997884,70,21,49,0.7142857142857143,0.67346938775510201,0.52173913043478259,0.5714285714285714,0.54545454545454541,0.33849143323965436,38,11,9,12,0.76676384839650147,0.67215282771580864,0.66564399273708386
linear_svm_balanced_ratio_preserved_noise_mcc_selected_true_pr_auc_v1,linear_svm_class_weight_balanced,linear_svm,C,70/30,3,random_flip_20,test,75/25,test,0.10000000000000001,True,2264,64,6.1997858459944837,84,21,63,0.73809523809523814,0.68253968253968256,0.47999999999999998,0.5714285714285714,0.52173913043478259,0.34575717288130131,50,13,9,12,0.78760393046107324,0.54654102251230907,0.5351017144753607
linear_svm_balanced_ratio_preserved_noise_mcc_selected_true_pr_auc_v1,linear_svm_class_weight_balanced,linear_svm,C,70/30,3,random_flip_20,test,80/20,test,0.10000000000000001,True,2264,64,6.3253997360006906,105,21,84,0.69523809523809521,0.64880952380952372,0.34285714285714286,0.5714285714285714,0.42857142857142855,0.2525381361380527,61,23,9,12,0.75396825396825395,0.42986300278311496,0.40128824097637616
linear_svm_balanced_ratio_preserved_noise_mcc_selected_true_pr_auc_v1,linear_svm_class_weight_balanced,linear_svm,C,70/30,3,random_flip_20,test,90/10,test,0.10000000000000001,True,2264,64,6.5386900599987712,210,21,189,0.80000000000000004,0.69841269841269837,0.26666666666666666,0.5714285714285714,0.36363636363636365,0.2901294265928297,156,33,9,12,0.79541446208112876,0.41074399670100115,0.40083872359672768
linear_svm_balanced_ratio_preserved_noise_mcc_selected_true_pr_auc_v1,linear_svm_class_weight_balanced,linear_svm,C,70/30,3,random_fp_10,validation_selected_reproduction,70/30,valid,10,True,3021,64,8.4216080640035216,64,19,45,0.75,0.74619883040935675,0.56000000000000005,0.73684210526315785,0.63636363636363635,0.46110170767989045,34,11,5,14,0.77192982456140347,0.62030652218092153,0.60291751289976436
linear_svm_balanced_ratio_preserved_noise_mcc_selected_true_pr_auc_v1,linear_svm_class_weight_balanced,linear_svm,C,70/30,3,random_fp_10,test,50/50,test,10,True,3021,64,8.4951392639777623,42,21,21,0.76190476190476186,0.76190476190476186,0.8666666666666667,0.61904761904761907,0.72222222222222221,0.54659439449994862,19,2,8,13,0.88208616780045346,0.90038765082079886,0.89808025944529302
linear_svm_balanced_ratio_preserved_noise_mcc_selected_true_pr_auc_v1,linear_svm_class_weight_balanced,linear_svm,C,70/30,3,random_fp_10,test,60/40,test,10,True,3021,64,8.5972566999844275,53,21,32,0.75471698113207553,0.73139880952380953,0.72222222222222221,0.61904761904761907,0.66666666666666663,0.47797532566289946,27,5,8,13,0.84077380952380953,0.73787026947852552,0.71277711654000309
linear_svm_balanced_ratio_preserved_noise_mcc_selected_true_pr_auc_v1,linear_svm_class_weight_balanced,linear_svm,C,70/30,3,random_fp_10,test,70/30,test,10,True,3021,64,8.7038915869779885,70,21,49,0.7857142857142857,0.73809523809523814,0.65000000000000002,0.61904761904761907,0.63414634146341464,0.483045891539648,42,7,8,13,0.83576287657920301,0.69897816659129175,0.68832451577945242
linear_svm_balanced_ratio_preserved_noise_mcc_selected_true_pr_auc_v1,linear_svm_class_weight_balanced,linear_svm,C,70/30,3,random_fp_10,test,75/25,test,10,True,3021,64,8.8187516180041712,84,21,63,0.79761904761904767,0.73809523809523814,0.59090909090909094,0.61904761904761907,0.60465116279069764,0.46897904961054182,54,9,8,13,0.84504913076341648,0.62804496024111267,0.6115275806121101
linear_svm_balanced_ratio_preserved_noise_mcc_selected_true_pr_auc_v1,linear_svm_class_weight_balanced,linear_svm,C,70/30,3,random_fp_10,test,80/20,test,10,True,3021,64,8.9478250649990514,105,21,84,0.74285714285714288,0.6964285714285714,0.40625,0.61904761904761907,0.49056603773584906,0.34138742904847674,65,19,8,13,0.79988662131519273,0.47648390612578156,0.45118594182380267
linear_svm_balanced_ratio_preserved_noise_mcc_selected_true_pr_auc_v1,linear_svm_class_weight_balanced,linear_svm,C,70/30,3,random_fp_10,test,90/10,test,10,True,3021,64,9.1440598189947195,210,21,189,0.80952380952380953,0.72486772486772488,0.28888888888888886,0.61904761904761907,0.39393939393939392,0.32881335013854035,157,32,8,13,0.83673469387755106,0.3771874418624469,0.34859088556467283
linear_svm_balanced_ratio_preserved_noise_mcc_selected_true_pr_auc_v1,linear_svm_class_weight_balanced,linear_svm,C,70/30,3,random_fp_20,validation_selected_reproduction,70/30,valid,0.10000000000000001,True,3775,64,8.2178673029993661,64,19,45,0.765625,0.78771929824561404,0.5714285714285714,0.84210526315789469,0.68085106382978722,0.52997060179181221,33,12,3,16,0.84912280701754383,0.660819317641263,0.64323147247988843
linear_svm_balanced_ratio_preserved_noise_mcc_selected_true_pr_auc_v1,linear_svm_class_weight_balanced,linear_svm,C,70/30,3,random_fp_20,test,50/50,test,0.10000000000000001,True,3775,64,8.3017587630019989,42,21,21,0.80952380952380953,0.80952380952380953,0.84210526315789469,0.76190476190476186,0.80000000000000004,0.6218743352054219,18,3,5,16,0.8571428571428571,0.85699841173476554,0.85263339567384144
linear_svm_balanced_ratio_preserved_noise_mcc_selected_true_pr_auc_v1,linear_svm_class_weight_balanced,linear_svm,C,70/30,3,random_fp_20,test,60/40,test,0.10000000000000001,True,3775,64,8.4102220610075165,53,21,32,0.71698113207547165,0.72470238095238093,0.61538461538461542,0.76190476190476186,0.68085106382978722,0.43969725095836015,22,10,5,16,0.83184523809523814,0.78949983324556916,0.78413951392675463
linear_svm_balanced_ratio_preserved_noise_mcc_selected_true_pr_auc_v1,linear_svm_class_weight_balanced,linear_svm,C,70/30,3,random_fp_20,test,70/30,test,0.10000000000000001,True,3775,64,8.5309442320140079,70,21,49,0.77142857142857146,0.76870748299319724,0.59259259259259256,0.76190476190476186,0.66666666666666663,0.50594269998482844,38,11,5,16,0.84062196307094261,0.75630174400546535,0.75093634201134263
linear_svm_balanced_ratio_preserved_noise_mcc_selected_true_pr_auc_v1,linear_svm_class_weight_balanced,linear_svm,C,70/30,3,random_fp_20,test,75/25,test,0.10000000000000001,True,3775,64,8.6612474860157818,84,21,63,0.72619047619047616,0.73809523809523814,0.47058823529411764,0.76190476190476186,0.58181818181818179,0.42008402520840293,45,18,5,16,0.81783824640967495,0.53658381235771646,0.51119816919157013
linear_svm_balanced_ratio_preserved_noise_mcc_selected_true_pr_auc_v1,linear_svm_class_weight_balanced,linear_svm,C,70/30,3,random_fp_20,test,80/20,test,0.10000000000000001,True,3775,64,8.8055200829985552,105,21,84,0.70476190476190481,0.72619047619047616,0.38095238095238093,0.76190476190476186,0.50793650793650791,0.369367500895876,58,26,5,16,0.83446712018140579,0.55717222441167069,0.52942510763208428
linear_svm_balanced_ratio_preserved_noise_mcc_selected_true_pr_auc_v1,linear_svm_class_weight_balanced,linear_svm,C,70/30,3,random_fp_20,test,90/10,test,0.10000000000000001,True,3775,64,9.0243182700069156,210,21,189,0.74285714285714288,0.75132275132275128,0.24615384615384617,0.76190476190476186,0.37209302325581395,0.32618326166224965,140,49,5,16,0.83547493071302592,0.46025986224089827,0.45025589169852021
linear_svm_balanced_ratio_preserved_noise_mcc_selected_true_pr_auc_v1,linear_svm_class_weight_balanced,linear_svm,C,70/30,3,heuristic_fp_10,validation_selected_reproduction,70/30,valid,10,True,3021,64,8.1043169619806577,64,19,45,0.8125,0.77543859649122804,0.68421052631578949,0.68421052631578949,0.68421052631578949,0.55087719298245619,39,6,6,13,0.82105263157894737,0.75418124185966784,0.7486160830594597
linear_svm_balanced_ratio_preserved_noise_mcc_selected_true_pr_auc_v1,linear_svm_class_weight_balanced,linear_svm,C,70/30,3,heuristic_fp_10,test,50/50,test,10,True,3021,64,8.1829179339983966,42,21,21,0.8571428571428571,0.8571428571428571,0.94117647058823528,0.76190476190476186,0.84210526315789469,0.72760687510899891,20,1,5,16,0.97052154195011342,0.97094124412125304,0.97021397846751678
linear_svm_balanced_ratio_preserved_noise_mcc_selected_true_pr_auc_v1,linear_svm_class_weight_balanced,linear_svm,C,70/30,3,heuristic_fp_10,test,60/40,test,10,True,3021,64,8.2940380509826355,53,21,32,0.77358490566037741,0.77157738095238093,0.69565217391304346,0.76190476190476186,0.72727272727272729,0.53602331781320434,25,7,5,16,0.88244047619047616,0.8328505902085559,0.82807903572510555
linear_svm_balanced_ratio_preserved_noise_mcc_selected_true_pr_auc_v1,linear_svm_class_weight_balanced,linear_svm,C,70/30,3,heuristic_fp_10,test,70/30,test,10,True,3021,64,8.4149983869865537,70,21,49,0.7857142857142857,0.77891156462585032,0.61538461538461542,0.76190476190476186,0.68085106382978722,0.52904326844482197,39,10,5,16,0.87949465500485902,0.78386623297337588,0.77783266109903715
linear_svm_balanced_ratio_preserved_noise_mcc_selected_true_pr_auc_v1,linear_svm_class_weight_balanced,linear_svm,C,70/30,3,heuristic_fp_10,test,75/25,test,10,True,3021,64,8.5338664370065089,84,21,63,0.7857142857142857,0.77777777777777768,0.55172413793103448,0.76190476190476186,0.64000000000000001,0.50597268647293137,50,13,5,16,0.85109599395313684,0.59795205185395695,0.58041588359416907
linear_svm_balanced_ratio_preserved_noise_mcc_selected_true_pr_auc_v1,linear_svm_class_weight_balanced,linear_svm,C,70/30,3,heuristic_fp_10,test,80/20,test,10,True,3021,64,8.6652724570012651,105,21,84,0.79047619047619044,0.77976190476190477,0.48484848484848486,0.76190476190476186,0.59259259259259256,0.4821083396690532,67,17,5,16,0.88095238095238093,0.58243649327161684,0.55338809600371008
linear_svm_balanced_ratio_preserved_noise_mcc_selected_true_pr_auc_v1,linear_svm_class_weight_balanced,linear_svm,C,70/30,3,heuristic_fp_10,test,90/10,test,10,True,3021,64,8.8874559989781119,210,21,189,0.82857142857142863,0.79894179894179884,0.34042553191489361,0.76190476190476186,0.47058823529411764,0.43034271710762478,158,31,5,16,0.8871252204585538,0.52706253049681795,0.5170529252870617
linear_svm_balanced_ratio_preserved_noise_mcc_selected_true_pr_auc_v1,linear_svm_class_weight_balanced,linear_svm,C,70/30,3,heuristic_fp_20,validation_selected_reproduction,70/30,valid,10,True,3775,64,8.7739438689895906,64,19,45,0.734375,0.71988304093567246,0.54166666666666663,0.68421052631578949,0.60465116279069764,0.41502013854704706,34,11,6,13,0.70877192982456139,0.58004896944017004,0.56615435583480944
linear_svm_balanced_ratio_preserved_noise_mcc_selected_true_pr_auc_v1,linear_svm_class_weight_balanced,linear_svm,C,70/30,3,heuristic_fp_20,test,50/50,test,10,True,3775,64,8.850511465978343,42,21,21,0.8571428571428571,0.85714285714285721,0.89473684210526316,0.80952380952380953,0.84999999999999998,0.71754730985240978,19,2,4,17,0.92063492063492069,0.92880377880101461,0.92709901357449587
linear_svm_balanced_ratio_preserved_noise_mcc_selected_true_pr_auc_v1,linear_svm_class_weight_balanced,linear_svm,C,70/30,3,heuristic_fp_20,test,60/40,test,10,True,3775,64,8.9463422319968231,53,21,32,0.75471698113207553,0.76413690476190477,0.65384615384615385,0.80952380952380953,0.72340425531914898,0.51686266255039026,23,9,4,17,0.83333333333333326,0.78952364092758187,0.78237246413646466
linear_svm_balanced_ratio_preserved_noise_mcc_selected_true_pr_auc_v1,linear_svm_class_weight_balanced,linear_svm,C,70/30,3,heuristic_fp_20,test,70/30,test,10,True,3775,64,9.0504433829919435,70,21,49,0.72857142857142854,0.7517006802721089,0.53125,0.80952380952380953,0.64150943396226412,0.46307921124762702,34,15,4,17,0.85034013605442171,0.76345132607844235,0.75787462389920845
linear_svm_balanced_ratio_preserved_noise_mcc_selected_true_pr_auc_v1,linear_svm_class_weight_balanced,linear_svm,C,70/30,3,heuristic_fp_20,test,75/25,test,10,True,3775,64,9.1577754549798556,84,21,63,0.76190476190476186,0.77777777777777779,0.51515151515151514,0.80952380952380953,0.62962962962962965,0.49256705274087387,47,16,4,17,0.86167800453514742,0.67207160919968723,0.66150102239278996
linear_svm_balanced_ratio_preserved_noise_mcc_selected_true_pr_auc_v1,linear_svm_class_weight_balanced,linear_svm,C,70/30,3,heuristic_fp_20,test,80/20,test,10,True,3775,64,9.2783001719799358,105,21,84,0.76190476190476186,0.77976190476190477,0.44736842105263158,0.80952380952380953,0.57627118644067798,0.46573477073253305,63,21,4,17,0.84977324263038545,0.60453274439957427,0.59162834191724745
linear_svm_balanced_ratio_preserved_noise_mcc_selected_true_pr_auc_v1,linear_svm_class_weight_balanced,linear_svm,C,70/30,3,heuristic_fp_20,test,90/10,test,10,True,3775,64,9.4767034349788446,210,21,189,0.77619047619047621,0.79100529100529093,0.28333333333333333,0.80952380952380953,0.41975308641975306,0.38650060290946858,146,43,4,17,0.86848072562358269,0.52778692471211153,0.51575043057101955
linear_svm_balanced_ratio_preserved_noise_mcc_selected_true_pr_auc_v1,linear_svm_class_weight_balanced,linear_svm,C,70/30,4,clean,validation_selected_reproduction,70/30,valid,1,True,2264,64,5.7748811240016948,64,19,45,0.765625,0.75730994152046782,0.58333333333333337,0.73684210526315785,0.65116279069767447,0.48566186425718272,35,10,5,14,0.80350877192982462,0.61252803745344719,0.59426009086876364
linear_svm_balanced_ratio_preserved_noise_mcc_selected_true_pr_auc_v1,linear_svm_class_weight_balanced,linear_svm,C,70/30,4,clean,test,50/50,test,1,True,2264,64,5.857161827996606,42,21,21,0.7857142857142857,0.7857142857142857,0.875,0.66666666666666663,0.7567567567567568,0.58834840541455213,19,2,7,14,0.87301587301587302,0.89305494151764631,0.8905421194605192
linear_svm_balanced_ratio_preserved_noise_mcc_selected_true_pr_auc_v1,linear_svm_class_weight_balanced,linear_svm,C,70/30,4,clean,test,60/40,test,1,True,2264,64,6.0093388399982359,53,21,32,0.81132075471698117,0.78645833333333326,0.82352941176470584,0.66666666666666663,0.73684210526315785,0.60034428666160644,29,3,7,14,0.84523809523809512,0.74538088351113552,0.72023654422147643
linear_svm_balanced_ratio_preserved_noise_mcc_selected_true_pr_auc_v1,linear_svm_class_weight_balanced,linear_svm,C,70/30,4,clean,test,70/30,test,1,True,2264,64,6.1145376450149342,70,21,49,0.77142857142857146,0.74149659863945572,0.60869565217391308,0.66666666666666663,0.63636363636363635,0.47123317176500906,40,9,7,14,0.82410106899902813,0.67090492110480937,0.64494303658704055
linear_svm_balanced_ratio_preserved_noise_mcc_selected_true_pr_auc_v1,linear_svm_class_weight_balanced,linear_svm,C,70/30,4,clean,test,75/25,test,1,True,2264,64,6.2407408580183983,84,21,63,0.80952380952380953,0.76190476190476186,0.60869565217391308,0.66666666666666663,0.63636363636363635,0.5086563575663422,54,9,7,14,0.87755102040816324,0.7224302098167763,0.70897022787821862
linear_svm_balanced_ratio_preserved_noise_mcc_selected_true_pr_auc_v1,linear_svm_class_weight_balanced,linear_svm,C,70/30,4,clean,test,80/20,test,1,True,2264,64,6.3649663380056154,105,21,84,0.8666666666666667,0.79166666666666663,0.66666666666666663,0.66666666666666663,0.66666666666666663,0.58333333333333337,77,7,7,14,0.88095238095238082,0.78381966965710803,0.78051907509711493
linear_svm_balanced_ratio_preserved_noise_mcc_selected_true_pr_auc_v1,linear_svm_class_weight_balanced,linear_svm,C,70/30,4,clean,test,90/10,test,1,True,2264,64,6.5811071460193489,210,21,189,0.81904761904761902,0.75132275132275128,0.31111111111111112,0.66666666666666663,0.42424242424242425,0.36749727368425095,158,31,7,14,0.83295540438397575,0.41731476426009717,0.38862043473790225
linear_svm_balanced_ratio_preserved_noise_mcc_selected_true_pr_auc_v1,linear_svm_class_weight_balanced,linear_svm,C,70/30,4,random_flip_10,validation_selected_reproduction,70/30,valid,0.10000000000000001,True,2264,64,5.9198917150206398,64,19,45,0.703125,0.72807017543859653,0.5,0.78947368421052633,0.61224489795918369,0.41762016803210311,30,15,4,15,0.79766081871345029,0.64332506905221587,0.62690361057050814
linear_svm_balanced_ratio_preserved_noise_mcc_selected_true_pr_auc_v1,linear_svm_class_weight_balanced,linear_svm,C,70/30,4,random_flip_10,test,50/50,test,0.10000000000000001,True,2264,64,6.0188030610152055,42,21,21,0.76190476190476186,0.76190476190476186,0.78947368421052633,0.7142857142857143,0.75,0.52620136055843392,17,4,6,15,0.86167800453514742,0.86675187565030454,0.86245919209031308
linear_svm_balanced_ratio_preserved_noise_mcc_selected_true_pr_auc_v1,linear_svm_class_weight_balanced,linear_svm,C,70/30,4,random_flip_10,test,60/40,test,0.10000000000000001,True,2264,64,6.1853584030177444,53,21,32,0.75471698113207553,0.74776785714285721,0.68181818181818177,0.7142857142857143,0.69767441860465118,0.49188933866410628,25,7,6,15,0.8526785714285714,0.7552527581288031,0.73042255498674469
linear_svm_balanced_ratio_preserved_noise_mcc_selected_true_pr_auc_v1,linear_svm_class_weight_balanced,linear_svm,C,70/30,4,random_flip_10,test,70/30,test,0.10000000000000001,True,2264,64,6.2914676289947238,70,21,49,0.7857142857142857,0.76530612244897966,0.625,0.7142857142857143,0.66666666666666663,0.51227176405541541,40,9,6,15,0.79397473275024288,0.67145928538571042,0.66223626730319496
linear_svm_balanced_ratio_preserved_noise_mcc_selected_true_pr_auc_v1,linear_svm_class_weight_balanced,linear_svm,C,70/30,4,random_flip_10,test,75/25,test,0.10000000000000001,True,2264,64,6.4231307040026877,84,21,63,0.77380952380952384,0.75396825396825395,0.5357142857142857,0.7142857142857143,0.61224489795918369,0.46656947481584349,50,13,6,15,0.83900226757369611,0.67558285957925435,0.6663117796700202
linear_svm_balanced_ratio_preserved_noise_mcc_selected_true_pr_auc_v1,linear_svm_class_weight_balanced,linear_svm,C,70/30,4,random_flip_10,test,80/20,test,0.10000000000000001,True,2264,64,6.542951234994689,105,21,84,0.78095238095238095,0.75595238095238093,0.46875,0.7142857142857143,0.56603773584905659,0.44483816512377278,67,17,6,15,0.84977324263038556,0.69134430525751966,0.68549693926626154
linear_svm_balanced_ratio_preserved_noise_mcc_selected_true_pr_auc_v1,linear_svm_class_weight_balanced,linear_svm,C,70/30,4,random_flip_10,test,90/10,test,0.10000000000000001,True,2264,64,6.7617847830115352,210,21,189,0.7857142857142857,0.75396825396825395,0.27777777777777779,0.7142857142857143,0.40000000000000002,0.3486509069123272,150,39,6,15,0.82741244646006551,0.39936264809068256,0.38258402078496895
linear_svm_balanced_ratio_preserved_noise_mcc_selected_true_pr_auc_v1,linear_svm_class_weight_balanced,linear_svm,C,70/30,4,random_flip_20,validation_selected_reproduction,70/30,valid,0.10000000000000001,True,2264,64,5.921117273013806,64,19,45,0.734375,0.75029239766081868,0.5357142857142857,0.78947368421052633,0.63829787234042556,0.46103133651808054,32,13,4,15,0.80233918128654957,0.60573649402899643,0.57523295656752149
linear_svm_balanced_ratio_preserved_noise_mcc_selected_true_pr_auc_v1,linear_svm_class_weight_balanced,linear_svm,C,70/30,4,random_flip_20,test,50/50,test,0.10000000000000001,True,2264,64,6.0099321930028964,42,21,21,0.73809523809523814,0.73809523809523814,0.75,0.7142857142857143,0.73170731707317072,0.47673129462279618,16,5,6,15,0.85487528344671193,0.87951041722050127,0.87681943374493332
linear_svm_balanced_ratio_preserved_noise_mcc_selected_true_pr_auc_v1,linear_svm_class_weight_balanced,linear_svm,C,70/30,4,random_flip_20,test,60/40,test,0.10000000000000001,True,2264,64,6.1745077710074838,53,21,32,0.73584905660377353,0.73214285714285721,0.65217391304347827,0.7142857142857143,0.68181818181818177,0.45818979495265688,24,8,6,15,0.76934523809523814,0.66335206321869911,0.64710516758823822
linear_svm_balanced_ratio_preserved_noise_mcc_selected_true_pr_auc_v1,linear_svm_class_weight_balanced,linear_svm,C,70/30,4,random_flip_20,test,70/30,test,0.10000000000000001,True,2264,64,6.2914006170176435,70,21,49,0.68571428571428572,0.69387755102040816,0.4838709677419355,0.7142857142857143,0.57692307692307687,0.35772727794810422,33,16,6,15,0.82410106899902824,0.70937970920689808,0.69617224181711168
linear_svm_balanced_ratio_preserved_noise_mcc_selected_true_pr_auc_v1,linear_svm_class_weight_balanced,linear_svm,C,70/30,4,random_flip_20,test,75/25,test,0.10000000000000001,True,2264,64,6.4327234980009962,84,21,63,0.79761904761904767,0.76984126984126977,0.57692307692307687,0.7142857142857143,0.63829787234042556,0.50549587843254462,52,11,6,15,0.83295540438397575,0.67825362896904906,0.66796277128038639
linear_svm_balanced_ratio_preserved_noise_mcc_selected_true_pr_auc_v1,linear_svm_class_weight_balanced,linear_svm,C,70/30,4,random_flip_20,test,80/20,test,0.10000000000000001,True,2264,64,6.5628839090059046,105,21,84,0.81904761904761902,0.77976190476190477,0.5357142857142857,0.7142857142857143,0.61224489795918369,0.50610832839838893,71,13,6,15,0.86167800453514731,0.74336170477058094,0.73944815109165463
linear_svm_balanced_ratio_preserved_noise_mcc_selected_true_pr_auc_v1,linear_svm_class_weight_balanced,linear_svm,C,70/30,4,random_flip_20,test,90/10,test,0.10000000000000001,True,2264,64,6.8150981310172938,210,21,189,0.73809523809523814,0.72751322751322745,0.234375,0.7142857142857143,0.35294117647058826,0.29655877674918185,140,49,6,15,0.80574452003023433,0.42151485361137331,0.4050972600292736
linear_svm_balanced_ratio_preserved_noise_mcc_selected_true_pr_auc_v1,linear_svm_class_weight_balanced,linear_svm,C,70/30,4,random_fp_10,validation_selected_reproduction,70/30,valid,0.10000000000000001,True,3021,64,7.1434403609891888,64,19,45,0.6875,0.71695906432748546,0.4838709677419355,0.78947368421052633,0.59999999999999998,0.39669162837951,29,16,4,15,0.82456140350877194,0.70321935791860612,0.69200949686997959
linear_svm_balanced_ratio_preserved_noise_mcc_selected_true_pr_auc_v1,linear_svm_class_weight_balanced,linear_svm,C,70/30,4,random_fp_10,test,50/50,test,0.10000000000000001,True,3021,64,7.2362292599864304,42,21,21,0.7857142857142857,0.7857142857142857,0.77272727272727271,0.80952380952380953,0.79069767441860461,0.57207755354735534,16,5,4,17,0.84126984126984128,0.86972840433782106,0.86671629906827641
linear_svm_balanced_ratio_preserved_noise_mcc_selected_true_pr_auc_v1,linear_svm_class_weight_balanced,linear_svm,C,70/30,4,random_fp_10,test,60/40,test,0.10000000000000001,True,3021,64,7.3981843900110107,53,21,32,0.75471698113207553,0.76413690476190477,0.65384615384615385,0.80952380952380953,0.72340425531914898,0.51686266255039026,23,9,4,17,0.83035714285714279,0.77743148472962154,0.77071883701247645
linear_svm_balanced_ratio_preserved_noise_mcc_selected_true_pr_auc_v1,linear_svm_class_weight_balanced,linear_svm,C,70/30,4,random_fp_10,test,70/30,test,0.10000000000000001,True,3021,64,7.5099680020066444,70,21,49,0.72857142857142854,0.7517006802721089,0.53125,0.80952380952380953,0.64150943396226412,0.46307921124762702,34,15,4,17,0.81049562682215737,0.71746850252030425,0.71055504345631881
linear_svm_balanced_ratio_preserved_noise_mcc_selected_true_pr_auc_v1,linear_svm_class_weight_balanced,linear_svm,C,70/30,4,random_fp_10,test,75/25,test,0.10000000000000001,True,3021,64,7.6400185310048983,84,21,63,0.83333333333333337,0.82539682539682535,0.62962962962962965,0.80952380952380953,0.70833333333333337,0.60339807377407551,53,10,4,17,0.85109599395313684,0.73788426018666353,0.73216307434021255
linear_svm_balanced_ratio_preserved_noise_mcc_selected_true_pr_auc_v1,linear_svm_class_weight_balanced,linear_svm,C,70/30,4,random_fp_10,test,80/20,test,0.10000000000000001,True,3021,64,7.7652823530079331,105,21,84,0.81904761904761902,0.81547619047619047,0.53125,0.80952380952380953,0.64150943396226412,0.5482889011990687,69,15,4,17,0.87471655328798192,0.75168265179550176,0.74698797110303472
linear_svm_balanced_ratio_preserved_noise_mcc_selected_true_pr_auc_v1,linear_svm_class_weight_balanced,linear_svm,C,70/30,4,random_fp_10,test,90/10,test,0.10000000000000001,True,3021,64,8.0298310609941836,210,21,189,0.76666666666666672,0.7857142857142857,0.27419354838709675,0.80952380952380953,0.40963855421686746,0.37581646079669545,144,45,4,17,0.82212144116906027,0.50249066070001747,0.49367241249409338
linear_svm_balanced_ratio_preserved_noise_mcc_selected_true_pr_auc_v1,linear_svm_class_weight_balanced,linear_svm,C,70/30,4,random_fp_20,validation_selected_reproduction,70/30,valid,1,True,3775,64,8.1626183110056445,64,19,45,0.734375,0.75029239766081868,0.5357142857142857,0.78947368421052633,0.63829787234042556,0.46103133651808054,32,13,4,15,0.77192982456140347,0.58202381973532236,0.56764010408643595
linear_svm_balanced_ratio_preserved_noise_mcc_selected_true_pr_auc_v1,linear_svm_class_weight_balanced,linear_svm,C,70/30,4,random_fp_20,test,50/50,test,1,True,3775,64,8.2483915530028753,42,21,21,0.76190476190476186,0.76190476190476186,0.73913043478260865,0.80952380952380953,0.77272727272727271,0.52620136055843392,15,6,4,17,0.8231292517006803,0.86043438703226327,0.85700771981420854
linear_svm_balanced_ratio_preserved_noise_mcc_selected_true_pr_auc_v1,linear_svm_class_weight_balanced,linear_svm,C,70/30,4,random_fp_20,test,60/40,test,1,True,3775,64,8.4082842470088508,53,21,32,0.83018867924528306,0.82663690476190477,0.77272727272727271,0.80952380952380953,0.79069767441860461,0.64846672574637432,27,5,4,17,0.83928571428571419,0.77653468846746154,0.76364409571086522
linear_svm_balanced_ratio_preserved_noise_mcc_selected_true_pr_auc_v1,linear_svm_class_weight_balanced,linear_svm,C,70/30,4,random_fp_20,test,70/30,test,1,True,3775,64,8.5167823060182855,70,21,49,0.7857142857142857,0.79251700680272108,0.6071428571428571,0.80952380952380953,0.69387755102040816,0.54724920963020229,38,11,4,17,0.81632653061224492,0.66555198379192571,0.63863099377593324
linear_svm_balanced_ratio_preserved_noise_mcc_selected_true_pr_auc_v1,linear_svm_class_weight_balanced,linear_svm,C,70/30,4,random_fp_20,test,75/25,test,1,True,3775,64,8.6484621110139415,84,21,63,0.83333333333333337,0.82539682539682535,0.62962962962962965,0.80952380952380953,0.70833333333333337,0.60339807377407551,53,10,4,17,0.85260770975056688,0.76347030179635955,0.75893534850129329
linear_svm_balanced_ratio_preserved_noise_mcc_selected_true_pr_auc_v1,linear_svm_class_weight_balanced,linear_svm,C,70/30,4,random_fp_20,test,80/20,test,1,True,3775,64,8.7706962760130409,105,21,84,0.80952380952380953,0.80952380952380953,0.51515151515151514,0.80952380952380953,0.62962962962962965,0.53339646091044179,68,16,4,17,0.84240362811791381,0.67920665985449213,0.67027839490092855
linear_svm_balanced_ratio_preserved_noise_mcc_selected_true_pr_auc_v1,linear_svm_class_weight_balanced,linear_svm,C,70/30,4,random_fp_20,test,90/10,test,1,True,3775,64,9.0205362960114144,210,21,189,0.72380952380952379,0.76190476190476186,0.23943661971830985,0.80952380952380953,0.36956521739130432,0.33218297126099766,135,54,4,17,0.80246913580246915,0.35530589313062028,0.33070063913551428
linear_svm_balanced_ratio_preserved_noise_mcc_selected_true_pr_auc_v1,linear_svm_class_weight_balanced,linear_svm,C,70/30,4,heuristic_fp_10,validation_selected_reproduction,70/30,valid,10,True,3021,64,7.9186990240123123,64,19,45,0.75,0.74619883040935675,0.56000000000000005,0.73684210526315785,0.63636363636363635,0.46110170767989045,34,11,5,14,0.81403508771929822,0.72742762990358667,0.72086645148607609
linear_svm_balanced_ratio_preserved_noise_mcc_selected_true_pr_auc_v1,linear_svm_class_weight_balanced,linear_svm,C,70/30,4,heuristic_fp_10,test,50/50,test,10,True,3021,64,8.0052438830025494,42,21,21,0.83333333333333337,0.83333333333333326,0.88888888888888884,0.76190476190476186,0.82051282051282048,0.67357531405456339,19,2,5,16,0.90022675736961455,0.88841236513821675,0.88476078395409452
linear_svm_balanced_ratio_preserved_noise_mcc_selected_true_pr_auc_v1,linear_svm_class_weight_balanced,linear_svm,C,70/30,4,heuristic_fp_10,test,60/40,test,10,True,3021,64,8.1633673280011863,53,21,32,0.77358490566037741,0.77157738095238093,0.69565217391304346,0.76190476190476186,0.72727272727272729,0.53602331781320434,25,7,5,16,0.83035714285714279,0.71623172024738602,0.70073687441718113
linear_svm_balanced_ratio_preserved_noise_mcc_selected_true_pr_auc_v1,linear_svm_class_weight_balanced,linear_svm,C,70/30,4,heuristic_fp_10,test,70/30,test,10,True,3021,64,8.2795523280219641,70,21,49,0.7857142857142857,0.77891156462585032,0.61538461538461542,0.76190476190476186,0.68085106382978722,0.52904326844482197,39,10,5,16,0.83673469387755106,0.70763622488398137,0.69874877050625739
linear_svm_balanced_ratio_preserved_noise_mcc_selected_true_pr_auc_v1,linear_svm_class_weight_balanced,linear_svm,C,70/30,4,heuristic_fp_10,test,75/25,test,10,True,3021,64,8.416939850023482,84,21,63,0.8571428571428571,0.82539682539682535,0.69565217391304346,0.76190476190476186,0.72727272727272729,0.63196698970363729,56,7,5,16,0.89795918367346939,0.66873133612512803,0.64077847642093322
linear_svm_balanced_ratio_preserved_noise_mcc_selected_true_pr_auc_v1,linear_svm_class_weight_balanced,linear_svm,C,70/30,4,heuristic_fp_10,test,80/20,test,10,True,3021,64,8.5395982050104067,105,21,84,0.89523809523809528,0.84523809523809523,0.72727272727272729,0.76190476190476186,0.7441860465116279,0.67865274694131805,78,6,5,16,0.91326530612244894,0.76739662734933045,0.75999341604699167
linear_svm_balanced_ratio_preserved_noise_mcc_selected_true_pr_auc_v1,linear_svm_class_weight_balanced,linear_svm,C,70/30,4,heuristic_fp_10,test,90/10,test,10,True,3021,64,8.7820142390264664,210,21,189,0.81904761904761902,0.79365079365079361,0.32653061224489793,0.76190476190476186,0.45714285714285713,0.41657264329781035,156,33,5,16,0.8490803728898968,0.38795459989357711,0.37125208211618416
linear_svm_balanced_ratio_preserved_noise_mcc_selected_true_pr_auc_v1,linear_svm_class_weight_balanced,linear_svm,C,70/30,4,heuristic_fp_20,validation_selected_reproduction,70/30,valid,0.10000000000000001,True,3775,64,7.5612489450140856,64,19,45,0.6875,0.71695906432748546,0.4838709677419355,0.78947368421052633,0.59999999999999998,0.39669162837951,29,16,4,15,0.80350877192982451,0.68369845331133539,0.67520445358674608
linear_svm_balanced_ratio_preserved_noise_mcc_selected_true_pr_auc_v1,linear_svm_class_weight_balanced,linear_svm,C,70/30,4,heuristic_fp_20,test,50/50,test,0.10000000000000001,True,3775,64,7.6464443140139338,42,21,21,0.80952380952380953,0.80952380952380953,0.78260869565217395,0.8571428571428571,0.81818181818181823,0.6218743352054219,16,5,3,18,0.88435374149659862,0.8856149887617224,0.88241557686743377
linear_svm_balanced_ratio_preserved_noise_mcc_selected_true_pr_auc_v1,linear_svm_class_weight_balanced,linear_svm,C,70/30,4,heuristic_fp_20,test,60/40,test,0.10000000000000001,True,3775,64,7.8029814040055498,53,21,32,0.81132075471698117,0.8191964285714286,0.71999999999999997,0.8571428571428571,0.78260869565217395,0.62549470217499015,25,7,3,18,0.89285714285714279,0.85217050052723375,0.84824032982157882
linear_svm_balanced_ratio_preserved_noise_mcc_selected_true_pr_auc_v1,linear_svm_class_weight_balanced,linear_svm,C,70/30,4,heuristic_fp_20,test,70/30,test,0.10000000000000001,True,3775,64,7.9094232369970996,70,21,49,0.77142857142857146,0.79591836734693877,0.58064516129032262,0.8571428571428571,0.69230769230769229,0.54600479265763269,36,13,3,18,0.8717201166180758,0.76408280019195374,0.75788843902303049
linear_svm_balanced_ratio_preserved_noise_mcc_selected_true_pr_auc_v1,linear_svm_class_weight_balanced,linear_svm,C,70/30,4,heuristic_fp_20,test,75/25,test,0.10000000000000001,True,3775,64,8.0420870039961301,84,21,63,0.79761904761904767,0.81746031746031744,0.5625,0.8571428571428571,0.67924528301886788,0.56613851707229779,49,14,3,18,0.89040060468631899,0.70765726406703866,0.69789974239754238
linear_svm_balanced_ratio_preserved_noise_mcc_selected_true_pr_auc_v1,linear_svm_class_weight_balanced,linear_svm,C,70/30,4,heuristic_fp_20,test,80/20,test,0.10000000000000001,True,3775,64,8.1720169100153726,105,21,84,0.83809523809523812,0.84523809523809523,0.5625,0.8571428571428571,0.67924528301886788,0.60001426923671675,70,14,3,18,0.91780045351473927,0.73957210473501211,0.72976000809047115
linear_svm_balanced_ratio_preserved_noise_mcc_selected_true_pr_auc_v1,linear_svm_class_weight_balanced,linear_svm,C,70/30,4,heuristic_fp_20,test,90/10,test,0.10000000000000001,True,3775,64,8.4125579620013013,210,21,189,0.74761904761904763,0.79629629629629628,0.26470588235294118,0.8571428571428571,0.4044943820224719,0.37992523380620924,139,50,3,18,0.87100025195263286,0.46813954811153696,0.45582101252709506
linear_svm_balanced_ratio_preserved_noise_mcc_selected_true_pr_auc_v1,linear_svm_class_weight_balanced,linear_svm,C,70/30,5,clean,validation_selected_reproduction,70/30,valid,0.10000000000000001,True,2264,64,5.5499636000022292,64,19,45,0.765625,0.77251461988304093,0.57692307692307687,0.78947368421052633,0.66666666666666663,0.50701917823308018,34,11,4,15,0.82807017543859651,0.68464163110733089,0.6689244678359767
linear_svm_balanced_ratio_preserved_noise_mcc_selected_true_pr_auc_v1,linear_svm_class_weight_balanced,linear_svm,C,70/30,5,clean,test,50/50,test,0.10000000000000001,True,2264,64,5.6400350379990414,42,21,21,0.73809523809523814,0.73809523809523814,0.72727272727272729,0.76190476190476186,0.7441860465116279,0.47673129462279618,15,6,5,16,0.84807256235827666,0.84305487237842947,0.8380265714511137
linear_svm_balanced_ratio_preserved_noise_mcc_selected_true_pr_auc_v1,linear_svm_class_weight_balanced,linear_svm,C,70/30,5,clean,test,60/40,test,0.10000000000000001,True,2264,64,5.7308104810072109,53,21,32,0.79245283018867929,0.78720238095238093,0.72727272727272729,0.76190476190476186,0.7441860465116279,0.57017803220524033,26,6,5,16,0.8705357142857143,0.81511218395672191,0.80905095993331311
linear_svm_balanced_ratio_preserved_noise_mcc_selected_true_pr_auc_v1,linear_svm_class_weight_balanced,linear_svm,C,70/30,5,clean,test,70/30,test,0.10000000000000001,True,2264,64,5.8242186540155672,70,21,49,0.82857142857142863,0.80952380952380953,0.69565217391304346,0.76190476190476186,0.72727272727272729,0.60397491029036365,42,7,5,16,0.8814382896015549,0.76475072307852821,0.75788371477969685
linear_svm_balanced_ratio_preserved_noise_mcc_selected_true_pr_auc_v1,linear_svm_class_weight_balanced,linear_svm,C,70/30,5,clean,test,75/25,test,0.10000000000000001,True,2264,64,5.9327850340050645,84,21,63,0.8571428571428571,0.82539682539682535,0.69565217391304346,0.76190476190476186,0.72727272727272729,0.63196698970363729,56,7,5,16,0.8949357520786092,0.69179053398718016,0.66905137030158179
linear_svm_balanced_ratio_preserved_noise_mcc_selected_true_pr_auc_v1,linear_svm_class_weight_balanced,linear_svm,C,70/30,5,clean,test,80/20,test,0.10000000000000001,True,2264,64,6.0882989400124643,105,21,84,0.79047619047619044,0.77976190476190477,0.48484848484848486,0.76190476190476186,0.59259259259259256,0.4821083396690532,67,17,5,16,0.8344671201814059,0.55541662615734833,0.52745584680933688
linear_svm_balanced_ratio_preserved_noise_mcc_selected_true_pr_auc_v1,linear_svm_class_weight_balanced,linear_svm,C,70/30,5,clean,test,90/10,test,0.10000000000000001,True,2264,64,6.3680108360131271,210,21,189,0.82380952380952377,0.79629629629629628,0.33333333333333331,0.76190476190476186,0.46376811594202899,0.42336859751808015,157,32,5,16,0.87427563618039805,0.5713040487606097,0.56379221123720036
linear_svm_balanced_ratio_preserved_noise_mcc_selected_true_pr_auc_v1,linear_svm_class_weight_balanced,linear_svm,C,70/30,5,random_flip_10,validation_selected_reproduction,70/30,valid,0.10000000000000001,True,2264,64,5.3815689750190359,64,19,45,0.703125,0.72807017543859653,0.5,0.78947368421052633,0.61224489795918369,0.41762016803210311,30,15,4,15,0.83391812865497084,0.73170269681479727,0.72451246798957081
linear_svm_balanced_ratio_preserved_noise_mcc_selected_true_pr_auc_v1,linear_svm_class_weight_balanced,linear_svm,C,70/30,5,random_flip_10,test,50/50,test,0.10000000000000001,True,2264,64,5.4615009270200972,42,21,21,0.76190476190476186,0.76190476190476186,0.73913043478260865,0.80952380952380953,0.77272727272727271,0.52620136055843392,15,6,4,17,0.85260770975056688,0.85905057044978128,0.85521545633556872
linear_svm_balanced_ratio_preserved_noise_mcc_selected_true_pr_auc_v1,linear_svm_class_weight_balanced,linear_svm,C,70/30,5,random_flip_10,test,60/40,test,0.10000000000000001,True,2264,64,5.5507804469962139,53,21,32,0.83018867924528306,0.82663690476190477,0.77272727272727271,0.80952380952380953,0.79069767441860461,0.64846672574637432,27,5,4,17,0.85863095238095233,0.80222366479000717,0.79581628665643867
linear_svm_balanced_ratio_preserved_noise_mcc_selected_true_pr_auc_v1,linear_svm_class_weight_balanced,linear_svm,C,70/30,5,random_flip_10,test,70/30,test,0.10000000000000001,True,2264,64,5.6423781190242153,70,21,49,0.82857142857142863,0.8231292517006803,0.68000000000000005,0.80952380952380953,0.73913043478260865,0.61807004620073758,41,8,4,17,0.87463556851311952,0.7777949138187974,0.77193089796699321
linear_svm_balanced_ratio_preserved_noise_mcc_selected_true_pr_auc_v1,linear_svm_class_weight_balanced,linear_svm,C,70/30,5,random_flip_10,test,75/25,test,0.10000000000000001,True,2264,64,5.7469602909986861,84,21,63,0.84523809523809523,0.83333333333333326,0.65384615384615385,0.80952380952380953,0.72340425531914898,0.62443608512255522,54,9,4,17,0.8835978835978836,0.75769483753083722,0.75037269431630027
linear_svm_balanced_ratio_preserved_noise_mcc_selected_true_pr_auc_v1,linear_svm_class_weight_balanced,linear_svm,C,70/30,5,random_flip_10,test,80/20,test,0.10000000000000001,True,2264,64,5.8977631620073225,105,21,84,0.81904761904761902,0.81547619047619047,0.53125,0.80952380952380953,0.64150943396226412,0.5482889011990687,69,15,4,17,0.84410430839002271,0.64759900501648926,0.63962708293286896
linear_svm_balanced_ratio_preserved_noise_mcc_selected_true_pr_auc_v1,linear_svm_class_weight_balanced,linear_svm,C,70/30,5,random_flip_10,test,90/10,test,0.10000000000000001,True,2264,64,6.1698865079961251,210,21,189,0.82380952380952377,0.81746031746031744,0.34000000000000002,0.80952380952380953,0.47887323943661969,0.44721359549995798,156,33,4,17,0.87150415721844299,0.59671117924141803,0.58977426866854632
linear_svm_balanced_ratio_preserved_noise_mcc_selected_true_pr_auc_v1,linear_svm_class_weight_balanced,linear_svm,C,70/30,5,random_flip_20,validation_selected_reproduction,70/30,valid,0.10000000000000001,True,2264,64,5.7319432760123163,64,19,45,0.6875,0.71695906432748546,0.4838709677419355,0.78947368421052633,0.59999999999999998,0.39669162837951,29,16,4,15,0.81871345029239773,0.68632649207005991,0.67122214353490084
linear_svm_balanced_ratio_preserved_noise_mcc_selected_true_pr_auc_v1,linear_svm_class_weight_balanced,linear_svm,C,70/30,5,random_flip_20,test,50/50,test,0.10000000000000001,True,2264,64,5.8174528130039107,42,21,21,0.69047619047619047,0.69047619047619047,0.69999999999999996,0.66666666666666663,0.68292682926829273,0.38138503569823695,15,6,7,14,0.75736961451247165,0.77197450818424618,0.76532620913596539
linear_svm_balanced_ratio_preserved_noise_mcc_selected_true_pr_auc_v1,linear_svm_class_weight_balanced,linear_svm,C,70/30,5,random_flip_20,test,60/40,test,0.10000000000000001,True,2264,64,5.9066061600169633,53,21,32,0.71698113207547165,0.70833333333333326,0.63636363636363635,0.66666666666666663,0.65116279069767447,0.41360064512297223,24,8,7,14,0.75892857142857129,0.67995746148169545,0.66506546427877389
linear_svm_balanced_ratio_preserved_noise_mcc_selected_true_pr_auc_v1,linear_svm_class_weight_balanced,linear_svm,C,70/30,5,random_flip_20,test,70/30,test,0.10000000000000001,True,2264,64,6.0014494040224236,70,21,49,0.75714285714285712,0.73129251700680276,0.58333333333333337,0.66666666666666663,0.62222222222222223,0.44659589686882373,39,10,7,14,0.83479105928085517,0.73671076713362549,0.73086434726625282
linear_svm_balanced_ratio_preserved_noise_mcc_selected_true_pr_auc_v1,linear_svm_class_weight_balanced,linear_svm,C,70/30,5,random_flip_20,test,75/25,test,0.10000000000000001,True,2264,64,6.101851842016913,84,21,63,0.77380952380952384,0.73809523809523814,0.53846153846153844,0.66666666666666663,0.5957446808510638,0.44602577508753943,51,12,7,14,0.82312925170068019,0.64674411036162183,0.6319359020641182
linear_svm_balanced_ratio_preserved_noise_mcc_selected_true_pr_auc_v1,linear_svm_class_weight_balanced,linear_svm,C,70/30,5,random_flip_20,test,80/20,test,0.10000000000000001,True,2264,64,6.2610292410245165,105,21,84,0.70476190476190481,0.69047619047619047,0.36842105263157893,0.66666666666666663,0.47457627118644069,0.31709601411576721,60,24,7,14,0.73582766439909286,0.47508521197371906,0.46420646583755926
linear_svm_balanced_ratio_preserved_noise_mcc_selected_true_pr_auc_v1,linear_svm_class_weight_balanced,linear_svm,C,70/30,5,random_flip_20,test,90/10,test,0.10000000000000001,True,2264,64,6.569609220023267,210,21,189,0.73333333333333328,0.70370370370370372,0.22222222222222221,0.66666666666666663,0.33333333333333331,0.26671075473287958,140,49,7,14,0.78105316200554287,0.40304838930313724,0.39324045253939233
linear_svm_balanced_ratio_preserved_noise_mcc_selected_true_pr_auc_v1,linear_svm_class_weight_balanced,linear_svm,C,70/30,5,random_fp_10,validation_selected_reproduction,70/30,valid,0.10000000000000001,True,3021,64,6.8742047989799175,64,19,45,0.71875,0.73918128654970761,0.51724137931034486,0.78947368421052633,0.625,0.43904317414824739,31,14,4,15,0.79064327485380115,0.65286784170247336,0.63997864241492186
linear_svm_balanced_ratio_preserved_noise_mcc_selected_true_pr_auc_v1,linear_svm_class_weight_balanced,linear_svm,C,70/30,5,random_fp_10,test,50/50,test,0.10000000000000001,True,3021,64,6.9626824320002925,42,21,21,0.80952380952380953,0.80952380952380953,0.78260869565217395,0.8571428571428571,0.81818181818181823,0.6218743352054219,16,5,3,18,0.89569160997732422,0.89216273024227255,0.88841005182012367
linear_svm_balanced_ratio_preserved_noise_mcc_selected_true_pr_auc_v1,linear_svm_class_weight_balanced,linear_svm,C,70/30,5,random_fp_10,test,60/40,test,0.10000000000000001,True,3021,64,7.0589852189878002,53,21,32,0.84905660377358494,0.8504464285714286,0.78260869565217395,0.8571428571428571,0.81818181818181823,0.69169036353429936,27,5,3,18,0.91220238095238093,0.83923807932911565,0.82750477057822502
linear_svm_balanced_ratio_preserved_noise_mcc_selected_true_pr_auc_v1,linear_svm_class_weight_balanced,linear_svm,C,70/30,5,random_fp_10,test,70/30,test,0.10000000000000001,True,3021,64,7.1560770729847718,70,21,49,0.8571428571428571,0.8571428571428571,0.71999999999999997,0.8571428571428571,0.78260869565217395,0.68313005106397318,42,7,3,18,0.91545189504373181,0.84898119451827925,0.84497875553533985
linear_svm_balanced_ratio_preserved_noise_mcc_selected_true_pr_auc_v1,linear_svm_class_weight_balanced,linear_svm,C,70/30,5,random_fp_10,test,75/25,test,0.10000000000000001,True,3021,64,7.2629777659894899,84,21,63,0.90476190476190477,0.88888888888888884,0.78260869565217395,0.8571428571428571,0.81818181818181823,0.75527762184093239,58,5,3,18,0.91005291005291,0.747181328040188,0.73269389867145551
linear_svm_balanced_ratio_preserved_noise_mcc_selected_true_pr_auc_v1,linear_svm_class_weight_balanced,linear_svm,C,70/30,5,random_fp_10,test,80/20,test,0.10000000000000001,True,3021,64,7.4277288089797366,105,21,84,0.77142857142857146,0.8035714285714286,0.46153846153846156,0.8571428571428571,0.59999999999999998,0.50261553659072022,63,21,3,18,0.87585034013605445,0.64423857496108128,0.61741713951848898
linear_svm_balanced_ratio_preserved_noise_mcc_selected_true_pr_auc_v1,linear_svm_class_weight_balanced,linear_svm,C,70/30,5,random_fp_10,test,90/10,test,0.10000000000000001,True,3021,64,7.7386941610020585,210,21,189,0.80476190476190479,0.82804232804232802,0.32142857142857145,0.8571428571428571,0.46753246753246752,0.44508817532907968,151,38,3,18,0.9024943310657596,0.6683312958742067,0.66217515606702904
linear_svm_balanced_ratio_preserved_noise_mcc_selected_true_pr_auc_v1,linear_svm_class_weight_balanced,linear_svm,C,70/30,5,random_fp_20,validation_selected_reproduction,70/30,valid,0.10000000000000001,True,3775,64,7.7989147040061653,64,19,45,0.71875,0.7543859649122806,0.5161290322580645,0.84210526315789469,0.64000000000000001,0.46512360739915587,30,15,3,16,0.82339181286549701,0.7055176898608676,0.69431063889444067
linear_svm_balanced_ratio_preserved_noise_mcc_selected_true_pr_auc_v1,linear_svm_class_weight_balanced,linear_svm,C,70/30,5,random_fp_20,test,50/50,test,0.10000000000000001,True,3775,64,7.8834341779875103,42,21,21,0.7857142857142857,0.7857142857142857,0.77272727272727271,0.80952380952380953,0.79069767441860461,0.57207755354735534,16,5,4,17,0.8344671201814059,0.87327686499703772,0.87035921644044389
linear_svm_balanced_ratio_preserved_noise_mcc_selected_true_pr_auc_v1,linear_svm_class_weight_balanced,linear_svm,C,70/30,5,random_fp_20,test,60/40,test,0.10000000000000001,True,3775,64,7.9685647349979263,53,21,32,0.79245283018867929,0.79538690476190477,0.70833333333333337,0.80952380952380953,0.75555555555555554,0.58049869858001624,25,7,4,17,0.83184523809523814,0.7685005824125426,0.75887346333909855
linear_svm_balanced_ratio_preserved_noise_mcc_selected_true_pr_auc_v1,linear_svm_class_weight_balanced,linear_svm,C,70/30,5,random_fp_20,test,70/30,test,0.10000000000000001,True,3775,64,8.0596359049959574,70,21,49,0.82857142857142863,0.8231292517006803,0.68000000000000005,0.80952380952380953,0.73913043478260865,0.61807004620073758,41,8,4,17,0.84742468415937799,0.74798773198137836,0.74007510638941731
linear_svm_balanced_ratio_preserved_noise_mcc_selected_true_pr_auc_v1,linear_svm_class_weight_balanced,linear_svm,C,70/30,5,random_fp_20,test,75/25,test,0.10000000000000001,True,3775,64,8.1623886159795802,84,21,63,0.7857142857142857,0.79365079365079372,0.54838709677419351,0.80952380952380953,0.65384615384615385,0.52701419743016409,49,14,4,17,0.84353741496598644,0.70994634125216649,0.69931756935253087
linear_svm_balanced_ratio_preserved_noise_mcc_selected_true_pr_auc_v1,linear_svm_class_weight_balanced,linear_svm,C,70/30,5,random_fp_20,test,80/20,test,0.10000000000000001,True,3775,64,8.329176314000506,105,21,84,0.72380952380952379,0.75595238095238093,0.40476190476190477,0.80952380952380953,0.53968253968253965,0.41796848785585972,59,25,4,17,0.81859410430839008,0.57089804671241873,0.54349905681792587
linear_svm_balanced_ratio_preserved_noise_mcc_selected_true_pr_auc_v1,linear_svm_class_weight_balanced,linear_svm,C,70/30,5,random_fp_20,test,90/10,test,0.10000000000000001,True,3775,64,8.6272583490062971,210,21,189,0.76190476190476186,0.78306878306878303,0.26984126984126983,0.80952380952380953,0.40476190476190477,0.37062403579763781,143,46,4,17,0.8458049886621315,0.51024973109056149,0.49949645429167799
linear_svm_balanced_ratio_preserved_noise_mcc_selected_true_pr_auc_v1,linear_svm_class_weight_balanced,linear_svm,C,70/30,5,heuristic_fp_10,validation_selected_reproduction,70/30,valid,10,True,3021,64,7.7530580110033043,64,19,45,0.796875,0.77953216374268997,0.63636363636363635,0.73684210526315785,0.68292682926829273,0.53778520927801132,37,8,5,14,0.79999999999999993,0.61279049817950382,0.58240780360067557
linear_svm_balanced_ratio_preserved_noise_mcc_selected_true_pr_auc_v1,linear_svm_class_weight_balanced,linear_svm,C,70/30,5,heuristic_fp_10,test,50/50,test,10,True,3021,64,7.8309132169815712,42,21,21,0.8571428571428571,0.8571428571428571,0.94117647058823528,0.76190476190476186,0.84210526315789469,0.72760687510899891,20,1,5,16,0.95918367346938771,0.95278505342419928,0.95127026386593161
linear_svm_balanced_ratio_preserved_noise_mcc_selected_true_pr_auc_v1,linear_svm_class_weight_balanced,linear_svm,C,70/30,5,heuristic_fp_10,test,60/40,test,10,True,3021,64,7.9140766309865285,53,21,32,0.86792452830188682,0.84970238095238093,0.88888888888888884,0.76190476190476186,0.82051282051282048,0.72234213203074837,30,2,5,16,0.9419642857142857,0.8980622877580644,0.89425708687145034
linear_svm_balanced_ratio_preserved_noise_mcc_selected_true_pr_auc_v1,linear_svm_class_weight_balanced,linear_svm,C,70/30,5,heuristic_fp_10,test,70/30,test,10,True,3021,64,8.0196450939984061,70,21,49,0.8571428571428571,0.82993197278911568,0.76190476190476186,0.76190476190476186,0.76190476190476186,0.65986394557823125,44,5,5,16,0.94071914480077734,0.88730131053771055,0.88485649854373172
linear_svm_balanced_ratio_preserved_noise_mcc_selected_true_pr_auc_v1,linear_svm_class_weight_balanced,linear_svm,C,70/30,5,heuristic_fp_10,test,75/25,test,10,True,3021,64,8.1290835539984982,84,21,63,0.88095238095238093,0.84126984126984117,0.76190476190476186,0.76190476190476186,0.76190476190476186,0.68253968253968256,58,5,5,16,0.93953136810279669,0.78365148033186438,0.77467003555884051
linear_svm_balanced_ratio_preserved_noise_mcc_selected_true_pr_auc_v1,linear_svm_class_weight_balanced,linear_svm,C,70/30,5,heuristic_fp_10,test,80/20,test,10,True,3021,64,8.2835649269982241,105,21,84,0.82857142857142863,0.8035714285714286,0.55172413793103448,0.76190476190476186,0.64000000000000001,0.54316826162393883,71,13,5,16,0.92346938775510201,0.75119238294153146,0.74413191339184848
linear_svm_balanced_ratio_preserved_noise_mcc_selected_true_pr_auc_v1,linear_svm_class_weight_balanced,linear_svm,C,70/30,5,heuristic_fp_10,test,90/10,test,10,True,3021,64,8.5528994409833103,210,21,189,0.80476190476190479,0.7857142857142857,0.30769230769230771,0.76190476190476186,0.43835616438356162,0.39716620347661907,153,36,5,16,0.90476190476190477,0.47014823930877636,0.44496380226627263
linear_svm_balanced_ratio_preserved_noise_mcc_selected_true_pr_auc_v1,linear_svm_class_weight_balanced,linear_svm,C,70/30,5,heuristic_fp_20,validation_selected_reproduction,70/30,valid,1,True,3775,64,8.060903624020284,64,19,45,0.75,0.76140350877192975,0.55555555555555558,0.78947368421052633,0.65217391304347827,0.48366172632079629,33,12,4,15,0.82222222222222219,0.67753328095202436,0.66551690202192826
linear_svm_balanced_ratio_preserved_noise_mcc_selected_true_pr_auc_v1,linear_svm_class_weight_balanced,linear_svm,C,70/30,5,heuristic_fp_20,test,50/50,test,1,True,3775,64,8.1489822069997899,42,21,21,0.8571428571428571,0.8571428571428571,0.8571428571428571,0.8571428571428571,0.8571428571428571,0.7142857142857143,18,3,3,18,0.93424036281179146,0.92178389296079621,0.9189373334615758
linear_svm_balanced_ratio_preserved_noise_mcc_selected_true_pr_auc_v1,linear_svm_class_weight_balanced,linear_svm,C,70/30,5,heuristic_fp_20,test,60/40,test,1,True,3775,64,8.2381844860210549,53,21,32,0.77358490566037741,0.7879464285714286,0.66666666666666663,0.8571428571428571,0.75,0.56345309973803104,23,9,3,18,0.88541666666666674,0.79430431382927758,0.786577402474677
linear_svm_balanced_ratio_preserved_noise_mcc_selected_true_pr_auc_v1,linear_svm_class_weight_balanced,linear_svm,C,70/30,5,heuristic_fp_20,test,70/30,test,1,True,3775,64,8.3318063830083702,70,21,49,0.84285714285714286,0.84693877551020402,0.69230769230769229,0.8571428571428571,0.76595744680851063,0.65807821196794924,41,8,3,18,0.91933916423712336,0.757055907823732,0.74229875202533213
linear_svm_balanced_ratio_preserved_noise_mcc_selected_true_pr_auc_v1,linear_svm_class_weight_balanced,linear_svm,C,70/30,5,heuristic_fp_20,test,75/25,test,1,True,3775,64,8.4386085130099673,84,21,63,0.84523809523809523,0.84920634920634919,0.6428571428571429,0.8571428571428571,0.73469387755102045,0.64153302787178479,53,10,3,18,0.92365835222978077,0.71370507335290623,0.68684520210114608
linear_svm_balanced_ratio_preserved_noise_mcc_selected_true_pr_auc_v1,linear_svm_class_weight_balanced,linear_svm,C,70/30,5,heuristic_fp_20,test,80/20,test,1,True,3775,64,8.5988218050042633,105,21,84,0.83809523809523812,0.84523809523809523,0.5625,0.8571428571428571,0.67924528301886788,0.60001426923671675,70,14,3,18,0.90476190476190477,0.62331377254748421,0.60657823840104874
linear_svm_balanced_ratio_preserved_noise_mcc_selected_true_pr_auc_v1,linear_svm_class_weight_balanced,linear_svm,C,70/30,5,heuristic_fp_20,test,90/10,test,1,True,3775,64,8.9244824449997395,210,21,189,0.80000000000000004,0.82539682539682535,0.31578947368421051,0.8571428571428571,0.46153846153846156,0.43903658690554426,150,39,3,18,0.91055681531872001,0.50464841224781831,0.48811620410258899
linear_svm_balanced_ratio_preserved_noise_mcc_selected_true_pr_auc_v1,linear_svm_class_weight_balanced,linear_svm,C,75/25,1,clean,validation_selected_reproduction,75/25,valid,1,True,2716,76,6.3901581290119793,76,19,57,0.88157894736842102,0.83333333333333326,0.77777777777777779,0.73684210526315785,0.7567567567567568,0.67900460539727003,53,4,5,14,0.8771929824561403,0.83380993169078987,0.83121962056165999
linear_svm_balanced_ratio_preserved_noise_mcc_selected_true_pr_auc_v1,linear_svm_class_weight_balanced,linear_svm,C,75/25,1,clean,test,50/50,test,1,True,2716,76,6.4780643279955257,42,21,21,0.76190476190476186,0.76190476190476186,0.82352941176470584,0.66666666666666663,0.73684210526315785,0.53357837507993255,18,3,7,14,0.90929705215419498,0.92280726021700943,0.92108477592042903
linear_svm_balanced_ratio_preserved_noise_mcc_selected_true_pr_auc_v1,linear_svm_class_weight_balanced,linear_svm,C,75/25,1,clean,test,60/40,test,1,True,2716,76,6.5624604500189889,53,21,32,0.79245283018867929,0.77083333333333326,0.77777777777777779,0.66666666666666663,0.71794871794871795,0.55943092778551573,28,4,7,14,0.88541666666666663,0.85882360278323033,0.85553722809159849
linear_svm_balanced_ratio_preserved_noise_mcc_selected_true_pr_auc_v1,linear_svm_class_weight_balanced,linear_svm,C,75/25,1,clean,test,70/30,test,1,True,2716,76,6.6519091039954219,70,21,49,0.87142857142857144,0.81292517006802711,0.875,0.66666666666666663,0.7567567567567568,0.68300095155397345,47,2,7,14,0.93002915451895041,0.88706488443330578,0.88488518582503572
linear_svm_balanced_ratio_preserved_noise_mcc_selected_true_pr_auc_v1,linear_svm_class_weight_balanced,linear_svm,C,75/25,1,clean,test,75/25,test,1,True,2716,76,6.7536046910099685,84,21,63,0.84523809523809523,0.7857142857142857,0.69999999999999996,0.66666666666666663,0.68292682926829273,0.58094750193111255,57,6,7,14,0.92819349962207109,0.85875527167161048,0.85609788763369687
linear_svm_balanced_ratio_preserved_noise_mcc_selected_true_pr_auc_v1,linear_svm_class_weight_balanced,linear_svm,C,75/25,1,clean,test,80/20,test,1,True,2716,76,6.8839602369989734,105,21,84,0.83809523809523812,0.77380952380952372,0.58333333333333337,0.66666666666666663,0.62222222222222223,0.52165059337049158,74,10,7,14,0.88888888888888884,0.75350811654107996,0.74908595470139394
linear_svm_balanced_ratio_preserved_noise_mcc_selected_true_pr_auc_v1,linear_svm_class_weight_balanced,linear_svm,C,75/25,1,clean,test,90/10,test,1,True,2716,76,7.1159984290134162,210,21,189,0.87142857142857144,0.78042328042328046,0.41176470588235292,0.66666666666666663,0.50909090909090904,0.45676079282893356,169,20,7,14,0.88611740992693377,0.5717292604122769,0.5640126993206821
linear_svm_balanced_ratio_preserved_noise_mcc_selected_true_pr_auc_v1,linear_svm_class_weight_balanced,linear_svm,C,75/25,1,random_flip_10,validation_selected_reproduction,75/25,valid,0.10000000000000001,True,2716,76,6.1804747349815443,76,19,57,0.84210526315789469,0.84210526315789469,0.64000000000000001,0.84210526315789469,0.72727272727272729,0.63059262509446568,48,9,3,16,0.86980609418282551,0.78743462548038234,0.78148441766515386
linear_svm_balanced_ratio_preserved_noise_mcc_selected_true_pr_auc_v1,linear_svm_class_weight_balanced,linear_svm,C,75/25,1,random_flip_10,test,50/50,test,0.10000000000000001,True,2716,76,6.2574440899770707,42,21,21,0.7857142857142857,0.7857142857142857,0.80000000000000004,0.76190476190476186,0.78048780487804881,0.57207755354735534,17,4,5,16,0.88208616780045346,0.89635367649833975,0.89387140905129492
linear_svm_balanced_ratio_preserved_noise_mcc_selected_true_pr_auc_v1,linear_svm_class_weight_balanced,linear_svm,C,75/25,1,random_flip_10,test,60/40,test,0.10000000000000001,True,2716,76,6.3445546319999266,53,21,32,0.73584905660377353,0.74032738095238093,0.64000000000000001,0.76190476190476186,0.69565217391304346,0.47094356364224199,23,9,5,16,0.82291666666666663,0.77719168154952589,0.77147211658490811
linear_svm_balanced_ratio_preserved_noise_mcc_selected_true_pr_auc_v1,linear_svm_class_weight_balanced,linear_svm,C,75/25,1,random_flip_10,test,70/30,test,0.10000000000000001,True,2716,76,6.4308118449989706,70,21,49,0.88571428571428568,0.85034013605442182,0.84210526315789469,0.76190476190476186,0.80000000000000004,0.72204736728927044,46,3,5,16,0.92711370262390669,0.88696434179148786,0.88485070373907937
linear_svm_balanced_ratio_preserved_noise_mcc_selected_true_pr_auc_v1,linear_svm_class_weight_balanced,linear_svm,C,75/25,1,random_flip_10,test,75/25,test,0.10000000000000001,True,2716,76,6.5259024949918967,84,21,63,0.8928571428571429,0.84920634920634919,0.80000000000000004,0.76190476190476186,0.78048780487804881,0.71004694680469305,59,4,5,16,0.92214663643235073,0.8565886955830031,0.85391844211478074
linear_svm_balanced_ratio_preserved_noise_mcc_selected_true_pr_auc_v1,linear_svm_class_weight_balanced,linear_svm,C,75/25,1,random_flip_10,test,80/20,test,0.10000000000000001,True,2716,76,6.6485579189902637,105,21,84,0.80000000000000004,0.7857142857142857,0.5,0.76190476190476186,0.60377358490566035,0.49656353316142077,68,16,5,16,0.82766439909297052,0.57029142417648204,0.55806568415816638
linear_svm_balanced_ratio_preserved_noise_mcc_selected_true_pr_auc_v1,linear_svm_class_weight_balanced,linear_svm,C,75/25,1,random_flip_10,test,90/10,test,0.10000000000000001,True,2716,76,6.8633872679783963,210,21,189,0.79523809523809519,0.78042328042328046,0.29629629629629628,0.76190476190476186,0.42666666666666669,0.38496870971569458,151,38,5,16,0.85235575711766187,0.48794397332827116,0.47252620175465482
linear_svm_balanced_ratio_preserved_noise_mcc_selected_true_pr_auc_v1,linear_svm_class_weight_balanced,linear_svm,C,75/25,1,random_flip_20,validation_selected_reproduction,75/25,valid,0.10000000000000001,True,2716,76,6.1002831770165358,76,19,57,0.78947368421052633,0.75438596491228072,0.56521739130434778,0.68421052631578949,0.61904761904761907,0.47955179146785321,47,10,6,13,0.83471837488457978,0.72664712835241141,0.72084134332770122
linear_svm_balanced_ratio_preserved_noise_mcc_selected_true_pr_auc_v1,linear_svm_class_weight_balanced,linear_svm,C,75/25,1,random_flip_20,test,50/50,test,0.10000000000000001,True,2716,76,6.1740521620085929,42,21,21,0.73809523809523814,0.73809523809523814,0.8125,0.61904761904761907,0.70270270270270274,0.49029033784546011,18,3,8,13,0.86394557823129259,0.88501428133803173,0.88242520417985526
linear_svm_balanced_ratio_preserved_noise_mcc_selected_true_pr_auc_v1,linear_svm_class_weight_balanced,linear_svm,C,75/25,1,random_flip_20,test,60/40,test,0.10000000000000001,True,2716,76,6.2583507010131143,53,21,32,0.71698113207547165,0.70014880952380953,0.65000000000000002,0.61904761904761907,0.63414634146341464,0.40392029577517563,25,7,8,13,0.82738095238095233,0.7968450869028918,0.79220576300618117
linear_svm_balanced_ratio_preserved_noise_mcc_selected_true_pr_auc_v1,linear_svm_class_weight_balanced,linear_svm,C,75/25,1,random_flip_20,test,70/30,test,0.10000000000000001,True,2716,76,6.3445021609950345,70,21,49,0.81428571428571428,0.75850340136054428,0.72222222222222221,0.61904761904761907,0.66666666666666663,0.54208329051382298,44,5,8,13,0.86588921282798836,0.80471860979075216,0.80098813956041304
linear_svm_balanced_ratio_preserved_noise_mcc_selected_true_pr_auc_v1,linear_svm_class_weight_balanced,linear_svm,C,75/25,1,random_flip_20,test,75/25,test,0.10000000000000001,True,2716,76,6.4390589389950037,84,21,63,0.73809523809523814,0.69841269841269837,0.48148148148148145,0.61904761904761907,0.54166666666666663,0.36792565474028993,49,14,8,13,0.8193499622071051,0.69492511017416425,0.68844712592494095
linear_svm_balanced_ratio_preserved_noise_mcc_selected_true_pr_auc_v1,linear_svm_class_weight_balanced,linear_svm,C,75/25,1,random_flip_20,test,80/20,test,0.10000000000000001,True,2716,76,6.5610138880147133,105,21,84,0.74285714285714288,0.6964285714285714,0.40625,0.61904761904761907,0.49056603773584906,0.34138742904847674,65,19,8,13,0.82426303854875282,0.65394473993060553,0.64771754388488612
linear_svm_balanced_ratio_preserved_noise_mcc_selected_true_pr_auc_v1,linear_svm_class_weight_balanced,linear_svm,C,75/25,1,random_flip_20,test,90/10,test,0.10000000000000001,True,2716,76,6.7834157450124621,210,21,189,0.77142857142857146,0.70370370370370372,0.24528301886792453,0.61904761904761907,0.35135135135135137,0.2813725389616803,149,40,8,13,0.83018392542202069,0.43983012695129498,0.42397605095963192
linear_svm_balanced_ratio_preserved_noise_mcc_selected_true_pr_auc_v1,linear_svm_class_weight_balanced,linear_svm,C,75/25,1,random_fp_10,validation_selected_reproduction,75/25,valid,1,True,3804,76,8.1661160689836834,76,19,57,0.82894736842105265,0.79824561403508776,0.63636363636363635,0.73684210526315785,0.68292682926829273,0.56952142864688682,49,8,5,14,0.81163434903047094,0.68292287608913882,0.67402755394395064
linear_svm_balanced_ratio_preserved_noise_mcc_selected_true_pr_auc_v1,linear_svm_class_weight_balanced,linear_svm,C,75/25,1,random_fp_10,test,50/50,test,1,True,3804,76,8.2508581079891883,42,21,21,0.73809523809523814,0.73809523809523814,0.77777777777777779,0.66666666666666663,0.71794871794871795,0.48112522432468813,17,4,7,14,0.80272108843537415,0.84823265757744215,0.84498558241173405
linear_svm_balanced_ratio_preserved_noise_mcc_selected_true_pr_auc_v1,linear_svm_class_weight_balanced,linear_svm,C,75/25,1,random_fp_10,test,60/40,test,1,True,3804,76,8.3343769099737983,53,21,32,0.75471698113207553,0.73958333333333326,0.69999999999999996,0.66666666666666663,0.68292682926829273,0.48350310497994997,26,6,7,14,0.79315476190476186,0.78758209702910187,0.78341803817089906
linear_svm_balanced_ratio_preserved_noise_mcc_selected_true_pr_auc_v1,linear_svm_class_weight_balanced,linear_svm,C,75/25,1,random_fp_10,test,70/30,test,1,True,3804,76,8.4229481649817899,70,21,49,0.82857142857142863,0.78231292517006801,0.73684210526315785,0.66666666666666663,0.69999999999999996,0.58184399500009165,44,5,7,14,0.83867832847424684,0.78655318227830184,0.78289115155901179
linear_svm_balanced_ratio_preserved_noise_mcc_selected_true_pr_auc_v1,linear_svm_class_weight_balanced,linear_svm,C,75/25,1,random_fp_10,test,75/25,test,1,True,3804,76,8.5264838329749182,84,21,63,0.7857142857142857,0.74603174603174605,0.56000000000000005,0.66666666666666663,0.60869565217391308,0.46602053736175392,52,11,7,14,0.81027966742252455,0.65370098970013513,0.64513955324683048
linear_svm_balanced_ratio_preserved_noise_mcc_selected_true_pr_auc_v1,linear_svm_class_weight_balanced,linear_svm,C,75/25,1,random_fp_10,test,80/20,test,1,True,3804,76,8.6617778579820879,105,21,84,0.78095238095238095,0.73809523809523814,0.46666666666666667,0.66666666666666663,0.5490196078431373,0.4216370213557839,68,16,7,14,0.76190476190476197,0.54937939401723579,0.53695934022778702
linear_svm_balanced_ratio_preserved_noise_mcc_selected_true_pr_auc_v1,linear_svm_class_weight_balanced,linear_svm,C,75/25,1,random_fp_10,test,90/10,test,1,True,3804,76,8.904787726001814,210,21,189,0.79523809523809519,0.73809523809523814,0.28000000000000003,0.66666666666666663,0.39436619718309857,0.33541019662496846,153,36,7,14,0.77954144620811294,0.47004459420148031,0.46201124747381628
linear_svm_balanced_ratio_preserved_noise_mcc_selected_true_pr_auc_v1,linear_svm_class_weight_balanced,linear_svm,C,75/25,1,random_fp_20,validation_selected_reproduction,75/25,valid,0.10000000000000001,True,4892,76,9.3234438179933932,76,19,57,0.78947368421052633,0.80701754385964908,0.55172413793103448,0.84210526315789469,0.66666666666666663,0.54734290022615395,44,13,3,16,0.84856879039704525,0.6983089362981536,0.68993245401362779
linear_svm_balanced_ratio_preserved_noise_mcc_selected_true_pr_auc_v1,linear_svm_class_weight_balanced,linear_svm,C,75/25,1,random_fp_20,test,50/50,test,0.10000000000000001,True,4892,76,9.415923758991994,42,21,21,0.76190476190476186,0.76190476190476186,0.78947368421052633,0.7142857142857143,0.75,0.52620136055843392,17,4,6,15,0.82766439909297052,0.79662880692292459,0.78369315563445552
linear_svm_balanced_ratio_preserved_noise_mcc_selected_true_pr_auc_v1,linear_svm_class_weight_balanced,linear_svm,C,75/25,1,random_fp_20,test,60/40,test,0.10000000000000001,True,4892,76,9.5011580089922063,53,21,32,0.73584905660377353,0.73214285714285721,0.65217391304347827,0.7142857142857143,0.68181818181818177,0.45818979495265688,24,8,6,15,0.83482142857142849,0.84267406525969957,0.83989156399950726
linear_svm_balanced_ratio_preserved_noise_mcc_selected_true_pr_auc_v1,linear_svm_class_weight_balanced,linear_svm,C,75/25,1,random_fp_20,test,70/30,test,0.10000000000000001,True,4892,76,9.5874619429814629,70,21,49,0.84285714285714286,0.80612244897959184,0.75,0.7142857142857143,0.73170731707317072,0.62105900340811881,44,5,6,15,0.87463556851311952,0.85252818882343306,0.85045262256443932
linear_svm_balanced_ratio_preserved_noise_mcc_selected_true_pr_auc_v1,linear_svm_class_weight_balanced,linear_svm,C,75/25,1,random_fp_20,test,75/25,test,0.10000000000000001,True,4892,76,9.679038693982875,84,21,63,0.83333333333333337,0.79365079365079372,0.65217391304347827,0.7142857142857143,0.68181818181818177,0.5703116736349898,55,8,6,15,0.87755102040816335,0.77015569825443797,0.76481300859469759
linear_svm_balanced_ratio_preserved_noise_mcc_selected_true_pr_auc_v1,linear_svm_class_weight_balanced,linear_svm,C,75/25,1,random_fp_20,test,80/20,test,0.10000000000000001,True,4892,76,9.8038269059907179,105,21,84,0.80000000000000004,0.76785714285714279,0.5,0.7142857142857143,0.58823529411764708,0.47434164902525688,69,15,6,15,0.84807256235827666,0.65304078181241554,0.64458578552676937
linear_svm_balanced_ratio_preserved_noise_mcc_selected_true_pr_auc_v1,linear_svm_class_weight_balanced,linear_svm,C,75/25,1,random_fp_20,test,90/10,test,0.10000000000000001,True,4892,76,10.04992040200159,210,21,189,0.78095238095238095,0.75132275132275139,0.27272727272727271,0.7142857142857143,0.39473684210526316,0.34296922868012547,149,40,6,15,0.84328546233308144,0.55033645728256442,0.53532291980472857
linear_svm_balanced_ratio_preserved_noise_mcc_selected_true_pr_auc_v1,linear_svm_class_weight_balanced,linear_svm,C,75/25,1,heuristic_fp_10,validation_selected_reproduction,75/25,valid,10,True,3804,76,9.7026852020062506,76,19,57,0.88157894736842102,0.85087719298245612,0.75,0.78947368421052633,0.76923076923076927,0.69006555934235425,52,5,4,15,0.90397045244690677,0.7852044356876946,0.77807192152684723
linear_svm_balanced_ratio_preserved_noise_mcc_selected_true_pr_auc_v1,linear_svm_class_weight_balanced,linear_svm,C,75/25,1,heuristic_fp_10,test,50/50,test,10,True,3804,76,9.7752308989875019,42,21,21,0.83333333333333337,0.83333333333333326,0.88888888888888884,0.76190476190476186,0.82051282051282048,0.67357531405456339,19,2,5,16,0.91609977324263037,0.93444401140871403,0.93310489926582219
linear_svm_balanced_ratio_preserved_noise_mcc_selected_true_pr_auc_v1,linear_svm_class_weight_balanced,linear_svm,C,75/25,1,heuristic_fp_10,test,60/40,test,10,True,3804,76,9.8618795799848158,53,21,32,0.81132075471698117,0.80282738095238093,0.76190476190476186,0.76190476190476186,0.76190476190476186,0.60565476190476186,27,5,5,16,0.87797619047619047,0.8114523268283631,0.80577024314973134
linear_svm_balanced_ratio_preserved_noise_mcc_selected_true_pr_auc_v1,linear_svm_class_weight_balanced,linear_svm,C,75/25,1,heuristic_fp_10,test,70/30,test,10,True,3804,76,9.9572842369962018,70,21,49,0.91428571428571426,0.87074829931972786,0.94117647058823528,0.76190476190476186,0.84210526315789469,0.792418224396092,48,1,5,16,0.96890184645286692,0.95183295540438428,0.95097451411213796
linear_svm_balanced_ratio_preserved_noise_mcc_selected_true_pr_auc_v1,linear_svm_class_weight_balanced,linear_svm,C,75/25,1,heuristic_fp_10,test,75/25,test,10,True,3804,76,10.062828369991621,84,21,63,0.8571428571428571,0.82539682539682535,0.69565217391304346,0.76190476190476186,0.72727272727272729,0.63196698970363729,56,7,5,16,0.92894935752078611,0.83251726669163872,0.82869901699084525
linear_svm_balanced_ratio_preserved_noise_mcc_selected_true_pr_auc_v1,linear_svm_class_weight_balanced,linear_svm,C,75/25,1,heuristic_fp_10,test,80/20,test,10,True,3804,76,10.197070282010827,105,21,84,0.84761904761904761,0.81547619047619047,0.59259259259259256,0.76190476190476186,0.66666666666666663,0.57745306457354184,73,11,5,16,0.88548752834467115,0.57832561772117885,0.55338473907325825
linear_svm_balanced_ratio_preserved_noise_mcc_selected_true_pr_auc_v1,linear_svm_class_weight_balanced,linear_svm,C,75/25,1,heuristic_fp_10,test,90/10,test,10,True,3804,76,10.473167176998686,210,21,189,0.83809523809523812,0.80423280423280419,0.35555555555555557,0.76190476190476186,0.48484848484848486,0.4448651207756722,160,29,5,16,0.89518770471151421,0.40394914607680843,0.38261581742354794
linear_svm_balanced_ratio_preserved_noise_mcc_selected_true_pr_auc_v1,linear_svm_class_weight_balanced,linear_svm,C,75/25,1,heuristic_fp_20,validation_selected_reproduction,75/25,valid,10,True,4892,76,11.844952196988743,76,19,57,0.82894736842105265,0.83333333333333326,0.61538461538461542,0.84210526315789469,0.71111111111111114,0.60848698445933114,47,10,3,16,0.87442289935364725,0.67642768458050195,0.66656858404425123
linear_svm_balanced_ratio_preserved_noise_mcc_selected_true_pr_auc_v1,linear_svm_class_weight_balanced,linear_svm,C,75/25,1,heuristic_fp_20,test,50/50,test,10,True,4892,76,11.927163020009175,42,21,21,0.83333333333333337,0.83333333333333326,0.9375,0.7142857142857143,0.81081081081081086,0.6864064729836441,20,1,6,15,0.88435374149659862,0.87925747312088798,0.87465201246879909
linear_svm_balanced_ratio_preserved_noise_mcc_selected_true_pr_auc_v1,linear_svm_class_weight_balanced,linear_svm,C,75/25,1,heuristic_fp_20,test,60/40,test,10,True,4892,76,12.027414765005233,53,21,32,0.79245283018867929,0.77901785714285721,0.75,0.7142857142857143,0.73170731707317072,0.56308591418472442,27,5,6,15,0.84970238095238093,0.82043502711539462,0.81616957587242145
linear_svm_balanced_ratio_preserved_noise_mcc_selected_true_pr_auc_v1,linear_svm_class_weight_balanced,linear_svm,C,75/25,1,heuristic_fp_20,test,70/30,test,10,True,4892,76,12.117029462009668,70,21,49,0.80000000000000004,0.77551020408163263,0.65217391304347827,0.7142857142857143,0.68181818181818177,0.53760404102768633,41,8,6,15,0.88338192419825079,0.82793334737213864,0.82482487840446339
linear_svm_balanced_ratio_preserved_noise_mcc_selected_true_pr_auc_v1,linear_svm_class_weight_balanced,linear_svm,C,75/25,1,heuristic_fp_20,test,75/25,test,10,True,4892,76,12.218474553985288,84,21,63,0.84523809523809523,0.80158730158730163,0.68181818181818177,0.7142857142857143,0.69767441860465118,0.59404012950668628,56,7,6,15,0.87679516250944811,0.75270867858587165,0.74547702612427957
linear_svm_balanced_ratio_preserved_noise_mcc_selected_true_pr_auc_v1,linear_svm_class_weight_balanced,linear_svm,C,75/25,1,heuristic_fp_20,test,80/20,test,10,True,4892,76,12.369166232994758,105,21,84,0.77142857142857146,0.75,0.45454545454545453,0.7142857142857143,0.55555555555555558,0.43082021842766455,66,18,6,15,0.85260770975056688,0.65922183668433254,0.651488373146901
linear_svm_balanced_ratio_preserved_noise_mcc_selected_true_pr_auc_v1,linear_svm_class_weight_balanced,linear_svm,C,75/25,1,heuristic_fp_20,test,90/10,test,10,True,4892,76,12.628657286986709,210,21,189,0.7857142857142857,0.75396825396825395,0.27777777777777779,0.7142857142857143,0.40000000000000002,0.3486509069123272,150,39,6,15,0.84026203073822125,0.42899452310659492,0.41199300429000041
linear_svm_balanced_ratio_preserved_noise_mcc_selected_true_pr_auc_v1,linear_svm_class_weight_balanced,linear_svm,C,75/25,2,clean,validation_selected_reproduction,75/25,valid,1,True,2716,76,6.5801211540238,76,19,57,0.86842105263157898,0.84210526315789469,0.7142857142857143,0.78947368421052633,0.75,0.66254134886891325,51,6,4,15,0.85687903970452439,0.79433291777474579,0.79022357019073852
linear_svm_balanced_ratio_preserved_noise_mcc_selected_true_pr_auc_v1,linear_svm_class_weight_balanced,linear_svm,C,75/25,2,clean,test,50/50,test,1,True,2716,76,6.6867532810138073,42,21,21,0.7857142857142857,0.7857142857142857,0.875,0.66666666666666663,0.7567567567567568,0.58834840541455213,19,2,7,14,0.90022675736961444,0.91364696312079996,0.91155714574327873
linear_svm_balanced_ratio_preserved_noise_mcc_selected_true_pr_auc_v1,linear_svm_class_weight_balanced,linear_svm,C,75/25,2,clean,test,60/40,test,1,True,2716,76,6.7784436150104739,53,21,32,0.83018867924528306,0.80208333333333326,0.875,0.66666666666666663,0.7567567567567568,0.64369560471664822,30,2,7,14,0.91815476190476186,0.90623164656345456,0.90437415719547887
linear_svm_balanced_ratio_preserved_noise_mcc_selected_true_pr_auc_v1,linear_svm_class_weight_balanced,linear_svm,C,75/25,2,clean,test,70/30,test,1,True,2716,76,6.9162902079988271,70,21,49,0.80000000000000004,0.76190476190476186,0.66666666666666663,0.66666666666666663,0.66666666666666663,0.52380952380952384,42,7,7,14,0.87560738581146735,0.6683101767938775,0.64029022922490453
linear_svm_balanced_ratio_preserved_noise_mcc_selected_true_pr_auc_v1,linear_svm_class_weight_balanced,linear_svm,C,75/25,2,clean,test,75/25,test,1,True,2716,76,7.0395822960126679,84,21,63,0.79761904761904767,0.75396825396825395,0.58333333333333337,0.66666666666666663,0.62222222222222223,0.48686449556014766,53,10,7,14,0.87906273620559339,0.76258425238688421,0.7578633698646382
linear_svm_balanced_ratio_preserved_noise_mcc_selected_true_pr_auc_v1,linear_svm_class_weight_balanced,linear_svm,C,75/25,2,clean,test,80/20,test,1,True,2716,76,7.1691649650165346,105,21,84,0.82857142857142863,0.76785714285714279,0.56000000000000005,0.66666666666666663,0.60869565217391308,0.50311529493745266,73,11,7,14,0.89965986394557829,0.71936267104634521,0.71132907426470604
linear_svm_balanced_ratio_preserved_noise_mcc_selected_true_pr_auc_v1,linear_svm_class_weight_balanced,linear_svm,C,75/25,2,clean,test,90/10,test,1,True,2716,76,7.3916096030152403,210,21,189,0.8571428571428571,0.77248677248677244,0.3783783783783784,0.66666666666666663,0.48275862068965519,0.42913314194946001,166,23,7,14,0.88687326782564879,0.52067296368248184,0.50982701943569342
linear_svm_balanced_ratio_preserved_noise_mcc_selected_true_pr_auc_v1,linear_svm_class_weight_balanced,linear_svm,C,75/25,2,random_flip_10,validation_selected_reproduction,75/25,valid,0.10000000000000001,True,2716,76,6.4201578279898968,76,19,57,0.82894736842105265,0.81578947368421051,0.625,0.78947368421052633,0.69767441860465118,0.58834840541455213,48,9,4,15,0.88088642659279781,0.78821135002031872,0.78348519614595524
linear_svm_balanced_ratio_preserved_noise_mcc_selected_true_pr_auc_v1,linear_svm_class_weight_balanced,linear_svm,C,75/25,2,random_flip_10,test,50/50,test,0.10000000000000001,True,2716,76,6.5268545569851995,42,21,21,0.83333333333333337,0.83333333333333326,0.88888888888888884,0.76190476190476186,0.82051282051282048,0.67357531405456339,19,2,5,16,0.86167800453514731,0.87531217890896262,0.8713911442562654
linear_svm_balanced_ratio_preserved_noise_mcc_selected_true_pr_auc_v1,linear_svm_class_weight_balanced,linear_svm,C,75/25,2,random_flip_10,test,60/40,test,0.10000000000000001,True,2716,76,6.6181107509764843,53,21,32,0.83018867924528306,0.81845238095238093,0.80000000000000004,0.76190476190476186,0.78048780487804881,0.64266872338949876,28,4,5,16,0.92113095238095233,0.9175572257461766,0.91611742083689629
linear_svm_balanced_ratio_preserved_noise_mcc_selected_true_pr_auc_v1,linear_svm_class_weight_balanced,linear_svm,C,75/25,2,random_flip_10,test,70/30,test,0.10000000000000001,True,2716,76,6.7355510389897972,70,21,49,0.80000000000000004,0.78911564625850339,0.64000000000000001,0.76190476190476186,0.69565217391304346,0.55301004133750209,40,9,5,16,0.8717201166180758,0.72660280665986732,0.7172806266532068
linear_svm_balanced_ratio_preserved_noise_mcc_selected_true_pr_auc_v1,linear_svm_class_weight_balanced,linear_svm,C,75/25,2,random_flip_10,test,75/25,test,0.10000000000000001,True,2716,76,6.8380072329891846,84,21,63,0.76190476190476186,0.76190476190476186,0.5161290322580645,0.76190476190476186,0.61538461538461542,0.47003968959987613,48,15,5,16,0.85638699924414219,0.72718104828306407,0.72054341852881687
linear_svm_balanced_ratio_preserved_noise_mcc_selected_true_pr_auc_v1,linear_svm_class_weight_balanced,linear_svm,C,75/25,2,random_flip_10,test,80/20,test,0.10000000000000001,True,2716,76,6.9493778759788256,105,21,84,0.80952380952380953,0.79166666666666663,0.5161290322580645,0.76190476190476186,0.61538461538461542,0.51152796052883553,69,15,5,16,0.88435374149659862,0.6550767175240384,0.64478381876558943
linear_svm_balanced_ratio_preserved_noise_mcc_selected_true_pr_auc_v1,linear_svm_class_weight_balanced,linear_svm,C,75/25,2,random_flip_10,test,90/10,test,0.10000000000000001,True,2716,76,7.1482433089986444,210,21,189,0.82380952380952377,0.79629629629629628,0.33333333333333331,0.76190476190476186,0.46376811594202899,0.42336859751808015,157,32,5,16,0.891156462585034,0.53693163084619988,0.52386856532773574
linear_svm_balanced_ratio_preserved_noise_mcc_selected_true_pr_auc_v1,linear_svm_class_weight_balanced,linear_svm,C,75/25,2,random_flip_20,validation_selected_reproduction,75/25,valid,0.10000000000000001,True,2716,76,6.2778368750005029,76,19,57,0.72368421052631582,0.71052631578947367,0.4642857142857143,0.68421052631578949,0.55319148936170215,0.37796447300922725,42,15,6,13,0.81994459833795008,0.64167694492723881,0.62935633687544668
linear_svm_balanced_ratio_preserved_noise_mcc_selected_true_pr_auc_v1,linear_svm_class_weight_balanced,linear_svm,C,75/25,2,random_flip_20,test,50/50,test,0.10000000000000001,True,2716,76,6.3839686409919523,42,21,21,0.76190476190476186,0.76190476190476186,0.76190476190476186,0.76190476190476186,0.76190476190476186,0.52380952380952384,16,5,5,16,0.75963718820861659,0.76937097699119406,0.76080415702383819
linear_svm_balanced_ratio_preserved_noise_mcc_selected_true_pr_auc_v1,linear_svm_class_weight_balanced,linear_svm,C,75/25,2,random_flip_20,test,60/40,test,0.10000000000000001,True,2716,76,6.4783167440036777,53,21,32,0.79245283018867929,0.78720238095238093,0.72727272727272729,0.76190476190476186,0.7441860465116279,0.57017803220524033,26,6,5,16,0.86160714285714279,0.86152830425478544,0.8589746910932976
linear_svm_balanced_ratio_preserved_noise_mcc_selected_true_pr_auc_v1,linear_svm_class_weight_balanced,linear_svm,C,75/25,2,random_flip_20,test,70/30,test,0.10000000000000001,True,2716,76,6.6145169310038909,70,21,49,0.84285714285714286,0.8197278911564625,0.72727272727272729,0.76190476190476186,0.7441860465116279,0.63122798848654782,43,6,5,16,0.84936831875607377,0.71354885671395052,0.7042269315471017
linear_svm_balanced_ratio_preserved_noise_mcc_selected_true_pr_auc_v1,linear_svm_class_weight_balanced,linear_svm,C,75/25,2,random_flip_20,test,75/25,test,0.10000000000000001,True,2716,76,6.725345921004191,84,21,63,0.77380952380952384,0.76984126984126977,0.53333333333333333,0.76190476190476186,0.62745098039215685,0.48770901396685989,49,14,5,16,0.81632653061224481,0.64892622041232473,0.63936159199677056
linear_svm_balanced_ratio_preserved_noise_mcc_selected_true_pr_auc_v1,linear_svm_class_weight_balanced,linear_svm,C,75/25,2,random_flip_20,test,80/20,test,0.10000000000000001,True,2716,76,6.8505648819846101,105,21,84,0.79047619047619044,0.77976190476190477,0.48484848484848486,0.76190476190476186,0.59259259259259256,0.4821083396690532,67,17,5,16,0.83786848072562359,0.60851889731952791,0.59816967624488293
linear_svm_balanced_ratio_preserved_noise_mcc_selected_true_pr_auc_v1,linear_svm_class_weight_balanced,linear_svm,C,75/25,2,random_flip_20,test,90/10,test,0.10000000000000001,True,2716,76,7.0714857269776985,210,21,189,0.81904761904761902,0.79365079365079361,0.32653061224489793,0.76190476190476186,0.45714285714285713,0.41657264329781035,156,33,5,16,0.8420256991685563,0.41280791660148625,0.39634070836202806
linear_svm_balanced_ratio_preserved_noise_mcc_selected_true_pr_auc_v1,linear_svm_class_weight_balanced,linear_svm,C,75/25,2,random_fp_10,validation_selected_reproduction,75/25,valid,1,True,3804,76,8.1079067109967582,76,19,57,0.82894736842105265,0.7807017543859649,0.65000000000000002,0.68421052631578949,0.66666666666666663,0.55205244747388338,50,7,6,13,0.83194829178208674,0.73287385976173147,0.72617999740726091
linear_svm_balanced_ratio_preserved_noise_mcc_selected_true_pr_auc_v1,linear_svm_class_weight_balanced,linear_svm,C,75/25,2,random_fp_10,test,50/50,test,1,True,3804,76,8.2150761099765077,42,21,21,0.83333333333333337,0.83333333333333326,0.9375,0.7142857142857143,0.81081081081081086,0.6864064729836441,20,1,6,15,0.8571428571428571,0.90360927471221597,0.90191691531112794
linear_svm_balanced_ratio_preserved_noise_mcc_selected_true_pr_auc_v1,linear_svm_class_weight_balanced,linear_svm,C,75/25,2,random_fp_10,test,60/40,test,1,True,3804,76,8.3015787279873621,53,21,32,0.79245283018867929,0.77901785714285721,0.75,0.7142857142857143,0.73170731707317072,0.56308591418472442,27,5,6,15,0.87946428571428559,0.87077097226483957,0.86833065047949987
linear_svm_balanced_ratio_preserved_noise_mcc_selected_true_pr_auc_v1,linear_svm_class_weight_balanced,linear_svm,C,75/25,2,random_fp_10,test,70/30,test,1,True,3804,76,8.4289468079805374,70,21,49,0.75714285714285712,0.74489795918367352,0.57692307692307687,0.7142857142857143,0.63829787234042556,0.46452579668325827,38,11,6,15,0.80855199222546159,0.53838768219020328,0.51563905622149331
linear_svm_balanced_ratio_preserved_noise_mcc_selected_true_pr_auc_v1,linear_svm_class_weight_balanced,linear_svm,C,75/25,2,random_fp_10,test,75/25,test,1,True,3804,76,8.5380387999757659,84,21,63,0.8214285714285714,0.7857142857142857,0.625,0.7142857142857143,0.66666666666666663,0.54772255750516607,54,9,6,15,0.8382464096749811,0.732039148215619,0.72690464731447246
linear_svm_balanced_ratio_preserved_noise_mcc_selected_true_pr_auc_v1,linear_svm_class_weight_balanced,linear_svm,C,75/25,2,random_fp_10,test,80/20,test,1,True,3804,76,8.645662998984335,105,21,84,0.83809523809523812,0.79166666666666674,0.57692307692307687,0.7142857142857143,0.63829787234042556,0.54058733250984259,73,11,6,15,0.86167800453514742,0.67522079457964224,0.66586989233792426
linear_svm_balanced_ratio_preserved_noise_mcc_selected_true_pr_auc_v1,linear_svm_class_weight_balanced,linear_svm,C,75/25,2,random_fp_10,test,90/10,test,1,True,3804,76,8.8444372300000396,210,21,189,0.83809523809523812,0.78306878306878303,0.34883720930232559,0.7142857142857143,0.46875,0.42089140739074438,161,28,6,15,0.84555303602922649,0.466075874557553,0.44192256528567975
linear_svm_balanced_ratio_preserved_noise_mcc_selected_true_pr_auc_v1,linear_svm_class_weight_balanced,linear_svm,C,75/25,2,random_fp_20,validation_selected_reproduction,75/25,valid,0.10000000000000001,True,4892,76,8.6813629349926487,76,19,57,0.78947368421052633,0.80701754385964908,0.55172413793103448,0.84210526315789469,0.66666666666666663,0.54734290022615395,44,13,3,16,0.88457987072945521,0.75864288313618133,0.75240341807111966
linear_svm_balanced_ratio_preserved_noise_mcc_selected_true_pr_auc_v1,linear_svm_class_weight_balanced,linear_svm,C,75/25,2,random_fp_20,test,50/50,test,0.10000000000000001,True,4892,76,8.7893949229910504,42,21,21,0.7142857142857143,0.7142857142857143,0.68000000000000005,0.80952380952380953,0.73913043478260865,0.43656412506539938,13,8,4,17,0.82993197278911557,0.88570033395301451,0.88369309771605442
linear_svm_balanced_ratio_preserved_noise_mcc_selected_true_pr_auc_v1,linear_svm_class_weight_balanced,linear_svm,C,75/25,2,random_fp_20,test,60/40,test,0.10000000000000001,True,4892,76,8.879854439990595,53,21,32,0.81132075471698117,0.81101190476190477,0.73913043478260865,0.80952380952380953,0.77272727272727271,0.6138568406737519,26,6,4,17,0.88541666666666674,0.8856368434968469,0.88362611809978531
linear_svm_balanced_ratio_preserved_noise_mcc_selected_true_pr_auc_v1,linear_svm_class_weight_balanced,linear_svm,C,75/25,2,random_fp_20,test,70/30,test,0.10000000000000001,True,4892,76,9.0090381799964234,70,21,49,0.81428571428571428,0.81292517006802723,0.65384615384615385,0.80952380952380953,0.72340425531914898,0.59356074020638561,40,9,4,17,0.81632653061224492,0.61290223054186543,0.59566233155348192
linear_svm_balanced_ratio_preserved_noise_mcc_selected_true_pr_auc_v1,linear_svm_class_weight_balanced,linear_svm,C,75/25,2,random_fp_20,test,75/25,test,0.10000000000000001,True,4892,76,9.1285338930028956,84,21,63,0.72619047619047616,0.75396825396825395,0.47222222222222221,0.80952380952380953,0.59649122807017541,0.44444444444444442,44,19,4,17,0.8458049886621315,0.70662731738771667,0.69967504370333944
linear_svm_balanced_ratio_preserved_noise_mcc_selected_true_pr_auc_v1,linear_svm_class_weight_balanced,linear_svm,C,75/25,2,random_fp_20,test,80/20,test,0.10000000000000001,True,4892,76,9.2491004809853621,105,21,84,0.79047619047619044,0.79761904761904767,0.48571428571428571,0.80952380952380953,0.6071428571428571,0.50507627227610541,66,18,4,17,0.85487528344671204,0.66095574476298369,0.65341803136797982
linear_svm_balanced_ratio_preserved_noise_mcc_selected_true_pr_auc_v1,linear_svm_class_weight_balanced,linear_svm,C,75/25,2,random_fp_20,test,90/10,test,0.10000000000000001,True,4892,76,9.4695757059962489,210,21,189,0.77619047619047621,0.79100529100529093,0.28333333333333333,0.80952380952380953,0.41975308641975306,0.38650060290946858,146,43,4,17,0.8493323255228018,0.47936030624373571,0.46339167471443232
linear_svm_balanced_ratio_preserved_noise_mcc_selected_true_pr_auc_v1,linear_svm_class_weight_balanced,linear_svm,C,75/25,2,heuristic_fp_10,validation_selected_reproduction,75/25,valid,1,True,3804,76,7.9806581439916044,76,19,57,0.86842105263157898,0.82456140350877183,0.73684210526315785,0.73684210526315785,0.73684210526315785,0.64912280701754388,52,5,5,14,0.91228070175438591,0.85031406781712748,0.84757979482719192
linear_svm_balanced_ratio_preserved_noise_mcc_selected_true_pr_auc_v1,linear_svm_class_weight_balanced,linear_svm,C,75/25,2,heuristic_fp_10,test,50/50,test,1,True,3804,76,8.0843437359726522,42,21,21,0.8571428571428571,0.85714285714285721,0.89473684210526316,0.80952380952380953,0.84999999999999998,0.71754730985240978,19,2,4,17,0.94557823129251695,0.95643871583721207,0.95553170797940346
linear_svm_balanced_ratio_preserved_noise_mcc_selected_true_pr_auc_v1,linear_svm_class_weight_balanced,linear_svm,C,75/25,2,heuristic_fp_10,test,60/40,test,1,True,3804,76,8.1738882819772698,53,21,32,0.79245283018867929,0.79538690476190477,0.70833333333333337,0.80952380952380953,0.75555555555555554,0.58049869858001624,25,7,4,17,0.87351190476190477,0.77411175418236622,0.7496095745335728
linear_svm_balanced_ratio_preserved_noise_mcc_selected_true_pr_auc_v1,linear_svm_class_weight_balanced,linear_svm,C,75/25,2,heuristic_fp_10,test,70/30,test,1,True,3804,76,8.3025610399781726,70,21,49,0.80000000000000004,0.80272108843537415,0.62962962962962965,0.80952380952380953,0.70833333333333337,0.56998607972974347,39,10,4,17,0.88824101068999028,0.71276298689735129,0.68639385167852773
linear_svm_balanced_ratio_preserved_noise_mcc_selected_true_pr_auc_v1,linear_svm_class_weight_balanced,linear_svm,C,75/25,2,heuristic_fp_10,test,75/25,test,1,True,3804,76,8.422639166994486,84,21,63,0.80952380952380953,0.80952380952380953,0.58620689655172409,0.80952380952380953,0.68000000000000005,0.56379813635555209,51,12,4,17,0.8835978835978836,0.77372679410119605,0.76877557441980926
linear_svm_balanced_ratio_preserved_noise_mcc_selected_true_pr_auc_v1,linear_svm_class_weight_balanced,linear_svm,C,75/25,2,heuristic_fp_10,test,80/20,test,1,True,3804,76,8.5394490709877573,105,21,84,0.84761904761904761,0.83333333333333326,0.58620689655172409,0.80952380952380953,0.68000000000000005,0.59642005197922698,72,12,4,17,0.91156462585034015,0.79792237308994318,0.79420590984053185
linear_svm_balanced_ratio_preserved_noise_mcc_selected_true_pr_auc_v1,linear_svm_class_weight_balanced,linear_svm,C,75/25,2,heuristic_fp_10,test,90/10,test,1,True,3804,76,8.7352371249871794,210,21,189,0.80476190476190479,0.80687830687830686,0.31481481481481483,0.80952380952380953,0.45333333333333331,0.42128651251906202,152,37,4,17,0.89241622574955903,0.47939787568355263,0.45427632849759836
linear_svm_balanced_ratio_preserved_noise_mcc_selected_true_pr_auc_v1,linear_svm_class_weight_balanced,linear_svm,C,75/25,2,heuristic_fp_20,validation_selected_reproduction,75/25,valid,10,True,4892,76,11.181831435009371,76,19,57,0.86842105263157898,0.82456140350877183,0.73684210526315785,0.73684210526315785,0.73684210526315785,0.64912280701754388,52,5,5,14,0.89012003693444142,0.79367802981512736,0.78775966641085748
linear_svm_balanced_ratio_preserved_noise_mcc_selected_true_pr_auc_v1,linear_svm_class_weight_balanced,linear_svm,C,75/25,2,heuristic_fp_20,test,50/50,test,10,True,4892,76,11.284827600989956,42,21,21,0.69047619047619047,0.69047619047619047,0.68181818181818177,0.7142857142857143,0.69767441860465118,0.38138503569823695,14,7,6,15,0.82766439909297052,0.85983447158122983,0.85681425335960681
linear_svm_balanced_ratio_preserved_noise_mcc_selected_true_pr_auc_v1,linear_svm_class_weight_balanced,linear_svm,C,75/25,2,heuristic_fp_20,test,60/40,test,10,True,4892,76,11.37740428399411,53,21,32,0.73584905660377353,0.73214285714285721,0.65217391304347827,0.7142857142857143,0.68181818181818177,0.45818979495265688,24,8,6,15,0.7678571428571429,0.57763837303532872,0.55281768382673468
linear_svm_balanced_ratio_preserved_noise_mcc_selected_true_pr_auc_v1,linear_svm_class_weight_balanced,linear_svm,C,75/25,2,heuristic_fp_20,test,70/30,test,10,True,4892,76,11.517601189989364,70,21,49,0.77142857142857146,0.75510204081632648,0.59999999999999998,0.7142857142857143,0.65217391304347827,0.48795003647426655,39,10,6,15,0.82118561710398441,0.58489731235444342,0.56030536698157496
linear_svm_balanced_ratio_preserved_noise_mcc_selected_true_pr_auc_v1,linear_svm_class_weight_balanced,linear_svm,C,75/25,2,heuristic_fp_20,test,75/25,test,10,True,4892,76,11.634978285990655,84,21,63,0.73809523809523814,0.73015873015873023,0.4838709677419355,0.7142857142857143,0.57692307692307687,0.41306518176958812,47,16,6,15,0.79289493575207859,0.55112902865119295,0.53379108449258872
linear_svm_balanced_ratio_preserved_noise_mcc_selected_true_pr_auc_v1,linear_svm_class_weight_balanced,linear_svm,C,75/25,2,heuristic_fp_20,test,80/20,test,10,True,4892,76,11.757222260988783,105,21,84,0.82857142857142863,0.7857142857142857,0.55555555555555558,0.7142857142857143,0.625,0.52297636036849071,72,12,6,15,0.86734693877551028,0.59451378701617319,0.57039078503034035
linear_svm_balanced_ratio_preserved_noise_mcc_selected_true_pr_auc_v1,linear_svm_class_weight_balanced,linear_svm,C,75/25,2,heuristic_fp_20,test,90/10,test,10,True,4892,76,11.987831721984548,210,21,189,0.77142857142857146,0.74603174603174605,0.26315789473684209,0.7142857142857143,0.38461538461538464,0.33195449253833836,147,42,6,15,0.80750818846056938,0.24933666862491843,0.23364327027838366
linear_svm_balanced_ratio_preserved_noise_mcc_selected_true_pr_auc_v1,linear_svm_class_weight_balanced,linear_svm,C,75/25,3,clean,validation_selected_reproduction,75/25,valid,1,True,2716,76,6.6600962359807454,76,19,57,0.82894736842105265,0.79824561403508776,0.63636363636363635,0.73684210526315785,0.68292682926829273,0.56952142864688682,49,8,5,14,0.84118190212373034,0.72177278506060571,0.71409989792510742
linear_svm_balanced_ratio_preserved_noise_mcc_selected_true_pr_auc_v1,linear_svm_class_weight_balanced,linear_svm,C,75/25,3,clean,test,50/50,test,1,True,2716,76,6.7375468729878776,42,21,21,0.80952380952380953,0.80952380952380953,0.88235294117647056,0.7142857142857143,0.78947368421052633,0.63059262509446579,19,2,6,15,0.87074829931972786,0.83659614294386198,0.82473437171075226
linear_svm_balanced_ratio_preserved_noise_mcc_selected_true_pr_auc_v1,linear_svm_class_weight_balanced,linear_svm,C,75/25,3,clean,test,60/40,test,1,True,2716,76,6.8407841239823028,53,21,32,0.81132075471698117,0.79464285714285721,0.78947368421052633,0.7142857142857143,0.75,0.60102742638844608,28,4,6,15,0.87648809523809523,0.87136824434514759,0.8689345727286315
linear_svm_balanced_ratio_preserved_noise_mcc_selected_true_pr_auc_v1,linear_svm_class_weight_balanced,linear_svm,C,75/25,3,clean,test,70/30,test,1,True,2716,76,6.9542000729998108,70,21,49,0.82857142857142863,0.79591836734693877,0.7142857142857143,0.7142857142857143,0.7142857142857143,0.59183673469387754,43,6,6,15,0.87949465500485902,0.84164676273796868,0.83909710964271289
linear_svm_balanced_ratio_preserved_noise_mcc_selected_true_pr_auc_v1,linear_svm_class_weight_balanced,linear_svm,C,75/25,3,clean,test,75/25,test,1,True,2716,76,7.0869200110028032,84,21,63,0.83333333333333337,0.79365079365079372,0.65217391304347827,0.7142857142857143,0.68181818181818177,0.5703116736349898,55,8,6,15,0.85411942554799691,0.65485980842408598,0.63884321255081722
linear_svm_balanced_ratio_preserved_noise_mcc_selected_true_pr_auc_v1,linear_svm_class_weight_balanced,linear_svm,C,75/25,3,clean,test,80/20,test,1,True,2716,76,7.2276471179793589,105,21,84,0.80952380952380953,0.77380952380952384,0.51724137931034486,0.7142857142857143,0.59999999999999998,0.48991647126865073,70,14,6,15,0.85600907029478457,0.6278559384633553,0.61543243988606355
linear_svm_balanced_ratio_preserved_noise_mcc_selected_true_pr_auc_v1,linear_svm_class_weight_balanced,linear_svm,C,75/25,3,clean,test,90/10,test,1,True,2716,76,7.4652842259965837,210,21,189,0.88095238095238093,0.80687830687830686,0.44117647058823528,0.7142857142857143,0.54545454545454541,0.49985143366185181,170,19,6,15,0.88233812043335857,0.58690436608332264,0.57162946025617878
linear_svm_balanced_ratio_preserved_noise_mcc_selected_true_pr_auc_v1,linear_svm_class_weight_balanced,linear_svm,C,75/25,3,random_flip_10,validation_selected_reproduction,75/25,valid,1,True,2716,76,6.9538262950081844,76,19,57,0.81578947368421051,0.77192982456140347,0.61904761904761907,0.68421052631578949,0.65000000000000002,0.52663543115221301,49,8,6,13,0.79316712834718373,0.55804157067059901,0.53149468119898224
linear_svm_balanced_ratio_preserved_noise_mcc_selected_true_pr_auc_v1,linear_svm_class_weight_balanced,linear_svm,C,75/25,3,random_flip_10,test,50/50,test,1,True,2716,76,7.0353841430041939,42,21,21,0.7142857142857143,0.71428571428571419,0.73684210526315785,0.66666666666666663,0.69999999999999996,0.43052838591144588,16,5,7,14,0.80045351473922899,0.77740584753412922,0.76419739733536107
linear_svm_balanced_ratio_preserved_noise_mcc_selected_true_pr_auc_v1,linear_svm_class_weight_balanced,linear_svm,C,75/25,3,random_flip_10,test,60/40,test,1,True,2716,76,7.1424317990022246,53,21,32,0.81132075471698117,0.78645833333333326,0.82352941176470584,0.66666666666666663,0.73684210526315785,0.60034428666160644,29,3,7,14,0.8526785714285714,0.83322763598821403,0.82907888296111665
linear_svm_balanced_ratio_preserved_noise_mcc_selected_true_pr_auc_v1,linear_svm_class_weight_balanced,linear_svm,C,75/25,3,random_flip_10,test,70/30,test,1,True,2716,76,7.2657293679949362,70,21,49,0.87142857142857144,0.81292517006802711,0.875,0.66666666666666663,0.7567567567567568,0.68300095155397345,47,2,7,14,0.88629737609329451,0.84485992079896044,0.84212268138525248
linear_svm_balanced_ratio_preserved_noise_mcc_selected_true_pr_auc_v1,linear_svm_class_weight_balanced,linear_svm,C,75/25,3,random_flip_10,test,75/25,test,1,True,2716,76,7.406064165988937,84,21,63,0.80952380952380953,0.76190476190476186,0.60869565217391308,0.66666666666666663,0.63636363636363635,0.5086563575663422,54,9,7,14,0.81934996220710499,0.62179245894022628,0.59533550471086938
linear_svm_balanced_ratio_preserved_noise_mcc_selected_true_pr_auc_v1,linear_svm_class_weight_balanced,linear_svm,C,75/25,3,random_flip_10,test,80/20,test,1,True,2716,76,7.557080622005742,105,21,84,0.80000000000000004,0.75,0.5,0.66666666666666663,0.5714285714285714,0.45226701686664544,70,14,7,14,0.83390022675736963,0.61979090229470857,0.61068884386896594
linear_svm_balanced_ratio_preserved_noise_mcc_selected_true_pr_auc_v1,linear_svm_class_weight_balanced,linear_svm,C,75/25,3,random_flip_10,test,90/10,test,1,True,2716,76,7.7997316620021593,210,21,189,0.83809523809523812,0.76190476190476186,0.34146341463414637,0.66666666666666663,0.45161290322580644,0.39644108787107696,162,27,7,14,0.84353741496598633,0.50034340490092788,0.49140602995481641
linear_svm_balanced_ratio_preserved_noise_mcc_selected_true_pr_auc_v1,linear_svm_class_weight_balanced,linear_svm,C,75/25,3,random_flip_20,validation_selected_reproduction,75/25,valid,0.10000000000000001,True,2716,76,6.4641580889874604,76,19,57,0.75,0.74561403508771928,0.5,0.73684210526315785,0.5957446808510638,0.44095855184409843,43,14,5,14,0.82917820867959369,0.71859732568961476,0.71291921313828999
linear_svm_balanced_ratio_preserved_noise_mcc_selected_true_pr_auc_v1,linear_svm_class_weight_balanced,linear_svm,C,75/25,3,random_flip_20,test,50/50,test,0.10000000000000001,True,2716,76,6.5410481329890899,42,21,21,0.7142857142857143,0.71428571428571419,0.73684210526315785,0.66666666666666663,0.69999999999999996,0.43052838591144588,16,5,7,14,0.7891156462585035,0.74063314609100439,0.71503156126783596
linear_svm_balanced_ratio_preserved_noise_mcc_selected_true_pr_auc_v1,linear_svm_class_weight_balanced,linear_svm,C,75/25,3,random_flip_20,test,60/40,test,0.10000000000000001,True,2716,76,6.636181833979208,53,21,32,0.71698113207547165,0.70833333333333326,0.63636363636363635,0.66666666666666663,0.65116279069767447,0.41360064512297223,24,8,7,14,0.7544642857142857,0.67163450268035718,0.65630073301291869
linear_svm_balanced_ratio_preserved_noise_mcc_selected_true_pr_auc_v1,linear_svm_class_weight_balanced,linear_svm,C,75/25,3,random_flip_20,test,70/30,test,0.10000000000000001,True,2716,76,6.7321267329971306,70,21,49,0.7142857142857143,0.70068027210884354,0.51851851851851849,0.66666666666666663,0.58333333333333337,0.37785594049499843,36,13,7,14,0.74927113702623904,0.60978606203166197,0.59949403684892966
linear_svm_balanced_ratio_preserved_noise_mcc_selected_true_pr_auc_v1,linear_svm_class_weight_balanced,linear_svm,C,75/25,3,random_flip_20,test,75/25,test,0.10000000000000001,True,2716,76,6.8454808490059804,84,21,63,0.75,0.72222222222222221,0.5,0.66666666666666663,0.5714285714285714,0.40824829046386302,49,14,7,14,0.79516250944822375,0.49914188863467401,0.4694572065024592
linear_svm_balanced_ratio_preserved_noise_mcc_selected_true_pr_auc_v1,linear_svm_class_weight_balanced,linear_svm,C,75/25,3,random_flip_20,test,80/20,test,0.10000000000000001,True,2716,76,6.9596811450028326,105,21,84,0.80000000000000004,0.75,0.5,0.66666666666666663,0.5714285714285714,0.45226701686664544,70,14,7,14,0.80442176870748305,0.48960519104732203,0.46480771663758685
linear_svm_balanced_ratio_preserved_noise_mcc_selected_true_pr_auc_v1,linear_svm_class_weight_balanced,linear_svm,C,75/25,3,random_flip_20,test,90/10,test,0.10000000000000001,True,2716,76,7.1490798669983633,210,21,189,0.81428571428571428,0.74867724867724861,0.30434782608695654,0.66666666666666663,0.41791044776119401,0.36074951759582813,157,32,7,14,0.79667422524565379,0.30729580098146148,0.28637549131954831
linear_svm_balanced_ratio_preserved_noise_mcc_selected_true_pr_auc_v1,linear_svm_class_weight_balanced,linear_svm,C,75/25,3,random_fp_10,validation_selected_reproduction,75/25,valid,0.10000000000000001,True,3804,76,8.1823427710041869,76,19,57,0.78947368421052633,0.78947368421052633,0.55555555555555558,0.78947368421052633,0.65217391304347827,0.52380952380952384,45,12,4,15,0.84856879039704525,0.69859764935771329,0.68918756036981854
linear_svm_balanced_ratio_preserved_noise_mcc_selected_true_pr_auc_v1,linear_svm_class_weight_balanced,linear_svm,C,75/25,3,random_fp_10,test,50/50,test,0.10000000000000001,True,3804,76,8.2586436920100823,42,21,21,0.80952380952380953,0.80952380952380953,0.80952380952380953,0.80952380952380953,0.80952380952380953,0.61904761904761907,17,4,4,17,0.85941043083900226,0.85370242490058157,0.84834654450053448
linear_svm_balanced_ratio_preserved_noise_mcc_selected_true_pr_auc_v1,linear_svm_class_weight_balanced,linear_svm,C,75/25,3,random_fp_10,test,60/40,test,0.10000000000000001,True,3804,76,8.3598728580109309,53,21,32,0.83018867924528306,0.82663690476190477,0.77272727272727271,0.80952380952380953,0.79069767441860461,0.64846672574637432,27,5,4,17,0.86160714285714279,0.84171487473326212,0.83812102588216431
linear_svm_balanced_ratio_preserved_noise_mcc_selected_true_pr_auc_v1,linear_svm_class_weight_balanced,linear_svm,C,75/25,3,random_fp_10,test,70/30,test,0.10000000000000001,True,3804,76,8.4763037340017036,70,21,49,0.7857142857142857,0.79251700680272108,0.6071428571428571,0.80952380952380953,0.69387755102040816,0.54724920963020229,38,11,4,17,0.84548104956268222,0.77427963598664284,0.76971522470148668
linear_svm_balanced_ratio_preserved_noise_mcc_selected_true_pr_auc_v1,linear_svm_class_weight_balanced,linear_svm,C,75/25,3,random_fp_10,test,75/25,test,0.10000000000000001,True,3804,76,8.6038966280175373,84,21,63,0.75,0.76984126984126977,0.5,0.80952380952380953,0.61818181818181817,0.4760952285695233,46,17,4,17,0.83522297808012091,0.62806480097007644,0.61731034246392968
linear_svm_balanced_ratio_preserved_noise_mcc_selected_true_pr_auc_v1,linear_svm_class_weight_balanced,linear_svm,C,75/25,3,random_fp_10,test,80/20,test,0.10000000000000001,True,3804,76,8.7298655660124496,105,21,84,0.74285714285714288,0.76785714285714279,0.42499999999999999,0.80952380952380953,0.55737704918032782,0.44126130406091407,61,23,4,17,0.84183673469387754,0.62179282284560311,0.61204841734672466
linear_svm_balanced_ratio_preserved_noise_mcc_selected_true_pr_auc_v1,linear_svm_class_weight_balanced,linear_svm,C,75/25,3,random_fp_10,test,90/10,test,0.10000000000000001,True,3804,76,8.96976643402013,210,21,189,0.79523809523809519,0.80158730158730163,0.30357142857142855,0.80952380952380953,0.44155844155844154,0.40919396764125066,150,39,4,17,0.85865457294028724,0.52972980681194071,0.51969718289680189
linear_svm_balanced_ratio_preserved_noise_mcc_selected_true_pr_auc_v1,linear_svm_class_weight_balanced,linear_svm,C,75/25,3,random_fp_20,validation_selected_reproduction,75/25,valid,0.10000000000000001,True,4892,76,9.5453191540145781,76,19,57,0.78947368421052633,0.78947368421052633,0.55555555555555558,0.78947368421052633,0.65217391304347827,0.52380952380952384,45,12,4,15,0.82179132040627889,0.68499331954421772,0.67619087788937504
linear_svm_balanced_ratio_preserved_noise_mcc_selected_true_pr_auc_v1,linear_svm_class_weight_balanced,linear_svm,C,75/25,3,random_fp_20,test,50/50,test,0.10000000000000001,True,4892,76,9.6289570580120198,42,21,21,0.76190476190476186,0.76190476190476186,0.73913043478260865,0.80952380952380953,0.77272727272727271,0.52620136055843392,15,6,4,17,0.84353741496598633,0.84313494723269167,0.83787859648766716
linear_svm_balanced_ratio_preserved_noise_mcc_selected_true_pr_auc_v1,linear_svm_class_weight_balanced,linear_svm,C,75/25,3,random_fp_20,test,60/40,test,0.10000000000000001,True,4892,76,9.7364648949878756,53,21,32,0.81132075471698117,0.81101190476190477,0.73913043478260865,0.80952380952380953,0.77272727272727271,0.6138568406737519,26,6,4,17,0.8526785714285714,0.81754748853324921,0.81231836872863794
linear_svm_balanced_ratio_preserved_noise_mcc_selected_true_pr_auc_v1,linear_svm_class_weight_balanced,linear_svm,C,75/25,3,random_fp_20,test,70/30,test,0.10000000000000001,True,4892,76,9.8674432949919719,70,21,49,0.77142857142857146,0.78231292517006801,0.58620689655172409,0.80952380952380953,0.68000000000000005,0.52526385619714755,37,12,4,17,0.86297376093294453,0.79880453990268885,0.79379956813399843
linear_svm_balanced_ratio_preserved_noise_mcc_selected_true_pr_auc_v1,linear_svm_class_weight_balanced,linear_svm,C,75/25,3,random_fp_20,test,75/25,test,0.10000000000000001,True,4892,76,9.9969933230022434,84,21,63,0.77380952380952384,0.7857142857142857,0.53125,0.80952380952380953,0.64150943396226412,0.50952466536506802,48,15,4,17,0.83824640967498121,0.64443103634832966,0.63175560248722906
linear_svm_balanced_ratio_preserved_noise_mcc_selected_true_pr_auc_v1,linear_svm_class_weight_balanced,linear_svm,C,75/25,3,random_fp_20,test,80/20,test,0.10000000000000001,True,4892,76,10.131837488996098,105,21,84,0.72380952380952379,0.75595238095238093,0.40476190476190477,0.80952380952380953,0.53968253968253965,0.41796848785585972,59,25,4,17,0.8458049886621315,0.63631994148515436,0.62641385824708262
linear_svm_balanced_ratio_preserved_noise_mcc_selected_true_pr_auc_v1,linear_svm_class_weight_balanced,linear_svm,C,75/25,3,random_fp_20,test,90/10,test,0.10000000000000001,True,4892,76,10.353256534988759,210,21,189,0.77619047619047621,0.79100529100529093,0.28333333333333333,0.80952380952380953,0.41975308641975306,0.38650060290946858,146,43,4,17,0.8606701940035274,0.58691605054635843,0.57771249136650693
linear_svm_balanced_ratio_preserved_noise_mcc_selected_true_pr_auc_v1,linear_svm_class_weight_balanced,linear_svm,C,75/25,3,heuristic_fp_10,validation_selected_reproduction,75/25,valid,1,True,3804,76,8.3523293200123589,76,19,57,0.81578947368421051,0.78947368421052633,0.60869565217391308,0.73684210526315785,0.66666666666666663,0.54569686615307433,48,9,5,14,0.8734995383194829,0.74291846156926966,0.73613926182005196
linear_svm_balanced_ratio_preserved_noise_mcc_selected_true_pr_auc_v1,linear_svm_class_weight_balanced,linear_svm,C,75/25,3,heuristic_fp_10,test,50/50,test,1,True,3804,76,8.4364930760057177,42,21,21,0.88095238095238093,0.88095238095238093,0.94444444444444442,0.80952380952380953,0.87179487179487181,0.76980035891950105,20,1,4,17,0.88888888888888884,0.86880273955308573,0.86129788945667585
linear_svm_balanced_ratio_preserved_noise_mcc_selected_true_pr_auc_v1,linear_svm_class_weight_balanced,linear_svm,C,75/25,3,heuristic_fp_10,test,60/40,test,1,True,3804,76,8.5429504600178916,53,21,32,0.79245283018867929,0.79538690476190477,0.70833333333333337,0.80952380952380953,0.75555555555555554,0.58049869858001624,25,7,4,17,0.88244047619047616,0.87530149910892541,0.87267097742131461
linear_svm_balanced_ratio_preserved_noise_mcc_selected_true_pr_auc_v1,linear_svm_class_weight_balanced,linear_svm,C,75/25,3,heuristic_fp_10,test,70/30,test,1,True,3804,76,8.6641736520105042,70,21,49,0.7857142857142857,0.79251700680272108,0.6071428571428571,0.80952380952380953,0.69387755102040816,0.54724920963020229,38,11,4,17,0.86880466472303197,0.78652506501885422,0.7820788086189292
linear_svm_balanced_ratio_preserved_noise_mcc_selected_true_pr_auc_v1,linear_svm_class_weight_balanced,linear_svm,C,75/25,3,heuristic_fp_10,test,75/25,test,1,True,3804,76,8.7884664930170402,84,21,63,0.79761904761904767,0.80158730158730163,0.56666666666666665,0.80952380952380953,0.66666666666666663,0.54508654502178455,50,13,4,17,0.84807256235827666,0.59463169080115863,0.56563343830517321
linear_svm_balanced_ratio_preserved_noise_mcc_selected_true_pr_auc_v1,linear_svm_class_weight_balanced,linear_svm,C,75/25,3,heuristic_fp_10,test,80/20,test,1,True,3804,76,8.9280417539994232,105,21,84,0.77142857142857146,0.7857142857142857,0.45945945945945948,0.80952380952380953,0.58620689655172409,0.47847133369734002,64,20,4,17,0.84977324263038545,0.57269363295500719,0.54835903486159676
linear_svm_balanced_ratio_preserved_noise_mcc_selected_true_pr_auc_v1,linear_svm_class_weight_balanced,linear_svm,C,75/25,3,heuristic_fp_10,test,90/10,test,1,True,3804,76,9.1567702630127314,210,21,189,0.85238095238095235,0.83333333333333326,0.38636363636363635,0.80952380952380953,0.52307692307692311,0.49143819606095446,162,27,4,17,0.89040060468631899,0.62782882392272132,0.62002719863583711
linear_svm_balanced_ratio_preserved_noise_mcc_selected_true_pr_auc_v1,linear_svm_class_weight_balanced,linear_svm,C,75/25,3,heuristic_fp_20,validation_selected_reproduction,75/25,valid,1,True,4892,76,9.6095591060002334,76,19,57,0.81578947368421051,0.78947368421052633,0.60869565217391308,0.73684210526315785,0.66666666666666663,0.54569686615307433,48,9,5,14,0.82086795937211454,0.65495269031345216,0.64273301054904386
linear_svm_balanced_ratio_preserved_noise_mcc_selected_true_pr_auc_v1,linear_svm_class_weight_balanced,linear_svm,C,75/25,3,heuristic_fp_20,test,50/50,test,1,True,4892,76,9.6890434779925272,42,21,21,0.7857142857142857,0.7857142857142857,0.77272727272727271,0.80952380952380953,0.79069767441860461,0.57207755354735534,16,5,4,17,0.85941043083900226,0.86479865688027235,0.85998158591609331
linear_svm_balanced_ratio_preserved_noise_mcc_selected_true_pr_auc_v1,linear_svm_class_weight_balanced,linear_svm,C,75/25,3,heuristic_fp_20,test,60/40,test,1,True,4892,76,9.789081177994376,53,21,32,0.75471698113207553,0.76413690476190477,0.65384615384615385,0.80952380952380953,0.72340425531914898,0.51686266255039026,23,9,4,17,0.84375,0.81130622935300845,0.80640628152621852
linear_svm_balanced_ratio_preserved_noise_mcc_selected_true_pr_auc_v1,linear_svm_class_weight_balanced,linear_svm,C,75/25,3,heuristic_fp_20,test,70/30,test,1,True,4892,76,9.8960131919884589,70,21,49,0.7142857142857143,0.74149659863945572,0.51515151515151514,0.80952380952380953,0.62962962962962965,0.44339507958388152,33,16,4,17,0.83381924198250723,0.61627772214806908,0.59188661410643428
linear_svm_balanced_ratio_preserved_noise_mcc_selected_true_pr_auc_v1,linear_svm_class_weight_balanced,linear_svm,C,75/25,3,heuristic_fp_20,test,75/25,test,1,True,4892,76,10.012377145001665,84,21,63,0.76190476190476186,0.77777777777777779,0.51515151515151514,0.80952380952380953,0.62962962962962965,0.49256705274087387,47,16,4,17,0.84731670445956153,0.57865916120032057,0.55629719982546177
linear_svm_balanced_ratio_preserved_noise_mcc_selected_true_pr_auc_v1,linear_svm_class_weight_balanced,linear_svm,C,75/25,3,heuristic_fp_20,test,80/20,test,1,True,4892,76,10.146056784986285,105,21,84,0.75238095238095237,0.77380952380952384,0.4358974358974359,0.80952380952380953,0.56666666666666665,0.45333950359163006,62,22,4,17,0.81235827664399085,0.43838902382665956,0.41526135590737678
linear_svm_balanced_ratio_preserved_noise_mcc_selected_true_pr_auc_v1,linear_svm_class_weight_balanced,linear_svm,C,75/25,3,heuristic_fp_20,test,90/10,test,1,True,4892,76,10.363515892997384,210,21,189,0.82380952380952377,0.81746031746031744,0.34000000000000002,0.80952380952380953,0.47887323943661969,0.44721359549995798,156,33,4,17,0.87503149407911318,0.40363542078338421,0.38255538815837836
linear_svm_balanced_ratio_preserved_noise_mcc_selected_true_pr_auc_v1,linear_svm_class_weight_balanced,linear_svm,C,75/25,4,clean,validation_selected_reproduction,75/25,valid,1,True,2716,76,7.0251605049998034,76,19,57,0.81578947368421051,0.78947368421052633,0.60869565217391308,0.73684210526315785,0.66666666666666663,0.54569686615307433,48,9,5,14,0.84487534626038774,0.77951216149749047,0.77564420347626872
linear_svm_balanced_ratio_preserved_noise_mcc_selected_true_pr_auc_v1,linear_svm_class_weight_balanced,linear_svm,C,75/25,4,clean,test,50/50,test,1,True,2716,76,7.1073496169992723,42,21,21,0.7857142857142857,0.7857142857142857,0.83333333333333337,0.7142857142857143,0.76923076923076927,0.57735026918962573,18,3,6,15,0.85941043083900226,0.89111932129173521,0.88889103433716632
linear_svm_balanced_ratio_preserved_noise_mcc_selected_true_pr_auc_v1,linear_svm_class_weight_balanced,linear_svm,C,75/25,4,clean,test,60/40,test,1,True,2716,76,7.2525816640118137,53,21,32,0.81132075471698117,0.79464285714285721,0.78947368421052633,0.7142857142857143,0.75,0.60102742638844608,28,4,6,15,0.87202380952380953,0.85344361168195393,0.85029857015853816
linear_svm_balanced_ratio_preserved_noise_mcc_selected_true_pr_auc_v1,linear_svm_class_weight_balanced,linear_svm,C,75/25,4,clean,test,70/30,test,1,True,2716,76,7.3505521980114281,70,21,49,0.80000000000000004,0.77551020408163263,0.65217391304347827,0.7142857142857143,0.68181818181818177,0.53760404102768633,41,8,6,15,0.83090379008746351,0.78120677256542903,0.77772770427848337
linear_svm_balanced_ratio_preserved_noise_mcc_selected_true_pr_auc_v1,linear_svm_class_weight_balanced,linear_svm,C,75/25,4,clean,test,75/25,test,1,True,2716,76,7.4709243620163761,84,21,63,0.80952380952380953,0.77777777777777779,0.59999999999999998,0.7142857142857143,0.65217391304347827,0.52615221960198022,53,10,6,15,0.87603930461073309,0.78534489447453959,0.78159142194128828
linear_svm_balanced_ratio_preserved_noise_mcc_selected_true_pr_auc_v1,linear_svm_class_weight_balanced,linear_svm,C,75/25,4,clean,test,80/20,test,1,True,2716,76,7.587987201026408,105,21,84,0.89523809523809528,0.82738095238095233,0.75,0.7142857142857143,0.73170731707317072,0.66697296884991575,79,5,6,15,0.88265306122448972,0.76696538482621346,0.76261946462619035
linear_svm_balanced_ratio_preserved_noise_mcc_selected_true_pr_auc_v1,linear_svm_class_weight_balanced,linear_svm,C,75/25,4,clean,test,90/10,test,1,True,2716,76,7.807479774026433,210,21,189,0.85238095238095235,0.79100529100529093,0.375,0.7142857142857143,0.49180327868852458,0.44464864589994374,164,25,6,15,0.85386747291509202,0.48747860855467318,0.47097163700584849
linear_svm_balanced_ratio_preserved_noise_mcc_selected_true_pr_auc_v1,linear_svm_class_weight_balanced,linear_svm,C,75/25,4,random_flip_10,validation_selected_reproduction,75/25,valid,0.10000000000000001,True,2716,76,6.6075249749992508,76,19,57,0.82894736842105265,0.81578947368421051,0.625,0.78947368421052633,0.69767441860465118,0.58834840541455213,48,9,4,15,0.84672206832871644,0.79511896848360797,0.79154681502169177
linear_svm_balanced_ratio_preserved_noise_mcc_selected_true_pr_auc_v1,linear_svm_class_weight_balanced,linear_svm,C,75/25,4,random_flip_10,test,50/50,test,0.10000000000000001,True,2716,76,6.6855069239973091,42,21,21,0.83333333333333337,0.83333333333333326,0.88888888888888884,0.76190476190476186,0.82051282051282048,0.67357531405456339,19,2,5,16,0.92063492063492058,0.93185925468212072,0.93025052701597022
linear_svm_balanced_ratio_preserved_noise_mcc_selected_true_pr_auc_v1,linear_svm_class_weight_balanced,linear_svm,C,75/25,4,random_flip_10,test,60/40,test,0.10000000000000001,True,2716,76,6.8267521120142192,53,21,32,0.77358490566037741,0.77157738095238093,0.69565217391304346,0.76190476190476186,0.72727272727272729,0.53602331781320434,25,7,5,16,0.86458333333333326,0.83921090095957429,0.83551009431600032
linear_svm_balanced_ratio_preserved_noise_mcc_selected_true_pr_auc_v1,linear_svm_class_weight_balanced,linear_svm,C,75/25,4,random_flip_10,test,70/30,test,0.10000000000000001,True,2716,76,6.9360072080162354,70,21,49,0.72857142857142854,0.73809523809523814,0.53333333333333333,0.76190476190476186,0.62745098039215685,0.44095855184409843,35,14,5,16,0.85034013605442171,0.72150771238913292,0.71105650307615353
linear_svm_balanced_ratio_preserved_noise_mcc_selected_true_pr_auc_v1,linear_svm_class_weight_balanced,linear_svm,C,75/25,4,random_flip_10,test,75/25,test,0.10000000000000001,True,2716,76,7.0695299140061252,84,21,63,0.8214285714285714,0.80158730158730163,0.61538461538461542,0.76190476190476186,0.68085106382978722,0.56496598177754986,53,10,5,16,0.87906273620559339,0.7083259403045441,0.69765859162225263
linear_svm_balanced_ratio_preserved_noise_mcc_selected_true_pr_auc_v1,linear_svm_class_weight_balanced,linear_svm,C,75/25,4,random_flip_10,test,80/20,test,0.10000000000000001,True,2716,76,7.1806138410174754,105,21,84,0.88571428571428568,0.83928571428571419,0.69565217391304346,0.76190476190476186,0.72727272727272729,0.65625710115836822,77,7,5,16,0.91326530612244894,0.77491418065469841,0.769322219992018
linear_svm_balanced_ratio_preserved_noise_mcc_selected_true_pr_auc_v1,linear_svm_class_weight_balanced,linear_svm,C,75/25,4,random_flip_10,test,90/10,test,0.10000000000000001,True,2716,76,7.4114797369984444,210,21,189,0.80952380952380953,0.78835978835978837,0.31372549019607843,0.76190476190476186,0.44444444444444442,0.40347961059528825,154,35,5,16,0.88057445200302342,0.50023101585256957,0.48325344132506753
linear_svm_balanced_ratio_preserved_noise_mcc_selected_true_pr_auc_v1,linear_svm_class_weight_balanced,linear_svm,C,75/25,4,random_flip_20,validation_selected_reproduction,75/25,valid,0.10000000000000001,True,2716,76,6.4745636699954048,76,19,57,0.73684210526315785,0.75438596491228072,0.4838709677419355,0.78947368421052633,0.59999999999999998,0.44828093256816265,41,16,4,15,0.85503231763619569,0.69874470048166959,0.68741744843181518
linear_svm_balanced_ratio_preserved_noise_mcc_selected_true_pr_auc_v1,linear_svm_class_weight_balanced,linear_svm,C,75/25,4,random_flip_20,test,50/50,test,0.10000000000000001,True,2716,76,6.5695548380026594,42,21,21,0.69047619047619047,0.69047619047619047,0.72222222222222221,0.61904761904761907,0.66666666666666663,0.38490017945975052,16,5,8,13,0.73015873015873023,0.76608285454758263,0.75953876004244925
linear_svm_balanced_ratio_preserved_noise_mcc_selected_true_pr_auc_v1,linear_svm_class_weight_balanced,linear_svm,C,75/25,4,random_flip_20,test,60/40,test,0.10000000000000001,True,2716,76,6.7417472959787119,53,21,32,0.67924528301886788,0.66889880952380953,0.59090909090909094,0.61904761904761907,0.60465116279069764,0.33531195158183819,23,9,8,13,0.71875,0.67994026702060539,0.66927526878575172
linear_svm_balanced_ratio_preserved_noise_mcc_selected_true_pr_auc_v1,linear_svm_class_weight_balanced,linear_svm,C,75/25,4,random_flip_20,test,70/30,test,0.10000000000000001,True,2716,76,6.8885607190022711,70,21,49,0.67142857142857137,0.65646258503401356,0.4642857142857143,0.61904761904761907,0.53061224489795922,0.29271469352313145,34,15,8,13,0.73177842565597662,0.62007319128376093,0.61129083644521809
linear_svm_balanced_ratio_preserved_noise_mcc_selected_true_pr_auc_v1,linear_svm_class_weight_balanced,linear_svm,C,75/25,4,random_flip_20,test,75/25,test,0.10000000000000001,True,2716,76,7.0317861920048017,84,21,63,0.7142857142857143,0.68253968253968256,0.44827586206896552,0.61904761904761907,0.52000000000000002,0.33249633682506918,47,16,8,13,0.73091458805744525,0.52194633270931634,0.50484997252794694
linear_svm_balanced_ratio_preserved_noise_mcc_selected_true_pr_auc_v1,linear_svm_class_weight_balanced,linear_svm,C,75/25,4,random_flip_20,test,80/20,test,0.10000000000000001,True,2716,76,7.1783159479964525,105,21,84,0.78095238095238095,0.72023809523809523,0.4642857142857143,0.61904761904761907,0.53061224489795922,0.3984257053349019,69,15,8,13,0.80498866213151921,0.62673447168028673,0.6201376897994848
linear_svm_balanced_ratio_preserved_noise_mcc_selected_true_pr_auc_v1,linear_svm_class_weight_balanced,linear_svm,C,75/25,4,random_flip_20,test,90/10,test,0.10000000000000001,True,2716,76,7.4448296290065628,210,21,189,0.75714285714285712,0.69576719576719581,0.23214285714285715,0.61904761904761907,0.33766233766233766,0.26561713688993466,146,43,8,13,0.75686570924666163,0.31925145334194349,0.30426380169799327
linear_svm_balanced_ratio_preserved_noise_mcc_selected_true_pr_auc_v1,linear_svm_class_weight_balanced,linear_svm,C,75/25,4,random_fp_10,validation_selected_reproduction,75/25,valid,0.10000000000000001,True,3804,76,7.929747199988924,76,19,57,0.78947368421052633,0.80701754385964908,0.55172413793103448,0.84210526315789469,0.66666666666666663,0.54734290022615395,44,13,3,16,0.88180978762696205,0.8495077256037149,0.84720927068427621
linear_svm_balanced_ratio_preserved_noise_mcc_selected_true_pr_auc_v1,linear_svm_class_weight_balanced,linear_svm,C,75/25,4,random_fp_10,test,50/50,test,0.10000000000000001,True,3804,76,8.0126309180050157,42,21,21,0.80952380952380953,0.80952380952380953,0.80952380952380953,0.80952380952380953,0.80952380952380953,0.61904761904761907,17,4,4,17,0.8458049886621315,0.87763053755317388,0.87497534172570912
linear_svm_balanced_ratio_preserved_noise_mcc_selected_true_pr_auc_v1,linear_svm_class_weight_balanced,linear_svm,C,75/25,4,random_fp_10,test,60/40,test,0.10000000000000001,True,3804,76,8.1664980979985557,53,21,32,0.81132075471698117,0.81101190476190477,0.73913043478260865,0.80952380952380953,0.77272727272727271,0.6138568406737519,26,6,4,17,0.87053571428571419,0.85030650738903168,0.84696141937341962
linear_svm_balanced_ratio_preserved_noise_mcc_selected_true_pr_auc_v1,linear_svm_class_weight_balanced,linear_svm,C,75/25,4,random_fp_10,test,70/30,test,0.10000000000000001,True,3804,76,8.2753347739926539,70,21,49,0.80000000000000004,0.80272108843537415,0.62962962962962965,0.80952380952380953,0.70833333333333337,0.56998607972974347,39,10,4,17,0.83576287657920312,0.76962680316842791,0.76546785163346875
linear_svm_balanced_ratio_preserved_noise_mcc_selected_true_pr_auc_v1,linear_svm_class_weight_balanced,linear_svm,C,75/25,4,random_fp_10,test,75/25,test,0.10000000000000001,True,3804,76,8.4074556390114594,84,21,63,0.80952380952380953,0.80952380952380953,0.58620689655172409,0.80952380952380953,0.68000000000000005,0.56379813635555209,51,12,4,17,0.86621315192743753,0.75863891023125984,0.7538607502496304
linear_svm_balanced_ratio_preserved_noise_mcc_selected_true_pr_auc_v1,linear_svm_class_weight_balanced,linear_svm,C,75/25,4,random_fp_10,test,80/20,test,0.10000000000000001,True,3804,76,8.5378105650015641,105,21,84,0.83809523809523812,0.82738095238095233,0.56666666666666665,0.80952380952380953,0.66666666666666663,0.57975090436420285,71,13,4,17,0.87528344671201808,0.76149274267920419,0.75796956297846574
linear_svm_balanced_ratio_preserved_noise_mcc_selected_true_pr_auc_v1,linear_svm_class_weight_balanced,linear_svm,C,75/25,4,random_fp_10,test,90/10,test,0.10000000000000001,True,3804,76,8.777589680015808,210,21,189,0.80476190476190479,0.80687830687830686,0.31481481481481483,0.80952380952380953,0.45333333333333331,0.42128651251906202,152,37,4,17,0.84303350970017632,0.50573176701394817,0.49040151956004174
linear_svm_balanced_ratio_preserved_noise_mcc_selected_true_pr_auc_v1,linear_svm_class_weight_balanced,linear_svm,C,75/25,4,random_fp_20,validation_selected_reproduction,75/25,valid,1,True,4892,76,9.7168135870015249,76,19,57,0.78947368421052633,0.80701754385964908,0.55172413793103448,0.84210526315789469,0.66666666666666663,0.54734290022615395,44,13,3,16,0.82825484764542934,0.62072482578783528,0.60702841924828954
linear_svm_balanced_ratio_preserved_noise_mcc_selected_true_pr_auc_v1,linear_svm_class_weight_balanced,linear_svm,C,75/25,4,random_fp_20,test,50/50,test,1,True,4892,76,9.8003974110179115,42,21,21,0.76190476190476186,0.76190476190476186,0.8666666666666667,0.61904761904761907,0.72222222222222221,0.54659439449994862,19,2,8,13,0.80045351473922899,0.84909799696865607,0.84586393138417093
linear_svm_balanced_ratio_preserved_noise_mcc_selected_true_pr_auc_v1,linear_svm_class_weight_balanced,linear_svm,C,75/25,4,random_fp_20,test,60/40,test,1,True,4892,76,9.9615992839972023,53,21,32,0.69811320754716977,0.68452380952380953,0.61904761904761907,0.61904761904761907,0.61904761904761907,0.36904761904761907,24,8,8,13,0.78125,0.77213844179529989,0.76754357620265057
linear_svm_balanced_ratio_preserved_noise_mcc_selected_true_pr_auc_v1,linear_svm_class_weight_balanced,linear_svm,C,75/25,4,random_fp_20,test,70/30,test,1,True,4892,76,10.067568226018921,70,21,49,0.68571428571428572,0.66666666666666674,0.48148148148148145,0.61904761904761907,0.54166666666666663,0.31381256075008346,35,14,8,13,0.70359572400388726,0.53162024738098934,0.51491739350096499
linear_svm_balanced_ratio_preserved_noise_mcc_selected_true_pr_auc_v1,linear_svm_class_weight_balanced,linear_svm,C,75/25,4,random_fp_20,test,75/25,test,1,True,4892,76,10.202602917008335,84,21,63,0.75,0.70634920634920628,0.5,0.61904761904761907,0.55319148936170215,0.38655567174253413,50,13,8,13,0.74678760393046106,0.51156131003870686,0.49415337267587883
linear_svm_balanced_ratio_preserved_noise_mcc_selected_true_pr_auc_v1,linear_svm_class_weight_balanced,linear_svm,C,75/25,4,random_fp_20,test,80/20,test,1,True,4892,76,10.330113789008465,105,21,84,0.80000000000000004,0.73214285714285721,0.5,0.61904761904761907,0.55319148936170215,0.43026338709967066,71,13,8,13,0.78854875283446713,0.53514746238887767,0.51849069977875251
linear_svm_balanced_ratio_preserved_noise_mcc_selected_true_pr_auc_v1,linear_svm_class_weight_balanced,linear_svm,C,75/25,4,random_fp_20,test,90/10,test,1,True,4892,76,10.574065466993488,210,21,189,0.75714285714285712,0.69576719576719581,0.23214285714285715,0.61904761904761907,0.33766233766233766,0.26561713688993466,146,43,8,13,0.73620559334845048,0.22321688030201539,0.20640967138277799
linear_svm_balanced_ratio_preserved_noise_mcc_selected_true_pr_auc_v1,linear_svm_class_weight_balanced,linear_svm,C,75/25,4,heuristic_fp_10,validation_selected_reproduction,75/25,valid,0.10000000000000001,True,3804,76,7.580930004012771,76,19,57,0.77631578947368418,0.7807017543859649,0.5357142857142857,0.78947368421052633,0.63829787234042556,0.50395263067896967,44,13,4,15,0.88827331486611261,0.79385333162733462,0.78932379385321005
linear_svm_balanced_ratio_preserved_noise_mcc_selected_true_pr_auc_v1,linear_svm_class_weight_balanced,linear_svm,C,75/25,4,heuristic_fp_10,test,50/50,test,0.10000000000000001,True,3804,76,7.6636148370162118,42,21,21,0.83333333333333337,0.83333333333333326,0.81818181818181823,0.8571428571428571,0.83720930232558144,0.66742381247191462,17,4,3,18,0.92063492063492058,0.92648973482030383,0.92460019637016488
linear_svm_balanced_ratio_preserved_noise_mcc_selected_true_pr_auc_v1,linear_svm_class_weight_balanced,linear_svm,C,75/25,4,heuristic_fp_10,test,60/40,test,0.10000000000000001,True,3804,76,7.8152484279999044,53,21,32,0.79245283018867929,0.8035714285714286,0.69230769230769229,0.8571428571428571,0.76595744680851063,0.59402807414242031,24,8,3,18,0.8973214285714286,0.85207345332658635,0.84742478161978418
linear_svm_balanced_ratio_preserved_noise_mcc_selected_true_pr_auc_v1,linear_svm_class_weight_balanced,linear_svm,C,75/25,4,heuristic_fp_10,test,70/30,test,0.10000000000000001,True,3804,76,7.9220960889942944,70,21,49,0.82857142857142863,0.83673469387755106,0.66666666666666663,0.8571428571428571,0.75,0.63402945947465839,40,9,3,18,0.89212827988338195,0.80411247417064668,0.79858048910376156
linear_svm_balanced_ratio_preserved_noise_mcc_selected_true_pr_auc_v1,linear_svm_class_weight_balanced,linear_svm,C,75/25,4,heuristic_fp_10,test,75/25,test,0.10000000000000001,True,3804,76,8.042241187999025,84,21,63,0.84523809523809523,0.84920634920634919,0.6428571428571429,0.8571428571428571,0.73469387755102045,0.64153302787178479,53,10,3,18,0.91232048374905517,0.75908614646555428,0.75161845934712868
linear_svm_balanced_ratio_preserved_noise_mcc_selected_true_pr_auc_v1,linear_svm_class_weight_balanced,linear_svm,C,75/25,4,heuristic_fp_10,test,80/20,test,0.10000000000000001,True,3804,76,8.1654000830021687,105,21,84,0.8571428571428571,0.8571428571428571,0.59999999999999998,0.8571428571428571,0.70588235294117652,0.63245553203367588,72,12,3,18,0.93820861678004541,0.83242914757246611,0.82825452719317405
linear_svm_balanced_ratio_preserved_noise_mcc_selected_true_pr_auc_v1,linear_svm_class_weight_balanced,linear_svm,C,75/25,4,heuristic_fp_10,test,90/10,test,0.10000000000000001,True,3804,76,8.3913541799993254,210,21,189,0.78095238095238095,0.81481481481481477,0.29508196721311475,0.8571428571428571,0.43902439024390244,0.41607119954394561,146,43,3,18,0.90249433106575971,0.57265930031336709,0.56380301397272659
linear_svm_balanced_ratio_preserved_noise_mcc_selected_true_pr_auc_v1,linear_svm_class_weight_balanced,linear_svm,C,75/25,4,heuristic_fp_20,validation_selected_reproduction,75/25,valid,1,True,4892,76,9.806106636999175,76,19,57,0.77631578947368418,0.76315789473684204,0.53846153846153844,0.73684210526315785,0.62222222222222223,0.48038446141526142,45,12,5,14,0.84210526315789469,0.72360545721597891,0.71724008839840536
linear_svm_balanced_ratio_preserved_noise_mcc_selected_true_pr_auc_v1,linear_svm_class_weight_balanced,linear_svm,C,75/25,4,heuristic_fp_20,test,50/50,test,1,True,4892,76,9.8930694560112897,42,21,21,0.7857142857142857,0.7857142857142857,0.80000000000000004,0.76190476190476186,0.78048780487804881,0.57207755354735534,17,4,5,16,0.88208616780045346,0.91433573615250641,0.91269980944305029
linear_svm_balanced_ratio_preserved_noise_mcc_selected_true_pr_auc_v1,linear_svm_class_weight_balanced,linear_svm,C,75/25,4,heuristic_fp_20,test,60/40,test,1,True,4892,76,10.053139394003665,53,21,32,0.79245283018867929,0.78720238095238093,0.72727272727272729,0.76190476190476186,0.7441860465116279,0.57017803220524033,26,6,5,16,0.8839285714285714,0.86273959333217554,0.85956045014446514
linear_svm_balanced_ratio_preserved_noise_mcc_selected_true_pr_auc_v1,linear_svm_class_weight_balanced,linear_svm,C,75/25,4,heuristic_fp_20,test,70/30,test,1,True,4892,76,10.161223944014637,70,21,49,0.75714285714285712,0.75850340136054417,0.5714285714285714,0.76190476190476186,0.65306122448979587,0.48361558060343462,37,12,5,16,0.85131195335276966,0.72900095956265809,0.7215876767892313
linear_svm_balanced_ratio_preserved_noise_mcc_selected_true_pr_auc_v1,linear_svm_class_weight_balanced,linear_svm,C,75/25,4,heuristic_fp_20,test,75/25,test,1,True,4892,76,10.290593946992885,84,21,63,0.8571428571428571,0.82539682539682535,0.69565217391304346,0.76190476190476186,0.72727272727272729,0.63196698970363729,56,7,5,16,0.89644746787603935,0.77700165633801532,0.77210449001227754
linear_svm_balanced_ratio_preserved_noise_mcc_selected_true_pr_auc_v1,linear_svm_class_weight_balanced,linear_svm,C,75/25,4,heuristic_fp_20,test,80/20,test,1,True,4892,76,10.413971038011368,105,21,84,0.82857142857142863,0.8035714285714286,0.55172413793103448,0.76190476190476186,0.64000000000000001,0.54316826162393883,71,13,5,16,0.90759637188208619,0.79423821925371718,0.79010970340250308
linear_svm_balanced_ratio_preserved_noise_mcc_selected_true_pr_auc_v1,linear_svm_class_weight_balanced,linear_svm,C,75/25,4,heuristic_fp_20,test,90/10,test,1,True,4892,76,10.670044816011796,210,21,189,0.76190476190476186,0.76190476190476186,0.26229508196721313,0.76190476190476186,0.3902439024390244,0.34614326684748414,144,45,5,16,0.86797682035777279,0.48149901988362054,0.45321669540502263
linear_svm_balanced_ratio_preserved_noise_mcc_selected_true_pr_auc_v1,linear_svm_class_weight_balanced,linear_svm,C,75/25,5,clean,validation_selected_reproduction,75/25,valid,1,True,2716,76,6.1013358809868805,76,19,57,0.82894736842105265,0.81578947368421051,0.625,0.78947368421052633,0.69767441860465118,0.58834840541455213,48,9,4,15,0.8273314866112651,0.76393727483977303,0.75905457004454902
linear_svm_balanced_ratio_preserved_noise_mcc_selected_true_pr_auc_v1,linear_svm_class_weight_balanced,linear_svm,C,75/25,5,clean,test,50/50,test,1,True,2716,76,6.1965791439870372,42,21,21,0.76190476190476186,0.76190476190476186,0.73913043478260865,0.80952380952380953,0.77272727272727271,0.52620136055843392,15,6,4,17,0.8458049886621315,0.85079192368690926,0.84688131876450767
linear_svm_balanced_ratio_preserved_noise_mcc_selected_true_pr_auc_v1,linear_svm_class_weight_balanced,linear_svm,C,75/25,5,clean,test,60/40,test,1,True,2716,76,6.3059457219787873,53,21,32,0.84905660377358494,0.84226190476190477,0.80952380952380953,0.80952380952380953,0.80952380952380953,0.68452380952380953,28,4,4,17,0.89732142857142849,0.79288078475018475,0.76862212708999822
linear_svm_balanced_ratio_preserved_noise_mcc_selected_true_pr_auc_v1,linear_svm_class_weight_balanced,linear_svm,C,75/25,5,clean,test,70/30,test,1,True,2716,76,6.4036684809834696,70,21,49,0.81428571428571428,0.81292517006802723,0.65384615384615385,0.80952380952380953,0.72340425531914898,0.59356074020638561,40,9,4,17,0.8960155490767735,0.76616399332907981,0.75615419562959607
linear_svm_balanced_ratio_preserved_noise_mcc_selected_true_pr_auc_v1,linear_svm_class_weight_balanced,linear_svm,C,75/25,5,clean,test,75/25,test,1,True,2716,76,6.5137549449864309,84,21,63,0.8928571428571429,0.86507936507936511,0.77272727272727271,0.80952380952380953,0.79069767441860461,0.71910120940283073,58,5,4,17,0.90098261526832957,0.67922316879827282,0.65592689267596616
linear_svm_balanced_ratio_preserved_noise_mcc_selected_true_pr_auc_v1,linear_svm_class_weight_balanced,linear_svm,C,75/25,5,clean,test,80/20,test,1,True,2716,76,6.6727243890054524,105,21,84,0.8666666666666667,0.84523809523809523,0.62962962962962965,0.80952380952380953,0.70833333333333337,0.63192976877859297,74,10,4,17,0.88151927437641708,0.57872664781381622,0.55382129794959978
linear_svm_balanced_ratio_preserved_noise_mcc_selected_true_pr_auc_v1,linear_svm_class_weight_balanced,linear_svm,C,75/25,5,clean,test,90/10,test,1,True,2716,76,6.966144058998907,210,21,189,0.83809523809523812,0.82539682539682535,0.36170212765957449,0.80952380952380953,0.5,0.46842614340033489,159,30,4,17,0.88662131519274379,0.45395059700961993,0.43123694632737275
linear_svm_balanced_ratio_preserved_noise_mcc_selected_true_pr_auc_v1,linear_svm_class_weight_balanced,linear_svm,C,75/25,5,random_flip_10,validation_selected_reproduction,75/25,valid,0.10000000000000001,True,2716,76,5.9412199509970378,76,19,57,0.76315789473684215,0.78947368421052633,0.5161290322580645,0.84210526315789469,0.64000000000000001,0.51011278533618509,42,15,3,16,0.83748845798707294,0.69300418644976114,0.68182125005113248
linear_svm_balanced_ratio_preserved_noise_mcc_selected_true_pr_auc_v1,linear_svm_class_weight_balanced,linear_svm,C,75/25,5,random_flip_10,test,50/50,test,0.10000000000000001,True,2716,76,6.0245132480049506,42,21,21,0.7857142857142857,0.7857142857142857,0.77272727272727271,0.80952380952380953,0.79069767441860461,0.57207755354735534,16,5,4,17,0.85260770975056688,0.82856120076111162,0.82256355391284597
linear_svm_balanced_ratio_preserved_noise_mcc_selected_true_pr_auc_v1,linear_svm_class_weight_balanced,linear_svm,C,75/25,5,random_flip_10,test,60/40,test,0.10000000000000001,True,2716,76,6.1115850089991,53,21,32,0.83018867924528306,0.82663690476190477,0.77272727272727271,0.80952380952380953,0.79069767441860461,0.64846672574637432,27,5,4,17,0.89434523809523814,0.81399154507948501,0.80718619159644489
linear_svm_balanced_ratio_preserved_noise_mcc_selected_true_pr_auc_v1,linear_svm_class_weight_balanced,linear_svm,C,75/25,5,random_flip_10,test,70/30,test,0.10000000000000001,True,2716,76,6.200114253006177,70,21,49,0.81428571428571428,0.81292517006802723,0.65384615384615385,0.80952380952380953,0.72340425531914898,0.59356074020638561,40,9,4,17,0.90476190476190477,0.76576391680772282,0.75783303793394374
linear_svm_balanced_ratio_preserved_noise_mcc_selected_true_pr_auc_v1,linear_svm_class_weight_balanced,linear_svm,C,75/25,5,random_flip_10,test,75/25,test,0.10000000000000001,True,2716,76,6.2951508410042152,84,21,63,0.90476190476190477,0.87301587301587302,0.80952380952380953,0.80952380952380953,0.80952380952380953,0.74603174603174605,59,4,4,17,0.93877551020408156,0.7736949656564871,0.74874394479251527
linear_svm_balanced_ratio_preserved_noise_mcc_selected_true_pr_auc_v1,linear_svm_class_weight_balanced,linear_svm,C,75/25,5,random_flip_10,test,80/20,test,0.10000000000000001,True,2716,76,6.4419041330111213,105,21,84,0.82857142857142863,0.8214285714285714,0.54838709677419351,0.80952380952380953,0.65384615384615385,0.5637246911950432,70,14,4,17,0.86791383219954643,0.542160521233092,0.51296511458750804
linear_svm_balanced_ratio_preserved_noise_mcc_selected_true_pr_auc_v1,linear_svm_class_weight_balanced,linear_svm,C,75/25,5,random_flip_10,test,90/10,test,0.10000000000000001,True,2716,76,6.7139736780081876,210,21,189,0.80000000000000004,0.80423280423280419,0.30909090909090908,0.80952380952380953,0.44736842105263158,0.41517327682330979,151,38,4,17,0.89342403628117917,0.54949261216796796,0.5419699991297009
linear_svm_balanced_ratio_preserved_noise_mcc_selected_true_pr_auc_v1,linear_svm_class_weight_balanced,linear_svm,C,75/25,5,random_flip_20,validation_selected_reproduction,75/25,valid,1,True,2716,76,6.125392437010305,76,19,57,0.71052631578947367,0.66666666666666674,0.44,0.57894736842105265,0.5,0.30721179171268842,43,14,8,11,0.61680517082179132,0.45585238357428687,0.43771475115236186
linear_svm_balanced_ratio_preserved_noise_mcc_selected_true_pr_auc_v1,linear_svm_class_weight_balanced,linear_svm,C,75/25,5,random_flip_20,test,50/50,test,1,True,2716,76,6.2006255740125198,42,21,21,0.66666666666666663,0.66666666666666663,0.70588235294117652,0.5714285714285714,0.63157894736842102,0.3395498750508662,16,5,9,12,0.68253968253968256,0.65345198422433859,0.62565222839742562
linear_svm_balanced_ratio_preserved_noise_mcc_selected_true_pr_auc_v1,linear_svm_class_weight_balanced,linear_svm,C,75/25,5,random_flip_20,test,60/40,test,1,True,2716,76,6.2902524920064025,53,21,32,0.69811320754716977,0.6763392857142857,0.63157894736842102,0.5714285714285714,0.59999999999999998,0.35970580821732762,25,7,9,12,0.71130952380952372,0.61691938806164859,0.58943246127519988
linear_svm_balanced_ratio_preserved_noise_mcc_selected_true_pr_auc_v1,linear_svm_class_weight_balanced,linear_svm,C,75/25,5,random_flip_20,test,70/30,test,1,True,2716,76,6.3796376140089706,70,21,49,0.7142857142857143,0.67346938775510201,0.52173913043478259,0.5714285714285714,0.54545454545454541,0.33849143323965436,38,11,9,12,0.68804664723032061,0.50358207443697633,0.47434107395986391
linear_svm_balanced_ratio_preserved_noise_mcc_selected_true_pr_auc_v1,linear_svm_class_weight_balanced,linear_svm,C,75/25,5,random_flip_20,test,75/25,test,1,True,2716,76,6.4706479129963554,84,21,63,0.79761904761904767,0.72222222222222221,0.59999999999999998,0.5714285714285714,0.58536585365853655,0.45184805705753195,55,8,9,12,0.7407407407407407,0.50059676395810848,0.47165331519363446
linear_svm_balanced_ratio_preserved_noise_mcc_selected_true_pr_auc_v1,linear_svm_class_weight_balanced,linear_svm,C,75/25,5,random_flip_20,test,80/20,test,1,True,2716,76,6.6189505289949011,105,21,84,0.80000000000000004,0.71428571428571419,0.5,0.5714285714285714,0.53333333333333333,0.40824829046386302,72,12,9,12,0.74376417233560088,0.48235310188000918,0.46938261504483353
linear_svm_balanced_ratio_preserved_noise_mcc_selected_true_pr_auc_v1,linear_svm_class_weight_balanced,linear_svm,C,75/25,5,random_flip_20,test,90/10,test,1,True,2716,76,6.8866986680077389,210,21,189,0.7857142857142857,0.69047619047619047,0.25,0.5714285714285714,0.34782608695652173,0.27216552697590868,153,36,9,12,0.73721340388007051,0.2295355512808408,0.21158566923213096
linear_svm_balanced_ratio_preserved_noise_mcc_selected_true_pr_auc_v1,linear_svm_class_weight_balanced,linear_svm,C,75/25,5,random_fp_10,validation_selected_reproduction,75/25,valid,1,True,3804,76,7.5910322289855685,76,19,57,0.75,0.76315789473684204,0.5,0.78947368421052633,0.61224489795918369,0.46625240412015684,42,15,4,15,0.80240073868882722,0.63289453621171066,0.62329395274298371
linear_svm_balanced_ratio_preserved_noise_mcc_selected_true_pr_auc_v1,linear_svm_class_weight_balanced,linear_svm,C,75/25,5,random_fp_10,test,50/50,test,1,True,3804,76,7.6920751919969916,42,21,21,0.76190476190476186,0.76190476190476186,0.76190476190476186,0.76190476190476186,0.76190476190476186,0.52380952380952384,16,5,5,16,0.80498866213151921,0.79477188618055483,0.78696910096627426
linear_svm_balanced_ratio_preserved_noise_mcc_selected_true_pr_auc_v1,linear_svm_class_weight_balanced,linear_svm,C,75/25,5,random_fp_10,test,60/40,test,1,True,3804,76,7.7954717369866557,53,21,32,0.77358490566037741,0.77157738095238093,0.69565217391304346,0.76190476190476186,0.72727272727272729,0.53602331781320434,25,7,5,16,0.8348214285714286,0.75110537717618087,0.74211751322622344
linear_svm_balanced_ratio_preserved_noise_mcc_selected_true_pr_auc_v1,linear_svm_class_weight_balanced,linear_svm,C,75/25,5,random_fp_10,test,70/30,test,1,True,3804,76,7.901318125979742,70,21,49,0.77142857142857146,0.76870748299319724,0.59259259259259256,0.76190476190476186,0.66666666666666663,0.50594269998482844,38,11,5,16,0.84353741496598633,0.71481517421077534,0.70595044646837635
linear_svm_balanced_ratio_preserved_noise_mcc_selected_true_pr_auc_v1,linear_svm_class_weight_balanced,linear_svm,C,75/25,5,random_fp_10,test,75/25,test,1,True,3804,76,8.0062182939727791,84,21,63,0.8214285714285714,0.80158730158730163,0.61538461538461542,0.76190476190476186,0.68085106382978722,0.56496598177754986,53,10,5,16,0.86016628873771739,0.6641023655121725,0.64833703745809013
linear_svm_balanced_ratio_preserved_noise_mcc_selected_true_pr_auc_v1,linear_svm_class_weight_balanced,linear_svm,C,75/25,5,random_fp_10,test,80/20,test,1,True,3804,76,8.1741495379828848,105,21,84,0.79047619047619044,0.77976190476190477,0.48484848484848486,0.76190476190476186,0.59259259259259256,0.4821083396690532,67,17,5,16,0.8458049886621315,0.62859143651148619,0.61840794334068816
linear_svm_balanced_ratio_preserved_noise_mcc_selected_true_pr_auc_v1,linear_svm_class_weight_balanced,linear_svm,C,75/25,5,random_fp_10,test,90/10,test,1,True,3804,76,8.4792718399839941,210,21,189,0.80952380952380953,0.78835978835978837,0.31372549019607843,0.76190476190476186,0.44444444444444442,0.40347961059528825,154,35,5,16,0.86369362559838758,0.51951149816724718,0.50885560146288744
linear_svm_balanced_ratio_preserved_noise_mcc_selected_true_pr_auc_v1,linear_svm_class_weight_balanced,linear_svm,C,75/25,5,random_fp_20,validation_selected_reproduction,75/25,valid,10,True,4892,76,11.312713013001485,76,19,57,0.69736842105263153,0.71052631578947367,0.4375,0.73684210526315785,0.5490196078431373,0.3692744729379982,39,18,5,14,0.74792243767313027,0.54860637288709624,0.53480265623462975
linear_svm_balanced_ratio_preserved_noise_mcc_selected_true_pr_auc_v1,linear_svm_class_weight_balanced,linear_svm,C,75/25,5,random_fp_20,test,50/50,test,10,True,4892,76,11.397051862993976,42,21,21,0.69047619047619047,0.69047619047619047,0.69999999999999996,0.66666666666666663,0.68292682926829273,0.38138503569823695,15,6,7,14,0.68707482993197289,0.70204327715994808,0.68722446388054381
linear_svm_balanced_ratio_preserved_noise_mcc_selected_true_pr_auc_v1,linear_svm_class_weight_balanced,linear_svm,C,75/25,5,random_fp_20,test,60/40,test,10,True,4892,76,11.490258420992177,53,21,32,0.67924528301886788,0.67708333333333326,0.58333333333333337,0.66666666666666663,0.62222222222222223,0.34800677647869993,22,10,7,14,0.70238095238095233,0.64534299483504021,0.6302315810057364
linear_svm_balanced_ratio_preserved_noise_mcc_selected_true_pr_auc_v1,linear_svm_class_weight_balanced,linear_svm,C,75/25,5,random_fp_20,test,70/30,test,10,True,4892,76,11.58201016599196,70,21,49,0.77142857142857146,0.74149659863945572,0.60869565217391308,0.66666666666666663,0.63636363636363635,0.47123317176500906,40,9,7,14,0.76384839650145775,0.63673945322090897,0.62501551131264366
linear_svm_balanced_ratio_preserved_noise_mcc_selected_true_pr_auc_v1,linear_svm_class_weight_balanced,linear_svm,C,75/25,5,random_fp_20,test,75/25,test,10,True,4892,76,11.685434561979491,84,21,63,0.73809523809523814,0.71428571428571419,0.48275862068965519,0.66666666666666663,0.56000000000000005,0.39032178670768991,48,15,7,14,0.74074074074074081,0.49259401574336947,0.47597194534729231
linear_svm_balanced_ratio_preserved_noise_mcc_selected_true_pr_auc_v1,linear_svm_class_weight_balanced,linear_svm,C,75/25,5,random_fp_20,test,80/20,test,10,True,4892,76,11.840641810995294,105,21,84,0.7142857142857143,0.6964285714285714,0.3783783783783784,0.66666666666666663,0.48275862068965519,0.32894904191692126,61,23,7,14,0.71882086167800452,0.48625065846479054,0.47328079019273545
linear_svm_balanced_ratio_preserved_noise_mcc_selected_true_pr_auc_v1,linear_svm_class_weight_balanced,linear_svm,C,75/25,5,random_fp_20,test,90/10,test,10,True,4892,76,12.138786437979434,210,21,189,0.77619047619047621,0.72751322751322745,0.25925925925925924,0.66666666666666663,0.37333333333333335,0.31233310410895976,149,40,7,14,0.71831695641219451,0.23132798715699618,0.20806674091772401
linear_svm_balanced_ratio_preserved_noise_mcc_selected_true_pr_auc_v1,linear_svm_class_weight_balanced,linear_svm,C,75/25,5,heuristic_fp_10,validation_selected_reproduction,75/25,valid,0.10000000000000001,True,3804,76,7.5043648569844663,76,19,57,0.72368421052631582,0.74561403508771928,0.46875,0.78947368421052633,0.58823529411764708,0.43082021842766455,40,17,4,15,0.82640812557710064,0.64633800935559149,0.63332176361945347
linear_svm_balanced_ratio_preserved_noise_mcc_selected_true_pr_auc_v1,linear_svm_class_weight_balanced,linear_svm,C,75/25,5,heuristic_fp_10,test,50/50,test,0.10000000000000001,True,3804,76,7.5998511659854557,42,21,21,0.83333333333333337,0.83333333333333326,0.81818181818181823,0.8571428571428571,0.83720930232558144,0.66742381247191462,17,4,3,18,0.88662131519274368,0.87585636972139547,0.87156983254985665
linear_svm_balanced_ratio_preserved_noise_mcc_selected_true_pr_auc_v1,linear_svm_class_weight_balanced,linear_svm,C,75/25,5,heuristic_fp_10,test,60/40,test,0.10000000000000001,True,3804,76,7.6945128259831108,53,21,32,0.84905660377358494,0.8504464285714286,0.78260869565217395,0.8571428571428571,0.81818181818181823,0.69169036353429936,27,5,3,18,0.89136904761904767,0.80868491095353012,0.79956894306278992
linear_svm_balanced_ratio_preserved_noise_mcc_selected_true_pr_auc_v1,linear_svm_class_weight_balanced,linear_svm,C,75/25,5,heuristic_fp_10,test,70/30,test,0.10000000000000001,True,3804,76,7.8006725930026732,70,21,49,0.81428571428571428,0.82653061224489788,0.6428571428571429,0.8571428571428571,0.73469387755102045,0.61088283865697002,39,10,3,18,0.90476190476190477,0.78344590220393018,0.7766040040314961
linear_svm_balanced_ratio_preserved_noise_mcc_selected_true_pr_auc_v1,linear_svm_class_weight_balanced,linear_svm,C,75/25,5,heuristic_fp_10,test,75/25,test,0.10000000000000001,True,3804,76,7.899555757001508,84,21,63,0.86904761904761907,0.86507936507936511,0.69230769230769229,0.8571428571428571,0.76595744680851063,0.68390618846756046,55,8,3,18,0.92819349962207109,0.72858868830509538,0.70618581445607242
linear_svm_balanced_ratio_preserved_noise_mcc_selected_true_pr_auc_v1,linear_svm_class_weight_balanced,linear_svm,C,75/25,5,heuristic_fp_10,test,80/20,test,0.10000000000000001,True,3804,76,8.0564225940033793,105,21,84,0.76190476190476186,0.79761904761904767,0.45000000000000001,0.8571428571428571,0.5901639344262295,0.49029033784546011,62,22,3,18,0.87698412698412698,0.60630657148867917,0.57889042521019418
linear_svm_balanced_ratio_preserved_noise_mcc_selected_true_pr_auc_v1,linear_svm_class_weight_balanced,linear_svm,C,75/25,5,heuristic_fp_10,test,90/10,test,0.10000000000000001,True,3804,76,8.3429827819927596,210,21,189,0.79047619047619044,0.82010582010582,0.30508474576271188,0.8571428571428571,0.45000000000000001,0.42731647397192735,148,41,3,18,0.90526581002771478,0.57226790549913176,0.56302294818365439
linear_svm_balanced_ratio_preserved_noise_mcc_selected_true_pr_auc_v1,linear_svm_class_weight_balanced,linear_svm,C,75/25,5,heuristic_fp_20,validation_selected_reproduction,75/25,valid,10,True,4892,76,11.2489540509996,76,19,57,0.75,0.74561403508771928,0.5,0.73684210526315785,0.5957446808510638,0.44095855184409843,43,14,5,14,0.80332409972299179,0.58906357407957066,0.57110161265877046
linear_svm_balanced_ratio_preserved_noise_mcc_selected_true_pr_auc_v1,linear_svm_class_weight_balanced,linear_svm,C,75/25,5,heuristic_fp_20,test,50/50,test,10,True,4892,76,11.344453879981302,42,21,21,0.7142857142857143,0.7142857142857143,0.7142857142857143,0.7142857142857143,0.7142857142857143,0.42857142857142855,15,6,6,15,0.83673469387755106,0.86068094451103616,0.85756880069434183
linear_svm_balanced_ratio_preserved_noise_mcc_selected_true_pr_auc_v1,linear_svm_class_weight_balanced,linear_svm,C,75/25,5,heuristic_fp_20,test,60/40,test,10,True,4892,76,11.446771371003706,53,21,32,0.71698113207547165,0.71651785714285721,0.625,0.7142857142857143,0.66666666666666663,0.42550408384580535,23,9,6,15,0.75595238095238093,0.65794471779304731,0.64196034796414581
linear_svm_balanced_ratio_preserved_noise_mcc_selected_true_pr_auc_v1,linear_svm_class_weight_balanced,linear_svm,C,75/25,5,heuristic_fp_20,test,70/30,test,10,True,4892,76,11.554531973000849,70,21,49,0.7857142857142857,0.76530612244897966,0.625,0.7142857142857143,0.66666666666666663,0.51227176405541541,40,9,6,15,0.82896015549076774,0.6456504345516072,0.62950693529656454
linear_svm_balanced_ratio_preserved_noise_mcc_selected_true_pr_auc_v1,linear_svm_class_weight_balanced,linear_svm,C,75/25,5,heuristic_fp_20,test,75/25,test,10,True,4892,76,11.664227909001056,84,21,63,0.79761904761904767,0.76984126984126977,0.57692307692307687,0.7142857142857143,0.63829787234042556,0.50549587843254462,52,11,6,15,0.83673469387755106,0.60593787136745147,0.58920832174591053
linear_svm_balanced_ratio_preserved_noise_mcc_selected_true_pr_auc_v1,linear_svm_class_weight_balanced,linear_svm,C,75/25,5,heuristic_fp_20,test,80/20,test,10,True,4892,76,11.829237456986448,105,21,84,0.76190476190476186,0.74404761904761907,0.44117647058823528,0.7142857142857143,0.54545454545454541,0.41723931926931906,65,19,6,15,0.80668934240362811,0.50922368199499535,0.49185304704294969
linear_svm_balanced_ratio_preserved_noise_mcc_selected_true_pr_auc_v1,linear_svm_class_weight_balanced,linear_svm,C,75/25,5,heuristic_fp_20,test,90/10,test,10,True,4892,76,12.1353665709903,210,21,189,0.80000000000000004,0.76190476190476186,0.29411764705882354,0.7142857142857143,0.41666666666666669,0.36646313255902324,153,36,6,15,0.82842025699168564,0.34775582246045877,0.33277079668427806
linear_svm_balanced_ratio_preserved_noise_mcc_selected_true_pr_auc_v1,linear_svm_class_weight_balanced,linear_svm,C,80/20,1,clean,validation_selected_reproduction,80/20,valid,1,True,3395,95,7.7292481310141739,95,19,76,0.83157894736842108,0.77631578947368429,0.56521739130434778,0.68421052631578949,0.61904761904761907,0.51604684654213995,66,10,6,13,0.81440443213296398,0.6507688879482636,0.63617234041585413
linear_svm_balanced_ratio_preserved_noise_mcc_selected_true_pr_auc_v1,linear_svm_class_weight_balanced,linear_svm,C,80/20,1,clean,test,50/50,test,1,True,3395,95,7.8085591389972251,42,21,21,0.80952380952380953,0.80952380952380953,0.88235294117647056,0.7142857142857143,0.78947368421052633,0.63059262509446579,19,2,6,15,0.91609977324263037,0.92771123635800556,0.92608597008988203
linear_svm_balanced_ratio_preserved_noise_mcc_selected_true_pr_auc_v1,linear_svm_class_weight_balanced,linear_svm,C,80/20,1,clean,test,60/40,test,1,True,3395,95,7.897887860017363,53,21,32,0.79245283018867929,0.77901785714285721,0.75,0.7142857142857143,0.73170731707317072,0.56308591418472442,27,5,6,15,0.84672619047619047,0.83096496583338708,0.82722570985998911
linear_svm_balanced_ratio_preserved_noise_mcc_selected_true_pr_auc_v1,linear_svm_class_weight_balanced,linear_svm,C,80/20,1,clean,test,70/30,test,1,True,3395,95,7.9892422260018066,70,21,49,0.88571428571428568,0.83673469387755106,0.88235294117647056,0.7142857142857143,0.78947368421052633,0.71971930472672585,47,2,6,15,0.90767735665694849,0.87234084913471577,0.87008146817227905
linear_svm_balanced_ratio_preserved_noise_mcc_selected_true_pr_auc_v1,linear_svm_class_weight_balanced,linear_svm,C,80/20,1,clean,test,75/25,test,1,True,3395,95,8.0916128880053293,84,21,63,0.8928571428571429,0.83333333333333326,0.83333333333333337,0.7142857142857143,0.76923076923076927,0.70352647068144847,60,3,6,15,0.92290249433106575,0.84917375438495601,0.84603620073716845
linear_svm_balanced_ratio_preserved_noise_mcc_selected_true_pr_auc_v1,linear_svm_class_weight_balanced,linear_svm,C,80/20,1,clean,test,80/20,test,1,True,3395,95,8.2123769400059246,105,21,84,0.84761904761904761,0.79761904761904767,0.59999999999999998,0.7142857142857143,0.65217391304347827,0.55901699437494745,74,10,6,15,0.87131519274376423,0.72999859381657384,0.72523638727764839
linear_svm_balanced_ratio_preserved_noise_mcc_selected_true_pr_auc_v1,linear_svm_class_weight_balanced,linear_svm,C,80/20,1,clean,test,90/10,test,1,True,3395,95,8.4370231479988433,210,21,189,0.88095238095238093,0.80687830687830686,0.44117647058823528,0.7142857142857143,0.54545454545454541,0.49985143366185181,170,19,6,15,0.88636936255983878,0.52209054915364583,0.49397387816512495
linear_svm_balanced_ratio_preserved_noise_mcc_selected_true_pr_auc_v1,linear_svm_class_weight_balanced,linear_svm,C,80/20,1,random_flip_10,validation_selected_reproduction,80/20,valid,0.10000000000000001,True,3395,95,7.2393282889970578,95,19,76,0.73684210526315785,0.73684210526315785,0.41176470588235292,0.73684210526315785,0.52830188679245282,0.39524658758195297,56,20,5,14,0.79155124653739617,0.50699697080771944,0.47583087878398816
linear_svm_balanced_ratio_preserved_noise_mcc_selected_true_pr_auc_v1,linear_svm_class_weight_balanced,linear_svm,C,80/20,1,random_flip_10,test,50/50,test,0.10000000000000001,True,3395,95,7.3148531120095868,42,21,21,0.73809523809523814,0.73809523809523814,0.72727272727272729,0.76190476190476186,0.7441860465116279,0.47673129462279618,15,6,5,16,0.85941043083900226,0.8532134143383816,0.84843602233799698
linear_svm_balanced_ratio_preserved_noise_mcc_selected_true_pr_auc_v1,linear_svm_class_weight_balanced,linear_svm,C,80/20,1,random_flip_10,test,60/40,test,0.10000000000000001,True,3395,95,7.3991373809985816,53,21,32,0.84905660377358494,0.83407738095238093,0.84210526315789469,0.76190476190476186,0.80000000000000004,0.68146796577881896,29,3,5,16,0.86160714285714279,0.86120764292682628,0.85860159941917447
linear_svm_balanced_ratio_preserved_noise_mcc_selected_true_pr_auc_v1,linear_svm_class_weight_balanced,linear_svm,C,80/20,1,random_flip_10,test,70/30,test,0.10000000000000001,True,3395,95,7.4856553699937649,70,21,49,0.8571428571428571,0.82993197278911568,0.76190476190476186,0.76190476190476186,0.76190476190476186,0.65986394557823125,44,5,5,16,0.88921282798833823,0.85209783163290687,0.84966292171486968
linear_svm_balanced_ratio_preserved_noise_mcc_selected_true_pr_auc_v1,linear_svm_class_weight_balanced,linear_svm,C,80/20,1,random_flip_10,test,75/25,test,0.10000000000000001,True,3395,95,7.5872825949918479,84,21,63,0.86904761904761907,0.83333333333333326,0.72727272727272729,0.76190476190476186,0.7441860465116279,0.6565706694547585,57,6,5,16,0.90022675736961444,0.8180536394822111,0.81462941086147733
linear_svm_balanced_ratio_preserved_noise_mcc_selected_true_pr_auc_v1,linear_svm_class_weight_balanced,linear_svm,C,80/20,1,random_flip_10,test,80/20,test,0.10000000000000001,True,3395,95,7.7100753120030276,105,21,84,0.77142857142857146,0.76785714285714279,0.45714285714285713,0.76190476190476186,0.5714285714285714,0.45456864504849487,65,19,5,16,0.8214285714285714,0.60957060103152094,0.60187265701785964
linear_svm_balanced_ratio_preserved_noise_mcc_selected_true_pr_auc_v1,linear_svm_class_weight_balanced,linear_svm,C,80/20,1,random_flip_10,test,90/10,test,0.10000000000000001,True,3395,95,7.939615119015798,210,21,189,0.80000000000000004,0.78306878306878303,0.30188679245283018,0.76190476190476186,0.43243243243243246,0.3909982034922051,152,37,5,16,0.84404132023179634,0.52288686069476165,0.51528751212021284
linear_svm_balanced_ratio_preserved_noise_mcc_selected_true_pr_auc_v1,linear_svm_class_weight_balanced,linear_svm,C,80/20,1,random_flip_20,validation_selected_reproduction,80/20,valid,0.10000000000000001,True,3395,95,7.5414918239985127,95,19,76,0.75789473684210529,0.71052631578947367,0.42857142857142855,0.63157894736842102,0.51063829787234039,0.3694056772316881,60,16,7,12,0.80817174515235446,0.55945822450699345,0.53040701389725198
linear_svm_balanced_ratio_preserved_noise_mcc_selected_true_pr_auc_v1,linear_svm_class_weight_balanced,linear_svm,C,80/20,1,random_flip_20,test,50/50,test,0.10000000000000001,True,3395,95,7.6211750509974081,42,21,21,0.73809523809523814,0.73809523809523814,0.77777777777777779,0.66666666666666663,0.71794871794871795,0.48112522432468813,17,4,7,14,0.76417233560090703,0.79837166310518826,0.79303584689953177
linear_svm_balanced_ratio_preserved_noise_mcc_selected_true_pr_auc_v1,linear_svm_class_weight_balanced,linear_svm,C,80/20,1,random_flip_20,test,60/40,test,0.10000000000000001,True,3395,95,7.7063106590067036,53,21,32,0.79245283018867929,0.77083333333333326,0.77777777777777779,0.66666666666666663,0.71794871794871795,0.55943092778551573,28,4,7,14,0.75297619047619047,0.76654912988009172,0.76199615836752166
linear_svm_balanced_ratio_preserved_noise_mcc_selected_true_pr_auc_v1,linear_svm_class_weight_balanced,linear_svm,C,80/20,1,random_flip_20,test,70/30,test,0.10000000000000001,True,3395,95,7.7915952000184916,70,21,49,0.75714285714285712,0.73129251700680276,0.58333333333333337,0.66666666666666663,0.62222222222222223,0.44659589686882373,39,10,7,14,0.7434402332361516,0.6439011546025053,0.63315475318388614
linear_svm_balanced_ratio_preserved_noise_mcc_selected_true_pr_auc_v1,linear_svm_class_weight_balanced,linear_svm,C,80/20,1,random_flip_20,test,75/25,test,0.10000000000000001,True,3395,95,7.8965327290061396,84,21,63,0.86904761904761907,0.80158730158730163,0.77777777777777779,0.66666666666666663,0.71794871794871795,0.6365239496641677,59,4,7,14,0.79516250944822386,0.7315250959228552,0.72697981677267642
linear_svm_balanced_ratio_preserved_noise_mcc_selected_true_pr_auc_v1,linear_svm_class_weight_balanced,linear_svm,C,80/20,1,random_flip_20,test,80/20,test,0.10000000000000001,True,3395,95,8.0196932250109967,105,21,84,0.80000000000000004,0.75,0.5,0.66666666666666663,0.5714285714285714,0.45226701686664544,70,14,7,14,0.74376417233560088,0.52908811094628017,0.51642751512528617
linear_svm_balanced_ratio_preserved_noise_mcc_selected_true_pr_auc_v1,linear_svm_class_weight_balanced,linear_svm,C,80/20,1,random_flip_20,test,90/10,test,0.10000000000000001,True,3395,95,8.2508137469994836,210,21,189,0.81428571428571428,0.74867724867724861,0.30434782608695654,0.66666666666666663,0.41791044776119401,0.36074951759582813,157,32,7,14,0.7482993197278911,0.36143700168674842,0.3334680973263412
linear_svm_balanced_ratio_preserved_noise_mcc_selected_true_pr_auc_v1,linear_svm_class_weight_balanced,linear_svm,C,80/20,1,random_fp_10,validation_selected_reproduction,80/20,valid,0.10000000000000001,True,5095,95,9.4640485029958654,95,19,76,0.78947368421052633,0.78947368421052633,0.4838709677419355,0.78947368421052633,0.59999999999999998,0.49391458057363097,60,16,4,15,0.81094182825484762,0.56682764017917986,0.54875094700930471
linear_svm_balanced_ratio_preserved_noise_mcc_selected_true_pr_auc_v1,linear_svm_class_weight_balanced,linear_svm,C,80/20,1,random_fp_10,test,50/50,test,0.10000000000000001,True,5095,95,9.5404059150023386,42,21,21,0.80952380952380953,0.80952380952380953,0.80952380952380953,0.80952380952380953,0.80952380952380953,0.61904761904761907,17,4,4,17,0.91836734693877542,0.92991824451176197,0.92827801533945342
linear_svm_balanced_ratio_preserved_noise_mcc_selected_true_pr_auc_v1,linear_svm_class_weight_balanced,linear_svm,C,80/20,1,random_fp_10,test,60/40,test,0.10000000000000001,True,5095,95,9.6269270929915365,53,21,32,0.79245283018867929,0.79538690476190477,0.70833333333333337,0.80952380952380953,0.75555555555555554,0.58049869858001624,25,7,4,17,0.8794642857142857,0.84889241795923831,0.84400499602441248
linear_svm_balanced_ratio_preserved_noise_mcc_selected_true_pr_auc_v1,linear_svm_class_weight_balanced,linear_svm,C,80/20,1,random_fp_10,test,70/30,test,0.10000000000000001,True,5095,95,9.7179660830006469,70,21,49,0.81428571428571428,0.81292517006802723,0.65384615384615385,0.80952380952380953,0.72340425531914898,0.59356074020638561,40,9,4,17,0.91059280855199221,0.87742872172027231,0.87532493176416137
linear_svm_balanced_ratio_preserved_noise_mcc_selected_true_pr_auc_v1,linear_svm_class_weight_balanced,linear_svm,C,80/20,1,random_fp_10,test,75/25,test,0.10000000000000001,True,5095,95,9.8227819290186744,84,21,63,0.88095238095238093,0.85714285714285721,0.73913043478260865,0.80952380952380953,0.77272727272727271,0.6936223057722849,57,6,4,17,0.91534391534391535,0.81881062918107639,0.81330723267538918
linear_svm_balanced_ratio_preserved_noise_mcc_selected_true_pr_auc_v1,linear_svm_class_weight_balanced,linear_svm,C,80/20,1,random_fp_10,test,80/20,test,0.10000000000000001,True,5095,95,9.9730943600006867,105,21,84,0.80952380952380953,0.80952380952380953,0.51515151515151514,0.80952380952380953,0.62962962962962965,0.53339646091044179,68,16,4,17,0.88208616780045346,0.66470222106575894,0.64926534443540396
linear_svm_balanced_ratio_preserved_noise_mcc_selected_true_pr_auc_v1,linear_svm_class_weight_balanced,linear_svm,C,80/20,1,random_fp_10,test,90/10,test,0.10000000000000001,True,5095,95,10.2113947320031,210,21,189,0.79047619047619044,0.79894179894179895,0.2982456140350877,0.80952380952380953,0.4358974358974359,0.40334255544980896,149,40,4,17,0.88788107835726882,0.5701284844957959,0.56119875612874581
linear_svm_balanced_ratio_preserved_noise_mcc_selected_true_pr_auc_v1,linear_svm_class_weight_balanced,linear_svm,C,80/20,1,random_fp_20,validation_selected_reproduction,80/20,valid,1,True,6790,95,12.411625478998758,95,19,76,0.82105263157894737,0.80921052631578949,0.5357142857142857,0.78947368421052633,0.63829787234042556,0.54256458843404187,63,13,4,15,0.8317174515235457,0.54269615959643802,0.5111595925212179
linear_svm_balanced_ratio_preserved_noise_mcc_selected_true_pr_auc_v1,linear_svm_class_weight_balanced,linear_svm,C,80/20,1,random_fp_20,test,50/50,test,1,True,6790,95,12.502504555013729,42,21,21,0.69047619047619047,0.69047619047619047,0.75,0.5714285714285714,0.64864864864864868,0.39223227027636809,17,4,9,12,0.80272108843537415,0.81130963538132361,0.80564253583111056
linear_svm_balanced_ratio_preserved_noise_mcc_selected_true_pr_auc_v1,linear_svm_class_weight_balanced,linear_svm,C,80/20,1,random_fp_20,test,60/40,test,1,True,6790,95,12.60026123400894,53,21,32,0.75471698113207553,0.7232142857142857,0.75,0.5714285714285714,0.64864864864864868,0.47563714634235094,28,4,9,12,0.8080357142857143,0.78267246579768535,0.77698479940655441
linear_svm_balanced_ratio_preserved_noise_mcc_selected_true_pr_auc_v1,linear_svm_class_weight_balanced,linear_svm,C,80/20,1,random_fp_20,test,70/30,test,1,True,6790,95,12.703017955005635,70,21,49,0.72857142857142854,0.68367346938775508,0.54545454545454541,0.5714285714285714,0.55813953488372092,0.36262033381142111,39,10,9,12,0.81049562682215748,0.72752188140661089,0.72187207889384841
linear_svm_balanced_ratio_preserved_noise_mcc_selected_true_pr_auc_v1,linear_svm_class_weight_balanced,linear_svm,C,80/20,1,random_fp_20,test,75/25,test,1,True,6790,95,12.80904309800826,84,21,63,0.8214285714285714,0.73809523809523814,0.66666666666666663,0.5714285714285714,0.61538461538461542,0.50251890762960605,57,6,9,12,0.85638699924414208,0.76050582481999873,0.75593730413312921
linear_svm_balanced_ratio_preserved_noise_mcc_selected_true_pr_auc_v1,linear_svm_class_weight_balanced,linear_svm,C,80/20,1,random_fp_20,test,80/20,test,1,True,6790,95,12.948531547997845,105,21,84,0.76190476190476186,0.69047619047619047,0.42857142857142855,0.5714285714285714,0.48979591836734693,0.34458439380315842,68,16,9,12,0.80158730158730163,0.58153137027165092,0.57277141148910005
linear_svm_balanced_ratio_preserved_noise_mcc_selected_true_pr_auc_v1,linear_svm_class_weight_balanced,linear_svm,C,80/20,1,random_fp_20,test,90/10,test,1,True,6790,95,13.216241885005729,210,21,189,0.7857142857142857,0.69047619047619047,0.25,0.5714285714285714,0.34782608695652173,0.27216552697590868,153,36,9,12,0.81027966742252455,0.4229192593907859,0.41281884937610097
linear_svm_balanced_ratio_preserved_noise_mcc_selected_true_pr_auc_v1,linear_svm_class_weight_balanced,linear_svm,C,80/20,1,heuristic_fp_10,validation_selected_reproduction,80/20,valid,1,True,5095,95,9.8994918690004852,95,19,76,0.78947368421052633,0.80921052631578938,0.48484848484848486,0.84210526315789469,0.61538461538461542,0.51953528373532365,59,17,3,16,0.83379501385041543,0.58658608524969247,0.55670173026105452
linear_svm_balanced_ratio_preserved_noise_mcc_selected_true_pr_auc_v1,linear_svm_class_weight_balanced,linear_svm,C,80/20,1,heuristic_fp_10,test,50/50,test,1,True,5095,95,9.9800791260204278,42,21,21,0.8571428571428571,0.85714285714285721,0.89473684210526316,0.80952380952380953,0.84999999999999998,0.71754730985240978,19,2,4,17,0.92743764172335608,0.91248855554775066,0.9090517780078462
linear_svm_balanced_ratio_preserved_noise_mcc_selected_true_pr_auc_v1,linear_svm_class_weight_balanced,linear_svm,C,80/20,1,heuristic_fp_10,test,60/40,test,1,True,5095,95,10.070173423999222,53,21,32,0.83018867924528306,0.82663690476190477,0.77272727272727271,0.80952380952380953,0.79069767441860461,0.64846672574637432,27,5,4,17,0.9017857142857143,0.86708309127992145,0.86354929985532447
linear_svm_balanced_ratio_preserved_noise_mcc_selected_true_pr_auc_v1,linear_svm_class_weight_balanced,linear_svm,C,80/20,1,heuristic_fp_10,test,70/30,test,1,True,5095,95,10.160711363016162,70,21,49,0.87142857142857144,0.8537414965986394,0.77272727272727271,0.80952380952380953,0.79069767441860461,0.69837990215532952,44,5,4,17,0.95238095238095233,0.90565084636941928,0.90349553891840362
linear_svm_balanced_ratio_preserved_noise_mcc_selected_true_pr_auc_v1,linear_svm_class_weight_balanced,linear_svm,C,80/20,1,heuristic_fp_10,test,75/25,test,1,True,5095,95,10.271438210998895,84,21,63,0.88095238095238093,0.85714285714285721,0.73913043478260865,0.80952380952380953,0.77272727272727271,0.6936223057722849,57,6,4,17,0.94255479969765688,0.84668795486132975,0.84157388666013189
linear_svm_balanced_ratio_preserved_noise_mcc_selected_true_pr_auc_v1,linear_svm_class_weight_balanced,linear_svm,C,80/20,1,heuristic_fp_10,test,80/20,test,1,True,5095,95,10.402837300003739,105,21,84,0.81904761904761902,0.81547619047619047,0.53125,0.80952380952380953,0.64150943396226412,0.5482889011990687,69,15,4,17,0.91666666666666674,0.73057048540266689,0.7214793595401281
linear_svm_balanced_ratio_preserved_noise_mcc_selected_true_pr_auc_v1,linear_svm_class_weight_balanced,linear_svm,C,80/20,1,heuristic_fp_10,test,90/10,test,1,True,5095,95,10.654690094001126,210,21,189,0.8571428571428571,0.83597883597883604,0.39534883720930231,0.80952380952380953,0.53125,0.49956269849181806,163,26,4,17,0.9062736205593348,0.43005809579118581,0.40467752296177145
linear_svm_balanced_ratio_preserved_noise_mcc_selected_true_pr_auc_v1,linear_svm_class_weight_balanced,linear_svm,C,80/20,1,heuristic_fp_20,validation_selected_reproduction,80/20,valid,1,True,6790,95,12.658071763988119,95,19,76,0.74736842105263157,0.74342105263157898,0.42424242424242425,0.73684210526315785,0.53846153846153844,0.40899586166397822,57,19,5,14,0.84072022160664817,0.51392237348314151,0.48646905649897509
linear_svm_balanced_ratio_preserved_noise_mcc_selected_true_pr_auc_v1,linear_svm_class_weight_balanced,linear_svm,C,80/20,1,heuristic_fp_20,test,50/50,test,1,True,6790,95,12.747095297992928,42,21,21,0.80952380952380953,0.80952380952380953,0.88235294117647056,0.7142857142857143,0.78947368421052633,0.63059262509446579,19,2,6,15,0.92290249433106575,0.92943757981892805,0.9277199900397024
linear_svm_balanced_ratio_preserved_noise_mcc_selected_true_pr_auc_v1,linear_svm_class_weight_balanced,linear_svm,C,80/20,1,heuristic_fp_20,test,60/40,test,1,True,6790,95,12.841130315006012,53,21,32,0.75471698113207553,0.74776785714285721,0.68181818181818177,0.7142857142857143,0.69767441860465118,0.49188933866410628,25,7,6,15,0.86755952380952372,0.77892758745076951,0.76914052892310947
linear_svm_balanced_ratio_preserved_noise_mcc_selected_true_pr_auc_v1,linear_svm_class_weight_balanced,linear_svm,C,80/20,1,heuristic_fp_20,test,70/30,test,1,True,6790,95,12.940132921998156,70,21,49,0.80000000000000004,0.77551020408163263,0.65217391304347827,0.7142857142857143,0.68181818181818177,0.53760404102768633,41,8,6,15,0.92419825072886308,0.86940314388976403,0.86689633175490144
linear_svm_balanced_ratio_preserved_noise_mcc_selected_true_pr_auc_v1,linear_svm_class_weight_balanced,linear_svm,C,80/20,1,heuristic_fp_20,test,75/25,test,1,True,6790,95,13.053750563994981,84,21,63,0.8214285714285714,0.7857142857142857,0.625,0.7142857142857143,0.66666666666666663,0.54772255750516607,54,9,6,15,0.90778533635676495,0.79530023969233499,0.79070934769603585
linear_svm_balanced_ratio_preserved_noise_mcc_selected_true_pr_auc_v1,linear_svm_class_weight_balanced,linear_svm,C,80/20,1,heuristic_fp_20,test,80/20,test,1,True,6790,95,13.189409077982418,105,21,84,0.80000000000000004,0.76785714285714279,0.5,0.7142857142857143,0.58823529411764708,0.47434164902525688,69,15,6,15,0.88095238095238093,0.55760041323291398,0.52812957136407457
linear_svm_balanced_ratio_preserved_noise_mcc_selected_true_pr_auc_v1,linear_svm_class_weight_balanced,linear_svm,C,80/20,1,heuristic_fp_20,test,90/10,test,1,True,6790,95,13.425530671986053,210,21,189,0.80476190476190479,0.76455026455026454,0.29999999999999999,0.7142857142857143,0.42253521126760563,0.37267799624996495,154,35,6,15,0.88788107835726882,0.41147813543497536,0.38251261351936972
linear_svm_balanced_ratio_preserved_noise_mcc_selected_true_pr_auc_v1,linear_svm_class_weight_balanced,linear_svm,C,80/20,2,clean,validation_selected_reproduction,80/20,valid,10,True,3395,95,9.6389502509846352,95,19,76,0.84210526315789469,0.76315789473684204,0.59999999999999998,0.63157894736842102,0.61538461538461542,0.5163977794943222,68,8,7,12,0.82340720221606645,0.66334632221025958,0.65607033636563394
linear_svm_balanced_ratio_preserved_noise_mcc_selected_true_pr_auc_v1,linear_svm_class_weight_balanced,linear_svm,C,80/20,2,clean,test,50/50,test,10,True,3395,95,9.7494190039869864,42,21,21,0.73809523809523814,0.73809523809523814,0.91666666666666663,0.52380952380952384,0.66666666666666663,0.52704627669472992,20,1,10,11,0.81405895691609986,0.8584432157116666,0.85537527689324766
linear_svm_balanced_ratio_preserved_noise_mcc_selected_true_pr_auc_v1,linear_svm_class_weight_balanced,linear_svm,C,80/20,2,clean,test,60/40,test,10,True,3395,95,9.842074218991911,53,21,32,0.79245283018867929,0.74627976190476186,0.91666666666666663,0.52380952380952384,0.66666666666666663,0.57565304446651,31,1,10,11,0.89583333333333326,0.8969650175259789,0.89492252250923432
linear_svm_balanced_ratio_preserved_noise_mcc_selected_true_pr_auc_v1,linear_svm_class_weight_balanced,linear_svm,C,80/20,2,clean,test,70/30,test,10,True,3395,95,9.9806565479957499,70,21,49,0.7857142857142857,0.71088435374149661,0.6875,0.52380952380952384,0.59459459459459463,0.46028324996028647,44,5,10,11,0.85617103984450926,0.7609725658840254,0.75535735234675094
linear_svm_balanced_ratio_preserved_noise_mcc_selected_true_pr_auc_v1,linear_svm_class_weight_balanced,linear_svm,C,80/20,2,clean,test,75/25,test,10,True,3395,95,10.106089993991191,84,21,63,0.84523809523809523,0.73809523809523814,0.7857142857142857,0.52380952380952384,0.62857142857142856,0.55328333517248818,60,3,10,11,0.86167800453514742,0.76263226673254758,0.75788636188750047
linear_svm_balanced_ratio_preserved_noise_mcc_selected_true_pr_auc_v1,linear_svm_class_weight_balanced,linear_svm,C,80/20,2,clean,test,80/20,test,10,True,3395,95,10.223416759981774,105,21,84,0.8571428571428571,0.73214285714285721,0.6875,0.52380952380952384,0.59459459459459463,0.51674896650310043,79,5,10,11,0.85941043083900215,0.68527936391390676,0.67815774682284435
linear_svm_balanced_ratio_preserved_noise_mcc_selected_true_pr_auc_v1,linear_svm_class_weight_balanced,linear_svm,C,80/20,2,clean,test,90/10,test,10,True,3395,95,10.445568841998465,210,21,189,0.8666666666666667,0.7142857142857143,0.37931034482758619,0.52380952380952384,0.44,0.3726708962014546,171,18,10,11,0.82464096749811033,0.38425172063977187,0.35562716610391043
linear_svm_balanced_ratio_preserved_noise_mcc_selected_true_pr_auc_v1,linear_svm_class_weight_balanced,linear_svm,C,80/20,2,random_flip_10,validation_selected_reproduction,80/20,valid,1,True,3395,95,7.9199619099963456,95,19,76,0.76842105263157889,0.6578947368421052,0.42857142857142855,0.47368421052631576,0.45000000000000001,0.3044077736591046,64,12,10,9,0.7444598337950139,0.52136349851947861,0.51211570259120587
linear_svm_balanced_ratio_preserved_noise_mcc_selected_true_pr_auc_v1,linear_svm_class_weight_balanced,linear_svm,C,80/20,2,random_flip_10,test,50/50,test,1,True,3395,95,8.0277379530016333,42,21,21,0.73809523809523814,0.73809523809523814,0.75,0.7142857142857143,0.73170731707317072,0.47673129462279618,16,5,6,15,0.80272108843537415,0.81332863922319065,0.8065047715305067
linear_svm_balanced_ratio_preserved_noise_mcc_selected_true_pr_auc_v1,linear_svm_class_weight_balanced,linear_svm,C,80/20,2,random_flip_10,test,60/40,test,1,True,3395,95,8.1184752249973826,53,21,32,0.83018867924528306,0.81026785714285721,0.83333333333333337,0.7142857142857143,0.76923076923076927,0.64088652990813211,29,3,6,15,0.87202380952380953,0.85084321890707537,0.84743225335795191
linear_svm_balanced_ratio_preserved_noise_mcc_selected_true_pr_auc_v1,linear_svm_class_weight_balanced,linear_svm,C,80/20,2,random_flip_10,test,70/30,test,1,True,3395,95,8.2623285820009187,70,21,49,0.82857142857142863,0.79591836734693877,0.7142857142857143,0.7142857142857143,0.7142857142857143,0.59183673469387754,43,6,6,15,0.86783284742468414,0.68623155350317178,0.65979417997512702
linear_svm_balanced_ratio_preserved_noise_mcc_selected_true_pr_auc_v1,linear_svm_class_weight_balanced,linear_svm,C,80/20,2,random_flip_10,test,75/25,test,1,True,3395,95,8.381055578996893,84,21,63,0.80952380952380953,0.77777777777777779,0.59999999999999998,0.7142857142857143,0.65217391304347827,0.52615221960198022,53,10,6,15,0.86092214663643229,0.64807928252567504,0.62158386724522063
linear_svm_balanced_ratio_preserved_noise_mcc_selected_true_pr_auc_v1,linear_svm_class_weight_balanced,linear_svm,C,80/20,2,random_flip_10,test,80/20,test,1,True,3395,95,8.4976749679772183,105,21,84,0.87619047619047619,0.81547619047619047,0.68181818181818177,0.7142857142857143,0.69767441860465118,0.6201481997912045,77,7,6,15,0.9007936507936507,0.66486285368741671,0.63857443799793701
linear_svm_balanced_ratio_preserved_noise_mcc_selected_true_pr_auc_v1,linear_svm_class_weight_balanced,linear_svm,C,80/20,2,random_flip_10,test,90/10,test,1,True,3395,95,8.7255138369800989,210,21,189,0.80952380952380953,0.76719576719576721,0.30612244897959184,0.7142857142857143,0.42857142857142855,0.37904357633404367,155,34,6,15,0.85386747291509191,0.39467093592651253,0.36990574133770965
linear_svm_balanced_ratio_preserved_noise_mcc_selected_true_pr_auc_v1,linear_svm_class_weight_balanced,linear_svm,C,80/20,2,random_flip_20,validation_selected_reproduction,80/20,valid,1,True,3395,95,8.2201737239956856,95,19,76,0.76842105263157889,0.69736842105263164,0.44,0.57894736842105265,0.5,0.35856858280031811,62,14,8,11,0.73753462603878117,0.45012250853779306,0.43171334907166331
linear_svm_balanced_ratio_preserved_noise_mcc_selected_true_pr_auc_v1,linear_svm_class_weight_balanced,linear_svm,C,80/20,2,random_flip_20,test,50/50,test,1,True,3395,95,8.3285713799996302,42,21,21,0.66666666666666663,0.66666666666666663,0.76923076923076927,0.47619047619047616,0.58823529411764708,0.36051834183722337,18,3,11,10,0.72789115646258506,0.75861652412760794,0.75070905189610393
linear_svm_balanced_ratio_preserved_noise_mcc_selected_true_pr_auc_v1,linear_svm_class_weight_balanced,linear_svm,C,80/20,2,random_flip_20,test,60/40,test,1,True,3395,95,8.4173058680025861,53,21,32,0.71698113207547165,0.67559523809523814,0.7142857142857143,0.47619047619047616,0.5714285714285714,0.38961085211057755,28,4,11,10,0.74702380952380953,0.68503021176264389,0.67365633113990575
linear_svm_balanced_ratio_preserved_noise_mcc_selected_true_pr_auc_v1,linear_svm_class_weight_balanced,linear_svm,C,80/20,2,random_flip_20,test,70/30,test,1,True,3395,95,8.5439547220012173,70,21,49,0.69999999999999996,0.63605442176870741,0.5,0.47619047619047616,0.48780487804878048,0.27602622373694169,39,10,11,10,0.69776482021379982,0.51449304017752617,0.49729450120817281
linear_svm_balanced_ratio_preserved_noise_mcc_selected_true_pr_auc_v1,linear_svm_class_weight_balanced,linear_svm,C,80/20,2,random_flip_20,test,75/25,test,1,True,3395,95,8.6588056119799148,84,21,63,0.72619047619047616,0.64285714285714279,0.45454545454545453,0.47619047619047616,0.46511627906976744,0.28138742976632508,51,12,11,10,0.70823885109599394,0.42692140080248686,0.39771154028861183
linear_svm_balanced_ratio_preserved_noise_mcc_selected_true_pr_auc_v1,linear_svm_class_weight_balanced,linear_svm,C,80/20,2,random_flip_20,test,80/20,test,1,True,3395,95,8.7806106570060365,105,21,84,0.75238095238095237,0.64880952380952372,0.40000000000000002,0.47619047619047616,0.43478260869565216,0.27950849718747373,69,15,11,10,0.71825396825396826,0.37490483257277418,0.35002053589083482
linear_svm_balanced_ratio_preserved_noise_mcc_selected_true_pr_auc_v1,linear_svm_class_weight_balanced,linear_svm,C,80/20,2,random_flip_20,test,90/10,test,1,True,3395,95,9.0015948030049913,210,21,189,0.79523809523809519,0.65343915343915349,0.23809523809523808,0.47619047619047616,0.31746031746031744,0.23015873015873015,157,32,11,10,0.6951373141849333,0.22216586658690102,0.20136545524447175
linear_svm_balanced_ratio_preserved_noise_mcc_selected_true_pr_auc_v1,linear_svm_class_weight_balanced,linear_svm,C,80/20,2,random_fp_10,validation_selected_reproduction,80/20,valid,0.10000000000000001,True,5095,95,10.161702993995277,95,19,76,0.82105263157894737,0.80921052631578949,0.5357142857142857,0.78947368421052633,0.63829787234042556,0.54256458843404187,63,13,4,15,0.83518005540166196,0.64396617850725257,0.63528288909612174
linear_svm_balanced_ratio_preserved_noise_mcc_selected_true_pr_auc_v1,linear_svm_class_weight_balanced,linear_svm,C,80/20,2,random_fp_10,test,50/50,test,0.10000000000000001,True,5095,95,10.262147722998634,42,21,21,0.80952380952380953,0.80952380952380953,0.84210526315789469,0.76190476190476186,0.80000000000000004,0.6218743352054219,18,3,5,16,0.86167800453514731,0.89576212364801489,0.89359269090200488
linear_svm_balanced_ratio_preserved_noise_mcc_selected_true_pr_auc_v1,linear_svm_class_weight_balanced,linear_svm,C,80/20,2,random_fp_10,test,60/40,test,0.10000000000000001,True,5095,95,10.355028274003416,53,21,32,0.77358490566037741,0.77157738095238093,0.69565217391304346,0.76190476190476186,0.72727272727272729,0.53602331781320434,25,7,5,16,0.85565476190476186,0.85708515905391391,0.8545524833305298
linear_svm_balanced_ratio_preserved_noise_mcc_selected_true_pr_auc_v1,linear_svm_class_weight_balanced,linear_svm,C,80/20,2,random_fp_10,test,70/30,test,0.10000000000000001,True,5095,95,10.486406623007497,70,21,49,0.77142857142857146,0.76870748299319724,0.59259259259259256,0.76190476190476186,0.66666666666666663,0.50594269998482844,38,11,5,16,0.80952380952380953,0.64901865255285718,0.63674218009696859
linear_svm_balanced_ratio_preserved_noise_mcc_selected_true_pr_auc_v1,linear_svm_class_weight_balanced,linear_svm,C,80/20,2,random_fp_10,test,75/25,test,0.10000000000000001,True,5095,95,10.604231409000931,84,21,63,0.76190476190476186,0.76190476190476186,0.5161290322580645,0.76190476190476186,0.61538461538461542,0.47003968959987613,48,15,5,16,0.82161753590325015,0.67827164421710973,0.67089942878632547
linear_svm_balanced_ratio_preserved_noise_mcc_selected_true_pr_auc_v1,linear_svm_class_weight_balanced,linear_svm,C,80/20,2,random_fp_10,test,80/20,test,0.10000000000000001,True,5095,95,10.728091230004793,105,21,84,0.80952380952380953,0.79166666666666663,0.5161290322580645,0.76190476190476186,0.61538461538461542,0.51152796052883553,69,15,5,16,0.85827664399092962,0.67154314010823346,0.66401070821381958
linear_svm_balanced_ratio_preserved_noise_mcc_selected_true_pr_auc_v1,linear_svm_class_weight_balanced,linear_svm,C,80/20,2,random_fp_10,test,90/10,test,0.10000000000000001,True,5095,95,10.946261033997871,210,21,189,0.81428571428571428,0.79100529100529093,0.32000000000000001,0.76190476190476186,0.45070422535211269,0.40994579587496149,155,34,5,16,0.85210380448475687,0.56519091370891972,0.55692043830000393
linear_svm_balanced_ratio_preserved_noise_mcc_selected_true_pr_auc_v1,linear_svm_class_weight_balanced,linear_svm,C,80/20,2,random_fp_20,validation_selected_reproduction,80/20,valid,0.10000000000000001,True,6790,95,11.86082421100582,95,19,76,0.76842105263157889,0.77631578947368429,0.45454545454545453,0.78947368421052633,0.57692307692307687,0.46426557269965096,58,18,4,15,0.81786703601108035,0.6727340221968392,0.66666244665701302
linear_svm_balanced_ratio_preserved_noise_mcc_selected_true_pr_auc_v1,linear_svm_class_weight_balanced,linear_svm,C,80/20,2,random_fp_20,test,50/50,test,0.10000000000000001,True,6790,95,11.966948065994075,42,21,21,0.83333333333333337,0.83333333333333326,0.84999999999999998,0.80952380952380953,0.82926829268292679,0.66742381247191462,18,3,4,17,0.88435374149659862,0.92143815658308426,0.92000958479688877
linear_svm_balanced_ratio_preserved_noise_mcc_selected_true_pr_auc_v1,linear_svm_class_weight_balanced,linear_svm,C,80/20,2,random_fp_20,test,60/40,test,0.10000000000000001,True,6790,95,12.054160150990356,53,21,32,0.77358490566037741,0.77976190476190477,0.68000000000000005,0.80952380952380953,0.73913043478260865,0.54821913290861601,24,8,4,17,0.86607142857142849,0.86491483902198207,0.8623750829098229
linear_svm_balanced_ratio_preserved_noise_mcc_selected_true_pr_auc_v1,linear_svm_class_weight_balanced,linear_svm,C,80/20,2,random_fp_20,test,70/30,test,0.10000000000000001,True,6790,95,12.189888235996477,70,21,49,0.77142857142857146,0.78231292517006801,0.58620689655172409,0.80952380952380953,0.68000000000000005,0.52526385619714755,37,12,4,17,0.8328474246841594,0.7047614095414072,0.69612984609696782
linear_svm_balanced_ratio_preserved_noise_mcc_selected_true_pr_auc_v1,linear_svm_class_weight_balanced,linear_svm,C,80/20,2,random_fp_20,test,75/25,test,0.10000000000000001,True,6790,95,12.305145596008515,84,21,63,0.70238095238095233,0.73809523809523814,0.44736842105263158,0.80952380952380953,0.57627118644067798,0.41427613249958056,42,21,4,17,0.82388510959939532,0.65311787420509049,0.64286468998643631
linear_svm_balanced_ratio_preserved_noise_mcc_selected_true_pr_auc_v1,linear_svm_class_weight_balanced,linear_svm,C,80/20,2,random_fp_20,test,80/20,test,0.10000000000000001,True,6790,95,12.436788020015229,105,21,84,0.83809523809523812,0.82738095238095233,0.56666666666666665,0.80952380952380953,0.66666666666666663,0.57975090436420285,71,13,4,17,0.87471655328798192,0.69769483525456244,0.69048093797879551
linear_svm_balanced_ratio_preserved_noise_mcc_selected_true_pr_auc_v1,linear_svm_class_weight_balanced,linear_svm,C,80/20,2,random_fp_20,test,90/10,test,0.10000000000000001,True,6790,95,12.652819226001156,210,21,189,0.76190476190476186,0.78306878306878303,0.26984126984126983,0.80952380952380953,0.40476190476190477,0.37062403579763781,143,46,4,17,0.84177374653565129,0.45447176681793178,0.43789993798627985
linear_svm_balanced_ratio_preserved_noise_mcc_selected_true_pr_auc_v1,linear_svm_class_weight_balanced,linear_svm,C,80/20,2,heuristic_fp_10,validation_selected_reproduction,80/20,valid,0.10000000000000001,True,5095,95,9.7740605629805941,95,19,76,0.78947368421052633,0.78947368421052633,0.4838709677419355,0.78947368421052633,0.59999999999999998,0.49391458057363097,60,16,4,15,0.85041551246537395,0.57548224768076461,0.54521739496463584
linear_svm_balanced_ratio_preserved_noise_mcc_selected_true_pr_auc_v1,linear_svm_class_weight_balanced,linear_svm,C,80/20,2,heuristic_fp_10,test,50/50,test,0.10000000000000001,True,5095,95,9.8868632179801352,42,21,21,0.88095238095238093,0.88095238095238093,0.90000000000000002,0.8571428571428571,0.87804878048780488,0.7627700713964739,19,2,3,18,0.91609977324263037,0.90296849266426915,0.89930045620053378
linear_svm_balanced_ratio_preserved_noise_mcc_selected_true_pr_auc_v1,linear_svm_class_weight_balanced,linear_svm,C,80/20,2,heuristic_fp_10,test,60/40,test,0.10000000000000001,True,5095,95,9.9772602329903748,53,21,32,0.77358490566037741,0.7879464285714286,0.66666666666666663,0.8571428571428571,0.75,0.56345309973803104,23,9,3,18,0.88988095238095233,0.85789183346728137,0.85408153432954093
linear_svm_balanced_ratio_preserved_noise_mcc_selected_true_pr_auc_v1,linear_svm_class_weight_balanced,linear_svm,C,80/20,2,heuristic_fp_10,test,70/30,test,0.10000000000000001,True,5095,95,10.122876348992577,70,21,49,0.8571428571428571,0.8571428571428571,0.71999999999999997,0.8571428571428571,0.78260869565217395,0.68313005106397318,42,7,3,18,0.88046647230320707,0.64882032232249598,0.62018356636379668
linear_svm_balanced_ratio_preserved_noise_mcc_selected_true_pr_auc_v1,linear_svm_class_weight_balanced,linear_svm,C,80/20,2,heuristic_fp_10,test,75/25,test,0.10000000000000001,True,5095,95,10.241890081990277,84,21,63,0.72619047619047616,0.76984126984126977,0.47368421052631576,0.8571428571428571,0.61016949152542377,0.46951295016619132,43,20,3,18,0.88057445200302342,0.77121395874081178,0.76605514758944837
linear_svm_balanced_ratio_preserved_noise_mcc_selected_true_pr_auc_v1,linear_svm_class_weight_balanced,linear_svm,C,80/20,2,heuristic_fp_10,test,80/20,test,0.10000000000000001,True,5095,95,10.368591756006936,105,21,84,0.80000000000000004,0.8214285714285714,0.5,0.8571428571428571,0.63157894736842102,0.5417363388859614,66,18,3,18,0.91666666666666663,0.76508307405299081,0.75948873585969001
linear_svm_balanced_ratio_preserved_noise_mcc_selected_true_pr_auc_v1,linear_svm_class_weight_balanced,linear_svm,C,80/20,2,heuristic_fp_10,test,90/10,test,0.10000000000000001,True,5095,95,10.618535477988189,210,21,189,0.81428571428571428,0.83333333333333326,0.33333333333333331,0.8571428571428571,0.47999999999999998,0.45760431532242946,153,36,3,18,0.90803728898966996,0.5185001960341753,0.4894229418681007
linear_svm_balanced_ratio_preserved_noise_mcc_selected_true_pr_auc_v1,linear_svm_class_weight_balanced,linear_svm,C,80/20,2,heuristic_fp_20,validation_selected_reproduction,80/20,valid,1,True,6790,95,12.85498044299311,95,19,76,0.82105263157894737,0.80921052631578949,0.5357142857142857,0.78947368421052633,0.63829787234042556,0.54256458843404187,63,13,4,15,0.8372576177285318,0.60003670164887835,0.58892629972592858
linear_svm_balanced_ratio_preserved_noise_mcc_selected_true_pr_auc_v1,linear_svm_class_weight_balanced,linear_svm,C,80/20,2,heuristic_fp_20,test,50/50,test,1,True,6790,95,12.970695533003891,42,21,21,0.7857142857142857,0.7857142857142857,0.77272727272727271,0.80952380952380953,0.79069767441860461,0.57207755354735534,16,5,4,17,0.86621315192743764,0.86851381517458481,0.86447674794170837
linear_svm_balanced_ratio_preserved_noise_mcc_selected_true_pr_auc_v1,linear_svm_class_weight_balanced,linear_svm,C,80/20,2,heuristic_fp_20,test,60/40,test,1,True,6790,95,13.064146805991186,53,21,32,0.77358490566037741,0.77976190476190477,0.68000000000000005,0.80952380952380953,0.73913043478260865,0.54821913290861601,24,8,4,17,0.81547619047619047,0.66967826339393299,0.64149240425380227
linear_svm_balanced_ratio_preserved_noise_mcc_selected_true_pr_auc_v1,linear_svm_class_weight_balanced,linear_svm,C,80/20,2,heuristic_fp_20,test,70/30,test,1,True,6790,95,13.202098830981413,70,21,49,0.80000000000000004,0.80272108843537415,0.62962962962962965,0.80952380952380953,0.70833333333333337,0.56998607972974347,39,10,4,17,0.83673469387755095,0.60233790091857875,0.58003501534868462
linear_svm_balanced_ratio_preserved_noise_mcc_selected_true_pr_auc_v1,linear_svm_class_weight_balanced,linear_svm,C,80/20,2,heuristic_fp_20,test,75/25,test,1,True,6790,95,13.32788358500693,84,21,63,0.77380952380952384,0.7857142857142857,0.53125,0.80952380952380953,0.64150943396226412,0.50952466536506802,48,15,4,17,0.87074829931972786,0.73342055543729656,0.72497005224128785
linear_svm_balanced_ratio_preserved_noise_mcc_selected_true_pr_auc_v1,linear_svm_class_weight_balanced,linear_svm,C,80/20,2,heuristic_fp_20,test,80/20,test,1,True,6790,95,13.444710028998088,105,21,84,0.84761904761904761,0.83333333333333326,0.58620689655172409,0.80952380952380953,0.68000000000000005,0.59642005197922698,72,12,4,17,0.88718820861678005,0.63241657867306356,0.61937389340544424
linear_svm_balanced_ratio_preserved_noise_mcc_selected_true_pr_auc_v1,linear_svm_class_weight_balanced,linear_svm,C,80/20,2,heuristic_fp_20,test,90/10,test,1,True,6790,95,13.649196468002629,210,21,189,0.81904761904761902,0.81481481481481488,0.33333333333333331,0.80952380952380953,0.47222222222222221,0.44049608863155321,155,34,4,17,0.8687326782564877,0.40061221881519266,0.37173944385387703
linear_svm_balanced_ratio_preserved_noise_mcc_selected_true_pr_auc_v1,linear_svm_class_weight_balanced,linear_svm,C,80/20,3,clean,validation_selected_reproduction,80/20,valid,0.10000000000000001,True,3395,95,7.2702830090129282,95,19,76,0.78947368421052633,0.78947368421052633,0.4838709677419355,0.78947368421052633,0.59999999999999998,0.49391458057363097,60,16,4,15,0.86288088642659277,0.77613103204231537,0.77251204705058951
linear_svm_balanced_ratio_preserved_noise_mcc_selected_true_pr_auc_v1,linear_svm_class_weight_balanced,linear_svm,C,80/20,3,clean,test,50/50,test,0.10000000000000001,True,3395,95,7.3502355910022743,42,21,21,0.80952380952380953,0.80952380952380953,0.84210526315789469,0.76190476190476186,0.80000000000000004,0.6218743352054219,18,3,5,16,0.88435374149659862,0.87285408804463605,0.86797035246743981
linear_svm_balanced_ratio_preserved_noise_mcc_selected_true_pr_auc_v1,linear_svm_class_weight_balanced,linear_svm,C,80/20,3,clean,test,60/40,test,0.10000000000000001,True,3395,95,7.4480475320015103,53,21,32,0.79245283018867929,0.78720238095238093,0.72727272727272729,0.76190476190476186,0.7441860465116279,0.57017803220524033,26,6,5,16,0.87351190476190477,0.81768636293247887,0.81232649966453541
linear_svm_balanced_ratio_preserved_noise_mcc_selected_true_pr_auc_v1,linear_svm_class_weight_balanced,linear_svm,C,80/20,3,clean,test,70/30,test,0.10000000000000001,True,3395,95,7.5493305400013924,70,21,49,0.82857142857142863,0.80952380952380953,0.69565217391304346,0.76190476190476186,0.72727272727272729,0.60397491029036365,42,7,5,16,0.90864917395529643,0.8486748005179412,0.84495455812957498
linear_svm_balanced_ratio_preserved_noise_mcc_selected_true_pr_auc_v1,linear_svm_class_weight_balanced,linear_svm,C,80/20,3,clean,test,75/25,test,0.10000000000000001,True,3395,95,7.6601523900171742,84,21,63,0.80952380952380953,0.79365079365079361,0.59259259259259256,0.76190476190476186,0.66666666666666663,0.54452996901562911,52,11,5,16,0.87679516250944822,0.61692803494875159,0.592319984070524
linear_svm_balanced_ratio_preserved_noise_mcc_selected_true_pr_auc_v1,linear_svm_class_weight_balanced,linear_svm,C,80/20,3,clean,test,80/20,test,0.10000000000000001,True,3395,95,7.7823118930100463,105,21,84,0.77142857142857146,0.76785714285714279,0.45714285714285713,0.76190476190476186,0.5714285714285714,0.45456864504849487,65,19,5,16,0.87301587301587302,0.59718544234721016,0.56922861910323397
linear_svm_balanced_ratio_preserved_noise_mcc_selected_true_pr_auc_v1,linear_svm_class_weight_balanced,linear_svm,C,80/20,3,clean,test,90/10,test,0.10000000000000001,True,3395,95,7.9679710420023184,210,21,189,0.82857142857142863,0.79894179894179884,0.34042553191489361,0.76190476190476186,0.47058823529411764,0.43034271710762478,158,31,5,16,0.90753338372385983,0.58874424468001219,0.57679990445913809
linear_svm_balanced_ratio_preserved_noise_mcc_selected_true_pr_auc_v1,linear_svm_class_weight_balanced,linear_svm,C,80/20,3,random_flip_10,validation_selected_reproduction,80/20,valid,0.10000000000000001,True,3395,95,7.374349618999986,95,19,76,0.80000000000000004,0.81578947368421051,0.5,0.84210526315789469,0.62745098039215685,0.53452248382484879,60,16,3,16,0.86772853185595566,0.7213576868607825,0.71488652192424662
linear_svm_balanced_ratio_preserved_noise_mcc_selected_true_pr_auc_v1,linear_svm_class_weight_balanced,linear_svm,C,80/20,3,random_flip_10,test,50/50,test,0.10000000000000001,True,3395,95,7.4567792860034388,42,21,21,0.7142857142857143,0.7142857142857143,0.7142857142857143,0.7142857142857143,0.7142857142857143,0.42857142857142855,15,6,6,15,0.85487528344671204,0.86966371945668008,0.86637520717067407
linear_svm_balanced_ratio_preserved_noise_mcc_selected_true_pr_auc_v1,linear_svm_class_weight_balanced,linear_svm,C,80/20,3,random_flip_10,test,60/40,test,0.10000000000000001,True,3395,95,7.5634195340098813,53,21,32,0.77358490566037741,0.76339285714285721,0.7142857142857143,0.7142857142857143,0.7142857142857143,0.5267857142857143,26,6,6,15,0.86011904761904767,0.82648920814708116,0.82170061977457109
linear_svm_balanced_ratio_preserved_noise_mcc_selected_true_pr_auc_v1,linear_svm_class_weight_balanced,linear_svm,C,80/20,3,random_flip_10,test,70/30,test,0.10000000000000001,True,3395,95,7.6781447510002181,70,21,49,0.7857142857142857,0.76530612244897966,0.625,0.7142857142857143,0.66666666666666663,0.51227176405541541,40,9,6,15,0.88532555879494645,0.8330854739789586,0.83007038728404714
linear_svm_balanced_ratio_preserved_noise_mcc_selected_true_pr_auc_v1,linear_svm_class_weight_balanced,linear_svm,C,80/20,3,random_flip_10,test,75/25,test,0.10000000000000001,True,3395,95,7.7990926270140335,84,21,63,0.79761904761904767,0.76984126984126977,0.57692307692307687,0.7142857142857143,0.63829787234042556,0.50549587843254462,52,11,6,15,0.86470143613000761,0.61021585811324619,0.58567023696848375
linear_svm_balanced_ratio_preserved_noise_mcc_selected_true_pr_auc_v1,linear_svm_class_weight_balanced,linear_svm,C,80/20,3,random_flip_10,test,80/20,test,0.10000000000000001,True,3395,95,7.9273090049973689,105,21,84,0.76190476190476186,0.74404761904761907,0.44117647058823528,0.7142857142857143,0.54545454545454541,0.41723931926931906,65,19,6,15,0.85317460317460314,0.56880544560166402,0.54047489159384854
linear_svm_balanced_ratio_preserved_noise_mcc_selected_true_pr_auc_v1,linear_svm_class_weight_balanced,linear_svm,C,80/20,3,random_flip_10,test,90/10,test,0.10000000000000001,True,3395,95,8.1268312130123377,210,21,189,0.81904761904761902,0.77248677248677255,0.31914893617021278,0.7142857142857143,0.44117647058823528,0.39225929081491462,157,32,6,15,0.87931468883849828,0.55106080301958549,0.52437000442276627
linear_svm_balanced_ratio_preserved_noise_mcc_selected_true_pr_auc_v1,linear_svm_class_weight_balanced,linear_svm,C,80/20,3,random_flip_20,validation_selected_reproduction,80/20,valid,1,True,3395,95,7.1676600910141133,95,19,76,0.81052631578947365,0.76315789473684204,0.52000000000000002,0.68421052631578949,0.59090909090909094,0.47809144373375745,64,12,6,13,0.75138504155124664,0.5971728439743198,0.58792248613375753
linear_svm_balanced_ratio_preserved_noise_mcc_selected_true_pr_auc_v1,linear_svm_class_weight_balanced,linear_svm,C,80/20,3,random_flip_20,test,50/50,test,1,True,3395,95,7.2468254760024138,42,21,21,0.69047619047619047,0.69047619047619047,0.69999999999999996,0.66666666666666663,0.68292682926829273,0.38138503569823695,15,6,7,14,0.79818594104308382,0.80383523558872727,0.79729616824203853
linear_svm_balanced_ratio_preserved_noise_mcc_selected_true_pr_auc_v1,linear_svm_class_weight_balanced,linear_svm,C,80/20,3,random_flip_20,test,60/40,test,1,True,3395,95,7.3515341299935244,53,21,32,0.67924528301886788,0.67708333333333326,0.58333333333333337,0.66666666666666663,0.62222222222222223,0.34800677647869993,22,10,7,14,0.83184523809523814,0.77841097202502518,0.77186844345185057
linear_svm_balanced_ratio_preserved_noise_mcc_selected_true_pr_auc_v1,linear_svm_class_weight_balanced,linear_svm,C,80/20,3,random_flip_20,test,70/30,test,1,True,3395,95,7.4547399409930222,70,21,49,0.81428571428571428,0.77210884353741494,0.69999999999999996,0.66666666666666663,0.68292682926829273,0.55205244747388338,43,6,7,14,0.83284742468415929,0.69950520812394168,0.68884862608932229
linear_svm_balanced_ratio_preserved_noise_mcc_selected_true_pr_auc_v1,linear_svm_class_weight_balanced,linear_svm,C,80/20,3,random_flip_20,test,75/25,test,1,True,3395,95,7.5703491379972547,84,21,63,0.75,0.72222222222222221,0.5,0.66666666666666663,0.5714285714285714,0.40824829046386302,49,14,7,14,0.85941043083900226,0.72633776311835185,0.71967710483806457
linear_svm_balanced_ratio_preserved_noise_mcc_selected_true_pr_auc_v1,linear_svm_class_weight_balanced,linear_svm,C,80/20,3,random_flip_20,test,80/20,test,1,True,3395,95,7.6980274039960932,105,21,84,0.77142857142857146,0.73214285714285721,0.45161290322580644,0.66666666666666663,0.53846153846153844,0.40713449919642009,67,17,7,14,0.81575963718820854,0.52679979274666833,0.50252261278924604
linear_svm_balanced_ratio_preserved_noise_mcc_selected_true_pr_auc_v1,linear_svm_class_weight_balanced,linear_svm,C,80/20,3,random_flip_20,test,90/10,test,1,True,3395,95,7.8972303850168828,210,21,189,0.86190476190476195,0.77513227513227512,0.3888888888888889,0.66666666666666663,0.49122807017543857,0.43801220295669979,167,22,7,14,0.86948853615520283,0.49315821728165976,0.47631209855943285
linear_svm_balanced_ratio_preserved_noise_mcc_selected_true_pr_auc_v1,linear_svm_class_weight_balanced,linear_svm,C,80/20,3,random_fp_10,validation_selected_reproduction,80/20,valid,0.10000000000000001,True,5095,95,9.8633280330104753,95,19,76,0.78947368421052633,0.78947368421052633,0.4838709677419355,0.78947368421052633,0.59999999999999998,0.49391458057363097,60,16,4,15,0.81855955678670345,0.72969356754737258,0.72521360050722627
linear_svm_balanced_ratio_preserved_noise_mcc_selected_true_pr_auc_v1,linear_svm_class_weight_balanced,linear_svm,C,80/20,3,random_fp_10,test,50/50,test,0.10000000000000001,True,5095,95,9.9517719149880577,42,21,21,0.7857142857142857,0.7857142857142857,0.80000000000000004,0.76190476190476186,0.78048780487804881,0.57207755354735534,17,4,5,16,0.87301587301587291,0.86376611436777062,0.85935911164591117
linear_svm_balanced_ratio_preserved_noise_mcc_selected_true_pr_auc_v1,linear_svm_class_weight_balanced,linear_svm,C,80/20,3,random_fp_10,test,60/40,test,0.10000000000000001,True,5095,95,10.073512528993888,53,21,32,0.83018867924528306,0.81845238095238093,0.80000000000000004,0.76190476190476186,0.78048780487804881,0.64266872338949876,28,4,5,16,0.89880952380952384,0.83856940802884306,0.83209868866240488
linear_svm_balanced_ratio_preserved_noise_mcc_selected_true_pr_auc_v1,linear_svm_class_weight_balanced,linear_svm,C,80/20,3,random_fp_10,test,70/30,test,0.10000000000000001,True,5095,95,10.183129431999987,70,21,49,0.77142857142857146,0.76870748299319724,0.59259259259259256,0.76190476190476186,0.66666666666666663,0.50594269998482844,38,11,5,16,0.88338192419825068,0.78614303198223667,0.77916904466456627
linear_svm_balanced_ratio_preserved_noise_mcc_selected_true_pr_auc_v1,linear_svm_class_weight_balanced,linear_svm,C,80/20,3,random_fp_10,test,75/25,test,0.10000000000000001,True,5095,95,10.315136515011545,84,21,63,0.76190476190476186,0.76190476190476186,0.5161290322580645,0.76190476190476186,0.61538461538461542,0.47003968959987613,48,15,5,16,0.87603930461073309,0.61424615883649514,0.58965574261479625
linear_svm_balanced_ratio_preserved_noise_mcc_selected_true_pr_auc_v1,linear_svm_class_weight_balanced,linear_svm,C,80/20,3,random_fp_10,test,80/20,test,0.10000000000000001,True,5095,95,10.458679085015319,105,21,84,0.76190476190476186,0.76190476190476186,0.44444444444444442,0.76190476190476186,0.56140350877192979,0.44141479464782041,64,20,5,16,0.88321995464852598,0.642737305388144,0.61612270830358884
linear_svm_balanced_ratio_preserved_noise_mcc_selected_true_pr_auc_v1,linear_svm_class_weight_balanced,linear_svm,C,80/20,3,random_fp_10,test,90/10,test,0.10000000000000001,True,5095,95,10.676307365996763,210,21,189,0.81428571428571428,0.79100529100529093,0.32000000000000001,0.76190476190476186,0.45070422535211269,0.40994579587496149,155,34,5,16,0.90879314688838508,0.55096706297389964,0.52264054009616645
linear_svm_balanced_ratio_preserved_noise_mcc_selected_true_pr_auc_v1,linear_svm_class_weight_balanced,linear_svm,C,80/20,3,random_fp_20,validation_selected_reproduction,80/20,valid,0.10000000000000001,True,6790,95,12.192659978987649,95,19,76,0.68421052631578949,0.72368421052631582,0.36585365853658536,0.78947368421052633,0.5,0.36129347073589169,50,26,4,15,0.81925207756232687,0.67804066723177026,0.67061472246916587
linear_svm_balanced_ratio_preserved_noise_mcc_selected_true_pr_auc_v1,linear_svm_class_weight_balanced,linear_svm,C,80/20,3,random_fp_20,test,50/50,test,0.10000000000000001,True,6790,95,12.277248773985775,42,21,21,0.7857142857142857,0.7857142857142857,0.77272727272727271,0.80952380952380953,0.79069767441860461,0.57207755354735534,16,5,4,17,0.83673469387755106,0.86065412011659426,0.85646743810048842
linear_svm_balanced_ratio_preserved_noise_mcc_selected_true_pr_auc_v1,linear_svm_class_weight_balanced,linear_svm,C,80/20,3,random_fp_20,test,60/40,test,0.10000000000000001,True,6790,95,12.385350383992773,53,21,32,0.77358490566037741,0.77976190476190477,0.68000000000000005,0.80952380952380953,0.73913043478260865,0.54821913290861601,24,8,4,17,0.85416666666666674,0.86102697121051852,0.85845109724450319
linear_svm_balanced_ratio_preserved_noise_mcc_selected_true_pr_auc_v1,linear_svm_class_weight_balanced,linear_svm,C,80/20,3,random_fp_20,test,70/30,test,0.10000000000000001,True,6790,95,12.498061536985915,70,21,49,0.75714285714285712,0.77210884353741505,0.56666666666666665,0.80952380952380953,0.66666666666666663,0.50395263067896956,36,13,4,17,0.837706511175899,0.7323878893151341,0.72343588574140805
linear_svm_balanced_ratio_preserved_noise_mcc_selected_true_pr_auc_v1,linear_svm_class_weight_balanced,linear_svm,C,80/20,3,random_fp_20,test,75/25,test,0.10000000000000001,True,6790,95,12.632582304999232,84,21,63,0.73809523809523814,0.76190476190476186,0.48571428571428571,0.80952380952380953,0.6071428571428571,0.46006717724716562,45,18,4,17,0.81783824640967495,0.56383510668851655,0.5414468471696301
linear_svm_balanced_ratio_preserved_noise_mcc_selected_true_pr_auc_v1,linear_svm_class_weight_balanced,linear_svm,C,80/20,3,random_fp_20,test,80/20,test,0.10000000000000001,True,6790,95,12.770922449009959,105,21,84,0.70476190476190481,0.74404761904761907,0.38636363636363635,0.80952380952380953,0.52307692307692311,0.39569686119711878,57,27,4,17,0.83843537414965985,0.63910089370062839,0.62721937167309227
linear_svm_balanced_ratio_preserved_noise_mcc_selected_true_pr_auc_v1,linear_svm_class_weight_balanced,linear_svm,C,80/20,3,random_fp_20,test,90/10,test,0.10000000000000001,True,6790,95,12.999735240009613,210,21,189,0.77142857142857146,0.78835978835978837,0.27868852459016391,0.80952380952380953,0.41463414634146339,0.38110723319571488,145,44,4,17,0.86167800453514731,0.58613589240470676,0.57650109504495506
linear_svm_balanced_ratio_preserved_noise_mcc_selected_true_pr_auc_v1,linear_svm_class_weight_balanced,linear_svm,C,80/20,3,heuristic_fp_10,validation_selected_reproduction,80/20,valid,10,True,5095,95,12.37053411299712,95,19,76,0.80000000000000004,0.73684210526315785,0.5,0.63157894736842102,0.55813953488372092,0.4360514248003583,64,12,7,12,0.79778393351800558,0.60643650020471429,0.59746455712782875
linear_svm_balanced_ratio_preserved_noise_mcc_selected_true_pr_auc_v1,linear_svm_class_weight_balanced,linear_svm,C,80/20,3,heuristic_fp_10,test,50/50,test,10,True,5095,95,12.447443577984814,42,21,21,0.7857142857142857,0.7857142857142857,0.875,0.66666666666666663,0.7567567567567568,0.58834840541455213,19,2,7,14,0.87301587301587291,0.87150731659622171,0.86672606312721623
linear_svm_balanced_ratio_preserved_noise_mcc_selected_true_pr_auc_v1,linear_svm_class_weight_balanced,linear_svm,C,80/20,3,heuristic_fp_10,test,60/40,test,10,True,5095,95,12.549470951984404,53,21,32,0.79245283018867929,0.77083333333333326,0.77777777777777779,0.66666666666666663,0.71794871794871795,0.55943092778551573,28,4,7,14,0.85863095238095244,0.79934253349431073,0.79237624795001182
linear_svm_balanced_ratio_preserved_noise_mcc_selected_true_pr_auc_v1,linear_svm_class_weight_balanced,linear_svm,C,80/20,3,heuristic_fp_10,test,70/30,test,10,True,5095,95,12.666208804002963,70,21,49,0.7857142857142857,0.7517006802721089,0.63636363636363635,0.66666666666666663,0.65116279069767447,0.49692416114898447,41,8,7,14,0.87560738581146735,0.80504385583027172,0.80082230706669
linear_svm_balanced_ratio_preserved_noise_mcc_selected_true_pr_auc_v1,linear_svm_class_weight_balanced,linear_svm,C,80/20,3,heuristic_fp_10,test,75/25,test,10,True,5095,95,12.795333922986174,84,21,63,0.77380952380952384,0.73809523809523814,0.53846153846153844,0.66666666666666663,0.5957446808510638,0.44602577508753943,51,12,7,14,0.82615268329554037,0.58512298799815676,0.55682432044001728
linear_svm_balanced_ratio_preserved_noise_mcc_selected_true_pr_auc_v1,linear_svm_class_weight_balanced,linear_svm,C,80/20,3,heuristic_fp_10,test,80/20,test,10,True,5095,95,12.930157567985589,105,21,84,0.80952380952380953,0.75595238095238093,0.51851851851851849,0.66666666666666663,0.58333333333333337,0.46849965616343964,71,13,7,14,0.85827664399092973,0.54411030344061451,0.5188742994307457
linear_svm_balanced_ratio_preserved_noise_mcc_selected_true_pr_auc_v1,linear_svm_class_weight_balanced,linear_svm,C,80/20,3,heuristic_fp_10,test,90/10,test,10,True,5095,95,13.152684628992574,210,21,189,0.8571428571428571,0.77248677248677244,0.3783783783783784,0.66666666666666663,0.48275862068965519,0.42913314194946001,166,23,7,14,0.87956664147140329,0.47384728765435391,0.44881007888292046
linear_svm_balanced_ratio_preserved_noise_mcc_selected_true_pr_auc_v1,linear_svm_class_weight_balanced,linear_svm,C,80/20,3,heuristic_fp_20,validation_selected_reproduction,80/20,valid,1,True,6790,95,11.956476393999765,95,19,76,0.80000000000000004,0.79605263157894735,0.5,0.78947368421052633,0.61224489795918369,0.50952466536506813,61,15,4,15,0.87326869806094187,0.59401428358510477,0.56773086922639504
linear_svm_balanced_ratio_preserved_noise_mcc_selected_true_pr_auc_v1,linear_svm_class_weight_balanced,linear_svm,C,80/20,3,heuristic_fp_20,test,50/50,test,1,True,6790,95,12.038138064002851,42,21,21,0.80952380952380953,0.80952380952380953,0.84210526315789469,0.76190476190476186,0.80000000000000004,0.6218743352054219,18,3,5,16,0.86848072562358281,0.86063985215946004,0.85470158833665111
linear_svm_balanced_ratio_preserved_noise_mcc_selected_true_pr_auc_v1,linear_svm_class_weight_balanced,linear_svm,C,80/20,3,heuristic_fp_20,test,60/40,test,1,True,6790,95,12.136752001999412,53,21,32,0.77358490566037741,0.77157738095238093,0.69565217391304346,0.76190476190476186,0.72727272727272729,0.53602331781320434,25,7,5,16,0.84077380952380953,0.72869777690653414,0.70289614889981034
linear_svm_balanced_ratio_preserved_noise_mcc_selected_true_pr_auc_v1,linear_svm_class_weight_balanced,linear_svm,C,80/20,3,heuristic_fp_20,test,70/30,test,1,True,6790,95,12.244688278005924,70,21,49,0.77142857142857146,0.76870748299319724,0.59259259259259256,0.76190476190476186,0.66666666666666663,0.50594269998482844,38,11,5,16,0.83381924198250723,0.74262923383594304,0.73501397422920411
linear_svm_balanced_ratio_preserved_noise_mcc_selected_true_pr_auc_v1,linear_svm_class_weight_balanced,linear_svm,C,80/20,3,heuristic_fp_20,test,75/25,test,1,True,6790,95,12.358508866018383,84,21,63,0.79761904761904767,0.7857142857142857,0.5714285714285714,0.76190476190476186,0.65306122448979587,0.52489065916782396,51,12,5,16,0.81481481481481477,0.50267728800275802,0.47397723303941663
linear_svm_balanced_ratio_preserved_noise_mcc_selected_true_pr_auc_v1,linear_svm_class_weight_balanced,linear_svm,C,80/20,3,heuristic_fp_20,test,80/20,test,1,True,6790,95,12.483683346014004,105,21,84,0.77142857142857146,0.76785714285714279,0.45714285714285713,0.76190476190476186,0.5714285714285714,0.45456864504849487,65,19,5,16,0.83219954648526073,0.49251607929449936,0.46709235740390198
linear_svm_balanced_ratio_preserved_noise_mcc_selected_true_pr_auc_v1,linear_svm_class_weight_balanced,linear_svm,C,80/20,3,heuristic_fp_20,test,90/10,test,1,True,6790,95,12.698675359017216,210,21,189,0.81904761904761902,0.79365079365079361,0.32653061224489793,0.76190476190476186,0.45714285714285713,0.41657264329781035,156,33,5,16,0.86545729402872251,0.42401900226414413,0.39558018085271823
linear_svm_balanced_ratio_preserved_noise_mcc_selected_true_pr_auc_v1,linear_svm_class_weight_balanced,linear_svm,C,80/20,4,clean,validation_selected_reproduction,80/20,valid,10,True,3395,95,9.3329492300108541,95,19,76,0.87368421052631584,0.80263157894736836,0.68421052631578949,0.68421052631578949,0.68421052631578949,0.60526315789473684,70,6,6,13,0.83656509695290859,0.65285471535472261,0.6374498590128781
linear_svm_balanced_ratio_preserved_noise_mcc_selected_true_pr_auc_v1,linear_svm_class_weight_balanced,linear_svm,C,80/20,4,clean,test,50/50,test,10,True,3395,95,9.4279292670253199,42,21,21,0.73809523809523814,0.73809523809523814,0.91666666666666663,0.52380952380952384,0.66666666666666663,0.52704627669472992,20,1,10,11,0.90249433106575971,0.91559274577481875,0.91360412842522853
linear_svm_balanced_ratio_preserved_noise_mcc_selected_true_pr_auc_v1,linear_svm_class_weight_balanced,linear_svm,C,80/20,4,clean,test,60/40,test,10,True,3395,95,9.5867476470011752,53,21,32,0.79245283018867929,0.74627976190476186,0.91666666666666663,0.52380952380952384,0.66666666666666663,0.57565304446651,31,1,10,11,0.88690476190476186,0.86694559508080737,0.86404293622389661
linear_svm_balanced_ratio_preserved_noise_mcc_selected_true_pr_auc_v1,linear_svm_class_weight_balanced,linear_svm,C,80/20,4,clean,test,70/30,test,10,True,3395,95,9.6863657479989342,70,21,49,0.7857142857142857,0.71088435374149661,0.6875,0.52380952380952384,0.59459459459459463,0.46028324996028647,44,5,10,11,0.85034013605442171,0.7761138812678956,0.77182239184668067
linear_svm_balanced_ratio_preserved_noise_mcc_selected_true_pr_auc_v1,linear_svm_class_weight_balanced,linear_svm,C,80/20,4,clean,test,75/25,test,10,True,3395,95,9.8158504640159663,84,21,63,0.83333333333333337,0.73015873015873023,0.73333333333333328,0.52380952380952384,0.61111111111111116,0.52043583865622667,59,4,10,11,0.87074829931972786,0.74763389462726337,0.74131159995811524
linear_svm_balanced_ratio_preserved_noise_mcc_selected_true_pr_auc_v1,linear_svm_class_weight_balanced,linear_svm,C,80/20,4,clean,test,80/20,test,10,True,3395,95,9.9318537400104105,105,21,84,0.87619047619047619,0.74404761904761907,0.7857142857142857,0.52380952380952384,0.62857142857142856,0.57434011004753893,81,3,10,11,0.89965986394557829,0.78058020143231732,0.77671774129742888
linear_svm_balanced_ratio_preserved_noise_mcc_selected_true_pr_auc_v1,linear_svm_class_weight_balanced,linear_svm,C,80/20,4,clean,test,90/10,test,10,True,3395,95,10.174676953000017,210,21,189,0.83333333333333337,0.69576719576719581,0.30555555555555558,0.52380952380952384,0.38596491228070173,0.31166252902688252,164,25,10,11,0.85915847820609714,0.61180097149542445,0.60738726989373892
linear_svm_balanced_ratio_preserved_noise_mcc_selected_true_pr_auc_v1,linear_svm_class_weight_balanced,linear_svm,C,80/20,4,random_flip_10,validation_selected_reproduction,80/20,valid,1,True,3395,95,7.9351602609967813,95,19,76,0.80000000000000004,0.71710526315789469,0.5,0.57894736842105265,0.53658536585365857,0.41172873101740842,65,11,8,11,0.77562326869806086,0.60297387017702531,0.59328323610449063
linear_svm_balanced_ratio_preserved_noise_mcc_selected_true_pr_auc_v1,linear_svm_class_weight_balanced,linear_svm,C,80/20,4,random_flip_10,test,50/50,test,1,True,3395,95,8.018613361986354,42,21,21,0.7142857142857143,0.7142857142857143,0.76470588235294112,0.61904761904761907,0.68421052631578949,0.43656412506539938,17,4,8,13,0.84353741496598644,0.81574978644511154,0.80679760776978005
linear_svm_balanced_ratio_preserved_noise_mcc_selected_true_pr_auc_v1,linear_svm_class_weight_balanced,linear_svm,C,80/20,4,random_flip_10,test,60/40,test,1,True,3395,95,8.1770124019822106,53,21,32,0.77358490566037741,0.74702380952380953,0.76470588235294112,0.61904761904761907,0.68421052631578949,0.51769948875754113,28,4,8,13,0.85119047619047628,0.82763721961111547,0.82400462099407523
linear_svm_balanced_ratio_preserved_noise_mcc_selected_true_pr_auc_v1,linear_svm_class_weight_balanced,linear_svm,C,80/20,4,random_flip_10,test,70/30,test,1,True,3395,95,8.284092599991709,70,21,49,0.81428571428571428,0.75850340136054428,0.72222222222222221,0.61904761904761907,0.66666666666666663,0.54208329051382298,44,5,8,13,0.8620019436345967,0.79640592489971396,0.79265543802135374
linear_svm_balanced_ratio_preserved_noise_mcc_selected_true_pr_auc_v1,linear_svm_class_weight_balanced,linear_svm,C,80/20,4,random_flip_10,test,75/25,test,1,True,3395,95,8.4208495880011469,84,21,63,0.77380952380952384,0.72222222222222221,0.54166666666666663,0.61904761904761907,0.57777777777777772,0.42600643361512919,52,11,8,13,0.83900226757369611,0.65492074419923529,0.64591067436610183
linear_svm_balanced_ratio_preserved_noise_mcc_selected_true_pr_auc_v1,linear_svm_class_weight_balanced,linear_svm,C,80/20,4,random_flip_10,test,80/20,test,1,True,3395,95,8.5453740039956756,105,21,84,0.84761904761904761,0.76190476190476186,0.61904761904761907,0.61904761904761907,0.61904761904761907,0.52380952380952384,76,8,8,13,0.86394557823129259,0.66734198588953442,0.65903223346040418
linear_svm_balanced_ratio_preserved_noise_mcc_selected_true_pr_auc_v1,linear_svm_class_weight_balanced,linear_svm,C,80/20,4,random_flip_10,test,90/10,test,1,True,3395,95,8.7826954039919656,210,21,189,0.85238095238095235,0.74867724867724861,0.3611111111111111,0.61904761904761907,0.45614035087719296,0.395895644980094,166,23,8,13,0.84076593600403127,0.43462600558293379,0.42166121954088359
linear_svm_balanced_ratio_preserved_noise_mcc_selected_true_pr_auc_v1,linear_svm_class_weight_balanced,linear_svm,C,80/20,4,random_flip_20,validation_selected_reproduction,80/20,valid,0.10000000000000001,True,3395,95,7.5484270489832852,95,19,76,0.67368421052631577,0.63815789473684204,0.3235294117647059,0.57894736842105265,0.41509433962264153,0.2305605094228059,53,23,8,11,0.71052631578947367,0.33730522420118003,0.30811803318231201
linear_svm_balanced_ratio_preserved_noise_mcc_selected_true_pr_auc_v1,linear_svm_class_weight_balanced,linear_svm,C,80/20,4,random_flip_20,test,50/50,test,0.10000000000000001,True,3395,95,7.6348762970010284,42,21,21,0.7142857142857143,0.71428571428571419,0.80000000000000004,0.5714285714285714,0.66666666666666663,0.44721359549995793,18,3,9,12,0.75510204081632648,0.81024986355868722,0.80532962086444715
linear_svm_balanced_ratio_preserved_noise_mcc_selected_true_pr_auc_v1,linear_svm_class_weight_balanced,linear_svm,C,80/20,4,random_flip_20,test,60/40,test,0.10000000000000001,True,3395,95,7.7839680399920326,53,21,32,0.69811320754716977,0.6763392857142857,0.63157894736842102,0.5714285714285714,0.59999999999999998,0.35970580821732762,25,7,9,12,0.75595238095238093,0.75356617581200802,0.74807720484634155
linear_svm_balanced_ratio_preserved_noise_mcc_selected_true_pr_auc_v1,linear_svm_class_weight_balanced,linear_svm,C,80/20,4,random_flip_20,test,70/30,test,0.10000000000000001,True,3395,95,7.8845865929906722,70,21,49,0.72857142857142854,0.68367346938775508,0.54545454545454541,0.5714285714285714,0.55813953488372092,0.36262033381142111,39,10,9,12,0.75218658892128276,0.62507680661606047,0.59937065264129985
linear_svm_balanced_ratio_preserved_noise_mcc_selected_true_pr_auc_v1,linear_svm_class_weight_balanced,linear_svm,C,80/20,4,random_flip_20,test,75/25,test,0.10000000000000001,True,3395,95,8.0064528500079177,84,21,63,0.76190476190476186,0.69841269841269837,0.52173913043478259,0.5714285714285714,0.54545454545454541,0.38534572542904716,52,11,9,12,0.75963718820861681,0.56147798008345706,0.5449004697959845
linear_svm_balanced_ratio_preserved_noise_mcc_selected_true_pr_auc_v1,linear_svm_class_weight_balanced,linear_svm,C,80/20,4,random_flip_20,test,80/20,test,0.10000000000000001,True,3395,95,8.117387192993192,105,21,84,0.73333333333333328,0.67261904761904767,0.38709677419354838,0.5714285714285714,0.46153846153846156,0.30274103786400469,65,19,9,12,0.76303854875283439,0.62982636109785095,0.6234530228792774
linear_svm_balanced_ratio_preserved_noise_mcc_selected_true_pr_auc_v1,linear_svm_class_weight_balanced,linear_svm,C,80/20,4,random_flip_20,test,90/10,test,0.10000000000000001,True,3395,95,8.3544734079914633,210,21,189,0.74285714285714288,0.66666666666666663,0.21052631578947367,0.5714285714285714,0.30769230769230771,0.22487239817113244,144,45,9,12,0.74703955656336607,0.31590472802672287,0.28845296491830519
linear_svm_balanced_ratio_preserved_noise_mcc_selected_true_pr_auc_v1,linear_svm_class_weight_balanced,linear_svm,C,80/20,4,random_fp_10,validation_selected_reproduction,80/20,valid,10,True,5095,95,12.911890650982969,95,19,76,0.81052631578947365,0.78289473684210531,0.51851851851851849,0.73684210526315785,0.60869565217391308,0.50176703011003687,63,13,5,14,0.7714681440443214,0.63175354384679383,0.61699042152909978
linear_svm_balanced_ratio_preserved_noise_mcc_selected_true_pr_auc_v1,linear_svm_class_weight_balanced,linear_svm,C,80/20,4,random_fp_10,test,50/50,test,10,True,5095,95,12.989692464994732,42,21,21,0.76190476190476186,0.76190476190476186,0.82352941176470584,0.66666666666666663,0.73684210526315785,0.53357837507993255,18,3,7,14,0.86394557823129259,0.89493363779078083,0.89279846211997715
linear_svm_balanced_ratio_preserved_noise_mcc_selected_true_pr_auc_v1,linear_svm_class_weight_balanced,linear_svm,C,80/20,4,random_fp_10,test,60/40,test,10,True,5095,95,13.137388577975798,53,21,32,0.73584905660377353,0.72395833333333326,0.66666666666666663,0.66666666666666663,0.66666666666666663,0.44791666666666669,25,7,7,14,0.81398809523809534,0.69949556214262099,0.67264218674913812
linear_svm_balanced_ratio_preserved_noise_mcc_selected_true_pr_auc_v1,linear_svm_class_weight_balanced,linear_svm,C,80/20,4,random_fp_10,test,70/30,test,10,True,5095,95,13.24884655198548,70,21,49,0.74285714285714288,0.72108843537414957,0.56000000000000005,0.66666666666666663,0.60869565217391308,0.422890031611031,38,11,7,14,0.82604470359572391,0.6592196652743294,0.64668696012069615
linear_svm_balanced_ratio_preserved_noise_mcc_selected_true_pr_auc_v1,linear_svm_class_weight_balanced,linear_svm,C,80/20,4,random_fp_10,test,75/25,test,10,True,5095,95,13.385507908998989,84,21,63,0.83333333333333337,0.77777777777777768,0.66666666666666663,0.66666666666666663,0.66666666666666663,0.55555555555555558,56,7,7,14,0.86999244142101284,0.81024259204045501,0.80770281018459089
linear_svm_balanced_ratio_preserved_noise_mcc_selected_true_pr_auc_v1,linear_svm_class_weight_balanced,linear_svm,C,80/20,4,random_fp_10,test,80/20,test,10,True,5095,95,13.503724153997609,105,21,84,0.83809523809523812,0.77380952380952372,0.58333333333333337,0.66666666666666663,0.62222222222222223,0.52165059337049158,74,10,7,14,0.83390022675736963,0.60887543231590069,0.59291516879220585
linear_svm_balanced_ratio_preserved_noise_mcc_selected_true_pr_auc_v1,linear_svm_class_weight_balanced,linear_svm,C,80/20,4,random_fp_10,test,90/10,test,10,True,5095,95,13.743672092998167,210,21,189,0.81904761904761902,0.75132275132275128,0.31111111111111112,0.66666666666666663,0.42424242424242425,0.36749727368425095,158,31,7,14,0.83547493071302603,0.41176199178411177,0.38783174424502437
linear_svm_balanced_ratio_preserved_noise_mcc_selected_true_pr_auc_v1,linear_svm_class_weight_balanced,linear_svm,C,80/20,4,random_fp_20,validation_selected_reproduction,80/20,valid,1,True,6790,95,12.426114622998284,95,19,76,0.77894736842105261,0.76315789473684204,0.46666666666666667,0.73684210526315785,0.5714285714285714,0.45291081365783831,60,16,5,14,0.81163434903047094,0.61028479112194511,0.60098858238827435
linear_svm_balanced_ratio_preserved_noise_mcc_selected_true_pr_auc_v1,linear_svm_class_weight_balanced,linear_svm,C,80/20,4,random_fp_20,test,50/50,test,1,True,6790,95,12.524193728982937,42,21,21,0.69047619047619047,0.69047619047619047,0.72222222222222221,0.61904761904761907,0.66666666666666663,0.38490017945975052,16,5,8,13,0.8004535147392291,0.84636109538444093,0.84316564451315701
linear_svm_balanced_ratio_preserved_noise_mcc_selected_true_pr_auc_v1,linear_svm_class_weight_balanced,linear_svm,C,80/20,4,random_fp_20,test,60/40,test,1,True,6790,95,12.699771102983505,53,21,32,0.73584905660377353,0.71577380952380953,0.68421052631578949,0.61904761904761907,0.65000000000000002,0.44014634760770044,26,6,8,13,0.81547619047619047,0.8012003385277886,0.79721345660888909
linear_svm_balanced_ratio_preserved_noise_mcc_selected_true_pr_auc_v1,linear_svm_class_weight_balanced,linear_svm,C,80/20,4,random_fp_20,test,70/30,test,1,True,6790,95,12.814996151981177,70,21,49,0.72857142857142854,0.69727891156462585,0.54166666666666663,0.61904761904761907,0.57777777777777772,0.38092002968223199,38,11,8,13,0.7337220602526725,0.64620879646364426,0.63628598087840382
linear_svm_balanced_ratio_preserved_noise_mcc_selected_true_pr_auc_v1,linear_svm_class_weight_balanced,linear_svm,C,80/20,4,random_fp_20,test,75/25,test,1,True,6790,95,12.953235753986519,84,21,63,0.76190476190476186,0.7142857142857143,0.52000000000000002,0.61904761904761907,0.56521739130434778,0.40588885512152761,51,12,8,13,0.80876795162509441,0.69858871967819813,0.69317481511048196
linear_svm_balanced_ratio_preserved_noise_mcc_selected_true_pr_auc_v1,linear_svm_class_weight_balanced,linear_svm,C,80/20,4,random_fp_20,test,80/20,test,1,True,6790,95,13.078003514994634,105,21,84,0.74285714285714288,0.6964285714285714,0.40625,0.61904761904761907,0.49056603773584906,0.34138742904847674,65,19,8,13,0.80158730158730163,0.57216526056052786,0.55972457168580925
linear_svm_balanced_ratio_preserved_noise_mcc_selected_true_pr_auc_v1,linear_svm_class_weight_balanced,linear_svm,C,80/20,4,random_fp_20,test,90/10,test,1,True,6790,95,13.35469429299701,210,21,189,0.77142857142857146,0.70370370370370372,0.24528301886792453,0.61904761904761907,0.35135135135135137,0.2813725389616803,149,40,8,13,0.78029730410682796,0.37418748047181816,0.34594259472929084
linear_svm_balanced_ratio_preserved_noise_mcc_selected_true_pr_auc_v1,linear_svm_class_weight_balanced,linear_svm,C,80/20,4,heuristic_fp_10,validation_selected_reproduction,80/20,valid,1,True,5095,95,10.469378054025583,95,19,76,0.77894736842105261,0.76315789473684204,0.46666666666666667,0.73684210526315785,0.5714285714285714,0.45291081365783831,60,16,5,14,0.81648199445983383,0.67029646428411382,0.66360687931019324
linear_svm_balanced_ratio_preserved_noise_mcc_selected_true_pr_auc_v1,linear_svm_class_weight_balanced,linear_svm,C,80/20,4,heuristic_fp_10,test,50/50,test,1,True,5095,95,10.551280910003697,42,21,21,0.80952380952380953,0.80952380952380953,0.84210526315789469,0.76190476190476186,0.80000000000000004,0.6218743352054219,18,3,5,16,0.88208616780045346,0.88986569617324163,0.88655199339329371
linear_svm_balanced_ratio_preserved_noise_mcc_selected_true_pr_auc_v1,linear_svm_class_weight_balanced,linear_svm,C,80/20,4,heuristic_fp_10,test,60/40,test,1,True,5095,95,10.714897577010561,53,21,32,0.79245283018867929,0.78720238095238093,0.72727272727272729,0.76190476190476186,0.7441860465116279,0.57017803220524033,26,6,5,16,0.88690476190476186,0.84808733334395336,0.84359330952496281
linear_svm_balanced_ratio_preserved_noise_mcc_selected_true_pr_auc_v1,linear_svm_class_weight_balanced,linear_svm,C,80/20,4,heuristic_fp_10,test,70/30,test,1,True,5095,95,10.843124496022938,70,21,49,0.77142857142857146,0.76870748299319724,0.59259259259259256,0.76190476190476186,0.66666666666666663,0.50594269998482844,38,11,5,16,0.8620019436345967,0.78629149271216425,0.78156510786253652
linear_svm_balanced_ratio_preserved_noise_mcc_selected_true_pr_auc_v1,linear_svm_class_weight_balanced,linear_svm,C,80/20,4,heuristic_fp_10,test,75/25,test,1,True,5095,95,10.99709860800067,84,21,63,0.84523809523809523,0.81746031746031744,0.66666666666666663,0.76190476190476186,0.71111111111111114,0.60858061945018449,55,8,5,16,0.89720332577475437,0.70107454960563342,0.67468527223682417
linear_svm_balanced_ratio_preserved_noise_mcc_selected_true_pr_auc_v1,linear_svm_class_weight_balanced,linear_svm,C,80/20,4,heuristic_fp_10,test,80/20,test,1,True,5095,95,11.131316670012893,105,21,84,0.88571428571428568,0.83928571428571419,0.69565217391304346,0.76190476190476186,0.72727272727272729,0.65625710115836822,77,7,5,16,0.91950113378684806,0.81236488555702557,0.80862349347120421
linear_svm_balanced_ratio_preserved_noise_mcc_selected_true_pr_auc_v1,linear_svm_class_weight_balanced,linear_svm,C,80/20,4,heuristic_fp_10,test,90/10,test,1,True,5095,95,11.397462463006377,210,21,189,0.80952380952380953,0.78835978835978837,0.31372549019607843,0.76190476190476186,0.44444444444444442,0.40347961059528825,154,35,5,16,0.8682287729906778,0.44502949557069227,0.41610006292497909
linear_svm_balanced_ratio_preserved_noise_mcc_selected_true_pr_auc_v1,linear_svm_class_weight_balanced,linear_svm,C,80/20,4,heuristic_fp_20,validation_selected_reproduction,80/20,valid,10,True,6790,95,15.896570776007138,95,19,76,0.76842105263157889,0.73684210526315796,0.44827586206896552,0.68421052631578949,0.54166666666666663,0.41143528879424501,60,16,6,13,0.78324099722991691,0.50669105515336632,0.48000210342368643
linear_svm_balanced_ratio_preserved_noise_mcc_selected_true_pr_auc_v1,linear_svm_class_weight_balanced,linear_svm,C,80/20,4,heuristic_fp_20,test,50/50,test,10,True,6790,95,15.985239903006004,42,21,21,0.80952380952380953,0.80952380952380953,1,0.61904761904761907,0.76470588235294112,0.66953406341198618,21,0,8,13,0.89795918367346939,0.93388813396755599,0.93270620517238689
linear_svm_balanced_ratio_preserved_noise_mcc_selected_true_pr_auc_v1,linear_svm_class_weight_balanced,linear_svm,C,80/20,4,heuristic_fp_20,test,60/40,test,10,True,6790,95,16.13084808900021,53,21,32,0.77358490566037741,0.74702380952380953,0.76470588235294112,0.61904761904761907,0.68421052631578949,0.51769948875754113,28,4,8,13,0.79315476190476186,0.69745582922253013,0.68186367686102778
linear_svm_balanced_ratio_preserved_noise_mcc_selected_true_pr_auc_v1,linear_svm_class_weight_balanced,linear_svm,C,80/20,4,heuristic_fp_20,test,70/30,test,10,True,6790,95,16.23144061100902,70,21,49,0.77142857142857146,0.72789115646258506,0.61904761904761907,0.61904761904761907,0.61904761904761907,0.45578231292517007,41,8,8,13,0.77842565597667635,0.60920598891907329,0.59244436779428522
linear_svm_balanced_ratio_preserved_noise_mcc_selected_true_pr_auc_v1,linear_svm_class_weight_balanced,linear_svm,C,80/20,4,heuristic_fp_20,test,75/25,test,10,True,6790,95,16.363346280995756,84,21,63,0.8214285714285714,0.75396825396825395,0.65000000000000002,0.61904761904761907,0.63414634146341464,0.5163977794943222,56,7,8,13,0.84504913076341648,0.69618165165305079,0.68743730584830809
linear_svm_balanced_ratio_preserved_noise_mcc_selected_true_pr_auc_v1,linear_svm_class_weight_balanced,linear_svm,C,80/20,4,heuristic_fp_20,test,80/20,test,10,True,6790,95,16.490337291994365,105,21,84,0.87619047619047619,0.77976190476190477,0.72222222222222221,0.61904761904761907,0.66666666666666663,0.59384346747014105,79,5,8,13,0.85827664399092962,0.63067320831294171,0.60337487319306271
linear_svm_balanced_ratio_preserved_noise_mcc_selected_true_pr_auc_v1,linear_svm_class_weight_balanced,linear_svm,C,80/20,4,heuristic_fp_20,test,90/10,test,10,True,6790,95,16.749530639994191,210,21,189,0.76666666666666672,0.70105820105820105,0.24074074074074073,0.61904761904761907,0.34666666666666668,0.27601530130559238,148,41,8,13,0.77248677248677255,0.27996381544294513,0.25697655389939378
linear_svm_balanced_ratio_preserved_noise_mcc_selected_true_pr_auc_v1,linear_svm_class_weight_balanced,linear_svm,C,80/20,5,clean,validation_selected_reproduction,80/20,valid,0.10000000000000001,True,3395,95,7.5427143019915093,95,19,76,0.82105263157894737,0.80921052631578949,0.5357142857142857,0.78947368421052633,0.63829787234042556,0.54256458843404187,63,13,4,15,0.8587257617728532,0.63785829736720379,0.62507757810320141
linear_svm_balanced_ratio_preserved_noise_mcc_selected_true_pr_auc_v1,linear_svm_class_weight_balanced,linear_svm,C,80/20,5,clean,test,50/50,test,0.10000000000000001,True,3395,95,7.6484115089988336,42,21,21,0.7857142857142857,0.7857142857142857,0.77272727272727271,0.80952380952380953,0.79069767441860461,0.57207755354735534,16,5,4,17,0.9024943310657596,0.91767073387769149,0.91583821787410846
linear_svm_balanced_ratio_preserved_noise_mcc_selected_true_pr_auc_v1,linear_svm_class_weight_balanced,linear_svm,C,80/20,5,clean,test,60/40,test,0.10000000000000001,True,3395,95,7.7624358799948823,53,21,32,0.83018867924528306,0.82663690476190477,0.77272727272727271,0.80952380952380953,0.79069767441860461,0.64846672574637432,27,5,4,17,0.89136904761904767,0.83684346450218206,0.83122287234717085
linear_svm_balanced_ratio_preserved_noise_mcc_selected_true_pr_auc_v1,linear_svm_class_weight_balanced,linear_svm,C,80/20,5,clean,test,70/30,test,0.10000000000000001,True,3395,95,7.887919887987664,70,21,49,0.8571428571428571,0.84353741496598644,0.73913043478260865,0.80952380952380953,0.77272727272727271,0.67034577955304098,43,6,4,17,0.91059280855199221,0.81475675946716097,0.80925518498816351
linear_svm_balanced_ratio_preserved_noise_mcc_selected_true_pr_auc_v1,linear_svm_class_weight_balanced,linear_svm,C,80/20,5,clean,test,75/25,test,0.10000000000000001,True,3395,95,8.0241508839826565,84,21,63,0.88095238095238093,0.85714285714285721,0.73913043478260865,0.80952380952380953,0.77272727272727271,0.6936223057722849,57,6,4,17,0.9213907785336356,0.74375471042442176,0.71797977494994614
linear_svm_balanced_ratio_preserved_noise_mcc_selected_true_pr_auc_v1,linear_svm_class_weight_balanced,linear_svm,C,80/20,5,clean,test,80/20,test,0.10000000000000001,True,3395,95,8.2109392579877749,105,21,84,0.84761904761904761,0.83333333333333326,0.58620689655172409,0.80952380952380953,0.68000000000000005,0.59642005197922698,72,12,4,17,0.88038548752834467,0.62293075676703014,0.59566043196658469
linear_svm_balanced_ratio_preserved_noise_mcc_selected_true_pr_auc_v1,linear_svm_class_weight_balanced,linear_svm,C,80/20,5,clean,test,90/10,test,0.10000000000000001,True,3395,95,8.5454557349730749,210,21,189,0.87142857142857144,0.84391534391534395,0.42499999999999999,0.80952380952380953,0.55737704918032782,0.52549385424538808,166,23,4,17,0.9138321995464852,0.66888285538683534,0.66154191300558629
linear_svm_balanced_ratio_preserved_noise_mcc_selected_true_pr_auc_v1,linear_svm_class_weight_balanced,linear_svm,C,80/20,5,random_flip_10,validation_selected_reproduction,80/20,valid,0.10000000000000001,True,3395,95,7.3195456470130011,95,19,76,0.80000000000000004,0.77631578947368418,0.5,0.73684210526315785,0.5957446808510638,0.48484495136659062,62,14,5,14,0.86980609418282551,0.60675692242230839,0.59290640834130381
linear_svm_balanced_ratio_preserved_noise_mcc_selected_true_pr_auc_v1,linear_svm_class_weight_balanced,linear_svm,C,80/20,5,random_flip_10,test,50/50,test,0.10000000000000001,True,3395,95,7.4154100439918693,42,21,21,0.76190476190476186,0.76190476190476186,0.76190476190476186,0.76190476190476186,0.76190476190476186,0.52380952380952384,16,5,5,16,0.87755102040816324,0.88782751616647215,0.88499506822967233
linear_svm_balanced_ratio_preserved_noise_mcc_selected_true_pr_auc_v1,linear_svm_class_weight_balanced,linear_svm,C,80/20,5,random_flip_10,test,60/40,test,0.10000000000000001,True,3395,95,7.5134343490062747,53,21,32,0.79245283018867929,0.78720238095238093,0.72727272727272729,0.76190476190476186,0.7441860465116279,0.57017803220524033,26,6,5,16,0.8660714285714286,0.75486495083356875,0.72987371152490821
linear_svm_balanced_ratio_preserved_noise_mcc_selected_true_pr_auc_v1,linear_svm_class_weight_balanced,linear_svm,C,80/20,5,random_flip_10,test,70/30,test,0.10000000000000001,True,3395,95,7.61866117498721,70,21,49,0.87142857142857144,0.84013605442176864,0.80000000000000004,0.76190476190476186,0.78048780487804881,0.69006555934235425,45,4,5,16,0.90864917395529643,0.7887725230770346,0.78139540836632859
linear_svm_balanced_ratio_preserved_noise_mcc_selected_true_pr_auc_v1,linear_svm_class_weight_balanced,linear_svm,C,80/20,5,random_flip_10,test,75/25,test,0.10000000000000001,True,3395,95,7.7305732799868565,84,21,63,0.8928571428571429,0.84920634920634919,0.80000000000000004,0.76190476190476186,0.78048780487804881,0.71004694680469305,59,4,5,16,0.91534391534391535,0.78674416208418729,0.77976588292959303
linear_svm_balanced_ratio_preserved_noise_mcc_selected_true_pr_auc_v1,linear_svm_class_weight_balanced,linear_svm,C,80/20,5,random_flip_10,test,80/20,test,0.10000000000000001,True,3395,95,7.9079195829981472,105,21,84,0.79047619047619044,0.77976190476190477,0.48484848484848486,0.76190476190476186,0.59259259259259256,0.4821083396690532,67,17,5,16,0.8458049886621315,0.50007295443806332,0.47505060231803081
linear_svm_balanced_ratio_preserved_noise_mcc_selected_true_pr_auc_v1,linear_svm_class_weight_balanced,linear_svm,C,80/20,5,random_flip_10,test,90/10,test,0.10000000000000001,True,3395,95,8.2233983459882438,210,21,189,0.83809523809523812,0.80423280423280419,0.35555555555555557,0.76190476190476186,0.48484848484848486,0.4448651207756722,160,29,5,16,0.88284202569916848,0.45413454842975487,0.42489613910491147
linear_svm_balanced_ratio_preserved_noise_mcc_selected_true_pr_auc_v1,linear_svm_class_weight_balanced,linear_svm,C,80/20,5,random_flip_20,validation_selected_reproduction,80/20,valid,0.10000000000000001,True,3395,95,7.6942344290146139,95,19,76,0.76842105263157889,0.71710526315789469,0.44444444444444442,0.63157894736842102,0.52173913043478259,0.3850770231077027,61,15,7,12,0.80193905817174516,0.48951791876770645,0.45778153120645038
linear_svm_balanced_ratio_preserved_noise_mcc_selected_true_pr_auc_v1,linear_svm_class_weight_balanced,linear_svm,C,80/20,5,random_flip_20,test,50/50,test,0.10000000000000001,True,3395,95,7.77793297500466,42,21,21,0.76190476190476186,0.76190476190476186,0.82352941176470584,0.66666666666666663,0.73684210526315785,0.53357837507993255,18,3,7,14,0.8458049886621315,0.85177480444739073,0.84766569259834079
linear_svm_balanced_ratio_preserved_noise_mcc_selected_true_pr_auc_v1,linear_svm_class_weight_balanced,linear_svm,C,80/20,5,random_flip_20,test,60/40,test,0.10000000000000001,True,3395,95,7.8720125920081045,53,21,32,0.75471698113207553,0.73958333333333326,0.69999999999999996,0.66666666666666663,0.68292682926829273,0.48350310497994997,26,6,7,14,0.82886904761904756,0.79559725945911164,0.79086028880583092
linear_svm_balanced_ratio_preserved_noise_mcc_selected_true_pr_auc_v1,linear_svm_class_weight_balanced,linear_svm,C,80/20,5,random_flip_20,test,70/30,test,0.10000000000000001,True,3395,95,7.9809703410137445,70,21,49,0.81428571428571428,0.77210884353741494,0.69999999999999996,0.66666666666666663,0.68292682926829273,0.55205244747388338,43,6,7,14,0.87755102040816335,0.79354440917628355,0.78884948629410334
linear_svm_balanced_ratio_preserved_noise_mcc_selected_true_pr_auc_v1,linear_svm_class_weight_balanced,linear_svm,C,80/20,5,random_flip_20,test,75/25,test,0.10000000000000001,True,3395,95,8.0932130530127324,84,21,63,0.77380952380952384,0.73809523809523814,0.53846153846153844,0.66666666666666663,0.5957446808510638,0.44602577508753943,51,12,7,14,0.82766439909297052,0.66751909393197795,0.65986242342087942
linear_svm_balanced_ratio_preserved_noise_mcc_selected_true_pr_auc_v1,linear_svm_class_weight_balanced,linear_svm,C,80/20,5,random_flip_20,test,80/20,test,0.10000000000000001,True,3395,95,8.2827141070156358,105,21,84,0.79047619047619044,0.74404761904761907,0.48275862068965519,0.66666666666666663,0.56000000000000005,0.43666468091336258,69,15,7,14,0.81632653061224481,0.55827562373830486,0.54233192048673984
linear_svm_balanced_ratio_preserved_noise_mcc_selected_true_pr_auc_v1,linear_svm_class_weight_balanced,linear_svm,C,80/20,5,random_flip_20,test,90/10,test,0.10000000000000001,True,3395,95,8.6169094569922891,210,21,189,0.80000000000000004,0.7407407407407407,0.2857142857142857,0.66666666666666663,0.40000000000000002,0.34151450937027694,154,35,7,14,0.81909800957420009,0.5198107789181895,0.51436516160131052
linear_svm_balanced_ratio_preserved_noise_mcc_selected_true_pr_auc_v1,linear_svm_class_weight_balanced,linear_svm,C,80/20,5,random_fp_10,validation_selected_reproduction,80/20,valid,0.10000000000000001,True,5095,95,10.588670272001764,95,19,76,0.77894736842105261,0.78289473684210531,0.46875,0.78947368421052633,0.58823529411764708,0.47884305842642705,59,17,4,15,0.8587257617728532,0.65561805598100964,0.64011202121713495
linear_svm_balanced_ratio_preserved_noise_mcc_selected_true_pr_auc_v1,linear_svm_class_weight_balanced,linear_svm,C,80/20,5,random_fp_10,test,50/50,test,0.10000000000000001,True,5095,95,10.669640507985605,42,21,21,0.7857142857142857,0.7857142857142857,0.77272727272727271,0.80952380952380953,0.79069767441860461,0.57207755354735534,16,5,4,17,0.88888888888888884,0.90110084431128978,0.89872483123415248
linear_svm_balanced_ratio_preserved_noise_mcc_selected_true_pr_auc_v1,linear_svm_class_weight_balanced,linear_svm,C,80/20,5,random_fp_10,test,60/40,test,0.10000000000000001,True,5095,95,10.757295921997866,53,21,32,0.81132075471698117,0.81101190476190477,0.73913043478260865,0.80952380952380953,0.77272727272727271,0.6138568406737519,26,6,4,17,0.88690476190476186,0.82964437094812982,0.82402089102340748
linear_svm_balanced_ratio_preserved_noise_mcc_selected_true_pr_auc_v1,linear_svm_class_weight_balanced,linear_svm,C,80/20,5,random_fp_10,test,70/30,test,0.10000000000000001,True,5095,95,10.850871076982003,70,21,49,0.82857142857142863,0.8231292517006803,0.68000000000000005,0.80952380952380953,0.73913043478260865,0.61807004620073758,41,8,4,17,0.90962099125364426,0.84406105719841751,0.8404871659468236
linear_svm_balanced_ratio_preserved_noise_mcc_selected_true_pr_auc_v1,linear_svm_class_weight_balanced,linear_svm,C,80/20,5,random_fp_10,test,75/25,test,0.10000000000000001,True,5095,95,10.947177483991254,84,21,63,0.8928571428571429,0.86507936507936511,0.77272727272727271,0.80952380952380953,0.79069767441860461,0.71910120940283073,58,5,4,17,0.91383219954648531,0.76133086265218064,0.75100782507655417
linear_svm_balanced_ratio_preserved_noise_mcc_selected_true_pr_auc_v1,linear_svm_class_weight_balanced,linear_svm,C,80/20,5,random_fp_10,test,80/20,test,0.10000000000000001,True,5095,95,11.09660460500163,105,21,84,0.80952380952380953,0.80952380952380953,0.51515151515151514,0.80952380952380953,0.62962962962962965,0.53339646091044179,68,16,4,17,0.87301587301587302,0.60267801141000554,0.57497929957664196
linear_svm_balanced_ratio_preserved_noise_mcc_selected_true_pr_auc_v1,linear_svm_class_weight_balanced,linear_svm,C,80/20,5,random_fp_10,test,90/10,test,0.10000000000000001,True,5095,95,11.375040601997171,210,21,189,0.80952380952380953,0.80952380952380953,0.32075471698113206,0.80952380952380953,0.45945945945945948,0.42754009166904672,153,36,4,17,0.89216427311665414,0.63613408036396724,0.62918997981190417
linear_svm_balanced_ratio_preserved_noise_mcc_selected_true_pr_auc_v1,linear_svm_class_weight_balanced,linear_svm,C,80/20,5,random_fp_20,validation_selected_reproduction,80/20,valid,0.10000000000000001,True,6790,95,11.245750059984857,95,19,76,0.83157894736842108,0.85526315789473684,0.54838709677419351,0.89473684210526316,0.68000000000000005,0.60616789434036533,62,14,2,17,0.8912742382271468,0.66232111229974344,0.65258181179628827
linear_svm_balanced_ratio_preserved_noise_mcc_selected_true_pr_auc_v1,linear_svm_class_weight_balanced,linear_svm,C,80/20,5,random_fp_20,test,50/50,test,0.10000000000000001,True,6790,95,11.329868255008478,42,21,21,0.73809523809523814,0.73809523809523814,0.70833333333333337,0.80952380952380953,0.75555555555555554,0.48112522432468813,14,7,4,17,0.84126984126984128,0.86654794494181986,0.8633001772029969
linear_svm_balanced_ratio_preserved_noise_mcc_selected_true_pr_auc_v1,linear_svm_class_weight_balanced,linear_svm,C,80/20,5,random_fp_20,test,60/40,test,0.10000000000000001,True,6790,95,11.422332296991954,53,21,32,0.81132075471698117,0.81101190476190477,0.73913043478260865,0.80952380952380953,0.77272727272727271,0.6138568406737519,26,6,4,17,0.83333333333333337,0.79084345288578706,0.78369049896470333
linear_svm_balanced_ratio_preserved_noise_mcc_selected_true_pr_auc_v1,linear_svm_class_weight_balanced,linear_svm,C,80/20,5,random_fp_20,test,70/30,test,0.10000000000000001,True,6790,95,11.514179574005539,70,21,49,0.80000000000000004,0.80272108843537415,0.62962962962962965,0.80952380952380953,0.70833333333333337,0.56998607972974347,39,10,4,17,0.86977648202137992,0.77710105683416009,0.77118065241968137
linear_svm_balanced_ratio_preserved_noise_mcc_selected_true_pr_auc_v1,linear_svm_class_weight_balanced,linear_svm,C,80/20,5,random_fp_20,test,75/25,test,0.10000000000000001,True,6790,95,11.616498894989491,84,21,63,0.83333333333333337,0.82539682539682535,0.62962962962962965,0.80952380952380953,0.70833333333333337,0.60339807377407551,53,10,4,17,0.86545729402872262,0.755783269223119,0.74900531207043008
linear_svm_balanced_ratio_preserved_noise_mcc_selected_true_pr_auc_v1,linear_svm_class_weight_balanced,linear_svm,C,80/20,5,random_fp_20,test,80/20,test,0.10000000000000001,True,6790,95,11.767491270991741,105,21,84,0.77142857142857146,0.7857142857142857,0.45945945945945948,0.80952380952380953,0.58620689655172409,0.47847133369734002,64,20,4,17,0.83616780045351469,0.65203504679602542,0.64155129440283276
linear_svm_balanced_ratio_preserved_noise_mcc_selected_true_pr_auc_v1,linear_svm_class_weight_balanced,linear_svm,C,80/20,5,random_fp_20,test,90/10,test,0.10000000000000001,True,6790,95,12.052828701998806,210,21,189,0.77142857142857146,0.78835978835978837,0.27868852459016391,0.80952380952380953,0.41463414634146339,0.38110723319571488,145,44,4,17,0.84404132023179645,0.54190243367558033,0.53473406655242628
linear_svm_balanced_ratio_preserved_noise_mcc_selected_true_pr_auc_v1,linear_svm_class_weight_balanced,linear_svm,C,80/20,5,heuristic_fp_10,validation_selected_reproduction,80/20,valid,0.10000000000000001,True,5095,95,9.5157484950032085,95,19,76,0.77894736842105261,0.78289473684210531,0.46875,0.78947368421052633,0.58823529411764708,0.47884305842642705,59,17,4,15,0.86011080332409962,0.63751050351647054,0.62770612057752517
linear_svm_balanced_ratio_preserved_noise_mcc_selected_true_pr_auc_v1,linear_svm_class_weight_balanced,linear_svm,C,80/20,5,heuristic_fp_10,test,50/50,test,0.10000000000000001,True,5095,95,9.5991323039925192,42,21,21,0.80952380952380953,0.80952380952380953,0.78260869565217395,0.8571428571428571,0.81818181818181823,0.6218743352054219,16,5,3,18,0.91836734693877542,0.92945265229196794,0.9278594738190904
linear_svm_balanced_ratio_preserved_noise_mcc_selected_true_pr_auc_v1,linear_svm_class_weight_balanced,linear_svm,C,80/20,5,heuristic_fp_10,test,60/40,test,0.10000000000000001,True,5095,95,9.6926081480050925,53,21,32,0.79245283018867929,0.8035714285714286,0.69230769230769229,0.8571428571428571,0.76595744680851063,0.59402807414242031,24,8,3,18,0.88988095238095244,0.82931239887822539,0.82329957218047034
linear_svm_balanced_ratio_preserved_noise_mcc_selected_true_pr_auc_v1,linear_svm_class_weight_balanced,linear_svm,C,80/20,5,heuristic_fp_10,test,70/30,test,0.10000000000000001,True,5095,95,9.7877049680100754,70,21,49,0.77142857142857146,0.79591836734693877,0.58064516129032262,0.8571428571428571,0.69230769230769229,0.54600479265763269,36,13,3,18,0.89310009718172978,0.79744407742181433,0.791855950168596
linear_svm_balanced_ratio_preserved_noise_mcc_selected_true_pr_auc_v1,linear_svm_class_weight_balanced,linear_svm,C,80/20,5,heuristic_fp_10,test,75/25,test,0.10000000000000001,True,5095,95,9.8962297170073725,84,21,63,0.8928571428571429,0.88095238095238093,0.75,0.8571428571428571,0.80000000000000004,0.73029674334022143,57,6,3,18,0.92668178382464084,0.73868576597403512,0.7123877174223906
linear_svm_balanced_ratio_preserved_noise_mcc_selected_true_pr_auc_v1,linear_svm_class_weight_balanced,linear_svm,C,80/20,5,heuristic_fp_10,test,80/20,test,0.10000000000000001,True,5095,95,10.059449474996654,105,21,84,0.83809523809523812,0.84523809523809523,0.5625,0.8571428571428571,0.67924528301886788,0.60001426923671675,70,14,3,18,0.89852607709750565,0.69110912487409348,0.67698043760953341
linear_svm_balanced_ratio_preserved_noise_mcc_selected_true_pr_auc_v1,linear_svm_class_weight_balanced,linear_svm,C,80/20,5,heuristic_fp_10,test,90/10,test,0.10000000000000001,True,5095,95,10.342470794013934,210,21,189,0.80476190476190479,0.82804232804232802,0.32142857142857145,0.8571428571428571,0.46753246753246752,0.44508817532907968,151,38,3,18,0.89846308893927929,0.49351004754543509,0.47625403188991455
linear_svm_balanced_ratio_preserved_noise_mcc_selected_true_pr_auc_v1,linear_svm_class_weight_balanced,linear_svm,C,80/20,5,heuristic_fp_20,validation_selected_reproduction,80/20,valid,1,True,6790,95,12.067582880001282,95,19,76,0.76842105263157889,0.75657894736842102,0.45161290322580644,0.73684210526315785,0.56000000000000005,0.43778792369026381,59,17,5,14,0.85803324099722977,0.65793430772891814,0.6431736935075878
linear_svm_balanced_ratio_preserved_noise_mcc_selected_true_pr_auc_v1,linear_svm_class_weight_balanced,linear_svm,C,80/20,5,heuristic_fp_20,test,50/50,test,1,True,6790,95,12.148143276019255,42,21,21,0.83333333333333337,0.83333333333333326,0.84999999999999998,0.80952380952380953,0.82926829268292679,0.66742381247191462,18,3,4,17,0.90476190476190477,0.91820565778622698,0.91627379129516839
linear_svm_balanced_ratio_preserved_noise_mcc_selected_true_pr_auc_v1,linear_svm_class_weight_balanced,linear_svm,C,80/20,5,heuristic_fp_20,test,60/40,test,1,True,6790,95,12.239016392006306,53,21,32,0.81132075471698117,0.81101190476190477,0.73913043478260865,0.80952380952380953,0.77272727272727271,0.6138568406737519,26,6,4,17,0.88988095238095233,0.82291086262337942,0.81705021123314325
linear_svm_balanced_ratio_preserved_noise_mcc_selected_true_pr_auc_v1,linear_svm_class_weight_balanced,linear_svm,C,80/20,5,heuristic_fp_20,test,70/30,test,1,True,6790,95,12.327004263002891,70,21,49,0.80000000000000004,0.80272108843537415,0.62962962962962965,0.80952380952380953,0.70833333333333337,0.56998607972974347,39,10,4,17,0.90281827016520899,0.8211378848874642,0.81652731903708742
linear_svm_balanced_ratio_preserved_noise_mcc_selected_true_pr_auc_v1,linear_svm_class_weight_balanced,linear_svm,C,80/20,5,heuristic_fp_20,test,75/25,test,1,True,6790,95,12.427975254016928,84,21,63,0.88095238095238093,0.85714285714285721,0.73913043478260865,0.80952380952380953,0.77272727272727271,0.6936223057722849,57,6,4,17,0.92819349962207109,0.77066182646125148,0.7461531559379615
linear_svm_balanced_ratio_preserved_noise_mcc_selected_true_pr_auc_v1,linear_svm_class_weight_balanced,linear_svm,C,80/20,5,heuristic_fp_20,test,80/20,test,1,True,6790,95,12.586506658000872,105,21,84,0.83809523809523812,0.82738095238095233,0.56666666666666665,0.80952380952380953,0.66666666666666663,0.57975090436420285,71,13,4,17,0.90589569160997729,0.70192560791388692,0.69315394176881462
linear_svm_balanced_ratio_preserved_noise_mcc_selected_true_pr_auc_v1,linear_svm_class_weight_balanced,linear_svm,C,80/20,5,heuristic_fp_20,test,90/10,test,1,True,6790,95,12.866050120006548,210,21,189,0.81428571428571428,0.8121693121693121,0.32692307692307693,0.80952380952380953,0.46575342465753422,0.43394085194667636,154,35,4,17,0.89745527840765937,0.48661856549493754,0.46960573235236974
linear_svm_balanced_ratio_preserved_noise_mcc_selected_true_pr_auc_v1,linear_svm_class_weight_balanced,linear_svm,C,90/10,1,clean,validation_selected_reproduction,90/10,valid,10,True,6790,190,16.686692939983914,190,19,171,0.91052631578947374,0.78654970760233911,0.54545454545454541,0.63157894736842102,0.58536585365853655,0.53732721755047808,161,10,7,12,0.83779624499846106,0.50038787179666311,0.48309390842026673
linear_svm_balanced_ratio_preserved_noise_mcc_selected_true_pr_auc_v1,linear_svm_class_weight_balanced,linear_svm,C,90/10,1,clean,test,50/50,test,10,True,6790,190,16.772458450985141,42,21,21,0.76190476190476186,0.76190476190476186,1,0.52380952380952384,0.6875,0.5956833971812705,21,0,10,11,0.82086167800453513,0.86431473678064386,0.8615526514077434
linear_svm_balanced_ratio_preserved_noise_mcc_selected_true_pr_auc_v1,linear_svm_class_weight_balanced,linear_svm,C,90/10,1,clean,test,60/40,test,10,True,6790,190,16.867831037990982,53,21,32,0.75471698113207553,0.71502976190476186,0.7857142857142857,0.52380952380952384,0.62857142857142856,0.47710820449134289,29,3,10,11,0.7901785714285714,0.78139616651765165,0.77699255943886159
linear_svm_balanced_ratio_preserved_noise_mcc_selected_true_pr_auc_v1,linear_svm_class_weight_balanced,linear_svm,C,90/10,1,clean,test,70/30,test,10,True,6790,190,16.966207480989397,70,21,49,0.84285714285714286,0.7517006802721089,0.91666666666666663,0.52380952380952384,0.66666666666666663,0.61209305594874031,48,1,10,11,0.82798833819241979,0.78580835935603965,0.78242734472092401
linear_svm_balanced_ratio_preserved_noise_mcc_selected_true_pr_auc_v1,linear_svm_class_weight_balanced,linear_svm,C,90/10,1,clean,test,75/25,test,10,True,6790,190,17.080586180003593,84,21,63,0.84523809523809523,0.73809523809523814,0.7857142857142857,0.52380952380952384,0.62857142857142856,0.55328333517248818,60,3,10,11,0.81859410430838997,0.72830051313112487,0.72397565992037771
linear_svm_balanced_ratio_preserved_noise_mcc_selected_true_pr_auc_v1,linear_svm_class_weight_balanced,linear_svm,C,90/10,1,clean,test,80/20,test,10,True,6790,190,17.222060903994134,105,21,84,0.8666666666666667,0.73809523809523814,0.73333333333333328,0.52380952380952384,0.61111111111111116,0.54433105395181736,80,4,10,11,0.77607709750566889,0.55653056291650083,0.52963787703015575
linear_svm_balanced_ratio_preserved_noise_mcc_selected_true_pr_auc_v1,linear_svm_class_weight_balanced,linear_svm,C,90/10,1,clean,test,90/10,test,10,True,6790,190,17.480981105996761,210,21,189,0.90000000000000002,0.73280423280423279,0.5,0.52380952380952384,0.51162790697674421,0.45611163661882342,178,11,10,11,0.79591836734693877,0.4941252065382562,0.48002182056980874
linear_svm_balanced_ratio_preserved_noise_mcc_selected_true_pr_auc_v1,linear_svm_class_weight_balanced,linear_svm,C,90/10,1,random_flip_10,validation_selected_reproduction,90/10,valid,1,True,6790,190,13.074440234981012,190,19,171,0.84210526315789469,0.72514619883040932,0.33333333333333331,0.57894736842105265,0.42307692307692307,0.35658467484924772,149,22,8,11,0.74176669744536783,0.32968614712964683,0.29968973561785506
linear_svm_balanced_ratio_preserved_noise_mcc_selected_true_pr_auc_v1,linear_svm_class_weight_balanced,linear_svm,C,90/10,1,random_flip_10,test,50/50,test,1,True,6790,190,13.164933621999808,42,21,21,0.7142857142857143,0.71428571428571419,0.90909090909090906,0.47619047619047616,0.625,0.48737732496649411,20,1,11,10,0.76643990929705219,0.81166948167369979,0.8075118525884768
linear_svm_balanced_ratio_preserved_noise_mcc_selected_true_pr_auc_v1,linear_svm_class_weight_balanced,linear_svm,C,90/10,1,random_flip_10,test,60/40,test,1,True,6790,190,13.259151542995824,53,21,32,0.71698113207547165,0.67559523809523814,0.7142857142857143,0.47619047619047616,0.5714285714285714,0.38961085211057755,28,4,11,10,0.71875,0.67335565938548259,0.66470460639204987
linear_svm_balanced_ratio_preserved_noise_mcc_selected_true_pr_auc_v1,linear_svm_class_weight_balanced,linear_svm,C,90/10,1,random_flip_10,test,70/30,test,1,True,6790,190,13.354361354984576,70,21,49,0.81428571428571428,0.71768707482993199,0.83333333333333337,0.47619047619047616,0.60606060606060608,0.52937777811782949,47,2,11,10,0.81535471331389697,0.72154327546300068,0.71470198578778854
linear_svm_balanced_ratio_preserved_noise_mcc_selected_true_pr_auc_v1,linear_svm_class_weight_balanced,linear_svm,C,90/10,1,random_flip_10,test,75/25,test,1,True,6790,190,13.464330746995984,84,21,63,0.83333333333333337,0.71428571428571419,0.76923076923076927,0.47619047619047616,0.58823529411764708,0.51310032092006852,60,3,11,10,0.80272108843537415,0.68394223081276717,0.67770676815670305
linear_svm_balanced_ratio_preserved_noise_mcc_selected_true_pr_auc_v1,linear_svm_class_weight_balanced,linear_svm,C,90/10,1,random_flip_10,test,80/20,test,1,True,6790,190,13.60125998899457,105,21,84,0.80952380952380953,0.68452380952380953,0.52631578947368418,0.47619047619047616,0.5,0.38344728939635236,75,9,11,10,0.74943310657596374,0.54077582381233258,0.53288009636655698
linear_svm_balanced_ratio_preserved_noise_mcc_selected_true_pr_auc_v1,linear_svm_class_weight_balanced,linear_svm,C,90/10,1,random_flip_10,test,90/10,test,1,True,6790,190,13.850080535979941,210,21,189,0.88571428571428568,0.70370370370370372,0.43478260869565216,0.47619047619047616,0.45454545454545453,0.39136749198461096,176,13,11,10,0.76643990929705219,0.43538888730007019,0.42744904294647174
linear_svm_balanced_ratio_preserved_noise_mcc_selected_true_pr_auc_v1,linear_svm_class_weight_balanced,linear_svm,C,90/10,1,random_flip_20,validation_selected_reproduction,90/10,valid,1,True,6790,190,12.082707738009049,190,19,171,0.79473684210526319,0.53508771929824561,0.14285714285714285,0.21052631578947367,0.1702127659574468,0.059391387091649858,147,24,15,4,0.4441366574330563,0.15628853548228799,0.14816043802726167
linear_svm_balanced_ratio_preserved_noise_mcc_selected_true_pr_auc_v1,linear_svm_class_weight_balanced,linear_svm,C,90/10,1,random_flip_20,test,50/50,test,1,True,6790,190,12.164814457995817,42,21,21,0.40476190476190477,0.40476190476190477,0.16666666666666666,0.047619047619047616,0.07407407407407407,-0.27216552697590868,16,5,20,1,0.3968253968253968,0.46081002014772043,0.44618378698537514
linear_svm_balanced_ratio_preserved_noise_mcc_selected_true_pr_auc_v1,linear_svm_class_weight_balanced,linear_svm,C,90/10,1,random_flip_20,test,60/40,test,1,True,6790,190,12.257845241983887,53,21,32,0.54716981132075471,0.46130952380952384,0.20000000000000001,0.047619047619047616,0.076923076923076927,-0.12948309934455932,28,4,20,1,0.5044642857142857,0.42118661220441894,0.40638059678251143
linear_svm_balanced_ratio_preserved_noise_mcc_selected_true_pr_auc_v1,linear_svm_class_weight_balanced,linear_svm,C,90/10,1,random_flip_20,test,70/30,test,1,True,6790,190,12.355175511009293,70,21,49,0.5714285714285714,0.42176870748299322,0.090909090909090912,0.047619047619047616,0.0625,-0.19701343368303895,39,10,20,1,0.45869776482021385,0.31166125781039827,0.30011502274770258
linear_svm_balanced_ratio_preserved_noise_mcc_selected_true_pr_auc_v1,linear_svm_class_weight_balanced,linear_svm,C,90/10,1,random_flip_20,test,75/25,test,1,True,6790,190,12.453705888008699,84,21,63,0.70238095238095233,0.48412698412698407,0.16666666666666666,0.047619047619047616,0.07407407407407407,-0.053376051268362375,58,5,20,1,0.55404383975812543,0.31218138612157748,0.30012641410911461
linear_svm_balanced_ratio_preserved_noise_mcc_selected_true_pr_auc_v1,linear_svm_class_weight_balanced,linear_svm,C,90/10,1,random_flip_20,test,80/20,test,1,True,6790,190,12.587894948985195,105,21,84,0.7142857142857143,0.4642857142857143,0.090909090909090912,0.047619047619047616,0.0625,-0.093295562035668439,74,10,20,1,0.48015873015873012,0.2084501682542908,0.18768316124278267
linear_svm_balanced_ratio_preserved_noise_mcc_selected_true_pr_auc_v1,linear_svm_class_weight_balanced,linear_svm,C,90/10,1,random_flip_20,test,90/10,test,1,True,6790,190,12.814371597982245,210,21,189,0.7857142857142857,0.45767195767195767,0.038461538461538464,0.047619047619047616,0.042553191489361701,-0.077108657595498703,164,25,20,1,0.47493071302595113,0.10568267409990745,0.09315450208938944
linear_svm_balanced_ratio_preserved_noise_mcc_selected_true_pr_auc_v1,linear_svm_class_weight_balanced,linear_svm,C,90/10,1,random_fp_10,validation_selected_reproduction,90/10,valid,0.10000000000000001,True,13580,190,19.286787349992665,190,19,171,0.76315789473684215,0.75146198830409361,0.25925925925925924,0.73684210526315785,0.38356164383561642,0.33451135340669125,131,40,5,14,0.7854724530624807,0.43260801190837039,0.41511662896775264
linear_svm_balanced_ratio_preserved_noise_mcc_selected_true_pr_auc_v1,linear_svm_class_weight_balanced,linear_svm,C,90/10,1,random_fp_10,test,50/50,test,0.10000000000000001,True,13580,190,19.369946054008324,42,21,21,0.73809523809523814,0.73809523809523814,0.75,0.7142857142857143,0.73170731707317072,0.47673129462279618,16,5,6,15,0.8231292517006803,0.80628015062956804,0.79847541846525316
linear_svm_balanced_ratio_preserved_noise_mcc_selected_true_pr_auc_v1,linear_svm_class_weight_balanced,linear_svm,C,90/10,1,random_fp_10,test,60/40,test,0.10000000000000001,True,13580,190,19.457874674000777,53,21,32,0.71698113207547165,0.71651785714285721,0.625,0.7142857142857143,0.66666666666666663,0.42550408384580535,23,9,6,15,0.83184523809523814,0.80019177797128127,0.79503642287576626
linear_svm_balanced_ratio_preserved_noise_mcc_selected_true_pr_auc_v1,linear_svm_class_weight_balanced,linear_svm,C,90/10,1,random_fp_10,test,70/30,test,0.10000000000000001,True,13580,190,19.547259537008358,70,21,49,0.82857142857142863,0.79591836734693877,0.7142857142857143,0.7142857142857143,0.7142857142857143,0.59183673469387754,43,6,6,15,0.87852283770651129,0.81091219232845857,0.80666772751953109
linear_svm_balanced_ratio_preserved_noise_mcc_selected_true_pr_auc_v1,linear_svm_class_weight_balanced,linear_svm,C,90/10,1,random_fp_10,test,75/25,test,0.10000000000000001,True,13580,190,19.651593662012601,84,21,63,0.84523809523809523,0.80158730158730163,0.68181818181818177,0.7142857142857143,0.69767441860465118,0.59404012950668628,56,7,6,15,0.89266817838246415,0.7598610027955035,0.75345034518960241
linear_svm_balanced_ratio_preserved_noise_mcc_selected_true_pr_auc_v1,linear_svm_class_weight_balanced,linear_svm,C,90/10,1,random_fp_10,test,80/20,test,0.10000000000000001,True,13580,190,19.79122863500379,105,21,84,0.79047619047619044,0.76190476190476186,0.4838709677419355,0.7142857142857143,0.57692307692307687,0.45933122986262781,68,16,6,15,0.83900226757369611,0.5932453376430582,0.58224297657668656
linear_svm_balanced_ratio_preserved_noise_mcc_selected_true_pr_auc_v1,linear_svm_class_weight_balanced,linear_svm,C,90/10,1,random_fp_10,test,90/10,test,0.10000000000000001,True,13580,190,20.043190902011702,210,21,189,0.80952380952380953,0.76719576719576721,0.30612244897959184,0.7142857142857143,0.42857142857142855,0.37904357633404367,155,34,6,15,0.83900226757369611,0.45284424768554543,0.44240776291698991
linear_svm_balanced_ratio_preserved_noise_mcc_selected_true_pr_auc_v1,linear_svm_class_weight_balanced,linear_svm,C,90/10,1,random_fp_20,validation_selected_reproduction,90/10,valid,1,True,20370,190,30.725831919000484,190,19,171,0.75789473684210529,0.67836257309941517,0.22448979591836735,0.57894736842105265,0.3235294117647059,0.2446250818336079,133,38,8,11,0.68574946137273007,0.21190104114912581,0.18603957295696111
linear_svm_balanced_ratio_preserved_noise_mcc_selected_true_pr_auc_v1,linear_svm_class_weight_balanced,linear_svm,C,90/10,1,random_fp_20,test,50/50,test,1,True,20370,190,30.839002062013606,42,21,21,0.5714285714285714,0.5714285714285714,0.66666666666666663,0.2857142857142857,0.40000000000000002,0.17407765595569785,18,3,15,6,0.65306122448979598,0.70382368378645355,0.69618185823782297
linear_svm_balanced_ratio_preserved_noise_mcc_selected_true_pr_auc_v1,linear_svm_class_weight_balanced,linear_svm,C,90/10,1,random_fp_20,test,60/40,test,1,True,20370,190,30.956136413005879,53,21,32,0.64150943396226412,0.58035714285714279,0.59999999999999998,0.2857142857142857,0.38709677419354838,0.20091154398138347,28,4,15,6,0.64434523809523803,0.55401669916033824,0.52528052126290015
linear_svm_balanced_ratio_preserved_noise_mcc_selected_true_pr_auc_v1,linear_svm_class_weight_balanced,linear_svm,C,90/10,1,random_fp_20,test,70/30,test,1,True,20370,190,31.080712360009784,70,21,49,0.65714285714285714,0.55102040816326525,0.40000000000000002,0.2857142857142857,0.33333333333333331,0.11396057645963795,40,9,15,6,0.6559766763848397,0.46111332802273042,0.43223263658552497
linear_svm_balanced_ratio_preserved_noise_mcc_selected_true_pr_auc_v1,linear_svm_class_weight_balanced,linear_svm,C,90/10,1,random_fp_20,test,75/25,test,1,True,20370,190,31.200298256007954,84,21,63,0.75,0.59523809523809523,0.5,0.2857142857142857,0.36363636363636365,0.23570226039551584,57,6,15,6,0.72411186696900987,0.46306541728538592,0.43786740603756813
linear_svm_balanced_ratio_preserved_noise_mcc_selected_true_pr_auc_v1,linear_svm_class_weight_balanced,linear_svm,C,90/10,1,random_fp_20,test,80/20,test,1,True,20370,190,31.350795550999464,105,21,84,0.77142857142857146,0.5892857142857143,0.40000000000000002,0.2857142857142857,0.33333333333333331,0.20412414523193151,75,9,15,6,0.68253968253968256,0.37810681293986431,0.35317599315137271
linear_svm_balanced_ratio_preserved_noise_mcc_selected_true_pr_auc_v1,linear_svm_class_weight_balanced,linear_svm,C,90/10,1,random_fp_20,test,90/10,test,1,True,20370,190,31.636023379018297,210,21,189,0.80952380952380953,0.57671957671957674,0.19354838709677419,0.2857142857142857,0.23076923076923078,0.12976852872648456,164,25,15,6,0.68556311413454274,0.18991481459043022,0.17494156114328346
linear_svm_balanced_ratio_preserved_noise_mcc_selected_true_pr_auc_v1,linear_svm_class_weight_balanced,linear_svm,C,90/10,1,heuristic_fp_10,validation_selected_reproduction,90/10,valid,0.10000000000000001,True,13580,190,20.318459278001683,190,19,171,0.81052631578947365,0.80116959064327486,0.31914893617021278,0.78947368421052633,0.45454545454545453,0.41879262230087516,139,32,4,15,0.86642043705755611,0.47508705385706662,0.46154299477673455
linear_svm_balanced_ratio_preserved_noise_mcc_selected_true_pr_auc_v1,linear_svm_class_weight_balanced,linear_svm,C,90/10,1,heuristic_fp_10,test,50/50,test,0.10000000000000001,True,13580,190,20.40302266299841,42,21,21,0.88095238095238093,0.88095238095238093,0.90000000000000002,0.8571428571428571,0.87804878048780488,0.7627700713964739,19,2,3,18,0.93424036281179146,0.9470111886621595,0.94586010631131057
linear_svm_balanced_ratio_preserved_noise_mcc_selected_true_pr_auc_v1,linear_svm_class_weight_balanced,linear_svm,C,90/10,1,heuristic_fp_10,test,60/40,test,0.10000000000000001,True,13580,190,20.501967449003132,53,21,32,0.86792452830188682,0.8660714285714286,0.81818181818181823,0.8571428571428571,0.83720930232558144,0.72675541928750842,28,4,3,18,0.90327380952380953,0.82806999932632452,0.81600778566956178
linear_svm_balanced_ratio_preserved_noise_mcc_selected_true_pr_auc_v1,linear_svm_class_weight_balanced,linear_svm,C,90/10,1,heuristic_fp_10,test,70/30,test,0.10000000000000001,True,13580,190,20.597123599989573,70,21,49,0.88571428571428568,0.87755102040816324,0.78260869565217395,0.8571428571428571,0.81818181818181823,0.7367166488157183,44,5,3,18,0.94655004859086489,0.92946284794110912,0.92835690051163233
linear_svm_balanced_ratio_preserved_noise_mcc_selected_true_pr_auc_v1,linear_svm_class_weight_balanced,linear_svm,C,90/10,1,heuristic_fp_10,test,75/25,test,0.10000000000000001,True,13580,190,20.694411628996022,84,21,63,0.90476190476190477,0.88888888888888884,0.78260869565217395,0.8571428571428571,0.81818181818181823,0.75527762184093239,58,5,3,18,0.93877551020408168,0.88345999818549492,0.88088334650873978
linear_svm_balanced_ratio_preserved_noise_mcc_selected_true_pr_auc_v1,linear_svm_class_weight_balanced,linear_svm,C,90/10,1,heuristic_fp_10,test,80/20,test,0.10000000000000001,True,13580,190,20.827214038989041,105,21,84,0.82857142857142863,0.83928571428571419,0.54545454545454541,0.8571428571428571,0.66666666666666663,0.5846845821518305,69,15,3,18,0.90022675736961455,0.68905917078968049,0.674292060338743
linear_svm_balanced_ratio_preserved_noise_mcc_selected_true_pr_auc_v1,linear_svm_class_weight_balanced,linear_svm,C,90/10,1,heuristic_fp_10,test,90/10,test,0.10000000000000001,True,13580,190,21.082576711982256,210,21,189,0.85238095238095235,0.85449735449735442,0.39130434782608697,0.8571428571428571,0.53731343283582089,0.51425995061532948,161,28,3,18,0.89392794154698918,0.4356200337353402,0.4110455809183623
linear_svm_balanced_ratio_preserved_noise_mcc_selected_true_pr_auc_v1,linear_svm_class_weight_balanced,linear_svm,C,90/10,1,heuristic_fp_20,validation_selected_reproduction,90/10,valid,1,True,20370,190,29.493800685013412,190,19,171,0.78421052631578947,0.78654970760233911,0.28846153846153844,0.78947368421052633,0.42253521126760563,0.3856236011307399,134,37,4,15,0.84302862419205904,0.51331608017199593,0.50353455479921228
linear_svm_balanced_ratio_preserved_noise_mcc_selected_true_pr_auc_v1,linear_svm_class_weight_balanced,linear_svm,C,90/10,1,heuristic_fp_20,test,50/50,test,1,True,20370,190,29.615482636989327,42,21,21,0.7857142857142857,0.7857142857142857,0.83333333333333337,0.7142857142857143,0.76923076923076927,0.57735026918962573,18,3,6,15,0.88662131519274379,0.90272377024375317,0.90042305670811085
linear_svm_balanced_ratio_preserved_noise_mcc_selected_true_pr_auc_v1,linear_svm_class_weight_balanced,linear_svm,C,90/10,1,heuristic_fp_20,test,60/40,test,1,True,20370,190,29.73530420800671,53,21,32,0.83018867924528306,0.81026785714285721,0.83333333333333337,0.7142857142857143,0.76923076923076927,0.64088652990813211,29,3,6,15,0.88839285714285721,0.84313386379517197,0.83858875199931071
linear_svm_balanced_ratio_preserved_noise_mcc_selected_true_pr_auc_v1,linear_svm_class_weight_balanced,linear_svm,C,90/10,1,heuristic_fp_20,test,70/30,test,1,True,20370,190,29.846363393997308,70,21,49,0.8571428571428571,0.81632653061224492,0.78947368421052633,0.7142857142857143,0.75,0.65194568114468099,45,4,6,15,0.87657920310981541,0.73651183233963713,0.7258462673925683
linear_svm_balanced_ratio_preserved_noise_mcc_selected_true_pr_auc_v1,linear_svm_class_weight_balanced,linear_svm,C,90/10,1,heuristic_fp_20,test,75/25,test,1,True,20370,190,29.963875302986708,84,21,63,0.8571428571428571,0.80952380952380953,0.7142857142857143,0.7142857142857143,0.7142857142857143,0.61904761904761907,57,6,6,15,0.8873771730914588,0.73805896810282778,0.7280244469008228
linear_svm_balanced_ratio_preserved_noise_mcc_selected_true_pr_auc_v1,linear_svm_class_weight_balanced,linear_svm,C,90/10,1,heuristic_fp_20,test,80/20,test,1,True,20370,190,30.106727126985788,105,21,84,0.80952380952380953,0.77380952380952384,0.51724137931034486,0.7142857142857143,0.59999999999999998,0.48991647126865073,70,14,6,15,0.85770975056689336,0.5990079327722917,0.57202957520115771
linear_svm_balanced_ratio_preserved_noise_mcc_selected_true_pr_auc_v1,linear_svm_class_weight_balanced,linear_svm,C,90/10,1,heuristic_fp_20,test,90/10,test,1,True,20370,190,30.369422804011265,210,21,189,0.83809523809523812,0.78306878306878303,0.34883720930232559,0.7142857142857143,0.46875,0.42089140739074438,161,28,6,15,0.85159989921894685,0.34906463809403454,0.32733209000513919
linear_svm_balanced_ratio_preserved_noise_mcc_selected_true_pr_auc_v1,linear_svm_class_weight_balanced,linear_svm,C,90/10,2,clean,validation_selected_reproduction,90/10,valid,0.10000000000000001,True,6790,190,12.253889885992976,190,19,171,0.87894736842105259,0.83918128654970758,0.44117647058823528,0.78947368421052633,0.56603773584905659,0.53092720183505338,152,19,4,15,0.85749461372730063,0.47791556545631758,0.44667843200955093
linear_svm_balanced_ratio_preserved_noise_mcc_selected_true_pr_auc_v1,linear_svm_class_weight_balanced,linear_svm,C,90/10,2,clean,test,50/50,test,0.10000000000000001,True,6790,190,12.363997890002793,42,21,21,0.8571428571428571,0.85714285714285721,0.89473684210526316,0.80952380952380953,0.84999999999999998,0.71754730985240978,19,2,4,17,0.89342403628117906,0.92320072530049568,0.92172680239800142
linear_svm_balanced_ratio_preserved_noise_mcc_selected_true_pr_auc_v1,linear_svm_class_weight_balanced,linear_svm,C,90/10,2,clean,test,60/40,test,0.10000000000000001,True,6790,190,12.459233925997978,53,21,32,0.90566037735849059,0.88913690476190477,0.94444444444444442,0.80952380952380953,0.87179487179487181,0.80379773415336464,31,1,4,17,0.90922619047619035,0.91424037757157994,0.91282545263181025
linear_svm_balanced_ratio_preserved_noise_mcc_selected_true_pr_auc_v1,linear_svm_class_weight_balanced,linear_svm,C,90/10,2,clean,test,70/30,test,0.10000000000000001,True,6790,190,12.603646214993205,70,21,49,0.84285714285714286,0.83333333333333326,0.70833333333333337,0.80952380952380953,0.75555555555555554,0.64362349842859889,42,7,4,17,0.86588921282798825,0.65647318676518918,0.62827293299352072
linear_svm_balanced_ratio_preserved_noise_mcc_selected_true_pr_auc_v1,linear_svm_class_weight_balanced,linear_svm,C,90/10,2,clean,test,75/25,test,0.10000000000000001,True,6790,190,12.720983519015135,84,21,63,0.83333333333333337,0.82539682539682535,0.62962962962962965,0.80952380952380953,0.70833333333333337,0.60339807377407551,53,10,4,17,0.86696900982615266,0.74471109777018007,0.73862840779000183
linear_svm_balanced_ratio_preserved_noise_mcc_selected_true_pr_auc_v1,linear_svm_class_weight_balanced,linear_svm,C,90/10,2,clean,test,80/20,test,0.10000000000000001,True,6790,190,12.841391305002617,105,21,84,0.83809523809523812,0.82738095238095233,0.56666666666666665,0.80952380952380953,0.66666666666666663,0.57975090436420285,71,13,4,17,0.89512471655328785,0.7539601124507822,0.7487809539433512
linear_svm_balanced_ratio_preserved_noise_mcc_selected_true_pr_auc_v1,linear_svm_class_weight_balanced,linear_svm,C,90/10,2,clean,test,90/10,test,0.10000000000000001,True,6790,190,13.056793641007971,210,21,189,0.8666666666666667,0.84126984126984128,0.41463414634146339,0.80952380952380953,0.54838709677419351,0.51657475086231242,165,24,4,17,0.88914084152179396,0.59002053407461041,0.58136485593580323
linear_svm_balanced_ratio_preserved_noise_mcc_selected_true_pr_auc_v1,linear_svm_class_weight_balanced,linear_svm,C,90/10,2,random_flip_10,validation_selected_reproduction,90/10,valid,0.10000000000000001,True,6790,190,11.849873361003119,190,19,171,0.81578947368421051,0.6871345029239766,0.27777777777777779,0.52631578947368418,0.36363636363636365,0.28651483165346853,145,26,9,10,0.78270236995998765,0.26994211034538279,0.25108431769319461
linear_svm_balanced_ratio_preserved_noise_mcc_selected_true_pr_auc_v1,linear_svm_class_weight_balanced,linear_svm,C,90/10,2,random_flip_10,test,50/50,test,0.10000000000000001,True,6790,190,11.961184443993261,42,21,21,0.7142857142857143,0.7142857142857143,0.76470588235294112,0.61904761904761907,0.68421052631578949,0.43656412506539938,17,4,8,13,0.7369614512471655,0.79465631625318101,0.78997494040399574
linear_svm_balanced_ratio_preserved_noise_mcc_selected_true_pr_auc_v1,linear_svm_class_weight_balanced,linear_svm,C,90/10,2,random_flip_10,test,60/40,test,0.10000000000000001,True,6790,190,12.053893520002021,53,21,32,0.81132075471698117,0.77827380952380953,0.8666666666666667,0.61904761904761907,0.72222222222222221,0.60429574716505419,30,2,8,13,0.76190476190476186,0.79086827073193278,0.78724383751140503
linear_svm_balanced_ratio_preserved_noise_mcc_selected_true_pr_auc_v1,linear_svm_class_weight_balanced,linear_svm,C,90/10,2,random_flip_10,test,70/30,test,0.10000000000000001,True,6790,190,12.190004684001906,70,21,49,0.77142857142857146,0.72789115646258506,0.61904761904761907,0.61904761904761907,0.61904761904761907,0.45578231292517007,41,8,8,13,0.78814382896015545,0.66665203709789544,0.65602499423863581
linear_svm_balanced_ratio_preserved_noise_mcc_selected_true_pr_auc_v1,linear_svm_class_weight_balanced,linear_svm,C,90/10,2,random_flip_10,test,75/25,test,0.10000000000000001,True,6790,190,12.306431456992868,84,21,63,0.77380952380952384,0.72222222222222221,0.54166666666666663,0.61904761904761907,0.57777777777777772,0.42600643361512919,52,11,8,13,0.77173091458805732,0.62507143138570687,0.61444506066056714
linear_svm_balanced_ratio_preserved_noise_mcc_selected_true_pr_auc_v1,linear_svm_class_weight_balanced,linear_svm,C,90/10,2,random_flip_10,test,80/20,test,0.10000000000000001,True,6790,190,12.427374946011696,105,21,84,0.80952380952380953,0.73809523809523814,0.52000000000000002,0.61904761904761907,0.56521739130434778,0.44721359549995793,72,12,8,13,0.78798185941043086,0.5983596558398514,0.58945159215609677
linear_svm_balanced_ratio_preserved_noise_mcc_selected_true_pr_auc_v1,linear_svm_class_weight_balanced,linear_svm,C,90/10,2,random_flip_10,test,90/10,test,0.10000000000000001,True,6790,190,12.64283244201215,210,21,189,0.81428571428571428,0.72751322751322745,0.29545454545454547,0.61904761904761907,0.40000000000000002,0.33542607032731808,158,31,8,13,0.76744771982867221,0.38152592842474542,0.36940928523340327
linear_svm_balanced_ratio_preserved_noise_mcc_selected_true_pr_auc_v1,linear_svm_class_weight_balanced,linear_svm,C,90/10,2,random_flip_20,validation_selected_reproduction,90/10,valid,10,True,6790,190,13.926601423008833,190,19,171,0.81052631578947365,0.47368421052631582,0.052631578947368418,0.052631578947368418,0.052631578947368418,-0.052631578947368418,153,18,18,1,0.46445060018467221,0.10678450012382874,0.094062440304642864
linear_svm_balanced_ratio_preserved_noise_mcc_selected_true_pr_auc_v1,linear_svm_class_weight_balanced,linear_svm,C,90/10,2,random_flip_20,test,50/50,test,10,True,6790,190,14.031797642004676,42,21,21,0.47619047619047616,0.47619047619047616,0.33333333333333331,0.047619047619047616,0.083333333333333329,-0.092450032704204849,19,2,20,1,0.44217687074829931,0.47861926728752296,0.45285326294893091
linear_svm_balanced_ratio_preserved_noise_mcc_selected_true_pr_auc_v1,linear_svm_class_weight_balanced,linear_svm,C,90/10,2,random_flip_20,test,60/40,test,10,True,6790,190,14.119342987018172,53,21,32,0.56603773584905659,0.47693452380952384,0.25,0.047619047619047616,0.080000000000000002,-0.085417925871872316,29,3,20,1,0.43005952380952378,0.36526074147810811,0.34384384274638791
linear_svm_balanced_ratio_preserved_noise_mcc_selected_true_pr_auc_v1,linear_svm_class_weight_balanced,linear_svm,C,90/10,2,random_flip_20,test,70/30,test,10,True,6790,190,14.248206951015163,70,21,49,0.61428571428571432,0.45238095238095233,0.125,0.047619047619047616,0.068965517241379309,-0.13717581529218359,42,7,20,1,0.30709426627793979,0.23291457768476848,0.21767791229833466
linear_svm_balanced_ratio_preserved_noise_mcc_selected_true_pr_auc_v1,linear_svm_class_weight_balanced,linear_svm,C,90/10,2,random_flip_20,test,75/25,test,10,True,6790,190,14.363538228004472,84,21,63,0.6785714285714286,0.46825396825396826,0.125,0.047619047619047616,0.068965517241379309,-0.093658581158169399,56,7,20,1,0.36659108087679521,0.20572938261065779,0.19236038323658988
linear_svm_balanced_ratio_preserved_noise_mcc_selected_true_pr_auc_v1,linear_svm_class_weight_balanced,linear_svm,C,90/10,2,random_flip_20,test,80/20,test,10,True,6790,190,14.474992964009289,105,21,84,0.75238095238095237,0.48809523809523814,0.14285714285714285,0.047619047619047616,0.071428571428571425,-0.038180177416060626,78,6,20,1,0.40816326530612246,0.1759212059977576,0.16324449018926745
linear_svm_balanced_ratio_preserved_noise_mcc_selected_true_pr_auc_v1,linear_svm_class_weight_balanced,linear_svm,C,90/10,2,random_flip_20,test,90/10,test,10,True,6790,190,14.678089701017598,210,21,189,0.81904761904761902,0.47619047619047616,0.052631578947368418,0.047619047619047616,0.050000000000000003,-0.049799819724978892,171,18,20,1,0.38977072310405642,0.084167142180714596,0.078061517430005764
linear_svm_balanced_ratio_preserved_noise_mcc_selected_true_pr_auc_v1,linear_svm_class_weight_balanced,linear_svm,C,90/10,2,random_fp_10,validation_selected_reproduction,90/10,valid,0.10000000000000001,True,13580,190,21.101067962008528,190,19,171,0.77368421052631575,0.73391812865497075,0.26000000000000001,0.68421052631578949,0.37681159420289856,0.3187276291558383,134,37,6,13,0.79809172052939359,0.41266240104373164,0.39473438777586634
linear_svm_balanced_ratio_preserved_noise_mcc_selected_true_pr_auc_v1,linear_svm_class_weight_balanced,linear_svm,C,90/10,2,random_fp_10,test,50/50,test,0.10000000000000001,True,13580,190,21.220925575005822,42,21,21,0.83333333333333337,0.83333333333333326,0.9375,0.7142857142857143,0.81081081081081086,0.6864064729836441,20,1,6,15,0.78458049886621317,0.87002171337146716,0.86804615163980769
linear_svm_balanced_ratio_preserved_noise_mcc_selected_true_pr_auc_v1,linear_svm_class_weight_balanced,linear_svm,C,90/10,2,random_fp_10,test,60/40,test,0.10000000000000001,True,13580,190,21.315579526009969,53,21,32,0.83018867924528306,0.81026785714285721,0.83333333333333337,0.7142857142857143,0.76923076923076927,0.64088652990813211,29,3,6,15,0.87351190476190477,0.87265449277354068,0.87039545862375012
linear_svm_balanced_ratio_preserved_noise_mcc_selected_true_pr_auc_v1,linear_svm_class_weight_balanced,linear_svm,C,90/10,2,random_fp_10,test,70/30,test,0.10000000000000001,True,13580,190,21.462707609985955,70,21,49,0.77142857142857146,0.75510204081632648,0.59999999999999998,0.7142857142857143,0.65217391304347827,0.48795003647426655,39,10,6,15,0.79397473275024288,0.65917050960505974,0.64752453148986988
linear_svm_balanced_ratio_preserved_noise_mcc_selected_true_pr_auc_v1,linear_svm_class_weight_balanced,linear_svm,C,90/10,2,random_fp_10,test,75/25,test,0.10000000000000001,True,13580,190,21.592517705983482,84,21,63,0.73809523809523814,0.73015873015873023,0.4838709677419355,0.7142857142857143,0.57692307692307687,0.41306518176958812,47,16,6,15,0.77475434618291761,0.68955794310941987,0.68407072328877816
linear_svm_balanced_ratio_preserved_noise_mcc_selected_true_pr_auc_v1,linear_svm_class_weight_balanced,linear_svm,C,90/10,2,random_fp_10,test,80/20,test,0.10000000000000001,True,13580,190,21.726955421996536,105,21,84,0.80952380952380953,0.77380952380952384,0.51724137931034486,0.7142857142857143,0.59999999999999998,0.48991647126865073,70,14,6,15,0.8231292517006803,0.70651962546220259,0.70176152244320589
linear_svm_balanced_ratio_preserved_noise_mcc_selected_true_pr_auc_v1,linear_svm_class_weight_balanced,linear_svm,C,90/10,2,random_fp_10,test,90/10,test,0.10000000000000001,True,13580,190,21.957123984000646,210,21,189,0.78095238095238095,0.75132275132275139,0.27272727272727271,0.7142857142857143,0.39473684210526316,0.34296922868012547,149,40,6,15,0.80952380952380953,0.51903713984973077,0.51154980869464284
linear_svm_balanced_ratio_preserved_noise_mcc_selected_true_pr_auc_v1,linear_svm_class_weight_balanced,linear_svm,C,90/10,2,random_fp_20,validation_selected_reproduction,90/10,valid,0.10000000000000001,True,20370,190,30.06742506599403,190,19,171,0.77368421052631575,0.75730994152046782,0.26923076923076922,0.73684210526315785,0.39436619718309857,0.3462742540765828,133,38,5,14,0.77777777777777779,0.4584765827602052,0.44190579746724701
linear_svm_balanced_ratio_preserved_noise_mcc_selected_true_pr_auc_v1,linear_svm_class_weight_balanced,linear_svm,C,90/10,2,random_fp_20,test,50/50,test,0.10000000000000001,True,20370,190,30.193345712003065,42,21,21,0.7142857142857143,0.7142857142857143,0.76470588235294112,0.61904761904761907,0.68421052631578949,0.43656412506539938,17,4,8,13,0.81859410430838997,0.84771417188481668,0.84415587236400258
linear_svm_balanced_ratio_preserved_noise_mcc_selected_true_pr_auc_v1,linear_svm_class_weight_balanced,linear_svm,C,90/10,2,random_fp_20,test,60/40,test,0.10000000000000001,True,20370,190,30.290008929994656,53,21,32,0.69811320754716977,0.68452380952380953,0.61904761904761907,0.61904761904761907,0.61904761904761907,0.36904761904761907,24,8,8,13,0.7946428571428571,0.79444504964919682,0.7907971473318296
linear_svm_balanced_ratio_preserved_noise_mcc_selected_true_pr_auc_v1,linear_svm_class_weight_balanced,linear_svm,C,90/10,2,random_fp_20,test,70/30,test,0.10000000000000001,True,20370,190,30.430146308994154,70,21,49,0.65714285714285714,0.6462585034013606,0.44827586206896552,0.61904761904761907,0.52000000000000002,0.2721246483912933,33,16,8,13,0.75218658892128287,0.60369042596309419,0.59164683108270255
linear_svm_balanced_ratio_preserved_noise_mcc_selected_true_pr_auc_v1,linear_svm_class_weight_balanced,linear_svm,C,90/10,2,random_fp_20,test,75/25,test,0.10000000000000001,True,20370,190,30.559524215990677,84,21,63,0.70238095238095233,0.67460317460317465,0.43333333333333335,0.61904761904761907,0.50980392156862742,0.31557642080208581,46,17,8,13,0.78155706727135299,0.6216157207158135,0.61348032534504582
linear_svm_balanced_ratio_preserved_noise_mcc_selected_true_pr_auc_v1,linear_svm_class_weight_balanced,linear_svm,C,90/10,2,random_fp_20,test,80/20,test,0.10000000000000001,True,20370,190,30.68414515099721,105,21,84,0.73333333333333328,0.69047619047619047,0.39393939393939392,0.61904761904761907,0.48148148148148145,0.3282439759448873,64,20,8,13,0.7936507936507935,0.57842390024912982,0.57016145339079904
linear_svm_balanced_ratio_preserved_noise_mcc_selected_true_pr_auc_v1,linear_svm_class_weight_balanced,linear_svm,C,90/10,2,random_fp_20,test,90/10,test,0.10000000000000001,True,20370,190,30.892903939995449,210,21,189,0.75714285714285712,0.69576719576719581,0.23214285714285715,0.61904761904761907,0.33766233766233766,0.26561713688993466,146,43,8,13,0.77475434618291761,0.38410058826384991,0.37238332807645913
linear_svm_balanced_ratio_preserved_noise_mcc_selected_true_pr_auc_v1,linear_svm_class_weight_balanced,linear_svm,C,90/10,2,heuristic_fp_10,validation_selected_reproduction,90/10,valid,1,True,13580,190,22.609984736016486,190,19,171,0.89473684210526316,0.82456140350877183,0.48275862068965519,0.73684210526315785,0.58333333333333337,0.54148918510746702,156,15,5,14,0.88334872268390274,0.55547542901512603,0.54406401411460825
linear_svm_balanced_ratio_preserved_noise_mcc_selected_true_pr_auc_v1,linear_svm_class_weight_balanced,linear_svm,C,90/10,2,heuristic_fp_10,test,50/50,test,1,True,13580,190,22.716754112014314,42,21,21,0.7857142857142857,0.7857142857142857,0.83333333333333337,0.7142857142857143,0.76923076923076927,0.57735026918962573,18,3,6,15,0.86167800453514731,0.87801344868365883,0.87486042278182086
linear_svm_balanced_ratio_preserved_noise_mcc_selected_true_pr_auc_v1,linear_svm_class_weight_balanced,linear_svm,C,90/10,2,heuristic_fp_10,test,60/40,test,1,True,13580,190,22.805252719001146,53,21,32,0.83018867924528306,0.81026785714285721,0.83333333333333337,0.7142857142857143,0.76923076923076927,0.64088652990813211,29,3,6,15,0.84821428571428581,0.77522842905884071,0.76536358695771489
linear_svm_balanced_ratio_preserved_noise_mcc_selected_true_pr_auc_v1,linear_svm_class_weight_balanced,linear_svm,C,90/10,2,heuristic_fp_10,test,70/30,test,1,True,13580,190,22.930281264008954,70,21,49,0.80000000000000004,0.77551020408163263,0.65217391304347827,0.7142857142857143,0.68181818181818177,0.53760404102768633,41,8,6,15,0.84548104956268222,0.63959416080997089,0.61577258145406455
linear_svm_balanced_ratio_preserved_noise_mcc_selected_true_pr_auc_v1,linear_svm_class_weight_balanced,linear_svm,C,90/10,2,heuristic_fp_10,test,75/25,test,1,True,13580,190,23.035789579997072,84,21,63,0.83333333333333337,0.79365079365079372,0.65217391304347827,0.7142857142857143,0.68181818181818177,0.5703116736349898,55,8,6,15,0.8344671201814059,0.63629143730189019,0.62009739838674394
linear_svm_balanced_ratio_preserved_noise_mcc_selected_true_pr_auc_v1,linear_svm_class_weight_balanced,linear_svm,C,90/10,2,heuristic_fp_10,test,80/20,test,1,True,13580,190,23.146149480016902,105,21,84,0.87619047619047619,0.81547619047619047,0.68181818181818177,0.7142857142857143,0.69767441860465118,0.6201481997912045,77,7,6,15,0.89512471655328796,0.79040457094756644,0.78724747953949792
linear_svm_balanced_ratio_preserved_noise_mcc_selected_true_pr_auc_v1,linear_svm_class_weight_balanced,linear_svm,C,90/10,2,heuristic_fp_10,test,90/10,test,1,True,13580,190,23.371275654004421,210,21,189,0.8571428571428571,0.79365079365079372,0.38461538461538464,0.7142857142857143,0.5,0.45307632099523115,165,24,6,15,0.86898463088939282,0.4868201574553731,0.45812368868745507
linear_svm_balanced_ratio_preserved_noise_mcc_selected_true_pr_auc_v1,linear_svm_class_weight_balanced,linear_svm,C,90/10,2,heuristic_fp_20,validation_selected_reproduction,90/10,valid,10,True,20370,190,33.884947074984666,190,19,171,0.88421052631578945,0.79532163742690054,0.44827586206896552,0.68421052631578949,0.54166666666666663,0.49270637563832587,155,16,6,13,0.84118190212373034,0.57360448903064087,0.56442823474696002
linear_svm_balanced_ratio_preserved_noise_mcc_selected_true_pr_auc_v1,linear_svm_class_weight_balanced,linear_svm,C,90/10,2,heuristic_fp_20,test,50/50,test,10,True,20370,190,34.001295405993005,42,21,21,0.66666666666666663,0.66666666666666663,0.76923076923076927,0.47619047619047616,0.58823529411764708,0.36051834183722337,18,3,11,10,0.69841269841269837,0.68899025121675894,0.6730555426522502
linear_svm_balanced_ratio_preserved_noise_mcc_selected_true_pr_auc_v1,linear_svm_class_weight_balanced,linear_svm,C,90/10,2,heuristic_fp_20,test,60/40,test,10,True,20370,190,34.093656293989625,53,21,32,0.660377358490566,0.62872023809523814,0.58823529411764708,0.47619047619047616,0.52631578947368418,0.26976509504534524,25,7,11,10,0.74702380952380953,0.61092998372665752,0.59358021034739528
linear_svm_balanced_ratio_preserved_noise_mcc_selected_true_pr_auc_v1,linear_svm_class_weight_balanced,linear_svm,C,90/10,2,heuristic_fp_20,test,70/30,test,10,True,20370,190,34.224870252975961,70,21,49,0.7142857142857143,0.6462585034013606,0.52631578947368418,0.47619047619047616,0.5,0.30143725042173425,40,9,11,10,0.7288629737609329,0.51696686287266003,0.49989857958879824
linear_svm_balanced_ratio_preserved_noise_mcc_selected_true_pr_auc_v1,linear_svm_class_weight_balanced,linear_svm,C,90/10,2,heuristic_fp_20,test,75/25,test,10,True,20370,190,34.344206273992313,84,21,63,0.8214285714285714,0.70634920634920628,0.7142857142857143,0.47619047619047616,0.5714285714285714,0.47951222381615638,59,4,11,10,0.77702191987906277,0.56973573340044448,0.55295155188613876
linear_svm_balanced_ratio_preserved_noise_mcc_selected_true_pr_auc_v1,linear_svm_class_weight_balanced,linear_svm,C,90/10,2,heuristic_fp_20,test,80/20,test,10,True,20370,190,34.455652639997425,105,21,84,0.84761904761904761,0.70833333333333326,0.66666666666666663,0.47619047619047616,0.55555555555555558,0.47628967220784019,79,5,11,10,0.80555555555555558,0.57995637345549689,0.56982935601574392
linear_svm_balanced_ratio_preserved_noise_mcc_selected_true_pr_auc_v1,linear_svm_class_weight_balanced,linear_svm,C,90/10,2,heuristic_fp_20,test,90/10,test,10,True,20370,190,34.658211383997696,210,21,189,0.82380952380952377,0.6693121693121693,0.27777777777777779,0.47619047619047616,0.35087719298245612,0.26954597105027678,163,26,11,10,0.7745023935500126,0.24517805185261868,0.22482883605830581
linear_svm_balanced_ratio_preserved_noise_mcc_selected_true_pr_auc_v1,linear_svm_class_weight_balanced,linear_svm,C,90/10,3,clean,validation_selected_reproduction,90/10,valid,1,True,6790,190,12.197218794026412,190,19,171,0.91578947368421049,0.78947368421052633,0.5714285714285714,0.63157894736842102,0.59999999999999998,0.55393772136828834,162,9,7,12,0.85072329947676206,0.54077299118307887,0.52324521291861925
linear_svm_balanced_ratio_preserved_noise_mcc_selected_true_pr_auc_v1,linear_svm_class_weight_balanced,linear_svm,C,90/10,3,clean,test,50/50,test,1,True,6790,190,12.276952545013046,42,21,21,0.73809523809523814,0.73809523809523814,0.91666666666666663,0.52380952380952384,0.66666666666666663,0.52704627669472992,20,1,10,11,0.8458049886621315,0.85558160714775089,0.85145241595614851
linear_svm_balanced_ratio_preserved_noise_mcc_selected_true_pr_auc_v1,linear_svm_class_weight_balanced,linear_svm,C,90/10,3,clean,test,60/40,test,1,True,6790,190,12.371049694018438,53,21,32,0.79245283018867929,0.74627976190476186,0.91666666666666663,0.52380952380952384,0.66666666666666663,0.57565304446651,31,1,10,11,0.85565476190476186,0.75565374581569533,0.73091359630390162
linear_svm_balanced_ratio_preserved_noise_mcc_selected_true_pr_auc_v1,linear_svm_class_weight_balanced,linear_svm,C,90/10,3,clean,test,70/30,test,1,True,6790,190,12.471043321012985,70,21,49,0.82857142857142863,0.74149659863945572,0.84615384615384615,0.52380952380952384,0.6470588235294118,0.56916684978859344,47,2,10,11,0.85325558794946554,0.78757293052274502,0.78362565404539697
linear_svm_balanced_ratio_preserved_noise_mcc_selected_true_pr_auc_v1,linear_svm_class_weight_balanced,linear_svm,C,90/10,3,clean,test,75/25,test,1,True,6790,190,12.592607094004052,84,21,63,0.79761904761904767,0.70634920634920628,0.61111111111111116,0.52380952380952384,0.5641025641025641,0.43551638661232528,56,7,10,11,0.8382464096749811,0.61578319552578076,0.58854996485812161
linear_svm_balanced_ratio_preserved_noise_mcc_selected_true_pr_auc_v1,linear_svm_class_weight_balanced,linear_svm,C,90/10,3,clean,test,80/20,test,1,True,6790,190,12.719269557012012,105,21,84,0.81904761904761902,0.70833333333333337,0.55000000000000004,0.52380952380952384,0.53658536585365857,0.42443734381358272,75,9,10,11,0.83333333333333326,0.56835222503915506,0.54114168078864089
linear_svm_balanced_ratio_preserved_noise_mcc_selected_true_pr_auc_v1,linear_svm_class_weight_balanced,linear_svm,C,90/10,3,clean,test,90/10,test,1,True,6790,190,12.949840608023806,210,21,189,0.90000000000000002,0.73280423280423279,0.5,0.52380952380952384,0.51162790697674421,0.45611163661882342,178,11,10,11,0.86344167296548258,0.52682461069789865,0.50071981761604789
linear_svm_balanced_ratio_preserved_noise_mcc_selected_true_pr_auc_v1,linear_svm_class_weight_balanced,linear_svm,C,90/10,3,random_flip_10,validation_selected_reproduction,90/10,valid,0.10000000000000001,True,6790,190,12.046471415989799,190,19,171,0.85789473684210527,0.7807017543859649,0.38235294117647056,0.68421052631578949,0.49056603773584906,0.43938802910487174,150,21,6,13,0.83379501385041555,0.55821571011161575,0.54701294781393717
linear_svm_balanced_ratio_preserved_noise_mcc_selected_true_pr_auc_v1,linear_svm_class_weight_balanced,linear_svm,C,90/10,3,random_flip_10,test,50/50,test,0.10000000000000001,True,6790,190,12.133188710984541,42,21,21,0.7142857142857143,0.7142857142857143,0.84615384615384615,0.52380952380952384,0.6470588235294118,0.4635235823621443,19,2,10,11,0.71882086167800452,0.76239214565786573,0.75519041672535048
linear_svm_balanced_ratio_preserved_noise_mcc_selected_true_pr_auc_v1,linear_svm_class_weight_balanced,linear_svm,C,90/10,3,random_flip_10,test,60/40,test,0.10000000000000001,True,6790,190,12.241203276993474,53,21,32,0.69811320754716977,0.66815476190476186,0.6470588235294118,0.52380952380952384,0.57894736842105265,0.35240989294941055,26,6,10,11,0.68898809523809523,0.5751902819759962,0.5504765007190745
linear_svm_balanced_ratio_preserved_noise_mcc_selected_true_pr_auc_v1,linear_svm_class_weight_balanced,linear_svm,C,90/10,3,random_flip_10,test,70/30,test,0.10000000000000001,True,6790,190,12.358491628983757,70,21,49,0.68571428571428572,0.63945578231292521,0.47826086956521741,0.52380952380952384,0.5,0.27212056397697704,37,12,10,11,0.70553935860058314,0.62088488669454356,0.61337408170763297
linear_svm_balanced_ratio_preserved_noise_mcc_selected_true_pr_auc_v1,linear_svm_class_weight_balanced,linear_svm,C,90/10,3,random_flip_10,test,75/25,test,0.10000000000000001,True,6790,190,12.481194538995624,84,21,63,0.72619047619047616,0.65873015873015872,0.45833333333333331,0.52380952380952384,0.48888888888888887,0.30429030972509225,50,13,10,11,0.74527588813303103,0.52597932176649165,0.49808133878230099
linear_svm_balanced_ratio_preserved_noise_mcc_selected_true_pr_auc_v1,linear_svm_class_weight_balanced,linear_svm,C,90/10,3,random_flip_10,test,80/20,test,0.10000000000000001,True,6790,190,12.617453016981017,105,21,84,0.74285714285714288,0.66071428571428581,0.39285714285714285,0.52380952380952384,0.44897959183673469,0.29074308227141493,67,17,10,11,0.74206349206349198,0.47647427818421861,0.44851477127768585
linear_svm_balanced_ratio_preserved_noise_mcc_selected_true_pr_auc_v1,linear_svm_class_weight_balanced,linear_svm,C,90/10,3,random_flip_10,test,90/10,test,0.10000000000000001,True,6790,190,12.843487542995717,210,21,189,0.84285714285714286,0.70105820105820105,0.3235294117647059,0.52380952380952384,0.40000000000000002,0.32748887033017876,166,23,10,11,0.75535399344923149,0.37563006236716745,0.34817447079907587
linear_svm_balanced_ratio_preserved_noise_mcc_selected_true_pr_auc_v1,linear_svm_class_weight_balanced,linear_svm,C,90/10,3,random_flip_20,validation_selected_reproduction,90/10,valid,10,True,6790,190,13.529955764010083,190,19,171,0.82631578947368423,0.55263157894736836,0.18181818181818182,0.21052631578947367,0.1951219512195122,0.098692754243965355,153,18,15,4,0.56078793474915356,0.13326165011065666,0.12090140512457948
linear_svm_balanced_ratio_preserved_noise_mcc_selected_true_pr_auc_v1,linear_svm_class_weight_balanced,linear_svm,C,90/10,3,random_flip_20,test,50/50,test,10,True,6790,190,13.613329571002396,42,21,21,0.42857142857142855,0.42857142857142855,0,0,0,-0.27735009811261457,18,3,21,0,0.51020408163265307,0.5037890716351574,0.48037872630450418
linear_svm_balanced_ratio_preserved_noise_mcc_selected_true_pr_auc_v1,linear_svm_class_weight_balanced,linear_svm,C,90/10,3,random_flip_20,test,60/40,test,10,True,6790,190,13.714222029026132,53,21,32,0.56603773584905659,0.46875,0,0,0,-0.16042223697993699,30,2,21,0,0.59970238095238093,0.45394828799770398,0.42878963554345773
linear_svm_balanced_ratio_preserved_noise_mcc_selected_true_pr_auc_v1,linear_svm_class_weight_balanced,linear_svm,C,90/10,3,random_flip_20,test,70/30,test,10,True,6790,190,13.823758970014751,70,21,49,0.6428571428571429,0.45918367346938777,0,0,0,-0.16116459280507606,45,4,21,0,0.51020408163265307,0.3021639305162177,0.28405861507203978
linear_svm_balanced_ratio_preserved_noise_mcc_selected_true_pr_auc_v1,linear_svm_class_weight_balanced,linear_svm,C,90/10,3,random_flip_20,test,75/25,test,10,True,6790,190,13.946867559017846,84,21,63,0.6428571428571429,0.42857142857142855,0,0,0,-0.20000000000000001,54,9,21,0,0.47845804988662133,0.2334512711156678,0.22086399588883754
linear_svm_balanced_ratio_preserved_noise_mcc_selected_true_pr_auc_v1,linear_svm_class_weight_balanced,linear_svm,C,90/10,3,random_flip_20,test,80/20,test,10,True,6790,190,14.079279467026936,105,21,84,0.68571428571428572,0.42857142857142855,0,0,0,-0.17960530202677491,72,12,21,0,0.51643990929705219,0.19879355326922482,0.18814976372458667
linear_svm_balanced_ratio_preserved_noise_mcc_selected_true_pr_auc_v1,linear_svm_class_weight_balanced,linear_svm,C,90/10,3,random_flip_20,test,90/10,test,10,True,6790,190,14.298031561018433,210,21,189,0.78095238095238095,0.43386243386243384,0,0,0,-0.12253577034896797,164,25,21,0,0.45956160241874533,0.089744189106398184,0.084411602301395147
linear_svm_balanced_ratio_preserved_noise_mcc_selected_true_pr_auc_v1,linear_svm_class_weight_balanced,linear_svm,C,90/10,3,random_fp_10,validation_selected_reproduction,90/10,valid,10,True,13580,190,34.385732637980254,190,19,171,0.90000000000000002,0.71052631578947367,0.5,0.47368421052631576,0.48648648648648651,0.4313310928137537,162,9,10,9,0.74761465066174204,0.38848293366305064,0.37140211245027732
linear_svm_balanced_ratio_preserved_noise_mcc_selected_true_pr_auc_v1,linear_svm_class_weight_balanced,linear_svm,C,90/10,3,random_fp_10,test,50/50,test,10,True,13580,190,34.474956252000993,42,21,21,0.69047619047619047,0.69047619047619047,0.83333333333333337,0.47619047619047616,0.60606060606060608,0.4216370213557839,19,2,11,10,0.75736961451247176,0.80799727577145064,0.80382351368655325
linear_svm_balanced_ratio_preserved_noise_mcc_selected_true_pr_auc_v1,linear_svm_class_weight_balanced,linear_svm,C,90/10,3,random_fp_10,test,60/40,test,10,True,13580,190,34.579749771975912,53,21,32,0.69811320754716977,0.65997023809523814,0.66666666666666663,0.47619047619047616,0.55555555555555558,0.3473892664184135,27,5,11,10,0.69345238095238093,0.69786738191391717,0.6916510707211978
linear_svm_balanced_ratio_preserved_noise_mcc_selected_true_pr_auc_v1,linear_svm_class_weight_balanced,linear_svm,C,90/10,3,random_fp_10,test,70/30,test,10,True,13580,190,34.698010907974094,70,21,49,0.7857142857142857,0.69727891156462585,0.7142857142857143,0.47619047619047616,0.5714285714285714,0.45202277263169849,45,4,11,10,0.75607385811467442,0.67218156935584239,0.66578152331213314
linear_svm_balanced_ratio_preserved_noise_mcc_selected_true_pr_auc_v1,linear_svm_class_weight_balanced,linear_svm,C,90/10,3,random_fp_10,test,75/25,test,10,True,13580,190,34.816423346986994,84,21,63,0.77380952380952384,0.67460317460317465,0.55555555555555558,0.47619047619047616,0.51282051282051277,0.36851386559504445,55,8,11,10,0.75359032501889645,0.5626521955463526,0.54713456886950818
linear_svm_balanced_ratio_preserved_noise_mcc_selected_true_pr_auc_v1,linear_svm_class_weight_balanced,linear_svm,C,90/10,3,random_fp_10,test,80/20,test,10,True,13580,190,34.939829412993276,105,21,84,0.81904761904761902,0.69047619047619047,0.55555555555555558,0.47619047619047616,0.51282051282051277,0.40431895657541517,76,8,11,10,0.73469387755102034,0.46180195854707323,0.44468986537356503
linear_svm_balanced_ratio_preserved_noise_mcc_selected_true_pr_auc_v1,linear_svm_class_weight_balanced,linear_svm,C,90/10,3,random_fp_10,test,90/10,test,10,True,13580,190,35.154490500979591,210,21,189,0.88571428571428568,0.70370370370370372,0.43478260869565216,0.47619047619047616,0.45454545454545453,0.39136749198461096,176,13,11,10,0.75711766187956664,0.4532946544421711,0.43966741109326818
linear_svm_balanced_ratio_preserved_noise_mcc_selected_true_pr_auc_v1,linear_svm_class_weight_balanced,linear_svm,C,90/10,3,random_fp_20,validation_selected_reproduction,90/10,valid,0.10000000000000001,True,20370,190,29.041100517992163,190,19,171,0.75263157894736843,0.72222222222222221,0.24074074074074073,0.68421052631578949,0.35616438356164382,0.29561468440591321,130,41,6,13,0.79532163742690065,0.43883243975037056,0.42219105735000184
linear_svm_balanced_ratio_preserved_noise_mcc_selected_true_pr_auc_v1,linear_svm_class_weight_balanced,linear_svm,C,90/10,3,random_fp_20,test,50/50,test,0.10000000000000001,True,20370,190,29.133293771999888,42,21,21,0.66666666666666663,0.66666666666666663,0.66666666666666663,0.66666666666666663,0.66666666666666663,0.33333333333333331,14,7,7,14,0.8231292517006803,0.86293871054133642,0.86012760665270482
linear_svm_balanced_ratio_preserved_noise_mcc_selected_true_pr_auc_v1,linear_svm_class_weight_balanced,linear_svm,C,90/10,3,random_fp_20,test,60/40,test,0.10000000000000001,True,20370,190,29.242020093981409,53,21,32,0.660377358490566,0.66145833333333326,0.56000000000000005,0.66666666666666663,0.60869565217391308,0.31639242510949384,21,11,7,14,0.7633928571428571,0.75405721317048147,0.7489094569188568
linear_svm_balanced_ratio_preserved_noise_mcc_selected_true_pr_auc_v1,linear_svm_class_weight_balanced,linear_svm,C,90/10,3,random_fp_20,test,70/30,test,0.10000000000000001,True,20370,190,29.355791684007272,70,21,49,0.7142857142857143,0.70068027210884354,0.51851851851851849,0.66666666666666663,0.58333333333333337,0.37785594049499843,36,13,7,14,0.79591836734693877,0.71883795557708718,0.71204013206549188
linear_svm_balanced_ratio_preserved_noise_mcc_selected_true_pr_auc_v1,linear_svm_class_weight_balanced,linear_svm,C,90/10,3,random_fp_20,test,75/25,test,0.10000000000000001,True,20370,190,29.474534090986708,84,21,63,0.73809523809523814,0.71428571428571419,0.48275862068965519,0.66666666666666663,0.56000000000000005,0.39032178670768991,48,15,7,14,0.79743008314436892,0.54578592813371019,0.51662155448571645
linear_svm_balanced_ratio_preserved_noise_mcc_selected_true_pr_auc_v1,linear_svm_class_weight_balanced,linear_svm,C,90/10,3,random_fp_20,test,80/20,test,0.10000000000000001,True,20370,190,29.60227696900256,105,21,84,0.75238095238095237,0.72023809523809523,0.42424242424242425,0.66666666666666663,0.51851851851851849,0.37953209718627595,65,19,7,14,0.79138321995464844,0.56056873174825972,0.54467606007814062
linear_svm_balanced_ratio_preserved_noise_mcc_selected_true_pr_auc_v1,linear_svm_class_weight_balanced,linear_svm,C,90/10,3,random_fp_20,test,90/10,test,0.10000000000000001,True,20370,190,29.800572702981299,210,21,189,0.79047619047619044,0.73544973544973535,0.27450980392156865,0.66666666666666663,0.3888888888888889,0.32944665452275829,152,37,7,14,0.80901990425799941,0.41073788602176192,0.3945508739383673
linear_svm_balanced_ratio_preserved_noise_mcc_selected_true_pr_auc_v1,linear_svm_class_weight_balanced,linear_svm,C,90/10,3,heuristic_fp_10,validation_selected_reproduction,90/10,valid,1,True,13580,190,21.95351527899038,190,19,171,0.87894736842105259,0.79239766081871343,0.43333333333333335,0.68421052631578949,0.53061224489795922,0.48112522432468813,154,17,6,13,0.88673437980917202,0.56176735225334129,0.55070501551840501
linear_svm_balanced_ratio_preserved_noise_mcc_selected_true_pr_auc_v1,linear_svm_class_weight_balanced,linear_svm,C,90/10,3,heuristic_fp_10,test,50/50,test,1,True,13580,190,22.041415712999878,42,21,21,0.80952380952380953,0.80952380952380953,0.88235294117647056,0.7142857142857143,0.78947368421052633,0.63059262509446579,19,2,6,15,0.92743764172335597,0.92634840223046355,0.92427218420901314
linear_svm_balanced_ratio_preserved_noise_mcc_selected_true_pr_auc_v1,linear_svm_class_weight_balanced,linear_svm,C,90/10,3,heuristic_fp_10,test,60/40,test,1,True,13580,190,22.160901056980947,53,21,32,0.83018867924528306,0.81026785714285721,0.83333333333333337,0.7142857142857143,0.76923076923076927,0.64088652990813211,29,3,6,15,0.88541666666666663,0.83876859990305386,0.83338779554760278
linear_svm_balanced_ratio_preserved_noise_mcc_selected_true_pr_auc_v1,linear_svm_class_weight_balanced,linear_svm,C,90/10,3,heuristic_fp_10,test,70/30,test,1,True,13580,190,22.284174300002633,70,21,49,0.80000000000000004,0.77551020408163263,0.65217391304347827,0.7142857142857143,0.68181818181818177,0.53760404102768633,41,8,6,15,0.88726919339164234,0.73000319842643679,0.71538607164570567
linear_svm_balanced_ratio_preserved_noise_mcc_selected_true_pr_auc_v1,linear_svm_class_weight_balanced,linear_svm,C,90/10,3,heuristic_fp_10,test,75/25,test,1,True,13580,190,22.405362783989403,84,21,63,0.80952380952380953,0.77777777777777779,0.59999999999999998,0.7142857142857143,0.65217391304347827,0.52615221960198022,53,10,6,15,0.86318972033257757,0.60569544476325787,0.58827974757295021
linear_svm_balanced_ratio_preserved_noise_mcc_selected_true_pr_auc_v1,linear_svm_class_weight_balanced,linear_svm,C,90/10,3,heuristic_fp_10,test,80/20,test,1,True,13580,190,22.540505555982236,105,21,84,0.81904761904761902,0.77976190476190477,0.5357142857142857,0.7142857142857143,0.61224489795918369,0.50610832839838893,71,13,6,15,0.88038548752834478,0.57236684892363587,0.54337646133556672
linear_svm_balanced_ratio_preserved_noise_mcc_selected_true_pr_auc_v1,linear_svm_class_weight_balanced,linear_svm,C,90/10,3,heuristic_fp_10,test,90/10,test,1,True,13580,190,22.762527006998425,210,21,189,0.86190476190476195,0.79629629629629628,0.39473684210526316,0.7142857142857143,0.50847457627118642,0.46178598292894057,166,23,6,15,0.90098261526832957,0.55080389601902646,0.5398647395122016
linear_svm_balanced_ratio_preserved_noise_mcc_selected_true_pr_auc_v1,linear_svm_class_weight_balanced,linear_svm,C,90/10,3,heuristic_fp_20,validation_selected_reproduction,90/10,valid,1,True,20370,190,32.242246200010413,190,19,171,0.83157894736842108,0.74269005847953218,0.32432432432432434,0.63157894736842102,0.42857142857142855,0.36771408052665944,146,25,7,12,0.78516466605109259,0.36750329723027214,0.35101310314070644
linear_svm_balanced_ratio_preserved_noise_mcc_selected_true_pr_auc_v1,linear_svm_class_weight_balanced,linear_svm,C,90/10,3,heuristic_fp_20,test,50/50,test,1,True,20370,190,32.324013079021825,42,21,21,0.7857142857142857,0.7857142857142857,0.9285714285714286,0.61904761904761907,0.74285714285714288,0.60609152673132649,20,1,8,13,0.85941043083900226,0.87162620559913706,0.86793626072166474
linear_svm_balanced_ratio_preserved_noise_mcc_selected_true_pr_auc_v1,linear_svm_class_weight_balanced,linear_svm,C,90/10,3,heuristic_fp_20,test,60/40,test,1,True,20370,190,32.428260326007148,53,21,32,0.71698113207547165,0.70014880952380953,0.65000000000000002,0.61904761904761907,0.63414634146341464,0.40392029577517563,25,7,8,13,0.80505952380952372,0.76919386101461296,0.76323838294157609
linear_svm_balanced_ratio_preserved_noise_mcc_selected_true_pr_auc_v1,linear_svm_class_weight_balanced,linear_svm,C,90/10,3,heuristic_fp_20,test,70/30,test,1,True,20370,190,32.543261025013635,70,21,49,0.75714285714285712,0.71768707482993199,0.59090909090909094,0.61904761904761907,0.60465116279069764,0.42977224748020282,40,9,8,13,0.82507288629737607,0.68879942647349379,0.67453313715142382
linear_svm_balanced_ratio_preserved_noise_mcc_selected_true_pr_auc_v1,linear_svm_class_weight_balanced,linear_svm,C,90/10,3,heuristic_fp_20,test,75/25,test,1,True,20370,190,32.662977265019435,84,21,63,0.79761904761904767,0.73809523809523814,0.59090909090909094,0.61904761904761907,0.60465116279069764,0.46897904961054182,54,9,8,13,0.83371126228269088,0.57487212617022432,0.55739125078789886
linear_svm_balanced_ratio_preserved_noise_mcc_selected_true_pr_auc_v1,linear_svm_class_weight_balanced,linear_svm,C,90/10,3,heuristic_fp_20,test,80/20,test,1,True,20370,190,32.789922354015289,105,21,84,0.80000000000000004,0.73214285714285721,0.5,0.61904761904761907,0.55319148936170215,0.43026338709967066,71,13,8,13,0.83673469387755095,0.57506341521968962,0.56198249160703351
linear_svm_balanced_ratio_preserved_noise_mcc_selected_true_pr_auc_v1,linear_svm_class_weight_balanced,linear_svm,C,90/10,3,heuristic_fp_20,test,90/10,test,1,True,20370,190,33.013188934011851,210,21,189,0.79047619047619044,0.7142857142857143,0.26530612244897961,0.61904761904761907,0.37142857142857144,0.30398544240651026,153,36,8,13,0.83925422020660112,0.50344875371394626,0.49603911896090774
linear_svm_balanced_ratio_preserved_noise_mcc_selected_true_pr_auc_v1,linear_svm_class_weight_balanced,linear_svm,C,90/10,4,clean,validation_selected_reproduction,90/10,valid,10,True,6790,190,17.387407469999744,190,19,171,0.90526315789473688,0.73684210526315785,0.52631578947368418,0.52631578947368418,0.52631578947368418,0.47368421052631576,162,9,9,10,0.80824869190520154,0.54032251398765507,0.53107471476814838
linear_svm_balanced_ratio_preserved_noise_mcc_selected_true_pr_auc_v1,linear_svm_class_weight_balanced,linear_svm,C,90/10,4,clean,test,50/50,test,10,True,6790,190,17.490708005003398,42,21,21,0.76190476190476186,0.76190476190476186,1,0.52380952380952384,0.6875,0.5956833971812705,21,0,10,11,0.87528344671201808,0.91003416518122404,0.90837022359836328
linear_svm_balanced_ratio_preserved_noise_mcc_selected_true_pr_auc_v1,linear_svm_class_weight_balanced,linear_svm,C,90/10,4,clean,test,60/40,test,10,True,6790,190,17.681318308983464,53,21,32,0.79245283018867929,0.74627976190476186,0.91666666666666663,0.52380952380952384,0.66666666666666663,0.57565304446651,31,1,10,11,0.86904761904761907,0.82735973201969326,0.82195837918467318
linear_svm_balanced_ratio_preserved_noise_mcc_selected_true_pr_auc_v1,linear_svm_class_weight_balanced,linear_svm,C,90/10,4,clean,test,70/30,test,10,True,6790,190,17.810759285988752,70,21,49,0.80000000000000004,0.72108843537414968,0.73333333333333328,0.52380952380952384,0.61111111111111116,0.49382916465843113,45,4,10,11,0.80660835762876582,0.74374726378981748,0.73921037900450037
linear_svm_balanced_ratio_preserved_noise_mcc_selected_true_pr_auc_v1,linear_svm_class_weight_balanced,linear_svm,C,90/10,4,clean,test,75/25,test,10,True,6790,190,17.962325103988405,84,21,63,0.86904761904761907,0.75396825396825395,0.91666666666666663,0.52380952380952384,0.66666666666666663,0.62853936105470887,62,1,10,11,0.86772486772486768,0.77178248786132797,0.76625813386292019
linear_svm_balanced_ratio_preserved_noise_mcc_selected_true_pr_auc_v1,linear_svm_class_weight_balanced,linear_svm,C,90/10,4,clean,test,80/20,test,10,True,6790,190,18.101705604989547,105,21,84,0.88571428571428568,0.75,0.84615384615384615,0.52380952380952384,0.6470588235294118,0.60723067856455226,82,2,10,11,0.86451247165532874,0.76450882363208872,0.76090161308878312
linear_svm_balanced_ratio_preserved_noise_mcc_selected_true_pr_auc_v1,linear_svm_class_weight_balanced,linear_svm,C,90/10,4,clean,test,90/10,test,10,True,6790,190,18.374088117998326,210,21,189,0.90000000000000002,0.73280423280423279,0.5,0.52380952380952384,0.51162790697674421,0.45611163661882342,178,11,10,11,0.82816830435878053,0.42898002151431697,0.40445546102072122
linear_svm_balanced_ratio_preserved_noise_mcc_selected_true_pr_auc_v1,linear_svm_class_weight_balanced,linear_svm,C,90/10,4,random_flip_10,validation_selected_reproduction,90/10,valid,1,True,6790,190,13.277895698993234,190,19,171,0.85263157894736841,0.68421052631578949,0.33333333333333331,0.47368421052631576,0.39130434782608697,0.31655094215229423,153,18,10,9,0.78362573099415211,0.34168474947443922,0.31195414760525603
linear_svm_balanced_ratio_preserved_noise_mcc_selected_true_pr_auc_v1,linear_svm_class_weight_balanced,linear_svm,C,90/10,4,random_flip_10,test,50/50,test,1,True,6790,190,13.377690041001188,42,21,21,0.61904761904761907,0.61904761904761907,0.8571428571428571,0.2857142857142857,0.42857142857142855,0.31943828249996992,20,1,15,6,0.69841269841269837,0.73654459721340637,0.72796464286277529
linear_svm_balanced_ratio_preserved_noise_mcc_selected_true_pr_auc_v1,linear_svm_class_weight_balanced,linear_svm,C,90/10,4,random_flip_10,test,60/40,test,1,True,6790,190,13.543393169995397,53,21,32,0.64150943396226412,0.58035714285714279,0.59999999999999998,0.2857142857142857,0.38709677419354838,0.20091154398138347,28,4,15,6,0.76339285714285721,0.72517383097025157,0.7184470078092684
linear_svm_balanced_ratio_preserved_noise_mcc_selected_true_pr_auc_v1,linear_svm_class_weight_balanced,linear_svm,C,90/10,4,random_flip_10,test,70/30,test,1,True,6790,190,13.657482137990883,70,21,49,0.69999999999999996,0.58163265306122447,0.5,0.2857142857142857,0.36363636363636365,0.19851666679418606,43,6,15,6,0.67444120505345007,0.46609621141381757,0.44073479529801274
linear_svm_balanced_ratio_preserved_noise_mcc_selected_true_pr_auc_v1,linear_svm_class_weight_balanced,linear_svm,C,90/10,4,random_flip_10,test,75/25,test,1,True,6790,190,13.795661670999834,84,21,63,0.7142857142857143,0.5714285714285714,0.40000000000000002,0.2857142857142857,0.33333333333333331,0.16151457061744964,54,9,15,6,0.6507936507936507,0.51190635770550852,0.50389244013220247
linear_svm_balanced_ratio_preserved_noise_mcc_selected_true_pr_auc_v1,linear_svm_class_weight_balanced,linear_svm,C,90/10,4,random_flip_10,test,80/20,test,1,True,6790,190,13.923001689981902,105,21,84,0.80000000000000004,0.60714285714285721,0.5,0.2857142857142857,0.36363636363636365,0.26940795304016235,78,6,15,6,0.72732426303854869,0.47039092211575362,0.44257526120547869
linear_svm_balanced_ratio_preserved_noise_mcc_selected_true_pr_auc_v1,linear_svm_class_weight_balanced,linear_svm,C,90/10,4,random_flip_10,test,90/10,test,1,True,6790,190,14.179237264004769,210,21,189,0.84285714285714286,0.59523809523809523,0.25,0.2857142857142857,0.26666666666666666,0.17960530202677491,171,18,15,6,0.69286974048878824,0.29357912106452,0.26781648332378744
linear_svm_balanced_ratio_preserved_noise_mcc_selected_true_pr_auc_v1,linear_svm_class_weight_balanced,linear_svm,C,90/10,4,random_flip_20,validation_selected_reproduction,90/10,valid,10,True,6790,190,14.358935830998234,190,19,171,0.81578947368421051,0.47660818713450293,0.055555555555555552,0.052631578947368418,0.054054054054054057,-0.047925676979305963,154,17,18,1,0.2982456140350877,0.080918000388179881,0.070845222945860431
linear_svm_balanced_ratio_preserved_noise_mcc_selected_true_pr_auc_v1,linear_svm_class_weight_balanced,linear_svm,C,90/10,4,random_flip_20,test,50/50,test,10,True,6790,190,14.448284128011437,42,21,21,0.47619047619047616,0.47619047619047616,0.33333333333333331,0.047619047619047616,0.083333333333333329,-0.092450032704204849,19,2,20,1,0.3968253968253968,0.43822694755161734,0.41382675250174322
linear_svm_balanced_ratio_preserved_noise_mcc_selected_true_pr_auc_v1,linear_svm_class_weight_balanced,linear_svm,C,90/10,4,random_flip_20,test,60/40,test,10,True,6790,190,14.608745764009655,53,21,32,0.60377358490566035,0.50818452380952384,0.5,0.047619047619047616,0.086956521739130432,0.042015347780459684,31,1,20,1,0.47470238095238093,0.38706628397320908,0.35976056491870828
linear_svm_balanced_ratio_preserved_noise_mcc_selected_true_pr_auc_v1,linear_svm_class_weight_balanced,linear_svm,C,90/10,4,random_flip_20,test,70/30,test,10,True,6790,190,14.710830700001679,70,21,49,0.65714285714285714,0.48299319727891155,0.20000000000000001,0.047619047619047616,0.076923076923076927,-0.060522753266880239,45,4,20,1,0.43731778425655976,0.26609285538373734,0.24899104259376006
linear_svm_balanced_ratio_preserved_noise_mcc_selected_true_pr_auc_v1,linear_svm_class_weight_balanced,linear_svm,C,90/10,4,random_flip_20,test,75/25,test,10,True,6790,190,14.844904966012109,84,21,63,0.6428571428571429,0.44444444444444442,0.090909090909090912,0.047619047619047616,0.0625,-0.14261973987987742,53,10,20,1,0.38775510204081631,0.2037130002880648,0.19182145755558719
linear_svm_balanced_ratio_preserved_noise_mcc_selected_true_pr_auc_v1,linear_svm_class_weight_balanced,linear_svm,C,90/10,4,random_flip_20,test,80/20,test,10,True,6790,190,14.984529233013745,105,21,84,0.73333333333333328,0.47619047619047616,0.1111111111111111,0.047619047619047616,0.066666666666666666,-0.06804138174397717,76,8,20,1,0.36621315192743764,0.15983037816365625,0.14914345104384769
linear_svm_balanced_ratio_preserved_noise_mcc_selected_true_pr_auc_v1,linear_svm_class_weight_balanced,linear_svm,C,90/10,4,random_flip_20,test,90/10,test,10,True,6790,190,15.204978847003076,210,21,189,0.83333333333333337,0.48412698412698407,0.0625,0.047619047619047616,0.054054054054054057,-0.035897907930886909,174,15,20,1,0.4512471655328798,0.089192791513554665,0.083084556207979207
linear_svm_balanced_ratio_preserved_noise_mcc_selected_true_pr_auc_v1,linear_svm_class_weight_balanced,linear_svm,C,90/10,4,random_fp_10,validation_selected_reproduction,90/10,valid,0.10000000000000001,True,13580,190,20.8404372149962,190,19,171,0.77368421052631575,0.80409356725146197,0.2857142857142857,0.84210526315789469,0.42666666666666669,0.4001894836676621,131,40,3,16,0.82240689442905501,0.47897992677400847,0.46237176531088109
linear_svm_balanced_ratio_preserved_noise_mcc_selected_true_pr_auc_v1,linear_svm_class_weight_balanced,linear_svm,C,90/10,4,random_fp_10,test,50/50,test,0.10000000000000001,True,13580,190,20.946729279006831,42,21,21,0.7857142857142857,0.7857142857142857,0.77272727272727271,0.80952380952380953,0.79069767441860461,0.57207755354735534,16,5,4,17,0.83900226757369611,0.87507951714501075,0.87241221970270644
linear_svm_balanced_ratio_preserved_noise_mcc_selected_true_pr_auc_v1,linear_svm_class_weight_balanced,linear_svm,C,90/10,4,random_fp_10,test,60/40,test,0.10000000000000001,True,13580,190,21.11430835200008,53,21,32,0.69811320754716977,0.71726190476190477,0.58620689655172409,0.80952380952380953,0.68000000000000005,0.42696629719235452,20,12,4,17,0.8169642857142857,0.77088167421465492,0.76319620208599659
linear_svm_balanced_ratio_preserved_noise_mcc_selected_true_pr_auc_v1,linear_svm_class_weight_balanced,linear_svm,C,90/10,4,random_fp_10,test,70/30,test,0.10000000000000001,True,13580,190,21.235561308014439,70,21,49,0.77142857142857146,0.78231292517006801,0.58620689655172409,0.80952380952380953,0.68000000000000005,0.52526385619714755,37,12,4,17,0.81924198250728864,0.68060728344721588,0.67051899297544248
linear_svm_balanced_ratio_preserved_noise_mcc_selected_true_pr_auc_v1,linear_svm_class_weight_balanced,linear_svm,C,90/10,4,random_fp_10,test,75/25,test,0.10000000000000001,True,13580,190,21.379497407004237,84,21,63,0.83333333333333337,0.82539682539682535,0.62962962962962965,0.80952380952380953,0.70833333333333337,0.60339807377407551,53,10,4,17,0.86470143613000749,0.7050494912568892,0.69596710343115187
linear_svm_balanced_ratio_preserved_noise_mcc_selected_true_pr_auc_v1,linear_svm_class_weight_balanced,linear_svm,C,90/10,4,random_fp_10,test,80/20,test,0.10000000000000001,True,13580,190,21.502833961014403,105,21,84,0.8666666666666667,0.84523809523809523,0.62962962962962965,0.80952380952380953,0.70833333333333337,0.63192976877859297,74,10,4,17,0.88095238095238093,0.74949505756229939,0.74245087156213208
linear_svm_balanced_ratio_preserved_noise_mcc_selected_true_pr_auc_v1,linear_svm_class_weight_balanced,linear_svm,C,90/10,4,random_fp_10,test,90/10,test,0.10000000000000001,True,13580,190,21.74734790000366,210,21,189,0.80000000000000004,0.80423280423280419,0.30909090909090908,0.80952380952380953,0.44736842105263158,0.41517327682330979,151,38,4,17,0.84353741496598644,0.41135159363337737,0.3828007075138149
linear_svm_balanced_ratio_preserved_noise_mcc_selected_true_pr_auc_v1,linear_svm_class_weight_balanced,linear_svm,C,90/10,4,random_fp_20,validation_selected_reproduction,90/10,valid,10,True,20370,190,36.704093372012721,190,19,171,0.82105263157894737,0.71345029239766089,0.29729729729729731,0.57894736842105265,0.39285714285714285,0.32341117925838719,145,26,8,11,0.76054170514004305,0.30223187013250569,0.27295755915985331
linear_svm_balanced_ratio_preserved_noise_mcc_selected_true_pr_auc_v1,linear_svm_class_weight_balanced,linear_svm,C,90/10,4,random_fp_20,test,50/50,test,10,True,20370,190,36.82268060502247,42,21,21,0.6428571428571429,0.64285714285714279,0.7142857142857143,0.47619047619047616,0.5714285714285714,0.30304576336566325,17,4,11,10,0.72108843537414979,0.73852266850387149,0.72825724663330815
linear_svm_balanced_ratio_preserved_noise_mcc_selected_true_pr_auc_v1,linear_svm_class_weight_balanced,linear_svm,C,90/10,4,random_fp_20,test,60/40,test,10,True,20370,190,37.021693396003684,53,21,32,0.75471698113207553,0.70684523809523814,0.83333333333333337,0.47619047619047616,0.60606060606060608,0.4834789920292743,30,2,11,10,0.79166666666666663,0.75309882653180171,0.7452760598194792
linear_svm_balanced_ratio_preserved_noise_mcc_selected_true_pr_auc_v1,linear_svm_class_weight_balanced,linear_svm,C,90/10,4,random_fp_20,test,70/30,test,10,True,20370,190,37.137571186001878,70,21,49,0.74285714285714288,0.66666666666666663,0.58823529411764708,0.47619047619047616,0.52631578947368418,0.35622470637989456,42,7,11,10,0.70845481049562686,0.54808738263049439,0.53115780413794567
linear_svm_balanced_ratio_preserved_noise_mcc_selected_true_pr_auc_v1,linear_svm_class_weight_balanced,linear_svm,C,90/10,4,random_fp_20,test,75/25,test,10,True,20370,190,37.286670315021183,84,21,63,0.76190476190476186,0.66666666666666663,0.52631578947368418,0.47619047619047616,0.5,0.34500484066310094,54,9,11,10,0.75812547241118666,0.56570465305910034,0.55306419522863326
linear_svm_balanced_ratio_preserved_noise_mcc_selected_true_pr_auc_v1,linear_svm_class_weight_balanced,linear_svm,C,90/10,4,random_fp_20,test,80/20,test,10,True,20370,190,37.424210134020541,105,21,84,0.80000000000000004,0.6785714285714286,0.5,0.47619047619047616,0.48780487804878048,0.36380343755449945,74,10,11,10,0.73526077097505671,0.46532833356979036,0.44816453744661994
linear_svm_balanced_ratio_preserved_noise_mcc_selected_true_pr_auc_v1,linear_svm_class_weight_balanced,linear_svm,C,90/10,4,random_fp_20,test,90/10,test,10,True,20370,190,37.681081942020683,210,21,189,0.80000000000000004,0.65608465608465605,0.24390243902439024,0.47619047619047616,0.32258064516129031,0.23626287054942971,158,31,11,10,0.72083648274124468,0.27516709698298403,0.24843706059615603
linear_svm_balanced_ratio_preserved_noise_mcc_selected_true_pr_auc_v1,linear_svm_class_weight_balanced,linear_svm,C,90/10,4,heuristic_fp_10,validation_selected_reproduction,90/10,valid,1,True,13580,190,22.731330634996993,190,19,171,0.86315789473684212,0.80701754385964908,0.40000000000000002,0.73684210526315785,0.51851851851851849,0.47519096331149147,150,21,5,14,0.81163434903047083,0.52195984570208898,0.50901665604768875
linear_svm_balanced_ratio_preserved_noise_mcc_selected_true_pr_auc_v1,linear_svm_class_weight_balanced,linear_svm,C,90/10,4,heuristic_fp_10,test,50/50,test,1,True,13580,190,22.819886402983684,42,21,21,0.80952380952380953,0.80952380952380953,0.93333333333333335,0.66666666666666663,0.77777777777777779,0.64597519349993926,20,1,7,14,0.93424036281179146,0.94153083932219284,0.9401288602472333
linear_svm_balanced_ratio_preserved_noise_mcc_selected_true_pr_auc_v1,linear_svm_class_weight_balanced,linear_svm,C,90/10,4,heuristic_fp_10,test,60/40,test,1,True,13580,190,22.97757856399403,53,21,32,0.81132075471698117,0.78645833333333326,0.82352941176470584,0.66666666666666663,0.73684210526315785,0.60034428666160644,29,3,7,14,0.8973214285714286,0.85903676335727575,0.85537708100783427
linear_svm_balanced_ratio_preserved_noise_mcc_selected_true_pr_auc_v1,linear_svm_class_weight_balanced,linear_svm,C,90/10,4,heuristic_fp_10,test,70/30,test,1,True,13580,190,23.088638550980249,70,21,49,0.77142857142857146,0.74149659863945572,0.60869565217391308,0.66666666666666663,0.63636363636363635,0.47123317176500906,40,9,7,14,0.84450923226433428,0.69007130481078915,0.6802266288961285
linear_svm_balanced_ratio_preserved_noise_mcc_selected_true_pr_auc_v1,linear_svm_class_weight_balanced,linear_svm,C,90/10,4,heuristic_fp_10,test,75/25,test,1,True,13580,190,23.2288159809832,84,21,63,0.83333333333333337,0.77777777777777768,0.66666666666666663,0.66666666666666663,0.66666666666666663,0.55555555555555558,56,7,7,14,0.90551776266061978,0.72424203328902736,0.70968896241855051
linear_svm_balanced_ratio_preserved_noise_mcc_selected_true_pr_auc_v1,linear_svm_class_weight_balanced,linear_svm,C,90/10,4,heuristic_fp_10,test,80/20,test,1,True,13580,190,23.349097953992896,105,21,84,0.88571428571428568,0.8035714285714286,0.73684210526315785,0.66666666666666663,0.69999999999999996,0.63083263739399908,79,5,7,14,0.92800453514739223,0.81890354352118866,0.81504359963000006
linear_svm_balanced_ratio_preserved_noise_mcc_selected_true_pr_auc_v1,linear_svm_class_weight_balanced,linear_svm,C,90/10,4,heuristic_fp_10,test,90/10,test,1,True,13580,190,23.589743402000749,210,21,189,0.85238095238095235,0.76984126984126977,0.36842105263157893,0.66666666666666663,0.47457627118644069,0.42055509159599941,165,24,7,14,0.88158226253464345,0.4473465239726323,0.418254545464395
linear_svm_balanced_ratio_preserved_noise_mcc_selected_true_pr_auc_v1,linear_svm_class_weight_balanced,linear_svm,C,90/10,4,heuristic_fp_20,validation_selected_reproduction,90/10,valid,0.10000000000000001,True,20370,190,29.85169252299238,190,19,171,0.73684210526315785,0.76023391812865504,0.24590163934426229,0.78947368421052633,0.375,0.3344328880407359,125,46,4,15,0.79316712834718373,0.34222651225278,0.3118271307695914
linear_svm_balanced_ratio_preserved_noise_mcc_selected_true_pr_auc_v1,linear_svm_class_weight_balanced,linear_svm,C,90/10,4,heuristic_fp_20,test,50/50,test,0.10000000000000001,True,20370,190,29.940919866989134,42,21,21,0.8571428571428571,0.8571428571428571,0.80000000000000004,0.95238095238095233,0.86956521739130432,0.72760687510899891,16,5,1,20,0.94104308390022662,0.94268818353077921,0.94118515307269268
linear_svm_balanced_ratio_preserved_noise_mcc_selected_true_pr_auc_v1,linear_svm_class_weight_balanced,linear_svm,C,90/10,4,heuristic_fp_20,test,60/40,test,0.10000000000000001,True,20370,190,30.097957301972201,53,21,32,0.84905660377358494,0.86681547619047616,0.7407407407407407,0.95238095238095233,0.83333333333333337,0.71778392292209126,25,7,1,20,0.91666666666666663,0.88067436940833699,0.87759490418329844
linear_svm_balanced_ratio_preserved_noise_mcc_selected_true_pr_auc_v1,linear_svm_class_weight_balanced,linear_svm,C,90/10,4,heuristic_fp_20,test,70/30,test,0.10000000000000001,True,20370,190,30.20328591397265,70,21,49,0.75714285714285712,0.81292517006802711,0.55555555555555558,0.95238095238095233,0.70175438596491224,0.57383557789992512,33,16,1,20,0.89698736637512144,0.77106447770169573,0.76346027373758552
linear_svm_balanced_ratio_preserved_noise_mcc_selected_true_pr_auc_v1,linear_svm_class_weight_balanced,linear_svm,C,90/10,4,heuristic_fp_20,test,75/25,test,0.10000000000000001,True,20370,190,30.336400828993646,84,21,63,0.84523809523809523,0.88095238095238093,0.625,0.95238095238095233,0.75471698113207553,0.67936622048675743,51,12,1,20,0.91685563114134538,0.75098857583794354,0.74227459140967356
linear_svm_balanced_ratio_preserved_noise_mcc_selected_true_pr_auc_v1,linear_svm_class_weight_balanced,linear_svm,C,90/10,4,heuristic_fp_20,test,80/20,test,0.10000000000000001,True,20370,190,30.455395861994475,105,21,84,0.87619047619047619,0.90476190476190466,0.625,0.95238095238095233,0.75471698113207553,0.70346500531201273,72,12,1,20,0.94217687074829937,0.74497282393245134,0.71959926402899077
linear_svm_balanced_ratio_preserved_noise_mcc_selected_true_pr_auc_v1,linear_svm_class_weight_balanced,linear_svm,C,90/10,4,heuristic_fp_20,test,90/10,test,0.10000000000000001,True,20370,190,30.68568928699824,210,21,189,0.77142857142857146,0.85185185185185186,0.29850746268656714,0.95238095238095233,0.45454545454545453,0.45292361624751643,142,47,1,20,0.89443184681279919,0.46837253946761448,0.45757660480088658
linear_svm_balanced_ratio_preserved_noise_mcc_selected_true_pr_auc_v1,linear_svm_class_weight_balanced,linear_svm,C,90/10,5,clean,validation_selected_reproduction,90/10,valid,0.10000000000000001,True,6790,190,11.804356704000384,190,19,171,0.86842105263157898,0.83333333333333326,0.41666666666666669,0.78947368421052633,0.54545454545454541,0.51035454388274082,150,21,4,15,0.86734379809172046,0.54205200966448408,0.52436786272078784
linear_svm_balanced_ratio_preserved_noise_mcc_selected_true_pr_auc_v1,linear_svm_class_weight_balanced,linear_svm,C,90/10,5,clean,test,50/50,test,0.10000000000000001,True,6790,190,11.886600614001509,42,21,21,0.7142857142857143,0.7142857142857143,0.76470588235294112,0.61904761904761907,0.68421052631578949,0.43656412506539938,17,4,8,13,0.86621315192743764,0.86829704578683486,0.86459969066951525
linear_svm_balanced_ratio_preserved_noise_mcc_selected_true_pr_auc_v1,linear_svm_class_weight_balanced,linear_svm,C,90/10,5,clean,test,60/40,test,0.10000000000000001,True,6790,190,11.976297909015557,53,21,32,0.77358490566037741,0.74702380952380953,0.76470588235294112,0.61904761904761907,0.68421052631578949,0.51769948875754113,28,4,8,13,0.87797619047619047,0.78629995587978785,0.77323835275336616
linear_svm_balanced_ratio_preserved_noise_mcc_selected_true_pr_auc_v1,linear_svm_class_weight_balanced,linear_svm,C,90/10,5,clean,test,70/30,test,0.10000000000000001,True,6790,190,12.068121084012091,70,21,49,0.80000000000000004,0.7482993197278911,0.68421052631578949,0.61904761904761907,0.65000000000000002,0.51174230885550231,43,6,8,13,0.90767735665694849,0.81968892305848851,0.81516883163990084
linear_svm_balanced_ratio_preserved_noise_mcc_selected_true_pr_auc_v1,linear_svm_class_weight_balanced,linear_svm,C,90/10,5,clean,test,75/25,test,0.10000000000000001,True,6790,190,12.158430384006351,84,21,63,0.84523809523809523,0.76984126984126977,0.72222222222222221,0.61904761904761907,0.66666666666666663,0.56952142864688693,58,5,8,13,0.90400604686318975,0.71695115491944528,0.69101400429974191
linear_svm_balanced_ratio_preserved_noise_mcc_selected_true_pr_auc_v1,linear_svm_class_weight_balanced,linear_svm,C,90/10,5,clean,test,80/20,test,0.10000000000000001,True,6790,190,12.310149914992508,105,21,84,0.80952380952380953,0.73809523809523814,0.52000000000000002,0.61904761904761907,0.56521739130434778,0.44721359549995793,72,12,8,13,0.8701814058956916,0.6144488135946965,0.58731677544516991
linear_svm_balanced_ratio_preserved_noise_mcc_selected_true_pr_auc_v1,linear_svm_class_weight_balanced,linear_svm,C,90/10,5,clean,test,90/10,test,0.10000000000000001,True,6790,190,12.591503197996644,210,21,189,0.86190476190476195,0.75396825396825395,0.38235294117647056,0.61904761904761907,0.47272727272727272,0.41367015199601531,168,21,8,13,0.88208616780045346,0.6060659939990154,0.59932914223204692
linear_svm_balanced_ratio_preserved_noise_mcc_selected_true_pr_auc_v1,linear_svm_class_weight_balanced,linear_svm,C,90/10,5,random_flip_10,validation_selected_reproduction,90/10,valid,0.10000000000000001,True,6790,190,11.846894440997858,190,19,171,0.81578947368421051,0.80409356725146197,0.32608695652173914,0.78947368421052633,0.46153846153846156,0.4259434288919251,140,31,4,15,0.84518313327177585,0.40782164101685237,0.37637850853849208
linear_svm_balanced_ratio_preserved_noise_mcc_selected_true_pr_auc_v1,linear_svm_class_weight_balanced,linear_svm,C,90/10,5,random_flip_10,test,50/50,test,0.10000000000000001,True,6790,190,11.932199584000045,42,21,21,0.69047619047619047,0.69047619047619047,0.75,0.5714285714285714,0.64864864864864868,0.39223227027636809,17,4,9,12,0.81179138321995459,0.81135696399923529,0.80575443665457502
linear_svm_balanced_ratio_preserved_noise_mcc_selected_true_pr_auc_v1,linear_svm_class_weight_balanced,linear_svm,C,90/10,5,random_flip_10,test,60/40,test,0.10000000000000001,True,6790,190,12.022220696002478,53,21,32,0.75471698113207553,0.7232142857142857,0.75,0.5714285714285714,0.64864864864864868,0.47563714634235094,28,4,9,12,0.79910714285714279,0.74577383565194499,0.73760739215440974
linear_svm_balanced_ratio_preserved_noise_mcc_selected_true_pr_auc_v1,linear_svm_class_weight_balanced,linear_svm,C,90/10,5,random_flip_10,test,70/30,test,0.10000000000000001,True,6790,190,12.112762332020793,70,21,49,0.7857142857142857,0.72448979591836737,0.66666666666666663,0.5714285714285714,0.61538461538461542,0.47075654176200421,43,6,9,12,0.82798833819241979,0.7285580288957294,0.72284344555975766
linear_svm_balanced_ratio_preserved_noise_mcc_selected_true_pr_auc_v1,linear_svm_class_weight_balanced,linear_svm,C,90/10,5,random_flip_10,test,75/25,test,0.10000000000000001,True,6790,190,12.21087108401116,84,21,63,0.77380952380952384,0.70634920634920628,0.54545454545454541,0.5714285714285714,0.55813953488372092,0.40644850966246954,53,10,9,12,0.80045351473922899,0.56843249336745172,0.54016781614503251
linear_svm_balanced_ratio_preserved_noise_mcc_selected_true_pr_auc_v1,linear_svm_class_weight_balanced,linear_svm,C,90/10,5,random_flip_10,test,80/20,test,0.10000000000000001,True,6790,190,12.375604480999755,105,21,84,0.78095238095238095,0.70238095238095233,0.46153846153846156,0.5714285714285714,0.51063829787234039,0.37510141439458466,70,14,9,12,0.81405895691609986,0.50726115375488767,0.4783459721393728
linear_svm_balanced_ratio_preserved_noise_mcc_selected_true_pr_auc_v1,linear_svm_class_weight_balanced,linear_svm,C,90/10,5,random_flip_10,test,90/10,test,0.10000000000000001,True,6790,190,12.657626860018354,210,21,189,0.83809523809523812,0.71957671957671954,0.32432432432432434,0.5714285714285714,0.41379310344827586,0.34580631826995317,164,25,9,12,0.82186948853615516,0.45544053558297243,0.44583845447320525
linear_svm_balanced_ratio_preserved_noise_mcc_selected_true_pr_auc_v1,linear_svm_class_weight_balanced,linear_svm,C,90/10,5,random_flip_20,validation_selected_reproduction,90/10,valid,1,True,6790,190,12.151033189002192,190,19,171,0.78947368421052633,0.43859649122807015,0,0,0,-0.11750194089630359,150,21,19,0,0.32409972299168976,0.072370334219981708,0.068095542290293437
linear_svm_balanced_ratio_preserved_noise_mcc_selected_true_pr_auc_v1,linear_svm_class_weight_balanced,linear_svm,C,90/10,5,random_flip_20,test,50/50,test,1,True,6790,190,12.238583994010696,42,21,21,0.45238095238095238,0.45238095238095238,0.33333333333333331,0.095238095238095233,0.14814814814814814,-0.13608276348795434,17,4,19,2,0.49886621315192742,0.51423760224832382,0.4845639406798754
linear_svm_balanced_ratio_preserved_noise_mcc_selected_true_pr_auc_v1,linear_svm_class_weight_balanced,linear_svm,C,90/10,5,random_flip_20,test,60/40,test,1,True,6790,190,12.337452973995823,53,21,32,0.56603773584905659,0.48511904761904762,0.33333333333333331,0.095238095238095233,0.14814814814814814,-0.045943153868330935,28,4,19,2,0.42410714285714285,0.40293427260459486,0.38658859961033692
linear_svm_balanced_ratio_preserved_noise_mcc_selected_true_pr_auc_v1,linear_svm_class_weight_balanced,linear_svm,C,90/10,5,random_flip_20,test,70/30,test,1,True,6790,190,12.429132296005264,70,21,49,0.65714285714285714,0.49659863945578231,0.2857142857142857,0.095238095238095233,0.14285714285714285,-0.010391328106475828,44,5,19,2,0.42759961127308066,0.29236747961640064,0.26656404474168133
linear_svm_balanced_ratio_preserved_noise_mcc_selected_true_pr_auc_v1,linear_svm_class_weight_balanced,linear_svm,C,90/10,5,random_flip_20,test,75/25,test,1,True,6790,190,12.530092235014308,84,21,63,0.63095238095238093,0.45238095238095238,0.14285714285714285,0.095238095238095233,0.11428571428571428,-0.11065666703449763,51,12,19,2,0.42328042328042326,0.22131538529669784,0.20747702791537093
linear_svm_balanced_ratio_preserved_noise_mcc_selected_true_pr_auc_v1,linear_svm_class_weight_balanced,linear_svm,C,90/10,5,random_flip_20,test,80/20,test,1,True,6790,190,12.682700397010194,105,21,84,0.64761904761904765,0.44047619047619047,0.10000000000000001,0.095238095238095233,0.097560975609756101,-0.1212678125181665,66,18,19,2,0.40306122448979587,0.17032868815559132,0.15795204743079319
linear_svm_balanced_ratio_preserved_noise_mcc_selected_true_pr_auc_v1,linear_svm_class_weight_balanced,linear_svm,C,90/10,5,random_flip_20,test,90/10,test,1,True,6790,190,12.969255623000208,210,21,189,0.77142857142857146,0.47089947089947087,0.064516129032258063,0.095238095238095233,0.076923076923076927,-0.049222545379011384,160,29,19,2,0.44646006550768458,0.09333447702021036,0.085320616053407572
linear_svm_balanced_ratio_preserved_noise_mcc_selected_true_pr_auc_v1,linear_svm_class_weight_balanced,linear_svm,C,90/10,5,random_fp_10,validation_selected_reproduction,90/10,valid,10,True,13580,190,31.422890109010041,190,19,171,0.85789473684210527,0.73391812865497075,0.36666666666666664,0.57894736842105265,0.44897959183673469,0.38490017945975052,152,19,8,11,0.72083718067097569,0.34295242248346808,0.3130722763672909
linear_svm_balanced_ratio_preserved_noise_mcc_selected_true_pr_auc_v1,linear_svm_class_weight_balanced,linear_svm,C,90/10,5,random_fp_10,test,50/50,test,10,True,13580,190,31.501787801011233,42,21,21,0.66666666666666663,0.66666666666666663,0.88888888888888884,0.38095238095238093,0.53333333333333333,0.40618119722996165,20,1,13,8,0.82539682539682535,0.83865759432774811,0.8338131268627107
linear_svm_balanced_ratio_preserved_noise_mcc_selected_true_pr_auc_v1,linear_svm_class_weight_balanced,linear_svm,C,90/10,5,random_fp_10,test,60/40,test,10,True,13580,190,31.584933282021666,53,21,32,0.71698113207547165,0.65922619047619047,0.80000000000000004,0.38095238095238093,0.5161290322580645,0.39810250381496354,30,2,13,8,0.77232142857142849,0.73628537787523984,0.72972828691868208
linear_svm_balanced_ratio_preserved_noise_mcc_selected_true_pr_auc_v1,linear_svm_class_weight_balanced,linear_svm,C,90/10,5,random_fp_10,test,70/30,test,10,True,13580,190,31.678029147005873,70,21,49,0.7857142857142857,0.67006802721088432,0.80000000000000004,0.38095238095238093,0.5161290322580645,0.44543540318737396,47,2,13,8,0.77065111758989313,0.65203381651426007,0.63790387017462291
linear_svm_balanced_ratio_preserved_noise_mcc_selected_true_pr_auc_v1,linear_svm_class_weight_balanced,linear_svm,C,90/10,5,random_fp_10,test,75/25,test,10,True,13580,190,31.782476699008839,84,21,63,0.72619047619047616,0.61111111111111116,0.44444444444444442,0.38095238095238093,0.41025641025641024,0.23450882356048283,53,10,13,8,0.73998488284202579,0.52202590803618021,0.50869889822458314
linear_svm_balanced_ratio_preserved_noise_mcc_selected_true_pr_auc_v1,linear_svm_class_weight_balanced,linear_svm,C,90/10,5,random_fp_10,test,80/20,test,10,True,13580,190,31.950898581999354,105,21,84,0.78095238095238095,0.63095238095238093,0.44444444444444442,0.38095238095238093,0.41025641025641024,0.27796928264559795,74,10,13,8,0.74829931972789121,0.52519146011804474,0.51647329270754594
linear_svm_balanced_ratio_preserved_noise_mcc_selected_true_pr_auc_v1,linear_svm_class_weight_balanced,linear_svm,C,90/10,5,random_fp_10,test,90/10,test,10,True,13580,190,32.258873350016074,210,21,189,0.80476190476190479,0.6164021164021164,0.22222222222222221,0.38095238095238093,0.2807017543859649,0.1853128550970653,161,28,13,8,0.73922902494331066,0.38591254511423173,0.3788885163647549
linear_svm_balanced_ratio_preserved_noise_mcc_selected_true_pr_auc_v1,linear_svm_class_weight_balanced,linear_svm,C,90/10,5,random_fp_20,validation_selected_reproduction,90/10,valid,10,True,20370,190,35.101193340989994,190,19,171,0.84210526315789469,0.72514619883040932,0.33333333333333331,0.57894736842105265,0.42307692307692307,0.35658467484924772,149,22,8,11,0.76454293628808867,0.34708483593216105,0.33005867318172677
linear_svm_balanced_ratio_preserved_noise_mcc_selected_true_pr_auc_v1,linear_svm_class_weight_balanced,linear_svm,C,90/10,5,random_fp_20,test,50/50,test,10,True,20370,190,35.190506786981132,42,21,21,0.73809523809523814,0.73809523809523814,0.8571428571428571,0.5714285714285714,0.68571428571428572,0.50507627227610541,19,2,9,12,0.75056689342403637,0.81335507970385157,0.809129651602015
linear_svm_balanced_ratio_preserved_noise_mcc_selected_true_pr_auc_v1,linear_svm_class_weight_balanced,linear_svm,C,90/10,5,random_fp_20,test,60/40,test,10,True,20370,190,35.284238756983541,53,21,32,0.73584905660377353,0.7075892857142857,0.70588235294117652,0.5714285714285714,0.63157894736842102,0.43505469085347587,27,5,9,12,0.74851190476190477,0.66671647205821061,0.64048047164773936
linear_svm_balanced_ratio_preserved_noise_mcc_selected_true_pr_auc_v1,linear_svm_class_weight_balanced,linear_svm,C,90/10,5,random_fp_20,test,70/30,test,10,True,20370,190,35.373231905978173,70,21,49,0.75714285714285712,0.70408163265306123,0.59999999999999998,0.5714285714285714,0.58536585365853655,0.41403933560541256,41,8,9,12,0.70651117589893098,0.52806494363842882,0.49909709414935205
linear_svm_balanced_ratio_preserved_noise_mcc_selected_true_pr_auc_v1,linear_svm_class_weight_balanced,linear_svm,C,90/10,5,random_fp_20,test,75/25,test,10,True,20370,190,35.470752903987886,84,21,63,0.76190476190476186,0.69841269841269837,0.52173913043478259,0.5714285714285714,0.54545454545454541,0.38534572542904716,52,11,9,12,0.69690098261526834,0.48575822496368753,0.46129447495427578
linear_svm_balanced_ratio_preserved_noise_mcc_selected_true_pr_auc_v1,linear_svm_class_weight_balanced,linear_svm,C,90/10,5,random_fp_20,test,80/20,test,10,True,20370,190,35.622482626000419,105,21,84,0.74285714285714288,0.6785714285714286,0.40000000000000002,0.5714285714285714,0.47058823529411764,0.31622776601683794,66,18,9,12,0.6995464852607709,0.35524822301546721,0.33336321848976691
linear_svm_balanced_ratio_preserved_noise_mcc_selected_true_pr_auc_v1,linear_svm_class_weight_balanced,linear_svm,C,90/10,5,random_fp_20,test,90/10,test,10,True,20370,190,35.91574192797998,210,21,189,0.86190476190476195,0.73280423280423279,0.375,0.5714285714285714,0.45283018867924529,0.38866588933566537,169,20,9,12,0.75384227765180145,0.29247304443886518,0.27472797059994702
linear_svm_balanced_ratio_preserved_noise_mcc_selected_true_pr_auc_v1,linear_svm_class_weight_balanced,linear_svm,C,90/10,5,heuristic_fp_10,validation_selected_reproduction,90/10,valid,10,True,13580,190,30.141107814997667,190,19,171,0.91052631578947374,0.78654970760233911,0.54545454545454541,0.63157894736842102,0.58536585365853655,0.53732721755047808,161,10,7,12,0.85287780855647888,0.51544640449633372,0.48484914234519377
linear_svm_balanced_ratio_preserved_noise_mcc_selected_true_pr_auc_v1,linear_svm_class_weight_balanced,linear_svm,C,90/10,5,heuristic_fp_10,test,50/50,test,10,True,13580,190,30.238784148008563,42,21,21,0.7142857142857143,0.7142857142857143,1,0.42857142857142855,0.59999999999999998,0.5222329678670935,21,0,12,9,0.86167800453514742,0.87258984976376297,0.86931070551565215
linear_svm_balanced_ratio_preserved_noise_mcc_selected_true_pr_auc_v1,linear_svm_class_weight_balanced,linear_svm,C,90/10,5,heuristic_fp_10,test,60/40,test,10,True,13580,190,30.339783058007015,53,21,32,0.75471698113207553,0.6986607142857143,0.90000000000000002,0.42857142857142855,0.58064516129032262,0.49669798373175356,31,1,12,9,0.85714285714285721,0.81616471071472452,0.81148189095113432
linear_svm_balanced_ratio_preserved_noise_mcc_selected_true_pr_auc_v1,linear_svm_class_weight_balanced,linear_svm,C,90/10,5,heuristic_fp_10,test,70/30,test,10,True,13580,190,30.447466256009648,70,21,49,0.75714285714285712,0.66326530612244894,0.6428571428571429,0.42857142857142855,0.51428571428571423,0.37408781183312978,44,5,12,9,0.85617103984450926,0.75329163433147839,0.74719723734422439
linear_svm_balanced_ratio_preserved_noise_mcc_selected_true_pr_auc_v1,linear_svm_class_weight_balanced,linear_svm,C,90/10,5,heuristic_fp_10,test,75/25,test,10,True,13580,190,30.561993614013772,84,21,63,0.8214285714285714,0.69047619047619047,0.75,0.42857142857142855,0.54545454545454541,0.47140452079103168,60,3,12,9,0.8571428571428571,0.63209002993372465,0.61550223518630132
linear_svm_balanced_ratio_preserved_noise_mcc_selected_true_pr_auc_v1,linear_svm_class_weight_balanced,linear_svm,C,90/10,5,heuristic_fp_10,test,80/20,test,10,True,13580,190,30.780149803991662,105,21,84,0.83809523809523812,0.68452380952380953,0.6428571428571429,0.42857142857142855,0.51428571428571423,0.43425715637740747,79,5,12,9,0.8718820861678005,0.65457255414983329,0.64454220297239995
linear_svm_balanced_ratio_preserved_noise_mcc_selected_true_pr_auc_v1,linear_svm_class_weight_balanced,linear_svm,C,90/10,5,heuristic_fp_10,test,90/10,test,10,True,13580,190,31.065616003994364,210,21,189,0.87142857142857144,0.67460317460317454,0.375,0.42857142857142855,0.40000000000000002,0.32927638704908735,174,15,12,9,0.87402368354749294,0.46702539759536982,0.43839772421422263
linear_svm_balanced_ratio_preserved_noise_mcc_selected_true_pr_auc_v1,linear_svm_class_weight_balanced,linear_svm,C,90/10,5,heuristic_fp_20,validation_selected_reproduction,90/10,valid,10,True,20370,190,33.779648783995071,190,19,171,0.84210526315789469,0.77192982456140347,0.35135135135135137,0.68421052631578949,0.4642857142857143,0.41201698179493162,147,24,6,13,0.81594336718990457,0.44731672701409786,0.4293714487649285
linear_svm_balanced_ratio_preserved_noise_mcc_selected_true_pr_auc_v1,linear_svm_class_weight_balanced,linear_svm,C,90/10,5,heuristic_fp_20,test,50/50,test,10,True,20370,190,33.864615967991995,42,21,21,0.73809523809523814,0.73809523809523814,0.8571428571428571,0.5714285714285714,0.68571428571428572,0.50507627227610541,19,2,9,12,0.86167800453514731,0.8579197957338518,0.85189727006846905
linear_svm_balanced_ratio_preserved_noise_mcc_selected_true_pr_auc_v1,linear_svm_class_weight_balanced,linear_svm,C,90/10,5,heuristic_fp_20,test,60/40,test,10,True,20370,190,33.955005149007775,53,21,32,0.77358490566037741,0.7388392857142857,0.80000000000000004,0.5714285714285714,0.66666666666666663,0.51866025358284062,29,3,9,12,0.8214285714285714,0.77737095471812734,0.77156788304928825
linear_svm_balanced_ratio_preserved_noise_mcc_selected_true_pr_auc_v1,linear_svm_class_weight_balanced,linear_svm,C,90/10,5,heuristic_fp_20,test,70/30,test,10,True,20370,190,34.053437029011548,70,21,49,0.75714285714285712,0.70408163265306123,0.59999999999999998,0.5714285714285714,0.58536585365853655,0.41403933560541256,41,8,9,12,0.79591836734693877,0.67346933728582803,0.6642930175007391
linear_svm_balanced_ratio_preserved_noise_mcc_selected_true_pr_auc_v1,linear_svm_class_weight_balanced,linear_svm,C,90/10,5,heuristic_fp_20,test,75/25,test,10,True,20370,190,34.160004211007617,84,21,63,0.8214285714285714,0.73809523809523814,0.66666666666666663,0.5714285714285714,0.61538461538461542,0.50251890762960605,57,6,9,12,0.79365079365079361,0.54976256780924271,0.52054008723569134
linear_svm_balanced_ratio_preserved_noise_mcc_selected_true_pr_auc_v1,linear_svm_class_weight_balanced,linear_svm,C,90/10,5,heuristic_fp_20,test,80/20,test,10,True,20370,190,34.318782157002715,105,21,84,0.82857142857142863,0.73214285714285721,0.5714285714285714,0.5714285714285714,0.5714285714285714,0.4642857142857143,75,9,9,12,0.81405895691609975,0.60207001739903632,0.59244629386861458
linear_svm_balanced_ratio_preserved_noise_mcc_selected_true_pr_auc_v1,linear_svm_class_weight_balanced,linear_svm,C,90/10,5,heuristic_fp_20,test,90/10,test,10,True,20370,190,34.626134301011916,210,21,189,0.8666666666666667,0.73544973544973535,0.38709677419354838,0.5714285714285714,0.46153846153846156,0.39825513988472849,170,19,9,12,0.8160745779793398,0.36857248998034525,0.34063021140995869
