run_name,model,model_family,hyperparameter_name,train_ratio,seed,condition,stage,eval_ratio,split,C,selected_hyperparams,train_rows,valid_rows,elapsed_seconds,n_rows,positive_rows,benign_rows,accuracy,balanced_accuracy,precision,recall,f1,mcc,tn,fp,fn,tp,roc_auc,average_precision,pr_auc
logreg_balanced_ratio_preserved_noise_mcc_selected_true_pr_auc_v1,logistic_regression_class_weight_balanced,logistic_regression,C,60/40,1,clean,validation_selected_reproduction,60/40,valid,10,True,1698,48,4.6165711709763855,48,19,29,0.8125,0.81760435571687839,0.72727272727272729,0.84210526315789469,0.78048780487804881,0.62343937884455281,23,6,3,16,0.86206896551724133,0.81572356680859881,0.80980935362279138
logreg_balanced_ratio_preserved_noise_mcc_selected_true_pr_auc_v1,logistic_regression_class_weight_balanced,logistic_regression,C,60/40,1,clean,test,50/50,test,10,True,1698,48,4.6986922939831857,42,21,21,0.80952380952380953,0.80952380952380953,0.88235294117647056,0.7142857142857143,0.78947368421052633,0.63059262509446579,19,2,6,15,0.90476190476190477,0.92399431549889233,0.92238018238483166
logreg_balanced_ratio_preserved_noise_mcc_selected_true_pr_auc_v1,logistic_regression_class_weight_balanced,logistic_regression,C,60/40,1,clean,test,60/40,test,10,True,1698,48,4.7876295669993851,53,21,32,0.75471698113207553,0.74776785714285721,0.68181818181818177,0.7142857142857143,0.69767441860465118,0.49188933866410628,25,7,6,15,0.8571428571428571,0.83054827614613225,0.82657728700365141
logreg_balanced_ratio_preserved_noise_mcc_selected_true_pr_auc_v1,logistic_regression_class_weight_balanced,logistic_regression,C,60/40,1,clean,test,70/30,test,10,True,1698,48,4.8765586599765811,70,21,49,0.8571428571428571,0.81632653061224492,0.78947368421052633,0.7142857142857143,0.75,0.65194568114468099,45,4,6,15,0.88726919339164234,0.84975404012760358,0.84737438599265325
logreg_balanced_ratio_preserved_noise_mcc_selected_true_pr_auc_v1,logistic_regression_class_weight_balanced,logistic_regression,C,60/40,1,clean,test,75/25,test,10,True,1698,48,4.9637532039778307,84,21,63,0.86904761904761907,0.81746031746031744,0.75,0.7142857142857143,0.73170731707317072,0.6454972243679028,58,5,6,15,0.90325018896447462,0.83969226999800406,0.83720831770639625
logreg_balanced_ratio_preserved_noise_mcc_selected_true_pr_auc_v1,logistic_regression_class_weight_balanced,logistic_regression,C,60/40,1,clean,test,80/20,test,10,True,1698,48,5.0897461849963292,105,21,84,0.80000000000000004,0.76785714285714279,0.5,0.7142857142857143,0.58823529411764708,0.47434164902525688,69,15,6,15,0.85204081632653061,0.70112063774976829,0.69583579475510193
logreg_balanced_ratio_preserved_noise_mcc_selected_true_pr_auc_v1,logistic_regression_class_weight_balanced,logistic_regression,C,60/40,1,clean,test,90/10,test,10,True,1698,48,5.3238447429903317,210,21,189,0.79047619047619044,0.75661375661375663,0.28301886792452829,0.7142857142857143,0.40540540540540543,0.35445631531536348,151,38,6,15,0.86041824137062228,0.58499474071585034,0.57844095219849212
logreg_balanced_ratio_preserved_noise_mcc_selected_true_pr_auc_v1,logistic_regression_class_weight_balanced,logistic_regression,C,60/40,1,random_flip_10,validation_selected_reproduction,60/40,valid,0.10000000000000001,True,1698,48,4.8259678930044174,48,19,29,0.8125,0.80852994555353908,0.75,0.78947368421052633,0.76923076923076927,0.61208128979328524,24,5,4,15,0.84754990925589835,0.82070592227101924,0.81533862448030603
logreg_balanced_ratio_preserved_noise_mcc_selected_true_pr_auc_v1,logistic_regression_class_weight_balanced,logistic_regression,C,60/40,1,random_flip_10,test,50/50,test,0.10000000000000001,True,1698,48,4.8962126539845485,42,21,21,0.80952380952380953,0.80952380952380953,0.80952380952380953,0.80952380952380953,0.80952380952380953,0.61904761904761907,17,4,4,17,0.84353741496598633,0.85960552834134241,0.85580647160628498
logreg_balanced_ratio_preserved_noise_mcc_selected_true_pr_auc_v1,logistic_regression_class_weight_balanced,logistic_regression,C,60/40,1,random_flip_10,test,60/40,test,0.10000000000000001,True,1698,48,4.9803027599991765,53,21,32,0.79245283018867929,0.79538690476190477,0.70833333333333337,0.80952380952380953,0.75555555555555554,0.58049869858001624,25,7,4,17,0.85863095238095233,0.85739225142334874,0.85450311517412625
logreg_balanced_ratio_preserved_noise_mcc_selected_true_pr_auc_v1,logistic_regression_class_weight_balanced,logistic_regression,C,60/40,1,random_flip_10,test,70/30,test,0.10000000000000001,True,1698,48,5.0671705869899597,70,21,49,0.8571428571428571,0.84353741496598644,0.73913043478260865,0.80952380952380953,0.77272727272727271,0.67034577955304098,43,6,4,17,0.8814382896015549,0.83107039586528275,0.82743754534361336
logreg_balanced_ratio_preserved_noise_mcc_selected_true_pr_auc_v1,logistic_regression_class_weight_balanced,logistic_regression,C,60/40,1,random_flip_10,test,75/25,test,0.10000000000000001,True,1698,48,5.1659075159986969,84,21,63,0.8571428571428571,0.84126984126984128,0.68000000000000005,0.80952380952380953,0.73913043478260865,0.64641558408243283,55,8,4,17,0.8987150415721844,0.85020070237283263,0.8476563235094694
logreg_balanced_ratio_preserved_noise_mcc_selected_true_pr_auc_v1,logistic_regression_class_weight_balanced,logistic_regression,C,60/40,1,random_flip_10,test,80/20,test,0.10000000000000001,True,1698,48,5.2897836010088213,105,21,84,0.78095238095238095,0.79166666666666674,0.47222222222222221,0.80952380952380953,0.59649122807017541,0.4915755667668909,65,19,4,17,0.83786848072562359,0.5614193276602385,0.53280174478424436
logreg_balanced_ratio_preserved_noise_mcc_selected_true_pr_auc_v1,logistic_regression_class_weight_balanced,logistic_regression,C,60/40,1,random_flip_10,test,90/10,test,0.10000000000000001,True,1698,48,5.5073208319954574,210,21,189,0.74285714285714288,0.77248677248677255,0.2537313432835821,0.80952380952380953,0.38636363636363635,0.35076039453755031,139,50,4,17,0.85563114134542695,0.55218131971968332,0.54385806279739035
logreg_balanced_ratio_preserved_noise_mcc_selected_true_pr_auc_v1,logistic_regression_class_weight_balanced,logistic_regression,C,60/40,1,random_flip_20,validation_selected_reproduction,60/40,valid,0.10000000000000001,True,1698,48,4.6355848230014089,48,19,29,0.79166666666666663,0.78221415607985478,0.73684210526315785,0.73684210526315785,0.73684210526315785,0.56442831215970957,24,5,5,14,0.80217785843920142,0.78258212492400991,0.77604155878370873
logreg_balanced_ratio_preserved_noise_mcc_selected_true_pr_auc_v1,logistic_regression_class_weight_balanced,logistic_regression,C,60/40,1,random_flip_20,test,50/50,test,0.10000000000000001,True,1698,48,4.7154011420207098,42,21,21,0.76190476190476186,0.76190476190476186,0.73913043478260865,0.80952380952380953,0.77272727272727271,0.52620136055843392,15,6,4,17,0.85260770975056688,0.82397200320169506,0.81187975582482075
logreg_balanced_ratio_preserved_noise_mcc_selected_true_pr_auc_v1,logistic_regression_class_weight_balanced,logistic_regression,C,60/40,1,random_flip_20,test,60/40,test,0.10000000000000001,True,1698,48,4.8453244580014143,53,21,32,0.83018867924528306,0.82663690476190477,0.77272727272727271,0.80952380952380953,0.79069767441860461,0.64846672574637432,27,5,4,17,0.86607142857142849,0.83113751444633821,0.8264380392846129
logreg_balanced_ratio_preserved_noise_mcc_selected_true_pr_auc_v1,logistic_regression_class_weight_balanced,logistic_regression,C,60/40,1,random_flip_20,test,70/30,test,0.10000000000000001,True,1698,48,4.9366177050105762,70,21,49,0.82857142857142863,0.8231292517006803,0.68000000000000005,0.80952380952380953,0.73913043478260865,0.61807004620073758,41,8,4,17,0.90476190476190477,0.86302293696062549,0.86040985583181828
logreg_balanced_ratio_preserved_noise_mcc_selected_true_pr_auc_v1,logistic_regression_class_weight_balanced,logistic_regression,C,60/40,1,random_flip_20,test,75/25,test,0.10000000000000001,True,1698,48,5.0321226050145924,84,21,63,0.86904761904761907,0.84920634920634919,0.70833333333333337,0.80952380952380953,0.75555555555555554,0.66943868139520302,56,7,4,17,0.91609977324263037,0.86365693461443938,0.86129531815012106
logreg_balanced_ratio_preserved_noise_mcc_selected_true_pr_auc_v1,logistic_regression_class_weight_balanced,logistic_regression,C,60/40,1,random_flip_20,test,80/20,test,0.10000000000000001,True,1698,48,5.1631263970048167,105,21,84,0.79047619047619044,0.79761904761904767,0.48571428571428571,0.80952380952380953,0.6071428571428571,0.50507627227610541,66,18,4,17,0.86507936507936511,0.6029010598665574,0.57486188425976903
logreg_balanced_ratio_preserved_noise_mcc_selected_true_pr_auc_v1,logistic_regression_class_weight_balanced,logistic_regression,C,60/40,1,random_flip_20,test,90/10,test,0.10000000000000001,True,1698,48,5.4015025070111733,210,21,189,0.77142857142857146,0.78835978835978837,0.27868852459016391,0.80952380952380953,0.41463414634146339,0.38110723319571488,145,44,4,17,0.86243386243386244,0.47426449946117821,0.45697515950470863
logreg_balanced_ratio_preserved_noise_mcc_selected_true_pr_auc_v1,logistic_regression_class_weight_balanced,logistic_regression,C,60/40,1,random_fp_10,validation_selected_reproduction,60/40,valid,1,True,2124,48,5.1779047950112727,48,19,29,0.83333333333333337,0.83484573502722315,0.76190476190476186,0.84210526315789469,0.80000000000000004,0.66017494401264587,24,5,3,16,0.8784029038112523,0.85156277327073682,0.84732074482333353
logreg_balanced_ratio_preserved_noise_mcc_selected_true_pr_auc_v1,logistic_regression_class_weight_balanced,logistic_regression,C,60/40,1,random_fp_10,test,50/50,test,1,True,2124,48,5.2509352590132039,42,21,21,0.7857142857142857,0.7857142857142857,0.80000000000000004,0.76190476190476186,0.78048780487804881,0.57207755354735534,17,4,5,16,0.82993197278911557,0.86244508373990048,0.85918009510837057
logreg_balanced_ratio_preserved_noise_mcc_selected_true_pr_auc_v1,logistic_regression_class_weight_balanced,logistic_regression,C,60/40,1,random_fp_10,test,60/40,test,1,True,2124,48,5.3420821820036508,53,21,32,0.81132075471698117,0.80282738095238093,0.76190476190476186,0.76190476190476186,0.76190476190476186,0.60565476190476186,27,5,5,16,0.8526785714285714,0.8544794004558347,0.85167879063063023
logreg_balanced_ratio_preserved_noise_mcc_selected_true_pr_auc_v1,logistic_regression_class_weight_balanced,logistic_regression,C,60/40,1,random_fp_10,test,70/30,test,1,True,2124,48,5.4331141930015292,70,21,49,0.8571428571428571,0.82993197278911568,0.76190476190476186,0.76190476190476186,0.76190476190476186,0.65986394557823125,44,5,5,16,0.87463556851311952,0.85143274471802388,0.84902612717400561
logreg_balanced_ratio_preserved_noise_mcc_selected_true_pr_auc_v1,logistic_regression_class_weight_balanced,logistic_regression,C,60/40,1,random_fp_10,test,75/25,test,1,True,2124,48,5.5330150100053288,84,21,63,0.84523809523809523,0.81746031746031744,0.66666666666666663,0.76190476190476186,0.71111111111111114,0.60858061945018449,55,8,5,16,0.88737717309145869,0.841642618880033,0.83935278529455903
logreg_balanced_ratio_preserved_noise_mcc_selected_true_pr_auc_v1,logistic_regression_class_weight_balanced,logistic_regression,C,60/40,1,random_fp_10,test,80/20,test,1,True,2124,48,5.6608870460186154,105,21,84,0.76190476190476186,0.76190476190476186,0.44444444444444442,0.76190476190476186,0.56140350877192979,0.44141479464782041,64,20,5,16,0.82936507936507942,0.64661010131030228,0.63930609876982802
logreg_balanced_ratio_preserved_noise_mcc_selected_true_pr_auc_v1,logistic_regression_class_weight_balanced,logistic_regression,C,60/40,1,random_fp_10,test,90/10,test,1,True,2124,48,5.9039245290041436,210,21,189,0.73333333333333328,0.74603174603174605,0.23880597014925373,0.76190476190476186,0.36363636363636365,0.31670598730089494,138,51,5,16,0.8422776518014613,0.52543099770836965,0.51362564535206767
logreg_balanced_ratio_preserved_noise_mcc_selected_true_pr_auc_v1,logistic_regression_class_weight_balanced,logistic_regression,C,60/40,1,random_fp_20,validation_selected_reproduction,60/40,valid,0.10000000000000001,True,2549,48,6.0404037440021057,48,19,29,0.8125,0.80852994555353908,0.75,0.78947368421052633,0.76923076923076927,0.61208128979328524,24,5,4,15,0.85843920145190566,0.80373457977336105,0.79596982865413046
logreg_balanced_ratio_preserved_noise_mcc_selected_true_pr_auc_v1,logistic_regression_class_weight_balanced,logistic_regression,C,60/40,1,random_fp_20,test,50/50,test,0.10000000000000001,True,2549,48,6.1398252189974301,42,21,21,0.76190476190476186,0.76190476190476186,0.71999999999999997,0.8571428571428571,0.78260869565217395,0.53357837507993255,14,7,3,18,0.83673469387755106,0.83983846629239278,0.83523067368039849
logreg_balanced_ratio_preserved_noise_mcc_selected_true_pr_auc_v1,logistic_regression_class_weight_balanced,logistic_regression,C,60/40,1,random_fp_20,test,60/40,test,0.10000000000000001,True,2549,48,6.2441242519998923,53,21,32,0.75471698113207553,0.7723214285714286,0.6428571428571429,0.8571428571428571,0.73469387755102045,0.53363883682062097,22,10,3,18,0.82886904761904756,0.78226827303146917,0.77670436848196789
logreg_balanced_ratio_preserved_noise_mcc_selected_true_pr_auc_v1,logistic_regression_class_weight_balanced,logistic_regression,C,60/40,1,random_fp_20,test,70/30,test,0.10000000000000001,True,2549,48,6.3377490359998774,70,21,49,0.81428571428571428,0.82653061224489788,0.6428571428571429,0.8571428571428571,0.73469387755102045,0.61088283865697002,39,10,3,18,0.91350826044703592,0.86206984713676316,0.85892369102481836
logreg_balanced_ratio_preserved_noise_mcc_selected_true_pr_auc_v1,logistic_regression_class_weight_balanced,logistic_regression,C,60/40,1,random_fp_20,test,75/25,test,0.10000000000000001,True,2549,48,6.4467318330134731,84,21,63,0.8571428571428571,0.8571428571428571,0.66666666666666663,0.8571428571428571,0.75,0.6622661785325219,54,9,3,18,0.91156462585034015,0.83290466722143752,0.82924746186652376
logreg_balanced_ratio_preserved_noise_mcc_selected_true_pr_auc_v1,logistic_regression_class_weight_balanced,logistic_regression,C,60/40,1,random_fp_20,test,80/20,test,0.10000000000000001,True,2549,48,6.5972423590137623,105,21,84,0.75238095238095237,0.79166666666666663,0.43902439024390244,0.8571428571428571,0.58064516129032262,0.47828214578385608,61,23,3,18,0.85147392290249435,0.53928935092866603,0.51039668659675208
logreg_balanced_ratio_preserved_noise_mcc_selected_true_pr_auc_v1,logistic_regression_class_weight_balanced,logistic_regression,C,60/40,1,random_fp_20,test,90/10,test,0.10000000000000001,True,2549,48,6.8687876939948183,210,21,189,0.73333333333333328,0.78835978835978837,0.25352112676056338,0.8571428571428571,0.39130434782608697,0.36573680674190651,136,53,3,18,0.85840262030738224,0.41768556500965803,0.38895856274217866
logreg_balanced_ratio_preserved_noise_mcc_selected_true_pr_auc_v1,logistic_regression_class_weight_balanced,logistic_regression,C,60/40,1,heuristic_fp_10,validation_selected_reproduction,60/40,valid,10,True,2124,48,5.4774540600192267,48,19,29,0.85416666666666663,0.86116152450090744,0.77272727272727271,0.89473684210526316,0.82926829268292679,0.70893963651466296,24,5,2,17,0.87295825771324864,0.78789856514314716,0.77986556897649439
logreg_balanced_ratio_preserved_noise_mcc_selected_true_pr_auc_v1,logistic_regression_class_weight_balanced,logistic_regression,C,60/40,1,heuristic_fp_10,test,50/50,test,10,True,2124,48,5.565275223023491,42,21,21,0.80952380952380953,0.80952380952380953,0.80952380952380953,0.80952380952380953,0.80952380952380953,0.61904761904761907,17,4,4,17,0.90476190476190477,0.91955717442972995,0.91764447635329471
logreg_balanced_ratio_preserved_noise_mcc_selected_true_pr_auc_v1,logistic_regression_class_weight_balanced,logistic_regression,C,60/40,1,heuristic_fp_10,test,60/40,test,10,True,2124,48,5.6438948530121706,53,21,32,0.79245283018867929,0.79538690476190477,0.70833333333333337,0.80952380952380953,0.75555555555555554,0.58049869858001624,25,7,4,17,0.88690476190476186,0.85118839337969288,0.84718369289329898
logreg_balanced_ratio_preserved_noise_mcc_selected_true_pr_auc_v1,logistic_regression_class_weight_balanced,logistic_regression,C,60/40,1,heuristic_fp_10,test,70/30,test,10,True,2124,48,5.7225893640134018,70,21,49,0.8571428571428571,0.84353741496598644,0.73913043478260865,0.80952380952380953,0.77272727272727271,0.67034577955304098,43,6,4,17,0.91836734693877553,0.87995064686329583,0.87771972833633183
logreg_balanced_ratio_preserved_noise_mcc_selected_true_pr_auc_v1,logistic_regression_class_weight_balanced,logistic_regression,C,60/40,1,heuristic_fp_10,test,75/25,test,10,True,2124,48,5.8116906580107752,84,21,63,0.8571428571428571,0.84126984126984128,0.68000000000000005,0.80952380952380953,0.73913043478260865,0.64641558408243283,55,8,4,17,0.93953136810279669,0.88054492337326451,0.87824744941087474
logreg_balanced_ratio_preserved_noise_mcc_selected_true_pr_auc_v1,logistic_regression_class_weight_balanced,logistic_regression,C,60/40,1,heuristic_fp_10,test,80/20,test,10,True,2124,48,5.9377211590181105,105,21,84,0.79047619047619044,0.79761904761904767,0.48571428571428571,0.80952380952380953,0.6071428571428571,0.50507627227610541,66,18,4,17,0.87925170068027214,0.61265462261336534,0.59570486529897804
logreg_balanced_ratio_preserved_noise_mcc_selected_true_pr_auc_v1,logistic_regression_class_weight_balanced,logistic_regression,C,60/40,1,heuristic_fp_10,test,90/10,test,10,True,2124,48,6.1642587020178325,210,21,189,0.77619047619047621,0.79100529100529093,0.28333333333333333,0.80952380952380953,0.41975308641975306,0.38650060290946858,146,43,4,17,0.8833459309649786,0.50694312810388753,0.49010380808619464
logreg_balanced_ratio_preserved_noise_mcc_selected_true_pr_auc_v1,logistic_regression_class_weight_balanced,logistic_regression,C,60/40,1,heuristic_fp_20,validation_selected_reproduction,60/40,valid,0.10000000000000001,True,2549,48,5.7983010030002333,48,19,29,0.83333333333333337,0.82577132486388383,0.78947368421052633,0.78947368421052633,0.78947368421052633,0.65154264972776765,25,4,4,15,0.87295825771324864,0.83896845662623087,0.83426093232756049
logreg_balanced_ratio_preserved_noise_mcc_selected_true_pr_auc_v1,logistic_regression_class_weight_balanced,logistic_regression,C,60/40,1,heuristic_fp_20,test,50/50,test,0.10000000000000001,True,2549,48,5.8759267890127376,42,21,21,0.7857142857142857,0.7857142857142857,0.73076923076923073,0.90476190476190477,0.80851063829787229,0.58834840541455213,14,7,2,19,0.891156462585034,0.89863295528641762,0.8959865066788566
logreg_balanced_ratio_preserved_noise_mcc_selected_true_pr_auc_v1,logistic_regression_class_weight_balanced,logistic_regression,C,60/40,1,heuristic_fp_20,test,60/40,test,0.10000000000000001,True,2549,48,5.9652114870259538,53,21,32,0.81132075471698117,0.82738095238095233,0.70370370370370372,0.90476190476190477,0.79166666666666663,0.64061851133006109,24,8,2,19,0.8973214285714286,0.86826722294583147,0.86488421325292952
logreg_balanced_ratio_preserved_noise_mcc_selected_true_pr_auc_v1,logistic_regression_class_weight_balanced,logistic_regression,C,60/40,1,heuristic_fp_20,test,70/30,test,0.10000000000000001,True,2549,48,6.0543991140148137,70,21,49,0.84285714285714286,0.86054421768707479,0.6785714285714286,0.90476190476190477,0.77551020408163263,0.67451646768373774,40,9,2,19,0.94169096209912539,0.89200742120660226,0.88947524535634859
logreg_balanced_ratio_preserved_noise_mcc_selected_true_pr_auc_v1,logistic_regression_class_weight_balanced,logistic_regression,C,60/40,1,heuristic_fp_20,test,75/25,test,0.10000000000000001,True,2549,48,6.1594644750002772,84,21,63,0.83333333333333337,0.85714285714285721,0.61290322580645162,0.90476190476190477,0.73076923076923073,0.64096321309074011,51,12,2,19,0.93424036281179135,0.85330886740661205,0.85000155343698047
logreg_balanced_ratio_preserved_noise_mcc_selected_true_pr_auc_v1,logistic_regression_class_weight_balanced,logistic_regression,C,60/40,1,heuristic_fp_20,test,80/20,test,0.10000000000000001,True,2549,48,6.2870343640097417,105,21,84,0.76190476190476186,0.81547619047619047,0.45238095238095238,0.90476190476190477,0.60317460317460314,0.51517046177582704,61,23,2,19,0.85544217687074831,0.54177549556718074,0.52411060367986506
logreg_balanced_ratio_preserved_noise_mcc_selected_true_pr_auc_v1,logistic_regression_class_weight_balanced,logistic_regression,C,60/40,1,heuristic_fp_20,test,90/10,test,0.10000000000000001,True,2549,48,6.5180344950058497,210,21,189,0.73809523809523814,0.8121693121693121,0.2638888888888889,0.90476190476190477,0.40860215053763443,0.39459807400335462,136,53,2,19,0.87377173091458804,0.40632669246304703,0.3900318933499396
logreg_balanced_ratio_preserved_noise_mcc_selected_true_pr_auc_v1,logistic_regression_class_weight_balanced,logistic_regression,C,60/40,2,clean,validation_selected_reproduction,60/40,valid,10,True,1698,48,4.5908481660007965,48,19,29,0.85416666666666663,0.85208711433756801,0.80000000000000004,0.84210526315789469,0.82051282051282048,0.69849276599939614,25,4,3,16,0.88929219600725951,0.84192982975986574,0.83525044629007739
logreg_balanced_ratio_preserved_noise_mcc_selected_true_pr_auc_v1,logistic_regression_class_weight_balanced,logistic_regression,C,60/40,2,clean,test,50/50,test,10,True,1698,48,4.6841136919974815,42,21,21,0.73809523809523814,0.73809523809523814,0.77777777777777779,0.66666666666666663,0.71794871794871795,0.48112522432468813,17,4,7,14,0.84807256235827666,0.85574039456844297,0.85128288290888876
logreg_balanced_ratio_preserved_noise_mcc_selected_true_pr_auc_v1,logistic_regression_class_weight_balanced,logistic_regression,C,60/40,2,clean,test,60/40,test,10,True,1698,48,4.7636947449936997,53,21,32,0.75471698113207553,0.73958333333333326,0.69999999999999996,0.66666666666666663,0.68292682926829273,0.48350310497994997,26,6,7,14,0.87797619047619047,0.86745010912298826,0.86497529838662279
logreg_balanced_ratio_preserved_noise_mcc_selected_true_pr_auc_v1,logistic_regression_class_weight_balanced,logistic_regression,C,60/40,2,clean,test,70/30,test,10,True,1698,48,4.8740653049899265,70,21,49,0.74285714285714288,0.72108843537414957,0.56000000000000005,0.66666666666666663,0.60869565217391308,0.422890031611031,38,11,7,14,0.83381924198250723,0.61388235908153477,0.58528063499787464
logreg_balanced_ratio_preserved_noise_mcc_selected_true_pr_auc_v1,logistic_regression_class_weight_balanced,logistic_regression,C,60/40,2,clean,test,75/25,test,10,True,1698,48,4.9845691789814737,84,21,63,0.75,0.72222222222222221,0.5,0.66666666666666663,0.5714285714285714,0.40824829046386302,49,14,7,14,0.86772486772486779,0.71347708857465908,0.70031363636947797
logreg_balanced_ratio_preserved_noise_mcc_selected_true_pr_auc_v1,logistic_regression_class_weight_balanced,logistic_regression,C,60/40,2,clean,test,80/20,test,10,True,1698,48,5.1058650350023527,105,21,84,0.80000000000000004,0.75,0.5,0.66666666666666663,0.5714285714285714,0.45226701686664544,70,14,7,14,0.88095238095238093,0.66654185911288377,0.652292703688099
logreg_balanced_ratio_preserved_noise_mcc_selected_true_pr_auc_v1,logistic_regression_class_weight_balanced,logistic_regression,C,60/40,2,clean,test,90/10,test,10,True,1698,48,5.3118657989834901,210,21,189,0.80000000000000004,0.7407407407407407,0.2857142857142857,0.66666666666666663,0.40000000000000002,0.34151450937027694,154,35,7,14,0.86470143613000761,0.43695746275610375,0.40790109100213601
logreg_balanced_ratio_preserved_noise_mcc_selected_true_pr_auc_v1,logistic_regression_class_weight_balanced,logistic_regression,C,60/40,2,random_flip_10,validation_selected_reproduction,60/40,valid,1,True,1698,48,4.5840609309962019,48,19,29,0.8125,0.81760435571687839,0.72727272727272729,0.84210526315789469,0.78048780487804881,0.62343937884455281,23,6,3,16,0.84936479128856623,0.78987282478405518,0.7816123579205273
logreg_balanced_ratio_preserved_noise_mcc_selected_true_pr_auc_v1,logistic_regression_class_weight_balanced,logistic_regression,C,60/40,2,random_flip_10,test,50/50,test,1,True,1698,48,4.6754401600046549,42,21,21,0.7857142857142857,0.7857142857142857,0.77272727272727271,0.80952380952380953,0.79069767441860461,0.57207755354735534,16,5,4,17,0.84126984126984117,0.85036112955367638,0.84582369760655962
logreg_balanced_ratio_preserved_noise_mcc_selected_true_pr_auc_v1,logistic_regression_class_weight_balanced,logistic_regression,C,60/40,2,random_flip_10,test,60/40,test,1,True,1698,48,4.7514196060074028,53,21,32,0.81132075471698117,0.81101190476190477,0.73913043478260865,0.80952380952380953,0.77272727272727271,0.6138568406737519,26,6,4,17,0.87797619047619047,0.86268966518026691,0.85948712942578442
logreg_balanced_ratio_preserved_noise_mcc_selected_true_pr_auc_v1,logistic_regression_class_weight_balanced,logistic_regression,C,60/40,2,random_flip_10,test,70/30,test,1,True,1698,48,4.8662847060186323,70,21,49,0.7857142857142857,0.79251700680272108,0.6071428571428571,0.80952380952380953,0.69387755102040816,0.54724920963020229,38,11,4,17,0.81049562682215737,0.56975689839835497,0.54449375172682557
logreg_balanced_ratio_preserved_noise_mcc_selected_true_pr_auc_v1,logistic_regression_class_weight_balanced,logistic_regression,C,60/40,2,random_flip_10,test,75/25,test,1,True,1698,48,4.9690454319934361,84,21,63,0.76190476190476186,0.77777777777777779,0.51515151515151514,0.80952380952380953,0.62962962962962965,0.49256705274087387,47,16,4,17,0.80801209372637939,0.53605023431142562,0.50691661418920753
logreg_balanced_ratio_preserved_noise_mcc_selected_true_pr_auc_v1,logistic_regression_class_weight_balanced,logistic_regression,C,60/40,2,random_flip_10,test,80/20,test,1,True,1698,48,5.0761834240111057,105,21,84,0.79047619047619044,0.79761904761904767,0.48571428571428571,0.80952380952380953,0.6071428571428571,0.50507627227610541,66,18,4,17,0.85600907029478457,0.62403251626664469,0.61401126553799368
logreg_balanced_ratio_preserved_noise_mcc_selected_true_pr_auc_v1,logistic_regression_class_weight_balanced,logistic_regression,C,60/40,2,random_flip_10,test,90/10,test,1,True,1698,48,5.2711396490049083,210,21,189,0.80000000000000004,0.80423280423280419,0.30909090909090908,0.80952380952380953,0.44736842105263158,0.41517327682330979,151,38,4,17,0.86092214663643229,0.38639076655397536,0.3635956405543127
logreg_balanced_ratio_preserved_noise_mcc_selected_true_pr_auc_v1,logistic_regression_class_weight_balanced,logistic_regression,C,60/40,2,random_flip_20,validation_selected_reproduction,60/40,valid,0.10000000000000001,True,1698,48,4.726910080993548,48,19,29,0.77083333333333337,0.76497277676951003,0.69999999999999996,0.73684210526315785,0.71794871794871795,0.52566981358717446,23,6,5,14,0.79854809437386565,0.74758177132495973,0.73963253671074303
logreg_balanced_ratio_preserved_noise_mcc_selected_true_pr_auc_v1,logistic_regression_class_weight_balanced,logistic_regression,C,60/40,2,random_flip_20,test,50/50,test,0.10000000000000001,True,1698,48,4.8273513700114563,42,21,21,0.8571428571428571,0.85714285714285721,0.89473684210526316,0.80952380952380953,0.84999999999999998,0.71754730985240978,19,2,4,17,0.81859410430839008,0.85118241311573906,0.8471974370858284
logreg_balanced_ratio_preserved_noise_mcc_selected_true_pr_auc_v1,logistic_regression_class_weight_balanced,logistic_regression,C,60/40,2,random_flip_20,test,60/40,test,0.10000000000000001,True,1698,48,4.9049583050073124,53,21,32,0.77358490566037741,0.77976190476190477,0.68000000000000005,0.80952380952380953,0.73913043478260865,0.54821913290861601,24,8,4,17,0.84077380952380953,0.84555646066551349,0.84249592909180904
logreg_balanced_ratio_preserved_noise_mcc_selected_true_pr_auc_v1,logistic_regression_class_weight_balanced,logistic_regression,C,60/40,2,random_flip_20,test,70/30,test,0.10000000000000001,True,1698,48,5.0280710149963852,70,21,49,0.80000000000000004,0.80272108843537415,0.62962962962962965,0.80952380952380953,0.70833333333333337,0.56998607972974347,39,10,4,17,0.79494655004859094,0.59881461317932938,0.5701624463378574
logreg_balanced_ratio_preserved_noise_mcc_selected_true_pr_auc_v1,logistic_regression_class_weight_balanced,logistic_regression,C,60/40,2,random_flip_20,test,75/25,test,0.10000000000000001,True,1698,48,5.1366130519891158,84,21,63,0.69047619047619047,0.73015873015873023,0.4358974358974359,0.80952380952380953,0.56666666666666665,0.39966747812078279,41,22,4,17,0.78533635676492819,0.563613053255276,0.53533543124932159
logreg_balanced_ratio_preserved_noise_mcc_selected_true_pr_auc_v1,logistic_regression_class_weight_balanced,logistic_regression,C,60/40,2,random_flip_20,test,80/20,test,0.10000000000000001,True,1698,48,5.253325956990011,105,21,84,0.77142857142857146,0.7857142857142857,0.45945945945945948,0.80952380952380953,0.58620689655172409,0.47847133369734002,64,20,4,17,0.83219954648526084,0.66814006155300554,0.66200335429270663
logreg_balanced_ratio_preserved_noise_mcc_selected_true_pr_auc_v1,logistic_regression_class_weight_balanced,logistic_regression,C,60/40,2,random_flip_20,test,90/10,test,0.10000000000000001,True,1698,48,5.4601245989906602,210,21,189,0.77619047619047621,0.79100529100529093,0.28333333333333333,0.80952380952380953,0.41975308641975306,0.38650060290946858,146,43,4,17,0.82741244646006551,0.44343057265642877,0.41529129404155662
logreg_balanced_ratio_preserved_noise_mcc_selected_true_pr_auc_v1,logistic_regression_class_weight_balanced,logistic_regression,C,60/40,2,random_fp_10,validation_selected_reproduction,60/40,valid,0.10000000000000001,True,2124,48,5.4564636599970981,48,19,29,0.75,0.7568058076225046,0.65217391304347827,0.78947368421052633,0.7142857142857143,0.50277851829579745,21,8,4,15,0.84936479128856623,0.78086695550006402,0.77244027957107531
logreg_balanced_ratio_preserved_noise_mcc_selected_true_pr_auc_v1,logistic_regression_class_weight_balanced,logistic_regression,C,60/40,2,random_fp_10,test,50/50,test,0.10000000000000001,True,2124,48,5.5526424559939187,42,21,21,0.76190476190476186,0.76190476190476186,0.73913043478260865,0.80952380952380953,0.77272727272727271,0.52620136055843392,15,6,4,17,0.8571428571428571,0.8813162628908231,0.87800495511742316
logreg_balanced_ratio_preserved_noise_mcc_selected_true_pr_auc_v1,logistic_regression_class_weight_balanced,logistic_regression,C,60/40,2,random_fp_10,test,60/40,test,0.10000000000000001,True,2124,48,5.627361580991419,53,21,32,0.79245283018867929,0.79538690476190477,0.70833333333333337,0.80952380952380953,0.75555555555555554,0.58049869858001624,25,7,4,17,0.89434523809523803,0.9069323851499882,0.90553609478454544
logreg_balanced_ratio_preserved_noise_mcc_selected_true_pr_auc_v1,logistic_regression_class_weight_balanced,logistic_regression,C,60/40,2,random_fp_10,test,70/30,test,0.10000000000000001,True,2124,48,5.7484266019891948,70,21,49,0.72857142857142854,0.7517006802721089,0.53125,0.80952380952380953,0.64150943396226412,0.46307921124762702,34,15,4,17,0.81729834791059286,0.56824682955314842,0.5429037656385356
logreg_balanced_ratio_preserved_noise_mcc_selected_true_pr_auc_v1,logistic_regression_class_weight_balanced,logistic_regression,C,60/40,2,random_fp_10,test,75/25,test,0.10000000000000001,True,2124,48,5.8664042669988703,84,21,63,0.6785714285714286,0.72222222222222221,0.42499999999999999,0.80952380952380953,0.55737704918032782,0.3853373177942262,40,23,4,17,0.81405895691609986,0.57734631422619254,0.56017210755070623
logreg_balanced_ratio_preserved_noise_mcc_selected_true_pr_auc_v1,logistic_regression_class_weight_balanced,logistic_regression,C,60/40,2,random_fp_10,test,80/20,test,0.10000000000000001,True,2124,48,6.0012695929908659,105,21,84,0.76190476190476186,0.77976190476190477,0.44736842105263158,0.80952380952380953,0.57627118644067798,0.46573477073253305,63,21,4,17,0.86451247165532885,0.68059032653271911,0.67365901686313379
logreg_balanced_ratio_preserved_noise_mcc_selected_true_pr_auc_v1,logistic_regression_class_weight_balanced,logistic_regression,C,60/40,2,random_fp_10,test,90/10,test,0.10000000000000001,True,2124,48,6.2107734019809868,210,21,189,0.77619047619047621,0.79100529100529093,0.28333333333333333,0.80952380952380953,0.41975308641975306,0.38650060290946858,146,43,4,17,0.85764676240866711,0.42320165080391536,0.39406530557448965
logreg_balanced_ratio_preserved_noise_mcc_selected_true_pr_auc_v1,logistic_regression_class_weight_balanced,logistic_regression,C,60/40,2,random_fp_20,validation_selected_reproduction,60/40,valid,1,True,2549,48,6.1697232449951116,48,19,29,0.77083333333333337,0.79219600725952821,0.65384615384615385,0.89473684210526316,0.75555555555555554,0.57356422853698863,20,9,2,17,0.87658802177858441,0.83932641020440613,0.83435770428787381
logreg_balanced_ratio_preserved_noise_mcc_selected_true_pr_auc_v1,logistic_regression_class_weight_balanced,logistic_regression,C,60/40,2,random_fp_20,test,50/50,test,1,True,2549,48,6.2661467169818934,42,21,21,0.80952380952380953,0.80952380952380953,0.78260869565217395,0.8571428571428571,0.81818181818181823,0.6218743352054219,16,5,3,18,0.83900226757369611,0.84355220161648004,0.83791027044196742
logreg_balanced_ratio_preserved_noise_mcc_selected_true_pr_auc_v1,logistic_regression_class_weight_balanced,logistic_regression,C,60/40,2,random_fp_20,test,60/40,test,1,True,2549,48,6.3485303880006541,53,21,32,0.83018867924528306,0.8348214285714286,0.75,0.8571428571428571,0.80000000000000004,0.65799600594712171,26,6,3,18,0.86309523809523803,0.84358284233185454,0.83974364216790809
logreg_balanced_ratio_preserved_noise_mcc_selected_true_pr_auc_v1,logistic_regression_class_weight_balanced,logistic_regression,C,60/40,2,random_fp_20,test,70/30,test,1,True,2549,48,6.4705508420011029,70,21,49,0.7857142857142857,0.80612244897959173,0.59999999999999998,0.8571428571428571,0.70588235294117652,0.56694670951384085,37,12,3,18,0.83090379008746351,0.65119831212158363,0.63861257305685237
logreg_balanced_ratio_preserved_noise_mcc_selected_true_pr_auc_v1,logistic_regression_class_weight_balanced,logistic_regression,C,60/40,2,random_fp_20,test,75/25,test,1,True,2549,48,6.5761670169886202,84,21,63,0.69047619047619047,0.74603174603174605,0.43902439024390244,0.8571428571428571,0.58064516129032262,0.42626032361722666,40,23,3,18,0.81027966742252455,0.63331134151510393,0.62396768605141761
logreg_balanced_ratio_preserved_noise_mcc_selected_true_pr_auc_v1,logistic_regression_class_weight_balanced,logistic_regression,C,60/40,2,random_fp_20,test,80/20,test,1,True,2549,48,6.6887407510075718,105,21,84,0.72380952380952379,0.77380952380952372,0.40909090909090912,0.8571428571428571,0.55384615384615388,0.44395257597725524,58,26,3,18,0.85260770975056699,0.65356320446302441,0.64465482103551563
logreg_balanced_ratio_preserved_noise_mcc_selected_true_pr_auc_v1,logistic_regression_class_weight_balanced,logistic_regression,C,60/40,2,random_fp_20,test,90/10,test,1,True,2549,48,6.8815486439852975,210,21,189,0.76666666666666672,0.80687830687830686,0.28125,0.8571428571428571,0.42352941176470588,0.40000951282447783,143,46,3,18,0.84378936759889134,0.46838175858866721,0.45612465399488777
logreg_balanced_ratio_preserved_noise_mcc_selected_true_pr_auc_v1,logistic_regression_class_weight_balanced,logistic_regression,C,60/40,2,heuristic_fp_10,validation_selected_reproduction,60/40,valid,10,True,2124,48,5.7700158369843848,48,19,29,0.83333333333333337,0.83484573502722315,0.76190476190476186,0.84210526315789469,0.80000000000000004,0.66017494401264587,24,5,3,16,0.9147005444646098,0.84571287520806537,0.83853020527083444
logreg_balanced_ratio_preserved_noise_mcc_selected_true_pr_auc_v1,logistic_regression_class_weight_balanced,logistic_regression,C,60/40,2,heuristic_fp_10,test,50/50,test,10,True,2124,48,5.8623376489849761,42,21,21,0.8571428571428571,0.8571428571428571,0.8571428571428571,0.8571428571428571,0.8571428571428571,0.7142857142857143,18,3,3,18,0.8798185941043084,0.87568803199792455,0.87137096943524783
logreg_balanced_ratio_preserved_noise_mcc_selected_true_pr_auc_v1,logistic_regression_class_weight_balanced,logistic_regression,C,60/40,2,heuristic_fp_10,test,60/40,test,10,True,2124,48,5.9450250879744999,53,21,32,0.77358490566037741,0.7879464285714286,0.66666666666666663,0.8571428571428571,0.75,0.56345309973803104,23,9,3,18,0.875,0.83315373971275863,0.8269231770737806
logreg_balanced_ratio_preserved_noise_mcc_selected_true_pr_auc_v1,logistic_regression_class_weight_balanced,logistic_regression,C,60/40,2,heuristic_fp_10,test,70/30,test,10,True,2124,48,6.0641492109862156,70,21,49,0.75714285714285712,0.7857142857142857,0.5625,0.8571428571428571,0.67924528301886788,0.52565748303784687,35,14,3,18,0.84353741496598633,0.62536066906656251,0.60089235621367199
logreg_balanced_ratio_preserved_noise_mcc_selected_true_pr_auc_v1,logistic_regression_class_weight_balanced,logistic_regression,C,60/40,2,heuristic_fp_10,test,75/25,test,10,True,2124,48,6.1663120119774248,84,21,63,0.77380952380952384,0.80158730158730163,0.52941176470588236,0.8571428571428571,0.65454545454545454,0.53210643193064366,47,16,3,18,0.84504913076341648,0.57502511228684616,0.54997753526855464
logreg_balanced_ratio_preserved_noise_mcc_selected_true_pr_auc_v1,logistic_regression_class_weight_balanced,logistic_regression,C,60/40,2,heuristic_fp_10,test,80/20,test,10,True,2124,48,6.2797226669790689,105,21,84,0.80952380952380953,0.82738095238095233,0.51428571428571423,0.8571428571428571,0.6428571428571429,0.55558389950371589,67,17,3,18,0.88095238095238093,0.63016331791515778,0.60290794434025519
logreg_balanced_ratio_preserved_noise_mcc_selected_true_pr_auc_v1,logistic_regression_class_weight_balanced,logistic_regression,C,60/40,2,heuristic_fp_10,test,90/10,test,10,True,2124,48,6.4775152209913358,210,21,189,0.80000000000000004,0.82539682539682535,0.31578947368421051,0.8571428571428571,0.46153846153846156,0.43903658690554426,150,39,3,18,0.88057445200302342,0.53907718502813839,0.52975814548821076
logreg_balanced_ratio_preserved_noise_mcc_selected_true_pr_auc_v1,logistic_regression_class_weight_balanced,logistic_regression,C,60/40,2,heuristic_fp_20,validation_selected_reproduction,60/40,valid,10,True,2549,48,6.0803329839836806,48,19,29,0.79166666666666663,0.80036297640653353,0.69565217391304346,0.84210526315789469,0.76190476190476186,0.58805544012688671,22,7,3,16,0.85117967332123412,0.76356420180383811,0.75231668900616666
logreg_balanced_ratio_preserved_noise_mcc_selected_true_pr_auc_v1,logistic_regression_class_weight_balanced,logistic_regression,C,60/40,2,heuristic_fp_20,test,50/50,test,10,True,2549,48,6.1820012030075304,42,21,21,0.83333333333333337,0.83333333333333326,0.79166666666666663,0.90476190476190477,0.84444444444444444,0.67357531405456339,16,5,2,19,0.92970521541950113,0.87559198115920811,0.8643693657072693
logreg_balanced_ratio_preserved_noise_mcc_selected_true_pr_auc_v1,logistic_regression_class_weight_balanced,logistic_regression,C,60/40,2,heuristic_fp_20,test,60/40,test,10,True,2549,48,6.2633497589849867,53,21,32,0.79245283018867929,0.81175595238095233,0.6785714285714286,0.90476190476190477,0.77551020408163263,0.61091440608699499,23,9,2,19,0.90625,0.84430297296659229,0.83908840807709084
logreg_balanced_ratio_preserved_noise_mcc_selected_true_pr_auc_v1,logistic_regression_class_weight_balanced,logistic_regression,C,60/40,2,heuristic_fp_20,test,70/30,test,10,True,2549,48,6.4014806640043389,70,21,49,0.80000000000000004,0.82993197278911568,0.61290322580645162,0.90476190476190477,0.73076923076923073,0.60876396422747558,37,12,2,19,0.89310009718172978,0.69997530887443071,0.68400243139066275
logreg_balanced_ratio_preserved_noise_mcc_selected_true_pr_auc_v1,logistic_regression_class_weight_balanced,logistic_regression,C,60/40,2,heuristic_fp_20,test,75/25,test,10,True,2549,48,6.5336332939914428,84,21,63,0.72619047619047616,0.7857142857142857,0.47499999999999998,0.90476190476190477,0.62295081967213117,0.49543369430686224,42,21,2,19,0.88586545729402877,0.66864869918441339,0.65262542623285191
logreg_balanced_ratio_preserved_noise_mcc_selected_true_pr_auc_v1,logistic_regression_class_weight_balanced,logistic_regression,C,60/40,2,heuristic_fp_20,test,80/20,test,10,True,2549,48,6.664747187984176,105,21,84,0.79047619047619044,0.83333333333333326,0.48717948717948717,0.90476190476190477,0.6333333333333333,0.55189156958981045,64,20,2,19,0.93083900226757366,0.78410319671246542,0.77880882593971057
logreg_balanced_ratio_preserved_noise_mcc_selected_true_pr_auc_v1,logistic_regression_class_weight_balanced,logistic_regression,C,60/40,2,heuristic_fp_20,test,90/10,test,10,True,2549,48,6.8791020049829967,210,21,189,0.74761904761904763,0.81746031746031744,0.27142857142857141,0.90476190476190477,0.4175824175824176,0.40406101782088433,138,51,2,19,0.92265054169816074,0.53946640298108872,0.52199477954916607
logreg_balanced_ratio_preserved_noise_mcc_selected_true_pr_auc_v1,logistic_regression_class_weight_balanced,logistic_regression,C,60/40,3,clean,validation_selected_reproduction,60/40,valid,0.10000000000000001,True,1698,48,4.5773946790141053,48,19,29,0.79166666666666663,0.79128856624319421,0.7142857142857143,0.78947368421052633,0.75,0.57429852853132601,23,6,4,15,0.84029038112522692,0.74828216788132051,0.73319467451014442
logreg_balanced_ratio_preserved_noise_mcc_selected_true_pr_auc_v1,logistic_regression_class_weight_balanced,logistic_regression,C,60/40,3,clean,test,50/50,test,0.10000000000000001,True,1698,48,4.6613883989921305,42,21,21,0.7857142857142857,0.7857142857142857,0.77272727272727271,0.80952380952380953,0.79069767441860461,0.57207755354735534,16,5,4,17,0.8458049886621315,0.83440019254916553,0.82750670937748683
logreg_balanced_ratio_preserved_noise_mcc_selected_true_pr_auc_v1,logistic_regression_class_weight_balanced,logistic_regression,C,60/40,3,clean,test,60/40,test,0.10000000000000001,True,1698,48,4.7610329790040851,53,21,32,0.77358490566037741,0.77976190476190477,0.68000000000000005,0.80952380952380953,0.73913043478260865,0.54821913290861601,24,8,4,17,0.8348214285714286,0.7677459945261802,0.75940819294917605
logreg_balanced_ratio_preserved_noise_mcc_selected_true_pr_auc_v1,logistic_regression_class_weight_balanced,logistic_regression,C,60/40,3,clean,test,70/30,test,0.10000000000000001,True,1698,48,4.8620378029881977,70,21,49,0.82857142857142863,0.8231292517006803,0.68000000000000005,0.80952380952380953,0.73913043478260865,0.61807004620073758,41,8,4,17,0.87949465500485902,0.81808445464132151,0.81386627760907437
logreg_balanced_ratio_preserved_noise_mcc_selected_true_pr_auc_v1,logistic_regression_class_weight_balanced,logistic_regression,C,60/40,3,clean,test,75/25,test,0.10000000000000001,True,1698,48,4.9731019600003492,84,21,63,0.76190476190476186,0.77777777777777779,0.51515151515151514,0.80952380952380953,0.62962962962962965,0.49256705274087387,47,16,4,17,0.83295540438397586,0.53324731432564421,0.50868385181977516
logreg_balanced_ratio_preserved_noise_mcc_selected_true_pr_auc_v1,logistic_regression_class_weight_balanced,logistic_regression,C,60/40,3,clean,test,80/20,test,0.10000000000000001,True,1698,48,5.1005395159882028,105,21,84,0.73333333333333328,0.76190476190476186,0.41463414634146339,0.80952380952380953,0.54838709677419351,0.42947784519366666,60,24,4,17,0.83786848072562359,0.55819415815711937,0.53049436613990308
logreg_balanced_ratio_preserved_noise_mcc_selected_true_pr_auc_v1,logistic_regression_class_weight_balanced,logistic_regression,C,60/40,3,clean,test,90/10,test,0.10000000000000001,True,1698,48,5.2930341209867038,210,21,189,0.79047619047619044,0.79894179894179895,0.2982456140350877,0.80952380952380953,0.4358974358974359,0.40334255544980896,149,40,4,17,0.86570924666162763,0.57574575200242351,0.56855878748775335
logreg_balanced_ratio_preserved_noise_mcc_selected_true_pr_auc_v1,logistic_regression_class_weight_balanced,logistic_regression,C,60/40,3,random_flip_10,validation_selected_reproduction,60/40,valid,0.10000000000000001,True,1698,48,4.4529675969970413,48,19,29,0.79166666666666663,0.79128856624319421,0.7142857142857143,0.78947368421052633,0.75,0.57429852853132601,23,6,4,15,0.83666061705989114,0.74540872492909849,0.73034802774274687
logreg_balanced_ratio_preserved_noise_mcc_selected_true_pr_auc_v1,logistic_regression_class_weight_balanced,logistic_regression,C,60/40,3,random_flip_10,test,50/50,test,0.10000000000000001,True,1698,48,4.5255273889924865,42,21,21,0.7857142857142857,0.7857142857142857,0.77272727272727271,0.80952380952380953,0.79069767441860461,0.57207755354735534,16,5,4,17,0.84126984126984128,0.85659747242572593,0.85228695655778397
logreg_balanced_ratio_preserved_noise_mcc_selected_true_pr_auc_v1,logistic_regression_class_weight_balanced,logistic_regression,C,60/40,3,random_flip_10,test,60/40,test,0.10000000000000001,True,1698,48,4.6172192259982694,53,21,32,0.77358490566037741,0.77976190476190477,0.68000000000000005,0.80952380952380953,0.73913043478260865,0.54821913290861601,24,8,4,17,0.82440476190476186,0.78218058803378354,0.77601977815314638
logreg_balanced_ratio_preserved_noise_mcc_selected_true_pr_auc_v1,logistic_regression_class_weight_balanced,logistic_regression,C,60/40,3,random_flip_10,test,70/30,test,0.10000000000000001,True,1698,48,4.7320458350004628,70,21,49,0.77142857142857146,0.78231292517006801,0.58620689655172409,0.80952380952380953,0.68000000000000005,0.52526385619714755,37,12,4,17,0.86103012633624876,0.80641052444494665,0.80205163184809858
logreg_balanced_ratio_preserved_noise_mcc_selected_true_pr_auc_v1,logistic_regression_class_weight_balanced,logistic_regression,C,60/40,3,random_flip_10,test,75/25,test,0.10000000000000001,True,1698,48,4.8618770689936355,84,21,63,0.76190476190476186,0.77777777777777779,0.51515151515151514,0.80952380952380953,0.62962962962962965,0.49256705274087387,47,16,4,17,0.81708238851095993,0.54183254771121492,0.51634960763305426
logreg_balanced_ratio_preserved_noise_mcc_selected_true_pr_auc_v1,logistic_regression_class_weight_balanced,logistic_regression,C,60/40,3,random_flip_10,test,80/20,test,0.10000000000000001,True,1698,48,4.9953421509999316,105,21,84,0.73333333333333328,0.76190476190476186,0.41463414634146339,0.80952380952380953,0.54838709677419351,0.42947784519366666,60,24,4,17,0.81689342403628118,0.54186601703135673,0.5144713131900942
logreg_balanced_ratio_preserved_noise_mcc_selected_true_pr_auc_v1,logistic_regression_class_weight_balanced,logistic_regression,C,60/40,3,random_flip_10,test,90/10,test,0.10000000000000001,True,1698,48,5.1966789909929503,210,21,189,0.76190476190476186,0.78306878306878303,0.26984126984126983,0.80952380952380953,0.40476190476190477,0.37062403579763781,143,46,4,17,0.8495842781557067,0.55467416527273883,0.54820970129690927
logreg_balanced_ratio_preserved_noise_mcc_selected_true_pr_auc_v1,logistic_regression_class_weight_balanced,logistic_regression,C,60/40,3,random_flip_20,validation_selected_reproduction,60/40,valid,0.10000000000000001,True,1698,48,4.8878493190277368,48,19,29,0.72916666666666663,0.73049001814882031,0.63636363636363635,0.73684210526315785,0.68292682926829273,0.45243886350433266,21,8,5,14,0.80217785843920142,0.73000898875715559,0.71848270461380748
logreg_balanced_ratio_preserved_noise_mcc_selected_true_pr_auc_v1,logistic_regression_class_weight_balanced,logistic_regression,C,60/40,3,random_flip_20,test,50/50,test,0.10000000000000001,True,1698,48,4.9619491490011569,42,21,21,0.7857142857142857,0.7857142857142857,0.77272727272727271,0.80952380952380953,0.79069767441860461,0.57207755354735534,16,5,4,17,0.82086167800453513,0.83750584963074615,0.83296869378152905
logreg_balanced_ratio_preserved_noise_mcc_selected_true_pr_auc_v1,logistic_regression_class_weight_balanced,logistic_regression,C,60/40,3,random_flip_20,test,60/40,test,0.10000000000000001,True,1698,48,5.0572218630113639,53,21,32,0.79245283018867929,0.79538690476190477,0.70833333333333337,0.80952380952380953,0.75555555555555554,0.58049869858001624,25,7,4,17,0.7857142857142857,0.74509570880140874,0.73821352088118597
logreg_balanced_ratio_preserved_noise_mcc_selected_true_pr_auc_v1,logistic_regression_class_weight_balanced,logistic_regression,C,60/40,3,random_flip_20,test,70/30,test,0.10000000000000001,True,1698,48,5.1677743080072105,70,21,49,0.81428571428571428,0.81292517006802723,0.65384615384615385,0.80952380952380953,0.72340425531914898,0.59356074020638561,40,9,4,17,0.84159378036929056,0.76204484555377072,0.7564160340615671
logreg_balanced_ratio_preserved_noise_mcc_selected_true_pr_auc_v1,logistic_regression_class_weight_balanced,logistic_regression,C,60/40,3,random_flip_20,test,75/25,test,0.10000000000000001,True,1698,48,5.2876552600064315,84,21,63,0.76190476190476186,0.77777777777777779,0.51515151515151514,0.80952380952380953,0.62962962962962965,0.49256705274087387,47,16,4,17,0.81708238851095993,0.59887345037538453,0.58622023588517425
logreg_balanced_ratio_preserved_noise_mcc_selected_true_pr_auc_v1,logistic_regression_class_weight_balanced,logistic_regression,C,60/40,3,random_flip_20,test,80/20,test,0.10000000000000001,True,1698,48,5.4120440910046455,105,21,84,0.73333333333333328,0.76190476190476186,0.41463414634146339,0.80952380952380953,0.54838709677419351,0.42947784519366666,60,24,4,17,0.80839002267573701,0.60166041636484979,0.59402059215537206
logreg_balanced_ratio_preserved_noise_mcc_selected_true_pr_auc_v1,logistic_regression_class_weight_balanced,logistic_regression,C,60/40,3,random_flip_20,test,90/10,test,0.10000000000000001,True,1698,48,5.6178982109995559,210,21,189,0.76190476190476186,0.78306878306878303,0.26984126984126983,0.80952380952380953,0.40476190476190477,0.37062403579763781,143,46,4,17,0.83623078861174105,0.50896098429685921,0.50257872272328252
logreg_balanced_ratio_preserved_noise_mcc_selected_true_pr_auc_v1,logistic_regression_class_weight_balanced,logistic_regression,C,60/40,3,random_fp_10,validation_selected_reproduction,60/40,valid,0.10000000000000001,True,2124,48,5.5178192009916529,48,19,29,0.8125,0.80852994555353908,0.75,0.78947368421052633,0.76923076923076927,0.61208128979328524,24,5,4,15,0.85480943738656989,0.8026568769928718,0.79669454380969607
logreg_balanced_ratio_preserved_noise_mcc_selected_true_pr_auc_v1,logistic_regression_class_weight_balanced,logistic_regression,C,60/40,3,random_fp_10,test,50/50,test,0.10000000000000001,True,2124,48,5.6122426549845841,42,21,21,0.76190476190476186,0.76190476190476186,0.73913043478260865,0.80952380952380953,0.77272727272727271,0.52620136055843392,15,6,4,17,0.86167800453514731,0.86515384574642762,0.86118987668847358
logreg_balanced_ratio_preserved_noise_mcc_selected_true_pr_auc_v1,logistic_regression_class_weight_balanced,logistic_regression,C,60/40,3,random_fp_10,test,60/40,test,0.10000000000000001,True,2124,48,5.7324403239763342,53,21,32,0.79245283018867929,0.79538690476190477,0.70833333333333337,0.80952380952380953,0.75555555555555554,0.58049869858001624,25,7,4,17,0.84523809523809523,0.79374598124045281,0.78804937471632019
logreg_balanced_ratio_preserved_noise_mcc_selected_true_pr_auc_v1,logistic_regression_class_weight_balanced,logistic_regression,C,60/40,3,random_fp_10,test,70/30,test,0.10000000000000001,True,2124,48,5.8429149669827893,70,21,49,0.7857142857142857,0.79251700680272108,0.6071428571428571,0.80952380952380953,0.69387755102040816,0.54724920963020229,38,11,4,17,0.8717201166180758,0.77869173669312097,0.77270775564964489
logreg_balanced_ratio_preserved_noise_mcc_selected_true_pr_auc_v1,logistic_regression_class_weight_balanced,logistic_regression,C,60/40,3,random_fp_10,test,75/25,test,0.10000000000000001,True,2124,48,5.9593695359944832,84,21,63,0.77380952380952384,0.7857142857142857,0.53125,0.80952380952380953,0.64150943396226412,0.50952466536506802,48,15,4,17,0.83749055177626608,0.54425864970797355,0.52126011721382715
logreg_balanced_ratio_preserved_noise_mcc_selected_true_pr_auc_v1,logistic_regression_class_weight_balanced,logistic_regression,C,60/40,3,random_fp_10,test,80/20,test,0.10000000000000001,True,2124,48,6.0949968899949454,105,21,84,0.73333333333333328,0.76190476190476186,0.41463414634146339,0.80952380952380953,0.54838709677419351,0.42947784519366666,60,24,4,17,0.83446712018140579,0.51817238495045803,0.48881027339551925
logreg_balanced_ratio_preserved_noise_mcc_selected_true_pr_auc_v1,logistic_regression_class_weight_balanced,logistic_regression,C,60/40,3,random_fp_10,test,90/10,test,0.10000000000000001,True,2124,48,6.2960177829954773,210,21,189,0.75238095238095237,0.77777777777777779,0.26153846153846155,0.80952380952380953,0.39534883720930231,0.36051834183722331,141,48,4,17,0.86797682035777268,0.56505426294006478,0.55849339882595561
logreg_balanced_ratio_preserved_noise_mcc_selected_true_pr_auc_v1,logistic_regression_class_weight_balanced,logistic_regression,C,60/40,3,random_fp_20,validation_selected_reproduction,60/40,valid,1,True,2549,48,6.1233391489950009,48,19,29,0.77083333333333337,0.78312159709618867,0.66666666666666663,0.84210526315789469,0.7441860465116279,0.55381861969499646,21,8,3,16,0.87114337568058087,0.7947776678240891,0.78119409833616749
logreg_balanced_ratio_preserved_noise_mcc_selected_true_pr_auc_v1,logistic_regression_class_weight_balanced,logistic_regression,C,60/40,3,random_fp_20,test,50/50,test,1,True,2549,48,6.1964300739928149,42,21,21,0.7857142857142857,0.7857142857142857,0.77272727272727271,0.80952380952380953,0.79069767441860461,0.57207755354735534,16,5,4,17,0.79591836734693877,0.78681477079033479,0.77722513379474822
logreg_balanced_ratio_preserved_noise_mcc_selected_true_pr_auc_v1,logistic_regression_class_weight_balanced,logistic_regression,C,60/40,3,random_fp_20,test,60/40,test,1,True,2549,48,6.2991703589796089,53,21,32,0.77358490566037741,0.77976190476190477,0.68000000000000005,0.80952380952380953,0.73913043478260865,0.54821913290861601,24,8,4,17,0.7857142857142857,0.7521192067627247,0.7442112691129521
logreg_balanced_ratio_preserved_noise_mcc_selected_true_pr_auc_v1,logistic_regression_class_weight_balanced,logistic_regression,C,60/40,3,random_fp_20,test,70/30,test,1,True,2549,48,6.4066539699852001,70,21,49,0.77142857142857146,0.78231292517006801,0.58620689655172409,0.80952380952380953,0.68000000000000005,0.52526385619714755,37,12,4,17,0.83770651117589889,0.80945958901430015,0.8063357840469032
logreg_balanced_ratio_preserved_noise_mcc_selected_true_pr_auc_v1,logistic_regression_class_weight_balanced,logistic_regression,C,60/40,3,random_fp_20,test,75/25,test,1,True,2549,48,6.5260538599977735,84,21,63,0.75,0.76984126984126977,0.5,0.80952380952380953,0.61818181818181817,0.4760952285695233,46,17,4,17,0.78835978835978837,0.51008306828836414,0.48525712911702856
logreg_balanced_ratio_preserved_noise_mcc_selected_true_pr_auc_v1,logistic_regression_class_weight_balanced,logistic_regression,C,60/40,3,random_fp_20,test,80/20,test,1,True,2549,48,6.6395001749915536,105,21,84,0.66666666666666663,0.72023809523809523,0.35416666666666669,0.80952380952380953,0.49275362318840582,0.35368258971711602,53,31,4,17,0.80725623582766448,0.52990104568045715,0.50103927204246701
logreg_balanced_ratio_preserved_noise_mcc_selected_true_pr_auc_v1,logistic_regression_class_weight_balanced,logistic_regression,C,60/40,3,random_fp_20,test,90/10,test,1,True,2549,48,6.8435434109997004,210,21,189,0.76190476190476186,0.78306878306878303,0.26984126984126983,0.80952380952380953,0.40476190476190477,0.37062403579763781,143,46,4,17,0.82942806752330556,0.50107203755622265,0.48912722666283565
logreg_balanced_ratio_preserved_noise_mcc_selected_true_pr_auc_v1,logistic_regression_class_weight_balanced,logistic_regression,C,60/40,3,heuristic_fp_10,validation_selected_reproduction,60/40,valid,1,True,2124,48,5.3407990820123814,48,19,29,0.79166666666666663,0.79128856624319421,0.7142857142857143,0.78947368421052633,0.75,0.57429852853132601,23,6,4,15,0.90381125226860259,0.87186700571549414,0.86835616490502199
logreg_balanced_ratio_preserved_noise_mcc_selected_true_pr_auc_v1,logistic_regression_class_weight_balanced,logistic_regression,C,60/40,3,heuristic_fp_10,test,50/50,test,1,True,2124,48,5.4093491270032246,42,21,21,0.7857142857142857,0.7857142857142857,0.75,0.8571428571428571,0.80000000000000004,0.57735026918962573,15,6,3,18,0.88888888888888884,0.89792236785934265,0.89504377279146885
logreg_balanced_ratio_preserved_noise_mcc_selected_true_pr_auc_v1,logistic_regression_class_weight_balanced,logistic_regression,C,60/40,3,heuristic_fp_10,test,60/40,test,1,True,2124,48,5.4960399320116267,53,21,32,0.77358490566037741,0.7879464285714286,0.66666666666666663,0.8571428571428571,0.75,0.56345309973803104,23,9,3,18,0.84970238095238093,0.78179033444100243,0.77458765276172636
logreg_balanced_ratio_preserved_noise_mcc_selected_true_pr_auc_v1,logistic_regression_class_weight_balanced,logistic_regression,C,60/40,3,heuristic_fp_10,test,70/30,test,1,True,2124,48,5.5993421120219864,70,21,49,0.81428571428571428,0.82653061224489788,0.6428571428571429,0.8571428571428571,0.73469387755102045,0.61088283865697002,39,10,3,18,0.86880466472303197,0.76630252662267639,0.76037877208113791
logreg_balanced_ratio_preserved_noise_mcc_selected_true_pr_auc_v1,logistic_regression_class_weight_balanced,logistic_regression,C,60/40,3,heuristic_fp_10,test,75/25,test,1,True,2124,48,5.7173886690288782,84,21,63,0.73809523809523814,0.77777777777777768,0.48648648648648651,0.8571428571428571,0.62068965517241381,0.48457123043208916,44,19,3,18,0.86243386243386233,0.62024166841614869,0.59198836950158529
logreg_balanced_ratio_preserved_noise_mcc_selected_true_pr_auc_v1,logistic_regression_class_weight_balanced,logistic_regression,C,60/40,3,heuristic_fp_10,test,80/20,test,1,True,2124,48,5.8371552280150354,105,21,84,0.7142857142857143,0.76785714285714279,0.40000000000000002,0.8571428571428571,0.54545454545454541,0.4330127018922193,57,27,3,18,0.8537414965986394,0.61291473323055867,0.6023538630818952
logreg_balanced_ratio_preserved_noise_mcc_selected_true_pr_auc_v1,logistic_regression_class_weight_balanced,logistic_regression,C,60/40,3,heuristic_fp_10,test,90/10,test,1,True,2124,48,6.0216147680184804,210,21,189,0.77619047619047621,0.8121693121693121,0.29032258064516131,0.8571428571428571,0.43373493975903615,0.41061428124083393,145,44,3,18,0.88586545729402877,0.53150073391737307,0.52056009100883027
logreg_balanced_ratio_preserved_noise_mcc_selected_true_pr_auc_v1,logistic_regression_class_weight_balanced,logistic_regression,C,60/40,3,heuristic_fp_20,validation_selected_reproduction,60/40,valid,10,True,2549,48,5.785565983998822,48,19,29,0.79166666666666663,0.80036297640653353,0.69565217391304346,0.84210526315789469,0.76190476190476186,0.58805544012688671,22,7,3,16,0.84754990925589835,0.79400790002521471,0.78734465802606113
logreg_balanced_ratio_preserved_noise_mcc_selected_true_pr_auc_v1,logistic_regression_class_weight_balanced,logistic_regression,C,60/40,3,heuristic_fp_20,test,50/50,test,10,True,2549,48,5.8616626829898451,42,21,21,0.88095238095238093,0.88095238095238093,0.83333333333333337,0.95238095238095233,0.88888888888888884,0.76980035891950105,17,4,1,20,0.90702947845804993,0.85761065314360319,0.84916488774703702
logreg_balanced_ratio_preserved_noise_mcc_selected_true_pr_auc_v1,logistic_regression_class_weight_balanced,logistic_regression,C,60/40,3,heuristic_fp_20,test,60/40,test,10,True,2549,48,5.9669239489885513,53,21,32,0.81132075471698117,0.83556547619047616,0.68965517241379315,0.95238095238095233,0.80000000000000004,0.65945821929367088,23,9,1,20,0.89136904761904756,0.82295853732930291,0.81711947508600935
logreg_balanced_ratio_preserved_noise_mcc_selected_true_pr_auc_v1,logistic_regression_class_weight_balanced,logistic_regression,C,60/40,3,heuristic_fp_20,test,70/30,test,10,True,2549,48,6.0767281260050368,70,21,49,0.72857142857142854,0.79251700680272108,0.52631578947368418,0.95238095238095233,0.67796610169491522,0.53817313739589079,31,18,1,20,0.90864917395529643,0.84664093477441171,0.84341658346270054
logreg_balanced_ratio_preserved_noise_mcc_selected_true_pr_auc_v1,logistic_regression_class_weight_balanced,logistic_regression,C,60/40,3,heuristic_fp_20,test,75/25,test,10,True,2549,48,6.1938161200087052,84,21,63,0.75,0.81746031746031744,0.5,0.95238095238095233,0.65573770491803274,0.55048188256318031,43,20,1,20,0.88133030990173844,0.63536443726430014,0.60752520460600823
logreg_balanced_ratio_preserved_noise_mcc_selected_true_pr_auc_v1,logistic_regression_class_weight_balanced,logistic_regression,C,60/40,3,heuristic_fp_20,test,80/20,test,10,True,2549,48,6.3209602480055764,105,21,84,0.74285714285714288,0.8214285714285714,0.43478260869565216,0.95238095238095233,0.59701492537313428,0.51827330802658778,58,26,1,20,0.86394557823129259,0.57758949016243522,0.56447506215732779
logreg_balanced_ratio_preserved_noise_mcc_selected_true_pr_auc_v1,logistic_regression_class_weight_balanced,logistic_regression,C,60/40,3,heuristic_fp_20,test,90/10,test,10,True,2549,48,6.5152658879815135,210,21,189,0.79047619047619044,0.86243386243386233,0.31746031746031744,0.95238095238095233,0.47619047619047616,0.47453731686239609,146,43,1,20,0.90879314688838497,0.4721875794608616,0.45498210540537981
logreg_balanced_ratio_preserved_noise_mcc_selected_true_pr_auc_v1,logistic_regression_class_weight_balanced,logistic_regression,C,60/40,4,clean,validation_selected_reproduction,60/40,valid,10,True,1698,48,5.2915137039963156,48,19,29,0.75,0.7568058076225046,0.65217391304347827,0.78947368421052633,0.7142857142857143,0.50277851829579745,21,8,4,15,0.75317604355716883,0.58322556227900224,0.55590513071337688
logreg_balanced_ratio_preserved_noise_mcc_selected_true_pr_auc_v1,logistic_regression_class_weight_balanced,logistic_regression,C,60/40,4,clean,test,50/50,test,10,True,1698,48,5.4256654030177742,42,21,21,0.7857142857142857,0.7857142857142857,0.77272727272727271,0.80952380952380953,0.79069767441860461,0.57207755354735534,16,5,4,17,0.90249433106575971,0.9002438159522046,0.89727115930754819
logreg_balanced_ratio_preserved_noise_mcc_selected_true_pr_auc_v1,logistic_regression_class_weight_balanced,logistic_regression,C,60/40,4,clean,test,60/40,test,10,True,1698,48,5.5947025790228508,53,21,32,0.81132075471698117,0.81101190476190477,0.73913043478260865,0.80952380952380953,0.77272727272727271,0.6138568406737519,26,6,4,17,0.91220238095238093,0.87429256460904536,0.87101313224895893
logreg_balanced_ratio_preserved_noise_mcc_selected_true_pr_auc_v1,logistic_regression_class_weight_balanced,logistic_regression,C,60/40,4,clean,test,70/30,test,10,True,1698,48,5.7119533160002902,70,21,49,0.81428571428571428,0.81292517006802723,0.65384615384615385,0.80952380952380953,0.72340425531914898,0.59356074020638561,40,9,4,17,0.89990281827016516,0.81565445043975515,0.81102752416337642
logreg_balanced_ratio_preserved_noise_mcc_selected_true_pr_auc_v1,logistic_regression_class_weight_balanced,logistic_regression,C,60/40,4,clean,test,75/25,test,10,True,1698,48,5.8472225320001598,84,21,63,0.8214285714285714,0.81746031746031744,0.6071428571428571,0.80952380952380953,0.69387755102040816,0.58321184351980437,52,11,4,17,0.91609977324263037,0.81193550485316335,0.80713786816436661
logreg_balanced_ratio_preserved_noise_mcc_selected_true_pr_auc_v1,logistic_regression_class_weight_balanced,logistic_regression,C,60/40,4,clean,test,80/20,test,10,True,1698,48,5.9773415320087224,105,21,84,0.82857142857142863,0.8214285714285714,0.54838709677419351,0.80952380952380953,0.65384615384615385,0.5637246911950432,70,14,4,17,0.93480725623582761,0.83362846810965197,0.83060152999391668
logreg_balanced_ratio_preserved_noise_mcc_selected_true_pr_auc_v1,logistic_regression_class_weight_balanced,logistic_regression,C,60/40,4,clean,test,90/10,test,10,True,1698,48,6.2051931770110969,210,21,189,0.81428571428571428,0.8121693121693121,0.32692307692307693,0.80952380952380953,0.46575342465753422,0.43394085194667636,154,35,4,17,0.89367598891408406,0.50336846275082037,0.4758067896406149
logreg_balanced_ratio_preserved_noise_mcc_selected_true_pr_auc_v1,logistic_regression_class_weight_balanced,logistic_regression,C,60/40,4,random_flip_10,validation_selected_reproduction,60/40,valid,0.10000000000000001,True,1698,48,5.1188588910154067,48,19,29,0.70833333333333337,0.71324863883847556,0.60869565217391308,0.73684210526315785,0.66666666666666663,0.41750159646470808,20,9,5,14,0.7931034482758621,0.64830747560094149,0.63068915784309132
logreg_balanced_ratio_preserved_noise_mcc_selected_true_pr_auc_v1,logistic_regression_class_weight_balanced,logistic_regression,C,60/40,4,random_flip_10,test,50/50,test,0.10000000000000001,True,1698,48,5.1946893020067364,42,21,21,0.76190476190476186,0.76190476190476186,0.73913043478260865,0.80952380952380953,0.77272727272727271,0.52620136055843392,15,6,4,17,0.87528344671201808,0.88145350341502482,0.8780743668514186
logreg_balanced_ratio_preserved_noise_mcc_selected_true_pr_auc_v1,logistic_regression_class_weight_balanced,logistic_regression,C,60/40,4,random_flip_10,test,60/40,test,0.10000000000000001,True,1698,48,5.328705916996114,53,21,32,0.77358490566037741,0.77976190476190477,0.68000000000000005,0.80952380952380953,0.73913043478260865,0.54821913290861601,24,8,4,17,0.82291666666666663,0.76528558896124599,0.75938794246137054
logreg_balanced_ratio_preserved_noise_mcc_selected_true_pr_auc_v1,logistic_regression_class_weight_balanced,logistic_regression,C,60/40,4,random_flip_10,test,70/30,test,0.10000000000000001,True,1698,48,5.4250486670061946,70,21,49,0.7857142857142857,0.79251700680272108,0.6071428571428571,0.80952380952380953,0.69387755102040816,0.54724920963020229,38,11,4,17,0.86783284742468414,0.77946514392777133,0.77420191839327934
logreg_balanced_ratio_preserved_noise_mcc_selected_true_pr_auc_v1,logistic_regression_class_weight_balanced,logistic_regression,C,60/40,4,random_flip_10,test,75/25,test,0.10000000000000001,True,1698,48,5.5466584009991493,84,21,63,0.80952380952380953,0.80952380952380953,0.58620689655172409,0.80952380952380953,0.68000000000000005,0.56379813635555209,51,12,4,17,0.84882842025699168,0.58631783984808084,0.5615139248066966
logreg_balanced_ratio_preserved_noise_mcc_selected_true_pr_auc_v1,logistic_regression_class_weight_balanced,logistic_regression,C,60/40,4,random_flip_10,test,80/20,test,0.10000000000000001,True,1698,48,5.6616146129963454,105,21,84,0.82857142857142863,0.8214285714285714,0.54838709677419351,0.80952380952380953,0.65384615384615385,0.5637246911950432,70,14,4,17,0.88945578231292521,0.73557165074381481,0.72992150001090339
logreg_balanced_ratio_preserved_noise_mcc_selected_true_pr_auc_v1,logistic_regression_class_weight_balanced,logistic_regression,C,60/40,4,random_flip_10,test,90/10,test,0.10000000000000001,True,1698,48,5.8750541869958397,210,21,189,0.77619047619047621,0.79100529100529093,0.28333333333333333,0.80952380952380953,0.41975308641975306,0.38650060290946858,146,43,4,17,0.87251196775006301,0.53137327645963239,0.51646470126198141
logreg_balanced_ratio_preserved_noise_mcc_selected_true_pr_auc_v1,logistic_regression_class_weight_balanced,logistic_regression,C,60/40,4,random_flip_20,validation_selected_reproduction,60/40,valid,0.10000000000000001,True,1698,48,4.8707846449979115,48,19,29,0.70833333333333337,0.71324863883847556,0.60869565217391308,0.73684210526315785,0.66666666666666663,0.41750159646470808,20,9,5,14,0.74047186932849363,0.60500580049130748,0.58689611877075076
logreg_balanced_ratio_preserved_noise_mcc_selected_true_pr_auc_v1,logistic_regression_class_weight_balanced,logistic_regression,C,60/40,4,random_flip_20,test,50/50,test,0.10000000000000001,True,1698,48,4.9577331769978628,42,21,21,0.80952380952380953,0.80952380952380953,0.80952380952380953,0.80952380952380953,0.80952380952380953,0.61904761904761907,17,4,4,17,0.85487528344671193,0.8434997454973272,0.83812396525228228
logreg_balanced_ratio_preserved_noise_mcc_selected_true_pr_auc_v1,logistic_regression_class_weight_balanced,logistic_regression,C,60/40,4,random_flip_20,test,60/40,test,0.10000000000000001,True,1698,48,5.1004560140136164,53,21,32,0.75471698113207553,0.76413690476190477,0.65384615384615385,0.80952380952380953,0.72340425531914898,0.51686266255039026,23,9,4,17,0.79613095238095244,0.72192712012690619,0.71370509807999927
logreg_balanced_ratio_preserved_noise_mcc_selected_true_pr_auc_v1,logistic_regression_class_weight_balanced,logistic_regression,C,60/40,4,random_flip_20,test,70/30,test,0.10000000000000001,True,1698,48,5.2092536260024644,70,21,49,0.7857142857142857,0.79251700680272108,0.6071428571428571,0.80952380952380953,0.69387755102040816,0.54724920963020229,38,11,4,17,0.85131195335276966,0.76581084178332337,0.760145530763354
logreg_balanced_ratio_preserved_noise_mcc_selected_true_pr_auc_v1,logistic_regression_class_weight_balanced,logistic_regression,C,60/40,4,random_flip_20,test,75/25,test,0.10000000000000001,True,1698,48,5.3342462920118123,84,21,63,0.77380952380952384,0.7857142857142857,0.53125,0.80952380952380953,0.64150943396226412,0.50952466536506802,48,15,4,17,0.83597883597883604,0.56948179847421043,0.5443505916243937
logreg_balanced_ratio_preserved_noise_mcc_selected_true_pr_auc_v1,logistic_regression_class_weight_balanced,logistic_regression,C,60/40,4,random_flip_20,test,80/20,test,0.10000000000000001,True,1698,48,5.4405292439914774,105,21,84,0.78095238095238095,0.79166666666666674,0.47222222222222221,0.80952380952380953,0.59649122807017541,0.4915755667668909,65,19,4,17,0.87131519274376423,0.69853872223504254,0.69181389703230667
logreg_balanced_ratio_preserved_noise_mcc_selected_true_pr_auc_v1,logistic_regression_class_weight_balanced,logistic_regression,C,60/40,4,random_flip_20,test,90/10,test,0.10000000000000001,True,1698,48,5.6517668640008196,210,21,189,0.77619047619047621,0.79100529100529093,0.28333333333333333,0.80952380952380953,0.41975308641975306,0.38650060290946858,146,43,4,17,0.8493323255228018,0.47760841968154527,0.4614539380230282
logreg_balanced_ratio_preserved_noise_mcc_selected_true_pr_auc_v1,logistic_regression_class_weight_balanced,logistic_regression,C,60/40,4,random_fp_10,validation_selected_reproduction,60/40,valid,0.10000000000000001,True,2124,48,5.1616501800017431,48,19,29,0.70833333333333337,0.72232304900181488,0.59999999999999998,0.78947368421052633,0.68181818181818177,0.43526762184618506,19,10,4,15,0.76588021778584392,0.62446539031189507,0.60656289203013991
logreg_balanced_ratio_preserved_noise_mcc_selected_true_pr_auc_v1,logistic_regression_class_weight_balanced,logistic_regression,C,60/40,4,random_fp_10,test,50/50,test,0.10000000000000001,True,2124,48,5.2454534749849699,42,21,21,0.83333333333333337,0.83333333333333326,0.81818181818181823,0.8571428571428571,0.83720930232558144,0.66742381247191462,17,4,3,18,0.87301587301587302,0.89482668552541522,0.89241179601963672
logreg_balanced_ratio_preserved_noise_mcc_selected_true_pr_auc_v1,logistic_regression_class_weight_balanced,logistic_regression,C,60/40,4,random_fp_10,test,60/40,test,0.10000000000000001,True,2124,48,5.3883991269976832,53,21,32,0.77358490566037741,0.7879464285714286,0.66666666666666663,0.8571428571428571,0.75,0.56345309973803104,23,9,3,18,0.8571428571428571,0.77863755434448478,0.76877536174866123
logreg_balanced_ratio_preserved_noise_mcc_selected_true_pr_auc_v1,logistic_regression_class_weight_balanced,logistic_regression,C,60/40,4,random_fp_10,test,70/30,test,0.10000000000000001,True,2124,48,5.4868592289858498,70,21,49,0.75714285714285712,0.7857142857142857,0.5625,0.8571428571428571,0.67924528301886788,0.52565748303784687,35,14,3,18,0.85519922254616132,0.77080303646801007,0.7648829396008705
logreg_balanced_ratio_preserved_noise_mcc_selected_true_pr_auc_v1,logistic_regression_class_weight_balanced,logistic_regression,C,60/40,4,random_fp_10,test,75/25,test,0.10000000000000001,True,2124,48,5.6036318650003523,84,21,63,0.77380952380952384,0.80158730158730163,0.52941176470588236,0.8571428571428571,0.65454545454545454,0.53210643193064366,47,16,3,18,0.85865457294028724,0.66643586583541969,0.65385613952901633
logreg_balanced_ratio_preserved_noise_mcc_selected_true_pr_auc_v1,logistic_regression_class_weight_balanced,logistic_regression,C,60/40,4,random_fp_10,test,80/20,test,0.10000000000000001,True,2124,48,5.7130851630063262,105,21,84,0.78095238095238095,0.80952380952380953,0.47368421052631576,0.8571428571428571,0.61016949152542377,0.51528102293812172,64,20,3,18,0.89569160997732422,0.76243423870422045,0.75606265389061833
logreg_balanced_ratio_preserved_noise_mcc_selected_true_pr_auc_v1,logistic_regression_class_weight_balanced,logistic_regression,C,60/40,4,random_fp_10,test,90/10,test,0.10000000000000001,True,2124,48,5.9260998269892298,210,21,189,0.73809523809523814,0.79100529100529093,0.25714285714285712,0.8571428571428571,0.39560439560439559,0.3703892663358106,137,52,3,18,0.87729906777525823,0.56177776956354508,0.55141563512728053
logreg_balanced_ratio_preserved_noise_mcc_selected_true_pr_auc_v1,logistic_regression_class_weight_balanced,logistic_regression,C,60/40,4,random_fp_20,validation_selected_reproduction,60/40,valid,1,True,2549,48,5.9962610319780651,48,19,29,0.72916666666666663,0.74863883847549906,0.61538461538461542,0.84210526315789469,0.71111111111111114,0.48806397086687853,19,10,3,16,0.76588021778584392,0.63315796399412694,0.61480237402044624
logreg_balanced_ratio_preserved_noise_mcc_selected_true_pr_auc_v1,logistic_regression_class_weight_balanced,logistic_regression,C,60/40,4,random_fp_20,test,50/50,test,1,True,2549,48,6.080166609986918,42,21,21,0.7857142857142857,0.7857142857142857,0.77272727272727271,0.80952380952380953,0.79069767441860461,0.57207755354735534,16,5,4,17,0.87755102040816324,0.89931996397513636,0.89708795343040415
logreg_balanced_ratio_preserved_noise_mcc_selected_true_pr_auc_v1,logistic_regression_class_weight_balanced,logistic_regression,C,60/40,4,random_fp_20,test,60/40,test,1,True,2549,48,6.229596588993445,53,21,32,0.73584905660377353,0.74851190476190477,0.62962962962962965,0.80952380952380953,0.70833333333333337,0.48628768814600093,22,10,4,17,0.8258928571428571,0.69451590777860417,0.66729854187530879
logreg_balanced_ratio_preserved_noise_mcc_selected_true_pr_auc_v1,logistic_regression_class_weight_balanced,logistic_regression,C,60/40,4,random_fp_20,test,70/30,test,1,True,2549,48,6.3258879679779056,70,21,49,0.72857142857142854,0.7517006802721089,0.53125,0.80952380952380953,0.64150943396226412,0.46307921124762702,34,15,4,17,0.84839650145772594,0.74866764505844374,0.74256979069144147
logreg_balanced_ratio_preserved_noise_mcc_selected_true_pr_auc_v1,logistic_regression_class_weight_balanced,logistic_regression,C,60/40,4,random_fp_20,test,75/25,test,1,True,2549,48,6.4411345069820527,84,21,63,0.7142857142857143,0.74603174603174605,0.45945945945945948,0.80952380952380953,0.58620689655172409,0.42919166123985042,43,20,4,17,0.83673469387755106,0.68916783919602587,0.68240480892094602
logreg_balanced_ratio_preserved_noise_mcc_selected_true_pr_auc_v1,logistic_regression_class_weight_balanced,logistic_regression,C,60/40,4,random_fp_20,test,80/20,test,1,True,2549,48,6.5520267809915822,105,21,84,0.79047619047619044,0.79761904761904767,0.48571428571428571,0.80952380952380953,0.6071428571428571,0.50507627227610541,66,18,4,17,0.88378684807256225,0.7228254041089055,0.71493765458235714
logreg_balanced_ratio_preserved_noise_mcc_selected_true_pr_auc_v1,logistic_regression_class_weight_balanced,logistic_regression,C,60/40,4,random_fp_20,test,90/10,test,1,True,2549,48,6.768329504004214,210,21,189,0.73333333333333328,0.76719576719576721,0.24637681159420291,0.80952380952380953,0.37777777777777777,0.34132336406622121,137,52,4,17,0.86243386243386244,0.53556733267166001,0.52512169733820402
logreg_balanced_ratio_preserved_noise_mcc_selected_true_pr_auc_v1,logistic_regression_class_weight_balanced,logistic_regression,C,60/40,4,heuristic_fp_10,validation_selected_reproduction,60/40,valid,10,True,2124,48,5.2211533350055106,48,19,29,0.75,0.76588021778584392,0.64000000000000001,0.84210526315789469,0.72727272727272729,0.52054454367727432,20,9,3,16,0.77495462794918324,0.60026145355377869,0.57299714180110362
logreg_balanced_ratio_preserved_noise_mcc_selected_true_pr_auc_v1,logistic_regression_class_weight_balanced,logistic_regression,C,60/40,4,heuristic_fp_10,test,50/50,test,10,True,2124,48,5.3021980340126902,42,21,21,0.7857142857142857,0.7857142857142857,0.75,0.8571428571428571,0.80000000000000004,0.57735026918962573,15,6,3,18,0.91156462585034015,0.92263738583134081,0.92066359545772025
logreg_balanced_ratio_preserved_noise_mcc_selected_true_pr_auc_v1,logistic_regression_class_weight_balanced,logistic_regression,C,60/40,4,heuristic_fp_10,test,60/40,test,10,True,2124,48,5.462029515998438,53,21,32,0.81132075471698117,0.8191964285714286,0.71999999999999997,0.8571428571428571,0.78260869565217395,0.62549470217499015,25,7,3,18,0.89285714285714279,0.85522137377529117,0.85067235092675331
logreg_balanced_ratio_preserved_noise_mcc_selected_true_pr_auc_v1,logistic_regression_class_weight_balanced,logistic_regression,C,60/40,4,heuristic_fp_10,test,70/30,test,10,True,2124,48,5.5722386529960204,70,21,49,0.77142857142857146,0.79591836734693877,0.58064516129032262,0.8571428571428571,0.69230769230769229,0.54600479265763269,36,13,3,18,0.88241010689990274,0.82887392404042926,0.82535229241869335
logreg_balanced_ratio_preserved_noise_mcc_selected_true_pr_auc_v1,logistic_regression_class_weight_balanced,logistic_regression,C,60/40,4,heuristic_fp_10,test,75/25,test,10,True,2124,48,5.7006245010124985,84,21,63,0.8214285714285714,0.83333333333333326,0.59999999999999998,0.8571428571428571,0.70588235294117652,0.60246407607670927,51,12,3,18,0.89342403628117917,0.70071248195905977,0.6854448169659868
logreg_balanced_ratio_preserved_noise_mcc_selected_true_pr_auc_v1,logistic_regression_class_weight_balanced,logistic_regression,C,60/40,4,heuristic_fp_10,test,80/20,test,10,True,2124,48,5.8130724020011257,105,21,84,0.8571428571428571,0.8571428571428571,0.59999999999999998,0.8571428571428571,0.70588235294117652,0.63245553203367588,72,12,3,18,0.93707482993197277,0.85577237130970785,0.85260373349270258
logreg_balanced_ratio_preserved_noise_mcc_selected_true_pr_auc_v1,logistic_regression_class_weight_balanced,logistic_regression,C,60/40,4,heuristic_fp_10,test,90/10,test,10,True,2124,48,6.0510454320174176,210,21,189,0.73333333333333328,0.78835978835978837,0.25352112676056338,0.8571428571428571,0.39130434782608697,0.36573680674190651,136,53,3,18,0.8838498362307885,0.50660967835271464,0.49025521265966981
logreg_balanced_ratio_preserved_noise_mcc_selected_true_pr_auc_v1,logistic_regression_class_weight_balanced,logistic_regression,C,60/40,4,heuristic_fp_20,validation_selected_reproduction,60/40,valid,10,True,2549,48,5.8685636009904556,48,19,29,0.72916666666666663,0.74863883847549906,0.61538461538461542,0.84210526315789469,0.71111111111111114,0.48806397086687853,19,10,3,16,0.77858439201451901,0.68708900963157926,0.67064865233277549
logreg_balanced_ratio_preserved_noise_mcc_selected_true_pr_auc_v1,logistic_regression_class_weight_balanced,logistic_regression,C,60/40,4,heuristic_fp_20,test,50/50,test,10,True,2549,48,5.9512569189828355,42,21,21,0.7857142857142857,0.7857142857142857,0.77272727272727271,0.80952380952380953,0.79069767441860461,0.57207755354735534,16,5,4,17,0.91156462585034015,0.91661323474276246,0.91452674310283322
logreg_balanced_ratio_preserved_noise_mcc_selected_true_pr_auc_v1,logistic_regression_class_weight_balanced,logistic_regression,C,60/40,4,heuristic_fp_20,test,60/40,test,10,True,2549,48,6.0937460299755912,53,21,32,0.81132075471698117,0.81101190476190477,0.73913043478260865,0.80952380952380953,0.77272727272727271,0.6138568406737519,26,6,4,17,0.90327380952380953,0.83056935109953689,0.82360045906072732
logreg_balanced_ratio_preserved_noise_mcc_selected_true_pr_auc_v1,logistic_regression_class_weight_balanced,logistic_regression,C,60/40,4,heuristic_fp_20,test,70/30,test,10,True,2549,48,6.1954190800024662,70,21,49,0.72857142857142854,0.7517006802721089,0.53125,0.80952380952380953,0.64150943396226412,0.46307921124762702,34,15,4,17,0.87657920310981541,0.75981992784845498,0.75051567288186849
logreg_balanced_ratio_preserved_noise_mcc_selected_true_pr_auc_v1,logistic_regression_class_weight_balanced,logistic_regression,C,60/40,4,heuristic_fp_20,test,75/25,test,10,True,2549,48,6.3082637299958151,84,21,63,0.76190476190476186,0.77777777777777779,0.51515151515151514,0.80952380952380953,0.62962962962962965,0.49256705274087387,47,16,4,17,0.8949357520786092,0.7101035745061397,0.69865694299057846
logreg_balanced_ratio_preserved_noise_mcc_selected_true_pr_auc_v1,logistic_regression_class_weight_balanced,logistic_regression,C,60/40,4,heuristic_fp_20,test,80/20,test,10,True,2549,48,6.4215911630017217,105,21,84,0.77142857142857146,0.7857142857142857,0.45945945945945948,0.80952380952380953,0.58620689655172409,0.47847133369734002,64,20,4,17,0.90532879818594114,0.70813823538080656,0.69784286932260486
logreg_balanced_ratio_preserved_noise_mcc_selected_true_pr_auc_v1,logistic_regression_class_weight_balanced,logistic_regression,C,60/40,4,heuristic_fp_20,test,90/10,test,10,True,2549,48,6.6335507109761238,210,21,189,0.69047619047619047,0.74338624338624337,0.21794871794871795,0.80952380952380953,0.34343434343434343,0.30222633572775331,128,61,4,17,0.8644494834971026,0.4506458953474084,0.43753997102665732
logreg_balanced_ratio_preserved_noise_mcc_selected_true_pr_auc_v1,logistic_regression_class_weight_balanced,logistic_regression,C,60/40,5,clean,validation_selected_reproduction,60/40,valid,1,True,1698,48,4.6697997139999643,48,19,29,0.66666666666666663,0.68784029038112515,0.55555555555555558,0.78947368421052633,0.65217391304347827,0.37034204176319158,17,12,4,15,0.71506352087114333,0.59331171429606799,0.5745401812173957
logreg_balanced_ratio_preserved_noise_mcc_selected_true_pr_auc_v1,logistic_regression_class_weight_balanced,logistic_regression,C,60/40,5,clean,test,50/50,test,1,True,1698,48,4.7484951360092964,42,21,21,0.7857142857142857,0.7857142857142857,0.77272727272727271,0.80952380952380953,0.79069767441860461,0.57207755354735534,16,5,4,17,0.86394557823129248,0.86733336445985021,0.86380222230317694
logreg_balanced_ratio_preserved_noise_mcc_selected_true_pr_auc_v1,logistic_regression_class_weight_balanced,logistic_regression,C,60/40,5,clean,test,60/40,test,1,True,1698,48,4.8306851419911254,53,21,32,0.81132075471698117,0.81101190476190477,0.73913043478260865,0.80952380952380953,0.77272727272727271,0.6138568406737519,26,6,4,17,0.86011904761904767,0.77657882829940217,0.76825068913200223
logreg_balanced_ratio_preserved_noise_mcc_selected_true_pr_auc_v1,logistic_regression_class_weight_balanced,logistic_regression,C,60/40,5,clean,test,70/30,test,1,True,1698,48,4.9175616819993593,70,21,49,0.80000000000000004,0.80272108843537415,0.62962962962962965,0.80952380952380953,0.70833333333333337,0.56998607972974347,39,10,4,17,0.89212827988338195,0.77479995204422925,0.76819018825401431
logreg_balanced_ratio_preserved_noise_mcc_selected_true_pr_auc_v1,logistic_regression_class_weight_balanced,logistic_regression,C,60/40,5,clean,test,75/25,test,1,True,1698,48,5.0140907359891571,84,21,63,0.88095238095238093,0.85714285714285721,0.73913043478260865,0.80952380952380953,0.77272727272727271,0.6936223057722849,57,6,4,17,0.91987906273620546,0.72732733500729563,0.7008971156855206
logreg_balanced_ratio_preserved_noise_mcc_selected_true_pr_auc_v1,logistic_regression_class_weight_balanced,logistic_regression,C,60/40,5,clean,test,80/20,test,1,True,1698,48,5.1604895220079925,105,21,84,0.79047619047619044,0.79761904761904767,0.48571428571428571,0.80952380952380953,0.6071428571428571,0.50507627227610541,66,18,4,17,0.86167800453514731,0.58603836794393771,0.55871868622168186
logreg_balanced_ratio_preserved_noise_mcc_selected_true_pr_auc_v1,logistic_regression_class_weight_balanced,logistic_regression,C,60/40,5,clean,test,90/10,test,1,True,1698,48,5.4237588469986804,210,21,189,0.81904761904761902,0.81481481481481488,0.33333333333333331,0.80952380952380953,0.47222222222222221,0.44049608863155321,155,34,4,17,0.88964474678760386,0.54883438932551498,0.53939014735393909
logreg_balanced_ratio_preserved_noise_mcc_selected_true_pr_auc_v1,logistic_regression_class_weight_balanced,logistic_regression,C,60/40,5,random_flip_10,validation_selected_reproduction,60/40,valid,0.10000000000000001,True,1698,48,4.772231062001083,48,19,29,0.64583333333333337,0.6705989110707804,0.5357142857142857,0.78947368421052633,0.63829787234042556,0.33844494847393425,16,13,4,15,0.72050816696914688,0.59993190130489904,0.58128794230924341
logreg_balanced_ratio_preserved_noise_mcc_selected_true_pr_auc_v1,logistic_regression_class_weight_balanced,logistic_regression,C,60/40,5,random_flip_10,test,50/50,test,0.10000000000000001,True,1698,48,4.8534335540025495,42,21,21,0.80952380952380953,0.80952380952380953,0.80952380952380953,0.80952380952380953,0.80952380952380953,0.61904761904761907,17,4,4,17,0.85487528344671204,0.85961451214568596,0.85568080228193266
logreg_balanced_ratio_preserved_noise_mcc_selected_true_pr_auc_v1,logistic_regression_class_weight_balanced,logistic_regression,C,60/40,5,random_flip_10,test,60/40,test,0.10000000000000001,True,1698,48,4.9401969810132869,53,21,32,0.79245283018867929,0.79538690476190477,0.70833333333333337,0.80952380952380953,0.75555555555555554,0.58049869858001624,25,7,4,17,0.84077380952380953,0.72589676735086606,0.70011445896837199
logreg_balanced_ratio_preserved_noise_mcc_selected_true_pr_auc_v1,logistic_regression_class_weight_balanced,logistic_regression,C,60/40,5,random_flip_10,test,70/30,test,0.10000000000000001,True,1698,48,5.0395717250066809,70,21,49,0.80000000000000004,0.80272108843537415,0.62962962962962965,0.80952380952380953,0.70833333333333337,0.56998607972974347,39,10,4,17,0.88046647230320696,0.78515471974221462,0.77984989507648783
logreg_balanced_ratio_preserved_noise_mcc_selected_true_pr_auc_v1,logistic_regression_class_weight_balanced,logistic_regression,C,60/40,5,random_flip_10,test,75/25,test,0.10000000000000001,True,1698,48,5.1350348840060178,84,21,63,0.90476190476190477,0.87301587301587302,0.80952380952380953,0.80952380952380953,0.80952380952380953,0.74603174603174605,59,4,4,17,0.89342403628117917,0.6824282728792016,0.65531699188285975
logreg_balanced_ratio_preserved_noise_mcc_selected_true_pr_auc_v1,logistic_regression_class_weight_balanced,logistic_regression,C,60/40,5,random_flip_10,test,80/20,test,0.10000000000000001,True,1698,48,5.3090255800052546,105,21,84,0.77142857142857146,0.7857142857142857,0.45945945945945948,0.80952380952380953,0.58620689655172409,0.47847133369734002,64,20,4,17,0.83106575963718821,0.54288502270041472,0.51486670741410112
logreg_balanced_ratio_preserved_noise_mcc_selected_true_pr_auc_v1,logistic_regression_class_weight_balanced,logistic_regression,C,60/40,5,random_flip_10,test,90/10,test,0.10000000000000001,True,1698,48,5.5829180020082276,210,21,189,0.80476190476190479,0.80687830687830686,0.31481481481481483,0.80952380952380953,0.45333333333333331,0.42128651251906202,152,37,4,17,0.872008062484253,0.47531043237507237,0.45893641907974708
logreg_balanced_ratio_preserved_noise_mcc_selected_true_pr_auc_v1,logistic_regression_class_weight_balanced,logistic_regression,C,60/40,5,random_flip_20,validation_selected_reproduction,60/40,valid,10,True,1698,48,4.9286279810185079,48,19,29,0.60416666666666663,0.62704174228675136,0.5,0.73684210526315785,0.5957446808510638,0.25203347226782336,15,14,5,14,0.63339382940108901,0.55623274975768044,0.54213391121654186
logreg_balanced_ratio_preserved_noise_mcc_selected_true_pr_auc_v1,logistic_regression_class_weight_balanced,logistic_regression,C,60/40,5,random_flip_20,test,50/50,test,10,True,1698,48,5.0080481200129725,42,21,21,0.66666666666666663,0.66666666666666674,0.68421052631578949,0.61904761904761907,0.65000000000000002,0.33485541126445789,15,6,8,13,0.74603174603174593,0.74946194610885808,0.74123972813461259
logreg_balanced_ratio_preserved_noise_mcc_selected_true_pr_auc_v1,logistic_regression_class_weight_balanced,logistic_regression,C,60/40,5,random_flip_20,test,60/40,test,10,True,1698,48,5.0917997340147849,53,21,32,0.75471698113207553,0.73139880952380953,0.72222222222222221,0.61904761904761907,0.66666666666666663,0.47797532566289946,27,5,8,13,0.79613095238095233,0.75425603596984492,0.74642652790686581
logreg_balanced_ratio_preserved_noise_mcc_selected_true_pr_auc_v1,logistic_regression_class_weight_balanced,logistic_regression,C,60/40,5,random_flip_20,test,70/30,test,10,True,1698,48,5.1789204000087921,70,21,49,0.7857142857142857,0.73809523809523814,0.65000000000000002,0.61904761904761907,0.63414634146341464,0.483045891539648,42,7,8,13,0.81535471331389686,0.70117832634096833,0.69244264199074612
logreg_balanced_ratio_preserved_noise_mcc_selected_true_pr_auc_v1,logistic_regression_class_weight_balanced,logistic_regression,C,60/40,5,random_flip_20,test,75/25,test,10,True,1698,48,5.274731626996072,84,21,63,0.77380952380952384,0.72222222222222221,0.54166666666666663,0.61904761904761907,0.57777777777777772,0.42600643361512919,52,11,8,13,0.80120937263794412,0.63467926472070468,0.62431712051586574
logreg_balanced_ratio_preserved_noise_mcc_selected_true_pr_auc_v1,logistic_regression_class_weight_balanced,logistic_regression,C,60/40,5,random_flip_20,test,80/20,test,10,True,1698,48,5.4175275560119189,105,21,84,0.75238095238095237,0.70238095238095233,0.41935483870967744,0.61904761904761907,0.5,0.35493776853021242,66,18,8,13,0.79761904761904756,0.56265293686317963,0.53607023456815428
logreg_balanced_ratio_preserved_noise_mcc_selected_true_pr_auc_v1,logistic_regression_class_weight_balanced,logistic_regression,C,60/40,5,random_flip_20,test,90/10,test,10,True,1698,48,5.6893714579928201,210,21,189,0.77619047619047621,0.70634920634920628,0.25,0.61904761904761907,0.35616438356164382,0.28684225806644709,150,39,8,13,0.79944570420760896,0.44378465687572766,0.43195584368843359
logreg_balanced_ratio_preserved_noise_mcc_selected_true_pr_auc_v1,logistic_regression_class_weight_balanced,logistic_regression,C,60/40,5,random_fp_10,validation_selected_reproduction,60/40,valid,0.10000000000000001,True,2124,48,5.3420458119944669,48,19,29,0.64583333333333337,0.6705989110707804,0.5357142857142857,0.78947368421052633,0.63829787234042556,0.33844494847393425,16,13,4,15,0.76950998185117969,0.66337984027116437,0.64647784478874448
logreg_balanced_ratio_preserved_noise_mcc_selected_true_pr_auc_v1,logistic_regression_class_weight_balanced,logistic_regression,C,60/40,5,random_fp_10,test,50/50,test,0.10000000000000001,True,2124,48,5.4212345459964126,42,21,21,0.80952380952380953,0.80952380952380953,0.80952380952380953,0.80952380952380953,0.80952380952380953,0.61904761904761907,17,4,4,17,0.84807256235827666,0.85778658086312998,0.85401502070010205
logreg_balanced_ratio_preserved_noise_mcc_selected_true_pr_auc_v1,logistic_regression_class_weight_balanced,logistic_regression,C,60/40,5,random_fp_10,test,60/40,test,0.10000000000000001,True,2124,48,5.5056849069951568,53,21,32,0.75471698113207553,0.76413690476190477,0.65384615384615385,0.80952380952380953,0.72340425531914898,0.51686266255039026,23,9,4,17,0.84970238095238093,0.72617860592484651,0.70026089005932202
logreg_balanced_ratio_preserved_noise_mcc_selected_true_pr_auc_v1,logistic_regression_class_weight_balanced,logistic_regression,C,60/40,5,random_fp_10,test,70/30,test,0.10000000000000001,True,2124,48,5.594607756996993,70,21,49,0.74285714285714288,0.76190476190476186,0.54838709677419351,0.80952380952380953,0.65384615384615385,0.4832456210877899,35,14,4,17,0.89601554907677361,0.79178034700129962,0.78624498425534228
logreg_balanced_ratio_preserved_noise_mcc_selected_true_pr_auc_v1,logistic_regression_class_weight_balanced,logistic_regression,C,60/40,5,random_fp_10,test,75/25,test,0.10000000000000001,True,2124,48,5.6849796419846825,84,21,63,0.84523809523809523,0.83333333333333326,0.65384615384615385,0.80952380952380953,0.72340425531914898,0.62443608512255522,54,9,4,17,0.91156462585034026,0.72208621756666713,0.69595939574178711
logreg_balanced_ratio_preserved_noise_mcc_selected_true_pr_auc_v1,logistic_regression_class_weight_balanced,logistic_regression,C,60/40,5,random_fp_10,test,80/20,test,0.10000000000000001,True,2124,48,5.8226600259949919,105,21,84,0.72380952380952379,0.75595238095238093,0.40476190476190477,0.80952380952380953,0.53968253968253965,0.41796848785585972,59,25,4,17,0.84977324263038545,0.56760883911678151,0.54015037687072609
logreg_balanced_ratio_preserved_noise_mcc_selected_true_pr_auc_v1,logistic_regression_class_weight_balanced,logistic_regression,C,60/40,5,random_fp_10,test,90/10,test,0.10000000000000001,True,2124,48,6.1021889749972615,210,21,189,0.76666666666666672,0.7857142857142857,0.27419354838709675,0.80952380952380953,0.40963855421686746,0.37581646079669545,144,45,4,17,0.89040060468631899,0.48915808780990944,0.46138563902050561
logreg_balanced_ratio_preserved_noise_mcc_selected_true_pr_auc_v1,logistic_regression_class_weight_balanced,logistic_regression,C,60/40,5,random_fp_20,validation_selected_reproduction,60/40,valid,1,True,2549,48,6.1051637569908053,48,19,29,0.64583333333333337,0.6705989110707804,0.5357142857142857,0.78947368421052633,0.63829787234042556,0.33844494847393425,16,13,4,15,0.69872958257713247,0.6224066088736554,0.60847161432804242
logreg_balanced_ratio_preserved_noise_mcc_selected_true_pr_auc_v1,logistic_regression_class_weight_balanced,logistic_regression,C,60/40,5,random_fp_20,test,50/50,test,1,True,2549,48,6.1888124489923939,42,21,21,0.7857142857142857,0.7857142857142857,0.75,0.8571428571428571,0.80000000000000004,0.57735026918962573,15,6,3,18,0.85941043083900226,0.8389068210073729,0.83224336034553348
logreg_balanced_ratio_preserved_noise_mcc_selected_true_pr_auc_v1,logistic_regression_class_weight_balanced,logistic_regression,C,60/40,5,random_fp_20,test,60/40,test,1,True,2549,48,6.2797355070069898,53,21,32,0.75471698113207553,0.7723214285714286,0.6428571428571429,0.8571428571428571,0.73469387755102045,0.53363883682062097,22,10,3,18,0.85565476190476186,0.78012264364361439,0.77338057296749985
logreg_balanced_ratio_preserved_noise_mcc_selected_true_pr_auc_v1,logistic_regression_class_weight_balanced,logistic_regression,C,60/40,5,random_fp_20,test,70/30,test,1,True,2549,48,6.3722848249890376,70,21,49,0.82857142857142863,0.83673469387755106,0.66666666666666663,0.8571428571428571,0.75,0.63402945947465839,40,9,3,18,0.91350826044703592,0.7719982777951595,0.75846464317407714
logreg_balanced_ratio_preserved_noise_mcc_selected_true_pr_auc_v1,logistic_regression_class_weight_balanced,logistic_regression,C,60/40,5,random_fp_20,test,75/25,test,1,True,2549,48,6.4757123769959435,84,21,63,0.8214285714285714,0.83333333333333326,0.59999999999999998,0.8571428571428571,0.70588235294117652,0.60246407607670927,51,12,3,18,0.9251700680272108,0.8043346899593431,0.7979590335414144
logreg_balanced_ratio_preserved_noise_mcc_selected_true_pr_auc_v1,logistic_regression_class_weight_balanced,logistic_regression,C,60/40,5,random_fp_20,test,80/20,test,1,True,2549,48,6.63271134099341,105,21,84,0.75238095238095237,0.79166666666666663,0.43902439024390244,0.8571428571428571,0.58064516129032262,0.47828214578385608,61,23,3,18,0.85941043083900226,0.57971263987893118,0.56382999938430611
logreg_balanced_ratio_preserved_noise_mcc_selected_true_pr_auc_v1,logistic_regression_class_weight_balanced,logistic_regression,C,60/40,5,random_fp_20,test,90/10,test,1,True,2549,48,6.8952259669895284,210,21,189,0.74285714285714288,0.79365079365079361,0.2608695652173913,0.8571428571428571,0.40000000000000002,0.37511775654802532,138,51,3,18,0.90047871000251956,0.57809003327845465,0.56929972630836767
logreg_balanced_ratio_preserved_noise_mcc_selected_true_pr_auc_v1,logistic_regression_class_weight_balanced,logistic_regression,C,60/40,5,heuristic_fp_10,validation_selected_reproduction,60/40,valid,1,True,2124,48,5.4493983790162019,48,19,29,0.64583333333333337,0.6705989110707804,0.5357142857142857,0.78947368421052633,0.63829787234042556,0.33844494847393425,16,13,4,15,0.72413793103448276,0.626325688895915,0.60896255240724873
logreg_balanced_ratio_preserved_noise_mcc_selected_true_pr_auc_v1,logistic_regression_class_weight_balanced,logistic_regression,C,60/40,5,heuristic_fp_10,test,50/50,test,1,True,2124,48,5.5278362150129396,42,21,21,0.80952380952380953,0.80952380952380953,0.78260869565217395,0.8571428571428571,0.81818181818181823,0.6218743352054219,16,5,3,18,0.87528344671201808,0.86540758070498391,0.86038669339011253
logreg_balanced_ratio_preserved_noise_mcc_selected_true_pr_auc_v1,logistic_regression_class_weight_balanced,logistic_regression,C,60/40,5,heuristic_fp_10,test,60/40,test,1,True,2124,48,5.6263501670036931,53,21,32,0.79245283018867929,0.8035714285714286,0.69230769230769229,0.8571428571428571,0.76595744680851063,0.59402807414242031,24,8,3,18,0.87797619047619047,0.81333936889998149,0.80695696101105008
logreg_balanced_ratio_preserved_noise_mcc_selected_true_pr_auc_v1,logistic_regression_class_weight_balanced,logistic_regression,C,60/40,5,heuristic_fp_10,test,70/30,test,1,True,2124,48,5.7162869420135394,70,21,49,0.81428571428571428,0.82653061224489788,0.6428571428571429,0.8571428571428571,0.73469387755102045,0.61088283865697002,39,10,3,18,0.87463556851311952,0.7306434638052286,0.72207635569510464
logreg_balanced_ratio_preserved_noise_mcc_selected_true_pr_auc_v1,logistic_regression_class_weight_balanced,logistic_regression,C,60/40,5,heuristic_fp_10,test,75/25,test,1,True,2124,48,5.8242593239992857,84,21,63,0.8571428571428571,0.8571428571428571,0.66666666666666663,0.8571428571428571,0.75,0.6622661785325219,54,9,3,18,0.91534391534391535,0.70711969714070566,0.68009959821658195
logreg_balanced_ratio_preserved_noise_mcc_selected_true_pr_auc_v1,logistic_regression_class_weight_balanced,logistic_regression,C,60/40,5,heuristic_fp_10,test,80/20,test,1,True,2124,48,5.990979433991015,105,21,84,0.76190476190476186,0.79761904761904767,0.45000000000000001,0.8571428571428571,0.5901639344262295,0.49029033784546011,62,22,3,18,0.85657596371882094,0.58332012066020855,0.56664970725847641
logreg_balanced_ratio_preserved_noise_mcc_selected_true_pr_auc_v1,logistic_regression_class_weight_balanced,logistic_regression,C,60/40,5,heuristic_fp_10,test,90/10,test,1,True,2124,48,6.2671904430026188,210,21,189,0.77142857142857146,0.80952380952380953,0.2857142857142857,0.8571428571428571,0.42857142857142855,0.40526179615255725,144,45,3,18,0.88838498362307883,0.54181110097160523,0.53271662023242106
logreg_balanced_ratio_preserved_noise_mcc_selected_true_pr_auc_v1,logistic_regression_class_weight_balanced,logistic_regression,C,60/40,5,heuristic_fp_20,validation_selected_reproduction,60/40,valid,10,True,2549,48,6.1501300390227698,48,19,29,0.66666666666666663,0.68784029038112515,0.55555555555555558,0.78947368421052633,0.65217391304347827,0.37034204176319158,17,12,4,15,0.75136116152450094,0.6748732038118288,0.66238116861545382
logreg_balanced_ratio_preserved_noise_mcc_selected_true_pr_auc_v1,logistic_regression_class_weight_balanced,logistic_regression,C,60/40,5,heuristic_fp_20,test,50/50,test,10,True,2549,48,6.236046895995969,42,21,21,0.73809523809523814,0.73809523809523814,0.70833333333333337,0.80952380952380953,0.75555555555555554,0.48112522432468813,14,7,4,17,0.84353741496598633,0.82705381887070706,0.82009238693787823
logreg_balanced_ratio_preserved_noise_mcc_selected_true_pr_auc_v1,logistic_regression_class_weight_balanced,logistic_regression,C,60/40,5,heuristic_fp_20,test,60/40,test,10,True,2549,48,6.3345913689990994,53,21,32,0.81132075471698117,0.81101190476190477,0.73913043478260865,0.80952380952380953,0.77272727272727271,0.6138568406737519,26,6,4,17,0.8839285714285714,0.8460141455541923,0.84230255518099306
logreg_balanced_ratio_preserved_noise_mcc_selected_true_pr_auc_v1,logistic_regression_class_weight_balanced,logistic_regression,C,60/40,5,heuristic_fp_20,test,70/30,test,10,True,2549,48,6.4273397219949402,70,21,49,0.75714285714285712,0.77210884353741505,0.56666666666666665,0.80952380952380953,0.66666666666666663,0.50395263067896956,36,13,4,17,0.89212827988338195,0.76981891892011123,0.76274081017398054
logreg_balanced_ratio_preserved_noise_mcc_selected_true_pr_auc_v1,logistic_regression_class_weight_balanced,logistic_regression,C,60/40,5,heuristic_fp_20,test,75/25,test,10,True,2549,48,6.529633897007443,84,21,63,0.8214285714285714,0.81746031746031744,0.6071428571428571,0.80952380952380953,0.69387755102040816,0.58321184351980437,52,11,4,17,0.90325018896447462,0.64302984064929247,0.61850649830378501
logreg_balanced_ratio_preserved_noise_mcc_selected_true_pr_auc_v1,logistic_regression_class_weight_balanced,logistic_regression,C,60/40,5,heuristic_fp_20,test,80/20,test,10,True,2549,48,6.7060558320081327,105,21,84,0.77142857142857146,0.7857142857142857,0.45945945945945948,0.80952380952380953,0.58620689655172409,0.47847133369734002,64,20,4,17,0.89172335600907027,0.64538639031392653,0.61900154662299234
logreg_balanced_ratio_preserved_noise_mcc_selected_true_pr_auc_v1,logistic_regression_class_weight_balanced,logistic_regression,C,60/40,5,heuristic_fp_20,test,90/10,test,10,True,2549,48,6.9872748620109633,210,21,189,0.76190476190476186,0.78306878306878303,0.26984126984126983,0.80952380952380953,0.40476190476190477,0.37062403579763781,143,46,4,17,0.88838498362307883,0.56705515582024213,0.55800839581552442
logreg_balanced_ratio_preserved_noise_mcc_selected_true_pr_auc_v1,logistic_regression_class_weight_balanced,logistic_regression,C,70/30,1,clean,validation_selected_reproduction,70/30,valid,0.10000000000000001,True,2264,64,5.861091298982501,64,19,45,0.8125,0.80584795321637426,0.65217391304347827,0.78947368421052633,0.7142857142857143,0.58245554635770269,37,8,4,15,0.82105263157894737,0.61675271111447394,0.59826676754144348
logreg_balanced_ratio_preserved_noise_mcc_selected_true_pr_auc_v1,logistic_regression_class_weight_balanced,logistic_regression,C,70/30,1,clean,test,50/50,test,0.10000000000000001,True,2264,64,5.9363326559832785,42,21,21,0.80952380952380953,0.80952380952380953,0.80952380952380953,0.80952380952380953,0.80952380952380953,0.61904761904761907,17,4,4,17,0.84353741496598633,0.85213189704786352,0.84790938961440543
logreg_balanced_ratio_preserved_noise_mcc_selected_true_pr_auc_v1,logistic_regression_class_weight_balanced,logistic_regression,C,70/30,1,clean,test,60/40,test,0.10000000000000001,True,2264,64,6.0136922149977181,53,21,32,0.79245283018867929,0.79538690476190477,0.70833333333333337,0.80952380952380953,0.75555555555555554,0.58049869858001624,25,7,4,17,0.85863095238095233,0.84359557258805351,0.8399310284266055
logreg_balanced_ratio_preserved_noise_mcc_selected_true_pr_auc_v1,logistic_regression_class_weight_balanced,logistic_regression,C,70/30,1,clean,test,70/30,test,0.10000000000000001,True,2264,64,6.0932618579827249,70,21,49,0.88571428571428568,0.86394557823129259,0.80952380952380953,0.80952380952380953,0.80952380952380953,0.72789115646258506,45,4,4,17,0.90670553935860054,0.8744344474386494,0.87219454417809739
logreg_balanced_ratio_preserved_noise_mcc_selected_true_pr_auc_v1,logistic_regression_class_weight_balanced,logistic_regression,C,70/30,1,clean,test,75/25,test,0.10000000000000001,True,2264,64,6.1818844709778205,84,21,63,0.90476190476190477,0.87301587301587302,0.80952380952380953,0.80952380952380953,0.80952380952380953,0.74603174603174605,59,4,4,17,0.90551776266061978,0.83389160555237529,0.83038863496840709
logreg_balanced_ratio_preserved_noise_mcc_selected_true_pr_auc_v1,logistic_regression_class_weight_balanced,logistic_regression,C,70/30,1,clean,test,80/20,test,0.10000000000000001,True,2264,64,6.3032367079867981,105,21,84,0.78095238095238095,0.79166666666666674,0.47222222222222221,0.80952380952380953,0.59649122807017541,0.4915755667668909,65,19,4,17,0.84637188208616787,0.53344169027194754,0.50844661692720394
logreg_balanced_ratio_preserved_noise_mcc_selected_true_pr_auc_v1,logistic_regression_class_weight_balanced,logistic_regression,C,70/30,1,clean,test,90/10,test,0.10000000000000001,True,2264,64,6.5213339549954981,210,21,189,0.76666666666666672,0.7857142857142857,0.27419354838709675,0.80952380952380953,0.40963855421686746,0.37581646079669545,144,45,4,17,0.8571428571428571,0.43639162479362903,0.41158295043741361
logreg_balanced_ratio_preserved_noise_mcc_selected_true_pr_auc_v1,logistic_regression_class_weight_balanced,logistic_regression,C,70/30,1,random_flip_10,validation_selected_reproduction,70/30,valid,0.10000000000000001,True,2264,64,5.7102230939781293,64,19,45,0.8125,0.80584795321637426,0.65217391304347827,0.78947368421052633,0.7142857142857143,0.58245554635770269,37,8,4,15,0.82339181286549712,0.59809109324389054,0.58018027073674927
logreg_balanced_ratio_preserved_noise_mcc_selected_true_pr_auc_v1,logistic_regression_class_weight_balanced,logistic_regression,C,70/30,1,random_flip_10,test,50/50,test,0.10000000000000001,True,2264,64,5.7834939329768531,42,21,21,0.80952380952380953,0.80952380952380953,0.80952380952380953,0.80952380952380953,0.80952380952380953,0.61904761904761907,17,4,4,17,0.84353741496598633,0.85294034697543486,0.84874654416028017
logreg_balanced_ratio_preserved_noise_mcc_selected_true_pr_auc_v1,logistic_regression_class_weight_balanced,logistic_regression,C,70/30,1,random_flip_10,test,60/40,test,0.10000000000000001,True,2264,64,5.8626331059786025,53,21,32,0.77358490566037741,0.77976190476190477,0.68000000000000005,0.80952380952380953,0.73913043478260865,0.54821913290861601,24,8,4,17,0.84672619047619047,0.83010558544967439,0.8261541223552431
logreg_balanced_ratio_preserved_noise_mcc_selected_true_pr_auc_v1,logistic_regression_class_weight_balanced,logistic_regression,C,70/30,1,random_flip_10,test,70/30,test,0.10000000000000001,True,2264,64,5.9453887859999668,70,21,49,0.87142857142857144,0.8537414965986394,0.77272727272727271,0.80952380952380953,0.79069767441860461,0.69837990215532952,44,5,4,17,0.90476190476190477,0.88363386803012367,0.88191730164749504
logreg_balanced_ratio_preserved_noise_mcc_selected_true_pr_auc_v1,logistic_regression_class_weight_balanced,logistic_regression,C,70/30,1,random_flip_10,test,75/25,test,0.10000000000000001,True,2264,64,6.0444785619911272,84,21,63,0.88095238095238093,0.85714285714285721,0.73913043478260865,0.80952380952380953,0.77272727272727271,0.6936223057722849,57,6,4,17,0.90098261526832946,0.84272069274280703,0.83986734403357866
logreg_balanced_ratio_preserved_noise_mcc_selected_true_pr_auc_v1,logistic_regression_class_weight_balanced,logistic_regression,C,70/30,1,random_flip_10,test,80/20,test,0.10000000000000001,True,2264,64,6.1781452889845241,105,21,84,0.78095238095238095,0.79166666666666674,0.47222222222222221,0.80952380952380953,0.59649122807017541,0.4915755667668909,65,19,4,17,0.83730158730158732,0.53968776957228259,0.51089568459785517
logreg_balanced_ratio_preserved_noise_mcc_selected_true_pr_auc_v1,logistic_regression_class_weight_balanced,logistic_regression,C,70/30,1,random_flip_10,test,90/10,test,0.10000000000000001,True,2264,64,6.4132769900024869,210,21,189,0.75714285714285712,0.78042328042328046,0.265625,0.80952380952380953,0.40000000000000002,0.3655259341327125,142,47,4,17,0.84882842025699168,0.43284582159468404,0.40427892360554452
logreg_balanced_ratio_preserved_noise_mcc_selected_true_pr_auc_v1,logistic_regression_class_weight_balanced,logistic_regression,C,70/30,1,random_flip_20,validation_selected_reproduction,70/30,valid,0.10000000000000001,True,2264,64,5.6370424769993406,64,19,45,0.765625,0.77251461988304093,0.57692307692307687,0.78947368421052633,0.66666666666666663,0.50701917823308018,34,11,4,15,0.79064327485380115,0.6268050922555688,0.6134380847703379
logreg_balanced_ratio_preserved_noise_mcc_selected_true_pr_auc_v1,logistic_regression_class_weight_balanced,logistic_regression,C,70/30,1,random_flip_20,test,50/50,test,0.10000000000000001,True,2264,64,5.7142589619907085,42,21,21,0.76190476190476186,0.76190476190476186,0.76190476190476186,0.76190476190476186,0.76190476190476186,0.52380952380952384,16,5,5,16,0.8571428571428571,0.83824068701594667,0.83229486840592459
logreg_balanced_ratio_preserved_noise_mcc_selected_true_pr_auc_v1,logistic_regression_class_weight_balanced,logistic_regression,C,70/30,1,random_flip_20,test,60/40,test,0.10000000000000001,True,2264,64,5.8124099260021467,53,21,32,0.73584905660377353,0.74032738095238093,0.64000000000000001,0.76190476190476186,0.69565217391304346,0.47094356364224199,23,9,5,16,0.875,0.8439221764610072,0.84016263069675201
logreg_balanced_ratio_preserved_noise_mcc_selected_true_pr_auc_v1,logistic_regression_class_weight_balanced,logistic_regression,C,70/30,1,random_flip_20,test,70/30,test,0.10000000000000001,True,2264,64,5.8939886080042925,70,21,49,0.8571428571428571,0.82993197278911568,0.76190476190476186,0.76190476190476186,0.76190476190476186,0.65986394557823125,44,5,5,16,0.93488824101069001,0.8744140192892067,0.87136645204109064
logreg_balanced_ratio_preserved_noise_mcc_selected_true_pr_auc_v1,logistic_regression_class_weight_balanced,logistic_regression,C,70/30,1,random_flip_20,test,75/25,test,0.10000000000000001,True,2264,64,5.9820769869838841,84,21,63,0.8214285714285714,0.80158730158730163,0.61538461538461542,0.76190476190476186,0.68085106382978722,0.56496598177754986,53,10,5,16,0.92441421012849578,0.83718402447394058,0.83402243570432688
logreg_balanced_ratio_preserved_noise_mcc_selected_true_pr_auc_v1,logistic_regression_class_weight_balanced,logistic_regression,C,70/30,1,random_flip_20,test,80/20,test,0.10000000000000001,True,2264,64,6.1010285369993653,105,21,84,0.76190476190476186,0.76190476190476186,0.44444444444444442,0.76190476190476186,0.56140350877192979,0.44141479464782041,64,20,5,16,0.84863945578231292,0.55095724232263188,0.52297929218728501
logreg_balanced_ratio_preserved_noise_mcc_selected_true_pr_auc_v1,logistic_regression_class_weight_balanced,logistic_regression,C,70/30,1,random_flip_20,test,90/10,test,0.10000000000000001,True,2264,64,6.3137743439874612,210,21,189,0.75714285714285712,0.7592592592592593,0.25806451612903225,0.76190476190476186,0.38554216867469882,0.34101864035255702,143,46,5,16,0.86822877299067769,0.53855973497611465,0.53079227268881202
logreg_balanced_ratio_preserved_noise_mcc_selected_true_pr_auc_v1,logistic_regression_class_weight_balanced,logistic_regression,C,70/30,1,random_fp_10,validation_selected_reproduction,70/30,valid,0.10000000000000001,True,3021,64,6.8849511570006143,64,19,45,0.765625,0.77251461988304093,0.57692307692307687,0.78947368421052633,0.66666666666666663,0.50701917823308018,34,11,4,15,0.81754385964912279,0.60435449958489462,0.58638093835952598
logreg_balanced_ratio_preserved_noise_mcc_selected_true_pr_auc_v1,logistic_regression_class_weight_balanced,logistic_regression,C,70/30,1,random_fp_10,test,50/50,test,0.10000000000000001,True,3021,64,6.957031038007699,42,21,21,0.7857142857142857,0.7857142857142857,0.77272727272727271,0.80952380952380953,0.79069767441860461,0.57207755354735534,16,5,4,17,0.83900226757369611,0.84031025563349027,0.83566641317656676
logreg_balanced_ratio_preserved_noise_mcc_selected_true_pr_auc_v1,logistic_regression_class_weight_balanced,logistic_regression,C,70/30,1,random_fp_10,test,60/40,test,0.10000000000000001,True,3021,64,7.0421785360085778,53,21,32,0.71698113207547165,0.73288690476190477,0.6071428571428571,0.80952380952380953,0.69387755102040816,0.45636326755424689,21,11,4,17,0.8571428571428571,0.84277548622197029,0.8391432730651005
logreg_balanced_ratio_preserved_noise_mcc_selected_true_pr_auc_v1,logistic_regression_class_weight_balanced,logistic_regression,C,70/30,1,random_fp_10,test,70/30,test,0.10000000000000001,True,3021,64,7.1324507380195428,70,21,49,0.84285714285714286,0.83333333333333326,0.70833333333333337,0.80952380952380953,0.75555555555555554,0.64362349842859889,42,7,4,17,0.89990281827016516,0.85082405386038795,0.84760932132136602
logreg_balanced_ratio_preserved_noise_mcc_selected_true_pr_auc_v1,logistic_regression_class_weight_balanced,logistic_regression,C,70/30,1,random_fp_10,test,75/25,test,0.10000000000000001,True,3021,64,7.2385674060205929,84,21,63,0.86904761904761907,0.84920634920634919,0.70833333333333337,0.80952380952380953,0.75555555555555554,0.66943868139520302,56,7,4,17,0.90400604686318975,0.83134711105649806,0.82786467865479896
logreg_balanced_ratio_preserved_noise_mcc_selected_true_pr_auc_v1,logistic_regression_class_weight_balanced,logistic_regression,C,70/30,1,random_fp_10,test,80/20,test,0.10000000000000001,True,3021,64,7.3720153169997502,105,21,84,0.74285714285714288,0.76785714285714279,0.42499999999999999,0.80952380952380953,0.55737704918032782,0.44126130406091407,61,23,4,17,0.83616780045351469,0.48840226437198897,0.46331353800460495
logreg_balanced_ratio_preserved_noise_mcc_selected_true_pr_auc_v1,logistic_regression_class_weight_balanced,logistic_regression,C,70/30,1,random_fp_10,test,90/10,test,0.10000000000000001,True,3021,64,7.6142649410176091,210,21,189,0.74285714285714288,0.77248677248677255,0.2537313432835821,0.80952380952380953,0.38636363636363635,0.35076039453755031,139,50,4,17,0.84630889392794151,0.45664147705202207,0.44437727487291578
logreg_balanced_ratio_preserved_noise_mcc_selected_true_pr_auc_v1,logistic_regression_class_weight_balanced,logistic_regression,C,70/30,1,random_fp_20,validation_selected_reproduction,70/30,valid,0.10000000000000001,True,3775,64,7.7060922109812964,64,19,45,0.765625,0.78771929824561404,0.5714285714285714,0.84210526315789469,0.68085106382978722,0.52997060179181221,33,12,3,16,0.84561403508771926,0.6464682816564844,0.62852535713461244
logreg_balanced_ratio_preserved_noise_mcc_selected_true_pr_auc_v1,logistic_regression_class_weight_balanced,logistic_regression,C,70/30,1,random_fp_20,test,50/50,test,0.10000000000000001,True,3775,64,7.7807883560017217,42,21,21,0.83333333333333337,0.83333333333333326,0.81818181818181823,0.8571428571428571,0.83720930232558144,0.66742381247191462,17,4,3,18,0.88435374149659862,0.89178287341422169,0.8887050165053938
logreg_balanced_ratio_preserved_noise_mcc_selected_true_pr_auc_v1,logistic_regression_class_weight_balanced,logistic_regression,C,70/30,1,random_fp_20,test,60/40,test,0.10000000000000001,True,3775,64,7.8774685039825272,53,21,32,0.73584905660377353,0.7566964285714286,0.62068965517241381,0.8571428571428571,0.71999999999999997,0.50446360455945993,21,11,3,18,0.86904761904761907,0.85241130534215515,0.84914035672789612
logreg_balanced_ratio_preserved_noise_mcc_selected_true_pr_auc_v1,logistic_regression_class_weight_balanced,logistic_regression,C,70/30,1,random_fp_20,test,70/30,test,0.10000000000000001,True,3775,64,7.9769983209844213,70,21,49,0.84285714285714286,0.84693877551020402,0.69230769230769229,0.8571428571428571,0.76595744680851063,0.65807821196794924,41,8,3,18,0.91253644314868809,0.86885916159460086,0.86581305781745788
logreg_balanced_ratio_preserved_noise_mcc_selected_true_pr_auc_v1,logistic_regression_class_weight_balanced,logistic_regression,C,70/30,1,random_fp_20,test,75/25,test,0.10000000000000001,True,3775,64,8.0801416669855826,84,21,63,0.83333333333333337,0.84126984126984117,0.62068965517241381,0.8571428571428571,0.71999999999999997,0.62162358623817282,52,11,3,18,0.90929705215419498,0.84372320928510591,0.84055990613220799
logreg_balanced_ratio_preserved_noise_mcc_selected_true_pr_auc_v1,logistic_regression_class_weight_balanced,logistic_regression,C,70/30,1,random_fp_20,test,80/20,test,0.10000000000000001,True,3775,64,8.2201302869943902,105,21,84,0.76190476190476186,0.79761904761904767,0.45000000000000001,0.8571428571428571,0.5901639344262295,0.49029033784546011,62,22,3,18,0.83843537414965985,0.51721922852557989,0.49193700088902975
logreg_balanced_ratio_preserved_noise_mcc_selected_true_pr_auc_v1,logistic_regression_class_weight_balanced,logistic_regression,C,70/30,1,random_fp_20,test,90/10,test,0.10000000000000001,True,3775,64,8.4678449239872862,210,21,189,0.69047619047619047,0.76455026455026454,0.22500000000000001,0.8571428571428571,0.35643564356435642,0.32686022523030672,127,62,3,18,0.85689090450995209,0.44495033951791368,0.41605109187423139
logreg_balanced_ratio_preserved_noise_mcc_selected_true_pr_auc_v1,logistic_regression_class_weight_balanced,logistic_regression,C,70/30,1,heuristic_fp_10,validation_selected_reproduction,70/30,valid,10,True,3021,64,7.0043570269772317,64,19,45,0.8125,0.82105263157894737,0.64000000000000001,0.84210526315789469,0.72727272727272729,0.60129415086997595,36,9,3,16,0.86198830409356719,0.72473811051524684,0.71491100570558408
logreg_balanced_ratio_preserved_noise_mcc_selected_true_pr_auc_v1,logistic_regression_class_weight_balanced,logistic_regression,C,70/30,1,heuristic_fp_10,test,50/50,test,10,True,3021,64,7.0796473060036078,42,21,21,0.80952380952380953,0.80952380952380953,0.80952380952380953,0.80952380952380953,0.80952380952380953,0.61904761904761907,17,4,4,17,0.891156462585034,0.89717381704637256,0.89400329313292071
logreg_balanced_ratio_preserved_noise_mcc_selected_true_pr_auc_v1,logistic_regression_class_weight_balanced,logistic_regression,C,70/30,1,heuristic_fp_10,test,60/40,test,10,True,3021,64,7.1588514989998657,53,21,32,0.79245283018867929,0.79538690476190477,0.70833333333333337,0.80952380952380953,0.75555555555555554,0.58049869858001624,25,7,4,17,0.88244047619047628,0.81224110858648713,0.8033459351591774
logreg_balanced_ratio_preserved_noise_mcc_selected_true_pr_auc_v1,logistic_regression_class_weight_balanced,logistic_regression,C,70/30,1,heuristic_fp_10,test,70/30,test,10,True,3021,64,7.2546414159878623,70,21,49,0.91428571428571426,0.88435374149659862,0.89473684210526316,0.80952380952380953,0.84999999999999998,0.79214905343385977,47,2,4,17,0.92225461613216708,0.87376274164523982,0.870507252784676
logreg_balanced_ratio_preserved_noise_mcc_selected_true_pr_auc_v1,logistic_regression_class_weight_balanced,logistic_regression,C,70/30,1,heuristic_fp_10,test,75/25,test,10,True,3021,64,7.3591064429783728,84,21,63,0.83333333333333337,0.82539682539682535,0.62962962962962965,0.80952380952380953,0.70833333333333337,0.60339807377407551,53,10,4,17,0.92517006802721091,0.87382970732152532,0.87174726718070383
logreg_balanced_ratio_preserved_noise_mcc_selected_true_pr_auc_v1,logistic_regression_class_weight_balanced,logistic_regression,C,70/30,1,heuristic_fp_10,test,80/20,test,10,True,3021,64,7.4801641139783897,105,21,84,0.80952380952380953,0.80952380952380953,0.51515151515151514,0.80952380952380953,0.62962962962962965,0.53339646091044179,68,16,4,17,0.88548752834467115,0.70159333561358239,0.69128764365870787
logreg_balanced_ratio_preserved_noise_mcc_selected_true_pr_auc_v1,logistic_regression_class_weight_balanced,logistic_regression,C,70/30,1,heuristic_fp_10,test,90/10,test,10,True,3021,64,7.699564342998201,210,21,189,0.81428571428571428,0.8121693121693121,0.32692307692307693,0.80952380952380953,0.46575342465753422,0.43394085194667636,154,35,4,17,0.87906273620559339,0.42945011389634163,0.40044819743542764
logreg_balanced_ratio_preserved_noise_mcc_selected_true_pr_auc_v1,logistic_regression_class_weight_balanced,logistic_regression,C,70/30,1,heuristic_fp_20,validation_selected_reproduction,70/30,valid,10,True,3775,64,8.6748633010138292,64,19,45,0.796875,0.80994152046783618,0.61538461538461542,0.84210526315789469,0.71111111111111114,0.57665271344105684,35,10,3,16,0.85263157894736841,0.72821590561264338,0.71711154843024749
logreg_balanced_ratio_preserved_noise_mcc_selected_true_pr_auc_v1,logistic_regression_class_weight_balanced,logistic_regression,C,70/30,1,heuristic_fp_20,test,50/50,test,10,True,3775,64,8.7502119819982909,42,21,21,0.7857142857142857,0.7857142857142857,0.77272727272727271,0.80952380952380953,0.79069767441860461,0.57207755354735534,16,5,4,17,0.91156462585034015,0.93030948742654274,0.92889922013631931
logreg_balanced_ratio_preserved_noise_mcc_selected_true_pr_auc_v1,logistic_regression_class_weight_balanced,logistic_regression,C,70/30,1,heuristic_fp_20,test,60/40,test,10,True,3775,64,8.8329786419926677,53,21,32,0.75471698113207553,0.76413690476190477,0.65384615384615385,0.80952380952380953,0.72340425531914898,0.51686266255039026,23,9,4,17,0.84523809523809523,0.76574611361094314,0.75792337664595721
logreg_balanced_ratio_preserved_noise_mcc_selected_true_pr_auc_v1,logistic_regression_class_weight_balanced,logistic_regression,C,70/30,1,heuristic_fp_20,test,70/30,test,10,True,3775,64,8.9294089240138419,70,21,49,0.7857142857142857,0.79251700680272108,0.6071428571428571,0.80952380952380953,0.69387755102040816,0.54724920963020229,38,11,4,17,0.9251700680272108,0.88061692591972118,0.8781501560602718
logreg_balanced_ratio_preserved_noise_mcc_selected_true_pr_auc_v1,logistic_regression_class_weight_balanced,logistic_regression,C,70/30,1,heuristic_fp_20,test,75/25,test,10,True,3775,64,9.0308018170180731,84,21,63,0.80952380952380953,0.80952380952380953,0.58620689655172409,0.80952380952380953,0.68000000000000005,0.56379813635555209,51,12,4,17,0.92819349962207098,0.8265675846945626,0.82235686242620165
logreg_balanced_ratio_preserved_noise_mcc_selected_true_pr_auc_v1,logistic_regression_class_weight_balanced,logistic_regression,C,70/30,1,heuristic_fp_20,test,80/20,test,10,True,3775,64,9.1679552379937377,105,21,84,0.80952380952380953,0.80952380952380953,0.51515151515151514,0.80952380952380953,0.62962962962962965,0.53339646091044179,68,16,4,17,0.89965986394557818,0.69943816520371449,0.69166769813468898
logreg_balanced_ratio_preserved_noise_mcc_selected_true_pr_auc_v1,logistic_regression_class_weight_balanced,logistic_regression,C,70/30,1,heuristic_fp_20,test,90/10,test,10,True,3775,64,9.4006606900074985,210,21,189,0.76666666666666672,0.7857142857142857,0.27419354838709675,0.80952380952380953,0.40963855421686746,0.37581646079669545,144,45,4,17,0.88133030990173844,0.46069825487221649,0.44788511060623604
logreg_balanced_ratio_preserved_noise_mcc_selected_true_pr_auc_v1,logistic_regression_class_weight_balanced,logistic_regression,C,70/30,2,clean,validation_selected_reproduction,70/30,valid,10,True,2264,64,5.4813759050157387,64,19,45,0.84375,0.84327485380116962,0.69565217391304346,0.84210526315789469,0.76190476190476186,0.65373117726954388,38,7,3,16,0.88187134502923969,0.85237905493832655,0.84927515953187516
logreg_balanced_ratio_preserved_noise_mcc_selected_true_pr_auc_v1,logistic_regression_class_weight_balanced,logistic_regression,C,70/30,2,clean,test,50/50,test,10,True,2264,64,5.6057895669946447,42,21,21,0.80952380952380953,0.80952380952380953,0.88235294117647056,0.7142857142857143,0.78947368421052633,0.63059262509446579,19,2,6,15,0.86167800453514742,0.89424394963214837,0.89203149195465548
logreg_balanced_ratio_preserved_noise_mcc_selected_true_pr_auc_v1,logistic_regression_class_weight_balanced,logistic_regression,C,70/30,2,clean,test,60/40,test,10,True,2264,64,5.7108060379978269,53,21,32,0.84905660377358494,0.82589285714285721,0.88235294117647056,0.7142857142857143,0.78947368421052633,0.68298908456567176,30,2,6,15,0.8660714285714286,0.86330663360805238,0.8607154792760856
logreg_balanced_ratio_preserved_noise_mcc_selected_true_pr_auc_v1,logistic_regression_class_weight_balanced,logistic_regression,C,70/30,2,clean,test,70/30,test,10,True,2264,64,5.8412625069904607,70,21,49,0.80000000000000004,0.77551020408163263,0.65217391304347827,0.7142857142857143,0.68181818181818177,0.53760404102768633,41,8,6,15,0.8279883381924199,0.60167541896538113,0.57280143033965747
logreg_balanced_ratio_preserved_noise_mcc_selected_true_pr_auc_v1,logistic_regression_class_weight_balanced,logistic_regression,C,70/30,2,clean,test,75/25,test,10,True,2264,64,5.9525273689941969,84,21,63,0.75,0.73809523809523814,0.5,0.7142857142857143,0.58823529411764708,0.43033148291193518,48,15,6,15,0.84429327286470135,0.75597127869903669,0.75217408776947781
logreg_balanced_ratio_preserved_noise_mcc_selected_true_pr_auc_v1,logistic_regression_class_weight_balanced,logistic_regression,C,70/30,2,clean,test,80/20,test,10,True,2264,64,6.0598072349966969,105,21,84,0.83809523809523812,0.79166666666666674,0.57692307692307687,0.7142857142857143,0.63829787234042556,0.54058733250984259,73,11,6,15,0.86621315192743753,0.71478815792300021,0.7091117730691765
logreg_balanced_ratio_preserved_noise_mcc_selected_true_pr_auc_v1,logistic_regression_class_weight_balanced,logistic_regression,C,70/30,2,clean,test,90/10,test,10,True,2264,64,6.2542385970009491,210,21,189,0.83333333333333337,0.78042328042328046,0.34090909090909088,0.7142857142857143,0.46153846153846156,0.41343213319413624,160,29,6,15,0.84832451499118156,0.46793878360895397,0.43972161068492754
logreg_balanced_ratio_preserved_noise_mcc_selected_true_pr_auc_v1,logistic_regression_class_weight_balanced,logistic_regression,C,70/30,2,random_flip_10,validation_selected_reproduction,70/30,valid,10,True,2264,64,5.6263257270038594,64,19,45,0.84375,0.84327485380116962,0.69565217391304346,0.84210526315789469,0.76190476190476186,0.65373117726954388,38,7,3,16,0.84561403508771926,0.78133473219777549,0.77225557314755022
logreg_balanced_ratio_preserved_noise_mcc_selected_true_pr_auc_v1,logistic_regression_class_weight_balanced,logistic_regression,C,70/30,2,random_flip_10,test,50/50,test,10,True,2264,64,5.7288680369965732,42,21,21,0.7857142857142857,0.7857142857142857,0.9285714285714286,0.61904761904761907,0.74285714285714288,0.60609152673132649,20,1,8,13,0.86167800453514731,0.88561530849780645,0.88238732228235439
logreg_balanced_ratio_preserved_noise_mcc_selected_true_pr_auc_v1,logistic_regression_class_weight_balanced,logistic_regression,C,70/30,2,random_flip_10,test,60/40,test,10,True,2264,64,5.8144853569974657,53,21,32,0.75471698113207553,0.73139880952380953,0.72222222222222221,0.61904761904761907,0.66666666666666663,0.47797532566289946,27,5,8,13,0.80654761904761907,0.76867034627752928,0.76270188981293496
logreg_balanced_ratio_preserved_noise_mcc_selected_true_pr_auc_v1,logistic_regression_class_weight_balanced,logistic_regression,C,70/30,2,random_flip_10,test,70/30,test,10,True,2264,64,5.9378204329987057,70,21,49,0.77142857142857146,0.72789115646258506,0.61904761904761907,0.61904761904761907,0.61904761904761907,0.45578231292517007,41,8,8,13,0.79980563654033043,0.66567467358435417,0.65427991945300357
logreg_balanced_ratio_preserved_noise_mcc_selected_true_pr_auc_v1,logistic_regression_class_weight_balanced,logistic_regression,C,70/30,2,random_flip_10,test,75/25,test,10,True,2264,64,6.0468003989954013,84,21,63,0.80952380952380953,0.74603174603174605,0.61904761904761907,0.61904761904761907,0.61904761904761907,0.49206349206349204,55,8,8,13,0.81405895691609975,0.73491411551310204,0.73014587426248689
logreg_balanced_ratio_preserved_noise_mcc_selected_true_pr_auc_v1,logistic_regression_class_weight_balanced,logistic_regression,C,70/30,2,random_flip_10,test,80/20,test,10,True,2264,64,6.153986713004997,105,21,84,0.79047619047619044,0.72619047619047628,0.48148148148148145,0.61904761904761907,0.54166666666666663,0.41402295195838851,70,14,8,13,0.83730158730158732,0.67938464407226951,0.67351253624718255
logreg_balanced_ratio_preserved_noise_mcc_selected_true_pr_auc_v1,logistic_regression_class_weight_balanced,logistic_regression,C,70/30,2,random_flip_10,test,90/10,test,10,True,2264,64,6.3519037800142542,210,21,189,0.80476190476190479,0.72222222222222221,0.28260869565217389,0.61904761904761907,0.38805970149253732,0.32237190934095283,156,33,8,13,0.80297304106827916,0.47233208427932405,0.46121118654781773
logreg_balanced_ratio_preserved_noise_mcc_selected_true_pr_auc_v1,logistic_regression_class_weight_balanced,logistic_regression,C,70/30,2,random_flip_20,validation_selected_reproduction,70/30,valid,10,True,2264,64,5.6915041199827101,64,19,45,0.828125,0.80175438596491233,0.69999999999999996,0.73684210526315785,0.71794871794871795,0.59487443892482417,39,6,5,14,0.85497076023391816,0.81701070858965585,0.81346901370395219
logreg_balanced_ratio_preserved_noise_mcc_selected_true_pr_auc_v1,logistic_regression_class_weight_balanced,logistic_regression,C,70/30,2,random_flip_20,test,50/50,test,10,True,2264,64,5.7993519289884716,42,21,21,0.59523809523809523,0.59523809523809523,0.6428571428571429,0.42857142857142855,0.51428571428571423,0.20203050891044214,16,5,12,9,0.62131519274376412,0.63968916835126488,0.62649909068021103
logreg_balanced_ratio_preserved_noise_mcc_selected_true_pr_auc_v1,logistic_regression_class_weight_balanced,logistic_regression,C,70/30,2,random_flip_20,test,60/40,test,10,True,2264,64,5.8891463099862449,53,21,32,0.660377358490566,0.6205357142857143,0.59999999999999998,0.42857142857142855,0.5,0.26175377283619994,26,6,12,9,0.72172619047619047,0.62626185812860813,0.61356587648116623
logreg_balanced_ratio_preserved_noise_mcc_selected_true_pr_auc_v1,logistic_regression_class_weight_balanced,logistic_regression,C,70/30,2,random_flip_20,test,70/30,test,10,True,2264,64,6.017997099988861,70,21,49,0.62857142857142856,0.5714285714285714,0.39130434782608697,0.42857142857142855,0.40909090909090912,0.13937882545162239,35,14,12,9,0.65889212827988342,0.41180662687062974,0.38297149437529832
logreg_balanced_ratio_preserved_noise_mcc_selected_true_pr_auc_v1,logistic_regression_class_weight_balanced,logistic_regression,C,70/30,2,random_flip_20,test,75/25,test,10,True,2264,64,6.1275326209724881,84,21,63,0.69047619047619047,0.60317460317460314,0.39130434782608697,0.42857142857142855,0.40909090909090912,0.20037977722310452,49,14,12,9,0.63945578231292521,0.4299457454810327,0.41744257186446376
logreg_balanced_ratio_preserved_noise_mcc_selected_true_pr_auc_v1,logistic_regression_class_weight_balanced,logistic_regression,C,70/30,2,random_flip_20,test,80/20,test,10,True,2264,64,6.2507775639824104,105,21,84,0.74285714285714288,0.625,0.375,0.42857142857142855,0.40000000000000002,0.23814483610392009,69,15,12,9,0.73072562358276638,0.40150671754026418,0.38939258033069279
logreg_balanced_ratio_preserved_noise_mcc_selected_true_pr_auc_v1,logistic_regression_class_weight_balanced,logistic_regression,C,70/30,2,random_flip_20,test,90/10,test,10,True,2264,64,6.433218254998792,210,21,189,0.78095238095238095,0.6243386243386243,0.20930232558139536,0.42857142857142855,0.28125,0.18487753408752322,155,34,12,9,0.69538926681783819,0.18880049823666933,0.17145297032999973
logreg_balanced_ratio_preserved_noise_mcc_selected_true_pr_auc_v1,logistic_regression_class_weight_balanced,logistic_regression,C,70/30,2,random_fp_10,validation_selected_reproduction,70/30,valid,1,True,3021,64,6.6484635529923253,64,19,45,0.8125,0.82105263157894737,0.64000000000000001,0.84210526315789469,0.72727272727272729,0.60129415086997595,36,9,3,16,0.85847953216374273,0.79136395581179342,0.78679633173285846
logreg_balanced_ratio_preserved_noise_mcc_selected_true_pr_auc_v1,logistic_regression_class_weight_balanced,logistic_regression,C,70/30,2,random_fp_10,test,50/50,test,1,True,3021,64,6.7695687649829779,42,21,21,0.8571428571428571,0.85714285714285721,0.89473684210526316,0.80952380952380953,0.84999999999999998,0.71754730985240978,19,2,4,17,0.84580498866213161,0.89639860565336016,0.89450567019212901
logreg_balanced_ratio_preserved_noise_mcc_selected_true_pr_auc_v1,logistic_regression_class_weight_balanced,logistic_regression,C,70/30,2,random_fp_10,test,60/40,test,1,True,3021,64,6.8627624979999382,53,21,32,0.77358490566037741,0.77976190476190477,0.68000000000000005,0.80952380952380953,0.73913043478260865,0.54821913290861601,24,8,4,17,0.88244047619047616,0.89761889604326606,0.89609361558958733
logreg_balanced_ratio_preserved_noise_mcc_selected_true_pr_auc_v1,logistic_regression_class_weight_balanced,logistic_regression,C,70/30,2,random_fp_10,test,70/30,test,1,True,3021,64,6.9941830199968535,70,21,49,0.82857142857142863,0.8231292517006803,0.68000000000000005,0.80952380952380953,0.73913043478260865,0.61807004620073758,41,8,4,17,0.81632653061224481,0.58990393695189414,0.56491900685369334
logreg_balanced_ratio_preserved_noise_mcc_selected_true_pr_auc_v1,logistic_regression_class_weight_balanced,logistic_regression,C,70/30,2,random_fp_10,test,75/25,test,1,True,3021,64,7.1029280409857165,84,21,63,0.69047619047619047,0.73015873015873023,0.4358974358974359,0.80952380952380953,0.56666666666666665,0.39966747812078279,41,22,4,17,0.85336356764928201,0.77786786807469044,0.77387573965584266
logreg_balanced_ratio_preserved_noise_mcc_selected_true_pr_auc_v1,logistic_regression_class_weight_balanced,logistic_regression,C,70/30,2,random_fp_10,test,80/20,test,1,True,3021,64,7.2168363480013795,105,21,84,0.78095238095238095,0.79166666666666674,0.47222222222222221,0.80952380952380953,0.59649122807017541,0.4915755667668909,65,19,4,17,0.86224489795918358,0.70950423382602201,0.70143826843673329
logreg_balanced_ratio_preserved_noise_mcc_selected_true_pr_auc_v1,logistic_regression_class_weight_balanced,logistic_regression,C,70/30,2,random_fp_10,test,90/10,test,1,True,3021,64,7.4083167490025517,210,21,189,0.79523809523809519,0.80158730158730163,0.30357142857142855,0.80952380952380953,0.44155844155844154,0.40919396764125066,150,39,4,17,0.84933232552280169,0.50278994821444478,0.48955302893885339
logreg_balanced_ratio_preserved_noise_mcc_selected_true_pr_auc_v1,logistic_regression_class_weight_balanced,logistic_regression,C,70/30,2,random_fp_20,validation_selected_reproduction,70/30,valid,1,True,3775,64,7.4644008309987839,64,19,45,0.765625,0.77251461988304093,0.57692307692307687,0.78947368421052633,0.66666666666666663,0.50701917823308018,34,11,4,15,0.80350877192982451,0.73300384068936641,0.72669265093638191
logreg_balanced_ratio_preserved_noise_mcc_selected_true_pr_auc_v1,logistic_regression_class_weight_balanced,logistic_regression,C,70/30,2,random_fp_20,test,50/50,test,1,True,3775,64,7.5584360549983103,42,21,21,0.73809523809523814,0.73809523809523814,0.72727272727272729,0.76190476190476186,0.7441860465116279,0.47673129462279618,15,6,5,16,0.85034013605442182,0.86441924680019921,0.8605977412001844
logreg_balanced_ratio_preserved_noise_mcc_selected_true_pr_auc_v1,logistic_regression_class_weight_balanced,logistic_regression,C,70/30,2,random_fp_20,test,60/40,test,1,True,3775,64,7.63918464598828,53,21,32,0.77358490566037741,0.77157738095238093,0.69565217391304346,0.76190476190476186,0.72727272727272729,0.53602331781320434,25,7,5,16,0.89880952380952372,0.87437686126515812,0.87135127534298862
logreg_balanced_ratio_preserved_noise_mcc_selected_true_pr_auc_v1,logistic_regression_class_weight_balanced,logistic_regression,C,70/30,2,random_fp_20,test,70/30,test,1,True,3775,64,7.7632855799747631,70,21,49,0.75714285714285712,0.75850340136054417,0.5714285714285714,0.76190476190476186,0.65306122448979587,0.48361558060343462,37,12,5,16,0.84062196307094261,0.64689854315630213,0.63374060159111978
logreg_balanced_ratio_preserved_noise_mcc_selected_true_pr_auc_v1,logistic_regression_class_weight_balanced,logistic_regression,C,70/30,2,random_fp_20,test,75/25,test,1,True,3775,64,7.8852821229957044,84,21,63,0.75,0.75396825396825395,0.5,0.76190476190476186,0.60377358490566035,0.45291081365783825,47,16,5,16,0.83975812547241124,0.66907101257289625,0.66076939240691579
logreg_balanced_ratio_preserved_noise_mcc_selected_true_pr_auc_v1,logistic_regression_class_weight_balanced,logistic_regression,C,70/30,2,random_fp_20,test,80/20,test,1,True,3775,64,8.0039779259823263,105,21,84,0.78095238095238095,0.77380952380952372,0.47058823529411764,0.76190476190476186,0.58181818181818179,0.46812216308265064,66,18,5,16,0.87811791383219961,0.66517436004273356,0.6540168420906558
logreg_balanced_ratio_preserved_noise_mcc_selected_true_pr_auc_v1,logistic_regression_class_weight_balanced,logistic_regression,C,70/30,2,random_fp_20,test,90/10,test,1,True,3775,64,8.2179004419886041,210,21,189,0.79047619047619044,0.77777777777777768,0.29090909090909089,0.76190476190476186,0.42105263157894735,0.37907125275171766,150,39,5,16,0.88158226253464345,0.51340335927622505,0.50020463022051653
logreg_balanced_ratio_preserved_noise_mcc_selected_true_pr_auc_v1,logistic_regression_class_weight_balanced,logistic_regression,C,70/30,2,heuristic_fp_10,validation_selected_reproduction,70/30,valid,10,True,3021,64,6.4088597929803655,64,19,45,0.796875,0.77953216374268997,0.63636363636363635,0.73684210526315785,0.68292682926829273,0.53778520927801132,37,8,5,14,0.88771929824561402,0.83746864397953324,0.83437666807451127
logreg_balanced_ratio_preserved_noise_mcc_selected_true_pr_auc_v1,logistic_regression_class_weight_balanced,logistic_regression,C,70/30,2,heuristic_fp_10,test,50/50,test,10,True,3021,64,6.5056793749972712,42,21,21,0.83333333333333337,0.83333333333333326,0.84999999999999998,0.80952380952380953,0.82926829268292679,0.66742381247191462,18,3,4,17,0.90022675736961444,0.88857012959997395,0.8849288463147722
logreg_balanced_ratio_preserved_noise_mcc_selected_true_pr_auc_v1,logistic_regression_class_weight_balanced,logistic_regression,C,70/30,2,heuristic_fp_10,test,60/40,test,10,True,3021,64,6.5864348259929102,53,21,32,0.77358490566037741,0.77976190476190477,0.68000000000000005,0.80952380952380953,0.73913043478260865,0.54821913290861601,24,8,4,17,0.91369047619047628,0.90008051281595214,0.89798744866769598
logreg_balanced_ratio_preserved_noise_mcc_selected_true_pr_auc_v1,logistic_regression_class_weight_balanced,logistic_regression,C,70/30,2,heuristic_fp_10,test,70/30,test,10,True,3021,64,6.7092072979721706,70,21,49,0.82857142857142863,0.8231292517006803,0.68000000000000005,0.80952380952380953,0.73913043478260865,0.61807004620073758,41,8,4,17,0.90184645286686105,0.7571338131212082,0.74785666577471033
logreg_balanced_ratio_preserved_noise_mcc_selected_true_pr_auc_v1,logistic_regression_class_weight_balanced,logistic_regression,C,70/30,2,heuristic_fp_10,test,75/25,test,10,True,3021,64,6.8138526299735531,84,21,63,0.72619047619047616,0.75396825396825395,0.47222222222222221,0.80952380952380953,0.59649122807017541,0.44444444444444442,44,19,4,17,0.87528344671201808,0.72339896248985491,0.7146186835361612
logreg_balanced_ratio_preserved_noise_mcc_selected_true_pr_auc_v1,logistic_regression_class_weight_balanced,logistic_regression,C,70/30,2,heuristic_fp_10,test,80/20,test,10,True,3021,64,6.9134024679951835,105,21,84,0.8571428571428571,0.8392857142857143,0.6071428571428571,0.80952380952380953,0.69387755102040816,0.6137909514618759,73,11,4,17,0.93083900226757366,0.79391093265720691,0.78920998846380108
logreg_balanced_ratio_preserved_noise_mcc_selected_true_pr_auc_v1,logistic_regression_class_weight_balanced,logistic_regression,C,70/30,2,heuristic_fp_10,test,90/10,test,10,True,3021,64,7.0907135649758857,210,21,189,0.84285714285714286,0.82804232804232802,0.36956521739130432,0.80952380952380953,0.5074626865671642,0.47588234236045412,160,29,4,17,0.89896699420508952,0.51339274939776391,0.50244449162853577
logreg_balanced_ratio_preserved_noise_mcc_selected_true_pr_auc_v1,logistic_regression_class_weight_balanced,logistic_regression,C,70/30,2,heuristic_fp_20,validation_selected_reproduction,70/30,valid,0.10000000000000001,True,3775,64,6.8984277050185483,64,19,45,0.71875,0.73918128654970761,0.51724137931034486,0.78947368421052633,0.625,0.43904317414824739,31,14,4,15,0.85029239766081866,0.72516373195187622,0.71691554607312646
logreg_balanced_ratio_preserved_noise_mcc_selected_true_pr_auc_v1,logistic_regression_class_weight_balanced,logistic_regression,C,70/30,2,heuristic_fp_20,test,50/50,test,0.10000000000000001,True,3775,64,6.9863019290205557,42,21,21,0.8571428571428571,0.8571428571428571,0.8571428571428571,0.8571428571428571,0.8571428571428571,0.7142857142857143,18,3,3,18,0.90022675736961455,0.87862597091589967,0.87403619504390773
logreg_balanced_ratio_preserved_noise_mcc_selected_true_pr_auc_v1,logistic_regression_class_weight_balanced,logistic_regression,C,70/30,2,heuristic_fp_20,test,60/40,test,0.10000000000000001,True,3775,64,7.062185622024117,53,21,32,0.79245283018867929,0.8035714285714286,0.69230769230769229,0.8571428571428571,0.76595744680851063,0.59402807414242031,24,8,3,18,0.89880952380952384,0.86467452840001879,0.86111609908923081
logreg_balanced_ratio_preserved_noise_mcc_selected_true_pr_auc_v1,logistic_regression_class_weight_balanced,logistic_regression,C,70/30,2,heuristic_fp_20,test,70/30,test,0.10000000000000001,True,3775,64,7.1771783849981148,70,21,49,0.77142857142857146,0.79591836734693877,0.58064516129032262,0.8571428571428571,0.69230769230769229,0.54600479265763269,36,13,3,18,0.86005830903790081,0.61184743699442379,0.5868401900651038
logreg_balanced_ratio_preserved_noise_mcc_selected_true_pr_auc_v1,logistic_regression_class_weight_balanced,logistic_regression,C,70/30,2,heuristic_fp_20,test,75/25,test,0.10000000000000001,True,3775,64,7.281875728018349,84,21,63,0.66666666666666663,0.73015873015873012,0.41860465116279072,0.8571428571428571,0.5625,0.39875965757740561,38,25,3,18,0.83295540438397575,0.64545861406763683,0.63578787156460459
logreg_balanced_ratio_preserved_noise_mcc_selected_true_pr_auc_v1,logistic_regression_class_weight_balanced,logistic_regression,C,70/30,2,heuristic_fp_20,test,80/20,test,0.10000000000000001,True,3775,64,7.3875644649961032,105,21,84,0.75238095238095237,0.79166666666666663,0.43902439024390244,0.8571428571428571,0.58064516129032262,0.47828214578385608,61,23,3,18,0.88208616780045346,0.65240940263142932,0.64357257142492319
logreg_balanced_ratio_preserved_noise_mcc_selected_true_pr_auc_v1,logistic_regression_class_weight_balanced,logistic_regression,C,70/30,2,heuristic_fp_20,test,90/10,test,0.10000000000000001,True,3775,64,7.5849133590236306,210,21,189,0.77142857142857146,0.80952380952380953,0.2857142857142857,0.8571428571428571,0.42857142857142855,0.40526179615255725,144,45,3,18,0.88964474678760397,0.46273659548583146,0.44540683831886041
logreg_balanced_ratio_preserved_noise_mcc_selected_true_pr_auc_v1,logistic_regression_class_weight_balanced,logistic_regression,C,70/30,3,clean,validation_selected_reproduction,70/30,valid,0.10000000000000001,True,2264,64,4.9748771339945961,64,19,45,0.796875,0.79473684210526319,0.625,0.78947368421052633,0.69767441860465118,0.55630358996731843,36,9,4,15,0.80350877192982451,0.62226065723295632,0.60441342954218658
logreg_balanced_ratio_preserved_noise_mcc_selected_true_pr_auc_v1,logistic_regression_class_weight_balanced,logistic_regression,C,70/30,3,clean,test,50/50,test,0.10000000000000001,True,2264,64,5.0406628620112315,42,21,21,0.80952380952380953,0.80952380952380953,0.80952380952380953,0.80952380952380953,0.80952380952380953,0.61904761904761907,17,4,4,17,0.86167800453514742,0.85589769914554537,0.85099595845026621
logreg_balanced_ratio_preserved_noise_mcc_selected_true_pr_auc_v1,logistic_regression_class_weight_balanced,logistic_regression,C,70/30,3,clean,test,60/40,test,0.10000000000000001,True,2264,64,5.1255372430023272,53,21,32,0.81132075471698117,0.81101190476190477,0.73913043478260865,0.80952380952380953,0.77272727272727271,0.6138568406737519,26,6,4,17,0.87648809523809534,0.84332571668098,0.83915888512063797
logreg_balanced_ratio_preserved_noise_mcc_selected_true_pr_auc_v1,logistic_regression_class_weight_balanced,logistic_regression,C,70/30,3,clean,test,70/30,test,0.10000000000000001,True,2264,64,5.2161584740097169,70,21,49,0.80000000000000004,0.80272108843537415,0.62962962962962965,0.80952380952380953,0.70833333333333337,0.56998607972974347,39,10,4,17,0.87949465500485913,0.80679045355626533,0.80217739112783204
logreg_balanced_ratio_preserved_noise_mcc_selected_true_pr_auc_v1,logistic_regression_class_weight_balanced,logistic_regression,C,70/30,3,clean,test,75/25,test,0.10000000000000001,True,2264,64,5.3236452449928038,84,21,63,0.77380952380952384,0.7857142857142857,0.53125,0.80952380952380953,0.64150943396226412,0.50952466536506802,48,15,4,17,0.85185185185185186,0.56428465477606871,0.54144843825187505
logreg_balanced_ratio_preserved_noise_mcc_selected_true_pr_auc_v1,logistic_regression_class_weight_balanced,logistic_regression,C,70/30,3,clean,test,80/20,test,0.10000000000000001,True,2264,64,5.4346938419912476,105,21,84,0.76190476190476186,0.77976190476190477,0.44736842105263158,0.80952380952380953,0.57627118644067798,0.46573477073253305,63,21,4,17,0.84523809523809523,0.53354155362244415,0.50857539761557713
logreg_balanced_ratio_preserved_noise_mcc_selected_true_pr_auc_v1,logistic_regression_class_weight_balanced,logistic_regression,C,70/30,3,clean,test,90/10,test,0.10000000000000001,True,2264,64,5.6261735229927581,210,21,189,0.80952380952380953,0.80952380952380953,0.32075471698113206,0.80952380952380953,0.45945945945945948,0.42754009166904672,153,36,4,17,0.88410178886369362,0.60754482830134438,0.60056733515589389
logreg_balanced_ratio_preserved_noise_mcc_selected_true_pr_auc_v1,logistic_regression_class_weight_balanced,logistic_regression,C,70/30,3,random_flip_10,validation_selected_reproduction,70/30,valid,0.10000000000000001,True,2264,64,5.0644838199950755,64,19,45,0.78125,0.78362573099415211,0.59999999999999998,0.78947368421052633,0.68181818181818177,0.53119792927493326,35,10,4,15,0.81754385964912291,0.63324461053767378,0.61565055413886127
logreg_balanced_ratio_preserved_noise_mcc_selected_true_pr_auc_v1,logistic_regression_class_weight_balanced,logistic_regression,C,70/30,3,random_flip_10,test,50/50,test,0.10000000000000001,True,2264,64,5.1297406849917024,42,21,21,0.7857142857142857,0.7857142857142857,0.77272727272727271,0.80952380952380953,0.79069767441860461,0.57207755354735534,16,5,4,17,0.86848072562358269,0.84922029167658475,0.84271279728685644
logreg_balanced_ratio_preserved_noise_mcc_selected_true_pr_auc_v1,logistic_regression_class_weight_balanced,logistic_regression,C,70/30,3,random_flip_10,test,60/40,test,0.10000000000000001,True,2264,64,5.2150200259929989,53,21,32,0.79245283018867929,0.79538690476190477,0.70833333333333337,0.80952380952380953,0.75555555555555554,0.58049869858001624,25,7,4,17,0.86160714285714279,0.80660511093873466,0.80019277138496947
logreg_balanced_ratio_preserved_noise_mcc_selected_true_pr_auc_v1,logistic_regression_class_weight_balanced,logistic_regression,C,70/30,3,random_flip_10,test,70/30,test,0.10000000000000001,True,2264,64,5.3094768409791868,70,21,49,0.80000000000000004,0.80272108843537415,0.62962962962962965,0.80952380952380953,0.70833333333333337,0.56998607972974347,39,10,4,17,0.87463556851311941,0.77926899098597735,0.7736185779117537
logreg_balanced_ratio_preserved_noise_mcc_selected_true_pr_auc_v1,logistic_regression_class_weight_balanced,logistic_regression,C,70/30,3,random_flip_10,test,75/25,test,0.10000000000000001,True,2264,64,5.4120646119990852,84,21,63,0.76190476190476186,0.77777777777777779,0.51515151515151514,0.80952380952380953,0.62962962962962965,0.49256705274087387,47,16,4,17,0.84051398337112615,0.54996777288808518,0.52091645778213347
logreg_balanced_ratio_preserved_noise_mcc_selected_true_pr_auc_v1,logistic_regression_class_weight_balanced,logistic_regression,C,70/30,3,random_flip_10,test,80/20,test,0.10000000000000001,True,2264,64,5.530297524004709,105,21,84,0.73333333333333328,0.76190476190476186,0.41463414634146339,0.80952380952380953,0.54838709677419351,0.42947784519366666,60,24,4,17,0.83956916099773249,0.50826706664380195,0.47872341230191123
logreg_balanced_ratio_preserved_noise_mcc_selected_true_pr_auc_v1,logistic_regression_class_weight_balanced,logistic_regression,C,70/30,3,random_flip_10,test,90/10,test,0.10000000000000001,True,2264,64,5.7113963819865603,210,21,189,0.7857142857142857,0.79629629629629628,0.29310344827586204,0.80952380952380953,0.43037974683544306,0.39761336798615132,148,41,4,17,0.87074829931972786,0.49487936208019395,0.48208369652866595
logreg_balanced_ratio_preserved_noise_mcc_selected_true_pr_auc_v1,logistic_regression_class_weight_balanced,logistic_regression,C,70/30,3,random_flip_20,validation_selected_reproduction,70/30,valid,0.10000000000000001,True,2264,64,5.0178463369957171,64,19,45,0.75,0.76140350877192975,0.55555555555555558,0.78947368421052633,0.65217391304347827,0.48366172632079629,33,12,4,15,0.77309941520467829,0.56791122564321417,0.54928853431634184
logreg_balanced_ratio_preserved_noise_mcc_selected_true_pr_auc_v1,logistic_regression_class_weight_balanced,logistic_regression,C,70/30,3,random_flip_20,test,50/50,test,0.10000000000000001,True,2264,64,5.0870194669987541,42,21,21,0.80952380952380953,0.80952380952380953,0.84210526315789469,0.76190476190476186,0.80000000000000004,0.6218743352054219,18,3,5,16,0.83900226757369611,0.83087812276593476,0.82404701626011967
logreg_balanced_ratio_preserved_noise_mcc_selected_true_pr_auc_v1,logistic_regression_class_weight_balanced,logistic_regression,C,70/30,3,random_flip_20,test,60/40,test,0.10000000000000001,True,2264,64,5.1820569160045125,53,21,32,0.83018867924528306,0.81845238095238093,0.80000000000000004,0.76190476190476186,0.78048780487804881,0.64266872338949876,28,4,5,16,0.8616071428571429,0.78912647294638028,0.78115579706508731
logreg_balanced_ratio_preserved_noise_mcc_selected_true_pr_auc_v1,logistic_regression_class_weight_balanced,logistic_regression,C,70/30,3,random_flip_20,test,70/30,test,0.10000000000000001,True,2264,64,5.2831207000126597,70,21,49,0.80000000000000004,0.78911564625850339,0.64000000000000001,0.76190476190476186,0.69565217391304346,0.55301004133750209,40,9,5,16,0.85325558794946543,0.78121677467078365,0.77648397262809565
logreg_balanced_ratio_preserved_noise_mcc_selected_true_pr_auc_v1,logistic_regression_class_weight_balanced,logistic_regression,C,70/30,3,random_flip_20,test,75/25,test,0.10000000000000001,True,2264,64,5.3879044149944093,84,21,63,0.79761904761904767,0.7857142857142857,0.5714285714285714,0.76190476190476186,0.65306122448979587,0.52489065916782396,51,12,5,16,0.82464096749811033,0.57647806603047802,0.56305378977665343
logreg_balanced_ratio_preserved_noise_mcc_selected_true_pr_auc_v1,logistic_regression_class_weight_balanced,logistic_regression,C,70/30,3,random_flip_20,test,80/20,test,0.10000000000000001,True,2264,64,5.5017604810127523,105,21,84,0.72380952380952379,0.73809523809523814,0.40000000000000002,0.76190476190476186,0.52459016393442626,0.39223227027636809,60,24,5,16,0.81122448979591832,0.49762011140851337,0.46858917510230053
logreg_balanced_ratio_preserved_noise_mcc_selected_true_pr_auc_v1,logistic_regression_class_weight_balanced,logistic_regression,C,70/30,3,random_flip_20,test,90/10,test,0.10000000000000001,True,2264,64,5.6875705540005583,210,21,189,0.77142857142857146,0.76719576719576721,0.2711864406779661,0.76190476190476186,0.40000000000000002,0.35668565182780715,146,43,5,16,0.84882842025699168,0.48423273477513751,0.47360464020839999
logreg_balanced_ratio_preserved_noise_mcc_selected_true_pr_auc_v1,logistic_regression_class_weight_balanced,logistic_regression,C,70/30,3,random_fp_10,validation_selected_reproduction,70/30,valid,0.10000000000000001,True,3021,64,6.4127268770243973,64,19,45,0.734375,0.75029239766081868,0.5357142857142857,0.78947368421052633,0.63829787234042556,0.46103133651808054,32,13,4,15,0.79415204678362572,0.62179167581644368,0.60397237060543685
logreg_balanced_ratio_preserved_noise_mcc_selected_true_pr_auc_v1,logistic_regression_class_weight_balanced,logistic_regression,C,70/30,3,random_fp_10,test,50/50,test,0.10000000000000001,True,3021,64,6.4908616650209296,42,21,21,0.80952380952380953,0.80952380952380953,0.80952380952380953,0.80952380952380953,0.80952380952380953,0.61904761904761907,17,4,4,17,0.84807256235827655,0.86014253937688712,0.8561533058865789
logreg_balanced_ratio_preserved_noise_mcc_selected_true_pr_auc_v1,logistic_regression_class_weight_balanced,logistic_regression,C,70/30,3,random_fp_10,test,60/40,test,0.10000000000000001,True,3021,64,6.586533309018705,53,21,32,0.79245283018867929,0.79538690476190477,0.70833333333333337,0.80952380952380953,0.75555555555555554,0.58049869858001624,25,7,4,17,0.85714285714285721,0.83020235251114527,0.82587749312156244
logreg_balanced_ratio_preserved_noise_mcc_selected_true_pr_auc_v1,logistic_regression_class_weight_balanced,logistic_regression,C,70/30,3,random_fp_10,test,70/30,test,0.10000000000000001,True,3021,64,6.6850582920014858,70,21,49,0.81428571428571428,0.81292517006802723,0.65384615384615385,0.80952380952380953,0.72340425531914898,0.59356074020638561,40,9,4,17,0.86977648202138003,0.79858029429920641,0.79387797037161967
logreg_balanced_ratio_preserved_noise_mcc_selected_true_pr_auc_v1,logistic_regression_class_weight_balanced,logistic_regression,C,70/30,3,random_fp_10,test,75/25,test,0.10000000000000001,True,3021,64,6.7983633340045344,84,21,63,0.77380952380952384,0.7857142857142857,0.53125,0.80952380952380953,0.64150943396226412,0.50952466536506802,48,15,4,17,0.8344671201814059,0.5540542558863929,0.53126313676382497
logreg_balanced_ratio_preserved_noise_mcc_selected_true_pr_auc_v1,logistic_regression_class_weight_balanced,logistic_regression,C,70/30,3,random_fp_10,test,80/20,test,0.10000000000000001,True,3021,64,6.9162036460184027,105,21,84,0.7142857142857143,0.75,0.39534883720930231,0.80952380952380953,0.53125,0.40671409379135381,58,26,4,17,0.83616780045351469,0.52367324243240487,0.49868643404569124
logreg_balanced_ratio_preserved_noise_mcc_selected_true_pr_auc_v1,logistic_regression_class_weight_balanced,logistic_regression,C,70/30,3,random_fp_10,test,90/10,test,0.10000000000000001,True,3021,64,7.1032728000136558,210,21,189,0.77619047619047621,0.79100529100529093,0.28333333333333333,0.80952380952380953,0.41975308641975306,0.38650060290946858,146,43,4,17,0.86772486772486768,0.56799273235934067,0.55869405352344303
logreg_balanced_ratio_preserved_noise_mcc_selected_true_pr_auc_v1,logistic_regression_class_weight_balanced,logistic_regression,C,70/30,3,random_fp_20,validation_selected_reproduction,70/30,valid,1,True,3775,64,7.1284236010105815,64,19,45,0.765625,0.78771929824561404,0.5714285714285714,0.84210526315789469,0.68085106382978722,0.52997060179181221,33,12,3,16,0.84795321637426901,0.65840703693950864,0.64077219929693108
logreg_balanced_ratio_preserved_noise_mcc_selected_true_pr_auc_v1,logistic_regression_class_weight_balanced,logistic_regression,C,70/30,3,random_fp_20,test,50/50,test,1,True,3775,64,7.2000961109879427,42,21,21,0.7857142857142857,0.7857142857142857,0.80000000000000004,0.76190476190476186,0.78048780487804881,0.57207755354735534,17,4,5,16,0.85941043083900226,0.86060086993670959,0.8563965440762773
logreg_balanced_ratio_preserved_noise_mcc_selected_true_pr_auc_v1,logistic_regression_class_weight_balanced,logistic_regression,C,70/30,3,random_fp_20,test,60/40,test,1,True,3775,64,7.2944300230010413,53,21,32,0.73584905660377353,0.74032738095238093,0.64000000000000001,0.76190476190476186,0.69565217391304346,0.47094356364224199,23,9,5,16,0.82738095238095233,0.78533124371524887,0.77991737684518081
logreg_balanced_ratio_preserved_noise_mcc_selected_true_pr_auc_v1,logistic_regression_class_weight_balanced,logistic_regression,C,70/30,3,random_fp_20,test,70/30,test,1,True,3775,64,7.3935380899929442,70,21,49,0.77142857142857146,0.76870748299319724,0.59259259259259256,0.76190476190476186,0.66666666666666663,0.50594269998482844,38,11,5,16,0.83576287657920312,0.74835433088145509,0.74278590030285185
logreg_balanced_ratio_preserved_noise_mcc_selected_true_pr_auc_v1,logistic_regression_class_weight_balanced,logistic_regression,C,70/30,3,random_fp_20,test,75/25,test,1,True,3775,64,7.4975282360101119,84,21,63,0.7142857142857143,0.73015873015873012,0.45714285714285713,0.76190476190476186,0.5714285714285714,0.4043014587929637,44,19,5,16,0.81481481481481488,0.53383549427247146,0.50845330032190417
logreg_balanced_ratio_preserved_noise_mcc_selected_true_pr_auc_v1,logistic_regression_class_weight_balanced,logistic_regression,C,70/30,3,random_fp_20,test,80/20,test,1,True,3775,64,7.6062174259859603,105,21,84,0.70476190476190481,0.72619047619047616,0.38095238095238093,0.76190476190476186,0.50793650793650791,0.369367500895876,58,26,5,16,0.83106575963718821,0.55188984795647722,0.52412402665604207
logreg_balanced_ratio_preserved_noise_mcc_selected_true_pr_auc_v1,logistic_regression_class_weight_balanced,logistic_regression,C,70/30,3,random_fp_20,test,90/10,test,1,True,3775,64,7.8179268680105451,210,21,189,0.73333333333333328,0.74603174603174605,0.23880597014925373,0.76190476190476186,0.36363636363636365,0.31670598730089494,138,51,5,16,0.83320735701688076,0.45480556389314702,0.44485713148538619
logreg_balanced_ratio_preserved_noise_mcc_selected_true_pr_auc_v1,logistic_regression_class_weight_balanced,logistic_regression,C,70/30,3,heuristic_fp_10,validation_selected_reproduction,70/30,valid,10,True,3021,64,6.3395616110065021,64,19,45,0.765625,0.75730994152046782,0.58333333333333337,0.73684210526315785,0.65116279069767447,0.48566186425718272,35,10,5,14,0.83976608187134494,0.75260873280135532,0.74477942363431604
logreg_balanced_ratio_preserved_noise_mcc_selected_true_pr_auc_v1,logistic_regression_class_weight_balanced,logistic_regression,C,70/30,3,heuristic_fp_10,test,50/50,test,10,True,3021,64,6.4124649220029823,42,21,21,0.88095238095238093,0.88095238095238093,0.94444444444444442,0.80952380952380953,0.87179487179487181,0.76980035891950105,20,1,4,17,0.94784580498866211,0.94967834836846876,0.94835975763128855
logreg_balanced_ratio_preserved_noise_mcc_selected_true_pr_auc_v1,logistic_regression_class_weight_balanced,logistic_regression,C,70/30,3,heuristic_fp_10,test,60/40,test,10,True,3021,64,6.5081031550071202,53,21,32,0.77358490566037741,0.77976190476190477,0.68000000000000005,0.80952380952380953,0.73913043478260865,0.54821913290861601,24,8,4,17,0.8973214285714286,0.85197249304894607,0.84759621967579957
logreg_balanced_ratio_preserved_noise_mcc_selected_true_pr_auc_v1,logistic_regression_class_weight_balanced,logistic_regression,C,70/30,3,heuristic_fp_10,test,70/30,test,10,True,3021,64,6.6178723709890619,70,21,49,0.7857142857142857,0.79251700680272108,0.6071428571428571,0.80952380952380953,0.69387755102040816,0.54724920963020229,38,11,4,17,0.88726919339164234,0.79208182366908453,0.7865434269470295
logreg_balanced_ratio_preserved_noise_mcc_selected_true_pr_auc_v1,logistic_regression_class_weight_balanced,logistic_regression,C,70/30,3,heuristic_fp_10,test,75/25,test,10,True,3021,64,6.7455924929818138,84,21,63,0.80952380952380953,0.80952380952380953,0.58620689655172409,0.80952380952380953,0.68000000000000005,0.56379813635555209,51,12,4,17,0.86848072562358269,0.59327337736380148,0.56823068975364543
logreg_balanced_ratio_preserved_noise_mcc_selected_true_pr_auc_v1,logistic_regression_class_weight_balanced,logistic_regression,C,70/30,3,heuristic_fp_10,test,80/20,test,10,True,3021,64,6.8717339969880413,105,21,84,0.79047619047619044,0.79761904761904767,0.48571428571428571,0.80952380952380953,0.6071428571428571,0.50507627227610541,66,18,4,17,0.88038548752834456,0.5688685183245269,0.54376852413718446
logreg_balanced_ratio_preserved_noise_mcc_selected_true_pr_auc_v1,logistic_regression_class_weight_balanced,logistic_regression,C,70/30,3,heuristic_fp_10,test,90/10,test,10,True,3021,64,7.0573422749876045,210,21,189,0.80952380952380953,0.80952380952380953,0.32075471698113206,0.80952380952380953,0.45945945945945948,0.42754009166904672,153,36,4,17,0.90526581002771489,0.57772791124940692,0.56958058929032851
logreg_balanced_ratio_preserved_noise_mcc_selected_true_pr_auc_v1,logistic_regression_class_weight_balanced,logistic_regression,C,70/30,3,heuristic_fp_20,validation_selected_reproduction,70/30,valid,0.10000000000000001,True,3775,64,7.0745899730245583,64,19,45,0.6875,0.71695906432748546,0.4838709677419355,0.78947368421052633,0.59999999999999998,0.39669162837951,29,16,4,15,0.81754385964912279,0.64832534435255984,0.63172000149158936
logreg_balanced_ratio_preserved_noise_mcc_selected_true_pr_auc_v1,logistic_regression_class_weight_balanced,logistic_regression,C,70/30,3,heuristic_fp_20,test,50/50,test,0.10000000000000001,True,3775,64,7.1472489080042578,42,21,21,0.76190476190476186,0.76190476190476186,0.71999999999999997,0.8571428571428571,0.78260869565217395,0.53357837507993255,14,7,3,18,0.89795918367346927,0.8956020450758817,0.89226930847246866
logreg_balanced_ratio_preserved_noise_mcc_selected_true_pr_auc_v1,logistic_regression_class_weight_balanced,logistic_regression,C,70/30,3,heuristic_fp_20,test,60/40,test,0.10000000000000001,True,3775,64,7.2422179450222757,53,21,32,0.75471698113207553,0.7723214285714286,0.6428571428571429,0.8571428571428571,0.73469387755102045,0.53363883682062097,22,10,3,18,0.86755952380952384,0.8092957829777061,0.80370625693377318
logreg_balanced_ratio_preserved_noise_mcc_selected_true_pr_auc_v1,logistic_regression_class_weight_balanced,logistic_regression,C,70/30,3,heuristic_fp_20,test,70/30,test,0.10000000000000001,True,3775,64,7.3402683760214131,70,21,49,0.75714285714285712,0.7857142857142857,0.5625,0.8571428571428571,0.67924528301886788,0.52565748303784687,35,14,3,18,0.8862973760932944,0.7748808848014499,0.76814223201118326
logreg_balanced_ratio_preserved_noise_mcc_selected_true_pr_auc_v1,logistic_regression_class_weight_balanced,logistic_regression,C,70/30,3,heuristic_fp_20,test,75/25,test,0.10000000000000001,True,3775,64,7.4737612390017603,84,21,63,0.73809523809523814,0.77777777777777768,0.48648648648648651,0.8571428571428571,0.62068965517241381,0.48457123043208916,44,19,3,18,0.85941043083900226,0.5917128540301948,0.56274334307375085
logreg_balanced_ratio_preserved_noise_mcc_selected_true_pr_auc_v1,logistic_regression_class_weight_balanced,logistic_regression,C,70/30,3,heuristic_fp_20,test,80/20,test,0.10000000000000001,True,3775,64,7.5972687980101909,105,21,84,0.73333333333333328,0.77976190476190466,0.41860465116279072,0.8571428571428571,0.5625,0.45513243829032446,59,25,3,18,0.858843537414966,0.57592122084735475,0.55856661431199273
logreg_balanced_ratio_preserved_noise_mcc_selected_true_pr_auc_v1,logistic_regression_class_weight_balanced,logistic_regression,C,70/30,3,heuristic_fp_20,test,90/10,test,0.10000000000000001,True,3775,64,7.7983908940223046,210,21,189,0.72857142857142854,0.7857142857142857,0.25,0.8571428571428571,0.38709677419354838,0.36115755925730764,135,54,3,18,0.87629125724363821,0.4710568599718577,0.45385507058343755
logreg_balanced_ratio_preserved_noise_mcc_selected_true_pr_auc_v1,logistic_regression_class_weight_balanced,logistic_regression,C,70/30,4,clean,validation_selected_reproduction,70/30,valid,10,True,2264,64,5.6070210579782724,64,19,45,0.765625,0.75730994152046782,0.58333333333333337,0.73684210526315785,0.65116279069767447,0.48566186425718272,35,10,5,14,0.80935672514619883,0.61403246197592676,0.59589132648070586
logreg_balanced_ratio_preserved_noise_mcc_selected_true_pr_auc_v1,logistic_regression_class_weight_balanced,logistic_regression,C,70/30,4,clean,test,50/50,test,10,True,2264,64,5.7016710869793314,42,21,21,0.76190476190476186,0.76190476190476186,0.82352941176470584,0.66666666666666663,0.73684210526315785,0.53357837507993255,18,3,7,14,0.87755102040816324,0.89769981021781464,0.89531710074682391
logreg_balanced_ratio_preserved_noise_mcc_selected_true_pr_auc_v1,logistic_regression_class_weight_balanced,logistic_regression,C,70/30,4,clean,test,60/40,test,10,True,2264,64,5.8573374479892664,53,21,32,0.81132075471698117,0.78645833333333326,0.82352941176470584,0.66666666666666663,0.73684210526315785,0.60034428666160644,29,3,7,14,0.8526785714285714,0.75148353806591783,0.72643336733370945
logreg_balanced_ratio_preserved_noise_mcc_selected_true_pr_auc_v1,logistic_regression_class_weight_balanced,logistic_regression,C,70/30,4,clean,test,70/30,test,10,True,2264,64,5.9570817810017616,70,21,49,0.7857142857142857,0.7517006802721089,0.63636363636363635,0.66666666666666663,0.65116279069767447,0.49692416114898447,41,8,7,14,0.83284742468415929,0.69568804221484637,0.68144621028925956
logreg_balanced_ratio_preserved_noise_mcc_selected_true_pr_auc_v1,logistic_regression_class_weight_balanced,logistic_regression,C,70/30,4,clean,test,75/25,test,10,True,2264,64,6.0752687409985811,84,21,63,0.83333333333333337,0.77777777777777768,0.66666666666666663,0.66666666666666663,0.66666666666666663,0.55555555555555558,56,7,7,14,0.88057445200302342,0.72574446748034793,0.71234100377856735
logreg_balanced_ratio_preserved_noise_mcc_selected_true_pr_auc_v1,logistic_regression_class_weight_balanced,logistic_regression,C,70/30,4,clean,test,80/20,test,10,True,2264,64,6.1883366770052817,105,21,84,0.8666666666666667,0.79166666666666663,0.66666666666666663,0.66666666666666663,0.66666666666666663,0.58333333333333337,77,7,7,14,0.89002267573696148,0.79026451493206173,0.78696458709704231
logreg_balanced_ratio_preserved_noise_mcc_selected_true_pr_auc_v1,logistic_regression_class_weight_balanced,logistic_regression,C,70/30,4,clean,test,90/10,test,10,True,2264,64,6.3994536949903704,210,21,189,0.82380952380952377,0.75396825396825395,0.31818181818181818,0.66666666666666663,0.43076923076923079,0.37442910176072719,159,30,7,14,0.84278155706727131,0.42638074594668551,0.39831677262669529
logreg_balanced_ratio_preserved_noise_mcc_selected_true_pr_auc_v1,logistic_regression_class_weight_balanced,logistic_regression,C,70/30,4,random_flip_10,validation_selected_reproduction,70/30,valid,0.10000000000000001,True,2264,64,5.4680919829988852,64,19,45,0.734375,0.75029239766081868,0.5357142857142857,0.78947368421052633,0.63829787234042556,0.46103133651808054,32,13,4,15,0.83508771929824555,0.71340246417645803,0.69877120097410783
logreg_balanced_ratio_preserved_noise_mcc_selected_true_pr_auc_v1,logistic_regression_class_weight_balanced,logistic_regression,C,70/30,4,random_flip_10,test,50/50,test,0.10000000000000001,True,2264,64,5.5496769250021316,42,21,21,0.83333333333333337,0.83333333333333326,0.84999999999999998,0.80952380952380953,0.82926829268292679,0.66742381247191462,18,3,4,17,0.85487528344671193,0.86030456290201762,0.85613969713937932
logreg_balanced_ratio_preserved_noise_mcc_selected_true_pr_auc_v1,logistic_regression_class_weight_balanced,logistic_regression,C,70/30,4,random_flip_10,test,60/40,test,0.10000000000000001,True,2264,64,5.711719211016316,53,21,32,0.73584905660377353,0.74851190476190477,0.62962962962962965,0.80952380952380953,0.70833333333333337,0.48628768814600093,22,10,4,17,0.82589285714285721,0.7192142170594561,0.69345668876586286
logreg_balanced_ratio_preserved_noise_mcc_selected_true_pr_auc_v1,logistic_regression_class_weight_balanced,logistic_regression,C,70/30,4,random_flip_10,test,70/30,test,0.10000000000000001,True,2264,64,5.8151704129995778,70,21,49,0.7857142857142857,0.79251700680272108,0.6071428571428571,0.80952380952380953,0.69387755102040816,0.54724920963020229,38,11,4,17,0.83187560738581157,0.71412613730807739,0.70371202041956038
logreg_balanced_ratio_preserved_noise_mcc_selected_true_pr_auc_v1,logistic_regression_class_weight_balanced,logistic_regression,C,70/30,4,random_flip_10,test,75/25,test,0.10000000000000001,True,2264,64,5.9453231250226963,84,21,63,0.77380952380952384,0.7857142857142857,0.53125,0.80952380952380953,0.64150943396226412,0.50952466536506802,48,15,4,17,0.82993197278911568,0.60731856634109938,0.59021728255425154
logreg_balanced_ratio_preserved_noise_mcc_selected_true_pr_auc_v1,logistic_regression_class_weight_balanced,logistic_regression,C,70/30,4,random_flip_10,test,80/20,test,0.10000000000000001,True,2264,64,6.0605498330260161,105,21,84,0.76190476190476186,0.77976190476190477,0.44736842105263158,0.80952380952380953,0.57627118644067798,0.46573477073253305,63,21,4,17,0.86167800453514742,0.71167502518940529,0.70611574760331086
logreg_balanced_ratio_preserved_noise_mcc_selected_true_pr_auc_v1,logistic_regression_class_weight_balanced,logistic_regression,C,70/30,4,random_flip_10,test,90/10,test,0.10000000000000001,True,2264,64,6.2763134940178134,210,21,189,0.77142857142857146,0.78835978835978837,0.27868852459016391,0.80952380952380953,0.41463414634146339,0.38110723319571488,145,44,4,17,0.84706475182665653,0.42837895359037315,0.39932988888954679
logreg_balanced_ratio_preserved_noise_mcc_selected_true_pr_auc_v1,logistic_regression_class_weight_balanced,logistic_regression,C,70/30,4,random_flip_20,validation_selected_reproduction,70/30,valid,0.10000000000000001,True,2264,64,5.3757495309982914,64,19,45,0.71875,0.7543859649122806,0.5161290322580645,0.84210526315789469,0.64000000000000001,0.46512360739915587,30,15,3,16,0.83625730994152048,0.70272826988664128,0.68744027039270517
logreg_balanced_ratio_preserved_noise_mcc_selected_true_pr_auc_v1,logistic_regression_class_weight_balanced,logistic_regression,C,70/30,4,random_flip_20,test,50/50,test,0.10000000000000001,True,2264,64,5.4527629310032353,42,21,21,0.80952380952380953,0.80952380952380953,0.80952380952380953,0.80952380952380953,0.80952380952380953,0.61904761904761907,17,4,4,17,0.86848072562358281,0.89019335167006997,0.88769375196152289
logreg_balanced_ratio_preserved_noise_mcc_selected_true_pr_auc_v1,logistic_regression_class_weight_balanced,logistic_regression,C,70/30,4,random_flip_20,test,60/40,test,0.10000000000000001,True,2264,64,5.5925593669817317,53,21,32,0.69811320754716977,0.71726190476190477,0.58620689655172409,0.80952380952380953,0.68000000000000005,0.42696629719235452,20,12,4,17,0.78720238095238093,0.67511156031924413,0.65914546036120214
logreg_balanced_ratio_preserved_noise_mcc_selected_true_pr_auc_v1,logistic_regression_class_weight_balanced,logistic_regression,C,70/30,4,random_flip_20,test,70/30,test,0.10000000000000001,True,2264,64,5.6921084639907349,70,21,49,0.74285714285714288,0.76190476190476186,0.54838709677419351,0.80952380952380953,0.65384615384615385,0.4832456210877899,35,14,4,17,0.86103012633624876,0.74666908614296634,0.73371095369254924
logreg_balanced_ratio_preserved_noise_mcc_selected_true_pr_auc_v1,logistic_regression_class_weight_balanced,logistic_regression,C,70/30,4,random_flip_20,test,75/25,test,0.10000000000000001,True,2264,64,5.8053537450032309,84,21,63,0.79761904761904767,0.80158730158730163,0.56666666666666665,0.80952380952380953,0.66666666666666663,0.54508654502178455,50,13,4,17,0.84051398337112637,0.67680070901775546,0.66886741685670259
logreg_balanced_ratio_preserved_noise_mcc_selected_true_pr_auc_v1,logistic_regression_class_weight_balanced,logistic_regression,C,70/30,4,random_flip_20,test,80/20,test,0.10000000000000001,True,2264,64,5.9255006529856473,105,21,84,0.78095238095238095,0.79166666666666674,0.47222222222222221,0.80952380952380953,0.59649122807017541,0.4915755667668909,65,19,4,17,0.86904761904761907,0.71799287450652027,0.7117874529269288
logreg_balanced_ratio_preserved_noise_mcc_selected_true_pr_auc_v1,logistic_regression_class_weight_balanced,logistic_regression,C,70/30,4,random_flip_20,test,90/10,test,0.10000000000000001,True,2264,64,6.1478901850059628,210,21,189,0.72857142857142854,0.76455026455026454,0.24285714285714285,0.80952380952380953,0.37362637362637363,0.33671751485073692,136,53,4,17,0.84202569916855619,0.45108371171319539,0.43420789735182608
logreg_balanced_ratio_preserved_noise_mcc_selected_true_pr_auc_v1,logistic_regression_class_weight_balanced,logistic_regression,C,70/30,4,random_fp_10,validation_selected_reproduction,70/30,valid,0.10000000000000001,True,3021,64,6.3578214940207545,64,19,45,0.703125,0.72807017543859653,0.5,0.78947368421052633,0.61224489795918369,0.41762016803210311,30,15,4,15,0.8479532163742689,0.73524645116893439,0.72101237325380052
logreg_balanced_ratio_preserved_noise_mcc_selected_true_pr_auc_v1,logistic_regression_class_weight_balanced,logistic_regression,C,70/30,4,random_fp_10,test,50/50,test,0.10000000000000001,True,3021,64,6.4319179540034384,42,21,21,0.7857142857142857,0.7857142857142857,0.77272727272727271,0.80952380952380953,0.79069767441860461,0.57207755354735534,16,5,4,17,0.85034013605442182,0.86748148137416603,0.86417630676045687
logreg_balanced_ratio_preserved_noise_mcc_selected_true_pr_auc_v1,logistic_regression_class_weight_balanced,logistic_regression,C,70/30,4,random_fp_10,test,60/40,test,0.10000000000000001,True,3021,64,6.5642473080079071,53,21,32,0.71698113207547165,0.73288690476190477,0.6071428571428571,0.80952380952380953,0.69387755102040816,0.45636326755424689,21,11,4,17,0.81101190476190477,0.71308763765348004,0.6980448118342566
logreg_balanced_ratio_preserved_noise_mcc_selected_true_pr_auc_v1,logistic_regression_class_weight_balanced,logistic_regression,C,70/30,4,random_fp_10,test,70/30,test,0.10000000000000001,True,3021,64,6.6577127780183218,70,21,49,0.75714285714285712,0.77210884353741505,0.56666666666666665,0.80952380952380953,0.66666666666666663,0.50395263067896956,36,13,4,17,0.8328474246841594,0.70613116590365643,0.6922050649934024
logreg_balanced_ratio_preserved_noise_mcc_selected_true_pr_auc_v1,logistic_regression_class_weight_balanced,logistic_regression,C,70/30,4,random_fp_10,test,75/25,test,0.10000000000000001,True,3021,64,6.7769219730107579,84,21,63,0.7857142857142857,0.79365079365079372,0.54838709677419351,0.80952380952380953,0.65384615384615385,0.52701419743016409,49,14,4,17,0.84353741496598633,0.63371332434122074,0.61720056202152707
logreg_balanced_ratio_preserved_noise_mcc_selected_true_pr_auc_v1,logistic_regression_class_weight_balanced,logistic_regression,C,70/30,4,random_fp_10,test,80/20,test,0.10000000000000001,True,3021,64,6.8880284120095894,105,21,84,0.78095238095238095,0.79166666666666674,0.47222222222222221,0.80952380952380953,0.59649122807017541,0.4915755667668909,65,19,4,17,0.87414965986394555,0.72645656215544196,0.72035943626413457
logreg_balanced_ratio_preserved_noise_mcc_selected_true_pr_auc_v1,logistic_regression_class_weight_balanced,logistic_regression,C,70/30,4,random_fp_10,test,90/10,test,0.10000000000000001,True,3021,64,7.1036981010111049,210,21,189,0.72380952380952379,0.76190476190476186,0.23943661971830985,0.80952380952380953,0.36956521739130432,0.33218297126099766,135,54,4,17,0.85462333081380704,0.4709655454469926,0.4428496776637264
logreg_balanced_ratio_preserved_noise_mcc_selected_true_pr_auc_v1,logistic_regression_class_weight_balanced,logistic_regression,C,70/30,4,random_fp_20,validation_selected_reproduction,70/30,valid,10,True,3775,64,7.4159409639833029,64,19,45,0.71875,0.73918128654970761,0.51724137931034486,0.78947368421052633,0.625,0.43904317414824739,31,14,4,15,0.78128654970760225,0.59536901763607952,0.58114637870033403
logreg_balanced_ratio_preserved_noise_mcc_selected_true_pr_auc_v1,logistic_regression_class_weight_balanced,logistic_regression,C,70/30,4,random_fp_20,test,50/50,test,10,True,3775,64,7.4959418669750448,42,21,21,0.73809523809523814,0.73809523809523814,0.72727272727272729,0.76190476190476186,0.7441860465116279,0.47673129462279618,15,6,5,16,0.8231292517006803,0.85203302648804558,0.84770799382159967
logreg_balanced_ratio_preserved_noise_mcc_selected_true_pr_auc_v1,logistic_regression_class_weight_balanced,logistic_regression,C,70/30,4,random_fp_20,test,60/40,test,10,True,3775,64,7.638087799976347,53,21,32,0.79245283018867929,0.78720238095238093,0.72727272727272729,0.76190476190476186,0.7441860465116279,0.57017803220524033,26,6,5,16,0.84523809523809523,0.75895898355553282,0.73429618832991583
logreg_balanced_ratio_preserved_noise_mcc_selected_true_pr_auc_v1,logistic_regression_class_weight_balanced,logistic_regression,C,70/30,4,random_fp_20,test,70/30,test,10,True,3775,64,7.7333560839761049,70,21,49,0.75714285714285712,0.75850340136054417,0.5714285714285714,0.76190476190476186,0.65306122448979587,0.48361558060343462,37,12,5,16,0.82118561710398452,0.66885746292289239,0.64188938334526457
logreg_balanced_ratio_preserved_noise_mcc_selected_true_pr_auc_v1,logistic_regression_class_weight_balanced,logistic_regression,C,70/30,4,random_fp_20,test,75/25,test,10,True,3775,64,7.8528302459744737,84,21,63,0.83333333333333337,0.80952380952380953,0.64000000000000001,0.76190476190476186,0.69565217391304346,0.58628390184220658,54,9,5,16,0.85563114134542695,0.76312313895009654,0.75851081615817817
logreg_balanced_ratio_preserved_noise_mcc_selected_true_pr_auc_v1,logistic_regression_class_weight_balanced,logistic_regression,C,70/30,4,random_fp_20,test,80/20,test,10,True,3775,64,7.9587591879826505,105,21,84,0.80952380952380953,0.79166666666666663,0.5161290322580645,0.76190476190476186,0.61538461538461542,0.51152796052883553,69,15,5,16,0.84637188208616765,0.69203543025144376,0.68362074649626026
logreg_balanced_ratio_preserved_noise_mcc_selected_true_pr_auc_v1,logistic_regression_class_weight_balanced,logistic_regression,C,70/30,4,random_fp_20,test,90/10,test,10,True,3775,64,8.1872643389797304,210,21,189,0.73809523809523814,0.74867724867724861,0.24242424242424243,0.76190476190476186,0.36781609195402298,0.3214055597793688,139,50,5,16,0.81053162005542956,0.36137565216006517,0.33667250979535762
logreg_balanced_ratio_preserved_noise_mcc_selected_true_pr_auc_v1,logistic_regression_class_weight_balanced,logistic_regression,C,70/30,4,heuristic_fp_10,validation_selected_reproduction,70/30,valid,1,True,3021,64,6.5211141500039957,64,19,45,0.71875,0.73918128654970761,0.51724137931034486,0.78947368421052633,0.625,0.43904317414824739,31,14,4,15,0.82105263157894737,0.71356528908407035,0.70467156118095187
logreg_balanced_ratio_preserved_noise_mcc_selected_true_pr_auc_v1,logistic_regression_class_weight_balanced,logistic_regression,C,70/30,4,heuristic_fp_10,test,50/50,test,1,True,3021,64,6.59929646900855,42,21,21,0.83333333333333337,0.83333333333333326,0.79166666666666663,0.90476190476190477,0.84444444444444444,0.67357531405456339,16,5,2,19,0.91383219954648531,0.89566297970675857,0.89124511052595623
logreg_balanced_ratio_preserved_noise_mcc_selected_true_pr_auc_v1,logistic_regression_class_weight_balanced,logistic_regression,C,70/30,4,heuristic_fp_10,test,60/40,test,1,True,3021,64,6.7520370490092319,53,21,32,0.81132075471698117,0.82738095238095233,0.70370370370370372,0.90476190476190477,0.79166666666666663,0.64061851133006109,24,8,2,19,0.88690476190476186,0.81617595952360777,0.8093515050315403
logreg_balanced_ratio_preserved_noise_mcc_selected_true_pr_auc_v1,logistic_regression_class_weight_balanced,logistic_regression,C,70/30,4,heuristic_fp_10,test,70/30,test,1,True,3021,64,6.8616584709961899,70,21,49,0.77142857142857146,0.80952380952380953,0.5757575757575758,0.90476190476190477,0.70370370370370372,0.56829510200187627,35,14,2,19,0.89698736637512155,0.80379606302390516,0.79788640444712011
logreg_balanced_ratio_preserved_noise_mcc_selected_true_pr_auc_v1,logistic_regression_class_weight_balanced,logistic_regression,C,70/30,4,heuristic_fp_10,test,75/25,test,1,True,3021,64,6.990359007002553,84,21,63,0.8214285714285714,0.84920634920634919,0.59375,0.90476190476190477,0.71698113207547165,0.62275236877952767,50,13,2,19,0.90400604686318975,0.70937238384140477,0.69751114539952819
logreg_balanced_ratio_preserved_noise_mcc_selected_true_pr_auc_v1,logistic_regression_class_weight_balanced,logistic_regression,C,70/30,4,heuristic_fp_10,test,80/20,test,1,True,3021,64,7.1116833440028131,105,21,84,0.8571428571428571,0.875,0.59375,0.90476190476190477,0.71698113207547165,0.65173963727436468,71,13,2,19,0.93027210884353728,0.74469149757822528,0.73073376400105294
logreg_balanced_ratio_preserved_noise_mcc_selected_true_pr_auc_v1,logistic_regression_class_weight_balanced,logistic_regression,C,70/30,4,heuristic_fp_10,test,90/10,test,1,True,3021,64,7.3415575969847851,210,21,189,0.77142857142857146,0.8306878306878307,0.29230769230769232,0.90476190476190477,0.44186046511627908,0.42918850218717058,143,46,2,19,0.88611740992693366,0.47513626419413141,0.46274375609582713
logreg_balanced_ratio_preserved_noise_mcc_selected_true_pr_auc_v1,logistic_regression_class_weight_balanced,logistic_regression,C,70/30,4,heuristic_fp_20,validation_selected_reproduction,70/30,valid,0.10000000000000001,True,3775,64,7.3745132980111521,64,19,45,0.71875,0.73918128654970761,0.51724137931034486,0.78947368421052633,0.625,0.43904317414824739,31,14,4,15,0.81520467836257304,0.67138366893744872,0.65568704647766629
logreg_balanced_ratio_preserved_noise_mcc_selected_true_pr_auc_v1,logistic_regression_class_weight_balanced,logistic_regression,C,70/30,4,heuristic_fp_20,test,50/50,test,0.10000000000000001,True,3775,64,7.4484118630061857,42,21,21,0.76190476190476186,0.76190476190476186,0.76190476190476186,0.76190476190476186,0.76190476190476186,0.52380952380952384,16,5,5,16,0.87074829931972786,0.87330950680817288,0.86975995441062048
logreg_balanced_ratio_preserved_noise_mcc_selected_true_pr_auc_v1,logistic_regression_class_weight_balanced,logistic_regression,C,70/30,4,heuristic_fp_20,test,60/40,test,0.10000000000000001,True,3775,64,7.5863236429868266,53,21,32,0.73584905660377353,0.74032738095238093,0.64000000000000001,0.76190476190476186,0.69565217391304346,0.47094356364224199,23,9,5,16,0.84375,0.77353507839840341,0.76667516840566119
logreg_balanced_ratio_preserved_noise_mcc_selected_true_pr_auc_v1,logistic_regression_class_weight_balanced,logistic_regression,C,70/30,4,heuristic_fp_20,test,70/30,test,0.10000000000000001,True,3775,64,7.680950201000087,70,21,49,0.74285714285714288,0.7482993197278911,0.55172413793103448,0.76190476190476186,0.64000000000000001,0.46197905424568392,36,13,5,16,0.86977648202138003,0.75358093513524604,0.74422584923124102
logreg_balanced_ratio_preserved_noise_mcc_selected_true_pr_auc_v1,logistic_regression_class_weight_balanced,logistic_regression,C,70/30,4,heuristic_fp_20,test,75/25,test,0.10000000000000001,True,3775,64,7.7973602990095969,84,21,63,0.79761904761904767,0.7857142857142857,0.5714285714285714,0.76190476190476186,0.65306122448979587,0.52489065916782396,51,12,5,16,0.86545729402872262,0.58885586600922735,0.56385897900364623
logreg_balanced_ratio_preserved_noise_mcc_selected_true_pr_auc_v1,logistic_regression_class_weight_balanced,logistic_regression,C,70/30,4,heuristic_fp_20,test,80/20,test,0.10000000000000001,True,3775,64,7.9090796219825279,105,21,84,0.79047619047619044,0.77976190476190477,0.48484848484848486,0.76190476190476186,0.59259259259259256,0.4821083396690532,67,17,5,16,0.90022675736961455,0.68330273179897238,0.66850642385979264
logreg_balanced_ratio_preserved_noise_mcc_selected_true_pr_auc_v1,logistic_regression_class_weight_balanced,logistic_regression,C,70/30,4,heuristic_fp_20,test,90/10,test,0.10000000000000001,True,3775,64,8.1317571109975688,210,21,189,0.73333333333333328,0.74603174603174605,0.23880597014925373,0.76190476190476186,0.36363636363636365,0.31670598730089494,138,51,5,16,0.87074829931972797,0.45404453322220156,0.43713665307274974
logreg_balanced_ratio_preserved_noise_mcc_selected_true_pr_auc_v1,logistic_regression_class_weight_balanced,logistic_regression,C,70/30,5,clean,validation_selected_reproduction,70/30,valid,1,True,2264,64,5.4236726649978664,64,19,45,0.765625,0.77251461988304093,0.57692307692307687,0.78947368421052633,0.66666666666666663,0.50701917823308018,34,11,4,15,0.82573099415204676,0.67954121037223536,0.66371511965062224
logreg_balanced_ratio_preserved_noise_mcc_selected_true_pr_auc_v1,logistic_regression_class_weight_balanced,logistic_regression,C,70/30,5,clean,test,50/50,test,1,True,2264,64,5.5068610750022344,42,21,21,0.73809523809523814,0.73809523809523814,0.72727272727272729,0.76190476190476186,0.7441860465116279,0.47673129462279618,15,6,5,16,0.84807256235827666,0.84305487237842947,0.8380265714511137
logreg_balanced_ratio_preserved_noise_mcc_selected_true_pr_auc_v1,logistic_regression_class_weight_balanced,logistic_regression,C,70/30,5,clean,test,60/40,test,1,True,2264,64,5.5968855519895442,53,21,32,0.79245283018867929,0.78720238095238093,0.72727272727272729,0.76190476190476186,0.7441860465116279,0.57017803220524033,26,6,5,16,0.86904761904761907,0.81388311290006476,0.80781069503091363
logreg_balanced_ratio_preserved_noise_mcc_selected_true_pr_auc_v1,logistic_regression_class_weight_balanced,logistic_regression,C,70/30,5,clean,test,70/30,test,1,True,2264,64,5.6956876019830815,70,21,49,0.82857142857142863,0.80952380952380953,0.69565217391304346,0.76190476190476186,0.72727272727272729,0.60397491029036365,42,7,5,16,0.87949465500485902,0.75999142472317072,0.75298453927296793
logreg_balanced_ratio_preserved_noise_mcc_selected_true_pr_auc_v1,logistic_regression_class_weight_balanced,logistic_regression,C,70/30,5,clean,test,75/25,test,1,True,2264,64,5.7980790879810229,84,21,63,0.86904761904761907,0.83333333333333326,0.72727272727272729,0.76190476190476186,0.7441860465116279,0.6565706694547585,57,6,5,16,0.89569160997732422,0.69208276075515229,0.6693415219421287
logreg_balanced_ratio_preserved_noise_mcc_selected_true_pr_auc_v1,logistic_regression_class_weight_balanced,logistic_regression,C,70/30,5,clean,test,80/20,test,1,True,2264,64,5.9578857099986635,105,21,84,0.79047619047619044,0.77976190476190477,0.48484848484848486,0.76190476190476186,0.59259259259259256,0.4821083396690532,67,17,5,16,0.83503401360544216,0.55609456769669774,0.52814704775318877
logreg_balanced_ratio_preserved_noise_mcc_selected_true_pr_auc_v1,logistic_regression_class_weight_balanced,logistic_regression,C,70/30,5,clean,test,90/10,test,1,True,2264,64,6.2137371839780826,210,21,189,0.82380952380952377,0.79629629629629628,0.33333333333333331,0.76190476190476186,0.46376811594202899,0.42336859751808015,157,32,5,16,0.87326782564877803,0.55807484807986485,0.55028480885598119
logreg_balanced_ratio_preserved_noise_mcc_selected_true_pr_auc_v1,logistic_regression_class_weight_balanced,logistic_regression,C,70/30,5,random_flip_10,validation_selected_reproduction,70/30,valid,0.10000000000000001,True,2264,64,5.6920937940012664,64,19,45,0.703125,0.72807017543859653,0.5,0.78947368421052633,0.61224489795918369,0.41762016803210311,30,15,4,15,0.83508771929824555,0.70854036013767441,0.69748513523873301
logreg_balanced_ratio_preserved_noise_mcc_selected_true_pr_auc_v1,logistic_regression_class_weight_balanced,logistic_regression,C,70/30,5,random_flip_10,test,50/50,test,0.10000000000000001,True,2264,64,5.7757744670088869,42,21,21,0.7857142857142857,0.7857142857142857,0.77272727272727271,0.80952380952380953,0.79069767441860461,0.57207755354735534,16,5,4,17,0.8344671201814059,0.85155404761994768,0.84771584419569623
logreg_balanced_ratio_preserved_noise_mcc_selected_true_pr_auc_v1,logistic_regression_class_weight_balanced,logistic_regression,C,70/30,5,random_flip_10,test,60/40,test,0.10000000000000001,True,2264,64,5.8756471720116679,53,21,32,0.77358490566037741,0.77976190476190477,0.68000000000000005,0.80952380952380953,0.73913043478260865,0.54821913290861601,24,8,4,17,0.83630952380952384,0.76763893679648554,0.75940944086940054
logreg_balanced_ratio_preserved_noise_mcc_selected_true_pr_auc_v1,logistic_regression_class_weight_balanced,logistic_regression,C,70/30,5,random_flip_10,test,70/30,test,0.10000000000000001,True,2264,64,5.9623185970121995,70,21,49,0.84285714285714286,0.83333333333333326,0.70833333333333337,0.80952380952380953,0.75555555555555554,0.64362349842859889,42,7,4,17,0.86880466472303197,0.75936674161624595,0.75248536945868638
logreg_balanced_ratio_preserved_noise_mcc_selected_true_pr_auc_v1,logistic_regression_class_weight_balanced,logistic_regression,C,70/30,5,random_flip_10,test,75/25,test,0.10000000000000001,True,2264,64,6.0585554650169797,84,21,63,0.83333333333333337,0.82539682539682535,0.62962962962962965,0.80952380952380953,0.70833333333333337,0.60339807377407551,53,10,4,17,0.89644746787603924,0.78679534459275802,0.7801629292322001
logreg_balanced_ratio_preserved_noise_mcc_selected_true_pr_auc_v1,logistic_regression_class_weight_balanced,logistic_regression,C,70/30,5,random_flip_10,test,80/20,test,0.10000000000000001,True,2264,64,6.2120866440236568,105,21,84,0.74285714285714288,0.76785714285714279,0.42499999999999999,0.80952380952380953,0.55737704918032782,0.44126130406091407,61,23,4,17,0.82482993197278909,0.54057437550693566,0.51243102073129632
logreg_balanced_ratio_preserved_noise_mcc_selected_true_pr_auc_v1,logistic_regression_class_weight_balanced,logistic_regression,C,70/30,5,random_flip_10,test,90/10,test,0.10000000000000001,True,2264,64,6.4865347200247925,210,21,189,0.79523809523809519,0.80158730158730163,0.30357142857142855,0.80952380952380953,0.44155844155844154,0.40919396764125066,150,39,4,17,0.86570924666162763,0.53862361542077164,0.52982404416451578
logreg_balanced_ratio_preserved_noise_mcc_selected_true_pr_auc_v1,logistic_regression_class_weight_balanced,logistic_regression,C,70/30,5,random_flip_20,validation_selected_reproduction,70/30,valid,10,True,2264,64,5.5883249439939391,64,19,45,0.71875,0.7239766081871345,0.51851851851851849,0.73684210526315785,0.60869565217391308,0.41441262009142055,32,13,5,14,0.78596491228070176,0.61251692876573305,0.58336513402301582
logreg_balanced_ratio_preserved_noise_mcc_selected_true_pr_auc_v1,logistic_regression_class_weight_balanced,logistic_regression,C,70/30,5,random_flip_20,test,50/50,test,10,True,2264,64,5.6720862980000675,42,21,21,0.59523809523809523,0.59523809523809523,0.6428571428571429,0.42857142857142855,0.51428571428571423,0.20203050891044214,16,5,12,9,0.70748299319727892,0.72331304342268399,0.7148545657089953
logreg_balanced_ratio_preserved_noise_mcc_selected_true_pr_auc_v1,logistic_regression_class_weight_balanced,logistic_regression,C,70/30,5,random_flip_20,test,60/40,test,10,True,2264,64,5.7558888939965982,53,21,32,0.64150943396226412,0.6049107142857143,0.5625,0.42857142857142855,0.48648648648648651,0.22354945878090493,25,7,12,9,0.72916666666666663,0.67241361513104403,0.66301620847457055
logreg_balanced_ratio_preserved_noise_mcc_selected_true_pr_auc_v1,logistic_regression_class_weight_balanced,logistic_regression,C,70/30,5,random_flip_20,test,70/30,test,10,True,2264,64,5.8405840210034512,70,21,49,0.68571428571428572,0.61224489795918369,0.47368421052631576,0.42857142857142855,0.45000000000000001,0.23133556427714488,39,10,12,9,0.78425655976676389,0.66568603975397678,0.65933546524619846
logreg_balanced_ratio_preserved_noise_mcc_selected_true_pr_auc_v1,logistic_regression_class_weight_balanced,logistic_regression,C,70/30,5,random_flip_20,test,75/25,test,10,True,2264,64,5.934651046001818,84,21,63,0.70238095238095233,0.61111111111111105,0.40909090909090912,0.42857142857142855,0.41860465116279072,0.21885688981825285,50,13,12,9,0.7596371882086167,0.51633108809061778,0.48871686742008308
logreg_balanced_ratio_preserved_noise_mcc_selected_true_pr_auc_v1,logistic_regression_class_weight_balanced,logistic_regression,C,70/30,5,random_flip_20,test,80/20,test,10,True,2264,64,6.0724021120113321,105,21,84,0.68571428571428572,0.5892857142857143,0.29999999999999999,0.42857142857142855,0.35294117647058826,0.15811388300841897,63,21,12,9,0.68367346938775508,0.4465703639954593,0.43627291863980122
logreg_balanced_ratio_preserved_noise_mcc_selected_true_pr_auc_v1,logistic_regression_class_weight_balanced,logistic_regression,C,70/30,5,random_flip_20,test,90/10,test,10,True,2264,64,6.340408710995689,210,21,189,0.72380952380952379,0.59259259259259256,0.16363636363636364,0.42857142857142855,0.23684210526315788,0.12635708425057254,143,46,12,9,0.70194003527336857,0.27897919890970746,0.2520889469248852
logreg_balanced_ratio_preserved_noise_mcc_selected_true_pr_auc_v1,logistic_regression_class_weight_balanced,logistic_regression,C,70/30,5,random_fp_10,validation_selected_reproduction,70/30,valid,1,True,3021,64,6.5413015300000552,64,19,45,0.71875,0.73918128654970761,0.51724137931034486,0.78947368421052633,0.625,0.43904317414824739,31,14,4,15,0.79064327485380115,0.6510218446060434,0.63809757584451809
logreg_balanced_ratio_preserved_noise_mcc_selected_true_pr_auc_v1,logistic_regression_class_weight_balanced,logistic_regression,C,70/30,5,random_fp_10,test,50/50,test,1,True,3021,64,6.6686905839887913,42,21,21,0.80952380952380953,0.80952380952380953,0.78260869565217395,0.8571428571428571,0.81818181818181823,0.6218743352054219,16,5,3,18,0.891156462585034,0.88934402700340121,0.88554725598408601
logreg_balanced_ratio_preserved_noise_mcc_selected_true_pr_auc_v1,logistic_regression_class_weight_balanced,logistic_regression,C,70/30,5,random_fp_10,test,60/40,test,1,True,3021,64,6.7716508450102992,53,21,32,0.86792452830188682,0.8660714285714286,0.81818181818181823,0.8571428571428571,0.83720930232558144,0.72675541928750842,28,4,3,18,0.90922619047619047,0.83725395234498867,0.82550629784838403
logreg_balanced_ratio_preserved_noise_mcc_selected_true_pr_auc_v1,logistic_regression_class_weight_balanced,logistic_regression,C,70/30,5,random_fp_10,test,70/30,test,1,True,3021,64,6.8732897730078548,70,21,49,0.8571428571428571,0.8571428571428571,0.71999999999999997,0.8571428571428571,0.78260869565217395,0.68313005106397318,42,7,3,18,0.91642371234207964,0.85588254957661203,0.85212720772092743
logreg_balanced_ratio_preserved_noise_mcc_selected_true_pr_auc_v1,logistic_regression_class_weight_balanced,logistic_regression,C,70/30,5,random_fp_10,test,75/25,test,1,True,3021,64,6.9772922690026462,84,21,63,0.90476190476190477,0.88888888888888884,0.78260869565217395,0.8571428571428571,0.81818181818181823,0.75527762184093239,58,5,3,18,0.91156462585034015,0.76278402457194971,0.74870024552663361
logreg_balanced_ratio_preserved_noise_mcc_selected_true_pr_auc_v1,logistic_regression_class_weight_balanced,logistic_regression,C,70/30,5,random_fp_10,test,80/20,test,1,True,3021,64,7.1344801569939591,105,21,84,0.77142857142857146,0.8035714285714286,0.46153846153846156,0.8571428571428571,0.59999999999999998,0.50261553659072022,63,21,3,18,0.87471655328798181,0.64578897881563257,0.61904160206803693
logreg_balanced_ratio_preserved_noise_mcc_selected_true_pr_auc_v1,logistic_regression_class_weight_balanced,logistic_regression,C,70/30,5,random_fp_10,test,90/10,test,1,True,3021,64,7.3868260369927157,210,21,189,0.80000000000000004,0.82539682539682535,0.31578947368421051,0.8571428571428571,0.46153846153846156,0.43903658690554426,150,39,3,18,0.90249433106575949,0.66841546819275111,0.66224302073673469
logreg_balanced_ratio_preserved_noise_mcc_selected_true_pr_auc_v1,logistic_regression_class_weight_balanced,logistic_regression,C,70/30,5,random_fp_20,validation_selected_reproduction,70/30,valid,1,True,3775,64,7.4127535859879572,64,19,45,0.703125,0.74327485380116953,0.5,0.84210526315789469,0.62745098039215685,0.44459061923690013,29,16,3,16,0.82105263157894737,0.70017719035468007,0.68872916319246202
logreg_balanced_ratio_preserved_noise_mcc_selected_true_pr_auc_v1,logistic_regression_class_weight_balanced,logistic_regression,C,70/30,5,random_fp_20,test,50/50,test,1,True,3775,64,7.4945966339728329,42,21,21,0.7857142857142857,0.7857142857142857,0.77272727272727271,0.80952380952380953,0.79069767441860461,0.57207755354735534,16,5,4,17,0.82993197278911568,0.86502924341270226,0.86169266117326559
logreg_balanced_ratio_preserved_noise_mcc_selected_true_pr_auc_v1,logistic_regression_class_weight_balanced,logistic_regression,C,70/30,5,random_fp_20,test,60/40,test,1,True,3775,64,7.5840699669788592,53,21,32,0.79245283018867929,0.79538690476190477,0.70833333333333337,0.80952380952380953,0.75555555555555554,0.58049869858001624,25,7,4,17,0.83333333333333326,0.7699461329364341,0.76034147922603013
logreg_balanced_ratio_preserved_noise_mcc_selected_true_pr_auc_v1,logistic_regression_class_weight_balanced,logistic_regression,C,70/30,5,random_fp_20,test,70/30,test,1,True,3775,64,7.6719813129748218,70,21,49,0.81428571428571428,0.81292517006802723,0.65384615384615385,0.80952380952380953,0.72340425531914898,0.59356074020638561,40,9,4,17,0.84450923226433428,0.74298615636018539,0.73492842920102563
logreg_balanced_ratio_preserved_noise_mcc_selected_true_pr_auc_v1,logistic_regression_class_weight_balanced,logistic_regression,C,70/30,5,random_fp_20,test,75/25,test,1,True,3775,64,7.7623140869836789,84,21,63,0.77380952380952384,0.7857142857142857,0.53125,0.80952380952380953,0.64150943396226412,0.50952466536506802,48,15,4,17,0.84278155706727143,0.70972434103016613,0.69909782382028518
logreg_balanced_ratio_preserved_noise_mcc_selected_true_pr_auc_v1,logistic_regression_class_weight_balanced,logistic_regression,C,70/30,5,random_fp_20,test,80/20,test,1,True,3775,64,7.897247023996897,105,21,84,0.7142857142857143,0.75,0.39534883720930231,0.80952380952380953,0.53125,0.40671409379135381,58,26,4,17,0.81632653061224492,0.57533157334785612,0.54823134169569432
logreg_balanced_ratio_preserved_noise_mcc_selected_true_pr_auc_v1,logistic_regression_class_weight_balanced,logistic_regression,C,70/30,5,random_fp_20,test,90/10,test,1,True,3775,64,8.1448580979777034,210,21,189,0.75238095238095237,0.77777777777777779,0.26153846153846155,0.80952380952380953,0.39534883720930231,0.36051834183722331,141,48,4,17,0.84353741496598644,0.50144441529920614,0.49063647471520261
logreg_balanced_ratio_preserved_noise_mcc_selected_true_pr_auc_v1,logistic_regression_class_weight_balanced,logistic_regression,C,70/30,5,heuristic_fp_10,validation_selected_reproduction,70/30,valid,10,True,3021,64,6.471316070004832,64,19,45,0.78125,0.79883040935672511,0.59259259259259256,0.84210526315789469,0.69565217391304346,0.55291083255017204,34,11,3,16,0.81988304093567255,0.69545135918278167,0.68629411812303298
logreg_balanced_ratio_preserved_noise_mcc_selected_true_pr_auc_v1,logistic_regression_class_weight_balanced,logistic_regression,C,70/30,5,heuristic_fp_10,test,50/50,test,10,True,3021,64,6.5534381149918772,42,21,21,0.88095238095238093,0.88095238095238093,0.90000000000000002,0.8571428571428571,0.87804878048780488,0.7627700713964739,19,2,3,18,0.92970521541950113,0.92053648392657683,0.91791370547046514
logreg_balanced_ratio_preserved_noise_mcc_selected_true_pr_auc_v1,logistic_regression_class_weight_balanced,logistic_regression,C,70/30,5,heuristic_fp_10,test,60/40,test,10,True,3021,64,6.6386749150115065,53,21,32,0.84905660377358494,0.8504464285714286,0.78260869565217395,0.8571428571428571,0.81818181818181823,0.69169036353429936,27,5,3,18,0.91815476190476186,0.87151922937152171,0.86722745943408963
logreg_balanced_ratio_preserved_noise_mcc_selected_true_pr_auc_v1,logistic_regression_class_weight_balanced,logistic_regression,C,70/30,5,heuristic_fp_10,test,70/30,test,10,True,3021,64,6.7276057749986649,70,21,49,0.84285714285714286,0.84693877551020402,0.69230769230769229,0.8571428571428571,0.76595744680851063,0.65807821196794924,41,8,3,18,0.92517006802721091,0.85580915020138115,0.85233889806884822
logreg_balanced_ratio_preserved_noise_mcc_selected_true_pr_auc_v1,logistic_regression_class_weight_balanced,logistic_regression,C,70/30,5,heuristic_fp_10,test,75/25,test,10,True,3021,64,6.8234527129970957,84,21,63,0.91666666666666663,0.89682539682539675,0.81818181818181823,0.8571428571428571,0.83720930232558144,0.78163174935090296,59,4,3,18,0.93499622071050648,0.75319250569606666,0.73831655295842635
logreg_balanced_ratio_preserved_noise_mcc_selected_true_pr_auc_v1,logistic_regression_class_weight_balanced,logistic_regression,C,70/30,5,heuristic_fp_10,test,80/20,test,10,True,3021,64,6.9754462749988306,105,21,84,0.81904761904761902,0.83333333333333326,0.52941176470588236,0.8571428571428571,0.65454545454545454,0.5698878507093138,68,16,3,18,0.90362811791383213,0.69222899380297198,0.67757205849682078
logreg_balanced_ratio_preserved_noise_mcc_selected_true_pr_auc_v1,logistic_regression_class_weight_balanced,logistic_regression,C,70/30,5,heuristic_fp_10,test,90/10,test,10,True,3021,64,7.2389319149951916,210,21,189,0.79523809523809519,0.82275132275132279,0.31034482758620691,0.8571428571428571,0.45569620253164556,0.43311456155634337,149,40,3,18,0.9062736205593348,0.60240129041402524,0.59380485935820926
logreg_balanced_ratio_preserved_noise_mcc_selected_true_pr_auc_v1,logistic_regression_class_weight_balanced,logistic_regression,C,70/30,5,heuristic_fp_20,validation_selected_reproduction,70/30,valid,10,True,3775,64,7.8908156290126499,64,19,45,0.75,0.76140350877192975,0.55555555555555558,0.78947368421052633,0.65217391304347827,0.48366172632079629,33,12,4,15,0.82105263157894737,0.67543064620861903,0.66338253325710594
logreg_balanced_ratio_preserved_noise_mcc_selected_true_pr_auc_v1,logistic_regression_class_weight_balanced,logistic_regression,C,70/30,5,heuristic_fp_20,test,50/50,test,10,True,3775,64,7.9651556640164927,42,21,21,0.8571428571428571,0.8571428571428571,0.8571428571428571,0.8571428571428571,0.8571428571428571,0.7142857142857143,18,3,3,18,0.93650793650793651,0.91722606983154464,0.91382959055934654
logreg_balanced_ratio_preserved_noise_mcc_selected_true_pr_auc_v1,logistic_regression_class_weight_balanced,logistic_regression,C,70/30,5,heuristic_fp_20,test,60/40,test,10,True,3775,64,8.0438830660132226,53,21,32,0.77358490566037741,0.7879464285714286,0.66666666666666663,0.8571428571428571,0.75,0.56345309973803104,23,9,3,18,0.88244047619047616,0.79447895152140369,0.78685483182504679
logreg_balanced_ratio_preserved_noise_mcc_selected_true_pr_auc_v1,logistic_regression_class_weight_balanced,logistic_regression,C,70/30,5,heuristic_fp_20,test,70/30,test,10,True,3775,64,8.130185762012843,70,21,49,0.84285714285714286,0.84693877551020402,0.69230769230769229,0.8571428571428571,0.76595744680851063,0.65807821196794924,41,8,3,18,0.92322643343051514,0.75946765723692611,0.7446592488794268
logreg_balanced_ratio_preserved_noise_mcc_selected_true_pr_auc_v1,logistic_regression_class_weight_balanced,logistic_regression,C,70/30,5,heuristic_fp_20,test,75/25,test,10,True,3775,64,8.2294516940019093,84,21,63,0.84523809523809523,0.84920634920634919,0.6428571428571429,0.8571428571428571,0.73469387755102045,0.64153302787178479,53,10,3,18,0.92592592592592593,0.71959674138743135,0.69289442884425911
logreg_balanced_ratio_preserved_noise_mcc_selected_true_pr_auc_v1,logistic_regression_class_weight_balanced,logistic_regression,C,70/30,5,heuristic_fp_20,test,80/20,test,10,True,3775,64,8.3655669190047774,105,21,84,0.82857142857142863,0.83928571428571419,0.54545454545454541,0.8571428571428571,0.66666666666666663,0.5846845821518305,69,15,3,18,0.90759637188208608,0.6305680170033654,0.61388013624270354
logreg_balanced_ratio_preserved_noise_mcc_selected_true_pr_auc_v1,logistic_regression_class_weight_balanced,logistic_regression,C,70/30,5,heuristic_fp_20,test,90/10,test,10,True,3775,64,8.6340434309968259,210,21,189,0.80476190476190479,0.82804232804232802,0.32142857142857145,0.8571428571428571,0.46753246753246752,0.44508817532907968,151,38,3,18,0.91685563114134538,0.55083638159052084,0.54137909848304233
logreg_balanced_ratio_preserved_noise_mcc_selected_true_pr_auc_v1,logistic_regression_class_weight_balanced,logistic_regression,C,75/25,1,clean,validation_selected_reproduction,75/25,valid,10,True,2716,76,6.1549277450249065,76,19,57,0.88157894736842102,0.83333333333333326,0.77777777777777779,0.73684210526315785,0.7567567567567568,0.67900460539727003,53,4,5,14,0.87996306555863346,0.8295387277485331,0.82666649396587633
logreg_balanced_ratio_preserved_noise_mcc_selected_true_pr_auc_v1,logistic_regression_class_weight_balanced,logistic_regression,C,75/25,1,clean,test,50/50,test,10,True,2716,76,6.2263199390145019,42,21,21,0.76190476190476186,0.76190476190476186,0.82352941176470584,0.66666666666666663,0.73684210526315785,0.53357837507993255,18,3,7,14,0.90022675736961455,0.91421830948520144,0.91227286546337294
logreg_balanced_ratio_preserved_noise_mcc_selected_true_pr_auc_v1,logistic_regression_class_weight_balanced,logistic_regression,C,75/25,1,clean,test,60/40,test,10,True,2716,76,6.3009873330011033,53,21,32,0.79245283018867929,0.77083333333333326,0.77777777777777779,0.66666666666666663,0.71794871794871795,0.55943092778551573,28,4,7,14,0.89285714285714279,0.86018997426127797,0.85673536166911557
logreg_balanced_ratio_preserved_noise_mcc_selected_true_pr_auc_v1,logistic_regression_class_weight_balanced,logistic_regression,C,75/25,1,clean,test,70/30,test,10,True,2716,76,6.3782564600114711,70,21,49,0.87142857142857144,0.81292517006802711,0.875,0.66666666666666663,0.7567567567567568,0.68300095155397345,47,2,7,14,0.92808551992225463,0.88241874527588848,0.88017403797639071
logreg_balanced_ratio_preserved_noise_mcc_selected_true_pr_auc_v1,logistic_regression_class_weight_balanced,logistic_regression,C,75/25,1,clean,test,75/25,test,10,True,2716,76,6.4686200150172226,84,21,63,0.86904761904761907,0.80158730158730163,0.77777777777777779,0.66666666666666663,0.71794871794871795,0.6365239496641677,59,4,7,14,0.93272864701436142,0.86366228664365341,0.86108734506571305
logreg_balanced_ratio_preserved_noise_mcc_selected_true_pr_auc_v1,logistic_regression_class_weight_balanced,logistic_regression,C,75/25,1,clean,test,80/20,test,10,True,2716,76,6.5891902630100958,105,21,84,0.8571428571428571,0.7857142857142857,0.63636363636363635,0.66666666666666663,0.65116279069767447,0.56164365264109084,76,8,7,14,0.88775510204081631,0.73158572511734832,0.72599018631573564
logreg_balanced_ratio_preserved_noise_mcc_selected_true_pr_auc_v1,logistic_regression_class_weight_balanced,logistic_regression,C,75/25,1,clean,test,90/10,test,10,True,2716,76,6.8148507040168624,210,21,189,0.88095238095238093,0.7857142857142857,0.4375,0.66666666666666663,0.52830188679245282,0.47699904600286203,171,18,7,14,0.89065255731922399,0.56578109311757174,0.55719280202411015
logreg_balanced_ratio_preserved_noise_mcc_selected_true_pr_auc_v1,logistic_regression_class_weight_balanced,logistic_regression,C,75/25,1,random_flip_10,validation_selected_reproduction,75/25,valid,1,True,2716,76,6.0973863480030559,76,19,57,0.85526315789473684,0.85087719298245612,0.66666666666666663,0.84210526315789469,0.7441860465116279,0.65372045046061344,49,8,3,16,0.86980609418282562,0.78345793312072609,0.77725879589870606
logreg_balanced_ratio_preserved_noise_mcc_selected_true_pr_auc_v1,logistic_regression_class_weight_balanced,logistic_regression,C,75/25,1,random_flip_10,test,50/50,test,1,True,2716,76,6.1718567869975232,42,21,21,0.80952380952380953,0.80952380952380953,0.84210526315789469,0.76190476190476186,0.80000000000000004,0.6218743352054219,18,3,5,16,0.8798185941043084,0.89532961095814523,0.89283939817501268
logreg_balanced_ratio_preserved_noise_mcc_selected_true_pr_auc_v1,logistic_regression_class_weight_balanced,logistic_regression,C,75/25,1,random_flip_10,test,60/40,test,1,True,2716,76,6.2474701239843853,53,21,32,0.73584905660377353,0.74032738095238093,0.64000000000000001,0.76190476190476186,0.69565217391304346,0.47094356364224199,23,9,5,16,0.81547619047619047,0.76556544250092662,0.75944238200676284
logreg_balanced_ratio_preserved_noise_mcc_selected_true_pr_auc_v1,logistic_regression_class_weight_balanced,logistic_regression,C,75/25,1,random_flip_10,test,70/30,test,1,True,2716,76,6.3269661449885461,70,21,49,0.88571428571428568,0.85034013605442182,0.84210526315789469,0.76190476190476186,0.80000000000000004,0.72204736728927044,46,3,5,16,0.92614188532555874,0.88641063193545255,0.88429731543348278
logreg_balanced_ratio_preserved_noise_mcc_selected_true_pr_auc_v1,logistic_regression_class_weight_balanced,logistic_regression,C,75/25,1,random_flip_10,test,75/25,test,1,True,2716,76,6.4139800279808696,84,21,63,0.8928571428571429,0.84920634920634919,0.80000000000000004,0.76190476190476186,0.78048780487804881,0.71004694680469305,59,4,5,16,0.92214663643235073,0.85791445743508077,0.85528546434646446
logreg_balanced_ratio_preserved_noise_mcc_selected_true_pr_auc_v1,logistic_regression_class_weight_balanced,logistic_regression,C,75/25,1,random_flip_10,test,80/20,test,1,True,2716,76,6.5403474869963247,105,21,84,0.80000000000000004,0.7857142857142857,0.5,0.76190476190476186,0.60377358490566035,0.49656353316142077,68,16,5,16,0.82766439909297052,0.56496619556965499,0.55240209415807118
logreg_balanced_ratio_preserved_noise_mcc_selected_true_pr_auc_v1,logistic_regression_class_weight_balanced,logistic_regression,C,75/25,1,random_flip_10,test,90/10,test,1,True,2716,76,6.7509679929935373,210,21,189,0.79523809523809519,0.78042328042328046,0.29629629629629628,0.76190476190476186,0.42666666666666669,0.38496870971569458,151,38,5,16,0.85109599395313684,0.49039648368502115,0.47525478249615871
logreg_balanced_ratio_preserved_noise_mcc_selected_true_pr_auc_v1,logistic_regression_class_weight_balanced,logistic_regression,C,75/25,1,random_flip_20,validation_selected_reproduction,75/25,valid,1,True,2716,76,5.8984241060097702,76,19,57,0.80263157894736847,0.7807017543859649,0.58333333333333337,0.73684210526315785,0.65116279069767447,0.52297636036849082,47,10,5,14,0.82825484764542934,0.72122263237385953,0.71559968326602963
logreg_balanced_ratio_preserved_noise_mcc_selected_true_pr_auc_v1,logistic_regression_class_weight_balanced,logistic_regression,C,75/25,1,random_flip_20,test,50/50,test,1,True,2716,76,6.0136806950031314,42,21,21,0.73809523809523814,0.73809523809523814,0.8125,0.61904761904761907,0.70270270270270274,0.49029033784546011,18,3,8,13,0.85034013605442182,0.87491064711374178,0.87214058687692697
logreg_balanced_ratio_preserved_noise_mcc_selected_true_pr_auc_v1,logistic_regression_class_weight_balanced,logistic_regression,C,75/25,1,random_flip_20,test,60/40,test,1,True,2716,76,6.0961007069854531,53,21,32,0.71698113207547165,0.70014880952380953,0.65000000000000002,0.61904761904761907,0.63414634146341464,0.40392029577517563,25,7,8,13,0.81994047619047616,0.78983070774658404,0.78503090603124881
logreg_balanced_ratio_preserved_noise_mcc_selected_true_pr_auc_v1,logistic_regression_class_weight_balanced,logistic_regression,C,75/25,1,random_flip_20,test,70/30,test,1,True,2716,76,6.1903892369882669,70,21,49,0.81428571428571428,0.75850340136054428,0.72222222222222221,0.61904761904761907,0.66666666666666663,0.54208329051382298,44,5,8,13,0.85811467444120504,0.79864062322154883,0.79488264002118791
logreg_balanced_ratio_preserved_noise_mcc_selected_true_pr_auc_v1,logistic_regression_class_weight_balanced,logistic_regression,C,75/25,1,random_flip_20,test,75/25,test,1,True,2716,76,6.2933951790037099,84,21,63,0.73809523809523814,0.69841269841269837,0.48148148148148145,0.61904761904761907,0.54166666666666663,0.36792565474028993,49,14,8,13,0.80423280423280419,0.68128504193627037,0.67472309668788655
logreg_balanced_ratio_preserved_noise_mcc_selected_true_pr_auc_v1,logistic_regression_class_weight_balanced,logistic_regression,C,75/25,1,random_flip_20,test,80/20,test,1,True,2716,76,6.4373898970079608,105,21,84,0.75238095238095237,0.70238095238095233,0.41935483870967744,0.61904761904761907,0.5,0.35493776853021242,66,18,8,13,0.82029478458049876,0.65124959118473913,0.64505462036653771
logreg_balanced_ratio_preserved_noise_mcc_selected_true_pr_auc_v1,logistic_regression_class_weight_balanced,logistic_regression,C,75/25,1,random_flip_20,test,90/10,test,1,True,2716,76,6.6564570369955618,210,21,189,0.77619047619047621,0.70634920634920628,0.25,0.61904761904761907,0.35616438356164382,0.28684225806644709,150,39,8,13,0.82564877802973036,0.43248385110753218,0.41664772405339839
logreg_balanced_ratio_preserved_noise_mcc_selected_true_pr_auc_v1,logistic_regression_class_weight_balanced,logistic_regression,C,75/25,1,random_fp_10,validation_selected_reproduction,75/25,valid,10,True,3804,76,8.0213278080045711,76,19,57,0.82894736842105265,0.79824561403508776,0.63636363636363635,0.73684210526315785,0.68292682926829273,0.56952142864688682,49,8,5,14,0.82086795937211454,0.7239175527391466,0.71729495298444745
logreg_balanced_ratio_preserved_noise_mcc_selected_true_pr_auc_v1,logistic_regression_class_weight_balanced,logistic_regression,C,75/25,1,random_fp_10,test,50/50,test,10,True,3804,76,8.0976142110012006,42,21,21,0.76190476190476186,0.76190476190476186,0.78947368421052633,0.7142857142857143,0.75,0.52620136055843392,17,4,6,15,0.80272108843537415,0.8487892530204193,0.84555342026489533
logreg_balanced_ratio_preserved_noise_mcc_selected_true_pr_auc_v1,logistic_regression_class_weight_balanced,logistic_regression,C,75/25,1,random_fp_10,test,60/40,test,10,True,3804,76,8.1826204360113479,53,21,32,0.79245283018867929,0.77901785714285721,0.75,0.7142857142857143,0.73170731707317072,0.56308591418472442,27,5,6,15,0.80952380952380953,0.79893436117216421,0.79487331298128594
logreg_balanced_ratio_preserved_noise_mcc_selected_true_pr_auc_v1,logistic_regression_class_weight_balanced,logistic_regression,C,75/25,1,random_fp_10,test,70/30,test,10,True,3804,76,8.2654243470169604,70,21,49,0.82857142857142863,0.79591836734693877,0.7142857142857143,0.7142857142857143,0.7142857142857143,0.59183673469387754,43,6,6,15,0.83770651117589889,0.78953019645532407,0.7859757992881915
logreg_balanced_ratio_preserved_noise_mcc_selected_true_pr_auc_v1,logistic_regression_class_weight_balanced,logistic_regression,C,75/25,1,random_fp_10,test,75/25,test,10,True,3804,76,8.3610447900136933,84,21,63,0.80952380952380953,0.77777777777777779,0.59999999999999998,0.7142857142857143,0.65217391304347827,0.52615221960198022,53,10,6,15,0.82086167800453502,0.6902154563106182,0.68371832001481336
logreg_balanced_ratio_preserved_noise_mcc_selected_true_pr_auc_v1,logistic_regression_class_weight_balanced,logistic_regression,C,75/25,1,random_fp_10,test,80/20,test,10,True,3804,76,8.4883061610162258,105,21,84,0.78095238095238095,0.75595238095238093,0.46875,0.7142857142857143,0.56603773584905659,0.44483816512377278,67,17,6,15,0.76927437641723362,0.55194003110185741,0.53593202488255098
logreg_balanced_ratio_preserved_noise_mcc_selected_true_pr_auc_v1,logistic_regression_class_weight_balanced,logistic_regression,C,75/25,1,random_fp_10,test,90/10,test,10,True,3804,76,8.7515632449940313,210,21,189,0.80476190476190479,0.76455026455026454,0.29999999999999999,0.7142857142857143,0.42253521126760563,0.37267799624996495,154,35,6,15,0.78609221466364321,0.49679891290698297,0.49005552487216614
logreg_balanced_ratio_preserved_noise_mcc_selected_true_pr_auc_v1,logistic_regression_class_weight_balanced,logistic_regression,C,75/25,1,random_fp_20,validation_selected_reproduction,75/25,valid,1,True,4892,76,8.79203700798098,76,19,57,0.78947368421052633,0.80701754385964908,0.55172413793103448,0.84210526315789469,0.66666666666666663,0.54734290022615395,44,13,3,16,0.84672206832871655,0.69034705680657571,0.68161944748485959
logreg_balanced_ratio_preserved_noise_mcc_selected_true_pr_auc_v1,logistic_regression_class_weight_balanced,logistic_regression,C,75/25,1,random_fp_20,test,50/50,test,1,True,4892,76,8.8746371539891697,42,21,21,0.76190476190476186,0.76190476190476186,0.78947368421052633,0.7142857142857143,0.75,0.52620136055843392,17,4,6,15,0.82766439909297052,0.79567232327442095,0.78270985406935267
logreg_balanced_ratio_preserved_noise_mcc_selected_true_pr_auc_v1,logistic_regression_class_weight_balanced,logistic_regression,C,75/25,1,random_fp_20,test,60/40,test,1,True,4892,76,8.9708346409897786,53,21,32,0.75471698113207553,0.74776785714285721,0.68181818181818177,0.7142857142857143,0.69767441860465118,0.49188933866410628,25,7,6,15,0.8258928571428571,0.83771615980918335,0.83491855456707342
logreg_balanced_ratio_preserved_noise_mcc_selected_true_pr_auc_v1,logistic_regression_class_weight_balanced,logistic_regression,C,75/25,1,random_fp_20,test,70/30,test,1,True,4892,76,9.06752106899512,70,21,49,0.84285714285714286,0.80612244897959184,0.75,0.7142857142857143,0.73170731707317072,0.62105900340811881,44,5,6,15,0.87074829931972786,0.85076323530094733,0.84872307593379248
logreg_balanced_ratio_preserved_noise_mcc_selected_true_pr_auc_v1,logistic_regression_class_weight_balanced,logistic_regression,C,75/25,1,random_fp_20,test,75/25,test,1,True,4892,76,9.1728671269956976,84,21,63,0.8214285714285714,0.7857142857142857,0.625,0.7142857142857143,0.66666666666666663,0.54772255750516607,54,9,6,15,0.87074829931972797,0.7528572038772019,0.74656361188594667
logreg_balanced_ratio_preserved_noise_mcc_selected_true_pr_auc_v1,logistic_regression_class_weight_balanced,logistic_regression,C,75/25,1,random_fp_20,test,80/20,test,1,True,4892,76,9.3059122589766048,105,21,84,0.80000000000000004,0.76785714285714279,0.5,0.7142857142857143,0.58823529411764708,0.47434164902525688,69,15,6,15,0.84523809523809523,0.65097225787752677,0.64253008516103916
logreg_balanced_ratio_preserved_noise_mcc_selected_true_pr_auc_v1,logistic_regression_class_weight_balanced,logistic_regression,C,75/25,1,random_fp_20,test,90/10,test,1,True,4892,76,9.5492339789925609,210,21,189,0.78095238095238095,0.75132275132275139,0.27272727272727271,0.7142857142857143,0.39473684210526316,0.34296922868012547,149,40,6,15,0.83623078861174105,0.5462875334768903,0.53136489145156729
logreg_balanced_ratio_preserved_noise_mcc_selected_true_pr_auc_v1,logistic_regression_class_weight_balanced,logistic_regression,C,75/25,1,heuristic_fp_10,validation_selected_reproduction,75/25,valid,10,True,3804,76,8.0841150039923377,76,19,57,0.85526315789473684,0.85087719298245612,0.66666666666666663,0.84210526315789469,0.7441860465116279,0.65372045046061344,49,8,3,16,0.89196675900277012,0.77329709539131741,0.76697283683653827
logreg_balanced_ratio_preserved_noise_mcc_selected_true_pr_auc_v1,logistic_regression_class_weight_balanced,logistic_regression,C,75/25,1,heuristic_fp_10,test,50/50,test,10,True,3804,76,8.1695930400164798,42,21,21,0.88095238095238093,0.88095238095238093,0.86363636363636365,0.90476190476190477,0.88372093023255816,0.7627700713964739,18,3,2,19,0.9251700680272108,0.93020280475499417,0.92820354284193907
logreg_balanced_ratio_preserved_noise_mcc_selected_true_pr_auc_v1,logistic_regression_class_weight_balanced,logistic_regression,C,75/25,1,heuristic_fp_10,test,60/40,test,10,True,3804,76,8.2486447300179861,53,21,32,0.86792452830188682,0.87425595238095233,0.79166666666666663,0.90476190476190477,0.84444444444444444,0.73549331331422707,27,5,2,19,0.90476190476190477,0.85420700663595328,0.84987664517878514
logreg_balanced_ratio_preserved_noise_mcc_selected_true_pr_auc_v1,logistic_regression_class_weight_balanced,logistic_regression,C,75/25,1,heuristic_fp_10,test,70/30,test,10,True,3804,76,8.3344247830100358,70,21,49,0.95714285714285718,0.94217687074829937,0.94999999999999996,0.90476190476190477,0.92682926829268297,0.89708522714506056,48,1,2,19,0.96501457725947515,0.95398208063713308,0.95332894390105238
logreg_balanced_ratio_preserved_noise_mcc_selected_true_pr_auc_v1,logistic_regression_class_weight_balanced,logistic_regression,C,75/25,1,heuristic_fp_10,test,75/25,test,10,True,3804,76,8.4343785009987187,84,21,63,0.91666666666666663,0.91269841269841268,0.79166666666666663,0.90476190476190477,0.84444444444444444,0.79115480528523985,58,5,2,19,0.95691609977324266,0.92342538973382404,0.92208751659705901
logreg_balanced_ratio_preserved_noise_mcc_selected_true_pr_auc_v1,logistic_regression_class_weight_balanced,logistic_regression,C,75/25,1,heuristic_fp_10,test,80/20,test,10,True,3804,76,8.5605219950084575,105,21,84,0.8666666666666667,0.88095238095238093,0.61290322580645162,0.90476190476190477,0.73076923076923073,0.66811815252745865,72,12,2,19,0.89625850340136048,0.63570277405085518,0.61881902184241921
logreg_balanced_ratio_preserved_noise_mcc_selected_true_pr_auc_v1,logistic_regression_class_weight_balanced,logistic_regression,C,75/25,1,heuristic_fp_10,test,90/10,test,10,True,3804,76,8.7851953319914173,210,21,189,0.85238095238095235,0.87566137566137559,0.39583333333333331,0.90476190476190477,0.55072463768115942,0.53677090042470876,160,29,2,19,0.90627362055933491,0.50751312645976521,0.49038656196105168
logreg_balanced_ratio_preserved_noise_mcc_selected_true_pr_auc_v1,logistic_regression_class_weight_balanced,logistic_regression,C,75/25,1,heuristic_fp_20,validation_selected_reproduction,75/25,valid,0.10000000000000001,True,4892,76,9.0589598410006147,76,19,57,0.75,0.76315789473684204,0.5,0.78947368421052633,0.61224489795918369,0.46625240412015684,42,15,4,15,0.88365650969529086,0.694479730823788,0.67876074155157817
logreg_balanced_ratio_preserved_noise_mcc_selected_true_pr_auc_v1,logistic_regression_class_weight_balanced,logistic_regression,C,75/25,1,heuristic_fp_20,test,50/50,test,0.10000000000000001,True,4892,76,9.1396079999976791,42,21,21,0.83333333333333337,0.83333333333333326,0.81818181818181823,0.8571428571428571,0.83720930232558144,0.66742381247191462,17,4,3,18,0.88435374149659862,0.88920495428029489,0.88600085581849064
logreg_balanced_ratio_preserved_noise_mcc_selected_true_pr_auc_v1,logistic_regression_class_weight_balanced,logistic_regression,C,75/25,1,heuristic_fp_20,test,60/40,test,0.10000000000000001,True,4892,76,9.228678712999681,53,21,32,0.81132075471698117,0.8191964285714286,0.71999999999999997,0.8571428571428571,0.78260869565217395,0.62549470217499015,25,7,3,18,0.89880952380952372,0.87930058387969501,0.87623110200280041
logreg_balanced_ratio_preserved_noise_mcc_selected_true_pr_auc_v1,logistic_regression_class_weight_balanced,logistic_regression,C,75/25,1,heuristic_fp_20,test,70/30,test,0.10000000000000001,True,4892,76,9.3249554220237769,70,21,49,0.87142857142857144,0.86734693877551017,0.75,0.8571428571428571,0.80000000000000004,0.70929936561519058,43,6,3,18,0.92905733722060246,0.88254379218664947,0.8796107507589821
logreg_balanced_ratio_preserved_noise_mcc_selected_true_pr_auc_v1,logistic_regression_class_weight_balanced,logistic_regression,C,75/25,1,heuristic_fp_20,test,75/25,test,0.10000000000000001,True,4892,76,9.4296056239982136,84,21,63,0.8571428571428571,0.8571428571428571,0.66666666666666663,0.8571428571428571,0.75,0.6622661785325219,54,9,3,18,0.92743764172335608,0.86362945333533592,0.86081211407429192
logreg_balanced_ratio_preserved_noise_mcc_selected_true_pr_auc_v1,logistic_regression_class_weight_balanced,logistic_regression,C,75/25,1,heuristic_fp_20,test,80/20,test,0.10000000000000001,True,4892,76,9.5623960290104151,105,21,84,0.78095238095238095,0.80952380952380953,0.47368421052631576,0.8571428571428571,0.61016949152542377,0.51528102293812172,64,20,3,18,0.85657596371882083,0.55760791320666625,0.54400723332133016
logreg_balanced_ratio_preserved_noise_mcc_selected_true_pr_auc_v1,logistic_regression_class_weight_balanced,logistic_regression,C,75/25,1,heuristic_fp_20,test,90/10,test,0.10000000000000001,True,4892,76,9.8092592650209554,210,21,189,0.73333333333333328,0.78835978835978837,0.25352112676056338,0.8571428571428571,0.39130434782608697,0.36573680674190651,136,53,3,18,0.86318972033257746,0.35301722779963479,0.33254044933075511
logreg_balanced_ratio_preserved_noise_mcc_selected_true_pr_auc_v1,logistic_regression_class_weight_balanced,logistic_regression,C,75/25,2,clean,validation_selected_reproduction,75/25,valid,10,True,2716,76,6.2890555739868432,76,19,57,0.85526315789473684,0.83333333333333326,0.68181818181818177,0.78947368421052633,0.73170731707317072,0.63652394966416759,50,7,4,15,0.8568790397045245,0.78317231669342657,0.77869165384361594
logreg_balanced_ratio_preserved_noise_mcc_selected_true_pr_auc_v1,logistic_regression_class_weight_balanced,logistic_regression,C,75/25,2,clean,test,50/50,test,10,True,2716,76,6.3928798749984708,42,21,21,0.7857142857142857,0.7857142857142857,0.875,0.66666666666666663,0.7567567567567568,0.58834840541455213,19,2,7,14,0.89115646258503411,0.89884920191571238,0.89616764465011434
logreg_balanced_ratio_preserved_noise_mcc_selected_true_pr_auc_v1,logistic_regression_class_weight_balanced,logistic_regression,C,75/25,2,clean,test,60/40,test,10,True,2716,76,6.4807961109909229,53,21,32,0.83018867924528306,0.80208333333333326,0.875,0.66666666666666663,0.7567567567567568,0.64369560471664822,30,2,7,14,0.92261904761904767,0.91507300977889239,0.91343786982138409
logreg_balanced_ratio_preserved_noise_mcc_selected_true_pr_auc_v1,logistic_regression_class_weight_balanced,logistic_regression,C,75/25,2,clean,test,70/30,test,10,True,2716,76,6.6082559170026798,70,21,49,0.80000000000000004,0.76190476190476186,0.66666666666666663,0.66666666666666663,0.66666666666666663,0.52380952380952384,42,7,7,14,0.8814382896015549,0.70073700956845464,0.68498467802664931
logreg_balanced_ratio_preserved_noise_mcc_selected_true_pr_auc_v1,logistic_regression_class_weight_balanced,logistic_regression,C,75/25,2,clean,test,75/25,test,10,True,2716,76,6.7204578219971154,84,21,63,0.79761904761904767,0.75396825396825395,0.58333333333333337,0.66666666666666663,0.62222222222222223,0.48686449556014766,53,10,7,14,0.88133030990173844,0.75776832242736836,0.75242259059547822
logreg_balanced_ratio_preserved_noise_mcc_selected_true_pr_auc_v1,logistic_regression_class_weight_balanced,logistic_regression,C,75/25,2,clean,test,80/20,test,10,True,2716,76,6.8392095559975132,105,21,84,0.81904761904761902,0.76190476190476186,0.53846153846153844,0.66666666666666663,0.5957446808510638,0.4854253598047566,72,12,7,14,0.9024943310657596,0.74077294411509298,0.73479560150629708
logreg_balanced_ratio_preserved_noise_mcc_selected_true_pr_auc_v1,logistic_regression_class_weight_balanced,logistic_regression,C,75/25,2,clean,test,90/10,test,10,True,2716,76,7.0428777129855007,210,21,189,0.84761904761904761,0.76719576719576721,0.35897435897435898,0.66666666666666663,0.46666666666666667,0.41225863441908417,164,25,7,14,0.89292013101536916,0.52423605937547102,0.51320717165133567
logreg_balanced_ratio_preserved_noise_mcc_selected_true_pr_auc_v1,logistic_regression_class_weight_balanced,logistic_regression,C,75/25,2,random_flip_10,validation_selected_reproduction,75/25,valid,1,True,2716,76,6.1815965929999948,76,19,57,0.82894736842105265,0.81578947368421051,0.625,0.78947368421052633,0.69767441860465118,0.58834840541455213,48,9,4,15,0.88180978762696216,0.78950689657902329,0.78479086416214949
logreg_balanced_ratio_preserved_noise_mcc_selected_true_pr_auc_v1,logistic_regression_class_weight_balanced,logistic_regression,C,75/25,2,random_flip_10,test,50/50,test,1,True,2716,76,6.2835151290055364,42,21,21,0.83333333333333337,0.83333333333333326,0.88888888888888884,0.76190476190476186,0.82051282051282048,0.67357531405456339,19,2,5,16,0.85941043083900226,0.87338474126723908,0.86942491916973963
logreg_balanced_ratio_preserved_noise_mcc_selected_true_pr_auc_v1,logistic_regression_class_weight_balanced,logistic_regression,C,75/25,2,random_flip_10,test,60/40,test,1,True,2716,76,6.3644384839863051,53,21,32,0.83018867924528306,0.81845238095238093,0.80000000000000004,0.76190476190476186,0.78048780487804881,0.64266872338949876,28,4,5,16,0.92261904761904756,0.918875907064858,0.91745136467084021
logreg_balanced_ratio_preserved_noise_mcc_selected_true_pr_auc_v1,logistic_regression_class_weight_balanced,logistic_regression,C,75/25,2,random_flip_10,test,70/30,test,1,True,2716,76,6.4843337369966321,70,21,49,0.80000000000000004,0.78911564625850339,0.64000000000000001,0.76190476190476186,0.69565217391304346,0.55301004133750209,40,9,5,16,0.87074829931972797,0.7252404226257938,0.71590140257728141
logreg_balanced_ratio_preserved_noise_mcc_selected_true_pr_auc_v1,logistic_regression_class_weight_balanced,logistic_regression,C,75/25,2,random_flip_10,test,75/25,test,1,True,2716,76,6.6071104089787696,84,21,63,0.76190476190476186,0.76190476190476186,0.5161290322580645,0.76190476190476186,0.61538461538461542,0.47003968959987613,48,15,5,16,0.85487528344671204,0.7180364752287165,0.71116059523869146
logreg_balanced_ratio_preserved_noise_mcc_selected_true_pr_auc_v1,logistic_regression_class_weight_balanced,logistic_regression,C,75/25,2,random_flip_10,test,80/20,test,1,True,2716,76,6.7200545719824731,105,21,84,0.81904761904761902,0.79761904761904767,0.53333333333333333,0.76190476190476186,0.62745098039215685,0.52704627669472981,70,14,5,16,0.88492063492063489,0.66212160503683015,0.65219490962602378
logreg_balanced_ratio_preserved_noise_mcc_selected_true_pr_auc_v1,logistic_regression_class_weight_balanced,logistic_regression,C,75/25,2,random_flip_10,test,90/10,test,1,True,2716,76,6.934788946993649,210,21,189,0.81904761904761902,0.79365079365079361,0.32653061224489793,0.76190476190476186,0.45714285714285713,0.41657264329781035,156,33,5,16,0.89166036785084413,0.52997077582106322,0.51683531553381901
logreg_balanced_ratio_preserved_noise_mcc_selected_true_pr_auc_v1,logistic_regression_class_weight_balanced,logistic_regression,C,75/25,2,random_flip_20,validation_selected_reproduction,75/25,valid,0.10000000000000001,True,2716,76,6.1319258869916666,76,19,57,0.75,0.76315789473684204,0.5,0.78947368421052633,0.61224489795918369,0.46625240412015684,42,15,4,15,0.83656509695290859,0.64597073217762868,0.63288472403941709
logreg_balanced_ratio_preserved_noise_mcc_selected_true_pr_auc_v1,logistic_regression_class_weight_balanced,logistic_regression,C,75/25,2,random_flip_20,test,50/50,test,0.10000000000000001,True,2716,76,6.2182580239896197,42,21,21,0.76190476190476186,0.76190476190476186,0.78947368421052633,0.7142857142857143,0.75,0.52620136055843392,17,4,6,15,0.80498866213151932,0.79230418326395546,0.7838168472246414
logreg_balanced_ratio_preserved_noise_mcc_selected_true_pr_auc_v1,logistic_regression_class_weight_balanced,logistic_regression,C,75/25,2,random_flip_20,test,60/40,test,0.10000000000000001,True,2716,76,6.2926527110103052,53,21,32,0.71698113207547165,0.71651785714285721,0.625,0.7142857142857143,0.66666666666666663,0.42550408384580535,23,9,6,15,0.87797619047619047,0.87849117598234661,0.87641001466709434
logreg_balanced_ratio_preserved_noise_mcc_selected_true_pr_auc_v1,logistic_regression_class_weight_balanced,logistic_regression,C,75/25,2,random_flip_20,test,70/30,test,0.10000000000000001,True,2716,76,6.4116523019911256,70,21,49,0.7857142857142857,0.76530612244897966,0.625,0.7142857142857143,0.66666666666666663,0.51227176405541541,40,9,6,15,0.8571428571428571,0.68689730244687364,0.67445142226009436
logreg_balanced_ratio_preserved_noise_mcc_selected_true_pr_auc_v1,logistic_regression_class_weight_balanced,logistic_regression,C,75/25,2,random_flip_20,test,75/25,test,0.10000000000000001,True,2716,76,6.5139786470099352,84,21,63,0.69047619047619047,0.69841269841269837,0.42857142857142855,0.7142857142857143,0.5357142857142857,0.34853574033876183,43,20,6,15,0.81859410430838997,0.63646068571637948,0.62431098434988908
logreg_balanced_ratio_preserved_noise_mcc_selected_true_pr_auc_v1,logistic_regression_class_weight_balanced,logistic_regression,C,75/25,2,random_flip_20,test,80/20,test,0.10000000000000001,True,2716,76,6.6153682399890386,105,21,84,0.75238095238095237,0.73809523809523814,0.42857142857142855,0.7142857142857143,0.5357142857142857,0.40406101782088433,64,20,6,15,0.85260770975056688,0.6402987709193706,0.6293920725837967
logreg_balanced_ratio_preserved_noise_mcc_selected_true_pr_auc_v1,logistic_regression_class_weight_balanced,logistic_regression,C,75/25,2,random_flip_20,test,90/10,test,0.10000000000000001,True,2716,76,6.8022221979917958,210,21,189,0.80000000000000004,0.76190476190476186,0.29411764705882354,0.7142857142857143,0.41666666666666669,0.36646313255902324,153,36,6,15,0.85613504661123707,0.45172736772242617,0.43856528389349403
logreg_balanced_ratio_preserved_noise_mcc_selected_true_pr_auc_v1,logistic_regression_class_weight_balanced,logistic_regression,C,75/25,2,random_fp_10,validation_selected_reproduction,75/25,valid,10,True,3804,76,7.7932563989888877,76,19,57,0.84210526315789469,0.80701754385964908,0.66666666666666663,0.73684210526315785,0.69999999999999996,0.59458839001056318,50,7,5,14,0.83656509695290848,0.7378319237793296,0.73125787837572465
logreg_balanced_ratio_preserved_noise_mcc_selected_true_pr_auc_v1,logistic_regression_class_weight_balanced,logistic_regression,C,75/25,2,random_fp_10,test,50/50,test,10,True,3804,76,7.902253476990154,42,21,21,0.83333333333333337,0.83333333333333326,0.9375,0.7142857142857143,0.81081081081081086,0.6864064729836441,20,1,6,15,0.86167800453514731,0.90748552109015668,0.90586278558177002
logreg_balanced_ratio_preserved_noise_mcc_selected_true_pr_auc_v1,logistic_regression_class_weight_balanced,logistic_regression,C,75/25,2,random_fp_10,test,60/40,test,10,True,3804,76,8.0039182459877338,53,21,32,0.81132075471698117,0.79464285714285721,0.78947368421052633,0.7142857142857143,0.75,0.60102742638844608,28,4,6,15,0.8839285714285714,0.88051762893589181,0.87836297242834505
logreg_balanced_ratio_preserved_noise_mcc_selected_true_pr_auc_v1,logistic_regression_class_weight_balanced,logistic_regression,C,75/25,2,random_fp_10,test,70/30,test,10,True,3804,76,8.1407101179938763,70,21,49,0.75714285714285712,0.74489795918367352,0.57692307692307687,0.7142857142857143,0.63829787234042556,0.46452579668325827,38,11,6,15,0.81535471331389697,0.54867907384225223,0.52739806996915495
logreg_balanced_ratio_preserved_noise_mcc_selected_true_pr_auc_v1,logistic_regression_class_weight_balanced,logistic_regression,C,75/25,2,random_fp_10,test,75/25,test,10,True,3804,76,8.2430035129946191,84,21,63,0.8214285714285714,0.7857142857142857,0.625,0.7142857142857143,0.66666666666666663,0.54772255750516607,54,9,6,15,0.84656084656084651,0.76429540591098699,0.76031294235040536
logreg_balanced_ratio_preserved_noise_mcc_selected_true_pr_auc_v1,logistic_regression_class_weight_balanced,logistic_regression,C,75/25,2,random_fp_10,test,80/20,test,10,True,3804,76,8.3488290729874279,105,21,84,0.83809523809523812,0.79166666666666674,0.57692307692307687,0.7142857142857143,0.63829787234042556,0.54058733250984259,73,11,6,15,0.8605442176870749,0.65748609225423005,0.64587551439717017
logreg_balanced_ratio_preserved_noise_mcc_selected_true_pr_auc_v1,logistic_regression_class_weight_balanced,logistic_regression,C,75/25,2,random_fp_10,test,90/10,test,10,True,3804,76,8.5821784809813835,210,21,189,0.82857142857142863,0.77777777777777779,0.33333333333333331,0.7142857142857143,0.45454545454545453,0.4061811972299616,159,30,6,15,0.85034013605442171,0.47196136025405566,0.44759856061202474
logreg_balanced_ratio_preserved_noise_mcc_selected_true_pr_auc_v1,logistic_regression_class_weight_balanced,logistic_regression,C,75/25,2,random_fp_20,validation_selected_reproduction,75/25,valid,1,True,4892,76,8.919110824004747,76,19,57,0.78947368421052633,0.80701754385964908,0.55172413793103448,0.84210526315789469,0.66666666666666663,0.54734290022615395,44,13,3,16,0.88180978762696216,0.75622388140396923,0.74998255138838466
logreg_balanced_ratio_preserved_noise_mcc_selected_true_pr_auc_v1,logistic_regression_class_weight_balanced,logistic_regression,C,75/25,2,random_fp_20,test,50/50,test,1,True,4892,76,9.0267445679928642,42,21,21,0.69047619047619047,0.69047619047619047,0.66666666666666663,0.76190476190476186,0.71111111111111114,0.38490017945975052,13,8,5,16,0.82993197278911557,0.88734116269830565,0.88540392572541915
logreg_balanced_ratio_preserved_noise_mcc_selected_true_pr_auc_v1,logistic_regression_class_weight_balanced,logistic_regression,C,75/25,2,random_fp_20,test,60/40,test,1,True,4892,76,9.1106417659902945,53,21,32,0.79245283018867929,0.78720238095238093,0.72727272727272729,0.76190476190476186,0.7441860465116279,0.57017803220524033,26,6,5,16,0.87648809523809512,0.87713344213630284,0.87496125220614185
logreg_balanced_ratio_preserved_noise_mcc_selected_true_pr_auc_v1,logistic_regression_class_weight_balanced,logistic_regression,C,75/25,2,random_fp_20,test,70/30,test,1,True,4892,76,9.2318614500109106,70,21,49,0.7857142857142857,0.77891156462585032,0.61538461538461542,0.76190476190476186,0.68085106382978722,0.52904326844482197,39,10,5,16,0.81438289601554903,0.62067276188347309,0.60346238277622177
logreg_balanced_ratio_preserved_noise_mcc_selected_true_pr_auc_v1,logistic_regression_class_weight_balanced,logistic_regression,C,75/25,2,random_fp_20,test,75/25,test,1,True,4892,76,9.336970542994095,84,21,63,0.7142857142857143,0.73015873015873012,0.45714285714285713,0.76190476190476186,0.5714285714285714,0.4043014587929637,44,19,5,16,0.84126984126984128,0.70194141937580401,0.6949329729462681
logreg_balanced_ratio_preserved_noise_mcc_selected_true_pr_auc_v1,logistic_regression_class_weight_balanced,logistic_regression,C,75/25,2,random_fp_20,test,80/20,test,1,True,4892,76,9.4513254909834359,105,21,84,0.78095238095238095,0.77380952380952372,0.47058823529411764,0.76190476190476186,0.58181818181818179,0.46812216308265064,66,18,5,16,0.85260770975056677,0.65798715495110582,0.65043787982659507
logreg_balanced_ratio_preserved_noise_mcc_selected_true_pr_auc_v1,logistic_regression_class_weight_balanced,logistic_regression,C,75/25,2,random_fp_20,test,90/10,test,1,True,4892,76,9.6668825359956827,210,21,189,0.76190476190476186,0.76190476190476186,0.26229508196721313,0.76190476190476186,0.3902439024390244,0.34614326684748414,144,45,5,16,0.84504913076341648,0.47703524455813723,0.46110116369608828
logreg_balanced_ratio_preserved_noise_mcc_selected_true_pr_auc_v1,logistic_regression_class_weight_balanced,logistic_regression,C,75/25,2,heuristic_fp_10,validation_selected_reproduction,75/25,valid,10,True,3804,76,7.6172968440223485,76,19,57,0.84210526315789469,0.80701754385964908,0.66666666666666663,0.73684210526315785,0.69999999999999996,0.59458839001056318,50,7,5,14,0.91874422899353647,0.85513354423370025,0.85236707501312803
logreg_balanced_ratio_preserved_noise_mcc_selected_true_pr_auc_v1,logistic_regression_class_weight_balanced,logistic_regression,C,75/25,2,heuristic_fp_10,test,50/50,test,10,True,3804,76,7.7157809660129715,42,21,21,0.8571428571428571,0.85714285714285721,0.89473684210526316,0.80952380952380953,0.84999999999999998,0.71754730985240978,19,2,4,17,0.94557823129251695,0.95310274475930545,0.95205466548433426
logreg_balanced_ratio_preserved_noise_mcc_selected_true_pr_auc_v1,logistic_regression_class_weight_balanced,logistic_regression,C,75/25,2,heuristic_fp_10,test,60/40,test,10,True,3804,76,7.7987844519957434,53,21,32,0.79245283018867929,0.79538690476190477,0.70833333333333337,0.80952380952380953,0.75555555555555554,0.58049869858001624,25,7,4,17,0.87202380952380953,0.76839308233495784,0.74361744375880756
logreg_balanced_ratio_preserved_noise_mcc_selected_true_pr_auc_v1,logistic_regression_class_weight_balanced,logistic_regression,C,75/25,2,heuristic_fp_10,test,70/30,test,10,True,3804,76,7.919594227016205,70,21,49,0.81428571428571428,0.81292517006802723,0.65384615384615385,0.80952380952380953,0.72340425531914898,0.59356074020638561,40,9,4,17,0.89115646258503389,0.71391002411412285,0.6876588004415769
logreg_balanced_ratio_preserved_noise_mcc_selected_true_pr_auc_v1,logistic_regression_class_weight_balanced,logistic_regression,C,75/25,2,heuristic_fp_10,test,75/25,test,10,True,3804,76,8.0279428480134811,84,21,63,0.80952380952380953,0.80952380952380953,0.58620689655172409,0.80952380952380953,0.68000000000000005,0.56379813635555209,51,12,4,17,0.8873771730914588,0.77733120530328303,0.77260256406616734
logreg_balanced_ratio_preserved_noise_mcc_selected_true_pr_auc_v1,logistic_regression_class_weight_balanced,logistic_regression,C,75/25,2,heuristic_fp_10,test,80/20,test,10,True,3804,76,8.138325509004062,105,21,84,0.83809523809523812,0.82738095238095233,0.56666666666666665,0.80952380952380953,0.66666666666666663,0.57975090436420285,71,13,4,17,0.91553287981859399,0.79314538657183919,0.7890403739155607
logreg_balanced_ratio_preserved_noise_mcc_selected_true_pr_auc_v1,logistic_regression_class_weight_balanced,logistic_regression,C,75/25,2,heuristic_fp_10,test,90/10,test,10,True,3804,76,8.3286310319963377,210,21,189,0.81904761904761902,0.81481481481481488,0.33333333333333331,0.80952380952380953,0.47222222222222221,0.44049608863155321,155,34,4,17,0.90098261526832957,0.53083065836635068,0.50281397530361394
logreg_balanced_ratio_preserved_noise_mcc_selected_true_pr_auc_v1,logistic_regression_class_weight_balanced,logistic_regression,C,75/25,2,heuristic_fp_20,validation_selected_reproduction,75/25,valid,10,True,4892,76,9.0618896219821181,76,19,57,0.85526315789473684,0.83333333333333326,0.68181818181818177,0.78947368421052633,0.73170731707317072,0.63652394966416759,50,7,4,15,0.90397045244690666,0.83266276160760588,0.82904522696362659
logreg_balanced_ratio_preserved_noise_mcc_selected_true_pr_auc_v1,logistic_regression_class_weight_balanced,logistic_regression,C,75/25,2,heuristic_fp_20,test,50/50,test,10,True,4892,76,9.1619478130014613,42,21,21,0.83333333333333337,0.83333333333333326,0.88888888888888884,0.76190476190476186,0.82051282051282048,0.67357531405456339,19,2,5,16,0.90929705215419498,0.90473085789133068,0.90158597981467881
logreg_balanced_ratio_preserved_noise_mcc_selected_true_pr_auc_v1,logistic_regression_class_weight_balanced,logistic_regression,C,75/25,2,heuristic_fp_20,test,60/40,test,10,True,4892,76,9.2461686579918023,53,21,32,0.77358490566037741,0.77157738095238093,0.69565217391304346,0.76190476190476186,0.72727272727272729,0.53602331781320434,25,7,5,16,0.83333333333333326,0.69026177681639878,0.67358258224034384
logreg_balanced_ratio_preserved_noise_mcc_selected_true_pr_auc_v1,logistic_regression_class_weight_balanced,logistic_regression,C,75/25,2,heuristic_fp_20,test,70/30,test,10,True,4892,76,9.3612990950059611,70,21,49,0.80000000000000004,0.78911564625850339,0.64000000000000001,0.76190476190476186,0.69565217391304346,0.55301004133750209,40,9,5,16,0.8765792031098153,0.65235602976360563,0.62399648545148456
logreg_balanced_ratio_preserved_noise_mcc_selected_true_pr_auc_v1,logistic_regression_class_weight_balanced,logistic_regression,C,75/25,2,heuristic_fp_20,test,75/25,test,10,True,4892,76,9.4730716490012128,84,21,63,0.72619047619047616,0.73809523809523814,0.47058823529411764,0.76190476190476186,0.58181818181818179,0.42008402520840293,45,18,5,16,0.86092214663643241,0.66943385077811879,0.6546367178806467
logreg_balanced_ratio_preserved_noise_mcc_selected_true_pr_auc_v1,logistic_regression_class_weight_balanced,logistic_regression,C,75/25,2,heuristic_fp_20,test,80/20,test,10,True,4892,76,9.5855476309952792,105,21,84,0.81904761904761902,0.79761904761904767,0.53333333333333333,0.76190476190476186,0.62745098039215685,0.52704627669472981,70,14,5,16,0.90362811791383213,0.69318774382570769,0.68330756809204551
logreg_balanced_ratio_preserved_noise_mcc_selected_true_pr_auc_v1,logistic_regression_class_weight_balanced,logistic_regression,C,75/25,2,heuristic_fp_20,test,90/10,test,10,True,4892,76,9.7799568430054933,210,21,189,0.76190476190476186,0.76190476190476186,0.26229508196721313,0.76190476190476186,0.3902439024390244,0.34614326684748414,144,45,5,16,0.86092214663643229,0.34319090041232436,0.31536495531825343
logreg_balanced_ratio_preserved_noise_mcc_selected_true_pr_auc_v1,logistic_regression_class_weight_balanced,logistic_regression,C,75/25,3,clean,validation_selected_reproduction,75/25,valid,10,True,2716,76,5.9364584499853663,76,19,57,0.84210526315789469,0.82456140350877194,0.65217391304347827,0.78947368421052633,0.7142857142857143,0.61184194083829546,49,8,4,15,0.8476454293628809,0.72645152568709226,0.71878148974826206
logreg_balanced_ratio_preserved_noise_mcc_selected_true_pr_auc_v1,logistic_regression_class_weight_balanced,logistic_regression,C,75/25,3,clean,test,50/50,test,10,True,2716,76,6.007842802995583,42,21,21,0.83333333333333337,0.83333333333333326,0.88888888888888884,0.76190476190476186,0.82051282051282048,0.67357531405456339,19,2,5,16,0.8798185941043084,0.855894718764177,0.84803987968469285
logreg_balanced_ratio_preserved_noise_mcc_selected_true_pr_auc_v1,logistic_regression_class_weight_balanced,logistic_regression,C,75/25,3,clean,test,60/40,test,10,True,2716,76,6.0975931329885498,53,21,32,0.83018867924528306,0.81845238095238093,0.80000000000000004,0.76190476190476186,0.78048780487804881,0.64266872338949876,28,4,5,16,0.88244047619047616,0.87538294424627927,0.87298665527500741
logreg_balanced_ratio_preserved_noise_mcc_selected_true_pr_auc_v1,logistic_regression_class_weight_balanced,logistic_regression,C,75/25,3,clean,test,70/30,test,10,True,2716,76,6.1956746359937824,70,21,49,0.8571428571428571,0.82993197278911568,0.76190476190476186,0.76190476190476186,0.76190476190476186,0.65986394557823125,44,5,5,16,0.88241010689990285,0.84516801114270423,0.84255643898916377
logreg_balanced_ratio_preserved_noise_mcc_selected_true_pr_auc_v1,logistic_regression_class_weight_balanced,logistic_regression,C,75/25,3,clean,test,75/25,test,10,True,2716,76,6.3043541350052692,84,21,63,0.84523809523809523,0.81746031746031744,0.66666666666666663,0.76190476190476186,0.71111111111111114,0.60858061945018449,55,8,5,16,0.8571428571428571,0.65196449173835092,0.63577072613941699
logreg_balanced_ratio_preserved_noise_mcc_selected_true_pr_auc_v1,logistic_regression_class_weight_balanced,logistic_regression,C,75/25,3,clean,test,80/20,test,10,True,2716,76,6.4166056719841436,105,21,84,0.81904761904761902,0.79761904761904767,0.53333333333333333,0.76190476190476186,0.62745098039215685,0.52704627669472981,70,14,5,16,0.85600907029478457,0.63394283397259499,0.62171732479611519
logreg_balanced_ratio_preserved_noise_mcc_selected_true_pr_auc_v1,logistic_regression_class_weight_balanced,logistic_regression,C,75/25,3,clean,test,90/10,test,10,True,2716,76,6.6013141779985745,210,21,189,0.87619047619047619,0.82539682539682535,0.43243243243243246,0.76190476190476186,0.55172413793103448,0.51245996562896678,168,21,5,16,0.88788107835726882,0.60569622730007155,0.59063392490282784
logreg_balanced_ratio_preserved_noise_mcc_selected_true_pr_auc_v1,logistic_regression_class_weight_balanced,logistic_regression,C,75/25,3,random_flip_10,validation_selected_reproduction,75/25,valid,10,True,2716,76,6.0506468720268458,76,19,57,0.84210526315789469,0.80701754385964908,0.66666666666666663,0.73684210526315785,0.69999999999999996,0.59458839001056318,50,7,5,14,0.81163434903047083,0.5991071384527481,0.56875107442668249
logreg_balanced_ratio_preserved_noise_mcc_selected_true_pr_auc_v1,logistic_regression_class_weight_balanced,logistic_regression,C,75/25,3,random_flip_10,test,50/50,test,10,True,2716,76,6.1269715760136023,42,21,21,0.7142857142857143,0.71428571428571419,0.73684210526315785,0.66666666666666663,0.69999999999999996,0.43052838591144588,16,5,7,14,0.81859410430838986,0.79242030793151241,0.77952703730550876
logreg_balanced_ratio_preserved_noise_mcc_selected_true_pr_auc_v1,logistic_regression_class_weight_balanced,logistic_regression,C,75/25,3,random_flip_10,test,60/40,test,10,True,2716,76,6.2155402370262891,53,21,32,0.79245283018867929,0.77083333333333326,0.77777777777777779,0.66666666666666663,0.71794871794871795,0.55943092778551573,28,4,7,14,0.85863095238095233,0.83775974942009723,0.83370679892106825
logreg_balanced_ratio_preserved_noise_mcc_selected_true_pr_auc_v1,logistic_regression_class_weight_balanced,logistic_regression,C,75/25,3,random_flip_10,test,70/30,test,10,True,2716,76,6.3097400950209703,70,21,49,0.8571428571428571,0.80272108843537415,0.82352941176470584,0.66666666666666663,0.73684210526315785,0.64702038505735959,46,3,7,14,0.89601554907677361,0.85937537164962907,0.85696360653222081
logreg_balanced_ratio_preserved_noise_mcc_selected_true_pr_auc_v1,logistic_regression_class_weight_balanced,logistic_regression,C,75/25,3,random_flip_10,test,75/25,test,10,True,2716,76,6.4109312930086162,84,21,63,0.7857142857142857,0.74603174603174605,0.56000000000000005,0.66666666666666663,0.60869565217391308,0.46602053736175392,52,11,7,14,0.82842025699168553,0.6363482090505852,0.62113658850005637
logreg_balanced_ratio_preserved_noise_mcc_selected_true_pr_auc_v1,logistic_regression_class_weight_balanced,logistic_regression,C,75/25,3,random_flip_10,test,80/20,test,10,True,2716,76,6.5274161320121493,105,21,84,0.80952380952380953,0.75595238095238093,0.51851851851851849,0.66666666666666663,0.58333333333333337,0.46849965616343964,71,13,7,14,0.84013605442176864,0.6181965395061384,0.6089456275274665
logreg_balanced_ratio_preserved_noise_mcc_selected_true_pr_auc_v1,logistic_regression_class_weight_balanced,logistic_regression,C,75/25,3,random_flip_10,test,90/10,test,10,True,2716,76,6.7163138300238643,210,21,189,0.8571428571428571,0.77248677248677244,0.3783783783783784,0.66666666666666663,0.48275862068965519,0.42913314194946001,166,23,7,14,0.85663895187704708,0.5207979584353859,0.51175390578830182
logreg_balanced_ratio_preserved_noise_mcc_selected_true_pr_auc_v1,logistic_regression_class_weight_balanced,logistic_regression,C,75/25,3,random_flip_20,validation_selected_reproduction,75/25,valid,10,True,2716,76,6.0932399969897233,76,19,57,0.77631578947368418,0.71052631578947367,0.55000000000000004,0.57894736842105265,0.5641025641025641,0.41403933560541256,48,9,8,11,0.78024007386888261,0.59441848880667481,0.58303157260530414
logreg_balanced_ratio_preserved_noise_mcc_selected_true_pr_auc_v1,logistic_regression_class_weight_balanced,logistic_regression,C,75/25,3,random_flip_20,test,50/50,test,10,True,2716,76,6.1689873170107603,42,21,21,0.61904761904761907,0.61904761904761907,0.77777777777777779,0.33333333333333331,0.46666666666666667,0.29012942659282975,19,2,14,7,0.71655328798185935,0.68632627553838832,0.65956238463053585
logreg_balanced_ratio_preserved_noise_mcc_selected_true_pr_auc_v1,logistic_regression_class_weight_balanced,logistic_regression,C,75/25,3,random_flip_20,test,60/40,test,10,True,2716,76,6.2620628580043558,53,21,32,0.62264150943396224,0.57291666666666663,0.53846153846153844,0.33333333333333331,0.41176470588235292,0.16578291335048481,26,6,14,7,0.63541666666666663,0.55925658477375162,0.54549632494333589
logreg_balanced_ratio_preserved_noise_mcc_selected_true_pr_auc_v1,logistic_regression_class_weight_balanced,logistic_regression,C,75/25,3,random_flip_20,test,70/30,test,10,True,2716,76,6.3613198490056675,70,21,49,0.65714285714285714,0.56462585034013602,0.41176470588235292,0.33333333333333331,0.36842105263157893,0.13812794737179587,39,10,14,7,0.60544217687074831,0.38772304377128575,0.35885970833473751
logreg_balanced_ratio_preserved_noise_mcc_selected_true_pr_auc_v1,logistic_regression_class_weight_balanced,logistic_regression,C,75/25,3,random_flip_20,test,75/25,test,10,True,2716,76,6.4627265020099003,84,21,63,0.72619047619047616,0.59523809523809523,0.4375,0.33333333333333331,0.3783783783783784,0.21004201260420147,54,9,14,7,0.69841269841269837,0.47914125545821945,0.46621927779601646
logreg_balanced_ratio_preserved_noise_mcc_selected_true_pr_auc_v1,logistic_regression_class_weight_balanced,logistic_regression,C,75/25,3,random_flip_20,test,80/20,test,10,True,2716,76,6.5828061279898975,105,21,84,0.76190476190476186,0.60119047619047616,0.3888888888888889,0.33333333333333331,0.35897435897435898,0.21479444568068931,73,11,14,7,0.68934240362811783,0.34619984770638207,0.32173566317632868
logreg_balanced_ratio_preserved_noise_mcc_selected_true_pr_auc_v1,logistic_regression_class_weight_balanced,logistic_regression,C,75/25,3,random_flip_20,test,90/10,test,10,True,2716,76,6.7666760339925531,210,21,189,0.77619047619047621,0.57936507936507931,0.17499999999999999,0.33333333333333331,0.22950819672131148,0.12126781251816647,156,33,14,7,0.68203577727387255,0.19336329420921822,0.17506969656834387
logreg_balanced_ratio_preserved_noise_mcc_selected_true_pr_auc_v1,logistic_regression_class_weight_balanced,logistic_regression,C,75/25,3,random_fp_10,validation_selected_reproduction,75/25,valid,1,True,3804,76,7.5215596400084905,76,19,57,0.78947368421052633,0.78947368421052633,0.55555555555555558,0.78947368421052633,0.65217391304347827,0.52380952380952384,45,12,4,15,0.84856879039704525,0.69271906598605515,0.68296776335125786
logreg_balanced_ratio_preserved_noise_mcc_selected_true_pr_auc_v1,logistic_regression_class_weight_balanced,logistic_regression,C,75/25,3,random_fp_10,test,50/50,test,1,True,3804,76,7.5979970960179344,42,21,21,0.80952380952380953,0.80952380952380953,0.80952380952380953,0.80952380952380953,0.80952380952380953,0.61904761904761907,17,4,4,17,0.85487528344671204,0.85116813055043061,0.84577887711737576
logreg_balanced_ratio_preserved_noise_mcc_selected_true_pr_auc_v1,logistic_regression_class_weight_balanced,logistic_regression,C,75/25,3,random_fp_10,test,60/40,test,1,True,3804,76,7.6952161980152596,53,21,32,0.83018867924528306,0.82663690476190477,0.77272727272727271,0.80952380952380953,0.79069767441860461,0.64846672574637432,27,5,4,17,0.86309523809523803,0.84380342945339559,0.8402546278609675
logreg_balanced_ratio_preserved_noise_mcc_selected_true_pr_auc_v1,logistic_regression_class_weight_balanced,logistic_regression,C,75/25,3,random_fp_10,test,70/30,test,1,True,3804,76,7.800067674019374,70,21,49,0.7857142857142857,0.79251700680272108,0.6071428571428571,0.80952380952380953,0.69387755102040816,0.54724920963020229,38,11,4,17,0.84062196307094272,0.77051379552939192,0.76593492936120033
logreg_balanced_ratio_preserved_noise_mcc_selected_true_pr_auc_v1,logistic_regression_class_weight_balanced,logistic_regression,C,75/25,3,random_fp_10,test,75/25,test,1,True,3804,76,7.922566649998771,84,21,63,0.75,0.76984126984126977,0.5,0.80952380952380953,0.61818181818181817,0.4760952285695233,46,17,4,17,0.83597883597883604,0.62894055356996681,0.61818804986873066
logreg_balanced_ratio_preserved_noise_mcc_selected_true_pr_auc_v1,logistic_regression_class_weight_balanced,logistic_regression,C,75/25,3,random_fp_10,test,80/20,test,1,True,3804,76,8.0500564560061321,105,21,84,0.75238095238095237,0.77380952380952384,0.4358974358974359,0.80952380952380953,0.56666666666666665,0.45333950359163006,62,22,4,17,0.83900226757369611,0.61801585640996581,0.60825070682234839
logreg_balanced_ratio_preserved_noise_mcc_selected_true_pr_auc_v1,logistic_regression_class_weight_balanced,logistic_regression,C,75/25,3,random_fp_10,test,90/10,test,1,True,3804,76,8.2726070120115764,210,21,189,0.79047619047619044,0.79894179894179895,0.2982456140350877,0.80952380952380953,0.4358974358974359,0.40334255544980896,149,40,4,17,0.85840262030738224,0.53102256207995002,0.52098566352573183
logreg_balanced_ratio_preserved_noise_mcc_selected_true_pr_auc_v1,logistic_regression_class_weight_balanced,logistic_regression,C,75/25,3,random_fp_20,validation_selected_reproduction,75/25,valid,1,True,4892,76,8.7034482659946661,76,19,57,0.78947368421052633,0.78947368421052633,0.55555555555555558,0.78947368421052633,0.65217391304347827,0.52380952380952384,45,12,4,15,0.81717451523545703,0.67799694336752414,0.66902978434790494
logreg_balanced_ratio_preserved_noise_mcc_selected_true_pr_auc_v1,logistic_regression_class_weight_balanced,logistic_regression,C,75/25,3,random_fp_20,test,50/50,test,1,True,4892,76,8.779082274006214,42,21,21,0.7857142857142857,0.7857142857142857,0.77272727272727271,0.80952380952380953,0.79069767441860461,0.57207755354735534,16,5,4,17,0.84353741496598633,0.84313494723269167,0.83787859648766716
logreg_balanced_ratio_preserved_noise_mcc_selected_true_pr_auc_v1,logistic_regression_class_weight_balanced,logistic_regression,C,75/25,3,random_fp_20,test,60/40,test,1,True,4892,76,8.8843140499957372,53,21,32,0.81132075471698117,0.81101190476190477,0.73913043478260865,0.80952380952380953,0.77272727272727271,0.6138568406737519,26,6,4,17,0.84970238095238082,0.81134829090548011,0.80594806480731362
logreg_balanced_ratio_preserved_noise_mcc_selected_true_pr_auc_v1,logistic_regression_class_weight_balanced,logistic_regression,C,75/25,3,random_fp_20,test,70/30,test,1,True,4892,76,9.0014155640092213,70,21,49,0.77142857142857146,0.78231292517006801,0.58620689655172409,0.80952380952380953,0.68000000000000005,0.52526385619714755,37,12,4,17,0.8620019436345967,0.79879269941770259,0.79380440318176371
logreg_balanced_ratio_preserved_noise_mcc_selected_true_pr_auc_v1,logistic_regression_class_weight_balanced,logistic_regression,C,75/25,3,random_fp_20,test,75/25,test,1,True,4892,76,9.1331698440189939,84,21,63,0.77380952380952384,0.7857142857142857,0.53125,0.80952380952380953,0.64150943396226412,0.50952466536506802,48,15,4,17,0.83900226757369623,0.64930217140522317,0.63672395213437127
logreg_balanced_ratio_preserved_noise_mcc_selected_true_pr_auc_v1,logistic_regression_class_weight_balanced,logistic_regression,C,75/25,3,random_fp_20,test,80/20,test,1,True,4892,76,9.2761681370029692,105,21,84,0.72380952380952379,0.75595238095238093,0.40476190476190477,0.80952380952380953,0.53968253968253965,0.41796848785585972,59,25,4,17,0.84183673469387765,0.62972094009084745,0.61976254210390724
logreg_balanced_ratio_preserved_noise_mcc_selected_true_pr_auc_v1,logistic_regression_class_weight_balanced,logistic_regression,C,75/25,3,random_fp_20,test,90/10,test,1,True,4892,76,9.4937017910124268,210,21,189,0.7857142857142857,0.79629629629629628,0.29310344827586204,0.80952380952380953,0.43037974683544306,0.39761336798615132,148,41,4,17,0.85890652557319225,0.58856928687247401,0.57941279166014259
logreg_balanced_ratio_preserved_noise_mcc_selected_true_pr_auc_v1,logistic_regression_class_weight_balanced,logistic_regression,C,75/25,3,heuristic_fp_10,validation_selected_reproduction,75/25,valid,10,True,3804,76,7.7918427539989352,76,19,57,0.82894736842105265,0.81578947368421051,0.625,0.78947368421052633,0.69767441860465118,0.58834840541455213,48,9,4,15,0.87442289935364736,0.75306083215387187,0.74718818183828906
logreg_balanced_ratio_preserved_noise_mcc_selected_true_pr_auc_v1,logistic_regression_class_weight_balanced,logistic_regression,C,75/25,3,heuristic_fp_10,test,50/50,test,10,True,3804,76,7.8691307620028965,42,21,21,0.88095238095238093,0.88095238095238093,0.94444444444444442,0.80952380952380953,0.87179487179487181,0.76980035891950105,20,1,4,17,0.89569160997732422,0.88282625774790535,0.87732325399626254
logreg_balanced_ratio_preserved_noise_mcc_selected_true_pr_auc_v1,logistic_regression_class_weight_balanced,logistic_regression,C,75/25,3,heuristic_fp_10,test,60/40,test,10,True,3804,76,7.9667791230021976,53,21,32,0.79245283018867929,0.79538690476190477,0.70833333333333337,0.80952380952380953,0.75555555555555554,0.58049869858001624,25,7,4,17,0.88095238095238093,0.87123370951482015,0.86847791486359038
logreg_balanced_ratio_preserved_noise_mcc_selected_true_pr_auc_v1,logistic_regression_class_weight_balanced,logistic_regression,C,75/25,3,heuristic_fp_10,test,70/30,test,10,True,3804,76,8.0786255999992136,70,21,49,0.81428571428571428,0.81292517006802723,0.65384615384615385,0.80952380952380953,0.72340425531914898,0.59356074020638561,40,9,4,17,0.87463556851311941,0.78685187249345323,0.78199805663698818
logreg_balanced_ratio_preserved_noise_mcc_selected_true_pr_auc_v1,logistic_regression_class_weight_balanced,logistic_regression,C,75/25,3,heuristic_fp_10,test,75/25,test,10,True,3804,76,8.1908779960067477,84,21,63,0.80952380952380953,0.80952380952380953,0.58620689655172409,0.80952380952380953,0.68000000000000005,0.56379813635555209,51,12,4,17,0.85260770975056688,0.6090681361899849,0.58024953374671517
logreg_balanced_ratio_preserved_noise_mcc_selected_true_pr_auc_v1,logistic_regression_class_weight_balanced,logistic_regression,C,75/25,3,heuristic_fp_10,test,80/20,test,10,True,3804,76,8.3151262940082233,105,21,84,0.76190476190476186,0.77976190476190477,0.44736842105263158,0.80952380952380953,0.57627118644067798,0.46573477073253305,63,21,4,17,0.8475056689342404,0.5626107906126554,0.53821478152576829
logreg_balanced_ratio_preserved_noise_mcc_selected_true_pr_auc_v1,logistic_regression_class_weight_balanced,logistic_regression,C,75/25,3,heuristic_fp_10,test,90/10,test,10,True,3804,76,8.5002811019949149,210,21,189,0.84761904761904761,0.8306878306878307,0.37777777777777777,0.80952380952380953,0.51515151515151514,0.48354904432138285,161,28,4,17,0.89392794154698918,0.63356478981566733,0.62658217708554542
logreg_balanced_ratio_preserved_noise_mcc_selected_true_pr_auc_v1,logistic_regression_class_weight_balanced,logistic_regression,C,75/25,3,heuristic_fp_20,validation_selected_reproduction,75/25,valid,10,True,4892,76,9.1498793690116145,76,19,57,0.80263157894736847,0.76315789473684204,0.59090909090909094,0.68421052631578949,0.63414634146341464,0.50251890762960605,48,9,6,13,0.8291782086795938,0.66353744316235863,0.65166858855907406
logreg_balanced_ratio_preserved_noise_mcc_selected_true_pr_auc_v1,logistic_regression_class_weight_balanced,logistic_regression,C,75/25,3,heuristic_fp_20,test,50/50,test,10,True,4892,76,9.2260541889991146,42,21,21,0.7857142857142857,0.7857142857142857,0.77272727272727271,0.80952380952380953,0.79069767441860461,0.57207755354735534,16,5,4,17,0.85941043083900226,0.87023128607230005,0.86614628596850185
logreg_balanced_ratio_preserved_noise_mcc_selected_true_pr_auc_v1,logistic_regression_class_weight_balanced,logistic_regression,C,75/25,3,heuristic_fp_20,test,60/40,test,10,True,4892,76,9.3239380970189814,53,21,32,0.75471698113207553,0.76413690476190477,0.65384615384615385,0.80952380952380953,0.72340425531914898,0.51686266255039026,23,9,4,17,0.84970238095238093,0.8179317712818186,0.81316478457781227
logreg_balanced_ratio_preserved_noise_mcc_selected_true_pr_auc_v1,logistic_regression_class_weight_balanced,logistic_regression,C,75/25,3,heuristic_fp_20,test,70/30,test,10,True,4892,76,9.4390396630042233,70,21,49,0.72857142857142854,0.7517006802721089,0.53125,0.80952380952380953,0.64150943396226412,0.46307921124762702,34,15,4,17,0.83381924198250723,0.65421388266752301,0.63779504336948012
logreg_balanced_ratio_preserved_noise_mcc_selected_true_pr_auc_v1,logistic_regression_class_weight_balanced,logistic_regression,C,75/25,3,heuristic_fp_20,test,75/25,test,10,True,4892,76,9.5713431060139555,84,21,63,0.75,0.76984126984126977,0.5,0.80952380952380953,0.61818181818181817,0.4760952285695233,46,17,4,17,0.85563114134542706,0.59455858095041836,0.57031833870150628
logreg_balanced_ratio_preserved_noise_mcc_selected_true_pr_auc_v1,logistic_regression_class_weight_balanced,logistic_regression,C,75/25,3,heuristic_fp_20,test,80/20,test,10,True,4892,76,9.7076986379979644,105,21,84,0.74285714285714288,0.76785714285714279,0.42499999999999999,0.80952380952380953,0.55737704918032782,0.44126130406091407,61,23,4,17,0.81802721088435371,0.47298457404199817,0.44349542574707423
logreg_balanced_ratio_preserved_noise_mcc_selected_true_pr_auc_v1,logistic_regression_class_weight_balanced,logistic_regression,C,75/25,3,heuristic_fp_20,test,90/10,test,10,True,4892,76,9.9171808760147542,210,21,189,0.81904761904761902,0.81481481481481488,0.33333333333333331,0.80952380952380953,0.47222222222222221,0.44049608863155321,155,34,4,17,0.88133030990173855,0.44996893733046212,0.4209411321673534
logreg_balanced_ratio_preserved_noise_mcc_selected_true_pr_auc_v1,logistic_regression_class_weight_balanced,logistic_regression,C,75/25,4,clean,validation_selected_reproduction,75/25,valid,0.10000000000000001,True,2716,76,6.1943472530110739,76,19,57,0.80263157894736847,0.79824561403508776,0.57692307692307687,0.78947368421052633,0.66666666666666663,0.54443572293729625,46,11,4,15,0.86888273314866116,0.77349855445699012,0.76822463197305679
logreg_balanced_ratio_preserved_noise_mcc_selected_true_pr_auc_v1,logistic_regression_class_weight_balanced,logistic_regression,C,75/25,4,clean,test,50/50,test,0.10000000000000001,True,2716,76,6.2772246759850532,42,21,21,0.83333333333333337,0.83333333333333326,0.84999999999999998,0.80952380952380953,0.82926829268292679,0.66742381247191462,18,3,4,17,0.88208616780045346,0.8828766082967765,0.87940310981549974
logreg_balanced_ratio_preserved_noise_mcc_selected_true_pr_auc_v1,logistic_regression_class_weight_balanced,logistic_regression,C,75/25,4,clean,test,60/40,test,0.10000000000000001,True,2716,76,6.4267001159896608,53,21,32,0.75471698113207553,0.76413690476190477,0.65384615384615385,0.80952380952380953,0.72340425531914898,0.51686266255039026,23,9,4,17,0.84375,0.75017455495013241,0.73921968948481775
logreg_balanced_ratio_preserved_noise_mcc_selected_true_pr_auc_v1,logistic_regression_class_weight_balanced,logistic_regression,C,75/25,4,clean,test,70/30,test,0.10000000000000001,True,2716,76,6.529004020994762,70,21,49,0.80000000000000004,0.80272108843537415,0.62962962962962965,0.80952380952380953,0.70833333333333337,0.56998607972974347,39,10,4,17,0.88046647230320707,0.78145530442370603,0.77407329038942407
logreg_balanced_ratio_preserved_noise_mcc_selected_true_pr_auc_v1,logistic_regression_class_weight_balanced,logistic_regression,C,75/25,4,clean,test,75/25,test,0.10000000000000001,True,2716,76,6.6486953679996077,84,21,63,0.80952380952380953,0.80952380952380953,0.58620689655172409,0.80952380952380953,0.68000000000000005,0.56379813635555209,51,12,4,17,0.86092214663643241,0.59116747646928602,0.56873335682129156
logreg_balanced_ratio_preserved_noise_mcc_selected_true_pr_auc_v1,logistic_regression_class_weight_balanced,logistic_regression,C,75/25,4,clean,test,80/20,test,0.10000000000000001,True,2716,76,6.758653778990265,105,21,84,0.81904761904761902,0.81547619047619047,0.53125,0.80952380952380953,0.64150943396226412,0.5482889011990687,69,15,4,17,0.9007936507936507,0.77459033104885067,0.76954065119072457
logreg_balanced_ratio_preserved_noise_mcc_selected_true_pr_auc_v1,logistic_regression_class_weight_balanced,logistic_regression,C,75/25,4,clean,test,90/10,test,0.10000000000000001,True,2716,76,6.9676261550048366,210,21,189,0.79047619047619044,0.79894179894179895,0.2982456140350877,0.80952380952380953,0.4358974358974359,0.40334255544980896,149,40,4,17,0.8835978835978836,0.51843617759561722,0.49110982820274091
logreg_balanced_ratio_preserved_noise_mcc_selected_true_pr_auc_v1,logistic_regression_class_weight_balanced,logistic_regression,C,75/25,4,random_flip_10,validation_selected_reproduction,75/25,valid,0.10000000000000001,True,2716,76,6.3294287440076005,76,19,57,0.80263157894736847,0.81578947368421051,0.5714285714285714,0.84210526315789469,0.68085106382978722,0.56694670951384085,45,12,3,16,0.86149584487534614,0.76572065212986096,0.76036752547699593
logreg_balanced_ratio_preserved_noise_mcc_selected_true_pr_auc_v1,logistic_regression_class_weight_balanced,logistic_regression,C,75/25,4,random_flip_10,test,50/50,test,0.10000000000000001,True,2716,76,6.4138446650176775,42,21,21,0.83333333333333337,0.83333333333333326,0.84999999999999998,0.80952380952380953,0.82926829268292679,0.66742381247191462,18,3,4,17,0.91156462585034015,0.91855608998189719,0.91648615200925332
logreg_balanced_ratio_preserved_noise_mcc_selected_true_pr_auc_v1,logistic_regression_class_weight_balanced,logistic_regression,C,75/25,4,random_flip_10,test,60/40,test,0.10000000000000001,True,2716,76,6.5608267250063363,53,21,32,0.75471698113207553,0.76413690476190477,0.65384615384615385,0.80952380952380953,0.72340425531914898,0.51686266255039026,23,9,4,17,0.85119047619047616,0.77798788493737558,0.76981402621088413
logreg_balanced_ratio_preserved_noise_mcc_selected_true_pr_auc_v1,logistic_regression_class_weight_balanced,logistic_regression,C,75/25,4,random_flip_10,test,70/30,test,0.10000000000000001,True,2716,76,6.654781607008772,70,21,49,0.7857142857142857,0.79251700680272108,0.6071428571428571,0.80952380952380953,0.69387755102040816,0.54724920963020229,38,11,4,17,0.87366375121477169,0.7347267707230114,0.72365642206107861
logreg_balanced_ratio_preserved_noise_mcc_selected_true_pr_auc_v1,logistic_regression_class_weight_balanced,logistic_regression,C,75/25,4,random_flip_10,test,75/25,test,0.10000000000000001,True,2716,76,6.7686380720115267,84,21,63,0.80952380952380953,0.80952380952380953,0.58620689655172409,0.80952380952380953,0.68000000000000005,0.56379813635555209,51,12,4,17,0.86923658352229782,0.60290411984924641,0.57797179612413752
logreg_balanced_ratio_preserved_noise_mcc_selected_true_pr_auc_v1,logistic_regression_class_weight_balanced,logistic_regression,C,75/25,4,random_flip_10,test,80/20,test,0.10000000000000001,True,2716,76,6.8834572510095313,105,21,84,0.81904761904761902,0.81547619047619047,0.53125,0.80952380952380953,0.64150943396226412,0.5482889011990687,69,15,4,17,0.90929705215419498,0.75729285684570868,0.74963062232095057
logreg_balanced_ratio_preserved_noise_mcc_selected_true_pr_auc_v1,logistic_regression_class_weight_balanced,logistic_regression,C,75/25,4,random_flip_10,test,90/10,test,0.10000000000000001,True,2716,76,7.1037699920125306,210,21,189,0.77619047619047621,0.79100529100529093,0.28333333333333333,0.80952380952380953,0.41975308641975306,0.38650060290946858,146,43,4,17,0.88914084152179385,0.50109238986545279,0.47262592941314285
logreg_balanced_ratio_preserved_noise_mcc_selected_true_pr_auc_v1,logistic_regression_class_weight_balanced,logistic_regression,C,75/25,4,random_flip_20,validation_selected_reproduction,75/25,valid,1,True,2716,76,6.2875910380098503,76,19,57,0.75,0.76315789473684204,0.5,0.78947368421052633,0.61224489795918369,0.46625240412015684,42,15,4,15,0.8457987072945522,0.68329028705945261,0.67314040713462919
logreg_balanced_ratio_preserved_noise_mcc_selected_true_pr_auc_v1,logistic_regression_class_weight_balanced,logistic_regression,C,75/25,4,random_flip_20,test,50/50,test,1,True,2716,76,6.3834891169972252,42,21,21,0.66666666666666663,0.66666666666666663,0.70588235294117652,0.5714285714285714,0.63157894736842102,0.3395498750508662,16,5,9,12,0.72335600907029485,0.76693110101146655,0.76087613065503001
logreg_balanced_ratio_preserved_noise_mcc_selected_true_pr_auc_v1,logistic_regression_class_weight_balanced,logistic_regression,C,75/25,4,random_flip_20,test,60/40,test,1,True,2716,76,6.5364695629978087,53,21,32,0.660377358490566,0.6450892857142857,0.5714285714285714,0.5714285714285714,0.5714285714285714,0.29017857142857145,23,9,9,12,0.70982142857142849,0.67315850225477125,0.662384278062083
logreg_balanced_ratio_preserved_noise_mcc_selected_true_pr_auc_v1,logistic_regression_class_weight_balanced,logistic_regression,C,75/25,4,random_flip_20,test,70/30,test,1,True,2716,76,6.6416284269944299,70,21,49,0.65714285714285714,0.63265306122448983,0.44444444444444442,0.5714285714285714,0.5,0.24976918100516846,34,15,9,12,0.72206025267249752,0.61206812530041743,0.60329423241743574
logreg_balanced_ratio_preserved_noise_mcc_selected_true_pr_auc_v1,logistic_regression_class_weight_balanced,logistic_regression,C,75/25,4,random_flip_20,test,75/25,test,1,True,2716,76,6.768373814993538,84,21,63,0.70238095238095233,0.65873015873015872,0.42857142857142855,0.5714285714285714,0.48979591836734693,0.29160592175990219,47,16,9,12,0.72108843537414968,0.51843339238022756,0.50140740494055114
logreg_balanced_ratio_preserved_noise_mcc_selected_true_pr_auc_v1,logistic_regression_class_weight_balanced,logistic_regression,C,75/25,4,random_flip_20,test,80/20,test,1,True,2716,76,6.8874675179831684,105,21,84,0.78095238095238095,0.70238095238095233,0.46153846153846156,0.5714285714285714,0.51063829787234039,0.37510141439458466,70,14,9,12,0.79705215419501141,0.6136672772827656,0.60690044862387782
logreg_balanced_ratio_preserved_noise_mcc_selected_true_pr_auc_v1,logistic_regression_class_weight_balanced,logistic_regression,C,75/25,4,random_flip_20,test,90/10,test,1,True,2716,76,7.1271680599893443,210,21,189,0.75238095238095237,0.67195767195767186,0.21818181818181817,0.5714285714285714,0.31578947368421051,0.23466315646534902,146,43,9,12,0.75056689342403626,0.31586525034029789,0.30105311964433329
logreg_balanced_ratio_preserved_noise_mcc_selected_true_pr_auc_v1,logistic_regression_class_weight_balanced,logistic_regression,C,75/25,4,random_fp_10,validation_selected_reproduction,75/25,valid,1,True,3804,76,7.7211750280112028,76,19,57,0.77631578947368418,0.79824561403508776,0.53333333333333333,0.84210526315789469,0.65306122448979587,0.52841939133617777,43,14,3,16,0.88550323176361956,0.8492659120691155,0.84691281639316762
logreg_balanced_ratio_preserved_noise_mcc_selected_true_pr_auc_v1,logistic_regression_class_weight_balanced,logistic_regression,C,75/25,4,random_fp_10,test,50/50,test,1,True,3804,76,7.8211712269985583,42,21,21,0.7857142857142857,0.7857142857142857,0.80000000000000004,0.76190476190476186,0.78048780487804881,0.57207755354735534,17,4,5,16,0.84126984126984128,0.87317597795155533,0.87041963055235105
logreg_balanced_ratio_preserved_noise_mcc_selected_true_pr_auc_v1,logistic_regression_class_weight_balanced,logistic_regression,C,75/25,4,random_fp_10,test,60/40,test,1,True,3804,76,7.977836361998925,53,21,32,0.79245283018867929,0.78720238095238093,0.72727272727272729,0.76190476190476186,0.7441860465116279,0.57017803220524033,26,6,5,16,0.8660714285714286,0.84730953012372656,0.84394525499521045
logreg_balanced_ratio_preserved_noise_mcc_selected_true_pr_auc_v1,logistic_regression_class_weight_balanced,logistic_regression,C,75/25,4,random_fp_10,test,70/30,test,1,True,3804,76,8.0848140500020236,70,21,49,0.7857142857142857,0.77891156462585032,0.61538461538461542,0.76190476190476186,0.68085106382978722,0.52904326844482197,39,10,5,16,0.83381924198250723,0.7671277346225589,0.76286944884475938
logreg_balanced_ratio_preserved_noise_mcc_selected_true_pr_auc_v1,logistic_regression_class_weight_balanced,logistic_regression,C,75/25,4,random_fp_10,test,75/25,test,1,True,3804,76,8.2193163970077876,84,21,63,0.79761904761904767,0.7857142857142857,0.5714285714285714,0.76190476190476186,0.65306122448979587,0.52489065916782396,51,12,5,16,0.86243386243386244,0.75274493806928189,0.74789287201731436
logreg_balanced_ratio_preserved_noise_mcc_selected_true_pr_auc_v1,logistic_regression_class_weight_balanced,logistic_regression,C,75/25,4,random_fp_10,test,80/20,test,1,True,3804,76,8.3419780569965951,105,21,84,0.81904761904761902,0.79761904761904767,0.53333333333333333,0.76190476190476186,0.62745098039215685,0.52704627669472981,70,14,5,16,0.8701814058956916,0.75219965232387742,0.74848481675846323
logreg_balanced_ratio_preserved_noise_mcc_selected_true_pr_auc_v1,logistic_regression_class_weight_balanced,logistic_regression,C,75/25,4,random_fp_10,test,90/10,test,1,True,3804,76,8.572863645007601,210,21,189,0.79047619047619044,0.77777777777777768,0.29090909090909089,0.76190476190476186,0.42105263157894735,0.37907125275171766,150,39,5,16,0.83749055177626608,0.49791592879266011,0.48261603708337619
logreg_balanced_ratio_preserved_noise_mcc_selected_true_pr_auc_v1,logistic_regression_class_weight_balanced,logistic_regression,C,75/25,4,random_fp_20,validation_selected_reproduction,75/25,valid,0.10000000000000001,True,4892,76,9.1755951039958745,76,19,57,0.78947368421052633,0.80701754385964908,0.55172413793103448,0.84210526315789469,0.66666666666666663,0.54734290022615395,44,13,3,16,0.86795937211449681,0.7252707087479775,0.7158274724267879
logreg_balanced_ratio_preserved_noise_mcc_selected_true_pr_auc_v1,logistic_regression_class_weight_balanced,logistic_regression,C,75/25,4,random_fp_20,test,50/50,test,0.10000000000000001,True,4892,76,9.2558699740038719,42,21,21,0.80952380952380953,0.80952380952380953,0.80952380952380953,0.80952380952380953,0.80952380952380953,0.61904761904761907,17,4,4,17,0.84353741496598633,0.85804155634098156,0.85396026233665778
logreg_balanced_ratio_preserved_noise_mcc_selected_true_pr_auc_v1,logistic_regression_class_weight_balanced,logistic_regression,C,75/25,4,random_fp_20,test,60/40,test,0.10000000000000001,True,4892,76,9.3987444840022363,53,21,32,0.75471698113207553,0.76413690476190477,0.65384615384615385,0.80952380952380953,0.72340425531914898,0.51686266255039026,23,9,4,17,0.83035714285714279,0.76157395527143423,0.75316091147886666
logreg_balanced_ratio_preserved_noise_mcc_selected_true_pr_auc_v1,logistic_regression_class_weight_balanced,logistic_regression,C,75/25,4,random_fp_20,test,70/30,test,0.10000000000000001,True,4892,76,9.4948613589804154,70,21,49,0.74285714285714288,0.76190476190476186,0.54838709677419351,0.80952380952380953,0.65384615384615385,0.4832456210877899,35,14,4,17,0.82993197278911568,0.74877761445606117,0.74322206347425213
logreg_balanced_ratio_preserved_noise_mcc_selected_true_pr_auc_v1,logistic_regression_class_weight_balanced,logistic_regression,C,75/25,4,random_fp_20,test,75/25,test,0.10000000000000001,True,4892,76,9.6111443729896564,84,21,63,0.72619047619047616,0.75396825396825395,0.47222222222222221,0.80952380952380953,0.59649122807017541,0.44444444444444442,44,19,4,17,0.82917611489040055,0.59216425336822698,0.56765872414142937
logreg_balanced_ratio_preserved_noise_mcc_selected_true_pr_auc_v1,logistic_regression_class_weight_balanced,logistic_regression,C,75/25,4,random_fp_20,test,80/20,test,0.10000000000000001,True,4892,76,9.719513564981753,105,21,84,0.75238095238095237,0.77380952380952384,0.4358974358974359,0.80952380952380953,0.56666666666666665,0.45333950359163006,62,22,4,17,0.8781179138321995,0.76891781253527069,0.7645121403967754
logreg_balanced_ratio_preserved_noise_mcc_selected_true_pr_auc_v1,logistic_regression_class_weight_balanced,logistic_regression,C,75/25,4,random_fp_20,test,90/10,test,0.10000000000000001,True,4892,76,9.9315283650066704,210,21,189,0.71904761904761905,0.7592592592592593,0.2361111111111111,0.80952380952380953,0.36559139784946237,0.3277170445112606,134,55,4,17,0.84857646762408667,0.49441662722879809,0.46754779514509454
logreg_balanced_ratio_preserved_noise_mcc_selected_true_pr_auc_v1,logistic_regression_class_weight_balanced,logistic_regression,C,75/25,4,heuristic_fp_10,validation_selected_reproduction,75/25,valid,1,True,3804,76,7.766257173003396,76,19,57,0.77631578947368418,0.7807017543859649,0.5357142857142857,0.78947368421052633,0.63829787234042556,0.50395263067896967,44,13,4,15,0.89196675900277023,0.79413326780543425,0.78954930862630746
logreg_balanced_ratio_preserved_noise_mcc_selected_true_pr_auc_v1,logistic_regression_class_weight_balanced,logistic_regression,C,75/25,4,heuristic_fp_10,test,50/50,test,1,True,3804,76,7.8850854589836672,42,21,21,0.83333333333333337,0.83333333333333326,0.81818181818181823,0.8571428571428571,0.83720930232558144,0.66742381247191462,17,4,3,18,0.92517006802721091,0.92948546426530876,0.92764101089648654
logreg_balanced_ratio_preserved_noise_mcc_selected_true_pr_auc_v1,logistic_regression_class_weight_balanced,logistic_regression,C,75/25,4,heuristic_fp_10,test,60/40,test,1,True,3804,76,8.0420177509950008,53,21,32,0.79245283018867929,0.8035714285714286,0.69230769230769229,0.8571428571428571,0.76595744680851063,0.59402807414242031,24,8,3,18,0.89285714285714279,0.84110852453557072,0.83562257588900701
logreg_balanced_ratio_preserved_noise_mcc_selected_true_pr_auc_v1,logistic_regression_class_weight_balanced,logistic_regression,C,75/25,4,heuristic_fp_10,test,70/30,test,1,True,3804,76,8.1374518389930017,70,21,49,0.82857142857142863,0.83673469387755106,0.66666666666666663,0.8571428571428571,0.75,0.63402945947465839,40,9,3,18,0.89310009718172978,0.80340049896784405,0.79780898862837546
logreg_balanced_ratio_preserved_noise_mcc_selected_true_pr_auc_v1,logistic_regression_class_weight_balanced,logistic_regression,C,75/25,4,heuristic_fp_10,test,75/25,test,1,True,3804,76,8.2596111159946304,84,21,63,0.84523809523809523,0.84920634920634919,0.6428571428571429,0.8571428571428571,0.73469387755102045,0.64153302787178479,53,10,3,18,0.91080876795162513,0.75313783551724311,0.74541868029020675
logreg_balanced_ratio_preserved_noise_mcc_selected_true_pr_auc_v1,logistic_regression_class_weight_balanced,logistic_regression,C,75/25,4,heuristic_fp_10,test,80/20,test,1,True,3804,76,8.3966676649870351,105,21,84,0.8571428571428571,0.8571428571428571,0.59999999999999998,0.8571428571428571,0.70588235294117652,0.63245553203367588,72,12,3,18,0.93594104308390025,0.8274103277692495,0.82315098717809687
logreg_balanced_ratio_preserved_noise_mcc_selected_true_pr_auc_v1,logistic_regression_class_weight_balanced,logistic_regression,C,75/25,4,heuristic_fp_10,test,90/10,test,1,True,3804,76,8.613485760986805,210,21,189,0.7857142857142857,0.81746031746031744,0.29999999999999999,0.8571428571428571,0.44444444444444442,0.4216370213557839,147,42,3,18,0.9022423784328546,0.56956933676144905,0.56071059743714968
logreg_balanced_ratio_preserved_noise_mcc_selected_true_pr_auc_v1,logistic_regression_class_weight_balanced,logistic_regression,C,75/25,4,heuristic_fp_20,validation_selected_reproduction,75/25,valid,10,True,4892,76,9.2758139480138198,76,19,57,0.82894736842105265,0.79824561403508776,0.63636363636363635,0.73684210526315785,0.68292682926829273,0.56952142864688682,49,8,5,14,0.8457987072945522,0.72770550861051486,0.72135148593431175
logreg_balanced_ratio_preserved_noise_mcc_selected_true_pr_auc_v1,logistic_regression_class_weight_balanced,logistic_regression,C,75/25,4,heuristic_fp_20,test,50/50,test,10,True,4892,76,9.3547130539955106,42,21,21,0.80952380952380953,0.80952380952380953,0.84210526315789469,0.76190476190476186,0.80000000000000004,0.6218743352054219,18,3,5,16,0.89795918367346939,0.92429930777756875,0.92283942222035953
logreg_balanced_ratio_preserved_noise_mcc_selected_true_pr_auc_v1,logistic_regression_class_weight_balanced,logistic_regression,C,75/25,4,heuristic_fp_20,test,60/40,test,10,True,4892,76,9.5012048820208292,53,21,32,0.81132075471698117,0.80282738095238093,0.76190476190476186,0.76190476190476186,0.76190476190476186,0.60565476190476186,27,5,5,16,0.88690476190476186,0.86827702338180068,0.86526928060939312
logreg_balanced_ratio_preserved_noise_mcc_selected_true_pr_auc_v1,logistic_regression_class_weight_balanced,logistic_regression,C,75/25,4,heuristic_fp_20,test,70/30,test,10,True,4892,76,9.5983134410053026,70,21,49,0.74285714285714288,0.7482993197278911,0.55172413793103448,0.76190476190476186,0.64000000000000001,0.46197905424568392,36,13,5,16,0.85131195335276955,0.72796514813519009,0.72051954350609626
logreg_balanced_ratio_preserved_noise_mcc_selected_true_pr_auc_v1,logistic_regression_class_weight_balanced,logistic_regression,C,75/25,4,heuristic_fp_20,test,75/25,test,10,True,4892,76,9.7149825850210618,84,21,63,0.8571428571428571,0.82539682539682535,0.69565217391304346,0.76190476190476186,0.72727272727272729,0.63196698970363729,56,7,5,16,0.90022675736961444,0.77845121284167607,0.77318133700885561
logreg_balanced_ratio_preserved_noise_mcc_selected_true_pr_auc_v1,logistic_regression_class_weight_balanced,logistic_regression,C,75/25,4,heuristic_fp_20,test,80/20,test,10,True,4892,76,9.8203815540182404,105,21,84,0.83809523809523812,0.80952380952380953,0.5714285714285714,0.76190476190476186,0.65306122448979587,0.55994963993013247,72,12,5,16,0.90702947845804993,0.78374229799712869,0.77904043263363398
logreg_balanced_ratio_preserved_noise_mcc_selected_true_pr_auc_v1,logistic_regression_class_weight_balanced,logistic_regression,C,75/25,4,heuristic_fp_20,test,90/10,test,10,True,4892,76,10.032121697004186,210,21,189,0.77619047619047621,0.76984126984126977,0.27586206896551724,0.76190476190476186,0.4050632911392405,0.36211217441595922,147,42,5,16,0.86646510456034265,0.46325515681135482,0.43495698352258316
logreg_balanced_ratio_preserved_noise_mcc_selected_true_pr_auc_v1,logistic_regression_class_weight_balanced,logistic_regression,C,75/25,5,clean,validation_selected_reproduction,75/25,valid,10,True,2716,76,5.7125219299923629,76,19,57,0.81578947368421051,0.80701754385964919,0.59999999999999998,0.78947368421052633,0.68181818181818177,0.56591645841811022,47,10,4,15,0.82825484764542934,0.7508566882669363,0.74525649711264608
logreg_balanced_ratio_preserved_noise_mcc_selected_true_pr_auc_v1,logistic_regression_class_weight_balanced,logistic_regression,C,75/25,5,clean,test,50/50,test,10,True,2716,76,5.7982157309888862,42,21,21,0.7857142857142857,0.7857142857142857,0.77272727272727271,0.80952380952380953,0.79069767441860461,0.57207755354735534,16,5,4,17,0.85941043083900226,0.86712086897289398,0.86369613969827985
logreg_balanced_ratio_preserved_noise_mcc_selected_true_pr_auc_v1,logistic_regression_class_weight_balanced,logistic_regression,C,75/25,5,clean,test,60/40,test,10,True,2716,76,5.8805962519836612,53,21,32,0.84905660377358494,0.84226190476190477,0.80952380952380953,0.80952380952380953,0.80952380952380953,0.68452380952380953,28,4,4,17,0.89434523809523814,0.78876996335157867,0.76444460847911355
logreg_balanced_ratio_preserved_noise_mcc_selected_true_pr_auc_v1,logistic_regression_class_weight_balanced,logistic_regression,C,75/25,5,clean,test,70/30,test,10,True,2716,76,5.9684717859781813,70,21,49,0.81428571428571428,0.81292517006802723,0.65384615384615385,0.80952380952380953,0.72340425531914898,0.59356074020638561,40,9,4,17,0.89310009718172978,0.77358616127672719,0.7654113319653264
logreg_balanced_ratio_preserved_noise_mcc_selected_true_pr_auc_v1,logistic_regression_class_weight_balanced,logistic_regression,C,75/25,5,clean,test,75/25,test,10,True,2716,76,6.0623564069974236,84,21,63,0.8928571428571429,0.86507936507936511,0.77272727272727271,0.80952380952380953,0.79069767441860461,0.71910120940283073,58,5,4,17,0.90702947845804982,0.70805827121719456,0.68130965618117145
logreg_balanced_ratio_preserved_noise_mcc_selected_true_pr_auc_v1,logistic_regression_class_weight_balanced,logistic_regression,C,75/25,5,clean,test,80/20,test,10,True,2716,76,6.2055146239872556,105,21,84,0.84761904761904761,0.83333333333333326,0.58620689655172409,0.80952380952380953,0.68000000000000005,0.59642005197922698,72,12,4,17,0.87755102040816335,0.57735720750820341,0.55238831337534533
logreg_balanced_ratio_preserved_noise_mcc_selected_true_pr_auc_v1,logistic_regression_class_weight_balanced,logistic_regression,C,75/25,5,clean,test,90/10,test,10,True,2716,76,6.4585544699802995,210,21,189,0.84761904761904761,0.8306878306878307,0.37777777777777777,0.80952380952380953,0.51515151515151514,0.48354904432138285,161,28,4,17,0.88435374149659862,0.48000725166040015,0.45102997170961318
logreg_balanced_ratio_preserved_noise_mcc_selected_true_pr_auc_v1,logistic_regression_class_weight_balanced,logistic_regression,C,75/25,5,random_flip_10,validation_selected_reproduction,75/25,valid,1,True,2716,76,5.7174754109873902,76,19,57,0.76315789473684215,0.78947368421052633,0.5161290322580645,0.84210526315789469,0.64000000000000001,0.51011278533618509,42,15,3,16,0.8384118190212374,0.68861668775339524,0.67714788445107454
logreg_balanced_ratio_preserved_noise_mcc_selected_true_pr_auc_v1,logistic_regression_class_weight_balanced,logistic_regression,C,75/25,5,random_flip_10,test,50/50,test,1,True,2716,76,5.7961206409963779,42,21,21,0.7857142857142857,0.7857142857142857,0.77272727272727271,0.80952380952380953,0.79069767441860461,0.57207755354735534,16,5,4,17,0.85034013605442182,0.82680898472318143,0.82078041641542288
logreg_balanced_ratio_preserved_noise_mcc_selected_true_pr_auc_v1,logistic_regression_class_weight_balanced,logistic_regression,C,75/25,5,random_flip_10,test,60/40,test,1,True,2716,76,5.8793238619982731,53,21,32,0.83018867924528306,0.82663690476190477,0.77272727272727271,0.80952380952380953,0.79069767441860461,0.64846672574637432,27,5,4,17,0.89285714285714279,0.81217748612256879,0.80533931249392676
logreg_balanced_ratio_preserved_noise_mcc_selected_true_pr_auc_v1,logistic_regression_class_weight_balanced,logistic_regression,C,75/25,5,random_flip_10,test,70/30,test,1,True,2716,76,5.9710430589911994,70,21,49,0.81428571428571428,0.81292517006802723,0.65384615384615385,0.80952380952380953,0.72340425531914898,0.59356074020638561,40,9,4,17,0.89795918367346939,0.75754726121591576,0.74951447396762849
logreg_balanced_ratio_preserved_noise_mcc_selected_true_pr_auc_v1,logistic_regression_class_weight_balanced,logistic_regression,C,75/25,5,random_flip_10,test,75/25,test,1,True,2716,76,6.0724422819912434,84,21,63,0.90476190476190477,0.87301587301587302,0.80952380952380953,0.80952380952380953,0.80952380952380953,0.74603174603174605,59,4,4,17,0.94028722600151182,0.79966190949201543,0.78662952380353302
logreg_balanced_ratio_preserved_noise_mcc_selected_true_pr_auc_v1,logistic_regression_class_weight_balanced,logistic_regression,C,75/25,5,random_flip_10,test,80/20,test,1,True,2716,76,6.2155592879862525,105,21,84,0.82857142857142863,0.8214285714285714,0.54838709677419351,0.80952380952380953,0.65384615384615385,0.5637246911950432,70,14,4,17,0.86961451247165533,0.54443863156590555,0.51524279016228036
logreg_balanced_ratio_preserved_noise_mcc_selected_true_pr_auc_v1,logistic_regression_class_weight_balanced,logistic_regression,C,75/25,5,random_flip_10,test,90/10,test,1,True,2716,76,6.4741921800014097,210,21,189,0.80476190476190479,0.80687830687830686,0.31481481481481483,0.80952380952380953,0.45333333333333331,0.42128651251906202,152,37,4,17,0.8946837994457042,0.55142269398652588,0.54387770816757097
logreg_balanced_ratio_preserved_noise_mcc_selected_true_pr_auc_v1,logistic_regression_class_weight_balanced,logistic_regression,C,75/25,5,random_flip_20,validation_selected_reproduction,75/25,valid,0.10000000000000001,True,2716,76,5.5382270270201843,76,19,57,0.65789473684210531,0.68421052631578938,0.40000000000000002,0.73684210526315785,0.51851851851851849,0.32006096980144877,36,21,5,14,0.79409048938134807,0.60898536638157696,0.5918595468013379
logreg_balanced_ratio_preserved_noise_mcc_selected_true_pr_auc_v1,logistic_regression_class_weight_balanced,logistic_regression,C,75/25,5,random_flip_20,test,50/50,test,0.10000000000000001,True,2716,76,5.6220918140024878,42,21,21,0.76190476190476186,0.76190476190476186,0.73913043478260865,0.80952380952380953,0.77272727272727271,0.52620136055843392,15,6,4,17,0.80498866213151921,0.7515540227202101,0.72614389912106103
logreg_balanced_ratio_preserved_noise_mcc_selected_true_pr_auc_v1,logistic_regression_class_weight_balanced,logistic_regression,C,75/25,5,random_flip_20,test,60/40,test,0.10000000000000001,True,2716,76,5.7337073550152127,53,21,32,0.79245283018867929,0.79538690476190477,0.70833333333333337,0.80952380952380953,0.75555555555555554,0.58049869858001624,25,7,4,17,0.82886904761904767,0.70311057532467836,0.67628247146145226
logreg_balanced_ratio_preserved_noise_mcc_selected_true_pr_auc_v1,logistic_regression_class_weight_balanced,logistic_regression,C,75/25,5,random_flip_20,test,70/30,test,0.10000000000000001,True,2716,76,5.8231911890034098,70,21,49,0.77142857142857146,0.78231292517006801,0.58620689655172409,0.80952380952380953,0.68000000000000005,0.52526385619714755,37,12,4,17,0.85617103984450915,0.74512814718699438,0.73706378240435155
logreg_balanced_ratio_preserved_noise_mcc_selected_true_pr_auc_v1,logistic_regression_class_weight_balanced,logistic_regression,C,75/25,5,random_flip_20,test,75/25,test,0.10000000000000001,True,2716,76,5.9195211880141869,84,21,63,0.8214285714285714,0.81746031746031744,0.6071428571428571,0.80952380952380953,0.69387755102040816,0.58321184351980437,52,11,4,17,0.8835978835978836,0.70809866186038395,0.693172748195934
logreg_balanced_ratio_preserved_noise_mcc_selected_true_pr_auc_v1,logistic_regression_class_weight_balanced,logistic_regression,C,75/25,5,random_flip_20,test,80/20,test,0.10000000000000001,True,2716,76,6.0659743059950415,105,21,84,0.78095238095238095,0.79166666666666674,0.47222222222222221,0.80952380952380953,0.59649122807017541,0.4915755667668909,65,19,4,17,0.82993197278911568,0.49639909728789211,0.46717020189460479
logreg_balanced_ratio_preserved_noise_mcc_selected_true_pr_auc_v1,logistic_regression_class_weight_balanced,logistic_regression,C,75/25,5,random_flip_20,test,90/10,test,0.10000000000000001,True,2716,76,6.3221430779958609,210,21,189,0.77619047619047621,0.79100529100529093,0.28333333333333333,0.80952380952380953,0.41975308641975306,0.38650060290946858,146,43,4,17,0.8460569412950365,0.31395037923551605,0.2935327467590591
logreg_balanced_ratio_preserved_noise_mcc_selected_true_pr_auc_v1,logistic_regression_class_weight_balanced,logistic_regression,C,75/25,5,random_fp_10,validation_selected_reproduction,75/25,valid,10,True,3804,76,7.6684491470223293,76,19,57,0.76315789473684215,0.77192982456140347,0.51724137931034486,0.78947368421052633,0.625,0.48478942591459345,43,14,4,15,0.80609418282548473,0.63234282603798952,0.62152998344723032
logreg_balanced_ratio_preserved_noise_mcc_selected_true_pr_auc_v1,logistic_regression_class_weight_balanced,logistic_regression,C,75/25,5,random_fp_10,test,50/50,test,10,True,3804,76,7.7555608630063944,42,21,21,0.7857142857142857,0.7857142857142857,0.77272727272727271,0.80952380952380953,0.79069767441860461,0.57207755354735534,16,5,4,17,0.80952380952380953,0.79356693346256924,0.78567731602323598
logreg_balanced_ratio_preserved_noise_mcc_selected_true_pr_auc_v1,logistic_regression_class_weight_balanced,logistic_regression,C,75/25,5,random_fp_10,test,60/40,test,10,True,3804,76,7.8477327320142649,53,21,32,0.81132075471698117,0.81101190476190477,0.73913043478260865,0.80952380952380953,0.77272727272727271,0.6138568406737519,26,6,4,17,0.84970238095238093,0.77504558562368087,0.7667444606021725
logreg_balanced_ratio_preserved_noise_mcc_selected_true_pr_auc_v1,logistic_regression_class_weight_balanced,logistic_regression,C,75/25,5,random_fp_10,test,70/30,test,10,True,3804,76,7.9432691520196386,70,21,49,0.81428571428571428,0.81292517006802723,0.65384615384615385,0.80952380952380953,0.72340425531914898,0.59356074020638561,40,9,4,17,0.85617103984450915,0.74788138872994581,0.74130081609703824
logreg_balanced_ratio_preserved_noise_mcc_selected_true_pr_auc_v1,logistic_regression_class_weight_balanced,logistic_regression,C,75/25,5,random_fp_10,test,75/25,test,10,True,3804,76,8.0419691099959891,84,21,63,0.83333333333333337,0.82539682539682535,0.62962962962962965,0.80952380952380953,0.70833333333333337,0.60339807377407551,53,10,4,17,0.87679516250944822,0.71448670340871301,0.7048744682201038
logreg_balanced_ratio_preserved_noise_mcc_selected_true_pr_auc_v1,logistic_regression_class_weight_balanced,logistic_regression,C,75/25,5,random_fp_10,test,80/20,test,10,True,3804,76,8.1983488580153789,105,21,84,0.80952380952380953,0.80952380952380953,0.51515151515151514,0.80952380952380953,0.62962962962962965,0.53339646091044179,68,16,4,17,0.85034013605442171,0.62911800456165601,0.61879436432312107
logreg_balanced_ratio_preserved_noise_mcc_selected_true_pr_auc_v1,logistic_regression_class_weight_balanced,logistic_regression,C,75/25,5,random_fp_10,test,90/10,test,10,True,3804,76,8.4891047599958256,210,21,189,0.82857142857142863,0.82010582010582012,0.34693877551020408,0.80952380952380953,0.48571428571428571,0.45410171026157703,157,32,4,17,0.86747291509196267,0.52030504842294645,0.50961202379199788
logreg_balanced_ratio_preserved_noise_mcc_selected_true_pr_auc_v1,logistic_regression_class_weight_balanced,logistic_regression,C,75/25,5,random_fp_20,validation_selected_reproduction,75/25,valid,0.10000000000000001,True,4892,76,7.9859682789829094,76,19,57,0.69736842105263153,0.74561403508771928,0.44444444444444442,0.84210526315789469,0.58181818181818179,0.42600643361512924,37,20,3,16,0.83194829178208685,0.68518156517590723,0.6738940125277586
logreg_balanced_ratio_preserved_noise_mcc_selected_true_pr_auc_v1,logistic_regression_class_weight_balanced,logistic_regression,C,75/25,5,random_fp_20,test,50/50,test,0.10000000000000001,True,4892,76,8.0847552880004514,42,21,21,0.7857142857142857,0.7857142857142857,0.75,0.8571428571428571,0.80000000000000004,0.57735026918962573,15,6,3,18,0.8571428571428571,0.86054855399540653,0.85641638588474378
logreg_balanced_ratio_preserved_noise_mcc_selected_true_pr_auc_v1,logistic_regression_class_weight_balanced,logistic_regression,C,75/25,5,random_fp_20,test,60/40,test,0.10000000000000001,True,4892,76,8.1941514159843791,53,21,32,0.79245283018867929,0.8035714285714286,0.69230769230769229,0.8571428571428571,0.76595744680851063,0.59402807414242031,24,8,3,18,0.8482142857142857,0.72480636025209133,0.69845073980805905
logreg_balanced_ratio_preserved_noise_mcc_selected_true_pr_auc_v1,logistic_regression_class_weight_balanced,logistic_regression,C,75/25,5,random_fp_20,test,70/30,test,0.10000000000000001,True,4892,76,8.2800905329931993,70,21,49,0.80000000000000004,0.81632653061224492,0.62068965517241381,0.8571428571428571,0.71999999999999997,0.58854865814861101,38,11,3,18,0.88629737609329451,0.79096756250340672,0.78546472988263383
logreg_balanced_ratio_preserved_noise_mcc_selected_true_pr_auc_v1,logistic_regression_class_weight_balanced,logistic_regression,C,75/25,5,random_fp_20,test,75/25,test,0.10000000000000001,True,4892,76,8.3768710840085987,84,21,63,0.84523809523809523,0.84920634920634919,0.6428571428571429,0.8571428571428571,0.73469387755102045,0.64153302787178479,53,10,3,18,0.90249433106575971,0.68042894145559574,0.65699362847057796
logreg_balanced_ratio_preserved_noise_mcc_selected_true_pr_auc_v1,logistic_regression_class_weight_balanced,logistic_regression,C,75/25,5,random_fp_20,test,80/20,test,0.10000000000000001,True,4892,76,8.5359781779989135,105,21,84,0.72380952380952379,0.77380952380952372,0.40909090909090912,0.8571428571428571,0.55384615384615388,0.44395257597725524,58,26,3,18,0.84240362811791392,0.55601123585612733,0.52769482298753523
logreg_balanced_ratio_preserved_noise_mcc_selected_true_pr_auc_v1,logistic_regression_class_weight_balanced,logistic_regression,C,75/25,5,random_fp_20,test,90/10,test,0.10000000000000001,True,4892,76,8.8022891370055731,210,21,189,0.75238095238095237,0.79894179894179884,0.26865671641791045,0.8571428571428571,0.40909090909090912,0.38481480177420568,140,49,3,18,0.87251196775006301,0.49458910536715012,0.48212334325011097
logreg_balanced_ratio_preserved_noise_mcc_selected_true_pr_auc_v1,logistic_regression_class_weight_balanced,logistic_regression,C,75/25,5,heuristic_fp_10,validation_selected_reproduction,75/25,valid,1,True,3804,76,7.2967754199926276,76,19,57,0.73684210526315785,0.75438596491228072,0.4838709677419355,0.78947368421052633,0.59999999999999998,0.44828093256816265,41,16,4,15,0.82548476454293629,0.64649981754923891,0.63349183863411573
logreg_balanced_ratio_preserved_noise_mcc_selected_true_pr_auc_v1,logistic_regression_class_weight_balanced,logistic_regression,C,75/25,5,heuristic_fp_10,test,50/50,test,1,True,3804,76,7.405999812996015,42,21,21,0.83333333333333337,0.83333333333333326,0.81818181818181823,0.8571428571428571,0.83720930232558144,0.66742381247191462,17,4,3,18,0.8798185941043084,0.86260149512198314,0.85736365862729613
logreg_balanced_ratio_preserved_noise_mcc_selected_true_pr_auc_v1,logistic_regression_class_weight_balanced,logistic_regression,C,75/25,5,heuristic_fp_10,test,60/40,test,1,True,3804,76,7.5213178439880721,53,21,32,0.84905660377358494,0.8504464285714286,0.78260869565217395,0.8571428571428571,0.81818181818181823,0.69169036353429936,27,5,3,18,0.89136904761904767,0.78955000448816293,0.7763193762403573
logreg_balanced_ratio_preserved_noise_mcc_selected_true_pr_auc_v1,logistic_regression_class_weight_balanced,logistic_regression,C,75/25,5,heuristic_fp_10,test,70/30,test,1,True,3804,76,7.6226038839959074,70,21,49,0.81428571428571428,0.82653061224489788,0.6428571428571429,0.8571428571428571,0.73469387755102045,0.61088283865697002,39,10,3,18,0.90379008746355693,0.77045021612462028,0.76247490336058354
logreg_balanced_ratio_preserved_noise_mcc_selected_true_pr_auc_v1,logistic_regression_class_weight_balanced,logistic_regression,C,75/25,5,heuristic_fp_10,test,75/25,test,1,True,3804,76,7.7316181119822431,84,21,63,0.86904761904761907,0.86507936507936511,0.69230769230769229,0.8571428571428571,0.76595744680851063,0.68390618846756046,55,8,3,18,0.92894935752078611,0.72749073021161847,0.70505029088161641
logreg_balanced_ratio_preserved_noise_mcc_selected_true_pr_auc_v1,logistic_regression_class_weight_balanced,logistic_regression,C,75/25,5,heuristic_fp_10,test,80/20,test,1,True,3804,76,7.9014702569984365,105,21,84,0.76190476190476186,0.79761904761904767,0.45000000000000001,0.8571428571428571,0.5901639344262295,0.49029033784546011,62,22,3,18,0.87641723356009071,0.59978050886927403,0.57216950643385422
logreg_balanced_ratio_preserved_noise_mcc_selected_true_pr_auc_v1,logistic_regression_class_weight_balanced,logistic_regression,C,75/25,5,heuristic_fp_10,test,90/10,test,1,True,3804,76,8.1795816319936421,210,21,189,0.79047619047619044,0.82010582010582,0.30508474576271188,0.8571428571428571,0.45000000000000001,0.42731647397192735,148,41,3,18,0.90098261526832957,0.55453074275997238,0.54520514901959571
logreg_balanced_ratio_preserved_noise_mcc_selected_true_pr_auc_v1,logistic_regression_class_weight_balanced,logistic_regression,C,75/25,5,heuristic_fp_20,validation_selected_reproduction,75/25,valid,10,True,4892,76,9.0368616839987226,76,19,57,0.73684210526315785,0.75438596491228072,0.4838709677419355,0.78947368421052633,0.59999999999999998,0.44828093256816265,41,16,4,15,0.81440443213296398,0.60498636166940312,0.58698657326506321
logreg_balanced_ratio_preserved_noise_mcc_selected_true_pr_auc_v1,logistic_regression_class_weight_balanced,logistic_regression,C,75/25,5,heuristic_fp_20,test,50/50,test,10,True,4892,76,9.1616828659898601,42,21,21,0.73809523809523814,0.73809523809523814,0.75,0.7142857142857143,0.73170731707317072,0.47673129462279618,16,5,6,15,0.87301587301587302,0.87258919409554636,0.86903766891701717
logreg_balanced_ratio_preserved_noise_mcc_selected_true_pr_auc_v1,logistic_regression_class_weight_balanced,logistic_regression,C,75/25,5,heuristic_fp_20,test,60/40,test,10,True,4892,76,9.2647290590102784,53,21,32,0.69811320754716977,0.70089285714285721,0.59999999999999998,0.7142857142857143,0.65217391304347827,0.39366799437586791,22,10,6,15,0.8392857142857143,0.74369286715225091,0.72979494700251957
logreg_balanced_ratio_preserved_noise_mcc_selected_true_pr_auc_v1,logistic_regression_class_weight_balanced,logistic_regression,C,75/25,5,heuristic_fp_20,test,70/30,test,10,True,4892,76,9.3602855700009968,70,21,49,0.80000000000000004,0.77551020408163263,0.65217391304347827,0.7142857142857143,0.68181818181818177,0.53760404102768633,41,8,6,15,0.87463556851311952,0.68166583334620068,0.65427193970676212
logreg_balanced_ratio_preserved_noise_mcc_selected_true_pr_auc_v1,logistic_regression_class_weight_balanced,logistic_regression,C,75/25,5,heuristic_fp_20,test,75/25,test,10,True,4892,76,9.461244792008074,84,21,63,0.80952380952380953,0.77777777777777779,0.59999999999999998,0.7142857142857143,0.65217391304347827,0.52615221960198022,53,10,6,15,0.88359788359788372,0.67667031209228601,0.65030352193633434
logreg_balanced_ratio_preserved_noise_mcc_selected_true_pr_auc_v1,logistic_regression_class_weight_balanced,logistic_regression,C,75/25,5,heuristic_fp_20,test,80/20,test,10,True,4892,76,9.6154093260120135,105,21,84,0.74285714285714288,0.73214285714285721,0.41666666666666669,0.7142857142857143,0.52631578947368418,0.39125402252874991,63,21,6,15,0.85430839002267578,0.62350149766388308,0.60837774906402498
logreg_balanced_ratio_preserved_noise_mcc_selected_true_pr_auc_v1,logistic_regression_class_weight_balanced,logistic_regression,C,75/25,5,heuristic_fp_20,test,90/10,test,10,True,4892,76,9.9159984069992788,210,21,189,0.81428571428571428,0.76984126984126977,0.3125,0.7142857142857143,0.43478260869565216,0.38556782988253729,156,33,6,15,0.8795666414714034,0.49590971445078669,0.48301951072890048
logreg_balanced_ratio_preserved_noise_mcc_selected_true_pr_auc_v1,logistic_regression_class_weight_balanced,logistic_regression,C,80/20,1,clean,validation_selected_reproduction,80/20,valid,10,True,3395,95,7.13383968200651,95,19,76,0.83157894736842108,0.77631578947368429,0.56521739130434778,0.68421052631578949,0.61904761904761907,0.51604684654213995,66,10,6,13,0.82409972299168976,0.67400622204187899,0.66510148072928499
logreg_balanced_ratio_preserved_noise_mcc_selected_true_pr_auc_v1,logistic_regression_class_weight_balanced,logistic_regression,C,80/20,1,clean,test,50/50,test,10,True,3395,95,7.2175483249884564,42,21,21,0.80952380952380953,0.80952380952380953,0.88235294117647056,0.7142857142857143,0.78947368421052633,0.63059262509446579,19,2,6,15,0.9138321995464852,0.92763908628585545,0.92607454259398247
logreg_balanced_ratio_preserved_noise_mcc_selected_true_pr_auc_v1,logistic_regression_class_weight_balanced,logistic_regression,C,80/20,1,clean,test,60/40,test,10,True,3395,95,7.3094675579923205,53,21,32,0.81132075471698117,0.79464285714285721,0.78947368421052633,0.7142857142857143,0.75,0.60102742638844608,28,4,6,15,0.8571428571428571,0.83589415770853992,0.83219006244829918
logreg_balanced_ratio_preserved_noise_mcc_selected_true_pr_auc_v1,logistic_regression_class_weight_balanced,logistic_regression,C,80/20,1,clean,test,70/30,test,10,True,3395,95,7.3928123819932807,70,21,49,0.88571428571428568,0.83673469387755106,0.88235294117647056,0.7142857142857143,0.78947368421052633,0.71971930472672585,47,2,6,15,0.90962099125364426,0.87414623786580181,0.87195269041961532
logreg_balanced_ratio_preserved_noise_mcc_selected_true_pr_auc_v1,logistic_regression_class_weight_balanced,logistic_regression,C,80/20,1,clean,test,75/25,test,10,True,3395,95,7.479201779991854,84,21,63,0.88095238095238093,0.82539682539682535,0.78947368421052633,0.7142857142857143,0.75,0.67358087938986366,59,4,6,15,0.92894935752078611,0.86338947574892733,0.86085085574038467
logreg_balanced_ratio_preserved_noise_mcc_selected_true_pr_auc_v1,logistic_regression_class_weight_balanced,logistic_regression,C,80/20,1,clean,test,80/20,test,10,True,3395,95,7.5974522229807917,105,21,84,0.83809523809523812,0.79166666666666674,0.57692307692307687,0.7142857142857143,0.63829787234042556,0.54058733250984259,73,11,6,15,0.87131519274376412,0.72716550788580947,0.7222976725121486
logreg_balanced_ratio_preserved_noise_mcc_selected_true_pr_auc_v1,logistic_regression_class_weight_balanced,logistic_regression,C,80/20,1,clean,test,90/10,test,10,True,3395,95,7.8135895720042754,210,21,189,0.88095238095238093,0.80687830687830686,0.44117647058823528,0.7142857142857143,0.54545454545454541,0.49985143366185181,170,19,6,15,0.88762912572436381,0.58597476542956717,0.57652782323206009
logreg_balanced_ratio_preserved_noise_mcc_selected_true_pr_auc_v1,logistic_regression_class_weight_balanced,logistic_regression,C,80/20,1,random_flip_10,validation_selected_reproduction,80/20,valid,0.10000000000000001,True,3395,95,7.2277929539850447,95,19,76,0.74736842105263157,0.76315789473684204,0.42857142857142855,0.78947368421052633,0.55555555555555558,0.43643578047198472,56,20,4,15,0.80263157894736836,0.54412187864201056,0.52643709575238051
logreg_balanced_ratio_preserved_noise_mcc_selected_true_pr_auc_v1,logistic_regression_class_weight_balanced,logistic_regression,C,80/20,1,random_flip_10,test,50/50,test,0.10000000000000001,True,3395,95,7.3118412159965374,42,21,21,0.80952380952380953,0.80952380952380953,0.80952380952380953,0.80952380952380953,0.80952380952380953,0.61904761904761907,17,4,4,17,0.85034013605442171,0.84562784113904566,0.84102447736274955
logreg_balanced_ratio_preserved_noise_mcc_selected_true_pr_auc_v1,logistic_regression_class_weight_balanced,logistic_regression,C,80/20,1,random_flip_10,test,60/40,test,0.10000000000000001,True,3395,95,7.4027308730001096,53,21,32,0.81132075471698117,0.81101190476190477,0.73913043478260865,0.80952380952380953,0.77272727272727271,0.6138568406737519,26,6,4,17,0.87797619047619047,0.87604896636084595,0.87374559057640733
logreg_balanced_ratio_preserved_noise_mcc_selected_true_pr_auc_v1,logistic_regression_class_weight_balanced,logistic_regression,C,80/20,1,random_flip_10,test,70/30,test,0.10000000000000001,True,3395,95,7.4941707139951177,70,21,49,0.84285714285714286,0.83333333333333326,0.70833333333333337,0.80952380952380953,0.75555555555555554,0.64362349842859889,42,7,4,17,0.90864917395529643,0.85855224089532722,0.85536780186081329
logreg_balanced_ratio_preserved_noise_mcc_selected_true_pr_auc_v1,logistic_regression_class_weight_balanced,logistic_regression,C,80/20,1,random_flip_10,test,75/25,test,0.10000000000000001,True,3395,95,7.5976428269932512,84,21,63,0.86904761904761907,0.84920634920634919,0.70833333333333337,0.80952380952380953,0.75555555555555554,0.66943868139520302,56,7,4,17,0.91307634164777018,0.83793858269361565,0.83450716263458791
logreg_balanced_ratio_preserved_noise_mcc_selected_true_pr_auc_v1,logistic_regression_class_weight_balanced,logistic_regression,C,80/20,1,random_flip_10,test,80/20,test,0.10000000000000001,True,3395,95,7.7314180569956079,105,21,84,0.76190476190476186,0.77976190476190477,0.44736842105263158,0.80952380952380953,0.57627118644067798,0.46573477073253305,63,21,4,17,0.84126984126984128,0.53979469060672547,0.51106946917524076
logreg_balanced_ratio_preserved_noise_mcc_selected_true_pr_auc_v1,logistic_regression_class_weight_balanced,logistic_regression,C,80/20,1,random_flip_10,test,90/10,test,0.10000000000000001,True,3395,95,7.9673663479916286,210,21,189,0.77619047619047621,0.79100529100529093,0.28333333333333333,0.80952380952380953,0.41975308641975306,0.38650060290946858,146,43,4,17,0.85865457294028724,0.51381665392143716,0.50525315160607187
logreg_balanced_ratio_preserved_noise_mcc_selected_true_pr_auc_v1,logistic_regression_class_weight_balanced,logistic_regression,C,80/20,1,random_flip_20,validation_selected_reproduction,80/20,valid,0.10000000000000001,True,3395,95,7.2651412110135425,95,19,76,0.73684210526315785,0.73684210526315785,0.41176470588235292,0.73684210526315785,0.52830188679245282,0.39524658758195297,56,20,5,14,0.81786703601108024,0.55002412447967208,0.52027924436067807
logreg_balanced_ratio_preserved_noise_mcc_selected_true_pr_auc_v1,logistic_regression_class_weight_balanced,logistic_regression,C,80/20,1,random_flip_20,test,50/50,test,0.10000000000000001,True,3395,95,7.3459962549968623,42,21,21,0.76190476190476186,0.76190476190476186,0.78947368421052633,0.7142857142857143,0.75,0.52620136055843392,17,4,6,15,0.8231292517006803,0.82390297501789478,0.8183836080338005
logreg_balanced_ratio_preserved_noise_mcc_selected_true_pr_auc_v1,logistic_regression_class_weight_balanced,logistic_regression,C,80/20,1,random_flip_20,test,60/40,test,0.10000000000000001,True,3395,95,7.4333180560206529,53,21,32,0.73584905660377353,0.73214285714285721,0.65217391304347827,0.7142857142857143,0.68181818181818177,0.45818979495265688,24,8,6,15,0.82738095238095233,0.82152863695876843,0.8178293383775026
logreg_balanced_ratio_preserved_noise_mcc_selected_true_pr_auc_v1,logistic_regression_class_weight_balanced,logistic_regression,C,80/20,1,random_flip_20,test,70/30,test,0.10000000000000001,True,3395,95,7.529251405998366,70,21,49,0.74285714285714288,0.73469387755102034,0.55555555555555558,0.7142857142857143,0.625,0.44189932023991346,37,12,6,15,0.8279883381924199,0.74212814367164226,0.73616385974904164
logreg_balanced_ratio_preserved_noise_mcc_selected_true_pr_auc_v1,logistic_regression_class_weight_balanced,logistic_regression,C,80/20,1,random_flip_20,test,75/25,test,0.10000000000000001,True,3395,95,7.6297096560010687,84,21,63,0.8571428571428571,0.80952380952380953,0.7142857142857143,0.7142857142857143,0.7142857142857143,0.61904761904761907,57,6,6,15,0.87301587301587302,0.80651574564345641,0.80297738800011143
logreg_balanced_ratio_preserved_noise_mcc_selected_true_pr_auc_v1,logistic_regression_class_weight_balanced,logistic_regression,C,80/20,1,random_flip_20,test,80/20,test,0.10000000000000001,True,3395,95,7.7614133850147482,105,21,84,0.76190476190476186,0.74404761904761907,0.44117647058823528,0.7142857142857143,0.54545454545454541,0.41723931926931906,65,19,6,15,0.8100907029478458,0.514317802483645,0.48503676352597846
logreg_balanced_ratio_preserved_noise_mcc_selected_true_pr_auc_v1,logistic_regression_class_weight_balanced,logistic_regression,C,80/20,1,random_flip_20,test,90/10,test,0.10000000000000001,True,3395,95,7.9907030239992309,210,21,189,0.78095238095238095,0.75132275132275139,0.27272727272727271,0.7142857142857143,0.39473684210526316,0.34296922868012547,149,40,6,15,0.81330309901738473,0.38071115022873031,0.35212197319919331
logreg_balanced_ratio_preserved_noise_mcc_selected_true_pr_auc_v1,logistic_regression_class_weight_balanced,logistic_regression,C,80/20,1,random_fp_10,validation_selected_reproduction,80/20,valid,10,True,5095,95,9.3912234119779896,95,19,76,0.81052631578947365,0.74342105263157898,0.52173913043478259,0.63157894736842102,0.5714285714285714,0.45461269814426619,65,11,7,12,0.75,0.51543006187523477,0.48953475419683623
logreg_balanced_ratio_preserved_noise_mcc_selected_true_pr_auc_v1,logistic_regression_class_weight_balanced,logistic_regression,C,80/20,1,random_fp_10,test,50/50,test,10,True,5095,95,9.4707780239987187,42,21,21,0.7857142857142857,0.7857142857142857,0.9285714285714286,0.61904761904761907,0.74285714285714288,0.60609152673132649,20,1,8,13,0.89795918367346939,0.91617026772556742,0.91419692075837156
logreg_balanced_ratio_preserved_noise_mcc_selected_true_pr_auc_v1,logistic_regression_class_weight_balanced,logistic_regression,C,80/20,1,random_fp_10,test,60/40,test,10,True,5095,95,9.5578940999985207,53,21,32,0.77358490566037741,0.74702380952380953,0.76470588235294112,0.61904761904761907,0.68421052631578949,0.51769948875754113,28,4,8,13,0.82738095238095244,0.77435369668288923,0.76509535930590356
logreg_balanced_ratio_preserved_noise_mcc_selected_true_pr_auc_v1,logistic_regression_class_weight_balanced,logistic_regression,C,80/20,1,random_fp_10,test,70/30,test,10,True,5095,95,9.6469602430006489,70,21,49,0.77142857142857146,0.72789115646258506,0.61904761904761907,0.61904761904761907,0.61904761904761907,0.45578231292517007,41,8,8,13,0.83867832847424673,0.77200424183075422,0.76788468828776013
logreg_balanced_ratio_preserved_noise_mcc_selected_true_pr_auc_v1,logistic_regression_class_weight_balanced,logistic_regression,C,80/20,1,random_fp_10,test,75/25,test,10,True,5095,95,9.7430551169964019,84,21,63,0.7857142857142857,0.73015873015873023,0.56521739130434778,0.61904761904761907,0.59090909090909094,0.44700104149769471,53,10,8,13,0.84731670445956164,0.66994397104897896,0.65562127374700441
logreg_balanced_ratio_preserved_noise_mcc_selected_true_pr_auc_v1,logistic_regression_class_weight_balanced,logistic_regression,C,80/20,1,random_fp_10,test,80/20,test,10,True,5095,95,9.8724915609927848,105,21,84,0.83809523809523812,0.75595238095238093,0.59090909090909094,0.61904761904761907,0.60465116279069764,0.50313910549097718,75,9,8,13,0.85430839002267578,0.68463633600352169,0.67788820403444316
logreg_balanced_ratio_preserved_noise_mcc_selected_true_pr_auc_v1,logistic_regression_class_weight_balanced,logistic_regression,C,80/20,1,random_fp_10,test,90/10,test,10,True,5095,95,10.09900784297497,210,21,189,0.83333333333333337,0.73809523809523814,0.32500000000000001,0.61904761904761907,0.42622950819672129,0.36380343755449945,162,27,8,13,0.84857646762408667,0.52001750253520329,0.5093055699729675
logreg_balanced_ratio_preserved_noise_mcc_selected_true_pr_auc_v1,logistic_regression_class_weight_balanced,logistic_regression,C,80/20,1,random_fp_20,validation_selected_reproduction,80/20,valid,10,True,6790,95,11.897790822986281,95,19,76,0.80000000000000004,0.77631578947368418,0.5,0.73684210526315785,0.5957446808510638,0.48484495136659062,62,14,5,14,0.82825484764542934,0.53774611272395623,0.50619435994462469
logreg_balanced_ratio_preserved_noise_mcc_selected_true_pr_auc_v1,logistic_regression_class_weight_balanced,logistic_regression,C,80/20,1,random_fp_20,test,50/50,test,10,True,6790,95,11.975275194999995,42,21,21,0.7142857142857143,0.7142857142857143,0.76470588235294112,0.61904761904761907,0.68421052631578949,0.43656412506539938,17,4,8,13,0.79365079365079361,0.80989273349773772,0.80470899173794308
logreg_balanced_ratio_preserved_noise_mcc_selected_true_pr_auc_v1,logistic_regression_class_weight_balanced,logistic_regression,C,80/20,1,random_fp_20,test,60/40,test,10,True,6790,95,12.062190455995733,53,21,32,0.75471698113207553,0.73139880952380953,0.72222222222222221,0.61904761904761907,0.66666666666666663,0.47797532566289946,27,5,8,13,0.80952380952380953,0.7677579951097051,0.76090063238553207
logreg_balanced_ratio_preserved_noise_mcc_selected_true_pr_auc_v1,logistic_regression_class_weight_balanced,logistic_regression,C,80/20,1,random_fp_20,test,70/30,test,10,True,6790,95,12.14956219799933,70,21,49,0.75714285714285712,0.71768707482993199,0.59090909090909094,0.61904761904761907,0.60465116279069764,0.42977224748020282,40,9,8,13,0.82215743440233235,0.74327608053767902,0.73821540132982366
logreg_balanced_ratio_preserved_noise_mcc_selected_true_pr_auc_v1,logistic_regression_class_weight_balanced,logistic_regression,C,80/20,1,random_fp_20,test,75/25,test,10,True,6790,95,12.239079471997684,84,21,63,0.8571428571428571,0.77777777777777779,0.76470588235294112,0.61904761904761907,0.68421052631578949,0.59875003933115822,59,4,8,13,0.86621315192743764,0.77141603698729044,0.76686680038270993
logreg_balanced_ratio_preserved_noise_mcc_selected_true_pr_auc_v1,logistic_regression_class_weight_balanced,logistic_regression,C,80/20,1,random_fp_20,test,80/20,test,10,True,6790,95,12.361538956989534,105,21,84,0.78095238095238095,0.72023809523809523,0.4642857142857143,0.61904761904761907,0.53061224489795922,0.3984257053349019,69,15,8,13,0.80782312925170074,0.56464960028555833,0.55395729959359774
logreg_balanced_ratio_preserved_noise_mcc_selected_true_pr_auc_v1,logistic_regression_class_weight_balanced,logistic_regression,C,80/20,1,random_fp_20,test,90/10,test,10,True,6790,95,12.58822310299729,210,21,189,0.79047619047619044,0.7142857142857143,0.26530612244897961,0.61904761904761907,0.37142857142857144,0.30398544240651026,153,36,8,13,0.81229528848576471,0.41828843806261029,0.40820156482162701
logreg_balanced_ratio_preserved_noise_mcc_selected_true_pr_auc_v1,logistic_regression_class_weight_balanced,logistic_regression,C,80/20,1,heuristic_fp_10,validation_selected_reproduction,80/20,valid,10,True,5095,95,9.2002359329781029,95,19,76,0.81052631578947365,0.82236842105263164,0.5161290322580645,0.84210526315789469,0.64000000000000001,0.55004123745699818,61,15,3,16,0.83310249307479223,0.58737373077008193,0.55749071168244979
logreg_balanced_ratio_preserved_noise_mcc_selected_true_pr_auc_v1,logistic_regression_class_weight_balanced,logistic_regression,C,80/20,1,heuristic_fp_10,test,50/50,test,10,True,5095,95,9.2752686149906367,42,21,21,0.8571428571428571,0.85714285714285721,0.89473684210526316,0.80952380952380953,0.84999999999999998,0.71754730985240978,19,2,4,17,0.93197278911564618,0.92165495850297363,0.91884207189179823
logreg_balanced_ratio_preserved_noise_mcc_selected_true_pr_auc_v1,logistic_regression_class_weight_balanced,logistic_regression,C,80/20,1,heuristic_fp_10,test,60/40,test,10,True,5095,95,9.3572101649770048,53,21,32,0.83018867924528306,0.82663690476190477,0.77272727272727271,0.80952380952380953,0.79069767441860461,0.64846672574637432,27,5,4,17,0.91369047619047616,0.88307955751019951,0.88005483993105904
logreg_balanced_ratio_preserved_noise_mcc_selected_true_pr_auc_v1,logistic_regression_class_weight_balanced,logistic_regression,C,80/20,1,heuristic_fp_10,test,70/30,test,10,True,5095,95,9.4478744469815865,70,21,49,0.87142857142857144,0.8537414965986394,0.77272727272727271,0.80952380952380953,0.79069767441860461,0.69837990215532952,44,5,4,17,0.95238095238095233,0.90689026875198864,0.90474767062873584
logreg_balanced_ratio_preserved_noise_mcc_selected_true_pr_auc_v1,logistic_regression_class_weight_balanced,logistic_regression,C,80/20,1,heuristic_fp_10,test,75/25,test,10,True,5095,95,9.5428287939867005,84,21,63,0.8928571428571429,0.86507936507936511,0.77272727272727271,0.80952380952380953,0.79069767441860461,0.71910120940283073,58,5,4,17,0.94482237339380204,0.87116104211692469,0.86796071108992523
logreg_balanced_ratio_preserved_noise_mcc_selected_true_pr_auc_v1,logistic_regression_class_weight_balanced,logistic_regression,C,80/20,1,heuristic_fp_10,test,80/20,test,10,True,5095,95,9.6669269779813476,105,21,84,0.81904761904761902,0.81547619047619047,0.53125,0.80952380952380953,0.64150943396226412,0.5482889011990687,69,15,4,17,0.91609977324263037,0.73393223490499815,0.72511751284073656
logreg_balanced_ratio_preserved_noise_mcc_selected_true_pr_auc_v1,logistic_regression_class_weight_balanced,logistic_regression,C,80/20,1,heuristic_fp_10,test,90/10,test,10,True,5095,95,9.8885197700001299,210,21,189,0.86190476190476195,0.83862433862433861,0.40476190476190477,0.80952380952380953,0.53968253968253965,0.50793650793650791,164,25,4,17,0.91181657848324504,0.46536550226119378,0.43591429096388634
logreg_balanced_ratio_preserved_noise_mcc_selected_true_pr_auc_v1,logistic_regression_class_weight_balanced,logistic_regression,C,80/20,1,heuristic_fp_20,validation_selected_reproduction,80/20,valid,10,True,6790,95,11.596863693994237,95,19,76,0.75789473684210529,0.75,0.4375,0.73684210526315785,0.5490196078431373,0.4231636330280053,58,18,5,14,0.8317174515235457,0.51843674803689987,0.49130952383593685
logreg_balanced_ratio_preserved_noise_mcc_selected_true_pr_auc_v1,logistic_regression_class_weight_balanced,logistic_regression,C,80/20,1,heuristic_fp_20,test,50/50,test,10,True,6790,95,11.669213971006684,42,21,21,0.83333333333333337,0.83333333333333326,0.88888888888888884,0.76190476190476186,0.82051282051282048,0.67357531405456339,19,2,5,16,0.92743764172335597,0.93128052374136505,0.92954986114482807
logreg_balanced_ratio_preserved_noise_mcc_selected_true_pr_auc_v1,logistic_regression_class_weight_balanced,logistic_regression,C,80/20,1,heuristic_fp_20,test,60/40,test,10,True,6790,95,11.748452225991059,53,21,32,0.77358490566037741,0.77157738095238093,0.69565217391304346,0.76190476190476186,0.72727272727272729,0.53602331781320434,25,7,5,16,0.8705357142857143,0.77904254334569267,0.76917833773436062
logreg_balanced_ratio_preserved_noise_mcc_selected_true_pr_auc_v1,logistic_regression_class_weight_balanced,logistic_regression,C,80/20,1,heuristic_fp_20,test,70/30,test,10,True,6790,95,11.831656346999807,70,21,49,0.84285714285714286,0.8197278911564625,0.72727272727272729,0.76190476190476186,0.7441860465116279,0.63122798848654782,43,6,5,16,0.92711370262390669,0.87004093060226073,0.86738773778473588
logreg_balanced_ratio_preserved_noise_mcc_selected_true_pr_auc_v1,logistic_regression_class_weight_balanced,logistic_regression,C,80/20,1,heuristic_fp_20,test,75/25,test,10,True,6790,95,11.932265899988124,84,21,63,0.83333333333333337,0.80952380952380953,0.64000000000000001,0.76190476190476186,0.69565217391304346,0.58628390184220658,54,9,5,16,0.91534391534391535,0.80774293757370463,0.80330866874637796
logreg_balanced_ratio_preserved_noise_mcc_selected_true_pr_auc_v1,logistic_regression_class_weight_balanced,logistic_regression,C,80/20,1,heuristic_fp_20,test,80/20,test,10,True,6790,95,12.059116380987689,105,21,84,0.80952380952380953,0.79166666666666663,0.5161290322580645,0.76190476190476186,0.61538461538461542,0.51152796052883553,69,15,5,16,0.8798185941043084,0.55491160763552649,0.52539762312785965
logreg_balanced_ratio_preserved_noise_mcc_selected_true_pr_auc_v1,logistic_regression_class_weight_balanced,logistic_regression,C,80/20,1,heuristic_fp_20,test,90/10,test,10,True,6790,95,12.290153133013519,210,21,189,0.81904761904761902,0.79365079365079361,0.32653061224489793,0.76190476190476186,0.45714285714285713,0.41657264329781035,156,33,5,16,0.88863693625598383,0.40455799378059343,0.37955687063759647
logreg_balanced_ratio_preserved_noise_mcc_selected_true_pr_auc_v1,logistic_regression_class_weight_balanced,logistic_regression,C,80/20,2,clean,validation_selected_reproduction,80/20,valid,10,True,3395,95,7.1683721609879285,95,19,76,0.83157894736842108,0.79605263157894735,0.56000000000000005,0.73684210526315785,0.63636363636363635,0.53785287420047712,65,11,5,14,0.84349030470914133,0.66569936352421055,0.65777932649882409
logreg_balanced_ratio_preserved_noise_mcc_selected_true_pr_auc_v1,logistic_regression_class_weight_balanced,logistic_regression,C,80/20,2,clean,test,50/50,test,10,True,3395,95,7.2677106329938397,42,21,21,0.7857142857142857,0.7857142857142857,1,0.5714285714285714,0.72727272727272729,0.63245553203367588,21,0,9,12,0.88435374149659862,0.91746487639344787,0.91587717252065959
logreg_balanced_ratio_preserved_noise_mcc_selected_true_pr_auc_v1,logistic_regression_class_weight_balanced,logistic_regression,C,80/20,2,clean,test,60/40,test,10,True,3395,95,7.3511245590052567,53,21,32,0.81132075471698117,0.7700892857142857,0.92307692307692313,0.5714285714285714,0.70588235294117652,0.61407344434924471,31,1,9,12,0.92261904761904767,0.91702736890925407,0.91530534457542223
logreg_balanced_ratio_preserved_noise_mcc_selected_true_pr_auc_v1,logistic_regression_class_weight_balanced,logistic_regression,C,80/20,2,clean,test,70/30,test,10,True,3395,95,7.4640765030053444,70,21,49,0.80000000000000004,0.73469387755102034,0.70588235294117652,0.5714285714285714,0.63157894736842102,0.50162254571862708,44,5,9,12,0.87560738581146746,0.73100971764877776,0.72237741654170562
logreg_balanced_ratio_preserved_noise_mcc_selected_true_pr_auc_v1,logistic_regression_class_weight_balanced,logistic_regression,C,80/20,2,clean,test,75/25,test,10,True,3395,95,7.5652895410021301,84,21,63,0.83333333333333337,0.74603174603174605,0.70588235294117652,0.5714285714285714,0.63157894736842102,0.53032146340759734,58,5,9,12,0.88208616780045346,0.78812094356790507,0.78418462720700655
logreg_balanced_ratio_preserved_noise_mcc_selected_true_pr_auc_v1,logistic_regression_class_weight_balanced,logistic_regression,C,80/20,2,clean,test,80/20,test,10,True,3395,95,7.6780930910026655,105,21,84,0.84761904761904761,0.74404761904761907,0.63157894736842102,0.5714285714285714,0.59999999999999998,0.50713996339517575,77,7,9,12,0.89285714285714279,0.73060445339682811,0.72385510283782106
logreg_balanced_ratio_preserved_noise_mcc_selected_true_pr_auc_v1,logistic_regression_class_weight_balanced,logistic_regression,C,80/20,2,clean,test,90/10,test,10,True,3395,95,7.8687728729855735,210,21,189,0.84761904761904761,0.72486772486772488,0.34285714285714286,0.5714285714285714,0.42857142857142855,0.36203005349996598,166,23,9,12,0.87074829931972786,0.4379112894327033,0.40884120240719879
logreg_balanced_ratio_preserved_noise_mcc_selected_true_pr_auc_v1,logistic_regression_class_weight_balanced,logistic_regression,C,80/20,2,random_flip_10,validation_selected_reproduction,80/20,valid,0.10000000000000001,True,3395,95,6.9290942900115624,95,19,76,0.74736842105263157,0.72368421052631582,0.41935483870967744,0.68421052631578949,0.52000000000000002,0.38166126680689666,58,18,6,13,0.83379501385041555,0.58552368809471633,0.5691599263820748
logreg_balanced_ratio_preserved_noise_mcc_selected_true_pr_auc_v1,logistic_regression_class_weight_balanced,logistic_regression,C,80/20,2,random_flip_10,test,50/50,test,0.10000000000000001,True,3395,95,7.0273411759990267,42,21,21,0.83333333333333337,0.83333333333333326,0.84999999999999998,0.80952380952380953,0.82926829268292679,0.66742381247191462,18,3,4,17,0.86848072562358281,0.81575969286827321,0.79210917378931089
logreg_balanced_ratio_preserved_noise_mcc_selected_true_pr_auc_v1,logistic_regression_class_weight_balanced,logistic_regression,C,80/20,2,random_flip_10,test,60/40,test,0.10000000000000001,True,3395,95,7.107942834001733,53,21,32,0.77358490566037741,0.77976190476190477,0.68000000000000005,0.80952380952380953,0.73913043478260865,0.54821913290861601,24,8,4,17,0.91220238095238093,0.90484481148781382,0.90311324626802647
logreg_balanced_ratio_preserved_noise_mcc_selected_true_pr_auc_v1,logistic_regression_class_weight_balanced,logistic_regression,C,80/20,2,random_flip_10,test,70/30,test,0.10000000000000001,True,3395,95,7.2308125380077399,70,21,49,0.82857142857142863,0.8231292517006803,0.68000000000000005,0.80952380952380953,0.73913043478260865,0.61807004620073758,41,8,4,17,0.85811467444120493,0.61138175953626517,0.58629711629149595
logreg_balanced_ratio_preserved_noise_mcc_selected_true_pr_auc_v1,logistic_regression_class_weight_balanced,logistic_regression,C,80/20,2,random_flip_10,test,75/25,test,0.10000000000000001,True,3395,95,7.3323034130153246,84,21,63,0.72619047619047616,0.75396825396825395,0.47222222222222221,0.80952380952380953,0.59649122807017541,0.44444444444444442,44,19,4,17,0.83522297808012103,0.64175948751785561,0.63145681928701136
logreg_balanced_ratio_preserved_noise_mcc_selected_true_pr_auc_v1,logistic_regression_class_weight_balanced,logistic_regression,C,80/20,2,random_flip_10,test,80/20,test,0.10000000000000001,True,3395,95,7.4337638569995761,105,21,84,0.79047619047619044,0.79761904761904767,0.48571428571428571,0.80952380952380953,0.6071428571428571,0.50507627227610541,66,18,4,17,0.88265306122448983,0.63526289613945042,0.62289134079575814
logreg_balanced_ratio_preserved_noise_mcc_selected_true_pr_auc_v1,logistic_regression_class_weight_balanced,logistic_regression,C,80/20,2,random_flip_10,test,90/10,test,0.10000000000000001,True,3395,95,7.6251800970057957,210,21,189,0.80476190476190479,0.80687830687830686,0.31481481481481483,0.80952380952380953,0.45333333333333331,0.42128651251906202,152,37,4,17,0.88007054673721341,0.42065920749363078,0.39577767480773957
logreg_balanced_ratio_preserved_noise_mcc_selected_true_pr_auc_v1,logistic_regression_class_weight_balanced,logistic_regression,C,80/20,2,random_flip_20,validation_selected_reproduction,80/20,valid,10,True,3395,95,7.4251505169959273,95,19,76,0.76842105263157889,0.71710526315789469,0.44444444444444442,0.63157894736842102,0.52173913043478259,0.3850770231077027,61,15,7,12,0.7396121883656509,0.44744283183217731,0.42903083765835603
logreg_balanced_ratio_preserved_noise_mcc_selected_true_pr_auc_v1,logistic_regression_class_weight_balanced,logistic_regression,C,80/20,2,random_flip_20,test,50/50,test,10,True,3395,95,7.5190735289943404,42,21,21,0.69047619047619047,0.69047619047619047,0.83333333333333337,0.47619047619047616,0.60606060606060608,0.4216370213557839,19,2,11,10,0.73922902494331066,0.76068729137854918,0.75263796672128036
logreg_balanced_ratio_preserved_noise_mcc_selected_true_pr_auc_v1,logistic_regression_class_weight_balanced,logistic_regression,C,80/20,2,random_flip_20,test,60/40,test,10,True,3395,95,7.5981131689914037,53,21,32,0.71698113207547165,0.67559523809523814,0.7142857142857143,0.47619047619047616,0.5714285714285714,0.38961085211057755,28,4,11,10,0.76488095238095244,0.71136650126511958,0.70215049293593346
logreg_balanced_ratio_preserved_noise_mcc_selected_true_pr_auc_v1,logistic_regression_class_weight_balanced,logistic_regression,C,80/20,2,random_flip_20,test,70/30,test,10,True,3395,95,7.7163046189816669,70,21,49,0.72857142857142854,0.65646258503401356,0.55555555555555558,0.47619047619047616,0.51282051282051277,0.32810304425836656,41,8,11,10,0.71137026239067058,0.52015210947184043,0.50291271539416305
logreg_balanced_ratio_preserved_noise_mcc_selected_true_pr_auc_v1,logistic_regression_class_weight_balanced,logistic_regression,C,80/20,2,random_flip_20,test,75/25,test,10,True,3395,95,7.8248242649715394,84,21,63,0.72619047619047616,0.64285714285714279,0.45454545454545453,0.47619047619047616,0.46511627906976744,0.28138742976632508,51,12,11,10,0.72637944066515492,0.43740315455222711,0.40812123432487618
logreg_balanced_ratio_preserved_noise_mcc_selected_true_pr_auc_v1,logistic_regression_class_weight_balanced,logistic_regression,C,80/20,2,random_flip_20,test,80/20,test,10,True,3395,95,7.9345124989922624,105,21,84,0.75238095238095237,0.64880952380952372,0.40000000000000002,0.47619047619047616,0.43478260869565216,0.27950849718747373,69,15,11,10,0.73015873015873012,0.37975608770891839,0.3549315876917844
logreg_balanced_ratio_preserved_noise_mcc_selected_true_pr_auc_v1,logistic_regression_class_weight_balanced,logistic_regression,C,80/20,2,random_flip_20,test,90/10,test,10,True,3395,95,8.1313692609837744,210,21,189,0.80952380952380953,0.66137566137566139,0.25641025641025639,0.47619047619047616,0.33333333333333331,0.24898788811449638,160,29,11,10,0.71151423532375924,0.23226125548996515,0.20772471765848838
logreg_balanced_ratio_preserved_noise_mcc_selected_true_pr_auc_v1,logistic_regression_class_weight_balanced,logistic_regression,C,80/20,2,random_fp_10,validation_selected_reproduction,80/20,valid,1,True,5095,95,9.3637060130131431,95,19,76,0.81052631578947365,0.80263157894736836,0.51724137931034486,0.78947368421052633,0.625,0.52572286901486864,62,14,4,15,0.83379501385041543,0.64230338976896628,0.63361835147984324
logreg_balanced_ratio_preserved_noise_mcc_selected_true_pr_auc_v1,logistic_regression_class_weight_balanced,logistic_regression,C,80/20,2,random_fp_10,test,50/50,test,1,True,5095,95,9.4640506400028244,42,21,21,0.7857142857142857,0.7857142857142857,0.83333333333333337,0.7142857142857143,0.76923076923076927,0.57735026918962573,18,3,6,15,0.86167800453514731,0.89576212364801489,0.89359269090200488
logreg_balanced_ratio_preserved_noise_mcc_selected_true_pr_auc_v1,logistic_regression_class_weight_balanced,logistic_regression,C,80/20,2,random_fp_10,test,60/40,test,1,True,5095,95,9.5441518560110126,53,21,32,0.75471698113207553,0.74776785714285721,0.68181818181818177,0.7142857142857143,0.69767441860465118,0.49188933866410628,25,7,6,15,0.84970238095238093,0.85416457237952792,0.85162772048354896
logreg_balanced_ratio_preserved_noise_mcc_selected_true_pr_auc_v1,logistic_regression_class_weight_balanced,logistic_regression,C,80/20,2,random_fp_10,test,70/30,test,1,True,5095,95,9.6674662410223391,70,21,49,0.75714285714285712,0.74489795918367352,0.57692307692307687,0.7142857142857143,0.63829787234042556,0.46452579668325827,38,11,6,15,0.80563654033041787,0.63043424536602455,0.6141811264526853
logreg_balanced_ratio_preserved_noise_mcc_selected_true_pr_auc_v1,logistic_regression_class_weight_balanced,logistic_regression,C,80/20,2,random_fp_10,test,75/25,test,1,True,5095,95,9.7760833790234756,84,21,63,0.76190476190476186,0.74603174603174605,0.51724137931034486,0.7142857142857143,0.59999999999999998,0.44814723659031064,49,14,6,15,0.82237339380196517,0.67803870809707689,0.67066063181408664
logreg_balanced_ratio_preserved_noise_mcc_selected_true_pr_auc_v1,logistic_regression_class_weight_balanced,logistic_regression,C,80/20,2,random_fp_10,test,80/20,test,1,True,5095,95,9.8951649210066535,105,21,84,0.79047619047619044,0.76190476190476186,0.4838709677419355,0.7142857142857143,0.57692307692307687,0.45933122986262781,68,16,6,15,0.85544217687074831,0.6664761772991783,0.65887136490162557
logreg_balanced_ratio_preserved_noise_mcc_selected_true_pr_auc_v1,logistic_regression_class_weight_balanced,logistic_regression,C,80/20,2,random_fp_10,test,90/10,test,1,True,5095,95,10.112881459004711,210,21,189,0.80952380952380953,0.76719576719576721,0.30612244897959184,0.7142857142857143,0.42857142857142855,0.37904357633404367,155,34,6,15,0.8495842781557067,0.55136942113428911,0.54187378640846084
logreg_balanced_ratio_preserved_noise_mcc_selected_true_pr_auc_v1,logistic_regression_class_weight_balanced,logistic_regression,C,80/20,2,random_fp_20,validation_selected_reproduction,80/20,valid,1,True,6790,95,11.699937226978363,95,19,76,0.75789473684210529,0.76973684210526316,0.44117647058823528,0.78947368421052633,0.56603773584905659,0.45014194696833532,57,19,4,15,0.81717451523545703,0.6727143917435543,0.66664737060872392
logreg_balanced_ratio_preserved_noise_mcc_selected_true_pr_auc_v1,logistic_regression_class_weight_balanced,logistic_regression,C,80/20,2,random_fp_20,test,50/50,test,1,True,6790,95,11.803687216975959,42,21,21,0.83333333333333337,0.83333333333333326,0.84999999999999998,0.80952380952380953,0.82926829268292679,0.66742381247191462,18,3,4,17,0.87755102040816313,0.91533229850354192,0.91374619146387359
logreg_balanced_ratio_preserved_noise_mcc_selected_true_pr_auc_v1,logistic_regression_class_weight_balanced,logistic_regression,C,80/20,2,random_fp_20,test,60/40,test,1,True,6790,95,11.891241053992417,53,21,32,0.79245283018867929,0.79538690476190477,0.70833333333333337,0.80952380952380953,0.75555555555555554,0.58049869858001624,25,7,4,17,0.86309523809523814,0.86324336377907818,0.8606909077694529
logreg_balanced_ratio_preserved_noise_mcc_selected_true_pr_auc_v1,logistic_regression_class_weight_balanced,logistic_regression,C,80/20,2,random_fp_20,test,70/30,test,1,True,6790,95,12.016319691989338,70,21,49,0.77142857142857146,0.78231292517006801,0.58620689655172409,0.80952380952380953,0.68000000000000005,0.52526385619714755,37,12,4,17,0.82993197278911557,0.70591784804104374,0.69742420819168838
logreg_balanced_ratio_preserved_noise_mcc_selected_true_pr_auc_v1,logistic_regression_class_weight_balanced,logistic_regression,C,80/20,2,random_fp_20,test,75/25,test,1,True,6790,95,12.127996923984028,84,21,63,0.70238095238095233,0.73809523809523814,0.44736842105263158,0.80952380952380953,0.57627118644067798,0.41427613249958056,42,21,4,17,0.8193499622071051,0.64794978803040526,0.63766590329584938
logreg_balanced_ratio_preserved_noise_mcc_selected_true_pr_auc_v1,logistic_regression_class_weight_balanced,logistic_regression,C,80/20,2,random_fp_20,test,80/20,test,1,True,6790,95,12.25041590697947,105,21,84,0.82857142857142863,0.8214285714285714,0.54838709677419351,0.80952380952380953,0.65384615384615385,0.5637246911950432,70,14,4,17,0.87301587301587302,0.69378318637815339,0.6865118340593177
logreg_balanced_ratio_preserved_noise_mcc_selected_true_pr_auc_v1,logistic_regression_class_weight_balanced,logistic_regression,C,80/20,2,random_fp_20,test,90/10,test,1,True,6790,95,12.450557658972684,210,21,189,0.76190476190476186,0.78306878306878303,0.26984126984126983,0.80952380952380953,0.40476190476190477,0.37062403579763781,143,46,4,17,0.83774250440917108,0.44532659731467,0.42868609327878365
logreg_balanced_ratio_preserved_noise_mcc_selected_true_pr_auc_v1,logistic_regression_class_weight_balanced,logistic_regression,C,80/20,2,heuristic_fp_10,validation_selected_reproduction,80/20,valid,10,True,5095,95,10.305666291998932,95,19,76,0.81052631578947365,0.78289473684210531,0.51851851851851849,0.73684210526315785,0.60869565217391308,0.50176703011003687,63,13,5,14,0.84349030470914121,0.61752211902036613,0.60776709554753094
logreg_balanced_ratio_preserved_noise_mcc_selected_true_pr_auc_v1,logistic_regression_class_weight_balanced,logistic_regression,C,80/20,2,heuristic_fp_10,test,50/50,test,10,True,5095,95,10.422363677003887,42,21,21,0.83333333333333337,0.83333333333333326,0.84999999999999998,0.80952380952380953,0.82926829268292679,0.66742381247191462,18,3,4,17,0.87755102040816324,0.86590521210060456,0.86001738998336186
logreg_balanced_ratio_preserved_noise_mcc_selected_true_pr_auc_v1,logistic_regression_class_weight_balanced,logistic_regression,C,80/20,2,heuristic_fp_10,test,60/40,test,10,True,5095,95,10.519247899996117,53,21,32,0.79245283018867929,0.79538690476190477,0.70833333333333337,0.80952380952380953,0.75555555555555554,0.58049869858001624,25,7,4,17,0.87351190476190477,0.79978799175725324,0.79066995272601193
logreg_balanced_ratio_preserved_noise_mcc_selected_true_pr_auc_v1,logistic_regression_class_weight_balanced,logistic_regression,C,80/20,2,heuristic_fp_10,test,70/30,test,10,True,5095,95,10.636193761019967,70,21,49,0.82857142857142863,0.8231292517006803,0.68000000000000005,0.80952380952380953,0.73913043478260865,0.61807004620073758,41,8,4,17,0.87755102040816335,0.66074625322411351,0.63666299036331964
logreg_balanced_ratio_preserved_noise_mcc_selected_true_pr_auc_v1,logistic_regression_class_weight_balanced,logistic_regression,C,80/20,2,heuristic_fp_10,test,75/25,test,10,True,5095,95,10.740996406006161,84,21,63,0.8214285714285714,0.81746031746031744,0.6071428571428571,0.80952380952380953,0.69387755102040816,0.58321184351980437,52,11,4,17,0.86470143613000761,0.68994719393741044,0.68043576548238405
logreg_balanced_ratio_preserved_noise_mcc_selected_true_pr_auc_v1,logistic_regression_class_weight_balanced,logistic_regression,C,80/20,2,heuristic_fp_10,test,80/20,test,10,True,5095,95,10.847247747005895,105,21,84,0.87619047619047619,0.85119047619047628,0.65384615384615385,0.80952380952380953,0.72340425531914898,0.65091127792001457,75,9,4,17,0.91893424036281179,0.78236356200247714,0.77726193356320539
logreg_balanced_ratio_preserved_noise_mcc_selected_true_pr_auc_v1,logistic_regression_class_weight_balanced,logistic_regression,C,80/20,2,heuristic_fp_10,test,90/10,test,10,True,5095,95,11.051169450016459,210,21,189,0.8571428571428571,0.83597883597883604,0.39534883720930231,0.80952380952380953,0.53125,0.49956269849181806,163,26,4,17,0.89695137314184936,0.45057677386743333,0.42543849803269607
logreg_balanced_ratio_preserved_noise_mcc_selected_true_pr_auc_v1,logistic_regression_class_weight_balanced,logistic_regression,C,80/20,2,heuristic_fp_20,validation_selected_reproduction,80/20,valid,10,True,6790,95,12.119873466988793,95,19,76,0.80000000000000004,0.77631578947368418,0.5,0.73684210526315785,0.5957446808510638,0.48484495136659062,62,14,5,14,0.84626038781163437,0.61352671461294372,0.60282701396714011
logreg_balanced_ratio_preserved_noise_mcc_selected_true_pr_auc_v1,logistic_regression_class_weight_balanced,logistic_regression,C,80/20,2,heuristic_fp_20,test,50/50,test,10,True,6790,95,12.211058861983474,42,21,21,0.80952380952380953,0.80952380952380953,0.80952380952380953,0.80952380952380953,0.80952380952380953,0.61904761904761907,17,4,4,17,0.86621315192743764,0.86204083257378272,0.857541554938404
logreg_balanced_ratio_preserved_noise_mcc_selected_true_pr_auc_v1,logistic_regression_class_weight_balanced,logistic_regression,C,80/20,2,heuristic_fp_20,test,60/40,test,10,True,6790,95,12.288138934003655,53,21,32,0.77358490566037741,0.77976190476190477,0.68000000000000005,0.80952380952380953,0.73913043478260865,0.54821913290861601,24,8,4,17,0.8214285714285714,0.67562505166765974,0.647507968121664
logreg_balanced_ratio_preserved_noise_mcc_selected_true_pr_auc_v1,logistic_regression_class_weight_balanced,logistic_regression,C,80/20,2,heuristic_fp_20,test,70/30,test,10,True,6790,95,12.420391566003673,70,21,49,0.80000000000000004,0.80272108843537415,0.62962962962962965,0.80952380952380953,0.70833333333333337,0.56998607972974347,39,10,4,17,0.84548104956268222,0.61084823090579077,0.58861016601811156
logreg_balanced_ratio_preserved_noise_mcc_selected_true_pr_auc_v1,logistic_regression_class_weight_balanced,logistic_regression,C,80/20,2,heuristic_fp_20,test,75/25,test,10,True,6790,95,12.529335461993469,84,21,63,0.75,0.76984126984126977,0.5,0.80952380952380953,0.61818181818181817,0.4760952285695233,46,17,4,17,0.87301587301587302,0.7460193120335683,0.73881201681751052
logreg_balanced_ratio_preserved_noise_mcc_selected_true_pr_auc_v1,logistic_regression_class_weight_balanced,logistic_regression,C,80/20,2,heuristic_fp_20,test,80/20,test,10,True,6790,95,12.641916357009904,105,21,84,0.83809523809523812,0.82738095238095233,0.56666666666666665,0.80952380952380953,0.66666666666666663,0.57975090436420285,71,13,4,17,0.88888888888888884,0.63454801586411946,0.62151836920038561
logreg_balanced_ratio_preserved_noise_mcc_selected_true_pr_auc_v1,logistic_regression_class_weight_balanced,logistic_regression,C,80/20,2,heuristic_fp_20,test,90/10,test,10,True,6790,95,12.845204713987187,210,21,189,0.81428571428571428,0.8121693121693121,0.32692307692307693,0.80952380952380953,0.46575342465753422,0.43394085194667636,154,35,4,17,0.87402368354749305,0.41726683796171909,0.38818216560172625
logreg_balanced_ratio_preserved_noise_mcc_selected_true_pr_auc_v1,logistic_regression_class_weight_balanced,logistic_regression,C,80/20,3,clean,validation_selected_reproduction,80/20,valid,10,True,3395,95,6.9866689479968045,95,19,76,0.84210526315789469,0.78289473684210531,0.59090909090909094,0.68421052631578949,0.63414634146341464,0.5364950131438958,67,9,6,13,0.83933518005540164,0.73866528048904923,0.73467899212738619
logreg_balanced_ratio_preserved_noise_mcc_selected_true_pr_auc_v1,logistic_regression_class_weight_balanced,logistic_regression,C,80/20,3,clean,test,50/50,test,10,True,3395,95,7.0597592330013867,42,21,21,0.73809523809523814,0.73809523809523814,0.8125,0.61904761904761907,0.70270270270270274,0.49029033784546011,18,3,8,13,0.85941043083900226,0.79700075653407443,0.77275802160248408
logreg_balanced_ratio_preserved_noise_mcc_selected_true_pr_auc_v1,logistic_regression_class_weight_balanced,logistic_regression,C,80/20,3,clean,test,60/40,test,10,True,3395,95,7.1566062649944797,53,21,32,0.77358490566037741,0.74702380952380953,0.76470588235294112,0.61904761904761907,0.68421052631578949,0.51769948875754113,28,4,8,13,0.8705357142857143,0.81100943260717706,0.80401879488069228
logreg_balanced_ratio_preserved_noise_mcc_selected_true_pr_auc_v1,logistic_regression_class_weight_balanced,logistic_regression,C,80/20,3,clean,test,70/30,test,10,True,3395,95,7.2621856099867728,70,21,49,0.84285714285714286,0.77891156462585043,0.8125,0.61904761904761907,0.70270270270270274,0.60876171768941112,46,3,8,13,0.89212827988338184,0.81199505708671227,0.80738049643574805
logreg_balanced_ratio_preserved_noise_mcc_selected_true_pr_auc_v1,logistic_regression_class_weight_balanced,logistic_regression,C,80/20,3,clean,test,75/25,test,10,True,3395,95,7.3687762180052232,84,21,63,0.80952380952380953,0.74603174603174605,0.61904761904761907,0.61904761904761907,0.61904761904761907,0.49206349206349204,55,8,8,13,0.87830687830687826,0.6264802727619001,0.60234635726898855
logreg_balanced_ratio_preserved_noise_mcc_selected_true_pr_auc_v1,logistic_regression_class_weight_balanced,logistic_regression,C,80/20,3,clean,test,80/20,test,10,True,3395,95,7.4902864999894518,105,21,84,0.78095238095238095,0.72023809523809523,0.4642857142857143,0.61904761904761907,0.53061224489795922,0.3984257053349019,69,15,8,13,0.86904761904761907,0.58678566680684496,0.55847397831289591
logreg_balanced_ratio_preserved_noise_mcc_selected_true_pr_auc_v1,logistic_regression_class_weight_balanced,logistic_regression,C,80/20,3,clean,test,90/10,test,10,True,3395,95,7.6780546699883416,210,21,189,0.88095238095238093,0.76455026455026454,0.43333333333333335,0.61904761904761907,0.50980392156862742,0.45360921162651446,172,17,8,13,0.90602166792642991,0.54564524094778855,0.51780121365100706
logreg_balanced_ratio_preserved_noise_mcc_selected_true_pr_auc_v1,logistic_regression_class_weight_balanced,logistic_regression,C,80/20,3,random_flip_10,validation_selected_reproduction,80/20,valid,1,True,3395,95,6.7755139489891008,95,19,76,0.80000000000000004,0.81578947368421051,0.5,0.84210526315789469,0.62745098039215685,0.53452248382484879,60,16,3,16,0.86772853185595566,0.71790602164171946,0.71137494800742429
logreg_balanced_ratio_preserved_noise_mcc_selected_true_pr_auc_v1,logistic_regression_class_weight_balanced,logistic_regression,C,80/20,3,random_flip_10,test,50/50,test,1,True,3395,95,6.8661635209864471,42,21,21,0.7142857142857143,0.7142857142857143,0.7142857142857143,0.7142857142857143,0.7142857142857143,0.42857142857142855,15,6,6,15,0.85260770975056688,0.86823514802810875,0.86492765713616748
logreg_balanced_ratio_preserved_noise_mcc_selected_true_pr_auc_v1,logistic_regression_class_weight_balanced,logistic_regression,C,80/20,3,random_flip_10,test,60/40,test,1,True,3395,95,6.9766424439731054,53,21,32,0.77358490566037741,0.76339285714285721,0.7142857142857143,0.7142857142857143,0.7142857142857143,0.5267857142857143,26,6,6,15,0.8526785714285714,0.81375058006700218,0.80811939524224274
logreg_balanced_ratio_preserved_noise_mcc_selected_true_pr_auc_v1,logistic_regression_class_weight_balanced,logistic_regression,C,80/20,3,random_flip_10,test,70/30,test,1,True,3395,95,7.0914822329941671,70,21,49,0.80000000000000004,0.77551020408163263,0.65217391304347827,0.7142857142857143,0.68181818181818177,0.53760404102768633,41,8,6,15,0.88435374149659862,0.83038272501829025,0.82733758303882454
logreg_balanced_ratio_preserved_noise_mcc_selected_true_pr_auc_v1,logistic_regression_class_weight_balanced,logistic_regression,C,80/20,3,random_flip_10,test,75/25,test,1,True,3395,95,7.2125090129848104,84,21,63,0.79761904761904767,0.76984126984126977,0.57692307692307687,0.7142857142857143,0.63829787234042556,0.50549587843254462,52,11,6,15,0.86545729402872251,0.61428095637477287,0.58984550698688532
logreg_balanced_ratio_preserved_noise_mcc_selected_true_pr_auc_v1,logistic_regression_class_weight_balanced,logistic_regression,C,80/20,3,random_flip_10,test,80/20,test,1,True,3395,95,7.3403146769851446,105,21,84,0.76190476190476186,0.74404761904761907,0.44117647058823528,0.7142857142857143,0.54545454545454541,0.41723931926931906,65,19,6,15,0.85147392290249435,0.56555164364573729,0.53720707276879121
logreg_balanced_ratio_preserved_noise_mcc_selected_true_pr_auc_v1,logistic_regression_class_weight_balanced,logistic_regression,C,80/20,3,random_flip_10,test,90/10,test,1,True,3395,95,7.5444051939994097,210,21,189,0.81428571428571428,0.76984126984126977,0.3125,0.7142857142857143,0.43478260869565216,0.38556782988253729,156,33,6,15,0.87755102040816324,0.57030938907709638,0.55546982735072115
logreg_balanced_ratio_preserved_noise_mcc_selected_true_pr_auc_v1,logistic_regression_class_weight_balanced,logistic_regression,C,80/20,3,random_flip_20,validation_selected_reproduction,80/20,valid,10,True,3395,95,6.8659481450158637,95,19,76,0.83157894736842108,0.77631578947368429,0.56521739130434778,0.68421052631578949,0.61904761904761907,0.51604684654213995,66,10,6,13,0.75207756232686973,0.60244118522546874,0.59331817281180244
logreg_balanced_ratio_preserved_noise_mcc_selected_true_pr_auc_v1,logistic_regression_class_weight_balanced,logistic_regression,C,80/20,3,random_flip_20,test,50/50,test,10,True,3395,95,6.9347352359909564,42,21,21,0.7142857142857143,0.71428571428571419,0.73684210526315785,0.66666666666666663,0.69999999999999996,0.43052838591144588,16,5,7,14,0.79591836734693877,0.77008719109500534,0.75940236910447334
logreg_balanced_ratio_preserved_noise_mcc_selected_true_pr_auc_v1,logistic_regression_class_weight_balanced,logistic_regression,C,80/20,3,random_flip_20,test,60/40,test,10,True,3395,95,7.0213586800091434,53,21,32,0.69811320754716977,0.69270833333333326,0.60869565217391308,0.66666666666666663,0.63636363636363635,0.38035627209210943,23,9,7,14,0.8258928571428571,0.76189581026823094,0.75385576846164892
logreg_balanced_ratio_preserved_noise_mcc_selected_true_pr_auc_v1,logistic_regression_class_weight_balanced,logistic_regression,C,80/20,3,random_flip_20,test,70/30,test,10,True,3395,95,7.1156484099919908,70,21,49,0.81428571428571428,0.77210884353741494,0.69999999999999996,0.66666666666666663,0.68292682926829273,0.55205244747388338,43,6,7,14,0.83479105928085517,0.72246113933009748,0.71429695362552081
logreg_balanced_ratio_preserved_noise_mcc_selected_true_pr_auc_v1,logistic_regression_class_weight_balanced,logistic_regression,C,80/20,3,random_flip_20,test,75/25,test,10,True,3395,95,7.2203867440111935,84,21,63,0.75,0.72222222222222221,0.5,0.66666666666666663,0.5714285714285714,0.40824829046386302,49,14,7,14,0.8533635676492819,0.70578575749876671,0.69771605608820919
logreg_balanced_ratio_preserved_noise_mcc_selected_true_pr_auc_v1,logistic_regression_class_weight_balanced,logistic_regression,C,80/20,3,random_flip_20,test,80/20,test,10,True,3395,95,7.3395757889957167,105,21,84,0.78095238095238095,0.73809523809523814,0.46666666666666667,0.66666666666666663,0.5490196078431373,0.4216370213557839,68,16,7,14,0.81689342403628118,0.52239684179321066,0.49788094377044961
logreg_balanced_ratio_preserved_noise_mcc_selected_true_pr_auc_v1,logistic_regression_class_weight_balanced,logistic_regression,C,80/20,3,random_flip_20,test,90/10,test,10,True,3395,95,7.5245723930129316,210,21,189,0.87142857142857144,0.78042328042328046,0.41176470588235292,0.66666666666666663,0.50909090909090904,0.45676079282893356,169,20,7,14,0.872008062484253,0.51054409814040502,0.49386077016903673
logreg_balanced_ratio_preserved_noise_mcc_selected_true_pr_auc_v1,logistic_regression_class_weight_balanced,logistic_regression,C,80/20,3,random_fp_10,validation_selected_reproduction,80/20,valid,10,True,5095,95,9.0218933110008948,95,19,76,0.82105263157894737,0.78947368421052633,0.53846153846153844,0.73684210526315785,0.62222222222222223,0.51941138111487417,64,12,5,14,0.7825484764542936,0.64891939429868595,0.63988796188998465
logreg_balanced_ratio_preserved_noise_mcc_selected_true_pr_auc_v1,logistic_regression_class_weight_balanced,logistic_regression,C,80/20,3,random_fp_10,test,50/50,test,10,True,5095,95,9.0935583010141272,42,21,21,0.73809523809523814,0.73809523809523814,0.75,0.7142857142857143,0.73170731707317072,0.47673129462279618,16,5,6,15,0.80045351473922899,0.787996011410526,0.77819452213369411
logreg_balanced_ratio_preserved_noise_mcc_selected_true_pr_auc_v1,logistic_regression_class_weight_balanced,logistic_regression,C,80/20,3,random_fp_10,test,60/40,test,10,True,5095,95,9.2307735439972021,53,21,32,0.81132075471698117,0.79464285714285721,0.78947368421052633,0.7142857142857143,0.75,0.60102742638844608,28,4,6,15,0.86309523809523814,0.78917111930351558,0.77947084144834577
logreg_balanced_ratio_preserved_noise_mcc_selected_true_pr_auc_v1,logistic_regression_class_weight_balanced,logistic_regression,C,80/20,3,random_fp_10,test,70/30,test,10,True,5095,95,9.3583322229969781,70,21,49,0.80000000000000004,0.77551020408163263,0.65217391304347827,0.7142857142857143,0.68181818181818177,0.53760404102768633,41,8,6,15,0.86491739552964031,0.8137200574009511,0.81005314097204262
logreg_balanced_ratio_preserved_noise_mcc_selected_true_pr_auc_v1,logistic_regression_class_weight_balanced,logistic_regression,C,80/20,3,random_fp_10,test,75/25,test,10,True,5095,95,9.4872156030032784,84,21,63,0.79761904761904767,0.76984126984126977,0.57692307692307687,0.7142857142857143,0.63829787234042556,0.50549587843254462,52,11,6,15,0.86318972033257746,0.66800522621668135,0.65551580174522983
logreg_balanced_ratio_preserved_noise_mcc_selected_true_pr_auc_v1,logistic_regression_class_weight_balanced,logistic_regression,C,80/20,3,random_fp_10,test,80/20,test,10,True,5095,95,9.6433586550119799,105,21,84,0.81904761904761902,0.77976190476190477,0.5357142857142857,0.7142857142857143,0.61224489795918369,0.50610832839838893,71,13,6,15,0.85430839002267578,0.6098903347547826,0.58187669674531994
logreg_balanced_ratio_preserved_noise_mcc_selected_true_pr_auc_v1,logistic_regression_class_weight_balanced,logistic_regression,C,80/20,3,random_fp_10,test,90/10,test,10,True,5095,95,9.8859134770173114,210,21,189,0.83809523809523812,0.78306878306878303,0.34883720930232559,0.7142857142857143,0.46875,0.42089140739074438,161,28,6,15,0.87477954144620806,0.45119411689659034,0.43016935176773496
logreg_balanced_ratio_preserved_noise_mcc_selected_true_pr_auc_v1,logistic_regression_class_weight_balanced,logistic_regression,C,80/20,3,random_fp_20,validation_selected_reproduction,80/20,valid,1,True,6790,95,11.028178601001855,95,19,76,0.68421052631578949,0.72368421052631582,0.36585365853658536,0.78947368421052633,0.5,0.36129347073589169,50,26,4,15,0.81717451523545703,0.67321930796021223,0.66575583314833509
logreg_balanced_ratio_preserved_noise_mcc_selected_true_pr_auc_v1,logistic_regression_class_weight_balanced,logistic_regression,C,80/20,3,random_fp_20,test,50/50,test,1,True,6790,95,11.094491661002394,42,21,21,0.7857142857142857,0.7857142857142857,0.77272727272727271,0.80952380952380953,0.79069767441860461,0.57207755354735534,16,5,4,17,0.82993197278911568,0.85360981521514656,0.84922690085995134
logreg_balanced_ratio_preserved_noise_mcc_selected_true_pr_auc_v1,logistic_regression_class_weight_balanced,logistic_regression,C,80/20,3,random_fp_20,test,60/40,test,1,True,6790,95,11.180063990002964,53,21,32,0.77358490566037741,0.77976190476190477,0.68000000000000005,0.80952380952380953,0.73913043478260865,0.54821913290861601,24,8,4,17,0.8526785714285714,0.86049962849048489,0.85792471917578661
logreg_balanced_ratio_preserved_noise_mcc_selected_true_pr_auc_v1,logistic_regression_class_weight_balanced,logistic_regression,C,80/20,3,random_fp_20,test,70/30,test,1,True,6790,95,11.283456081000622,70,21,49,0.74285714285714288,0.76190476190476186,0.54838709677419351,0.80952380952380953,0.65384615384615385,0.4832456210877899,35,14,4,17,0.83284742468415929,0.7258816559449166,0.71681638363372824
logreg_balanced_ratio_preserved_noise_mcc_selected_true_pr_auc_v1,logistic_regression_class_weight_balanced,logistic_regression,C,80/20,3,random_fp_20,test,75/25,test,1,True,6790,95,11.405591168004321,84,21,63,0.73809523809523814,0.76190476190476186,0.48571428571428571,0.80952380952380953,0.6071428571428571,0.46006717724716562,45,18,4,17,0.81859410430838997,0.56961878799284804,0.54533587102221581
logreg_balanced_ratio_preserved_noise_mcc_selected_true_pr_auc_v1,logistic_regression_class_weight_balanced,logistic_regression,C,80/20,3,random_fp_20,test,80/20,test,1,True,6790,95,11.523915292025777,105,21,84,0.69523809523809521,0.73809523809523814,0.37777777777777777,0.80952380952380953,0.51515151515151514,0.38490017945975052,56,28,4,17,0.8344671201814059,0.6029070980046447,0.58657228535191397
logreg_balanced_ratio_preserved_noise_mcc_selected_true_pr_auc_v1,logistic_regression_class_weight_balanced,logistic_regression,C,80/20,3,random_fp_20,test,90/10,test,1,True,6790,95,11.706932877015788,210,21,189,0.77142857142857146,0.78835978835978837,0.27868852459016391,0.80952380952380953,0.41463414634146339,0.38110723319571488,145,44,4,17,0.86067019400352729,0.59127379267873936,0.5817747696609441
logreg_balanced_ratio_preserved_noise_mcc_selected_true_pr_auc_v1,logistic_regression_class_weight_balanced,logistic_regression,C,80/20,3,heuristic_fp_10,validation_selected_reproduction,80/20,valid,10,True,5095,95,9.0604865679924842,95,19,76,0.80000000000000004,0.75657894736842102,0.5,0.68421052631578949,0.57777777777777772,0.46038736053363849,63,13,6,13,0.82825484764542934,0.65251033004056969,0.64429173024085862
logreg_balanced_ratio_preserved_noise_mcc_selected_true_pr_auc_v1,logistic_regression_class_weight_balanced,logistic_regression,C,80/20,3,heuristic_fp_10,test,50/50,test,10,True,5095,95,9.1357813469949178,42,21,21,0.8571428571428571,0.85714285714285721,0.89473684210526316,0.80952380952380953,0.84999999999999998,0.71754730985240978,19,2,4,17,0.88208616780045357,0.85961082249989507,0.85184684243003406
logreg_balanced_ratio_preserved_noise_mcc_selected_true_pr_auc_v1,logistic_regression_class_weight_balanced,logistic_regression,C,80/20,3,heuristic_fp_10,test,60/40,test,10,True,5095,95,9.2343518309935462,53,21,32,0.81132075471698117,0.81101190476190477,0.73913043478260865,0.80952380952380953,0.77272727272727271,0.6138568406737519,26,6,4,17,0.86458333333333337,0.81249792667189435,0.80604100475019447
logreg_balanced_ratio_preserved_noise_mcc_selected_true_pr_auc_v1,logistic_regression_class_weight_balanced,logistic_regression,C,80/20,3,heuristic_fp_10,test,70/30,test,10,True,5095,95,9.3388999299786519,70,21,49,0.84285714285714286,0.83333333333333326,0.70833333333333337,0.80952380952380953,0.75555555555555554,0.64362349842859889,42,7,4,17,0.88726919339164234,0.82423812959527276,0.8203014362349379
logreg_balanced_ratio_preserved_noise_mcc_selected_true_pr_auc_v1,logistic_regression_class_weight_balanced,logistic_regression,C,80/20,3,heuristic_fp_10,test,75/25,test,10,True,5095,95,9.4502697549760342,84,21,63,0.80952380952380953,0.80952380952380953,0.58620689655172409,0.80952380952380953,0.68000000000000005,0.56379813635555209,51,12,4,17,0.84353741496598633,0.57527159437322783,0.54611769551154909
logreg_balanced_ratio_preserved_noise_mcc_selected_true_pr_auc_v1,logistic_regression_class_weight_balanced,logistic_regression,C,80/20,3,heuristic_fp_10,test,80/20,test,10,True,5095,95,9.5765777229971718,105,21,84,0.81904761904761902,0.81547619047619047,0.53125,0.80952380952380953,0.64150943396226412,0.5482889011990687,69,15,4,17,0.87301587301587302,0.58686857422394145,0.55810248337531865
logreg_balanced_ratio_preserved_noise_mcc_selected_true_pr_auc_v1,logistic_regression_class_weight_balanced,logistic_regression,C,80/20,3,heuristic_fp_10,test,90/10,test,10,True,5095,95,9.7781483389844652,210,21,189,0.8666666666666667,0.84126984126984128,0.41463414634146339,0.80952380952380953,0.54838709677419351,0.51657475086231242,165,24,4,17,0.8949357520786092,0.52717238221439899,0.51045451098820271
logreg_balanced_ratio_preserved_noise_mcc_selected_true_pr_auc_v1,logistic_regression_class_weight_balanced,logistic_regression,C,80/20,3,heuristic_fp_20,validation_selected_reproduction,80/20,valid,10,True,6790,95,11.046000153000932,95,19,76,0.80000000000000004,0.81578947368421051,0.5,0.84210526315789469,0.62745098039215685,0.53452248382484879,60,16,3,16,0.87534626038781149,0.61616086121516711,0.58573085289132398
logreg_balanced_ratio_preserved_noise_mcc_selected_true_pr_auc_v1,logistic_regression_class_weight_balanced,logistic_regression,C,80/20,3,heuristic_fp_20,test,50/50,test,10,True,6790,95,11.119710683997255,42,21,21,0.80952380952380953,0.80952380952380953,0.84210526315789469,0.76190476190476186,0.80000000000000004,0.6218743352054219,18,3,5,16,0.87755102040816324,0.87985010822376819,0.87590652749242581
logreg_balanced_ratio_preserved_noise_mcc_selected_true_pr_auc_v1,logistic_regression_class_weight_balanced,logistic_regression,C,80/20,3,heuristic_fp_20,test,60/40,test,10,True,6790,95,11.216819902998395,53,21,32,0.79245283018867929,0.78720238095238093,0.72727272727272729,0.76190476190476186,0.7441860465116279,0.57017803220524033,26,6,5,16,0.84226190476190466,0.73717313138148199,0.71167193384337291
logreg_balanced_ratio_preserved_noise_mcc_selected_true_pr_auc_v1,logistic_regression_class_weight_balanced,logistic_regression,C,80/20,3,heuristic_fp_20,test,70/30,test,10,True,6790,95,11.333953558001667,70,21,49,0.7857142857142857,0.77891156462585032,0.61538461538461542,0.76190476190476186,0.68085106382978722,0.52904326844482197,39,10,5,16,0.83479105928085517,0.73763204282262707,0.72963241836013126
logreg_balanced_ratio_preserved_noise_mcc_selected_true_pr_auc_v1,logistic_regression_class_weight_balanced,logistic_regression,C,80/20,3,heuristic_fp_20,test,75/25,test,10,True,6790,95,11.451992025016807,84,21,63,0.79761904761904767,0.7857142857142857,0.5714285714285714,0.76190476190476186,0.65306122448979587,0.52489065916782396,51,12,5,16,0.81708238851095982,0.51825645263299802,0.48902538390647432
logreg_balanced_ratio_preserved_noise_mcc_selected_true_pr_auc_v1,logistic_regression_class_weight_balanced,logistic_regression,C,80/20,3,heuristic_fp_20,test,80/20,test,10,True,6790,95,11.583006806991762,105,21,84,0.78095238095238095,0.77380952380952372,0.47058823529411764,0.76190476190476186,0.58181818181818179,0.46812216308265064,66,18,5,16,0.832766439909297,0.49984084782159194,0.47443456148445884
logreg_balanced_ratio_preserved_noise_mcc_selected_true_pr_auc_v1,logistic_regression_class_weight_balanced,logistic_regression,C,80/20,3,heuristic_fp_20,test,90/10,test,10,True,6790,95,11.789342708012555,210,21,189,0.82380952380952377,0.79629629629629628,0.33333333333333331,0.76190476190476186,0.46376811594202899,0.42336859751808015,157,32,5,16,0.86696900982615266,0.44625203569064925,0.41714359179611915
logreg_balanced_ratio_preserved_noise_mcc_selected_true_pr_auc_v1,logistic_regression_class_weight_balanced,logistic_regression,C,80/20,4,clean,validation_selected_reproduction,80/20,valid,10,True,3395,95,7.4202519879909232,95,19,76,0.83157894736842108,0.81578947368421051,0.55555555555555558,0.78947368421052633,0.65217391304347827,0.56011203361120387,64,12,4,15,0.84972299168975063,0.71007995064690443,0.70295473885892501
logreg_balanced_ratio_preserved_noise_mcc_selected_true_pr_auc_v1,logistic_regression_class_weight_balanced,logistic_regression,C,80/20,4,clean,test,50/50,test,10,True,3395,95,7.5051348099950701,42,21,21,0.7857142857142857,0.7857142857142857,0.9285714285714286,0.61904761904761907,0.74285714285714288,0.60609152673132649,20,1,8,13,0.90929705215419498,0.92060293484982925,0.91878338133857684
logreg_balanced_ratio_preserved_noise_mcc_selected_true_pr_auc_v1,logistic_regression_class_weight_balanced,logistic_regression,C,80/20,4,clean,test,60/40,test,10,True,3395,95,7.6678460219991393,53,21,32,0.79245283018867929,0.76264880952380953,0.8125,0.61904761904761907,0.70270270270270274,0.5596663755294996,29,3,8,13,0.93452380952380953,0.90680139101087587,0.90440634405365627
logreg_balanced_ratio_preserved_noise_mcc_selected_true_pr_auc_v1,logistic_regression_class_weight_balanced,logistic_regression,C,80/20,4,clean,test,70/30,test,10,True,3395,95,7.768443415989168,70,21,49,0.81428571428571428,0.75850340136054428,0.72222222222222221,0.61904761904761907,0.66666666666666663,0.54208329051382298,44,5,8,13,0.88726919339164234,0.82035055792242906,0.81678075815863327
logreg_balanced_ratio_preserved_noise_mcc_selected_true_pr_auc_v1,logistic_regression_class_weight_balanced,logistic_regression,C,80/20,4,clean,test,75/25,test,10,True,3395,95,7.8897361219860613,84,21,63,0.83333333333333337,0.76190476190476186,0.68421052631578949,0.61904761904761907,0.65000000000000002,0.54215046389915855,57,6,8,13,0.89795918367346939,0.76648410335385142,0.75918028056854259
logreg_balanced_ratio_preserved_noise_mcc_selected_true_pr_auc_v1,logistic_regression_class_weight_balanced,logistic_regression,C,80/20,4,clean,test,80/20,test,10,True,3395,95,8.0049766709853429,105,21,84,0.90476190476190477,0.79761904761904767,0.8666666666666667,0.61904761904761907,0.72222222222222221,0.6804138174397717,82,2,8,13,0.93027210884353739,0.8254889302365529,0.8214913393805785
logreg_balanced_ratio_preserved_noise_mcc_selected_true_pr_auc_v1,logistic_regression_class_weight_balanced,logistic_regression,C,80/20,4,clean,test,90/10,test,10,True,3395,95,8.2218379479891155,210,21,189,0.8571428571428571,0.75132275132275139,0.37142857142857144,0.61904761904761907,0.4642857142857143,0.40462182449996198,167,22,8,13,0.88939279415469885,0.6165470875110195,0.61034840834183202
logreg_balanced_ratio_preserved_noise_mcc_selected_true_pr_auc_v1,logistic_regression_class_weight_balanced,logistic_regression,C,80/20,4,random_flip_10,validation_selected_reproduction,80/20,valid,10,True,3395,95,7.8885939939937089,95,19,76,0.80000000000000004,0.71710526315789469,0.5,0.57894736842105265,0.53658536585365857,0.41172873101740842,65,11,8,11,0.77908587257617723,0.61091676027527586,0.60114253908699644
logreg_balanced_ratio_preserved_noise_mcc_selected_true_pr_auc_v1,logistic_regression_class_weight_balanced,logistic_regression,C,80/20,4,random_flip_10,test,50/50,test,10,True,3395,95,7.9816219939966686,42,21,21,0.7142857142857143,0.7142857142857143,0.76470588235294112,0.61904761904761907,0.68421052631578949,0.43656412506539938,17,4,8,13,0.85034013605442171,0.84074474387420062,0.83511999252617275
logreg_balanced_ratio_preserved_noise_mcc_selected_true_pr_auc_v1,logistic_regression_class_weight_balanced,logistic_regression,C,80/20,4,random_flip_10,test,60/40,test,10,True,3395,95,8.130798086989671,53,21,32,0.73584905660377353,0.71577380952380953,0.68421052631578949,0.61904761904761907,0.65000000000000002,0.44014634760770044,26,6,8,13,0.8526785714285714,0.82312669463041321,0.81895279439763646
logreg_balanced_ratio_preserved_noise_mcc_selected_true_pr_auc_v1,logistic_regression_class_weight_balanced,logistic_regression,C,80/20,4,random_flip_10,test,70/30,test,10,True,3395,95,8.250444802979473,70,21,49,0.80000000000000004,0.7482993197278911,0.68421052631578949,0.61904761904761907,0.65000000000000002,0.51174230885550231,43,6,8,13,0.86588921282798836,0.80823671193419111,0.80485858096543939
logreg_balanced_ratio_preserved_noise_mcc_selected_true_pr_auc_v1,logistic_regression_class_weight_balanced,logistic_regression,C,80/20,4,random_flip_10,test,75/25,test,10,True,3395,95,8.3932429819833487,84,21,63,0.7857142857142857,0.73015873015873023,0.56521739130434778,0.61904761904761907,0.59090909090909094,0.44700104149769471,53,10,8,13,0.85034013605442182,0.67865904610182071,0.67003833245235023
logreg_balanced_ratio_preserved_noise_mcc_selected_true_pr_auc_v1,logistic_regression_class_weight_balanced,logistic_regression,C,80/20,4,random_flip_10,test,80/20,test,10,True,3395,95,8.4968180279829539,105,21,84,0.8571428571428571,0.76785714285714279,0.65000000000000002,0.61904761904761907,0.63414634146341464,0.54570515633174921,77,7,8,13,0.86621315192743764,0.69073608364133188,0.683286705500181
logreg_balanced_ratio_preserved_noise_mcc_selected_true_pr_auc_v1,logistic_regression_class_weight_balanced,logistic_regression,C,80/20,4,random_flip_10,test,90/10,test,10,True,3395,95,8.7009890359768178,210,21,189,0.8666666666666667,0.75661375661375663,0.39393939393939392,0.61904761904761907,0.48148148148148145,0.42306478434416322,169,20,8,13,0.84933232552280169,0.42710019634245056,0.41015907685767206
logreg_balanced_ratio_preserved_noise_mcc_selected_true_pr_auc_v1,logistic_regression_class_weight_balanced,logistic_regression,C,80/20,4,random_flip_20,validation_selected_reproduction,80/20,valid,0.10000000000000001,True,3395,95,7.6342579569900408,95,19,76,0.70526315789473681,0.71710526315789469,0.3783783783783784,0.73684210526315785,0.5,0.35617963571548511,53,23,5,14,0.77839335180055402,0.49926144128563549,0.48164286621541191
logreg_balanced_ratio_preserved_noise_mcc_selected_true_pr_auc_v1,logistic_regression_class_weight_balanced,logistic_regression,C,80/20,4,random_flip_20,test,50/50,test,0.10000000000000001,True,3395,95,7.7172567129891831,42,21,21,0.80952380952380953,0.80952380952380953,0.84210526315789469,0.76190476190476186,0.80000000000000004,0.6218743352054219,18,3,5,16,0.84126984126984128,0.86839606665782143,0.86521705710003549
logreg_balanced_ratio_preserved_noise_mcc_selected_true_pr_auc_v1,logistic_regression_class_weight_balanced,logistic_regression,C,80/20,4,random_flip_20,test,60/40,test,0.10000000000000001,True,3395,95,7.8608035889919847,53,21,32,0.71698113207547165,0.72470238095238093,0.61538461538461542,0.76190476190476186,0.68085106382978722,0.43969725095836015,22,10,5,16,0.78422619047619047,0.75050737865003558,0.74364789714537238
logreg_balanced_ratio_preserved_noise_mcc_selected_true_pr_auc_v1,logistic_regression_class_weight_balanced,logistic_regression,C,80/20,4,random_flip_20,test,70/30,test,0.10000000000000001,True,3395,95,7.9636918480100576,70,21,49,0.72857142857142854,0.73809523809523814,0.53333333333333333,0.76190476190476186,0.62745098039215685,0.44095855184409843,35,14,5,16,0.80174927113702632,0.65290586660946326,0.6270110217810182
logreg_balanced_ratio_preserved_noise_mcc_selected_true_pr_auc_v1,logistic_regression_class_weight_balanced,logistic_regression,C,80/20,4,random_flip_20,test,75/25,test,0.10000000000000001,True,3395,95,8.0970831779995933,84,21,63,0.80952380952380953,0.79365079365079361,0.59259259259259256,0.76190476190476186,0.66666666666666663,0.54452996901562911,52,11,5,16,0.79289493575207848,0.5297296389446835,0.50694727244380788
logreg_balanced_ratio_preserved_noise_mcc_selected_true_pr_auc_v1,logistic_regression_class_weight_balanced,logistic_regression,C,80/20,4,random_flip_20,test,80/20,test,0.10000000000000001,True,3395,95,8.2490387290017679,105,21,84,0.75238095238095237,0.75595238095238093,0.43243243243243246,0.76190476190476186,0.55172413793103448,0.42863056977053376,63,21,5,16,0.82936507936507931,0.70283684841930683,0.69783259244332174
logreg_balanced_ratio_preserved_noise_mcc_selected_true_pr_auc_v1,logistic_regression_class_weight_balanced,logistic_regression,C,80/20,4,random_flip_20,test,90/10,test,0.10000000000000001,True,3395,95,8.5014857010100968,210,21,189,0.75714285714285712,0.7592592592592593,0.25806451612903225,0.76190476190476186,0.38554216867469882,0.34101864035255702,143,46,5,16,0.80675233056185436,0.42692859199709393,0.39976059789961849
logreg_balanced_ratio_preserved_noise_mcc_selected_true_pr_auc_v1,logistic_regression_class_weight_balanced,logistic_regression,C,80/20,4,random_fp_10,validation_selected_reproduction,80/20,valid,10,True,5095,95,9.8376100340101402,95,19,76,0.82105263157894737,0.78947368421052633,0.53846153846153844,0.73684210526315785,0.62222222222222223,0.51941138111487417,64,12,5,14,0.799168975069252,0.65086020089482699,0.63644260686025578
logreg_balanced_ratio_preserved_noise_mcc_selected_true_pr_auc_v1,logistic_regression_class_weight_balanced,logistic_regression,C,80/20,4,random_fp_10,test,50/50,test,10,True,5095,95,9.9195175030035898,42,21,21,0.83333333333333337,0.83333333333333326,0.88888888888888884,0.76190476190476186,0.82051282051282048,0.67357531405456339,19,2,5,16,0.88662131519274379,0.92031656259766859,0.91890906357112212
logreg_balanced_ratio_preserved_noise_mcc_selected_true_pr_auc_v1,logistic_regression_class_weight_balanced,logistic_regression,C,80/20,4,random_fp_10,test,60/40,test,10,True,5095,95,10.069763942010468,53,21,32,0.79245283018867929,0.78720238095238093,0.72727272727272729,0.76190476190476186,0.7441860465116279,0.57017803220524033,26,6,5,16,0.8125,0.70710365367180317,0.6808492085948048
logreg_balanced_ratio_preserved_noise_mcc_selected_true_pr_auc_v1,logistic_regression_class_weight_balanced,logistic_regression,C,80/20,4,random_fp_10,test,70/30,test,10,True,5095,95,10.175917070999276,70,21,49,0.77142857142857146,0.76870748299319724,0.59259259259259256,0.76190476190476186,0.66666666666666663,0.50594269998482844,38,11,5,16,0.83673469387755106,0.7618437246329095,0.75760654113404291
logreg_balanced_ratio_preserved_noise_mcc_selected_true_pr_auc_v1,logistic_regression_class_weight_balanced,logistic_regression,C,80/20,4,random_fp_10,test,75/25,test,10,True,5095,95,10.302048003999516,84,21,63,0.8214285714285714,0.80158730158730163,0.61538461538461542,0.76190476190476186,0.68085106382978722,0.56496598177754986,53,10,5,16,0.86318972033257757,0.7840817680206289,0.78044850365280105
logreg_balanced_ratio_preserved_noise_mcc_selected_true_pr_auc_v1,logistic_regression_class_weight_balanced,logistic_regression,C,80/20,4,random_fp_10,test,80/20,test,10,True,5095,95,10.449255790008465,105,21,84,0.8666666666666667,0.82738095238095233,0.64000000000000001,0.76190476190476186,0.69565217391304346,0.61491869381244213,75,9,5,16,0.84183673469387754,0.68274410798957463,0.67437467757445946
logreg_balanced_ratio_preserved_noise_mcc_selected_true_pr_auc_v1,logistic_regression_class_weight_balanced,logistic_regression,C,80/20,4,random_fp_10,test,90/10,test,10,True,5095,95,10.740411962004146,210,21,189,0.83809523809523812,0.80423280423280419,0.35555555555555557,0.76190476190476186,0.48484848484848486,0.4448651207756722,160,29,5,16,0.83950617283950635,0.44257240848981894,0.4178039984937309
logreg_balanced_ratio_preserved_noise_mcc_selected_true_pr_auc_v1,logistic_regression_class_weight_balanced,logistic_regression,C,80/20,4,random_fp_20,validation_selected_reproduction,80/20,valid,10,True,6790,95,11.812749156990321,95,19,76,0.77894736842105261,0.76315789473684204,0.46666666666666667,0.73684210526315785,0.5714285714285714,0.45291081365783831,60,16,5,14,0.80886426592797789,0.605462302217463,0.59644383829038428
logreg_balanced_ratio_preserved_noise_mcc_selected_true_pr_auc_v1,logistic_regression_class_weight_balanced,logistic_regression,C,80/20,4,random_fp_20,test,50/50,test,10,True,6790,95,11.889614004001487,42,21,21,0.7142857142857143,0.7142857142857143,0.76470588235294112,0.61904761904761907,0.68421052631578949,0.43656412506539938,17,4,8,13,0.80498866213151932,0.8490209033696785,0.84585976245291761
logreg_balanced_ratio_preserved_noise_mcc_selected_true_pr_auc_v1,logistic_regression_class_weight_balanced,logistic_regression,C,80/20,4,random_fp_20,test,60/40,test,10,True,6790,95,12.033014396991348,53,21,32,0.73584905660377353,0.71577380952380953,0.68421052631578949,0.61904761904761907,0.65000000000000002,0.44014634760770044,26,6,8,13,0.81398809523809512,0.79979909986818587,0.79578521051587914
logreg_balanced_ratio_preserved_noise_mcc_selected_true_pr_auc_v1,logistic_regression_class_weight_balanced,logistic_regression,C,80/20,4,random_fp_20,test,70/30,test,10,True,6790,95,12.135654849989805,70,21,49,0.69999999999999996,0.6768707482993197,0.5,0.61904761904761907,0.55319148936170215,0.33549085316013094,36,13,8,13,0.73760932944606417,0.65018318785950635,0.64026182446237856
logreg_balanced_ratio_preserved_noise_mcc_selected_true_pr_auc_v1,logistic_regression_class_weight_balanced,logistic_regression,C,80/20,4,random_fp_20,test,75/25,test,10,True,6790,95,12.260935433005216,84,21,63,0.7857142857142857,0.73015873015873023,0.56521739130434778,0.61904761904761907,0.59090909090909094,0.44700104149769471,53,10,8,13,0.8155706727135299,0.71732553358270157,0.71284026332831152
logreg_balanced_ratio_preserved_noise_mcc_selected_true_pr_auc_v1,logistic_regression_class_weight_balanced,logistic_regression,C,80/20,4,random_fp_20,test,80/20,test,10,True,6790,95,12.381595884013223,105,21,84,0.77142857142857146,0.7142857142857143,0.44827586206896552,0.61904761904761907,0.52000000000000002,0.38341289055807448,68,16,8,13,0.80385487528344679,0.59442255420468282,0.58282694175908656
logreg_balanced_ratio_preserved_noise_mcc_selected_true_pr_auc_v1,logistic_regression_class_weight_balanced,logistic_regression,C,80/20,4,random_fp_20,test,90/10,test,10,True,6790,95,12.60400852598832,210,21,189,0.7857142857142857,0.71164021164021163,0.26000000000000001,0.61904761904761907,0.36619718309859156,0.29814239699997197,152,37,8,13,0.78256487780297301,0.39845304875243548,0.37042880411437062
logreg_balanced_ratio_preserved_noise_mcc_selected_true_pr_auc_v1,logistic_regression_class_weight_balanced,logistic_regression,C,80/20,4,heuristic_fp_10,validation_selected_reproduction,80/20,valid,10,True,5095,95,9.7203143039951101,95,19,76,0.76842105263157889,0.75657894736842102,0.45161290322580644,0.73684210526315785,0.56000000000000005,0.43778792369026381,59,17,5,14,0.81648199445983383,0.66019641796758588,0.65310920646606596
logreg_balanced_ratio_preserved_noise_mcc_selected_true_pr_auc_v1,logistic_regression_class_weight_balanced,logistic_regression,C,80/20,4,heuristic_fp_10,test,50/50,test,10,True,5095,95,9.8057824800198432,42,21,21,0.8571428571428571,0.8571428571428571,0.94117647058823528,0.76190476190476186,0.84210526315789469,0.72760687510899891,20,1,5,16,0.88662131519274379,0.88969265066677727,0.88596831884593508
logreg_balanced_ratio_preserved_noise_mcc_selected_true_pr_auc_v1,logistic_regression_class_weight_balanced,logistic_regression,C,80/20,4,heuristic_fp_10,test,60/40,test,10,True,5095,95,9.951515599997947,53,21,32,0.79245283018867929,0.78720238095238093,0.72727272727272729,0.76190476190476186,0.7441860465116279,0.57017803220524033,26,6,5,16,0.88988095238095233,0.84966257218422991,0.84511008399283827
logreg_balanced_ratio_preserved_noise_mcc_selected_true_pr_auc_v1,logistic_regression_class_weight_balanced,logistic_regression,C,80/20,4,heuristic_fp_10,test,70/30,test,10,True,5095,95,10.054799698002171,70,21,49,0.77142857142857146,0.76870748299319724,0.59259259259259256,0.76190476190476186,0.66666666666666663,0.50594269998482844,38,11,5,16,0.8668610301263362,0.7811156393481884,0.7756617365750631
logreg_balanced_ratio_preserved_noise_mcc_selected_true_pr_auc_v1,logistic_regression_class_weight_balanced,logistic_regression,C,80/20,4,heuristic_fp_10,test,75/25,test,10,True,5095,95,10.178975143993739,84,21,63,0.84523809523809523,0.81746031746031744,0.66666666666666663,0.76190476190476186,0.71111111111111114,0.60858061945018449,55,8,5,16,0.90627362055933469,0.73621814750032977,0.72204583434466008
logreg_balanced_ratio_preserved_noise_mcc_selected_true_pr_auc_v1,logistic_regression_class_weight_balanced,logistic_regression,C,80/20,4,heuristic_fp_10,test,80/20,test,10,True,5095,95,10.293656130001182,105,21,84,0.88571428571428568,0.83928571428571419,0.69565217391304346,0.76190476190476186,0.72727272727272729,0.65625710115836822,77,7,5,16,0.92346938775510201,0.80395853328532163,0.79920346166544332
logreg_balanced_ratio_preserved_noise_mcc_selected_true_pr_auc_v1,logistic_regression_class_weight_balanced,logistic_regression,C,80/20,4,heuristic_fp_10,test,90/10,test,10,True,5095,95,10.519834303006064,210,21,189,0.81904761904761902,0.79365079365079361,0.32653061224489793,0.76190476190476186,0.45714285714285713,0.41657264329781035,156,33,5,16,0.87477954144620806,0.47478175372878945,0.45802782430909661
logreg_balanced_ratio_preserved_noise_mcc_selected_true_pr_auc_v1,logistic_regression_class_weight_balanced,logistic_regression,C,80/20,4,heuristic_fp_20,validation_selected_reproduction,80/20,valid,10,True,6790,95,11.836659328022506,95,19,76,0.74736842105263157,0.74342105263157898,0.42424242424242425,0.73684210526315785,0.53846153846153844,0.40899586166397822,57,19,5,14,0.80609418282548473,0.54975533835403756,0.51893445905380431
logreg_balanced_ratio_preserved_noise_mcc_selected_true_pr_auc_v1,logistic_regression_class_weight_balanced,logistic_regression,C,80/20,4,heuristic_fp_20,test,50/50,test,10,True,6790,95,11.940979492006591,42,21,21,0.8571428571428571,0.8571428571428571,0.94117647058823528,0.76190476190476186,0.84210526315789469,0.72760687510899891,20,1,5,16,0.90476190476190477,0.93258828261363758,0.93133197661638145
logreg_balanced_ratio_preserved_noise_mcc_selected_true_pr_auc_v1,logistic_regression_class_weight_balanced,logistic_regression,C,80/20,4,heuristic_fp_20,test,60/40,test,10,True,6790,95,12.088856723014032,53,21,32,0.79245283018867929,0.78720238095238093,0.72727272727272729,0.76190476190476186,0.7441860465116279,0.57017803220524033,26,6,5,16,0.85714285714285721,0.79884428900553339,0.79155155920982101
logreg_balanced_ratio_preserved_noise_mcc_selected_true_pr_auc_v1,logistic_regression_class_weight_balanced,logistic_regression,C,80/20,4,heuristic_fp_20,test,70/30,test,10,True,6790,95,12.19176375301322,70,21,49,0.75714285714285712,0.75850340136054417,0.5714285714285714,0.76190476190476186,0.65306122448979587,0.48361558060343462,37,12,5,16,0.81438289601554903,0.6806788256554408,0.67200836660987484
logreg_balanced_ratio_preserved_noise_mcc_selected_true_pr_auc_v1,logistic_regression_class_weight_balanced,logistic_regression,C,80/20,4,heuristic_fp_20,test,75/25,test,10,True,6790,95,12.320488619006937,84,21,63,0.83333333333333337,0.80952380952380953,0.64000000000000001,0.76190476190476186,0.69565217391304346,0.58628390184220658,54,9,5,16,0.88586545729402866,0.76304680232674782,0.75756683647223544
logreg_balanced_ratio_preserved_noise_mcc_selected_true_pr_auc_v1,logistic_regression_class_weight_balanced,logistic_regression,C,80/20,4,heuristic_fp_20,test,80/20,test,10,True,6790,95,12.436831744998926,105,21,84,0.87619047619047619,0.83333333333333326,0.66666666666666663,0.76190476190476186,0.71111111111111114,0.63505289627712025,76,8,5,16,0.89739229024943312,0.68115005485844971,0.65492106401790851
logreg_balanced_ratio_preserved_noise_mcc_selected_true_pr_auc_v1,logistic_regression_class_weight_balanced,logistic_regression,C,80/20,4,heuristic_fp_20,test,90/10,test,10,True,6790,95,12.66452756599756,210,21,189,0.7857142857142857,0.77513227513227512,0.2857142857142857,0.76190476190476186,0.41558441558441561,0.37329975995342163,149,40,5,16,0.83698664651045607,0.34974468981080575,0.32740372885661134
logreg_balanced_ratio_preserved_noise_mcc_selected_true_pr_auc_v1,logistic_regression_class_weight_balanced,logistic_regression,C,80/20,5,clean,validation_selected_reproduction,80/20,valid,10,True,3395,95,6.8858565789996646,95,19,76,0.83157894736842108,0.79605263157894735,0.56000000000000005,0.73684210526315785,0.63636363636363635,0.53785287420047712,65,11,5,14,0.86288088642659277,0.67106436763194988,0.66207605423450677
logreg_balanced_ratio_preserved_noise_mcc_selected_true_pr_auc_v1,logistic_regression_class_weight_balanced,logistic_regression,C,80/20,5,clean,test,50/50,test,10,True,3395,95,6.976405977999093,42,21,21,0.80952380952380953,0.80952380952380953,0.84210526315789469,0.76190476190476186,0.80000000000000004,0.6218743352054219,18,3,5,16,0.88435374149659862,0.89552281644128917,0.89295832498268735
logreg_balanced_ratio_preserved_noise_mcc_selected_true_pr_auc_v1,logistic_regression_class_weight_balanced,logistic_regression,C,80/20,5,clean,test,60/40,test,10,True,3395,95,7.0732449310016818,53,21,32,0.86792452830188682,0.84970238095238093,0.88888888888888884,0.76190476190476186,0.82051282051282048,0.72234213203074837,30,2,5,16,0.89583333333333326,0.85832945320774967,0.85425220897557819
logreg_balanced_ratio_preserved_noise_mcc_selected_true_pr_auc_v1,logistic_regression_class_weight_balanced,logistic_regression,C,80/20,5,clean,test,70/30,test,10,True,3395,95,7.1763411550200544,70,21,49,0.8571428571428571,0.82993197278911568,0.76190476190476186,0.76190476190476186,0.76190476190476186,0.65986394557823125,44,5,5,16,0.90670553935860054,0.8229850207785494,0.81832575631778681
logreg_balanced_ratio_preserved_noise_mcc_selected_true_pr_auc_v1,logistic_regression_class_weight_balanced,logistic_regression,C,80/20,5,clean,test,75/25,test,10,True,3395,95,7.2755538939964026,84,21,63,0.88095238095238093,0.84126984126984117,0.76190476190476186,0.76190476190476186,0.76190476190476186,0.68253968253968256,58,5,5,16,0.91383219954648531,0.7268974816785877,0.7009790845510776
logreg_balanced_ratio_preserved_noise_mcc_selected_true_pr_auc_v1,logistic_regression_class_weight_balanced,logistic_regression,C,80/20,5,clean,test,80/20,test,10,True,3395,95,7.4292020960128866,105,21,84,0.8571428571428571,0.8214285714285714,0.61538461538461542,0.76190476190476186,0.68085106382978722,0.59574930521492853,74,10,5,16,0.88038548752834467,0.70423046940306899,0.69583135742081903
logreg_balanced_ratio_preserved_noise_mcc_selected_true_pr_auc_v1,logistic_regression_class_weight_balanced,logistic_regression,C,80/20,5,clean,test,90/10,test,10,True,3395,95,7.7094270329980645,210,21,189,0.92380952380952386,0.85185185185185186,0.59259259259259256,0.76190476190476186,0.66666666666666663,0.63070018633611713,178,11,5,16,0.90299823633156961,0.63594009641402738,0.62865161008052606
logreg_balanced_ratio_preserved_noise_mcc_selected_true_pr_auc_v1,logistic_regression_class_weight_balanced,logistic_regression,C,80/20,5,random_flip_10,validation_selected_reproduction,80/20,valid,0.10000000000000001,True,3395,95,7.2146951860049739,95,19,76,0.81052631578947365,0.80263157894736836,0.51724137931034486,0.78947368421052633,0.625,0.52572286901486864,62,14,4,15,0.8691135734072023,0.57797366531012528,0.55926926872086202
logreg_balanced_ratio_preserved_noise_mcc_selected_true_pr_auc_v1,logistic_regression_class_weight_balanced,logistic_regression,C,80/20,5,random_flip_10,test,50/50,test,0.10000000000000001,True,3395,95,7.3046727309993003,42,21,21,0.80952380952380953,0.80952380952380953,0.80952380952380953,0.80952380952380953,0.80952380952380953,0.61904761904761907,17,4,4,17,0.87074829931972786,0.88704661242623795,0.88435978242715563
logreg_balanced_ratio_preserved_noise_mcc_selected_true_pr_auc_v1,logistic_regression_class_weight_balanced,logistic_regression,C,80/20,5,random_flip_10,test,60/40,test,0.10000000000000001,True,3395,95,7.3993302299932111,53,21,32,0.75471698113207553,0.76413690476190477,0.65384615384615385,0.80952380952380953,0.72340425531914898,0.51686266255039026,23,9,4,17,0.85416666666666663,0.74613307899689185,0.72093664437385141
logreg_balanced_ratio_preserved_noise_mcc_selected_true_pr_auc_v1,logistic_regression_class_weight_balanced,logistic_regression,C,80/20,5,random_flip_10,test,70/30,test,0.10000000000000001,True,3395,95,7.4941581839811988,70,21,49,0.87142857142857144,0.8537414965986394,0.77272727272727271,0.80952380952380953,0.79069767441860461,0.69837990215532952,44,5,4,17,0.8960155490767735,0.77569357355840318,0.76886885606276034
logreg_balanced_ratio_preserved_noise_mcc_selected_true_pr_auc_v1,logistic_regression_class_weight_balanced,logistic_regression,C,80/20,5,random_flip_10,test,75/25,test,0.10000000000000001,True,3395,95,7.5964962489961181,84,21,63,0.88095238095238093,0.85714285714285721,0.73913043478260865,0.80952380952380953,0.77272727272727271,0.6936223057722849,57,6,4,17,0.92063492063492069,0.81038431682425927,0.8047182273303104
logreg_balanced_ratio_preserved_noise_mcc_selected_true_pr_auc_v1,logistic_regression_class_weight_balanced,logistic_regression,C,80/20,5,random_flip_10,test,80/20,test,0.10000000000000001,True,3395,95,7.7361027099832427,105,21,84,0.76190476190476186,0.77976190476190477,0.44736842105263158,0.80952380952380953,0.57627118644067798,0.46573477073253305,63,21,4,17,0.84410430839002271,0.51297992359020494,0.48763296307285281
logreg_balanced_ratio_preserved_noise_mcc_selected_true_pr_auc_v1,logistic_regression_class_weight_balanced,logistic_regression,C,80/20,5,random_flip_10,test,90/10,test,0.10000000000000001,True,3395,95,8.0047550849849358,210,21,189,0.80000000000000004,0.80423280423280419,0.30909090909090908,0.80952380952380953,0.44736842105263158,0.41517327682330979,151,38,4,17,0.87931468883849839,0.46607169801387127,0.4372476273884221
logreg_balanced_ratio_preserved_noise_mcc_selected_true_pr_auc_v1,logistic_regression_class_weight_balanced,logistic_regression,C,80/20,5,random_flip_20,validation_selected_reproduction,80/20,valid,0.10000000000000001,True,3395,95,7.0234144699934404,95,19,76,0.76842105263157889,0.79605263157894735,0.45714285714285713,0.84210526315789469,0.59259259259259256,0.49099025303098282,57,19,3,16,0.85249307479224368,0.56663714678414201,0.54784775423073651
logreg_balanced_ratio_preserved_noise_mcc_selected_true_pr_auc_v1,logistic_regression_class_weight_balanced,logistic_regression,C,80/20,5,random_flip_20,test,50/50,test,0.10000000000000001,True,3395,95,7.1130758379877079,42,21,21,0.7857142857142857,0.7857142857142857,0.77272727272727271,0.80952380952380953,0.79069767441860461,0.57207755354735534,16,5,4,17,0.83900226757369611,0.84316566790793002,0.83854532107806956
logreg_balanced_ratio_preserved_noise_mcc_selected_true_pr_auc_v1,logistic_regression_class_weight_balanced,logistic_regression,C,80/20,5,random_flip_20,test,60/40,test,0.10000000000000001,True,3395,95,7.2024570390058216,53,21,32,0.75471698113207553,0.76413690476190477,0.65384615384615385,0.80952380952380953,0.72340425531914898,0.51686266255039026,23,9,4,17,0.83035714285714279,0.76949944391120884,0.76230021246219848
logreg_balanced_ratio_preserved_noise_mcc_selected_true_pr_auc_v1,logistic_regression_class_weight_balanced,logistic_regression,C,80/20,5,random_flip_20,test,70/30,test,0.10000000000000001,True,3395,95,7.2926304989960045,70,21,49,0.84285714285714286,0.83333333333333326,0.70833333333333337,0.80952380952380953,0.75555555555555554,0.64362349842859889,42,7,4,17,0.87366375121477158,0.77241867328346703,0.76670879943831727
logreg_balanced_ratio_preserved_noise_mcc_selected_true_pr_auc_v1,logistic_regression_class_weight_balanced,logistic_regression,C,80/20,5,random_flip_20,test,75/25,test,0.10000000000000001,True,3395,95,7.3828678010031581,84,21,63,0.79761904761904767,0.80158730158730163,0.56666666666666665,0.80952380952380953,0.66666666666666663,0.54508654502178455,50,13,4,17,0.86394557823129248,0.7325559672142643,0.72669370009426393
logreg_balanced_ratio_preserved_noise_mcc_selected_true_pr_auc_v1,logistic_regression_class_weight_balanced,logistic_regression,C,80/20,5,random_flip_20,test,80/20,test,0.10000000000000001,True,3395,95,7.529932623001514,105,21,84,0.76190476190476186,0.77976190476190477,0.44736842105263158,0.80952380952380953,0.57627118644067798,0.46573477073253305,63,21,4,17,0.82426303854875282,0.57055990445986948,0.55950357297704456
logreg_balanced_ratio_preserved_noise_mcc_selected_true_pr_auc_v1,logistic_regression_class_weight_balanced,logistic_regression,C,80/20,5,random_flip_20,test,90/10,test,0.10000000000000001,True,3395,95,7.7870310169819277,210,21,189,0.77619047619047621,0.79100529100529093,0.28333333333333333,0.80952380952380953,0.41975308641975306,0.38650060290946858,146,43,4,17,0.8420256991685563,0.51050661644454731,0.50443385737579294
logreg_balanced_ratio_preserved_noise_mcc_selected_true_pr_auc_v1,logistic_regression_class_weight_balanced,logistic_regression,C,80/20,5,random_fp_10,validation_selected_reproduction,80/20,valid,10,True,5095,95,10.24224840401439,95,19,76,0.80000000000000004,0.77631578947368418,0.5,0.73684210526315785,0.5957446808510638,0.48484495136659062,62,14,5,14,0.86842105263157898,0.67008597516581858,0.65800506398114988
logreg_balanced_ratio_preserved_noise_mcc_selected_true_pr_auc_v1,logistic_regression_class_weight_balanced,logistic_regression,C,80/20,5,random_fp_10,test,50/50,test,10,True,5095,95,10.321851715998491,42,21,21,0.76190476190476186,0.76190476190476186,0.78947368421052633,0.7142857142857143,0.75,0.52620136055843392,17,4,6,15,0.84353741496598644,0.85185174281835052,0.84775970219613739
logreg_balanced_ratio_preserved_noise_mcc_selected_true_pr_auc_v1,logistic_regression_class_weight_balanced,logistic_regression,C,80/20,5,random_fp_10,test,60/40,test,10,True,5095,95,10.405701234994922,53,21,32,0.83018867924528306,0.81026785714285721,0.83333333333333337,0.7142857142857143,0.76923076923076927,0.64088652990813211,29,3,6,15,0.85565476190476186,0.83271111511047047,0.82860018925508538
logreg_balanced_ratio_preserved_noise_mcc_selected_true_pr_auc_v1,logistic_regression_class_weight_balanced,logistic_regression,C,80/20,5,random_fp_10,test,70/30,test,10,True,5095,95,10.497426652989816,70,21,49,0.84285714285714286,0.80612244897959184,0.75,0.7142857142857143,0.73170731707317072,0.62105900340811881,44,5,6,15,0.88046647230320696,0.80743172424552978,0.80332953442935273
logreg_balanced_ratio_preserved_noise_mcc_selected_true_pr_auc_v1,logistic_regression_class_weight_balanced,logistic_regression,C,80/20,5,random_fp_10,test,75/25,test,10,True,5095,95,10.600160781992599,84,21,63,0.86904761904761907,0.81746031746031744,0.75,0.7142857142857143,0.73170731707317072,0.6454972243679028,58,5,6,15,0.87377173091458804,0.76947694672410893,0.76481213212301502
logreg_balanced_ratio_preserved_noise_mcc_selected_true_pr_auc_v1,logistic_regression_class_weight_balanced,logistic_regression,C,80/20,5,random_fp_10,test,80/20,test,10,True,5095,95,10.763307896006154,105,21,84,0.81904761904761902,0.77976190476190477,0.5357142857142857,0.7142857142857143,0.61224489795918369,0.50610832839838893,71,13,6,15,0.84240362811791369,0.60012230479905471,0.58814820707761606
logreg_balanced_ratio_preserved_noise_mcc_selected_true_pr_auc_v1,logistic_regression_class_weight_balanced,logistic_regression,C,80/20,5,random_fp_10,test,90/10,test,10,True,5095,95,11.027481780009111,210,21,189,0.86190476190476195,0.79629629629629628,0.39473684210526316,0.7142857142857143,0.50847457627118642,0.46178598292894057,166,23,6,15,0.85739480977576199,0.59916371345521424,0.59429314532975719
logreg_balanced_ratio_preserved_noise_mcc_selected_true_pr_auc_v1,logistic_regression_class_weight_balanced,logistic_regression,C,80/20,5,random_fp_20,validation_selected_reproduction,80/20,valid,1,True,6790,95,11.358357467979658,95,19,76,0.83157894736842108,0.85526315789473684,0.54838709677419351,0.89473684210526316,0.68000000000000005,0.60616789434036533,62,14,2,17,0.88988919667590027,0.65913896518166948,0.64935596949721952
logreg_balanced_ratio_preserved_noise_mcc_selected_true_pr_auc_v1,logistic_regression_class_weight_balanced,logistic_regression,C,80/20,5,random_fp_20,test,50/50,test,1,True,6790,95,11.444940208981279,42,21,21,0.73809523809523814,0.73809523809523814,0.70833333333333337,0.80952380952380953,0.75555555555555554,0.48112522432468813,14,7,4,17,0.83900226757369611,0.86466824569369938,0.86138566870954114
logreg_balanced_ratio_preserved_noise_mcc_selected_true_pr_auc_v1,logistic_regression_class_weight_balanced,logistic_regression,C,80/20,5,random_fp_20,test,60/40,test,1,True,6790,95,11.537931825994747,53,21,32,0.81132075471698117,0.81101190476190477,0.73913043478260865,0.80952380952380953,0.77272727272727271,0.6138568406737519,26,6,4,17,0.82886904761904767,0.77625260857358058,0.76707806584685234
logreg_balanced_ratio_preserved_noise_mcc_selected_true_pr_auc_v1,logistic_regression_class_weight_balanced,logistic_regression,C,80/20,5,random_fp_20,test,70/30,test,1,True,6790,95,11.627524615993025,70,21,49,0.80000000000000004,0.80272108843537415,0.62962962962962965,0.80952380952380953,0.70833333333333337,0.56998607972974347,39,10,4,17,0.86297376093294453,0.77017772936375217,0.76418050246159441
logreg_balanced_ratio_preserved_noise_mcc_selected_true_pr_auc_v1,logistic_regression_class_weight_balanced,logistic_regression,C,80/20,5,random_fp_20,test,75/25,test,1,True,6790,95,11.734920910996152,84,21,63,0.83333333333333337,0.82539682539682535,0.62962962962962965,0.80952380952380953,0.70833333333333337,0.60339807377407551,53,10,4,17,0.86167800453514742,0.75818268517828824,0.7516999384750509
logreg_balanced_ratio_preserved_noise_mcc_selected_true_pr_auc_v1,logistic_regression_class_weight_balanced,logistic_regression,C,80/20,5,random_fp_20,test,80/20,test,1,True,6790,95,11.885549869999522,105,21,84,0.78095238095238095,0.79166666666666674,0.47222222222222221,0.80952380952380953,0.59649122807017541,0.4915755667668909,65,19,4,17,0.83390022675736963,0.65159210083293773,0.64117417374390095
logreg_balanced_ratio_preserved_noise_mcc_selected_true_pr_auc_v1,logistic_regression_class_weight_balanced,logistic_regression,C,80/20,5,random_fp_20,test,90/10,test,1,True,6790,95,12.144451423984719,210,21,189,0.77619047619047621,0.79100529100529093,0.28333333333333333,0.80952380952380953,0.41975308641975306,0.38650060290946858,146,43,4,17,0.83875031494079111,0.53562793270652631,0.52851577053917398
logreg_balanced_ratio_preserved_noise_mcc_selected_true_pr_auc_v1,logistic_regression_class_weight_balanced,logistic_regression,C,80/20,5,heuristic_fp_10,validation_selected_reproduction,80/20,valid,10,True,5095,95,9.3945708510000259,95,19,76,0.80000000000000004,0.77631578947368418,0.5,0.73684210526315785,0.5957446808510638,0.48484495136659062,62,14,5,14,0.85249307479224379,0.65011755547336469,0.64114849716590183
logreg_balanced_ratio_preserved_noise_mcc_selected_true_pr_auc_v1,logistic_regression_class_weight_balanced,logistic_regression,C,80/20,5,heuristic_fp_10,test,50/50,test,10,True,5095,95,9.4741524929995649,42,21,21,0.80952380952380953,0.80952380952380953,0.84210526315789469,0.76190476190476186,0.80000000000000004,0.6218743352054219,18,3,5,16,0.90476190476190466,0.9269234208835051,0.92549827157198394
logreg_balanced_ratio_preserved_noise_mcc_selected_true_pr_auc_v1,logistic_regression_class_weight_balanced,logistic_regression,C,80/20,5,heuristic_fp_10,test,60/40,test,10,True,5095,95,9.5566354010079522,53,21,32,0.79245283018867929,0.78720238095238093,0.72727272727272729,0.76190476190476186,0.7441860465116279,0.57017803220524033,26,6,5,16,0.89434523809523814,0.86442063599409069,0.86071592347104708
logreg_balanced_ratio_preserved_noise_mcc_selected_true_pr_auc_v1,logistic_regression_class_weight_balanced,logistic_regression,C,80/20,5,heuristic_fp_10,test,70/30,test,10,True,5095,95,9.6531616279971786,70,21,49,0.80000000000000004,0.78911564625850339,0.64000000000000001,0.76190476190476186,0.69565217391304346,0.55301004133750209,40,9,5,16,0.89504373177842567,0.82399138076528411,0.81984317760901138
logreg_balanced_ratio_preserved_noise_mcc_selected_true_pr_auc_v1,logistic_regression_class_weight_balanced,logistic_regression,C,80/20,5,heuristic_fp_10,test,75/25,test,10,True,5095,95,9.7584204240120016,84,21,63,0.8928571428571429,0.84920634920634919,0.80000000000000004,0.76190476190476186,0.78048780487804881,0.71004694680469305,59,4,5,16,0.91156462585034015,0.70718177951186822,0.68454560587920599
logreg_balanced_ratio_preserved_noise_mcc_selected_true_pr_auc_v1,logistic_regression_class_weight_balanced,logistic_regression,C,80/20,5,heuristic_fp_10,test,80/20,test,10,True,5095,95,9.9180121480021626,105,21,84,0.8571428571428571,0.8214285714285714,0.61538461538461542,0.76190476190476186,0.68085106382978722,0.59574930521492853,74,10,5,16,0.91326530612244894,0.72879870594585516,0.7177102908698052
logreg_balanced_ratio_preserved_noise_mcc_selected_true_pr_auc_v1,logistic_regression_class_weight_balanced,logistic_regression,C,80/20,5,heuristic_fp_10,test,90/10,test,10,True,5095,95,10.19341136701405,210,21,189,0.84761904761904761,0.80952380952380953,0.37209302325581395,0.76190476190476186,0.5,0.46022705294128124,162,27,5,16,0.88536155202821876,0.40937975432054247,0.38426457538350733
logreg_balanced_ratio_preserved_noise_mcc_selected_true_pr_auc_v1,logistic_regression_class_weight_balanced,logistic_regression,C,80/20,5,heuristic_fp_20,validation_selected_reproduction,80/20,valid,0.10000000000000001,True,6790,95,11.621310173999518,95,19,76,0.77894736842105261,0.78289473684210531,0.46875,0.78947368421052633,0.58823529411764708,0.47884305842642705,59,17,4,15,0.89196675900277023,0.70781341001836351,0.70026762623289218
logreg_balanced_ratio_preserved_noise_mcc_selected_true_pr_auc_v1,logistic_regression_class_weight_balanced,logistic_regression,C,80/20,5,heuristic_fp_20,test,50/50,test,0.10000000000000001,True,6790,95,11.701713933987776,42,21,21,0.83333333333333337,0.83333333333333326,0.79166666666666663,0.90476190476190477,0.84444444444444444,0.67357531405456339,16,5,2,19,0.90476190476190466,0.91318953595608909,0.91103079951034949
logreg_balanced_ratio_preserved_noise_mcc_selected_true_pr_auc_v1,logistic_regression_class_weight_balanced,logistic_regression,C,80/20,5,heuristic_fp_20,test,60/40,test,0.10000000000000001,True,6790,95,11.790171337983338,53,21,32,0.79245283018867929,0.81175595238095233,0.6785714285714286,0.90476190476190477,0.77551020408163263,0.61091440608699499,23,9,2,19,0.8526785714285714,0.74619244033773002,0.73169815577513209
logreg_balanced_ratio_preserved_noise_mcc_selected_true_pr_auc_v1,logistic_regression_class_weight_balanced,logistic_regression,C,80/20,5,heuristic_fp_20,test,70/30,test,0.10000000000000001,True,6790,95,11.881143918988528,70,21,49,0.80000000000000004,0.82993197278911568,0.61290322580645162,0.90476190476190477,0.73076923076923073,0.60876396422747558,37,12,2,19,0.89115646258503389,0.77275195868838509,0.76592550049809249
logreg_balanced_ratio_preserved_noise_mcc_selected_true_pr_auc_v1,logistic_regression_class_weight_balanced,logistic_regression,C,80/20,5,heuristic_fp_20,test,75/25,test,0.10000000000000001,True,6790,95,11.987379316997249,84,21,63,0.8571428571428571,0.87301587301587302,0.65517241379310343,0.90476190476190477,0.76000000000000001,0.67944903612079355,53,10,2,19,0.91912320483749066,0.72309996688075828,0.70751634773158356
logreg_balanced_ratio_preserved_noise_mcc_selected_true_pr_auc_v1,logistic_regression_class_weight_balanced,logistic_regression,C,80/20,5,heuristic_fp_20,test,80/20,test,0.10000000000000001,True,6790,95,12.138387034996413,105,21,84,0.78095238095238095,0.82738095238095233,0.47499999999999998,0.90476190476190477,0.62295081967213117,0.53931937163000609,63,21,2,19,0.86281179138321984,0.58500569465590857,0.56844375440723227
logreg_balanced_ratio_preserved_noise_mcc_selected_true_pr_auc_v1,logistic_regression_class_weight_balanced,logistic_regression,C,80/20,5,heuristic_fp_20,test,90/10,test,0.10000000000000001,True,6790,95,12.414782196981832,210,21,189,0.77142857142857146,0.8306878306878307,0.29230769230769232,0.90476190476190477,0.44186046511627908,0.42918850218717058,143,46,2,19,0.88788107835726882,0.49255889652211204,0.48172657125306406
logreg_balanced_ratio_preserved_noise_mcc_selected_true_pr_auc_v1,logistic_regression_class_weight_balanced,logistic_regression,C,90/10,1,clean,validation_selected_reproduction,90/10,valid,10,True,6790,190,11.507404241012409,190,19,171,0.89473684210526316,0.80116959064327486,0.48148148148148145,0.68421052631578949,0.56521739130434778,0.51753566732835399,157,14,6,13,0.85964912280701755,0.52984352107716748,0.49999160677512383
logreg_balanced_ratio_preserved_noise_mcc_selected_true_pr_auc_v1,logistic_regression_class_weight_balanced,logistic_regression,C,90/10,1,clean,test,50/50,test,10,True,6790,190,11.606769553007325,42,21,21,0.7857142857142857,0.7857142857142857,1,0.5714285714285714,0.72727272727272729,0.63245553203367588,21,0,9,12,0.85941043083900226,0.88914498640727979,0.88685994464684703
logreg_balanced_ratio_preserved_noise_mcc_selected_true_pr_auc_v1,logistic_regression_class_weight_balanced,logistic_regression,C,90/10,1,clean,test,60/40,test,10,True,6790,190,11.71095936500933,53,21,32,0.77358490566037741,0.7388392857142857,0.80000000000000004,0.5714285714285714,0.66666666666666663,0.51866025358284062,29,3,9,12,0.8348214285714286,0.8262842137294093,0.82296223730469609
logreg_balanced_ratio_preserved_noise_mcc_selected_true_pr_auc_v1,logistic_regression_class_weight_balanced,logistic_regression,C,90/10,1,clean,test,70/30,test,10,True,6790,190,11.811698598001385,70,21,49,0.87142857142857144,0.7857142857142857,1,0.5714285714285714,0.72727272727272729,0.69480833377965123,49,0,9,12,0.8862973760932944,0.83881021563014424,0.83604246771828428
logreg_balanced_ratio_preserved_noise_mcc_selected_true_pr_auc_v1,logistic_regression_class_weight_balanced,logistic_regression,C,90/10,1,clean,test,75/25,test,10,True,6790,190,11.92917713301722,84,21,63,0.88095238095238093,0.77777777777777768,0.92307692307692313,0.5714285714285714,0.70588235294117652,0.66513004563712586,62,1,9,12,0.87906273620559328,0.79940924498680554,0.79615899679228752
logreg_balanced_ratio_preserved_noise_mcc_selected_true_pr_auc_v1,logistic_regression_class_weight_balanced,logistic_regression,C,90/10,1,clean,test,80/20,test,10,True,6790,190,12.070257204002701,105,21,84,0.84761904761904761,0.74404761904761907,0.63157894736842102,0.5714285714285714,0.59999999999999998,0.50713996339517575,77,7,9,12,0.8458049886621315,0.73205153632636777,0.72837069855785863
logreg_balanced_ratio_preserved_noise_mcc_selected_true_pr_auc_v1,logistic_regression_class_weight_balanced,logistic_regression,C,90/10,1,clean,test,90/10,test,10,True,6790,190,12.310557965014596,210,21,189,0.89523809523809528,0.75132275132275128,0.47999999999999998,0.5714285714285714,0.52173913043478259,0.46563592732607828,176,13,9,12,0.84857646762408667,0.59927946504251783,0.59357618570765514
logreg_balanced_ratio_preserved_noise_mcc_selected_true_pr_auc_v1,logistic_regression_class_weight_balanced,logistic_regression,C,90/10,1,random_flip_10,validation_selected_reproduction,90/10,valid,1,True,6790,190,11.325621813011821,190,19,171,0.78421052631578947,0.76315789473684204,0.28000000000000003,0.73684210526315785,0.40579710144927539,0.35856858280031806,135,36,5,14,0.7633117882425362,0.32176813730724457,0.29196902764883481
logreg_balanced_ratio_preserved_noise_mcc_selected_true_pr_auc_v1,logistic_regression_class_weight_balanced,logistic_regression,C,90/10,1,random_flip_10,test,50/50,test,1,True,6790,190,11.410581436997745,42,21,21,0.7142857142857143,0.7142857142857143,0.76470588235294112,0.61904761904761907,0.68421052631578949,0.43656412506539938,17,4,8,13,0.82993197278911568,0.86616912013857927,0.86337031345899851
logreg_balanced_ratio_preserved_noise_mcc_selected_true_pr_auc_v1,logistic_regression_class_weight_balanced,logistic_regression,C,90/10,1,random_flip_10,test,60/40,test,1,True,6790,190,11.501583848992595,53,21,32,0.71698113207547165,0.70014880952380953,0.65000000000000002,0.61904761904761907,0.63414634146341464,0.40392029577517563,25,7,8,13,0.78720238095238093,0.78607146296993125,0.78156084400533232
logreg_balanced_ratio_preserved_noise_mcc_selected_true_pr_auc_v1,logistic_regression_class_weight_balanced,logistic_regression,C,90/10,1,random_flip_10,test,70/30,test,1,True,6790,190,11.593286975985393,70,21,49,0.8571428571428571,0.78911564625850339,0.8666666666666667,0.61904761904761907,0.72222222222222221,0.64577659993794834,47,2,8,13,0.86588921282798825,0.8201762766212688,0.8172326764133433
logreg_balanced_ratio_preserved_noise_mcc_selected_true_pr_auc_v1,logistic_regression_class_weight_balanced,logistic_regression,C,90/10,1,random_flip_10,test,75/25,test,1,True,6790,190,11.696193759009475,84,21,63,0.8571428571428571,0.77777777777777779,0.76470588235294112,0.61904761904761907,0.68421052631578949,0.59875003933115822,59,4,8,13,0.87074829931972786,0.79760635946685321,0.79455260985921927
logreg_balanced_ratio_preserved_noise_mcc_selected_true_pr_auc_v1,logistic_regression_class_weight_balanced,logistic_regression,C,90/10,1,random_flip_10,test,80/20,test,1,True,6790,190,11.819495825999184,105,21,84,0.72380952380952379,0.68452380952380953,0.38235294117647056,0.61904761904761907,0.47272727272727272,0.31547363164265585,63,21,8,13,0.81065759637188206,0.62560865884324479,0.61819629404534338
logreg_balanced_ratio_preserved_noise_mcc_selected_true_pr_auc_v1,logistic_regression_class_weight_balanced,logistic_regression,C,90/10,1,random_flip_10,test,90/10,test,1,True,6790,190,12.051421245996607,210,21,189,0.82380952380952377,0.73280423280423279,0.30952380952380953,0.61904761904761907,0.41269841269841268,0.34920634920634919,160,29,8,13,0.82489292013101545,0.55916270384461031,0.55243782252927887
logreg_balanced_ratio_preserved_noise_mcc_selected_true_pr_auc_v1,logistic_regression_class_weight_balanced,logistic_regression,C,90/10,1,random_flip_20,validation_selected_reproduction,90/10,valid,10,True,6790,190,11.770382988004712,190,19,171,0.78421052631578947,0.50584795321637421,0.10714285714285714,0.15789473684210525,0.1276595744680851,0.0098985645152749775,146,25,16,3,0.44044321329639891,0.15345995661811399,0.14566739052756733
logreg_balanced_ratio_preserved_noise_mcc_selected_true_pr_auc_v1,logistic_regression_class_weight_balanced,logistic_regression,C,90/10,1,random_flip_20,test,50/50,test,10,True,6790,190,11.85740955901565,42,21,21,0.40476190476190477,0.40476190476190477,0.16666666666666666,0.047619047619047616,0.07407407407407407,-0.27216552697590868,16,5,20,1,0.39229024943310659,0.45949427976455343,0.44505806321466812
logreg_balanced_ratio_preserved_noise_mcc_selected_true_pr_auc_v1,logistic_regression_class_weight_balanced,logistic_regression,C,90/10,1,random_flip_20,test,60/40,test,10,True,6790,190,11.952039263996994,53,21,32,0.56603773584905659,0.47693452380952384,0.25,0.047619047619047616,0.080000000000000002,-0.085417925871872316,29,3,20,1,0.50744047619047605,0.42130089119906894,0.40652746872302153
logreg_balanced_ratio_preserved_noise_mcc_selected_true_pr_auc_v1,logistic_regression_class_weight_balanced,logistic_regression,C,90/10,1,random_flip_20,test,70/30,test,10,True,6790,190,12.04868052402162,70,21,49,0.58571428571428574,0.43197278911564629,0.10000000000000001,0.047619047619047616,0.064516129032258063,-0.17817416127494959,40,9,20,1,0.47424684159378039,0.31910795920714652,0.30715045097533555
logreg_balanced_ratio_preserved_noise_mcc_selected_true_pr_auc_v1,logistic_regression_class_weight_balanced,logistic_regression,C,90/10,1,random_flip_20,test,75/25,test,10,True,6790,190,12.142030568997143,84,21,63,0.7142857142857143,0.49206349206349209,0.20000000000000001,0.047619047619047616,0.076923076923076927,-0.029049644688706341,59,4,20,1,0.54648526077097503,0.30917254872713384,0.29701020273829953
logreg_balanced_ratio_preserved_noise_mcc_selected_true_pr_auc_v1,logistic_regression_class_weight_balanced,logistic_regression,C,90/10,1,random_flip_20,test,80/20,test,10,True,6790,190,12.266060282010585,105,21,84,0.7142857142857143,0.4642857142857143,0.090909090909090912,0.047619047619047616,0.0625,-0.093295562035668439,74,10,20,1,0.48526077097505665,0.21225669305320494,0.19101213323146149
logreg_balanced_ratio_preserved_noise_mcc_selected_true_pr_auc_v1,logistic_regression_class_weight_balanced,logistic_regression,C,90/10,1,random_flip_20,test,90/10,test,10,True,6790,190,12.481547917996068,210,21,189,0.80476190476190479,0.46825396825396826,0.045454545454545456,0.047619047619047616,0.046511627906976744,-0.062197041357112286,168,21,20,1,0.47946586041824135,0.10689024611245079,0.094132879934102576
logreg_balanced_ratio_preserved_noise_mcc_selected_true_pr_auc_v1,logistic_regression_class_weight_balanced,logistic_regression,C,90/10,1,random_fp_10,validation_selected_reproduction,90/10,valid,1,True,13580,190,19.976738349010702,190,19,171,0.75789473684210529,0.74853801169590639,0.25454545454545452,0.73684210526315785,0.3783783783783784,0.32881335013854041,130,41,5,14,0.78885811018775009,0.44865060268797236,0.4355246494258968
logreg_balanced_ratio_preserved_noise_mcc_selected_true_pr_auc_v1,logistic_regression_class_weight_balanced,logistic_regression,C,90/10,1,random_fp_10,test,50/50,test,1,True,13580,190,20.055939222016605,42,21,21,0.76190476190476186,0.76190476190476186,0.78947368421052633,0.7142857142857143,0.75,0.52620136055843392,17,4,6,15,0.81179138321995459,0.79334493941973805,0.78505845541728325
logreg_balanced_ratio_preserved_noise_mcc_selected_true_pr_auc_v1,logistic_regression_class_weight_balanced,logistic_regression,C,90/10,1,random_fp_10,test,60/40,test,1,True,13580,190,20.136522257002071,53,21,32,0.73584905660377353,0.73214285714285721,0.65217391304347827,0.7142857142857143,0.68181818181818177,0.45818979495265688,24,8,6,15,0.82886904761904767,0.7944039474285487,0.7890788604931338
logreg_balanced_ratio_preserved_noise_mcc_selected_true_pr_auc_v1,logistic_regression_class_weight_balanced,logistic_regression,C,90/10,1,random_fp_10,test,70/30,test,1,True,13580,190,20.228854789020261,70,21,49,0.84285714285714286,0.80612244897959184,0.75,0.7142857142857143,0.73170731707317072,0.62105900340811881,44,5,6,15,0.87852283770651118,0.80983501823563975,0.8055582461348656
logreg_balanced_ratio_preserved_noise_mcc_selected_true_pr_auc_v1,logistic_regression_class_weight_balanced,logistic_regression,C,90/10,1,random_fp_10,test,75/25,test,1,True,13580,190,20.330090824019862,84,21,63,0.84523809523809523,0.80158730158730163,0.68181818181818177,0.7142857142857143,0.69767441860465118,0.59404012950668628,56,7,6,15,0.89040060468631888,0.75444184931850988,0.7479020132236891
logreg_balanced_ratio_preserved_noise_mcc_selected_true_pr_auc_v1,logistic_regression_class_weight_balanced,logistic_regression,C,90/10,1,random_fp_10,test,80/20,test,1,True,13580,190,20.465187409019563,105,21,84,0.79047619047619044,0.76190476190476186,0.4838709677419355,0.7142857142857143,0.57692307692307687,0.45933122986262781,68,16,6,15,0.83616780045351469,0.59263123214885938,0.58168865935869585
logreg_balanced_ratio_preserved_noise_mcc_selected_true_pr_auc_v1,logistic_regression_class_weight_balanced,logistic_regression,C,90/10,1,random_fp_10,test,90/10,test,1,True,13580,190,20.691955362010049,210,21,189,0.82380952380952377,0.77513227513227512,0.32608695652173914,0.7142857142857143,0.44776119402985076,0.39912712585070348,158,31,6,15,0.8382464096749811,0.4486822203436055,0.43829582320769506
logreg_balanced_ratio_preserved_noise_mcc_selected_true_pr_auc_v1,logistic_regression_class_weight_balanced,logistic_regression,C,90/10,1,random_fp_20,validation_selected_reproduction,90/10,valid,0.10000000000000001,True,20370,190,26.073332961008418,190,19,171,0.71052631578947367,0.74561403508771928,0.22727272727272727,0.78947368421052633,0.35294117647058826,0.30951038179976731,120,51,4,15,0.8147122191443521,0.34036030301287951,0.32414141661977436
logreg_balanced_ratio_preserved_noise_mcc_selected_true_pr_auc_v1,logistic_regression_class_weight_balanced,logistic_regression,C,90/10,1,random_fp_20,test,50/50,test,0.10000000000000001,True,20370,190,26.163227577024372,42,21,21,0.7142857142857143,0.71428571428571419,0.69565217391304346,0.76190476190476186,0.72727272727272729,0.43052838591144588,14,7,5,16,0.81859410430838997,0.83257052668264531,0.82779197867567778
logreg_balanced_ratio_preserved_noise_mcc_selected_true_pr_auc_v1,logistic_regression_class_weight_balanced,logistic_regression,C,90/10,1,random_fp_20,test,60/40,test,0.10000000000000001,True,20370,190,26.247599107999122,53,21,32,0.75471698113207553,0.75595238095238093,0.66666666666666663,0.76190476190476186,0.71111111111111114,0.50300139121291076,24,8,5,16,0.8392857142857143,0.81794428478079118,0.81344258824621019
logreg_balanced_ratio_preserved_noise_mcc_selected_true_pr_auc_v1,logistic_regression_class_weight_balanced,logistic_regression,C,90/10,1,random_fp_20,test,70/30,test,0.10000000000000001,True,20370,190,26.34111822702107,70,21,49,0.80000000000000004,0.78911564625850339,0.64000000000000001,0.76190476190476186,0.69565217391304346,0.55301004133750209,40,9,5,16,0.87560738581146746,0.80769453670320002,0.8033228276244988
logreg_balanced_ratio_preserved_noise_mcc_selected_true_pr_auc_v1,logistic_regression_class_weight_balanced,logistic_regression,C,90/10,1,random_fp_20,test,75/25,test,0.10000000000000001,True,20370,190,26.447539250017144,84,21,63,0.8928571428571429,0.84920634920634919,0.80000000000000004,0.76190476190476186,0.78048780487804881,0.71004694680469305,59,4,5,16,0.9055177626606199,0.782245439925495,0.76981013276325583
logreg_balanced_ratio_preserved_noise_mcc_selected_true_pr_auc_v1,logistic_regression_class_weight_balanced,logistic_regression,C,90/10,1,random_fp_20,test,80/20,test,0.10000000000000001,True,20370,190,26.594176388025517,105,21,84,0.76190476190476186,0.76190476190476186,0.44444444444444442,0.76190476190476186,0.56140350877192979,0.44141479464782041,64,20,5,16,0.84467120181405897,0.5578099998694287,0.52894678902476433
logreg_balanced_ratio_preserved_noise_mcc_selected_true_pr_auc_v1,logistic_regression_class_weight_balanced,logistic_regression,C,90/10,1,random_fp_20,test,90/10,test,0.10000000000000001,True,20370,190,26.845962830004282,210,21,189,0.71904761904761905,0.73809523809523814,0.22857142857142856,0.76190476190476186,0.35164835164835168,0.30304576336566325,135,54,5,16,0.83144368858654571,0.34654127492212033,0.3185632797275485
logreg_balanced_ratio_preserved_noise_mcc_selected_true_pr_auc_v1,logistic_regression_class_weight_balanced,logistic_regression,C,90/10,1,heuristic_fp_10,validation_selected_reproduction,90/10,valid,1,True,13580,190,19.385095959994942,190,19,171,0.81578947368421051,0.80409356725146197,0.32608695652173914,0.78947368421052633,0.46153846153846156,0.4259434288919251,140,31,4,15,0.86857494613727304,0.46992424279854794,0.4563546594463489
logreg_balanced_ratio_preserved_noise_mcc_selected_true_pr_auc_v1,logistic_regression_class_weight_balanced,logistic_regression,C,90/10,1,heuristic_fp_10,test,50/50,test,1,True,13580,190,19.46740599401528,42,21,21,0.88095238095238093,0.88095238095238093,0.90000000000000002,0.8571428571428571,0.87804878048780488,0.7627700713964739,19,2,3,18,0.92743764172335608,0.93597857048668431,0.9343636662434418
logreg_balanced_ratio_preserved_noise_mcc_selected_true_pr_auc_v1,logistic_regression_class_weight_balanced,logistic_regression,C,90/10,1,heuristic_fp_10,test,60/40,test,1,True,13580,190,19.559657544014044,53,21,32,0.86792452830188682,0.8660714285714286,0.81818181818181823,0.8571428571428571,0.83720930232558144,0.72675541928750842,28,4,3,18,0.90476190476190477,0.84394301519934056,0.83584905551083155
logreg_balanced_ratio_preserved_noise_mcc_selected_true_pr_auc_v1,logistic_regression_class_weight_balanced,logistic_regression,C,90/10,1,heuristic_fp_10,test,70/30,test,1,True,13580,190,19.645098648994463,70,21,49,0.88571428571428568,0.87755102040816324,0.78260869565217395,0.8571428571428571,0.81818181818181823,0.7367166488157183,44,5,3,18,0.94946550048590861,0.93068833813718754,0.92957754834523376
logreg_balanced_ratio_preserved_noise_mcc_selected_true_pr_auc_v1,logistic_regression_class_weight_balanced,logistic_regression,C,90/10,1,heuristic_fp_10,test,75/25,test,1,True,13580,190,19.746138479007641,84,21,63,0.91666666666666663,0.89682539682539675,0.81818181818181823,0.8571428571428571,0.83720930232558144,0.78163174935090296,59,4,3,18,0.94331065759637189,0.89062172241647652,0.88816797601456776
logreg_balanced_ratio_preserved_noise_mcc_selected_true_pr_auc_v1,logistic_regression_class_weight_balanced,logistic_regression,C,90/10,1,heuristic_fp_10,test,80/20,test,1,True,13580,190,19.873251233017072,105,21,84,0.81904761904761902,0.83333333333333326,0.52941176470588236,0.8571428571428571,0.65454545454545454,0.5698878507093138,68,16,3,18,0.90136054421768708,0.69951866600425339,0.68861462332911083
logreg_balanced_ratio_preserved_noise_mcc_selected_true_pr_auc_v1,logistic_regression_class_weight_balanced,logistic_regression,C,90/10,1,heuristic_fp_10,test,90/10,test,1,True,13580,190,20.109574653004529,210,21,189,0.8571428571428571,0.8571428571428571,0.40000000000000002,0.8571428571428571,0.54545454545454541,0.5222329678670935,162,27,3,18,0.89493575207860931,0.43199581093682177,0.40742532058625952
logreg_balanced_ratio_preserved_noise_mcc_selected_true_pr_auc_v1,logistic_regression_class_weight_balanced,logistic_regression,C,90/10,1,heuristic_fp_20,validation_selected_reproduction,90/10,valid,10,True,20370,190,29.781462328013731,190,19,171,0.80526315789473679,0.82163742690058483,0.32000000000000001,0.84210526315789469,0.46376811594202899,0.43825049008927763,137,34,3,16,0.84364419821483538,0.49685722827810341,0.48681707747513753
logreg_balanced_ratio_preserved_noise_mcc_selected_true_pr_auc_v1,logistic_regression_class_weight_balanced,logistic_regression,C,90/10,1,heuristic_fp_20,test,50/50,test,10,True,20370,190,29.87080195202725,42,21,21,0.80952380952380953,0.80952380952380953,0.88235294117647056,0.7142857142857143,0.78947368421052633,0.63059262509446579,19,2,6,15,0.90476190476190477,0.91659614968549086,0.91459826428424407
logreg_balanced_ratio_preserved_noise_mcc_selected_true_pr_auc_v1,logistic_regression_class_weight_balanced,logistic_regression,C,90/10,1,heuristic_fp_20,test,60/40,test,10,True,20370,190,29.961989408009686,53,21,32,0.83018867924528306,0.81026785714285721,0.83333333333333337,0.7142857142857143,0.76923076923076927,0.64088652990813211,29,3,6,15,0.89136904761904756,0.84427913222465545,0.83941409229382602
logreg_balanced_ratio_preserved_noise_mcc_selected_true_pr_auc_v1,logistic_regression_class_weight_balanced,logistic_regression,C,90/10,1,heuristic_fp_20,test,70/30,test,10,True,20370,190,30.056246394000482,70,21,49,0.8571428571428571,0.81632653061224492,0.78947368421052633,0.7142857142857143,0.75,0.65194568114468099,45,4,6,15,0.88629737609329451,0.76376569684840367,0.7553769619085331
logreg_balanced_ratio_preserved_noise_mcc_selected_true_pr_auc_v1,logistic_regression_class_weight_balanced,logistic_regression,C,90/10,1,heuristic_fp_20,test,75/25,test,10,True,20370,190,30.159199957008241,84,21,63,0.8571428571428571,0.80952380952380953,0.7142857142857143,0.7142857142857143,0.7142857142857143,0.61904761904761907,57,6,6,15,0.89644746787603924,0.76138106569328068,0.75194181720152642
logreg_balanced_ratio_preserved_noise_mcc_selected_true_pr_auc_v1,logistic_regression_class_weight_balanced,logistic_regression,C,90/10,1,heuristic_fp_20,test,80/20,test,10,True,20370,190,30.293152557016583,105,21,84,0.81904761904761902,0.77976190476190477,0.5357142857142857,0.7142857142857143,0.61224489795918369,0.50610832839838893,71,13,6,15,0.86621315192743764,0.61462447469727122,0.58799131048670739
logreg_balanced_ratio_preserved_noise_mcc_selected_true_pr_auc_v1,logistic_regression_class_weight_balanced,logistic_regression,C,90/10,1,heuristic_fp_20,test,90/10,test,10,True,20370,190,30.547364544006996,210,21,189,0.84285714285714286,0.7857142857142857,0.35714285714285715,0.7142857142857143,0.47619047619047616,0.42857142857142855,162,27,6,15,0.86117409926933741,0.36805300834279042,0.34588307505947025
logreg_balanced_ratio_preserved_noise_mcc_selected_true_pr_auc_v1,logistic_regression_class_weight_balanced,logistic_regression,C,90/10,2,clean,validation_selected_reproduction,90/10,valid,1,True,6790,190,11.855520815995988,190,19,171,0.87894736842105259,0.83918128654970758,0.44117647058823528,0.78947368421052633,0.56603773584905659,0.53092720183505338,152,19,4,15,0.86118805786395802,0.50447713564327301,0.48686549780872407
logreg_balanced_ratio_preserved_noise_mcc_selected_true_pr_auc_v1,logistic_regression_class_weight_balanced,logistic_regression,C,90/10,2,clean,test,50/50,test,1,True,6790,190,11.986922006995883,42,21,21,0.8571428571428571,0.85714285714285721,0.89473684210526316,0.80952380952380953,0.84999999999999998,0.71754730985240978,19,2,4,17,0.891156462585034,0.92002612212589252,0.91843882053859094
logreg_balanced_ratio_preserved_noise_mcc_selected_true_pr_auc_v1,logistic_regression_class_weight_balanced,logistic_regression,C,90/10,2,clean,test,60/40,test,1,True,6790,190,12.084427087014774,53,21,32,0.90566037735849059,0.88913690476190477,0.94444444444444442,0.80952380952380953,0.87179487179487181,0.80379773415336464,31,1,4,17,0.91369047619047628,0.91631446893138557,0.91490299098201566
logreg_balanced_ratio_preserved_noise_mcc_selected_true_pr_auc_v1,logistic_regression_class_weight_balanced,logistic_regression,C,90/10,2,clean,test,70/30,test,1,True,6790,190,12.221309882996138,70,21,49,0.84285714285714286,0.83333333333333326,0.70833333333333337,0.80952380952380953,0.75555555555555554,0.64362349842859889,42,7,4,17,0.86394557823129237,0.65275805794780317,0.62450509499932905
logreg_balanced_ratio_preserved_noise_mcc_selected_true_pr_auc_v1,logistic_regression_class_weight_balanced,logistic_regression,C,90/10,2,clean,test,75/25,test,1,True,6790,190,12.345505189994583,84,21,63,0.83333333333333337,0.82539682539682535,0.62962962962962965,0.80952380952380953,0.70833333333333337,0.60339807377407551,53,10,4,17,0.86470143613000761,0.7395042198632058,0.73332488382537808
logreg_balanced_ratio_preserved_noise_mcc_selected_true_pr_auc_v1,logistic_regression_class_weight_balanced,logistic_regression,C,90/10,2,clean,test,80/20,test,1,True,6790,190,12.46883598799468,105,21,84,0.83809523809523812,0.82738095238095233,0.56666666666666665,0.80952380952380953,0.66666666666666663,0.57975090436420285,71,13,4,17,0.89625850340136048,0.7568768977560405,0.75199612114320402
logreg_balanced_ratio_preserved_noise_mcc_selected_true_pr_auc_v1,logistic_regression_class_weight_balanced,logistic_regression,C,90/10,2,clean,test,90/10,test,1,True,6790,190,12.682251157006249,210,21,189,0.87619047619047619,0.84656084656084651,0.4358974358974359,0.80952380952380953,0.56666666666666665,0.53471169414752506,167,22,4,17,0.88762912572436381,0.57279910539722445,0.56262680206470084
logreg_balanced_ratio_preserved_noise_mcc_selected_true_pr_auc_v1,logistic_regression_class_weight_balanced,logistic_regression,C,90/10,2,random_flip_10,validation_selected_reproduction,90/10,valid,0.10000000000000001,True,6790,190,11.496538442996098,190,19,171,0.77894736842105261,0.78362573099415211,0.28301886792452829,0.78947368421052633,0.41666666666666669,0.37944799395839884,133,38,4,15,0.83102493074792239,0.40358691448550327,0.38573875747386382
logreg_balanced_ratio_preserved_noise_mcc_selected_true_pr_auc_v1,logistic_regression_class_weight_balanced,logistic_regression,C,90/10,2,random_flip_10,test,50/50,test,0.10000000000000001,True,6790,190,11.610910896997666,42,21,21,0.76190476190476186,0.76190476190476186,0.78947368421052633,0.7142857142857143,0.75,0.52620136055843392,17,4,6,15,0.80272108843537415,0.80483092330846318,0.79603368688733966
logreg_balanced_ratio_preserved_noise_mcc_selected_true_pr_auc_v1,logistic_regression_class_weight_balanced,logistic_regression,C,90/10,2,random_flip_10,test,60/40,test,0.10000000000000001,True,6790,190,11.698911140003474,53,21,32,0.81132075471698117,0.79464285714285721,0.78947368421052633,0.7142857142857143,0.75,0.60102742638844608,28,4,6,15,0.84672619047619047,0.85222867050167239,0.84949834369784605
logreg_balanced_ratio_preserved_noise_mcc_selected_true_pr_auc_v1,logistic_regression_class_weight_balanced,logistic_regression,C,90/10,2,random_flip_10,test,70/30,test,0.10000000000000001,True,6790,190,11.8190360449953,70,21,49,0.77142857142857146,0.75510204081632648,0.59999999999999998,0.7142857142857143,0.65217391304347827,0.48795003647426655,39,10,6,15,0.82410106899902813,0.62903674808436727,0.61209671183235903
logreg_balanced_ratio_preserved_noise_mcc_selected_true_pr_auc_v1,logistic_regression_class_weight_balanced,logistic_regression,C,90/10,2,random_flip_10,test,75/25,test,0.10000000000000001,True,6790,190,11.925190840993309,84,21,63,0.70238095238095233,0.70634920634920628,0.44117647058823528,0.7142857142857143,0.54545454545454541,0.36407282184728251,44,19,6,15,0.78684807256235823,0.5768988317423509,0.56375032791453883
logreg_balanced_ratio_preserved_noise_mcc_selected_true_pr_auc_v1,logistic_regression_class_weight_balanced,logistic_regression,C,90/10,2,random_flip_10,test,80/20,test,0.10000000000000001,True,6790,190,12.028934492991539,105,21,84,0.74285714285714288,0.73214285714285721,0.41666666666666669,0.7142857142857143,0.52631578947368418,0.39125402252874991,63,21,6,15,0.82199546485260777,0.55204943698848075,0.53866300287047109
logreg_balanced_ratio_preserved_noise_mcc_selected_true_pr_auc_v1,logistic_regression_class_weight_balanced,logistic_regression,C,90/10,2,random_flip_10,test,90/10,test,0.10000000000000001,True,6790,190,12.2290307689982,210,21,189,0.75238095238095237,0.73544973544973546,0.24590163934426229,0.7142857142857143,0.36585365853658536,0.31117930049925341,143,46,6,15,0.82262534643487029,0.35510098151944797,0.32681466102755619
logreg_balanced_ratio_preserved_noise_mcc_selected_true_pr_auc_v1,logistic_regression_class_weight_balanced,logistic_regression,C,90/10,2,random_flip_20,validation_selected_reproduction,90/10,valid,0.10000000000000001,True,6790,190,11.746833130979212,190,19,171,0.75789473684210529,0.49122807017543857,0.090909090909090912,0.15789473684210525,0.11538461538461539,-0.013892909409710951,141,30,16,3,0.43828870421668209,0.093048740041088568,0.085274282453577099
logreg_balanced_ratio_preserved_noise_mcc_selected_true_pr_auc_v1,logistic_regression_class_weight_balanced,logistic_regression,C,90/10,2,random_flip_20,test,50/50,test,0.10000000000000001,True,6790,190,11.843953981995583,42,21,21,0.47619047619047616,0.47619047619047616,0.42857142857142855,0.14285714285714285,0.21428571428571427,-0.063887656499993992,17,4,18,3,0.27664399092970521,0.39593774666602344,0.37408683007353616
logreg_balanced_ratio_preserved_noise_mcc_selected_true_pr_auc_v1,logistic_regression_class_weight_balanced,logistic_regression,C,90/10,2,random_flip_20,test,60/40,test,0.10000000000000001,True,6790,190,11.922669074003352,53,21,32,0.49056603773584906,0.4308035714285714,0.25,0.14285714285714285,0.18181818181818182,-0.16173937503137595,23,9,18,3,0.2857142857142857,0.30691794620735019,0.28744730281900377
logreg_balanced_ratio_preserved_noise_mcc_selected_true_pr_auc_v1,logistic_regression_class_weight_balanced,logistic_regression,C,90/10,2,random_flip_20,test,70/30,test,0.10000000000000001,True,6790,190,12.042120144004002,70,21,49,0.5,0.39795918367346939,0.14999999999999999,0.14285714285714285,0.14634146341463414,-0.20701966780270628,32,17,18,3,0.22837706511175898,0.20490698904573984,0.1942310444480608
logreg_balanced_ratio_preserved_noise_mcc_selected_true_pr_auc_v1,logistic_regression_class_weight_balanced,logistic_regression,C,90/10,2,random_flip_20,test,75/25,test,0.10000000000000001,True,6790,190,12.15297393797664,84,21,63,0.63095238095238093,0.46825396825396826,0.1875,0.14285714285714285,0.16216216216216217,-0.070014004201400484,50,13,18,3,0.29402872260015117,0.18548373006021918,0.17350940712269008
logreg_balanced_ratio_preserved_noise_mcc_selected_true_pr_auc_v1,logistic_regression_class_weight_balanced,logistic_regression,C,90/10,2,random_flip_20,test,80/20,test,0.10000000000000001,True,6790,190,12.286331512994366,105,21,84,0.580952380952381,0.41666666666666663,0.10344827586206896,0.14285714285714285,0.12,-0.14910501299480675,58,26,18,3,0.27834467120181405,0.14016671975740375,0.13198456515073817
logreg_balanced_ratio_preserved_noise_mcc_selected_true_pr_auc_v1,logistic_regression_class_weight_balanced,logistic_regression,C,90/10,2,random_flip_20,test,90/10,test,0.10000000000000001,True,6790,190,12.523663765983656,210,21,189,0.70476190476190481,0.455026455026455,0.063829787234042548,0.14285714285714285,0.088235294117647065,-0.064741824697607267,145,44,18,3,0.27588813303099019,0.069239526602414531,0.064566518786879218
logreg_balanced_ratio_preserved_noise_mcc_selected_true_pr_auc_v1,logistic_regression_class_weight_balanced,logistic_regression,C,90/10,2,random_fp_10,validation_selected_reproduction,90/10,valid,0.10000000000000001,True,13580,190,19.199117806012509,190,19,171,0.74210526315789471,0.78654970760233911,0.25806451612903225,0.84210526315789469,0.39506172839506171,0.36669415830466545,125,46,3,16,0.84795321637426901,0.52347847643477663,0.50711655438104064
logreg_balanced_ratio_preserved_noise_mcc_selected_true_pr_auc_v1,logistic_regression_class_weight_balanced,logistic_regression,C,90/10,2,random_fp_10,test,50/50,test,0.10000000000000001,True,13580,190,19.304413644014858,42,21,21,0.83333333333333337,0.83333333333333326,0.84999999999999998,0.80952380952380953,0.82926829268292679,0.66742381247191462,18,3,4,17,0.87074829931972797,0.89458112742452478,0.89177610920219696
logreg_balanced_ratio_preserved_noise_mcc_selected_true_pr_auc_v1,logistic_regression_class_weight_balanced,logistic_regression,C,90/10,2,random_fp_10,test,60/40,test,0.10000000000000001,True,13580,190,19.389941521018045,53,21,32,0.79245283018867929,0.79538690476190477,0.70833333333333337,0.80952380952380953,0.75555555555555554,0.58049869858001624,25,7,4,17,0.89434523809523814,0.88814777124492283,0.88604188698895903
logreg_balanced_ratio_preserved_noise_mcc_selected_true_pr_auc_v1,logistic_regression_class_weight_balanced,logistic_regression,C,90/10,2,random_fp_10,test,70/30,test,0.10000000000000001,True,13580,190,19.516594094020547,70,21,49,0.75714285714285712,0.77210884353741505,0.56666666666666665,0.80952380952380953,0.66666666666666663,0.50395263067896956,36,13,4,17,0.82993197278911568,0.60243446587905436,0.57777878000261185
logreg_balanced_ratio_preserved_noise_mcc_selected_true_pr_auc_v1,logistic_regression_class_weight_balanced,logistic_regression,C,90/10,2,random_fp_10,test,75/25,test,0.10000000000000001,True,13580,190,19.618013283004984,84,21,63,0.6785714285714286,0.72222222222222221,0.42499999999999999,0.80952380952380953,0.55737704918032782,0.3853373177942262,40,23,4,17,0.80725623582766448,0.61502934309201107,0.59966913143921952
logreg_balanced_ratio_preserved_noise_mcc_selected_true_pr_auc_v1,logistic_regression_class_weight_balanced,logistic_regression,C,90/10,2,random_fp_10,test,80/20,test,0.10000000000000001,True,13580,190,19.727390923013445,105,21,84,0.80000000000000004,0.8035714285714286,0.5,0.80952380952380953,0.61818181818181817,0.51900500689598228,67,17,4,17,0.86791383219954654,0.69145904477549069,0.68396792405752405
logreg_balanced_ratio_preserved_noise_mcc_selected_true_pr_auc_v1,logistic_regression_class_weight_balanced,logistic_regression,C,90/10,2,random_fp_10,test,90/10,test,0.10000000000000001,True,13580,190,19.924991831008811,210,21,189,0.75238095238095237,0.77777777777777779,0.26153846153846155,0.80952380952380953,0.39534883720930231,0.36051834183722331,141,48,4,17,0.86192995716805243,0.5256547910924525,0.51566097382153042
logreg_balanced_ratio_preserved_noise_mcc_selected_true_pr_auc_v1,logistic_regression_class_weight_balanced,logistic_regression,C,90/10,2,random_fp_20,validation_selected_reproduction,90/10,valid,1,True,20370,190,27.085651506989961,190,19,171,0.77368421052631575,0.75730994152046782,0.26923076923076922,0.73684210526315785,0.39436619718309857,0.3462742540765828,133,38,5,14,0.77285318559556782,0.45467719429362236,0.4381618658047895
logreg_balanced_ratio_preserved_noise_mcc_selected_true_pr_auc_v1,logistic_regression_class_weight_balanced,logistic_regression,C,90/10,2,random_fp_20,test,50/50,test,1,True,20370,190,27.185614631976932,42,21,21,0.7142857142857143,0.7142857142857143,0.76470588235294112,0.61904761904761907,0.68421052631578949,0.43656412506539938,17,4,8,13,0.81859410430838997,0.84924629988753297,0.84574071084484936
logreg_balanced_ratio_preserved_noise_mcc_selected_true_pr_auc_v1,logistic_regression_class_weight_balanced,logistic_regression,C,90/10,2,random_fp_20,test,60/40,test,1,True,20370,190,27.27100994598004,53,21,32,0.71698113207547165,0.70014880952380953,0.65000000000000002,0.61904761904761907,0.63414634146341464,0.40392029577517563,25,7,8,13,0.7901785714285714,0.79476269137021904,0.79118980582147014
logreg_balanced_ratio_preserved_noise_mcc_selected_true_pr_auc_v1,logistic_regression_class_weight_balanced,logistic_regression,C,90/10,2,random_fp_20,test,70/30,test,1,True,20370,190,27.398540909984149,70,21,49,0.65714285714285714,0.6462585034013606,0.44827586206896552,0.61904761904761907,0.52000000000000002,0.2721246483912933,33,16,8,13,0.75024295432458699,0.60478829619968755,0.59277918834659049
logreg_balanced_ratio_preserved_noise_mcc_selected_true_pr_auc_v1,logistic_regression_class_weight_balanced,logistic_regression,C,90/10,2,random_fp_20,test,75/25,test,1,True,20370,190,27.513277502002893,84,21,63,0.70238095238095233,0.67460317460317465,0.43333333333333335,0.61904761904761907,0.50980392156862742,0.31557642080208581,46,17,8,13,0.78080120937263797,0.62441187122098296,0.61632151183370509
logreg_balanced_ratio_preserved_noise_mcc_selected_true_pr_auc_v1,logistic_regression_class_weight_balanced,logistic_regression,C,90/10,2,random_fp_20,test,80/20,test,1,True,20370,190,27.628999695996754,105,21,84,0.73333333333333328,0.69047619047619047,0.39393939393939392,0.61904761904761907,0.48148148148148145,0.3282439759448873,64,20,8,13,0.79308390022675734,0.57091216202609085,0.56147416356576008
logreg_balanced_ratio_preserved_noise_mcc_selected_true_pr_auc_v1,logistic_regression_class_weight_balanced,logistic_regression,C,90/10,2,random_fp_20,test,90/10,test,1,True,20370,190,27.83699090097798,210,21,189,0.74761904761904763,0.69047619047619047,0.22413793103448276,0.61904761904761907,0.32911392405063289,0.25560859370538297,144,45,8,13,0.77374653565129758,0.37408590467179625,0.36195781384278752
logreg_balanced_ratio_preserved_noise_mcc_selected_true_pr_auc_v1,logistic_regression_class_weight_balanced,logistic_regression,C,90/10,2,heuristic_fp_10,validation_selected_reproduction,90/10,valid,10,True,13580,190,21.10248676800984,190,19,171,0.89473684210526316,0.80116959064327486,0.48148148148148145,0.68421052631578949,0.56521739130434778,0.51753566732835399,157,14,6,13,0.88519544475223144,0.57065830394702666,0.55937039286216383
logreg_balanced_ratio_preserved_noise_mcc_selected_true_pr_auc_v1,logistic_regression_class_weight_balanced,logistic_regression,C,90/10,2,heuristic_fp_10,test,50/50,test,10,True,13580,190,21.217662198992912,42,21,21,0.7857142857142857,0.7857142857142857,0.83333333333333337,0.7142857142857143,0.76923076923076927,0.57735026918962573,18,3,6,15,0.87301587301587302,0.88715153004097114,0.88404602297194645
logreg_balanced_ratio_preserved_noise_mcc_selected_true_pr_auc_v1,logistic_regression_class_weight_balanced,logistic_regression,C,90/10,2,heuristic_fp_10,test,60/40,test,10,True,13580,190,21.30559592100326,53,21,32,0.83018867924528306,0.81026785714285721,0.83333333333333337,0.7142857142857143,0.76923076923076927,0.64088652990813211,29,3,6,15,0.86160714285714279,0.78402625029937223,0.77422595364807734
logreg_balanced_ratio_preserved_noise_mcc_selected_true_pr_auc_v1,logistic_regression_class_weight_balanced,logistic_regression,C,90/10,2,heuristic_fp_10,test,70/30,test,10,True,13580,190,21.433060242998181,70,21,49,0.80000000000000004,0.77551020408163263,0.65217391304347827,0.7142857142857143,0.68181818181818177,0.53760404102768633,41,8,6,15,0.84839650145772594,0.63579627959672003,0.61174493475085157
logreg_balanced_ratio_preserved_noise_mcc_selected_true_pr_auc_v1,logistic_regression_class_weight_balanced,logistic_regression,C,90/10,2,heuristic_fp_10,test,75/25,test,10,True,13580,190,21.544389157992555,84,21,63,0.83333333333333337,0.79365079365079372,0.65217391304347827,0.7142857142857143,0.68181818181818177,0.5703116736349898,55,8,6,15,0.84429327286470135,0.63504216723610318,0.60776863520944524
logreg_balanced_ratio_preserved_noise_mcc_selected_true_pr_auc_v1,logistic_regression_class_weight_balanced,logistic_regression,C,90/10,2,heuristic_fp_10,test,80/20,test,10,True,13580,190,21.665330601012101,105,21,84,0.8666666666666667,0.80952380952380953,0.65217391304347827,0.7142857142857143,0.68181818181818177,0.59869068877605525,76,8,6,15,0.90192743764172334,0.79525627607027571,0.79198337044046663
logreg_balanced_ratio_preserved_noise_mcc_selected_true_pr_auc_v1,logistic_regression_class_weight_balanced,logistic_regression,C,90/10,2,heuristic_fp_10,test,90/10,test,10,True,13580,190,21.87764402400353,210,21,189,0.86190476190476195,0.79629629629629628,0.39473684210526316,0.7142857142857143,0.50847457627118642,0.46178598292894057,166,23,6,15,0.87553539934492319,0.48883952919028151,0.460031442399152
logreg_balanced_ratio_preserved_noise_mcc_selected_true_pr_auc_v1,logistic_regression_class_weight_balanced,logistic_regression,C,90/10,2,heuristic_fp_20,validation_selected_reproduction,90/10,valid,10,True,20370,190,29.542706501990324,190,19,171,0.84736842105263155,0.79824561403508776,0.36842105263157893,0.73684210526315785,0.49122807017543857,0.44736842105263158,147,24,5,14,0.85503231763619569,0.56438351080604621,0.55379961704449066
logreg_balanced_ratio_preserved_noise_mcc_selected_true_pr_auc_v1,logistic_regression_class_weight_balanced,logistic_regression,C,90/10,2,heuristic_fp_20,test,50/50,test,10,True,20370,190,29.663103453000076,42,21,21,0.76190476190476186,0.76190476190476186,0.82352941176470584,0.66666666666666663,0.73684210526315785,0.53357837507993255,18,3,7,14,0.85260770975056688,0.8133272176194779,0.80082266348185938
logreg_balanced_ratio_preserved_noise_mcc_selected_true_pr_auc_v1,logistic_regression_class_weight_balanced,logistic_regression,C,90/10,2,heuristic_fp_20,test,60/40,test,10,True,20370,190,29.75742392000393,53,21,32,0.75471698113207553,0.73958333333333326,0.69999999999999996,0.66666666666666663,0.68292682926829273,0.48350310497994997,26,6,7,14,0.84077380952380953,0.75177478056784963,0.73815619368718188
logreg_balanced_ratio_preserved_noise_mcc_selected_true_pr_auc_v1,logistic_regression_class_weight_balanced,logistic_regression,C,90/10,2,heuristic_fp_20,test,70/30,test,10,True,20370,190,29.918584798986558,70,21,49,0.7857142857142857,0.7517006802721089,0.63636363636363635,0.66666666666666663,0.65116279069767447,0.49692416114898447,41,8,7,14,0.83090379008746362,0.61574236150390926,0.59908123393751112
logreg_balanced_ratio_preserved_noise_mcc_selected_true_pr_auc_v1,logistic_regression_class_weight_balanced,logistic_regression,C,90/10,2,heuristic_fp_20,test,75/25,test,10,True,20370,190,30.042451098997844,84,21,63,0.77380952380952384,0.73809523809523814,0.53846153846153844,0.66666666666666663,0.5957446808510638,0.44602577508753943,51,12,7,14,0.84656084656084651,0.68095419119530143,0.67309097236786397
logreg_balanced_ratio_preserved_noise_mcc_selected_true_pr_auc_v1,logistic_regression_class_weight_balanced,logistic_regression,C,90/10,2,heuristic_fp_20,test,80/20,test,10,True,20370,190,30.170340031007072,105,21,84,0.83809523809523812,0.77380952380952372,0.58333333333333337,0.66666666666666663,0.62222222222222223,0.52165059337049158,74,10,7,14,0.90532879818594103,0.74890670921298463,0.74367113586684397
logreg_balanced_ratio_preserved_noise_mcc_selected_true_pr_auc_v1,logistic_regression_class_weight_balanced,logistic_regression,C,90/10,2,heuristic_fp_20,test,90/10,test,10,True,20370,190,30.388759333000053,210,21,189,0.80000000000000004,0.7407407407407407,0.2857142857142857,0.66666666666666663,0.40000000000000002,0.34151450937027694,154,35,7,14,0.85235575711766187,0.32772079653437458,0.30184645202513821
logreg_balanced_ratio_preserved_noise_mcc_selected_true_pr_auc_v1,logistic_regression_class_weight_balanced,logistic_regression,C,90/10,3,clean,validation_selected_reproduction,90/10,valid,10,True,6790,190,12.026444316987181,190,19,171,0.92105263157894735,0.83918128654970758,0.58333333333333337,0.73684210526315785,0.65116279069767447,0.61260010884032867,161,10,5,14,0.85410895660203145,0.55493222467685122,0.53753752873102323
logreg_balanced_ratio_preserved_noise_mcc_selected_true_pr_auc_v1,logistic_regression_class_weight_balanced,logistic_regression,C,90/10,3,clean,test,50/50,test,10,True,6790,190,12.10241846597637,42,21,21,0.76190476190476186,0.76190476190476186,0.92307692307692313,0.5714285714285714,0.70588235294117652,0.5665288228870653,20,1,9,12,0.86848072562358269,0.87782738944221284,0.87448416799149853
logreg_balanced_ratio_preserved_noise_mcc_selected_true_pr_auc_v1,logistic_regression_class_weight_balanced,logistic_regression,C,90/10,3,clean,test,60/40,test,10,True,6790,190,12.201973802992143,53,21,32,0.81132075471698117,0.7700892857142857,0.92307692307692313,0.5714285714285714,0.70588235294117652,0.61407344434924471,31,1,9,12,0.8660714285714286,0.80423871895458832,0.79553856846599769
logreg_balanced_ratio_preserved_noise_mcc_selected_true_pr_auc_v1,logistic_regression_class_weight_balanced,logistic_regression,C,90/10,3,clean,test,70/30,test,10,True,6790,190,12.322403573984047,70,21,49,0.84285714285714286,0.76530612244897955,0.8571428571428571,0.5714285714285714,0.68571428571428572,0.60789269422883596,47,2,9,12,0.86103012633624865,0.79907646396663079,0.79519930650403925
logreg_balanced_ratio_preserved_noise_mcc_selected_true_pr_auc_v1,logistic_regression_class_weight_balanced,logistic_regression,C,90/10,3,clean,test,75/25,test,10,True,6790,190,12.430099845980294,84,21,63,0.80952380952380953,0.73015873015873012,0.63157894736842102,0.5714285714285714,0.59999999999999998,0.47643525615380605,56,7,9,12,0.8533635676492819,0.63082401687325917,0.60362647112796475
logreg_balanced_ratio_preserved_noise_mcc_selected_true_pr_auc_v1,logistic_regression_class_weight_balanced,logistic_regression,C,90/10,3,clean,test,80/20,test,10,True,6790,190,12.543348593986593,105,21,84,0.82857142857142863,0.73214285714285721,0.5714285714285714,0.5714285714285714,0.5714285714285714,0.4642857142857143,75,9,9,12,0.84807256235827655,0.58911269896369545,0.56183129043513413
logreg_balanced_ratio_preserved_noise_mcc_selected_true_pr_auc_v1,logistic_regression_class_weight_balanced,logistic_regression,C,90/10,3,clean,test,90/10,test,10,True,6790,190,12.748333430994535,210,21,189,0.90952380952380951,0.7592592592592593,0.54545454545454541,0.5714285714285714,0.55813953488372092,0.50794250441641697,179,10,9,12,0.87830687830687837,0.58570578504168014,0.57174141718584548
logreg_balanced_ratio_preserved_noise_mcc_selected_true_pr_auc_v1,logistic_regression_class_weight_balanced,logistic_regression,C,90/10,3,random_flip_10,validation_selected_reproduction,90/10,valid,0.10000000000000001,True,6790,190,11.597874460014282,190,19,171,0.81578947368421051,0.80409356725146197,0.32608695652173914,0.78947368421052633,0.46153846153846156,0.4259434288919251,140,31,4,15,0.86457371498922742,0.53220860321319552,0.52132708590336752
logreg_balanced_ratio_preserved_noise_mcc_selected_true_pr_auc_v1,logistic_regression_class_weight_balanced,logistic_regression,C,90/10,3,random_flip_10,test,50/50,test,0.10000000000000001,True,6790,190,11.676175213011447,42,21,21,0.7142857142857143,0.71428571428571419,0.73684210526315785,0.66666666666666663,0.69999999999999996,0.43052838591144588,16,5,7,14,0.77777777777777779,0.79097787133501418,0.78337792267032746
logreg_balanced_ratio_preserved_noise_mcc_selected_true_pr_auc_v1,logistic_regression_class_weight_balanced,logistic_regression,C,90/10,3,random_flip_10,test,60/40,test,0.10000000000000001,True,6790,190,11.774991472018883,53,21,32,0.77358490566037741,0.75520833333333326,0.73684210526315785,0.66666666666666663,0.69999999999999996,0.52058688699807332,27,5,7,14,0.77976190476190477,0.69181089840630783,0.68132735362330132
logreg_balanced_ratio_preserved_noise_mcc_selected_true_pr_auc_v1,logistic_regression_class_weight_balanced,logistic_regression,C,90/10,3,random_flip_10,test,70/30,test,0.10000000000000001,True,6790,190,11.874295913003152,70,21,49,0.69999999999999996,0.69047619047619047,0.5,0.66666666666666663,0.5714285714285714,0.35634832254989918,35,14,7,14,0.80660835762876582,0.71305938161788718,0.70519313145483342
logreg_balanced_ratio_preserved_noise_mcc_selected_true_pr_auc_v1,logistic_regression_class_weight_balanced,logistic_regression,C,90/10,3,random_flip_10,test,75/25,test,0.10000000000000001,True,6790,190,11.986654291016748,84,21,63,0.72619047619047616,0.70634920634920628,0.46666666666666667,0.66666666666666663,0.5490196078431373,0.37295395185701052,47,16,7,14,0.80952380952380953,0.5476805007495037,0.51869639378261723
logreg_balanced_ratio_preserved_noise_mcc_selected_true_pr_auc_v1,logistic_regression_class_weight_balanced,logistic_regression,C,90/10,3,random_flip_10,test,80/20,test,0.10000000000000001,True,6790,190,12.106348576024175,105,21,84,0.73333333333333328,0.70833333333333326,0.40000000000000002,0.66666666666666663,0.5,0.35355339059327379,63,21,7,14,0.81065759637188206,0.49744749160573087,0.46812657219267684
logreg_balanced_ratio_preserved_noise_mcc_selected_true_pr_auc_v1,logistic_regression_class_weight_balanced,logistic_regression,C,90/10,3,random_flip_10,test,90/10,test,0.10000000000000001,True,6790,190,12.303157546004513,210,21,189,0.75714285714285712,0.71693121693121697,0.2413793103448276,0.66666666666666663,0.35443037974683544,0.29110978727557507,145,44,7,14,0.8236331569664902,0.42471143933090638,0.40782763622870255
logreg_balanced_ratio_preserved_noise_mcc_selected_true_pr_auc_v1,logistic_regression_class_weight_balanced,logistic_regression,C,90/10,3,random_flip_20,validation_selected_reproduction,90/10,valid,10,True,6790,190,11.765534706995822,190,19,171,0.78947368421052633,0.4853801169590643,0.080000000000000002,0.10526315789473684,0.090909090909090912,-0.025949964805384099,148,23,17,2,0.5081563558017852,0.12821911465813648,0.10859578019893552
logreg_balanced_ratio_preserved_noise_mcc_selected_true_pr_auc_v1,logistic_regression_class_weight_balanced,logistic_regression,C,90/10,3,random_flip_20,test,50/50,test,10,True,6790,190,11.846414957981324,42,21,21,0.42857142857142855,0.42857142857142855,0,0,0,-0.27735009811261457,18,3,21,0,0.38548752834467126,0.43078100203342312,0.41003441538698282
logreg_balanced_ratio_preserved_noise_mcc_selected_true_pr_auc_v1,logistic_regression_class_weight_balanced,logistic_regression,C,90/10,3,random_flip_20,test,60/40,test,10,True,6790,190,11.94957212699228,53,21,32,0.49056603773584906,0.40625,0,0,0,-0.28944186937048488,26,6,21,0,0.52083333333333326,0.39384519704754817,0.3751706246594082
logreg_balanced_ratio_preserved_noise_mcc_selected_true_pr_auc_v1,logistic_regression_class_weight_balanced,logistic_regression,C,90/10,3,random_flip_20,test,70/30,test,10,True,6790,190,12.050965004978934,70,21,49,0.6428571428571429,0.45918367346938777,0,0,0,-0.16116459280507606,45,4,21,0,0.45675413022351796,0.27584633780918189,0.26053668092771898
logreg_balanced_ratio_preserved_noise_mcc_selected_true_pr_auc_v1,logistic_regression_class_weight_balanced,logistic_regression,C,90/10,3,random_flip_20,test,75/25,test,10,True,6790,190,12.165376819990342,84,21,63,0.58333333333333337,0.3888888888888889,0,0,0,-0.25819888974716115,49,14,21,0,0.38095238095238088,0.20107549105921618,0.1904323936131827
logreg_balanced_ratio_preserved_noise_mcc_selected_true_pr_auc_v1,logistic_regression_class_weight_balanced,logistic_regression,C,90/10,3,random_flip_20,test,80/20,test,10,True,6790,190,12.29131994699128,105,21,84,0.66666666666666663,0.41666666666666669,0,0,0,-0.19611613513818402,70,14,21,0,0.4024943310657596,0.16430803637235014,0.1555530789386757
logreg_balanced_ratio_preserved_noise_mcc_selected_true_pr_auc_v1,logistic_regression_class_weight_balanced,logistic_regression,C,90/10,3,random_flip_20,test,90/10,test,10,True,6790,190,12.494644925987814,210,21,189,0.76190476190476186,0.42328042328042326,0,0,0,-0.13342538259064424,160,29,21,0,0.37616528092718571,0.077742526285245458,0.073302124229250282
logreg_balanced_ratio_preserved_noise_mcc_selected_true_pr_auc_v1,logistic_regression_class_weight_balanced,logistic_regression,C,90/10,3,random_fp_10,validation_selected_reproduction,90/10,valid,10,True,13580,190,20.958393796987366,190,19,171,0.86842105263157898,0.76315789473684204,0.40000000000000002,0.63157894736842102,0.48979591836734693,0.4330127018922193,153,18,7,12,0.80301631271160356,0.46661742864725081,0.44918535829971029
logreg_balanced_ratio_preserved_noise_mcc_selected_true_pr_auc_v1,logistic_regression_class_weight_balanced,logistic_regression,C,90/10,3,random_fp_10,test,50/50,test,10,True,13580,190,21.038425818987889,42,21,21,0.7142857142857143,0.7142857142857143,0.84615384615384615,0.52380952380952384,0.6470588235294118,0.4635235823621443,19,2,10,11,0.82086167800453524,0.85230086329710386,0.8489983612033718
logreg_balanced_ratio_preserved_noise_mcc_selected_true_pr_auc_v1,logistic_regression_class_weight_balanced,logistic_regression,C,90/10,3,random_fp_10,test,60/40,test,10,True,13580,190,21.137029183999402,53,21,32,0.71698113207547165,0.68377976190476186,0.6875,0.52380952380952384,0.59459459459459463,0.39160791715520227,27,5,10,11,0.77232142857142849,0.74146407192457442,0.73549669664542838
logreg_balanced_ratio_preserved_noise_mcc_selected_true_pr_auc_v1,logistic_regression_class_weight_balanced,logistic_regression,C,90/10,3,random_fp_10,test,70/30,test,10,True,13580,190,21.248077911994187,70,21,49,0.7857142857142857,0.71088435374149661,0.6875,0.52380952380952384,0.59459459459459463,0.46028324996028647,44,5,10,11,0.78814382896015545,0.69542526955057427,0.68860364580649702
logreg_balanced_ratio_preserved_noise_mcc_selected_true_pr_auc_v1,logistic_regression_class_weight_balanced,logistic_regression,C,90/10,3,random_fp_10,test,75/25,test,10,True,13580,190,21.363605691993143,84,21,63,0.75,0.67460317460317465,0.5,0.52380952380952384,0.51162790697674421,0.34391796971439731,52,11,10,11,0.79818594104308382,0.6586747509680202,0.65172728407402225
logreg_balanced_ratio_preserved_noise_mcc_selected_true_pr_auc_v1,logistic_regression_class_weight_balanced,logistic_regression,C,90/10,3,random_fp_10,test,80/20,test,10,True,13580,190,21.487017290986842,105,21,84,0.80952380952380953,0.70238095238095233,0.52380952380952384,0.52380952380952384,0.52380952380952384,0.40476190476190477,74,10,10,11,0.79818594104308382,0.60196686797758536,0.59353126180852711
logreg_balanced_ratio_preserved_noise_mcc_selected_true_pr_auc_v1,logistic_regression_class_weight_balanced,logistic_regression,C,90/10,3,random_fp_10,test,90/10,test,10,True,13580,190,21.682596483995439,210,21,189,0.85238095238095235,0.70634920634920628,0.34375,0.52380952380952384,0.41509433962264153,0.34449931100206704,168,21,10,11,0.80498866213151932,0.56797855459985391,0.56284424663407262
logreg_balanced_ratio_preserved_noise_mcc_selected_true_pr_auc_v1,logistic_regression_class_weight_balanced,logistic_regression,C,90/10,3,random_fp_20,validation_selected_reproduction,90/10,valid,0.10000000000000001,True,20370,190,26.50342798201018,190,19,171,0.73157894736842111,0.80409356725146197,0.25757575757575757,0.89473684210526316,0.40000000000000002,0.38320332984733091,122,49,2,17,0.85657125269313639,0.47778720871356462,0.46396583111405526
logreg_balanced_ratio_preserved_noise_mcc_selected_true_pr_auc_v1,logistic_regression_class_weight_balanced,logistic_regression,C,90/10,3,random_fp_20,test,50/50,test,0.10000000000000001,True,20370,190,26.582175515010022,42,21,21,0.7857142857142857,0.7857142857142857,0.75,0.8571428571428571,0.80000000000000004,0.57735026918962573,15,6,3,18,0.85260770975056699,0.86487227084981066,0.86064252898987204
logreg_balanced_ratio_preserved_noise_mcc_selected_true_pr_auc_v1,logistic_regression_class_weight_balanced,logistic_regression,C,90/10,3,random_fp_20,test,60/40,test,0.10000000000000001,True,20370,190,26.679441318992758,53,21,32,0.79245283018867929,0.8035714285714286,0.69230769230769229,0.8571428571428571,0.76595744680851063,0.59402807414242031,24,8,3,18,0.82886904761904767,0.79902082797044383,0.7938466754228124
logreg_balanced_ratio_preserved_noise_mcc_selected_true_pr_auc_v1,logistic_regression_class_weight_balanced,logistic_regression,C,90/10,3,random_fp_20,test,70/30,test,0.10000000000000001,True,20370,190,26.79562071399414,70,21,49,0.75714285714285712,0.7857142857142857,0.5625,0.8571428571428571,0.67924528301886788,0.52565748303784687,35,14,3,18,0.86880466472303197,0.82636418816967971,0.82341486666776764
logreg_balanced_ratio_preserved_noise_mcc_selected_true_pr_auc_v1,logistic_regression_class_weight_balanced,logistic_regression,C,90/10,3,random_fp_20,test,75/25,test,0.10000000000000001,True,20370,190,26.906444957014173,84,21,63,0.77380952380952384,0.80158730158730163,0.52941176470588236,0.8571428571428571,0.65454545454545454,0.53210643193064366,47,16,3,18,0.8306878306878307,0.57901340048260841,0.55434701325360958
logreg_balanced_ratio_preserved_noise_mcc_selected_true_pr_auc_v1,logistic_regression_class_weight_balanced,logistic_regression,C,90/10,3,random_fp_20,test,80/20,test,0.10000000000000001,True,20370,190,27.026906070008408,105,21,84,0.70476190476190481,0.76190476190476186,0.39130434782608697,0.8571428571428571,0.53731343283582089,0.42229676950314565,56,28,3,18,0.8344671201814059,0.64217917519872469,0.63498714919351928
logreg_balanced_ratio_preserved_noise_mcc_selected_true_pr_auc_v1,logistic_regression_class_weight_balanced,logistic_regression,C,90/10,3,random_fp_20,test,90/10,test,0.10000000000000001,True,20370,190,27.217791235016193,210,21,189,0.74761904761904763,0.79629629629629628,0.26470588235294118,0.8571428571428571,0.4044943820224719,0.37992523380620924,139,50,3,18,0.85689090450995209,0.47343713795398951,0.45641161531107077
logreg_balanced_ratio_preserved_noise_mcc_selected_true_pr_auc_v1,logistic_regression_class_weight_balanced,logistic_regression,C,90/10,3,heuristic_fp_10,validation_selected_reproduction,90/10,valid,10,True,13580,190,20.289029167994158,190,19,171,0.88421052631578945,0.79532163742690054,0.44827586206896552,0.68421052631578949,0.54166666666666663,0.49270637563832587,155,16,6,13,0.89196675900277,0.5897453731801654,0.57929459409949935
logreg_balanced_ratio_preserved_noise_mcc_selected_true_pr_auc_v1,logistic_regression_class_weight_balanced,logistic_regression,C,90/10,3,heuristic_fp_10,test,50/50,test,10,True,13580,190,20.367657787981443,42,21,21,0.83333333333333337,0.83333333333333326,0.88888888888888884,0.76190476190476186,0.82051282051282048,0.67357531405456339,19,2,5,16,0.93650793650793651,0.93448393159251175,0.93259938835605971
logreg_balanced_ratio_preserved_noise_mcc_selected_true_pr_auc_v1,logistic_regression_class_weight_balanced,logistic_regression,C,90/10,3,heuristic_fp_10,test,60/40,test,10,True,13580,190,20.46064676498645,53,21,32,0.81132075471698117,0.80282738095238093,0.76190476190476186,0.76190476190476186,0.76190476190476186,0.60565476190476186,27,5,5,16,0.89136904761904767,0.8439800817575378,0.83868833635857709
logreg_balanced_ratio_preserved_noise_mcc_selected_true_pr_auc_v1,logistic_regression_class_weight_balanced,logistic_regression,C,90/10,3,heuristic_fp_10,test,70/30,test,10,True,13580,190,20.560041257995181,70,21,49,0.81428571428571428,0.79931972789115646,0.66666666666666663,0.76190476190476186,0.71111111111111114,0.57794763124200721,41,8,5,16,0.89018464528668617,0.7295632828953853,0.71479376284636853
logreg_balanced_ratio_preserved_noise_mcc_selected_true_pr_auc_v1,logistic_regression_class_weight_balanced,logistic_regression,C,90/10,3,heuristic_fp_10,test,75/25,test,10,True,13580,190,20.675218519987538,84,21,63,0.8214285714285714,0.80158730158730163,0.61538461538461542,0.76190476190476186,0.68085106382978722,0.56496598177754986,53,10,5,16,0.86394557823129259,0.59430629852472516,0.57671196899312016
logreg_balanced_ratio_preserved_noise_mcc_selected_true_pr_auc_v1,logistic_regression_class_weight_balanced,logistic_regression,C,90/10,3,heuristic_fp_10,test,80/20,test,10,True,13580,190,20.793757407984231,105,21,84,0.83809523809523812,0.80952380952380953,0.5714285714285714,0.76190476190476186,0.65306122448979587,0.55994963993013247,72,12,5,16,0.88095238095238093,0.56521131854778472,0.53591674827835656
logreg_balanced_ratio_preserved_noise_mcc_selected_true_pr_auc_v1,logistic_regression_class_weight_balanced,logistic_regression,C,90/10,3,heuristic_fp_10,test,90/10,test,10,True,13580,190,20.985295558988582,210,21,189,0.87142857142857144,0.82275132275132279,0.42105263157894735,0.76190476190476186,0.5423728813559322,0.50301687426188169,167,22,5,16,0.90602166792642991,0.52958955474191116,0.51296133160100899
logreg_balanced_ratio_preserved_noise_mcc_selected_true_pr_auc_v1,logistic_regression_class_weight_balanced,logistic_regression,C,90/10,3,heuristic_fp_20,validation_selected_reproduction,90/10,valid,10,True,20370,190,29.63970867099124,190,19,171,0.83684210526315794,0.76900584795321636,0.34210526315789475,0.68421052631578949,0.45614035087719296,0.40350877192982454,146,25,6,13,0.79716835949522935,0.37160468665570212,0.35499571454526874
logreg_balanced_ratio_preserved_noise_mcc_selected_true_pr_auc_v1,logistic_regression_class_weight_balanced,logistic_regression,C,90/10,3,heuristic_fp_20,test,50/50,test,10,True,20370,190,29.710773607977899,42,21,21,0.80952380952380953,0.80952380952380953,0.88235294117647056,0.7142857142857143,0.78947368421052633,0.63059262509446579,19,2,6,15,0.86394557823129248,0.8748268595637978,0.87119633206150815
logreg_balanced_ratio_preserved_noise_mcc_selected_true_pr_auc_v1,logistic_regression_class_weight_balanced,logistic_regression,C,90/10,3,heuristic_fp_20,test,60/40,test,10,True,20370,190,29.800673484976869,53,21,32,0.75471698113207553,0.74776785714285721,0.68181818181818177,0.7142857142857143,0.69767441860465118,0.49188933866410628,25,7,6,15,0.80654761904761896,0.76878154565400658,0.76266805342095401
logreg_balanced_ratio_preserved_noise_mcc_selected_true_pr_auc_v1,logistic_regression_class_weight_balanced,logistic_regression,C,90/10,3,heuristic_fp_20,test,70/30,test,10,True,20370,190,29.91981096699601,70,21,49,0.75714285714285712,0.74489795918367352,0.57692307692307687,0.7142857142857143,0.63829787234042556,0.46452579668325827,38,11,6,15,0.83479105928085517,0.68757138985349031,0.6730340063671747
logreg_balanced_ratio_preserved_noise_mcc_selected_true_pr_auc_v1,logistic_regression_class_weight_balanced,logistic_regression,C,90/10,3,heuristic_fp_20,test,75/25,test,10,True,20370,190,30.032974913978251,84,21,63,0.8214285714285714,0.7857142857142857,0.625,0.7142857142857143,0.66666666666666663,0.54772255750516607,54,9,6,15,0.83295540438397575,0.56892335703117047,0.55181279424571894
logreg_balanced_ratio_preserved_noise_mcc_selected_true_pr_auc_v1,logistic_regression_class_weight_balanced,logistic_regression,C,90/10,3,heuristic_fp_20,test,80/20,test,10,True,20370,190,30.159057843993651,105,21,84,0.81904761904761902,0.77976190476190477,0.5357142857142857,0.7142857142857143,0.61224489795918369,0.50610832839838893,71,13,6,15,0.83673469387755106,0.54913520216702838,0.53195760397495029
logreg_balanced_ratio_preserved_noise_mcc_selected_true_pr_auc_v1,logistic_regression_class_weight_balanced,logistic_regression,C,90/10,3,heuristic_fp_20,test,90/10,test,10,True,20370,190,30.359639059985057,210,21,189,0.80952380952380953,0.76719576719576721,0.30612244897959184,0.7142857142857143,0.42857142857142855,0.37904357633404367,155,34,6,15,0.84504913076341648,0.47685810463880146,0.46539423422475434
logreg_balanced_ratio_preserved_noise_mcc_selected_true_pr_auc_v1,logistic_regression_class_weight_balanced,logistic_regression,C,90/10,4,clean,validation_selected_reproduction,90/10,valid,1,True,6790,190,11.27124417401501,190,19,171,0.83157894736842108,0.8128654970760234,0.34883720930232559,0.78947368421052633,0.4838709677419355,0.44861069988972263,143,28,4,15,0.84733764235149278,0.47694250582703435,0.4590533054156683
logreg_balanced_ratio_preserved_noise_mcc_selected_true_pr_auc_v1,logistic_regression_class_weight_balanced,logistic_regression,C,90/10,4,clean,test,50/50,test,1,True,6790,190,11.350047958025243,42,21,21,0.76190476190476186,0.76190476190476186,0.8666666666666667,0.61904761904761907,0.72222222222222221,0.54659439449994862,19,2,8,13,0.88435374149659851,0.89808770597964704,0.89571121834755707
logreg_balanced_ratio_preserved_noise_mcc_selected_true_pr_auc_v1,logistic_regression_class_weight_balanced,logistic_regression,C,90/10,4,clean,test,60/40,test,1,True,6790,190,11.492850359005388,53,21,32,0.79245283018867929,0.76264880952380953,0.8125,0.61904761904761907,0.70270270270270274,0.5596663755294996,29,3,8,13,0.8973214285714286,0.84837826268609118,0.84357352618396231
logreg_balanced_ratio_preserved_noise_mcc_selected_true_pr_auc_v1,logistic_regression_class_weight_balanced,logistic_regression,C,90/10,4,clean,test,70/30,test,1,True,6790,190,11.593893509998452,70,21,49,0.7857142857142857,0.73809523809523814,0.65000000000000002,0.61904761904761907,0.63414634146341464,0.483045891539648,42,7,8,13,0.85519922254616132,0.77735090994523071,0.77305742474537209
logreg_balanced_ratio_preserved_noise_mcc_selected_true_pr_auc_v1,logistic_regression_class_weight_balanced,logistic_regression,C,90/10,4,clean,test,75/25,test,1,True,6790,190,11.719551750022219,84,21,63,0.84523809523809523,0.76984126984126977,0.72222222222222221,0.61904761904761907,0.66666666666666663,0.56952142864688693,58,5,8,13,0.8979591836734695,0.76064993401870118,0.75451266226847458
logreg_balanced_ratio_preserved_noise_mcc_selected_true_pr_auc_v1,logistic_regression_class_weight_balanced,logistic_regression,C,90/10,4,clean,test,80/20,test,1,True,6790,190,11.83939239900792,105,21,84,0.89523809523809528,0.79166666666666674,0.8125,0.61904761904761907,0.70270270270270274,0.64924870150389546,81,3,8,13,0.91496598639455784,0.7958068573265582,0.79138815281676722
logreg_balanced_ratio_preserved_noise_mcc_selected_true_pr_auc_v1,logistic_regression_class_weight_balanced,logistic_regression,C,90/10,4,clean,test,90/10,test,1,True,6790,190,12.10897783600376,210,21,189,0.85238095238095235,0.74867724867724861,0.3611111111111111,0.61904761904761907,0.45614035087719296,0.395895644980094,166,23,8,13,0.87603930461073309,0.55821657317223405,0.55060000347815385
logreg_balanced_ratio_preserved_noise_mcc_selected_true_pr_auc_v1,logistic_regression_class_weight_balanced,logistic_regression,C,90/10,4,random_flip_10,validation_selected_reproduction,90/10,valid,0.10000000000000001,True,6790,190,11.246332258015173,190,19,171,0.72631578947368425,0.75438596491228072,0.23809523809523808,0.78947368421052633,0.36585365853658536,0.32420959427100987,123,48,4,15,0.85133887349953841,0.47343532081087725,0.46062439836025232
logreg_balanced_ratio_preserved_noise_mcc_selected_true_pr_auc_v1,logistic_regression_class_weight_balanced,logistic_regression,C,90/10,4,random_flip_10,test,50/50,test,0.10000000000000001,True,6790,190,11.324571859004209,42,21,21,0.76190476190476186,0.76190476190476186,0.71999999999999997,0.8571428571428571,0.78260869565217395,0.53357837507993255,14,7,3,18,0.85941043083900226,0.87517793774096297,0.87193152234059523
logreg_balanced_ratio_preserved_noise_mcc_selected_true_pr_auc_v1,logistic_regression_class_weight_balanced,logistic_regression,C,90/10,4,random_flip_10,test,60/40,test,0.10000000000000001,True,6790,190,11.466888268012553,53,21,32,0.83018867924528306,0.8348214285714286,0.75,0.8571428571428571,0.80000000000000004,0.65799600594712171,26,6,3,18,0.84226190476190466,0.71098059883770681,0.68391461669910203
logreg_balanced_ratio_preserved_noise_mcc_selected_true_pr_auc_v1,logistic_regression_class_weight_balanced,logistic_regression,C,90/10,4,random_flip_10,test,70/30,test,0.10000000000000001,True,6790,190,11.572138735005865,70,21,49,0.7857142857142857,0.80612244897959173,0.59999999999999998,0.8571428571428571,0.70588235294117652,0.56694670951384085,37,12,3,18,0.82993197278911557,0.70008921934855772,0.69229234653344007
logreg_balanced_ratio_preserved_noise_mcc_selected_true_pr_auc_v1,logistic_regression_class_weight_balanced,logistic_regression,C,90/10,4,random_flip_10,test,75/25,test,0.10000000000000001,True,6790,190,11.699190387007548,84,21,63,0.7857142857142857,0.80952380952380953,0.54545454545454541,0.8571428571428571,0.66666666666666663,0.54886043019697373,48,15,3,18,0.83749055177626608,0.67656393176198137,0.66817410889848561
logreg_balanced_ratio_preserved_noise_mcc_selected_true_pr_auc_v1,logistic_regression_class_weight_balanced,logistic_regression,C,90/10,4,random_flip_10,test,80/20,test,0.10000000000000001,True,6790,190,11.810341657022946,105,21,84,0.83809523809523812,0.84523809523809523,0.5625,0.8571428571428571,0.67924528301886788,0.60001426923671675,70,14,3,18,0.89058956916099774,0.6976090983763843,0.68776554988709737
logreg_balanced_ratio_preserved_noise_mcc_selected_true_pr_auc_v1,logistic_regression_class_weight_balanced,logistic_regression,C,90/10,4,random_flip_10,test,90/10,test,0.10000000000000001,True,6790,190,12.031842530006543,210,21,189,0.77619047619047621,0.8121693121693121,0.29032258064516131,0.8571428571428571,0.43373493975903615,0.41061428124083393,145,44,3,18,0.86268581506676745,0.49026954243368887,0.47971971380600154
logreg_balanced_ratio_preserved_noise_mcc_selected_true_pr_auc_v1,logistic_regression_class_weight_balanced,logistic_regression,C,90/10,4,random_flip_20,validation_selected_reproduction,90/10,valid,10,True,6790,190,12.064327519008657,190,19,171,0.78947368421052633,0.46198830409356728,0.043478260869565216,0.052631578947368418,0.047619047619047616,-0.069919762430096385,149,22,18,1,0.3000923361034164,0.072160190805355212,0.066663194264436815
logreg_balanced_ratio_preserved_noise_mcc_selected_true_pr_auc_v1,logistic_regression_class_weight_balanced,logistic_regression,C,90/10,4,random_flip_20,test,50/50,test,10,True,6790,190,12.148691020003753,42,21,21,0.45238095238095238,0.45238095238095233,0.25,0.047619047619047616,0.080000000000000002,-0.16222142113076252,18,3,20,1,0.35827664399092973,0.42192539174624538,0.39832091563742883
logreg_balanced_ratio_preserved_noise_mcc_selected_true_pr_auc_v1,logistic_regression_class_weight_balanced,logistic_regression,C,90/10,4,random_flip_20,test,60/40,test,10,True,6790,190,12.299847381014843,53,21,32,0.60377358490566035,0.50818452380952384,0.5,0.047619047619047616,0.086956521739130432,0.042015347780459684,31,1,20,1,0.45684523809523814,0.39837681147297355,0.37016376952360525
logreg_balanced_ratio_preserved_noise_mcc_selected_true_pr_auc_v1,logistic_regression_class_weight_balanced,logistic_regression,C,90/10,4,random_flip_20,test,70/30,test,10,True,6790,190,12.417721354024252,70,21,49,0.65714285714285714,0.48299319727891155,0.20000000000000001,0.047619047619047616,0.076923076923076927,-0.060522753266880239,45,4,20,1,0.42857142857142855,0.26825536844473041,0.25052923627898666
logreg_balanced_ratio_preserved_noise_mcc_selected_true_pr_auc_v1,logistic_regression_class_weight_balanced,logistic_regression,C,90/10,4,random_flip_20,test,75/25,test,10,True,6790,190,12.561899697000626,84,21,63,0.6428571428571429,0.44444444444444442,0.090909090909090912,0.047619047619047616,0.0625,-0.14261973987987742,53,10,20,1,0.35827664399092973,0.19779249947845678,0.18566340351014932
logreg_balanced_ratio_preserved_noise_mcc_selected_true_pr_auc_v1,logistic_regression_class_weight_balanced,logistic_regression,C,90/10,4,random_flip_20,test,80/20,test,10,True,6790,190,12.695977499010041,105,21,84,0.72380952380952379,0.47023809523809523,0.10000000000000001,0.047619047619047616,0.064516129032258063,-0.081110710565381272,75,9,20,1,0.34920634920634919,0.15741582453622005,0.14642846914045379
logreg_balanced_ratio_preserved_noise_mcc_selected_true_pr_auc_v1,logistic_regression_class_weight_balanced,logistic_regression,C,90/10,4,random_flip_20,test,90/10,test,10,True,6790,190,12.990551745024277,210,21,189,0.80000000000000004,0.46560846560846558,0.043478260869565216,0.047619047619047616,0.045454545454545456,-0.066075031114284977,167,22,20,1,0.42378432854623332,0.086357979114525377,0.08046847324039863
logreg_balanced_ratio_preserved_noise_mcc_selected_true_pr_auc_v1,logistic_regression_class_weight_balanced,logistic_regression,C,90/10,4,random_fp_10,validation_selected_reproduction,90/10,valid,1,True,13580,190,19.982220903999405,190,19,171,0.76842105263157889,0.77777777777777779,0.27272727272727271,0.78947368421052633,0.40540540540540543,0.367497273684251,131,40,4,15,0.8202523853493382,0.48335540401594623,0.46715589969415039
logreg_balanced_ratio_preserved_noise_mcc_selected_true_pr_auc_v1,logistic_regression_class_weight_balanced,logistic_regression,C,90/10,4,random_fp_10,test,50/50,test,1,True,13580,190,20.066203396010678,42,21,21,0.76190476190476186,0.76190476190476186,0.73913043478260865,0.80952380952380953,0.77272727272727271,0.52620136055843392,15,6,4,17,0.83219954648526073,0.86705948737958916,0.86409799648352936
logreg_balanced_ratio_preserved_noise_mcc_selected_true_pr_auc_v1,logistic_regression_class_weight_balanced,logistic_regression,C,90/10,4,random_fp_10,test,60/40,test,1,True,13580,190,20.217476980003994,53,21,32,0.69811320754716977,0.71726190476190477,0.58620689655172409,0.80952380952380953,0.68000000000000005,0.42696629719235452,20,12,4,17,0.81547619047619047,0.76984557581013568,0.76219651950736655
logreg_balanced_ratio_preserved_noise_mcc_selected_true_pr_auc_v1,logistic_regression_class_weight_balanced,logistic_regression,C,90/10,4,random_fp_10,test,70/30,test,1,True,13580,190,20.334074904007139,70,21,49,0.75714285714285712,0.77210884353741505,0.56666666666666665,0.80952380952380953,0.66666666666666663,0.50395263067896956,36,13,4,17,0.81438289601554914,0.67897751888073854,0.6689039408542421
logreg_balanced_ratio_preserved_noise_mcc_selected_true_pr_auc_v1,logistic_regression_class_weight_balanced,logistic_regression,C,90/10,4,random_fp_10,test,75/25,test,1,True,13580,190,20.471783309010789,84,21,63,0.83333333333333337,0.82539682539682535,0.62962962962962965,0.80952380952380953,0.70833333333333337,0.60339807377407551,53,10,4,17,0.86016628873771728,0.69451024796955751,0.68503955405785222
logreg_balanced_ratio_preserved_noise_mcc_selected_true_pr_auc_v1,logistic_regression_class_weight_balanced,logistic_regression,C,90/10,4,random_fp_10,test,80/20,test,1,True,13580,190,20.578247792989714,105,21,84,0.8666666666666667,0.84523809523809523,0.62962962962962965,0.80952380952380953,0.70833333333333337,0.63192976877859297,74,10,4,17,0.87755102040816324,0.74799769998363708,0.74096766935970626
logreg_balanced_ratio_preserved_noise_mcc_selected_true_pr_auc_v1,logistic_regression_class_weight_balanced,logistic_regression,C,90/10,4,random_fp_10,test,90/10,test,1,True,13580,190,20.804639776994009,210,21,189,0.80476190476190479,0.80687830687830686,0.31481481481481483,0.80952380952380953,0.45333333333333331,0.42128651251906202,152,37,4,17,0.83975812547241113,0.39483090477692434,0.36651753465770232
logreg_balanced_ratio_preserved_noise_mcc_selected_true_pr_auc_v1,logistic_regression_class_weight_balanced,logistic_regression,C,90/10,4,random_fp_20,validation_selected_reproduction,90/10,valid,1,True,20370,190,27.084574692009483,190,19,171,0.74210526315789471,0.73976608187134496,0.2413793103448276,0.73684210526315785,0.36363636363636365,0.31238605260303787,127,44,5,14,0.80517082179132038,0.38160660016714043,0.36864682268808219
logreg_balanced_ratio_preserved_noise_mcc_selected_true_pr_auc_v1,logistic_regression_class_weight_balanced,logistic_regression,C,90/10,4,random_fp_20,test,50/50,test,1,True,20370,190,27.166048837010749,42,21,21,0.66666666666666663,0.66666666666666674,0.68421052631578949,0.61904761904761907,0.65000000000000002,0.33485541126445789,15,6,8,13,0.78004535147392295,0.8336732125715971,0.83030597570754905
logreg_balanced_ratio_preserved_noise_mcc_selected_true_pr_auc_v1,logistic_regression_class_weight_balanced,logistic_regression,C,90/10,4,random_fp_20,test,60/40,test,1,True,20370,190,27.321986035996815,53,21,32,0.75471698113207553,0.73139880952380953,0.72222222222222221,0.61904761904761907,0.66666666666666663,0.47797532566289946,27,5,8,13,0.84375,0.75895606367165702,0.74566009340089678
logreg_balanced_ratio_preserved_noise_mcc_selected_true_pr_auc_v1,logistic_regression_class_weight_balanced,logistic_regression,C,90/10,4,random_fp_20,test,70/30,test,1,True,20370,190,27.428822009009309,70,21,49,0.69999999999999996,0.6768707482993197,0.5,0.61904761904761907,0.55319148936170215,0.33549085316013094,36,13,8,13,0.7337220602526725,0.63532563105256012,0.62608031523116581
logreg_balanced_ratio_preserved_noise_mcc_selected_true_pr_auc_v1,logistic_regression_class_weight_balanced,logistic_regression,C,90/10,4,random_fp_20,test,75/25,test,1,True,20370,190,27.559246618009638,84,21,63,0.70238095238095233,0.67460317460317465,0.43333333333333335,0.61904761904761907,0.50980392156862742,0.31557642080208581,46,17,8,13,0.8004535147392291,0.60022379960131955,0.58800912350672108
logreg_balanced_ratio_preserved_noise_mcc_selected_true_pr_auc_v1,logistic_regression_class_weight_balanced,logistic_regression,C,90/10,4,random_fp_20,test,80/20,test,1,True,20370,190,27.67917934799334,105,21,84,0.78095238095238095,0.72023809523809523,0.4642857142857143,0.61904761904761907,0.53061224489795922,0.3984257053349019,69,15,8,13,0.79988662131519273,0.65525687327682114,0.64905186922344016
logreg_balanced_ratio_preserved_noise_mcc_selected_true_pr_auc_v1,logistic_regression_class_weight_balanced,logistic_regression,C,90/10,4,random_fp_20,test,90/10,test,1,True,20370,190,27.91411800700007,210,21,189,0.71904761904761905,0.67460317460317465,0.203125,0.61904761904761907,0.30588235294117649,0.2275916193656512,138,51,8,13,0.76039304610733183,0.44091822124807567,0.4327540082949955
logreg_balanced_ratio_preserved_noise_mcc_selected_true_pr_auc_v1,logistic_regression_class_weight_balanced,logistic_regression,C,90/10,4,heuristic_fp_10,validation_selected_reproduction,90/10,valid,10,True,13580,190,21.672351069981232,190,19,171,0.86315789473684212,0.80701754385964908,0.40000000000000002,0.73684210526315785,0.51851851851851849,0.47519096331149147,150,21,5,14,0.8165589412126808,0.50813520834514059,0.49468158570989007
logreg_balanced_ratio_preserved_noise_mcc_selected_true_pr_auc_v1,logistic_regression_class_weight_balanced,logistic_regression,C,90/10,4,heuristic_fp_10,test,50/50,test,10,True,13580,190,21.764171810005791,42,21,21,0.80952380952380953,0.80952380952380953,0.93333333333333335,0.66666666666666663,0.77777777777777779,0.64597519349993926,20,1,7,14,0.92970521541950113,0.9365111676358544,0.93493892672396628
logreg_balanced_ratio_preserved_noise_mcc_selected_true_pr_auc_v1,logistic_regression_class_weight_balanced,logistic_regression,C,90/10,4,heuristic_fp_10,test,60/40,test,10,True,13580,190,21.916451806988334,53,21,32,0.81132075471698117,0.78645833333333326,0.82352941176470584,0.66666666666666663,0.73684210526315785,0.60034428666160644,29,3,7,14,0.89434523809523814,0.84201825350036374,0.83724198194755406
logreg_balanced_ratio_preserved_noise_mcc_selected_true_pr_auc_v1,logistic_regression_class_weight_balanced,logistic_regression,C,90/10,4,heuristic_fp_10,test,70/30,test,10,True,13580,190,22.017927437002072,70,21,49,0.7857142857142857,0.7517006802721089,0.63636363636363635,0.66666666666666663,0.65116279069767447,0.49692416114898447,41,8,7,14,0.85519922254616132,0.69071412196279658,0.68030418222551203
logreg_balanced_ratio_preserved_noise_mcc_selected_true_pr_auc_v1,logistic_regression_class_weight_balanced,logistic_regression,C,90/10,4,heuristic_fp_10,test,75/25,test,10,True,13580,190,22.149882790981792,84,21,63,0.84523809523809523,0.7857142857142857,0.69999999999999996,0.66666666666666663,0.68292682926829273,0.58094750193111255,57,6,7,14,0.91080876795162502,0.71413948497982105,0.69865060907006549
logreg_balanced_ratio_preserved_noise_mcc_selected_true_pr_auc_v1,logistic_regression_class_weight_balanced,logistic_regression,C,90/10,4,heuristic_fp_10,test,80/20,test,10,True,13580,190,22.271006848983234,105,21,84,0.89523809523809528,0.80952380952380953,0.77777777777777779,0.66666666666666663,0.71794871794871795,0.6570183044350496,80,4,7,14,0.93140589569160992,0.80766074495888152,0.80208909594164823
logreg_balanced_ratio_preserved_noise_mcc_selected_true_pr_auc_v1,logistic_regression_class_weight_balanced,logistic_regression,C,90/10,4,heuristic_fp_10,test,90/10,test,10,True,13580,190,22.490045324986568,210,21,189,0.85238095238095235,0.76984126984126977,0.36842105263157893,0.66666666666666663,0.47457627118644069,0.42055509159599941,165,24,7,14,0.88914084152179385,0.43329796192707082,0.40489845911688505
logreg_balanced_ratio_preserved_noise_mcc_selected_true_pr_auc_v1,logistic_regression_class_weight_balanced,logistic_regression,C,90/10,4,heuristic_fp_20,validation_selected_reproduction,90/10,valid,10,True,20370,190,29.462969707004959,190,19,171,0.79473684210526319,0.74561403508771928,0.28260869565217389,0.68421052631578949,0.40000000000000002,0.34403123102809335,138,33,6,13,0.77900892582333015,0.33360586994375618,0.30314776935476329
logreg_balanced_ratio_preserved_noise_mcc_selected_true_pr_auc_v1,logistic_regression_class_weight_balanced,logistic_regression,C,90/10,4,heuristic_fp_20,test,50/50,test,10,True,20370,190,29.559426652005641,42,21,21,0.90476190476190477,0.90476190476190466,0.94736842105263153,0.8571428571428571,0.90000000000000002,0.81322028449939776,20,1,3,18,0.97052154195011331,0.97649806334016853,0.97601641125753136
logreg_balanced_ratio_preserved_noise_mcc_selected_true_pr_auc_v1,logistic_regression_class_weight_balanced,logistic_regression,C,90/10,4,heuristic_fp_20,test,60/40,test,10,True,20370,190,29.719218399986858,53,21,32,0.84905660377358494,0.8504464285714286,0.78260869565217395,0.8571428571428571,0.81818181818181823,0.69169036353429936,27,5,3,18,0.9330357142857143,0.89913156948871276,0.89592725122192185
logreg_balanced_ratio_preserved_noise_mcc_selected_true_pr_auc_v1,logistic_regression_class_weight_balanced,logistic_regression,C,90/10,4,heuristic_fp_20,test,70/30,test,10,True,20370,190,29.823863251978764,70,21,49,0.82857142857142863,0.83673469387755106,0.66666666666666663,0.8571428571428571,0.75,0.63402945947465839,40,9,3,18,0.87366375121477158,0.71419626310727513,0.70521898090017943
logreg_balanced_ratio_preserved_noise_mcc_selected_true_pr_auc_v1,logistic_regression_class_weight_balanced,logistic_regression,C,90/10,4,heuristic_fp_20,test,75/25,test,10,True,20370,190,29.946869262988912,84,21,63,0.83333333333333337,0.84126984126984117,0.62068965517241381,0.8571428571428571,0.71999999999999997,0.62162358623817282,52,11,3,18,0.91005291005291,0.73206052357147011,0.72102288540925419
logreg_balanced_ratio_preserved_noise_mcc_selected_true_pr_auc_v1,logistic_regression_class_weight_balanced,logistic_regression,C,90/10,4,heuristic_fp_20,test,80/20,test,10,True,20370,190,30.064095960988197,105,21,84,0.8666666666666667,0.86309523809523814,0.62068965517241381,0.8571428571428571,0.71999999999999997,0.64967184233451503,73,11,3,18,0.9399092970521542,0.76872949257403045,0.75872158390150135
logreg_balanced_ratio_preserved_noise_mcc_selected_true_pr_auc_v1,logistic_regression_class_weight_balanced,logistic_regression,C,90/10,4,heuristic_fp_20,test,90/10,test,10,True,20370,190,30.297176107997075,210,21,189,0.85238095238095235,0.85449735449735442,0.39130434782608697,0.8571428571428571,0.53731343283582089,0.51425995061532948,161,28,3,18,0.89014865205341398,0.43629648156844258,0.42344573927612073
logreg_balanced_ratio_preserved_noise_mcc_selected_true_pr_auc_v1,logistic_regression_class_weight_balanced,logistic_regression,C,90/10,5,clean,validation_selected_reproduction,90/10,valid,10,True,6790,190,12.37598714401247,190,19,171,0.91052631578947374,0.76315789473684204,0.55000000000000004,0.57894736842105265,0.5641025641025641,0.51449575542752646,162,9,8,11,0.85811018775007697,0.52247786494650694,0.50454781489702805
logreg_balanced_ratio_preserved_noise_mcc_selected_true_pr_auc_v1,logistic_regression_class_weight_balanced,logistic_regression,C,90/10,5,clean,test,50/50,test,10,True,6790,190,12.46399982800358,42,21,21,0.7142857142857143,0.71428571428571419,0.80000000000000004,0.5714285714285714,0.66666666666666663,0.44721359549995793,18,3,9,12,0.83673469387755095,0.85790180710470576,0.85453770348260427
logreg_balanced_ratio_preserved_noise_mcc_selected_true_pr_auc_v1,logistic_regression_class_weight_balanced,logistic_regression,C,90/10,5,clean,test,60/40,test,10,True,6790,190,12.55488093700842,53,21,32,0.81132075471698117,0.7700892857142857,0.92307692307692313,0.5714285714285714,0.70588235294117652,0.61407344434924471,31,1,9,12,0.84672619047619047,0.77601210799511855,0.76319871798805083
logreg_balanced_ratio_preserved_noise_mcc_selected_true_pr_auc_v1,logistic_regression_class_weight_balanced,logistic_regression,C,90/10,5,clean,test,70/30,test,10,True,6790,190,12.639855821005767,70,21,49,0.82857142857142863,0.75510204081632648,0.80000000000000004,0.5714285714285714,0.66666666666666663,0.56980288229818976,46,3,9,12,0.88921282798833812,0.82006725360490229,0.81625416792815009
logreg_balanced_ratio_preserved_noise_mcc_selected_true_pr_auc_v1,logistic_regression_class_weight_balanced,logistic_regression,C,90/10,5,clean,test,75/25,test,10,True,6790,190,12.740902282006573,84,21,63,0.83333333333333337,0.74603174603174605,0.70588235294117652,0.5714285714285714,0.63157894736842102,0.53032146340759734,58,5,9,12,0.86923658352229771,0.71219775454480305,0.69850450655353979
logreg_balanced_ratio_preserved_noise_mcc_selected_true_pr_auc_v1,logistic_regression_class_weight_balanced,logistic_regression,C,90/10,5,clean,test,80/20,test,10,True,6790,190,12.890765623014886,105,21,84,0.8571428571428571,0.75,0.66666666666666663,0.5714285714285714,0.61538461538461542,0.53066863050523239,78,6,9,12,0.85657596371882083,0.63195216310135516,0.60612976935455309
logreg_balanced_ratio_preserved_noise_mcc_selected_true_pr_auc_v1,logistic_regression_class_weight_balanced,logistic_regression,C,90/10,5,clean,test,90/10,test,10,True,6790,190,13.159725186007563,210,21,189,0.90000000000000002,0.75396825396825395,0.5,0.5714285714285714,0.53333333333333333,0.47894747207139976,177,12,9,12,0.85815066767447712,0.5676072936338985,0.55397642732480634
logreg_balanced_ratio_preserved_noise_mcc_selected_true_pr_auc_v1,logistic_regression_class_weight_balanced,logistic_regression,C,90/10,5,random_flip_10,validation_selected_reproduction,90/10,valid,1,True,6790,190,11.928082158003235,190,19,171,0.82631578947368423,0.80994152046783618,0.34090909090909088,0.78947368421052633,0.47619047619047616,0.44084086351358887,142,29,4,15,0.84179747614650668,0.39332436060205556,0.36197444861046185
logreg_balanced_ratio_preserved_noise_mcc_selected_true_pr_auc_v1,logistic_regression_class_weight_balanced,logistic_regression,C,90/10,5,random_flip_10,test,50/50,test,1,True,6790,190,12.030513289995724,42,21,21,0.69047619047619047,0.69047619047619047,0.75,0.5714285714285714,0.64864864864864868,0.39223227027636809,17,4,9,12,0.80952380952380953,0.81051662786478151,0.80490985639823021
logreg_balanced_ratio_preserved_noise_mcc_selected_true_pr_auc_v1,logistic_regression_class_weight_balanced,logistic_regression,C,90/10,5,random_flip_10,test,60/40,test,1,True,6790,190,12.14144373498857,53,21,32,0.75471698113207553,0.7232142857142857,0.75,0.5714285714285714,0.64864864864864868,0.47563714634235094,28,4,9,12,0.79761904761904756,0.7531382239336486,0.74613599393937369
logreg_balanced_ratio_preserved_noise_mcc_selected_true_pr_auc_v1,logistic_regression_class_weight_balanced,logistic_regression,C,90/10,5,random_flip_10,test,70/30,test,1,True,6790,190,12.235035005985992,70,21,49,0.7857142857142857,0.72448979591836737,0.66666666666666663,0.5714285714285714,0.61538461538461542,0.47075654176200421,43,6,9,12,0.82993197278911568,0.73176321506610154,0.72610379539788905
logreg_balanced_ratio_preserved_noise_mcc_selected_true_pr_auc_v1,logistic_regression_class_weight_balanced,logistic_regression,C,90/10,5,random_flip_10,test,75/25,test,1,True,6790,190,12.336837323993677,84,21,63,0.77380952380952384,0.70634920634920628,0.54545454545454541,0.5714285714285714,0.55813953488372092,0.40644850966246954,53,10,9,12,0.79969765684051408,0.56634147234561316,0.53801238078546809
logreg_balanced_ratio_preserved_noise_mcc_selected_true_pr_auc_v1,logistic_regression_class_weight_balanced,logistic_regression,C,90/10,5,random_flip_10,test,80/20,test,1,True,6790,190,12.500775266002165,105,21,84,0.78095238095238095,0.70238095238095233,0.46153846153846156,0.5714285714285714,0.51063829787234039,0.37510141439458466,70,14,9,12,0.81235827664399096,0.50878746380437323,0.47997929054187638
logreg_balanced_ratio_preserved_noise_mcc_selected_true_pr_auc_v1,logistic_regression_class_weight_balanced,logistic_regression,C,90/10,5,random_flip_10,test,90/10,test,1,True,6790,190,12.794483662000857,210,21,189,0.83809523809523812,0.71957671957671954,0.32432432432432434,0.5714285714285714,0.41379310344827586,0.34580631826995317,164,25,9,12,0.81960191484000999,0.45257346846309737,0.44301415930312621
logreg_balanced_ratio_preserved_noise_mcc_selected_true_pr_auc_v1,logistic_regression_class_weight_balanced,logistic_regression,C,90/10,5,random_flip_20,validation_selected_reproduction,90/10,valid,10,True,6790,190,12.580166472995188,190,19,171,0.79473684210526319,0.44152046783625731,0,0,0,-0.1143323900950059,151,20,19,0,0.31886734379809173,0.071991989363826475,0.067800173286506907
logreg_balanced_ratio_preserved_noise_mcc_selected_true_pr_auc_v1,logistic_regression_class_weight_balanced,logistic_regression,C,90/10,5,random_flip_20,test,50/50,test,10,True,6790,190,12.66955524799414,42,21,21,0.5,0.5,0.5,0.095238095238095233,0.16,0,19,2,19,2,0.49886621315192742,0.51391194699951503,0.48424355204597663
logreg_balanced_ratio_preserved_noise_mcc_selected_true_pr_auc_v1,logistic_regression_class_weight_balanced,logistic_regression,C,90/10,5,random_flip_20,test,60/40,test,10,True,6790,190,12.759336271992652,53,21,32,0.58490566037735847,0.50074404761904767,0.40000000000000002,0.095238095238095233,0.15384615384615385,0.0024900596027799867,29,3,19,2,0.43005952380952384,0.41722656624191801,0.40057758753152178
logreg_balanced_ratio_preserved_noise_mcc_selected_true_pr_auc_v1,logistic_regression_class_weight_balanced,logistic_regression,C,90/10,5,random_flip_20,test,70/30,test,10,True,6790,190,12.856936794007197,70,21,49,0.67142857142857137,0.50680272108843538,0.33333333333333331,0.095238095238095233,0.14814814814814814,0.022271770159368699,45,4,19,2,0.42176870748299317,0.29284251005531792,0.26673884337961579
logreg_balanced_ratio_preserved_noise_mcc_selected_true_pr_auc_v1,logistic_regression_class_weight_balanced,logistic_regression,C,90/10,5,random_flip_20,test,75/25,test,10,True,6790,190,12.967422818997875,84,21,63,0.63095238095238093,0.45238095238095238,0.14285714285714285,0.095238095238095233,0.11428571428571428,-0.11065666703449763,51,12,19,2,0.42252456538170824,0.22292418638269967,0.20905208297338912
logreg_balanced_ratio_preserved_noise_mcc_selected_true_pr_auc_v1,logistic_regression_class_weight_balanced,logistic_regression,C,90/10,5,random_flip_20,test,80/20,test,10,True,6790,190,13.125288823008304,105,21,84,0.65714285714285714,0.44642857142857145,0.10526315789473684,0.095238095238095233,0.10000000000000001,-0.11132340659894102,67,17,19,2,0.40079365079365087,0.17206435668393444,0.15925391121220164
logreg_balanced_ratio_preserved_noise_mcc_selected_true_pr_auc_v1,logistic_regression_class_weight_balanced,logistic_regression,C,90/10,5,random_flip_20,test,90/10,test,10,True,6790,190,13.405975102999946,210,21,189,0.77142857142857146,0.47089947089947087,0.064516129032258063,0.095238095238095233,0.076923076923076927,-0.049222545379011384,160,29,19,2,0.45452254976064499,0.096557755971236434,0.088222316053358452
logreg_balanced_ratio_preserved_noise_mcc_selected_true_pr_auc_v1,logistic_regression_class_weight_balanced,logistic_regression,C,90/10,5,random_fp_10,validation_selected_reproduction,90/10,valid,0.10000000000000001,True,13580,190,18.877113085996825,190,19,171,0.75263157894736843,0.76900584795321636,0.25862068965517243,0.78947368421052633,0.38961038961038963,0.35048191267657908,128,43,4,15,0.89381348107109881,0.4719940370182541,0.45335127196811614
logreg_balanced_ratio_preserved_noise_mcc_selected_true_pr_auc_v1,logistic_regression_class_weight_balanced,logistic_regression,C,90/10,5,random_fp_10,test,50/50,test,0.10000000000000001,True,13580,190,18.962906708999071,42,21,21,0.76190476190476186,0.76190476190476186,0.73913043478260865,0.80952380952380953,0.77272727272727271,0.52620136055843392,15,6,4,17,0.8458049886621315,0.83766966632623419,0.8310896081406538
logreg_balanced_ratio_preserved_noise_mcc_selected_true_pr_auc_v1,logistic_regression_class_weight_balanced,logistic_regression,C,90/10,5,random_fp_10,test,60/40,test,0.10000000000000001,True,13580,190,19.052429117000429,53,21,32,0.79245283018867929,0.79538690476190477,0.70833333333333337,0.80952380952380953,0.75555555555555554,0.58049869858001624,25,7,4,17,0.8482142857142857,0.76771626062761866,0.75440925407809245
logreg_balanced_ratio_preserved_noise_mcc_selected_true_pr_auc_v1,logistic_regression_class_weight_balanced,logistic_regression,C,90/10,5,random_fp_10,test,70/30,test,0.10000000000000001,True,13580,190,19.147759376995964,70,21,49,0.81428571428571428,0.81292517006802723,0.65384615384615385,0.80952380952380953,0.72340425531914898,0.59356074020638561,40,9,4,17,0.86005830903790093,0.75919844131516512,0.75133655879968364
logreg_balanced_ratio_preserved_noise_mcc_selected_true_pr_auc_v1,logistic_regression_class_weight_balanced,logistic_regression,C,90/10,5,random_fp_10,test,75/25,test,0.10000000000000001,True,13580,190,19.24172213600832,84,21,63,0.84523809523809523,0.83333333333333326,0.65384615384615385,0.80952380952380953,0.72340425531914898,0.62443608512255522,54,9,4,17,0.8873771730914588,0.71180557024313118,0.69679891884946943
logreg_balanced_ratio_preserved_noise_mcc_selected_true_pr_auc_v1,logistic_regression_class_weight_balanced,logistic_regression,C,90/10,5,random_fp_10,test,80/20,test,0.10000000000000001,True,13580,190,19.39686220799922,105,21,84,0.75238095238095237,0.77380952380952384,0.4358974358974359,0.80952380952380953,0.56666666666666665,0.45333950359163006,62,22,4,17,0.84693877551020402,0.59067387378762914,0.56305720778558555
logreg_balanced_ratio_preserved_noise_mcc_selected_true_pr_auc_v1,logistic_regression_class_weight_balanced,logistic_regression,C,90/10,5,random_fp_10,test,90/10,test,0.10000000000000001,True,13580,190,19.671269515005406,210,21,189,0.75714285714285712,0.78042328042328046,0.265625,0.80952380952380953,0.40000000000000002,0.3655259341327125,142,47,4,17,0.86495338876291261,0.56057779864125123,0.55056542930217434
logreg_balanced_ratio_preserved_noise_mcc_selected_true_pr_auc_v1,logistic_regression_class_weight_balanced,logistic_regression,C,90/10,5,random_fp_20,validation_selected_reproduction,90/10,valid,1,True,20370,190,26.87125111601199,190,19,171,0.73684210526315785,0.76023391812865504,0.24590163934426229,0.78947368421052633,0.375,0.3344328880407359,125,46,4,15,0.83810403200984918,0.37832322230572474,0.34733809829551204
logreg_balanced_ratio_preserved_noise_mcc_selected_true_pr_auc_v1,logistic_regression_class_weight_balanced,logistic_regression,C,90/10,5,random_fp_20,test,50/50,test,1,True,20370,190,26.961709224997321,42,21,21,0.7857142857142857,0.7857142857142857,0.80000000000000004,0.76190476190476186,0.78048780487804881,0.57207755354735534,17,4,5,16,0.84126984126984117,0.87156929021148399,0.86849187210387502
logreg_balanced_ratio_preserved_noise_mcc_selected_true_pr_auc_v1,logistic_regression_class_weight_balanced,logistic_regression,C,90/10,5,random_fp_20,test,60/40,test,1,True,20370,190,27.050096527003916,53,21,32,0.79245283018867929,0.78720238095238093,0.72727272727272729,0.76190476190476186,0.7441860465116279,0.57017803220524033,26,6,5,16,0.82738095238095233,0.70676868480828903,0.68059542534421724
logreg_balanced_ratio_preserved_noise_mcc_selected_true_pr_auc_v1,logistic_regression_class_weight_balanced,logistic_regression,C,90/10,5,random_fp_20,test,70/30,test,1,True,20370,190,27.143231107009342,70,21,49,0.80000000000000004,0.78911564625850339,0.64000000000000001,0.76190476190476186,0.69565217391304346,0.55301004133750209,40,9,5,16,0.82993197278911557,0.7217469921516626,0.71444712097721164
logreg_balanced_ratio_preserved_noise_mcc_selected_true_pr_auc_v1,logistic_regression_class_weight_balanced,logistic_regression,C,90/10,5,random_fp_20,test,75/25,test,1,True,20370,190,27.250813046994153,84,21,63,0.7857142857142857,0.77777777777777768,0.55172413793103448,0.76190476190476186,0.64000000000000001,0.50597268647293137,50,13,5,16,0.81708238851095982,0.68845958889474845,0.68263166613616488
logreg_balanced_ratio_preserved_noise_mcc_selected_true_pr_auc_v1,logistic_regression_class_weight_balanced,logistic_regression,C,90/10,5,random_fp_20,test,80/20,test,1,True,20370,190,27.404716630000621,105,21,84,0.72380952380952379,0.73809523809523814,0.40000000000000002,0.76190476190476186,0.52459016393442626,0.39223227027636809,60,24,5,16,0.78287981859410427,0.50887547552641432,0.49553265412397351
logreg_balanced_ratio_preserved_noise_mcc_selected_true_pr_auc_v1,logistic_regression_class_weight_balanced,logistic_regression,C,90/10,5,random_fp_20,test,90/10,test,1,True,20370,190,27.672880784986774,210,21,189,0.82380952380952377,0.79629629629629628,0.33333333333333331,0.76190476190476186,0.46376811594202899,0.42336859751808015,157,32,5,16,0.83597883597883604,0.37537391460267994,0.346652481843924
logreg_balanced_ratio_preserved_noise_mcc_selected_true_pr_auc_v1,logistic_regression_class_weight_balanced,logistic_regression,C,90/10,5,heuristic_fp_10,validation_selected_reproduction,90/10,valid,1,True,13580,190,20.31331525198766,190,19,171,0.84736842105263155,0.82163742690058483,0.375,0.78947368421052633,0.50847457627118642,0.47336463120312877,146,25,4,15,0.86365035395506307,0.55907245681565265,0.54847195254791026
logreg_balanced_ratio_preserved_noise_mcc_selected_true_pr_auc_v1,logistic_regression_class_weight_balanced,logistic_regression,C,90/10,5,heuristic_fp_10,test,50/50,test,1,True,13580,190,20.393259101983858,42,21,21,0.90476190476190477,0.90476190476190477,0.90476190476190477,0.90476190476190477,0.90476190476190477,0.80952380952380953,19,2,2,19,0.92743764172335597,0.91484004263105723,0.91177730915357724
logreg_balanced_ratio_preserved_noise_mcc_selected_true_pr_auc_v1,logistic_regression_class_weight_balanced,logistic_regression,C,90/10,5,heuristic_fp_10,test,60/40,test,1,True,13580,190,20.475353710993659,53,21,32,0.84905660377358494,0.85863095238095233,0.76000000000000001,0.90476190476190477,0.82608695652173914,0.70277027144136417,26,6,2,19,0.91369047619047616,0.88241670031703001,0.87944625225919926
logreg_balanced_ratio_preserved_noise_mcc_selected_true_pr_auc_v1,logistic_regression_class_weight_balanced,logistic_regression,C,90/10,5,heuristic_fp_10,test,70/30,test,1,True,13580,190,20.566688919992885,70,21,49,0.88571428571428568,0.891156462585034,0.76000000000000001,0.90476190476190477,0.82608695652173914,0.74819005592720866,43,6,2,19,0.91836734693877542,0.82774900778189076,0.82237849655445783
logreg_balanced_ratio_preserved_noise_mcc_selected_true_pr_auc_v1,logistic_regression_class_weight_balanced,logistic_regression,C,90/10,5,heuristic_fp_10,test,75/25,test,1,True,13580,190,20.672657471994171,84,21,63,0.95238095238095233,0.93650793650793651,0.90476190476190477,0.90476190476190477,0.90476190476190477,0.87301587301587302,61,2,2,19,0.94104308390022673,0.76673555609154009,0.74081979317805324
logreg_balanced_ratio_preserved_noise_mcc_selected_true_pr_auc_v1,logistic_regression_class_weight_balanced,logistic_regression,C,90/10,5,heuristic_fp_10,test,80/20,test,1,True,13580,190,20.82324207999045,105,21,84,0.8666666666666667,0.88095238095238093,0.61290322580645162,0.90476190476190477,0.73076923076923073,0.66811815252745865,72,12,2,19,0.90646258503401356,0.71426014412967098,0.70589512746032557
logreg_balanced_ratio_preserved_noise_mcc_selected_true_pr_auc_v1,logistic_regression_class_weight_balanced,logistic_regression,C,90/10,5,heuristic_fp_10,test,90/10,test,1,True,13580,190,21.09496006599511,210,21,189,0.88095238095238093,0.89153439153439151,0.45238095238095238,0.90476190476190477,0.60317460317460314,0.58730158730158732,166,23,2,19,0.92290249433106575,0.58727918702949578,0.5709996534581665
logreg_balanced_ratio_preserved_noise_mcc_selected_true_pr_auc_v1,logistic_regression_class_weight_balanced,logistic_regression,C,90/10,5,heuristic_fp_20,validation_selected_reproduction,90/10,valid,10,True,20370,190,30.218496346002212,190,19,171,0.82105263157894737,0.80701754385964919,0.33333333333333331,0.78947368421052633,0.46875,0.43328912241312101,141,30,4,15,0.83225607879347485,0.5633400665248447,0.55348105126207081
logreg_balanced_ratio_preserved_noise_mcc_selected_true_pr_auc_v1,logistic_regression_class_weight_balanced,logistic_regression,C,90/10,5,heuristic_fp_20,test,50/50,test,10,True,20370,190,30.302446796995355,42,21,21,0.88095238095238093,0.88095238095238093,0.90000000000000002,0.8571428571428571,0.87804878048780488,0.7627700713964739,19,2,3,18,0.91383219954648531,0.89576708299398655,0.89136301667151496
logreg_balanced_ratio_preserved_noise_mcc_selected_true_pr_auc_v1,logistic_regression_class_weight_balanced,logistic_regression,C,90/10,5,heuristic_fp_20,test,60/40,test,10,True,20370,190,30.393762575986329,53,21,32,0.84905660377358494,0.8504464285714286,0.78260869565217395,0.8571428571428571,0.81818181818181823,0.69169036353429936,27,5,3,18,0.89136904761904756,0.85450701888311276,0.85060745290828188
logreg_balanced_ratio_preserved_noise_mcc_selected_true_pr_auc_v1,logistic_regression_class_weight_balanced,logistic_regression,C,90/10,5,heuristic_fp_20,test,70/30,test,10,True,20370,190,30.49100842999178,70,21,49,0.82857142857142863,0.83673469387755106,0.66666666666666663,0.8571428571428571,0.75,0.63402945947465839,40,9,3,18,0.9008746355685131,0.83632577300370525,0.83139865972345306
logreg_balanced_ratio_preserved_noise_mcc_selected_true_pr_auc_v1,logistic_regression_class_weight_balanced,logistic_regression,C,90/10,5,heuristic_fp_20,test,75/25,test,10,True,20370,190,30.590877454000292,84,21,63,0.90476190476190477,0.88888888888888884,0.78260869565217395,0.8571428571428571,0.81818181818181823,0.75527762184093239,58,5,3,18,0.89417989417989419,0.701006910468015,0.68548657821113568
logreg_balanced_ratio_preserved_noise_mcc_selected_true_pr_auc_v1,logistic_regression_class_weight_balanced,logistic_regression,C,90/10,5,heuristic_fp_20,test,80/20,test,10,True,20370,190,30.744284026004607,105,21,84,0.88571428571428568,0.875,0.66666666666666663,0.8571428571428571,0.75,0.6864064729836441,75,9,3,18,0.89115646258503389,0.67139624278667154,0.65943164661956333
logreg_balanced_ratio_preserved_noise_mcc_selected_true_pr_auc_v1,logistic_regression_class_weight_balanced,logistic_regression,C,90/10,5,heuristic_fp_20,test,90/10,test,10,True,20370,190,31.027339090011083,210,21,189,0.87142857142857144,0.86507936507936511,0.42857142857142855,0.8571428571428571,0.5714285714285714,0.54761904761904767,165,24,3,18,0.88964474678760408,0.44406972432193009,0.41481001196464362
