run_name,model,model_family,hyperparameter_name,train_ratio,seed,condition,stage,eval_ratio,split,C,selected_hyperparams,train_rows,valid_rows,elapsed_seconds,n_rows,positive_rows,benign_rows,accuracy,balanced_accuracy,precision,recall,f1,mcc,tn,fp,fn,tp,roc_auc,average_precision,pr_auc
random_forest_balanced_ratio_preserved_noise_mcc_selected_true_pr_auc_v1,random_forest_class_weight_balanced,random_forest,min_samples_leaf,60/40,1,clean,validation_selected_reproduction,60/40,valid,1,True,1698,48,4.6113055089954287,48,19,29,0.91666666666666663,0.92196007259528123,0.8571428571428571,0.94736842105263153,0.90000000000000002,0.83192777497528536,26,3,1,18,0.92831215970961878,0.86785981037773419,0.86212835438907143
random_forest_balanced_ratio_preserved_noise_mcc_selected_true_pr_auc_v1,random_forest_class_weight_balanced,random_forest,min_samples_leaf,60/40,1,clean,test,50/50,test,1,True,1698,48,4.700513122981647,42,21,21,0.83333333333333337,0.83333333333333326,0.84999999999999998,0.80952380952380953,0.82926829268292679,0.66742381247191462,18,3,4,17,0.9024943310657596,0.91907060308949462,0.91823281018140412
random_forest_balanced_ratio_preserved_noise_mcc_selected_true_pr_auc_v1,random_forest_class_weight_balanced,random_forest,min_samples_leaf,60/40,1,clean,test,60/40,test,1,True,1698,48,4.797200641973177,53,21,32,0.86792452830188682,0.85788690476190477,0.84999999999999998,0.80952380952380953,0.82926829268292679,0.7222515325942731,29,3,4,17,0.9129464285714286,0.90270026139110637,0.90237275503750536
random_forest_balanced_ratio_preserved_noise_mcc_selected_true_pr_auc_v1,random_forest_class_weight_balanced,random_forest,min_samples_leaf,60/40,1,clean,test,70/30,test,1,True,1698,48,4.9016066529729869,70,21,49,0.8571428571428571,0.84353741496598644,0.73913043478260865,0.80952380952380953,0.77272727272727271,0.67034577955304098,43,6,4,17,0.93245869776482027,0.87379363762168638,0.87602838030483654
random_forest_balanced_ratio_preserved_noise_mcc_selected_true_pr_auc_v1,random_forest_class_weight_balanced,random_forest,min_samples_leaf,60/40,1,clean,test,75/25,test,1,True,1698,48,5.0098374429799151,84,21,63,0.8571428571428571,0.84126984126984128,0.68000000000000005,0.80952380952380953,0.73913043478260865,0.64641558408243283,55,8,4,17,0.93877551020408168,0.86831761040407685,0.86798054817097015
random_forest_balanced_ratio_preserved_noise_mcc_selected_true_pr_auc_v1,random_forest_class_weight_balanced,random_forest,min_samples_leaf,60/40,1,clean,test,80/20,test,1,True,1698,48,5.1448260009929072,105,21,84,0.84761904761904761,0.83333333333333326,0.58620689655172409,0.80952380952380953,0.68000000000000005,0.59642005197922698,72,12,4,17,0.92063492063492058,0.8208772689319308,0.82040113958277616
random_forest_balanced_ratio_preserved_noise_mcc_selected_true_pr_auc_v1,random_forest_class_weight_balanced,random_forest,min_samples_leaf,60/40,1,clean,test,90/10,test,1,True,1698,48,5.3724054119957145,210,21,189,0.79047619047619044,0.79894179894179895,0.2982456140350877,0.80952380952380953,0.4358974358974359,0.40334255544980896,149,40,4,17,0.91017888636936251,0.70093433309380626,0.69790477393169359
random_forest_balanced_ratio_preserved_noise_mcc_selected_true_pr_auc_v1,random_forest_class_weight_balanced,random_forest,min_samples_leaf,60/40,1,random_flip_10,validation_selected_reproduction,60/40,valid,5,True,1698,48,4.8263620870129671,48,19,29,0.8125,0.79945553539019953,0.77777777777777779,0.73684210526315785,0.7567567567567568,0.60498033845849486,25,4,5,14,0.89292196007259528,0.7644256483877705,0.7481985498545336
random_forest_balanced_ratio_preserved_noise_mcc_selected_true_pr_auc_v1,random_forest_class_weight_balanced,random_forest,min_samples_leaf,60/40,1,random_flip_10,test,50/50,test,5,True,1698,48,4.9155985910037998,42,21,21,0.7857142857142857,0.7857142857142857,0.83333333333333337,0.7142857142857143,0.76923076923076927,0.57735026918962573,18,3,6,15,0.87074829931972786,0.88881824683977517,0.8861737054282397
random_forest_balanced_ratio_preserved_noise_mcc_selected_true_pr_auc_v1,random_forest_class_weight_balanced,random_forest,min_samples_leaf,60/40,1,random_flip_10,test,60/40,test,5,True,1698,48,5.0155824079993181,53,21,32,0.75471698113207553,0.74776785714285721,0.68181818181818177,0.7142857142857143,0.69767441860465118,0.49188933866410628,25,7,6,15,0.86160714285714279,0.8380083526512101,0.83455127172109878
random_forest_balanced_ratio_preserved_noise_mcc_selected_true_pr_auc_v1,random_forest_class_weight_balanced,random_forest,min_samples_leaf,60/40,1,random_flip_10,test,70/30,test,5,True,1698,48,5.1242892790178303,70,21,49,0.81428571428571428,0.7857142857142857,0.68181818181818177,0.7142857142857143,0.69767441860465118,0.56407607481776623,42,7,6,15,0.91642371234207964,0.85204004837014025,0.84893607679491012
random_forest_balanced_ratio_preserved_noise_mcc_selected_true_pr_auc_v1,random_forest_class_weight_balanced,random_forest,min_samples_leaf,60/40,1,random_flip_10,test,75/25,test,5,True,1698,48,5.2378919960174244,84,21,63,0.84523809523809523,0.80158730158730163,0.68181818181818177,0.7142857142857143,0.69767441860465118,0.59404012950668628,56,7,6,15,0.92214663643235073,0.82725934609058993,0.82363534986912024
random_forest_balanced_ratio_preserved_noise_mcc_selected_true_pr_auc_v1,random_forest_class_weight_balanced,random_forest,min_samples_leaf,60/40,1,random_flip_10,test,80/20,test,5,True,1698,48,5.382130990998121,105,21,84,0.80952380952380953,0.77380952380952384,0.51724137931034486,0.7142857142857143,0.59999999999999998,0.48991647126865073,70,14,6,15,0.88775510204081631,0.72435173509453232,0.71921042777253286
random_forest_balanced_ratio_preserved_noise_mcc_selected_true_pr_auc_v1,random_forest_class_weight_balanced,random_forest,min_samples_leaf,60/40,1,random_flip_10,test,90/10,test,5,True,1698,48,5.6221070130122826,210,21,189,0.79523809523809519,0.7592592592592593,0.28846153846153844,0.7142857142857143,0.41095890410958902,0.36039155500656173,152,37,6,15,0.87742504409171074,0.56671381913444974,0.55971784848277795
random_forest_balanced_ratio_preserved_noise_mcc_selected_true_pr_auc_v1,random_forest_class_weight_balanced,random_forest,min_samples_leaf,60/40,1,random_flip_20,validation_selected_reproduction,60/40,valid,5,True,1698,48,4.8240114410000388,48,19,29,0.75,0.72050816696914699,0.73333333333333328,0.57894736842105265,0.6470588235294118,0.4652944525455982,25,4,8,11,0.82032667876588017,0.6862947736056173,0.66872305003149946
random_forest_balanced_ratio_preserved_noise_mcc_selected_true_pr_auc_v1,random_forest_class_weight_balanced,random_forest,min_samples_leaf,60/40,1,random_flip_20,test,50/50,test,5,True,1698,48,4.9133381680003367,42,21,21,0.76190476190476186,0.76190476190476186,0.82352941176470584,0.66666666666666663,0.73684210526315785,0.53357837507993255,18,3,7,14,0.87528344671201808,0.89535281414268408,0.89303277704408024
random_forest_balanced_ratio_preserved_noise_mcc_selected_true_pr_auc_v1,random_forest_class_weight_balanced,random_forest,min_samples_leaf,60/40,1,random_flip_20,test,60/40,test,5,True,1698,48,5.0756360569794197,53,21,32,0.77358490566037741,0.75520833333333326,0.73684210526315785,0.66666666666666663,0.69999999999999996,0.52058688699807332,27,5,7,14,0.89583333333333326,0.86792654534251201,0.8648235128721149
random_forest_balanced_ratio_preserved_noise_mcc_selected_true_pr_auc_v1,random_forest_class_weight_balanced,random_forest,min_samples_leaf,60/40,1,random_flip_20,test,70/30,test,5,True,1698,48,5.177045766991796,70,21,49,0.82857142857142863,0.78231292517006801,0.73684210526315785,0.66666666666666663,0.69999999999999996,0.58184399500009165,44,5,7,14,0.90962099125364415,0.83707173322108863,0.8333328409078693
random_forest_balanced_ratio_preserved_noise_mcc_selected_true_pr_auc_v1,random_forest_class_weight_balanced,random_forest,min_samples_leaf,60/40,1,random_flip_20,test,75/25,test,5,True,1698,48,5.2869810479751322,84,21,63,0.84523809523809523,0.7857142857142857,0.69999999999999996,0.66666666666666663,0.68292682926829273,0.58094750193111255,57,6,7,14,0.92063492063492069,0.82842865566593016,0.82492176157952457
random_forest_balanced_ratio_preserved_noise_mcc_selected_true_pr_auc_v1,random_forest_class_weight_balanced,random_forest,min_samples_leaf,60/40,1,random_flip_20,test,80/20,test,5,True,1698,48,5.4202962169947568,105,21,84,0.78095238095238095,0.73809523809523814,0.46666666666666667,0.66666666666666663,0.5490196078431373,0.4216370213557839,68,16,7,14,0.88718820861678005,0.74874533544595812,0.74457931004446287
random_forest_balanced_ratio_preserved_noise_mcc_selected_true_pr_auc_v1,random_forest_class_weight_balanced,random_forest,min_samples_leaf,60/40,1,random_flip_20,test,90/10,test,5,True,1698,48,5.6728725149878301,210,21,189,0.80000000000000004,0.7407407407407407,0.2857142857142857,0.66666666666666663,0.40000000000000002,0.34151450937027694,154,35,7,14,0.88321995464852621,0.5944367352977753,0.58932328558421521
random_forest_balanced_ratio_preserved_noise_mcc_selected_true_pr_auc_v1,random_forest_class_weight_balanced,random_forest,min_samples_leaf,60/40,1,random_fp_10,validation_selected_reproduction,60/40,valid,5,True,2124,48,5.3801978759875055,48,19,29,0.89583333333333337,0.9137931034482758,0.79166666666666663,1,0.88372093023255816,0.80942721340037949,24,5,0,19,0.925589836660617,0.84833331595602135,0.84083715330057895
random_forest_balanced_ratio_preserved_noise_mcc_selected_true_pr_auc_v1,random_forest_class_weight_balanced,random_forest,min_samples_leaf,60/40,1,random_fp_10,test,50/50,test,5,True,2124,48,5.4690355009806808,42,21,21,0.7857142857142857,0.7857142857142857,0.80000000000000004,0.76190476190476186,0.78048780487804881,0.57207755354735534,17,4,5,16,0.86621315192743764,0.89887831752496972,0.89680039736352324
random_forest_balanced_ratio_preserved_noise_mcc_selected_true_pr_auc_v1,random_forest_class_weight_balanced,random_forest,min_samples_leaf,60/40,1,random_fp_10,test,60/40,test,5,True,2124,48,5.561527951998869,53,21,32,0.77358490566037741,0.77157738095238093,0.69565217391304346,0.76190476190476186,0.72727272727272729,0.53602331781320434,25,7,5,16,0.86458333333333337,0.86350048034922011,0.860987032869591
random_forest_balanced_ratio_preserved_noise_mcc_selected_true_pr_auc_v1,random_forest_class_weight_balanced,random_forest,min_samples_leaf,60/40,1,random_fp_10,test,70/30,test,5,True,2124,48,5.6597241059935186,70,21,49,0.81428571428571428,0.79931972789115646,0.66666666666666663,0.76190476190476186,0.71111111111111114,0.57794763124200721,41,8,5,16,0.90281827016520888,0.85006887906379314,0.84726555437464923
random_forest_balanced_ratio_preserved_noise_mcc_selected_true_pr_auc_v1,random_forest_class_weight_balanced,random_forest,min_samples_leaf,60/40,1,random_fp_10,test,75/25,test,5,True,2124,48,5.7792938429920468,84,21,63,0.83333333333333337,0.80952380952380953,0.64000000000000001,0.76190476190476186,0.69565217391304346,0.58628390184220658,54,9,5,16,0.9062736205593348,0.82769317775686302,0.8246719068990076
random_forest_balanced_ratio_preserved_noise_mcc_selected_true_pr_auc_v1,random_forest_class_weight_balanced,random_forest,min_samples_leaf,60/40,1,random_fp_10,test,80/20,test,5,True,2124,48,5.926554228994064,105,21,84,0.75238095238095237,0.75595238095238093,0.43243243243243246,0.76190476190476186,0.55172413793103448,0.42863056977053376,63,21,5,16,0.8781179138321995,0.73801058049893808,0.73300951812814819
random_forest_balanced_ratio_preserved_noise_mcc_selected_true_pr_auc_v1,random_forest_class_weight_balanced,random_forest,min_samples_leaf,60/40,1,random_fp_10,test,90/10,test,5,True,2124,48,6.1755228819965851,210,21,189,0.77619047619047621,0.76984126984126977,0.27586206896551724,0.76190476190476186,0.4050632911392405,0.36211217441595922,147,42,5,16,0.87843285462333087,0.64580359948619881,0.64250934093181455
random_forest_balanced_ratio_preserved_noise_mcc_selected_true_pr_auc_v1,random_forest_class_weight_balanced,random_forest,min_samples_leaf,60/40,1,random_fp_20,validation_selected_reproduction,60/40,valid,5,True,2549,48,5.6510789930180181,48,19,29,0.83333333333333337,0.84392014519056269,0.73913043478260865,0.89473684210526316,0.80952380952380953,0.67333236195797608,23,6,2,17,0.9147005444646098,0.8207574451692099,0.81042048906681474
random_forest_balanced_ratio_preserved_noise_mcc_selected_true_pr_auc_v1,random_forest_class_weight_balanced,random_forest,min_samples_leaf,60/40,1,random_fp_20,test,50/50,test,5,True,2549,48,5.7346200640022289,42,21,21,0.76190476190476186,0.76190476190476186,0.76190476190476186,0.76190476190476186,0.76190476190476186,0.52380952380952384,16,5,5,16,0.83900226757369611,0.88011139352244139,0.87776249543050922
random_forest_balanced_ratio_preserved_noise_mcc_selected_true_pr_auc_v1,random_forest_class_weight_balanced,random_forest,min_samples_leaf,60/40,1,random_fp_20,test,60/40,test,5,True,2549,48,5.8303930819965899,53,21,32,0.79245283018867929,0.78720238095238093,0.72727272727272729,0.76190476190476186,0.7441860465116279,0.57017803220524033,26,6,5,16,0.8705357142857143,0.86223290327553026,0.85962733932051116
random_forest_balanced_ratio_preserved_noise_mcc_selected_true_pr_auc_v1,random_forest_class_weight_balanced,random_forest,min_samples_leaf,60/40,1,random_fp_20,test,70/30,test,5,True,2549,48,5.9319971170043573,70,21,49,0.82857142857142863,0.80952380952380953,0.69565217391304346,0.76190476190476186,0.72727272727272729,0.60397491029036365,42,7,5,16,0.88532555879494657,0.78464310349689059,0.77748944056540248
random_forest_balanced_ratio_preserved_noise_mcc_selected_true_pr_auc_v1,random_forest_class_weight_balanced,random_forest,min_samples_leaf,60/40,1,random_fp_20,test,75/25,test,5,True,2549,48,6.0399668810132425,84,21,63,0.83333333333333337,0.80952380952380953,0.64000000000000001,0.76190476190476186,0.69565217391304346,0.58628390184220658,54,9,5,16,0.90476190476190477,0.81633580882666834,0.81301972098875352
random_forest_balanced_ratio_preserved_noise_mcc_selected_true_pr_auc_v1,random_forest_class_weight_balanced,random_forest,min_samples_leaf,60/40,1,random_fp_20,test,80/20,test,5,True,2549,48,6.1969234450079966,105,21,84,0.77142857142857146,0.76785714285714279,0.45714285714285713,0.76190476190476186,0.5714285714285714,0.45456864504849487,65,19,5,16,0.85997732426303863,0.62838650018933717,0.61318540256096932
random_forest_balanced_ratio_preserved_noise_mcc_selected_true_pr_auc_v1,random_forest_class_weight_balanced,random_forest,min_samples_leaf,60/40,1,random_fp_20,test,90/10,test,5,True,2549,48,6.4201415540010203,210,21,189,0.79523809523809519,0.78042328042328046,0.29629629629629628,0.76190476190476186,0.42666666666666669,0.38496870971569458,151,38,5,16,0.86407155454774509,0.57009373848692035,0.56270509826550719
random_forest_balanced_ratio_preserved_noise_mcc_selected_true_pr_auc_v1,random_forest_class_weight_balanced,random_forest,min_samples_leaf,60/40,1,heuristic_fp_10,validation_selected_reproduction,60/40,valid,2,True,2124,48,5.1205197410017718,48,19,29,0.85416666666666663,0.87023593466424676,0.75,0.94736842105263153,0.83720930232558144,0.72422434883191855,23,6,1,18,0.91651542649727769,0.85192580524666806,0.84502578736127598
random_forest_balanced_ratio_preserved_noise_mcc_selected_true_pr_auc_v1,random_forest_class_weight_balanced,random_forest,min_samples_leaf,60/40,1,heuristic_fp_10,test,50/50,test,2,True,2124,48,5.2129817310196813,42,21,21,0.88095238095238093,0.88095238095238093,0.83333333333333337,0.95238095238095233,0.88888888888888884,0.76980035891950105,17,4,1,20,0.92970521541950113,0.93334314366112792,0.93164082573579265
random_forest_balanced_ratio_preserved_noise_mcc_selected_true_pr_auc_v1,random_forest_class_weight_balanced,random_forest,min_samples_leaf,60/40,1,heuristic_fp_10,test,60/40,test,2,True,2124,48,5.3097433620132506,53,21,32,0.84905660377358494,0.86681547619047616,0.7407407407407407,0.95238095238095233,0.83333333333333337,0.71778392292209126,25,7,1,20,0.9375,0.90719180105145036,0.90475004177599505
random_forest_balanced_ratio_preserved_noise_mcc_selected_true_pr_auc_v1,random_forest_class_weight_balanced,random_forest,min_samples_leaf,60/40,1,heuristic_fp_10,test,70/30,test,2,True,2124,48,5.4211884280084632,70,21,49,0.88571428571428568,0.90476190476190466,0.7407407407407407,0.95238095238095233,0.83333333333333337,0.76211621896448845,42,7,1,20,0.93877551020408156,0.84447264036820369,0.83928124381410241
random_forest_balanced_ratio_preserved_noise_mcc_selected_true_pr_auc_v1,random_forest_class_weight_balanced,random_forest,min_samples_leaf,60/40,1,heuristic_fp_10,test,75/25,test,2,True,2124,48,5.5253521029953845,84,21,63,0.86904761904761907,0.89682539682539675,0.66666666666666663,0.95238095238095233,0.78431372549019607,0.71721913818655869,53,10,1,20,0.95767195767195767,0.89272506679590968,0.89018389965846922
random_forest_balanced_ratio_preserved_noise_mcc_selected_true_pr_auc_v1,random_forest_class_weight_balanced,random_forest,min_samples_leaf,60/40,1,heuristic_fp_10,test,80/20,test,2,True,2124,48,5.6552685119968373,105,21,84,0.84761904761904761,0.88690476190476186,0.5714285714285714,0.95238095238095233,0.7142857142857143,0.65659915395893698,69,15,1,20,0.93140589569161003,0.73378834664425818,0.71976639748709448
random_forest_balanced_ratio_preserved_noise_mcc_selected_true_pr_auc_v1,random_forest_class_weight_balanced,random_forest,min_samples_leaf,60/40,1,heuristic_fp_10,test,90/10,test,2,True,2124,48,5.8879470929969102,210,21,189,0.80476190476190479,0.87037037037037035,0.33333333333333331,0.95238095238095233,0.49382716049382713,0.49190985824841454,149,40,1,20,0.92756361803980858,0.65563815626918576,0.6529458360356748
random_forest_balanced_ratio_preserved_noise_mcc_selected_true_pr_auc_v1,random_forest_class_weight_balanced,random_forest,min_samples_leaf,60/40,1,heuristic_fp_20,validation_selected_reproduction,60/40,valid,1,True,2549,48,5.8090103800059296,48,19,29,0.875,0.88747731397459162,0.78260869565217395,0.94736842105263153,0.8571428571428571,0.75860928378906534,24,5,1,18,0.91197822141560791,0.85584662601418082,0.85449712200818451
random_forest_balanced_ratio_preserved_noise_mcc_selected_true_pr_auc_v1,random_forest_class_weight_balanced,random_forest,min_samples_leaf,60/40,1,heuristic_fp_20,test,50/50,test,1,True,2549,48,5.9131138939992525,42,21,21,0.80952380952380953,0.80952380952380953,0.78260869565217395,0.8571428571428571,0.81818181818181823,0.6218743352054219,16,5,3,18,0.90476190476190488,0.9142349595018513,0.91326597737672199
random_forest_balanced_ratio_preserved_noise_mcc_selected_true_pr_auc_v1,random_forest_class_weight_balanced,random_forest,min_samples_leaf,60/40,1,heuristic_fp_20,test,60/40,test,1,True,2549,48,6.0129209859878756,53,21,32,0.81132075471698117,0.8191964285714286,0.71999999999999997,0.8571428571428571,0.78260869565217395,0.62549470217499015,25,7,3,18,0.93377976190476186,0.91403228640384038,0.9126505734622532
random_forest_balanced_ratio_preserved_noise_mcc_selected_true_pr_auc_v1,random_forest_class_weight_balanced,random_forest,min_samples_leaf,60/40,1,heuristic_fp_20,test,70/30,test,1,True,2549,48,6.1121797559899278,70,21,49,0.8571428571428571,0.8571428571428571,0.71999999999999997,0.8571428571428571,0.78260869565217395,0.68313005106397318,42,7,3,18,0.94314868804664731,0.87338167901193109,0.87459008901619795
random_forest_balanced_ratio_preserved_noise_mcc_selected_true_pr_auc_v1,random_forest_class_weight_balanced,random_forest,min_samples_leaf,60/40,1,heuristic_fp_20,test,75/25,test,1,True,2549,48,6.2399142640060745,84,21,63,0.80952380952380953,0.82539682539682535,0.58064516129032262,0.8571428571428571,0.69230769230769229,0.5839887052604521,50,13,3,18,0.93801965230536666,0.86116311081918284,0.86093486162476829
random_forest_balanced_ratio_preserved_noise_mcc_selected_true_pr_auc_v1,random_forest_class_weight_balanced,random_forest,min_samples_leaf,60/40,1,heuristic_fp_20,test,80/20,test,1,True,2549,48,6.3891550870030187,105,21,84,0.77142857142857146,0.8035714285714286,0.46153846153846156,0.8571428571428571,0.59999999999999998,0.50261553659072022,63,21,3,18,0.90504535147392284,0.67975957405912324,0.65299989636450895
random_forest_balanced_ratio_preserved_noise_mcc_selected_true_pr_auc_v1,random_forest_class_weight_balanced,random_forest,min_samples_leaf,60/40,1,heuristic_fp_20,test,90/10,test,1,True,2549,48,6.6494900569960009,210,21,189,0.79047619047619044,0.82010582010582,0.30508474576271188,0.8571428571428571,0.45000000000000001,0.42731647397192735,148,41,3,18,0.91887125220458554,0.68747252447629337,0.69227325188925937
random_forest_balanced_ratio_preserved_noise_mcc_selected_true_pr_auc_v1,random_forest_class_weight_balanced,random_forest,min_samples_leaf,60/40,2,clean,validation_selected_reproduction,60/40,valid,5,True,1698,48,4.7393526950036176,48,19,29,0.875,0.86932849364791287,0.84210526315789469,0.84210526315789469,0.84210526315789469,0.73865698729582574,26,3,3,16,0.95281306715063518,0.9395778645990871,0.93803959288766536
random_forest_balanced_ratio_preserved_noise_mcc_selected_true_pr_auc_v1,random_forest_class_weight_balanced,random_forest,min_samples_leaf,60/40,2,clean,test,50/50,test,5,True,1698,48,4.8611700040055439,42,21,21,0.7857142857142857,0.7857142857142857,0.80000000000000004,0.76190476190476186,0.78048780487804881,0.57207755354735534,17,4,5,16,0.88888888888888884,0.89164643155326395,0.8887371669222679
random_forest_balanced_ratio_preserved_noise_mcc_selected_true_pr_auc_v1,random_forest_class_weight_balanced,random_forest,min_samples_leaf,60/40,2,clean,test,60/40,test,5,True,1698,48,4.9657473690167535,53,21,32,0.77358490566037741,0.77157738095238093,0.69565217391304346,0.76190476190476186,0.72727272727272729,0.53602331781320434,25,7,5,16,0.88244047619047628,0.85135566126741646,0.84800459237833392
random_forest_balanced_ratio_preserved_noise_mcc_selected_true_pr_auc_v1,random_forest_class_weight_balanced,random_forest,min_samples_leaf,60/40,2,clean,test,70/30,test,5,True,1698,48,5.1040704949991778,70,21,49,0.77142857142857146,0.76870748299319724,0.59259259259259256,0.76190476190476186,0.66666666666666663,0.50594269998482844,38,11,5,16,0.84839650145772594,0.64157311922956994,0.61350855523372883
random_forest_balanced_ratio_preserved_noise_mcc_selected_true_pr_auc_v1,random_forest_class_weight_balanced,random_forest,min_samples_leaf,60/40,2,clean,test,75/25,test,5,True,1698,48,5.2369792940153275,84,21,63,0.75,0.75396825396825395,0.5,0.76190476190476186,0.60377358490566035,0.45291081365783825,47,16,5,16,0.86243386243386244,0.75642574986590705,0.75221336624615942
random_forest_balanced_ratio_preserved_noise_mcc_selected_true_pr_auc_v1,random_forest_class_weight_balanced,random_forest,min_samples_leaf,60/40,2,clean,test,80/20,test,5,True,1698,48,5.3698252419999335,105,21,84,0.80000000000000004,0.7857142857142857,0.5,0.76190476190476186,0.60377358490566035,0.49656353316142077,68,16,5,16,0.8962585034013606,0.75267741049195513,0.74818362733595656
random_forest_balanced_ratio_preserved_noise_mcc_selected_true_pr_auc_v1,random_forest_class_weight_balanced,random_forest,min_samples_leaf,60/40,2,clean,test,90/10,test,5,True,1698,48,5.585805871989578,210,21,189,0.81904761904761902,0.79365079365079361,0.32653061224489793,0.76190476190476186,0.45714285714285713,0.41657264329781035,156,33,5,16,0.88687326782564879,0.5684063533809971,0.55732714684454399
random_forest_balanced_ratio_preserved_noise_mcc_selected_true_pr_auc_v1,random_forest_class_weight_balanced,random_forest,min_samples_leaf,60/40,2,random_flip_10,validation_selected_reproduction,60/40,valid,1,True,1698,48,4.6072465839970391,48,19,29,0.89583333333333337,0.88656987295825762,0.88888888888888884,0.84210526315789469,0.86486486486486491,0.78097461873732976,27,2,3,16,0.93194192377495455,0.93393597512874016,0.93274563634317986
random_forest_balanced_ratio_preserved_noise_mcc_selected_true_pr_auc_v1,random_forest_class_weight_balanced,random_forest,min_samples_leaf,60/40,2,random_flip_10,test,50/50,test,1,True,1698,48,4.7316657039918937,42,21,21,0.7142857142857143,0.7142857142857143,0.84615384615384615,0.52380952380952384,0.6470588235294118,0.4635235823621443,19,2,10,11,0.86734693877551017,0.87766040677986501,0.87840861439691498
random_forest_balanced_ratio_preserved_noise_mcc_selected_true_pr_auc_v1,random_forest_class_weight_balanced,random_forest,min_samples_leaf,60/40,2,random_flip_10,test,60/40,test,1,True,1698,48,4.8274360719951801,53,21,32,0.71698113207547165,0.68377976190476186,0.6875,0.52380952380952384,0.59459459459459463,0.39160791715520227,27,5,10,11,0.84300595238095233,0.79451647830849548,0.7923136309126757
random_forest_balanced_ratio_preserved_noise_mcc_selected_true_pr_auc_v1,random_forest_class_weight_balanced,random_forest,min_samples_leaf,60/40,2,random_flip_10,test,70/30,test,1,True,1698,48,4.9578054919838905,70,21,49,0.74285714285714288,0.6802721088435375,0.57894736842105265,0.52380952380952384,0.55000000000000004,0.37153893656632359,41,8,10,11,0.83333333333333337,0.66942258667852905,0.67234456876368021
random_forest_balanced_ratio_preserved_noise_mcc_selected_true_pr_auc_v1,random_forest_class_weight_balanced,random_forest,min_samples_leaf,60/40,2,random_flip_10,test,75/25,test,1,True,1698,48,5.0801176929962821,84,21,63,0.7142857142857143,0.65079365079365081,0.44,0.52380952380952384,0.47826086956521741,0.28562549064107501,49,14,10,11,0.79856386999244144,0.61572611925122511,0.61645547416036206
random_forest_balanced_ratio_preserved_noise_mcc_selected_true_pr_auc_v1,random_forest_class_weight_balanced,random_forest,min_samples_leaf,60/40,2,random_flip_10,test,80/20,test,1,True,1698,48,5.2002772429841571,105,21,84,0.82857142857142863,0.7142857142857143,0.57894736842105265,0.52380952380952384,0.55000000000000004,0.44529362639576409,76,8,10,11,0.86933106575963714,0.67417778940037931,0.67599765116331545
random_forest_balanced_ratio_preserved_noise_mcc_selected_true_pr_auc_v1,random_forest_class_weight_balanced,random_forest,min_samples_leaf,60/40,2,random_flip_10,test,90/10,test,1,True,1698,48,5.4061320839973632,210,21,189,0.81904761904761902,0.6878306878306879,0.28205128205128205,0.52380952380952384,0.36666666666666664,0.28980557469064333,161,28,10,11,0.83736457545981358,0.47343931719138571,0.47143566048623214
random_forest_balanced_ratio_preserved_noise_mcc_selected_true_pr_auc_v1,random_forest_class_weight_balanced,random_forest,min_samples_leaf,60/40,2,random_flip_20,validation_selected_reproduction,60/40,valid,5,True,1698,48,4.7426024710002821,48,19,29,0.8125,0.80852994555353908,0.75,0.78947368421052633,0.76923076923076927,0.61208128979328524,24,5,4,15,0.90381125226860259,0.88078161489926199,0.87783676635358487
random_forest_balanced_ratio_preserved_noise_mcc_selected_true_pr_auc_v1,random_forest_class_weight_balanced,random_forest,min_samples_leaf,60/40,2,random_flip_20,test,50/50,test,5,True,1698,48,4.8502738079987466,42,21,21,0.8571428571428571,0.8571428571428571,0.94117647058823528,0.76190476190476186,0.84210526315789469,0.72760687510899891,20,1,5,16,0.93650793650793651,0.94876573285091426,0.94767314697834992
random_forest_balanced_ratio_preserved_noise_mcc_selected_true_pr_auc_v1,random_forest_class_weight_balanced,random_forest,min_samples_leaf,60/40,2,random_flip_20,test,60/40,test,5,True,1698,48,4.9467834840179421,53,21,32,0.81132075471698117,0.80282738095238093,0.76190476190476186,0.76190476190476186,0.76190476190476186,0.60565476190476186,27,5,5,16,0.9151785714285714,0.90580326333431938,0.90401247125991402
random_forest_balanced_ratio_preserved_noise_mcc_selected_true_pr_auc_v1,random_forest_class_weight_balanced,random_forest,min_samples_leaf,60/40,2,random_flip_20,test,70/30,test,5,True,1698,48,5.0812996110180393,70,21,49,0.80000000000000004,0.78911564625850339,0.64000000000000001,0.76190476190476186,0.69565217391304346,0.55301004133750209,40,9,5,16,0.8425655976676385,0.6613472665833422,0.64513334455971094
random_forest_balanced_ratio_preserved_noise_mcc_selected_true_pr_auc_v1,random_forest_class_weight_balanced,random_forest,min_samples_leaf,60/40,2,random_flip_20,test,75/25,test,5,True,1698,48,5.2110975070099812,84,21,63,0.80952380952380953,0.79365079365079361,0.59259259259259256,0.76190476190476186,0.66666666666666663,0.54452996901562911,52,11,5,16,0.88586545729402877,0.78298515534159807,0.77827596172059654
random_forest_balanced_ratio_preserved_noise_mcc_selected_true_pr_auc_v1,random_forest_class_weight_balanced,random_forest,min_samples_leaf,60/40,2,random_flip_20,test,80/20,test,5,True,1698,48,5.3423885990050621,105,21,84,0.80952380952380953,0.79166666666666663,0.5161290322580645,0.76190476190476186,0.61538461538461542,0.51152796052883553,69,15,5,16,0.89909297052154191,0.72008280098815547,0.71255980208689174
random_forest_balanced_ratio_preserved_noise_mcc_selected_true_pr_auc_v1,random_forest_class_weight_balanced,random_forest,min_samples_leaf,60/40,2,random_flip_20,test,90/10,test,5,True,1698,48,5.5616387549962383,210,21,189,0.83333333333333337,0.80158730158730163,0.34782608695652173,0.76190476190476186,0.47761194029850745,0.43750473410557883,159,30,5,16,0.8987150415721844,0.60212940915750857,0.59045061144571642
random_forest_balanced_ratio_preserved_noise_mcc_selected_true_pr_auc_v1,random_forest_class_weight_balanced,random_forest,min_samples_leaf,60/40,2,random_fp_10,validation_selected_reproduction,60/40,valid,5,True,2124,48,5.3792926840251312,48,19,29,0.91666666666666663,0.92196007259528123,0.8571428571428571,0.94736842105263153,0.90000000000000002,0.83192777497528536,26,3,1,18,0.9637023593466425,0.94280875643104745,0.94107722204414745
random_forest_balanced_ratio_preserved_noise_mcc_selected_true_pr_auc_v1,random_forest_class_weight_balanced,random_forest,min_samples_leaf,60/40,2,random_fp_10,test,50/50,test,5,True,2124,48,5.4873559800034855,42,21,21,0.80952380952380953,0.80952380952380953,0.84210526315789469,0.76190476190476186,0.80000000000000004,0.6218743352054219,18,3,5,16,0.88662131519274379,0.89814800253030258,0.89559341825781025
random_forest_balanced_ratio_preserved_noise_mcc_selected_true_pr_auc_v1,random_forest_class_weight_balanced,random_forest,min_samples_leaf,60/40,2,random_fp_10,test,60/40,test,5,True,2124,48,5.5875657920259982,53,21,32,0.77358490566037741,0.77157738095238093,0.69565217391304346,0.76190476190476186,0.72727272727272729,0.53602331781320434,25,7,5,16,0.89583333333333326,0.87339446509252383,0.87064100785705367
random_forest_balanced_ratio_preserved_noise_mcc_selected_true_pr_auc_v1,random_forest_class_weight_balanced,random_forest,min_samples_leaf,60/40,2,random_fp_10,test,70/30,test,5,True,2124,48,5.7271556080086157,70,21,49,0.77142857142857146,0.76870748299319724,0.59259259259259256,0.76190476190476186,0.66666666666666663,0.50594269998482844,38,11,5,16,0.85519922254616132,0.68542550715720485,0.67013092422761167
random_forest_balanced_ratio_preserved_noise_mcc_selected_true_pr_auc_v1,random_forest_class_weight_balanced,random_forest,min_samples_leaf,60/40,2,random_fp_10,test,75/25,test,5,True,2124,48,5.8548755060182884,84,21,63,0.75,0.75396825396825395,0.5,0.76190476190476186,0.60377358490566035,0.45291081365783825,47,16,5,16,0.85638699924414219,0.71946552031088684,0.71167350019142162
random_forest_balanced_ratio_preserved_noise_mcc_selected_true_pr_auc_v1,random_forest_class_weight_balanced,random_forest,min_samples_leaf,60/40,2,random_fp_10,test,80/20,test,5,True,2124,48,5.9807130800036248,105,21,84,0.80952380952380953,0.79166666666666663,0.5161290322580645,0.76190476190476186,0.61538461538461542,0.51152796052883553,69,15,5,16,0.89229024943310653,0.75112514508405348,0.74585037421424616
random_forest_balanced_ratio_preserved_noise_mcc_selected_true_pr_auc_v1,random_forest_class_weight_balanced,random_forest,min_samples_leaf,60/40,2,random_fp_10,test,90/10,test,5,True,2124,48,6.1952974360028747,210,21,189,0.85238095238095235,0.8121693121693121,0.38095238095238093,0.76190476190476186,0.50793650793650791,0.46825396825396826,163,26,5,16,0.88107835726883343,0.58438028653969509,0.57471172657424663
random_forest_balanced_ratio_preserved_noise_mcc_selected_true_pr_auc_v1,random_forest_class_weight_balanced,random_forest,min_samples_leaf,60/40,2,random_fp_20,validation_selected_reproduction,60/40,valid,1,True,2549,48,5.9246456649852917,48,19,29,0.875,0.87840290381125219,0.80952380952380953,0.89473684210526316,0.84999999999999998,0.74605135949396562,25,4,2,17,0.94555353901996375,0.92399749373433582,0.93086466165413539
random_forest_balanced_ratio_preserved_noise_mcc_selected_true_pr_auc_v1,random_forest_class_weight_balanced,random_forest,min_samples_leaf,60/40,2,random_fp_20,test,50/50,test,1,True,2549,48,6.0416801609972026,42,21,21,0.80952380952380953,0.80952380952380953,0.88235294117647056,0.7142857142857143,0.78947368421052633,0.63059262509446579,19,2,6,15,0.91156462585034004,0.92285356255944517,0.92506999071980922
random_forest_balanced_ratio_preserved_noise_mcc_selected_true_pr_auc_v1,random_forest_class_weight_balanced,random_forest,min_samples_leaf,60/40,2,random_fp_20,test,60/40,test,1,True,2549,48,6.1483464349876158,53,21,32,0.77358490566037741,0.76339285714285721,0.7142857142857143,0.7142857142857143,0.7142857142857143,0.5267857142857143,26,6,6,15,0.88392857142857151,0.86349789346578776,0.86301675284881174
random_forest_balanced_ratio_preserved_noise_mcc_selected_true_pr_auc_v1,random_forest_class_weight_balanced,random_forest,min_samples_leaf,60/40,2,random_fp_20,test,70/30,test,1,True,2549,48,6.2906178439734504,70,21,49,0.7857142857142857,0.76530612244897966,0.625,0.7142857142857143,0.66666666666666663,0.51227176405541541,40,9,6,15,0.85908649173955298,0.75122885475480694,0.74751797212081006
random_forest_balanced_ratio_preserved_noise_mcc_selected_true_pr_auc_v1,random_forest_class_weight_balanced,random_forest,min_samples_leaf,60/40,2,random_fp_20,test,75/25,test,1,True,2549,48,6.4135929299809504,84,21,63,0.76190476190476186,0.74603174603174605,0.51724137931034486,0.7142857142857143,0.59999999999999998,0.44814723659031064,49,14,6,15,0.86054421768707479,0.73865172565762971,0.73751506148260426
random_forest_balanced_ratio_preserved_noise_mcc_selected_true_pr_auc_v1,random_forest_class_weight_balanced,random_forest,min_samples_leaf,60/40,2,random_fp_20,test,80/20,test,1,True,2549,48,6.5401271699811332,105,21,84,0.83809523809523812,0.79166666666666674,0.57692307692307687,0.7142857142857143,0.63829787234042556,0.54058733250984259,73,11,6,15,0.89880952380952384,0.77561396694789186,0.77320309185142078
random_forest_balanced_ratio_preserved_noise_mcc_selected_true_pr_auc_v1,random_forest_class_weight_balanced,random_forest,min_samples_leaf,60/40,2,random_fp_20,test,90/10,test,1,True,2549,48,6.766794929979369,210,21,189,0.81904761904761902,0.77248677248677255,0.31914893617021278,0.7142857142857143,0.44117647058823528,0.39225929081491462,157,32,6,15,0.87351977828168303,0.60039066147316955,0.59782780196798146
random_forest_balanced_ratio_preserved_noise_mcc_selected_true_pr_auc_v1,random_forest_class_weight_balanced,random_forest,min_samples_leaf,60/40,2,heuristic_fp_10,validation_selected_reproduction,60/40,valid,2,True,2124,48,5.3922602490056306,48,19,29,0.875,0.87840290381125219,0.80952380952380953,0.89473684210526316,0.84999999999999998,0.74605135949396562,25,4,2,17,0.94192377495462798,0.91452135319347083,0.91177054581248695
random_forest_balanced_ratio_preserved_noise_mcc_selected_true_pr_auc_v1,random_forest_class_weight_balanced,random_forest,min_samples_leaf,60/40,2,heuristic_fp_10,test,50/50,test,2,True,2124,48,5.5089279170206282,42,21,21,0.80952380952380953,0.80952380952380953,0.84210526315789469,0.76190476190476186,0.80000000000000004,0.6218743352054219,18,3,5,16,0.93197278911564629,0.93506348667413097,0.93343304387827475
random_forest_balanced_ratio_preserved_noise_mcc_selected_true_pr_auc_v1,random_forest_class_weight_balanced,random_forest,min_samples_leaf,60/40,2,heuristic_fp_10,test,60/40,test,2,True,2124,48,5.6283362200192641,53,21,32,0.79245283018867929,0.78720238095238093,0.72727272727272729,0.76190476190476186,0.7441860465116279,0.57017803220524033,26,6,5,16,0.92113095238095233,0.90143142084260131,0.89930196543612717
random_forest_balanced_ratio_preserved_noise_mcc_selected_true_pr_auc_v1,random_forest_class_weight_balanced,random_forest,min_samples_leaf,60/40,2,heuristic_fp_10,test,70/30,test,2,True,2124,48,5.7813992830051575,70,21,49,0.74285714285714288,0.7482993197278911,0.55172413793103448,0.76190476190476186,0.64000000000000001,0.46197905424568392,36,13,5,16,0.89310009718172989,0.78156867763561122,0.77263460700088582
random_forest_balanced_ratio_preserved_noise_mcc_selected_true_pr_auc_v1,random_forest_class_weight_balanced,random_forest,min_samples_leaf,60/40,2,heuristic_fp_10,test,75/25,test,2,True,2124,48,5.9080513250082731,84,21,63,0.7857142857142857,0.77777777777777768,0.55172413793103448,0.76190476190476186,0.64000000000000001,0.50597268647293137,50,13,5,16,0.91534391534391535,0.83630025237042616,0.83340351889813169
random_forest_balanced_ratio_preserved_noise_mcc_selected_true_pr_auc_v1,random_forest_class_weight_balanced,random_forest,min_samples_leaf,60/40,2,heuristic_fp_10,test,80/20,test,2,True,2124,48,6.0442279310082085,105,21,84,0.80952380952380953,0.79166666666666663,0.5161290322580645,0.76190476190476186,0.61538461538461542,0.51152796052883553,69,15,5,16,0.93764172335600904,0.83711928609448605,0.83397997654913913
random_forest_balanced_ratio_preserved_noise_mcc_selected_true_pr_auc_v1,random_forest_class_weight_balanced,random_forest,min_samples_leaf,60/40,2,heuristic_fp_10,test,90/10,test,2,True,2124,48,6.2670780320186168,210,21,189,0.78095238095238095,0.77248677248677244,0.2807017543859649,0.76190476190476186,0.41025641025641024,0.36764852399407366,148,41,5,16,0.91055681531872001,0.63405773979896485,0.62678504133925528
random_forest_balanced_ratio_preserved_noise_mcc_selected_true_pr_auc_v1,random_forest_class_weight_balanced,random_forest,min_samples_leaf,60/40,2,heuristic_fp_20,validation_selected_reproduction,60/40,valid,2,True,2549,48,5.8326377040066291,48,19,29,0.8125,0.83575317604355714,0.69230769230769229,0.94736842105263153,0.80000000000000004,0.65906448620709868,21,8,1,18,0.927404718693285,0.89676004635893736,0.89372377155977012
random_forest_balanced_ratio_preserved_noise_mcc_selected_true_pr_auc_v1,random_forest_class_weight_balanced,random_forest,min_samples_leaf,60/40,2,heuristic_fp_20,test,50/50,test,2,True,2549,48,5.9354932380083483,42,21,21,0.7857142857142857,0.7857142857142857,0.80000000000000004,0.76190476190476186,0.78048780487804881,0.57207755354735534,17,4,5,16,0.92063492063492069,0.92157904342778307,0.91949731582328109
random_forest_balanced_ratio_preserved_noise_mcc_selected_true_pr_auc_v1,random_forest_class_weight_balanced,random_forest,min_samples_leaf,60/40,2,heuristic_fp_20,test,60/40,test,2,True,2549,48,6.0375937050266657,53,21,32,0.77358490566037741,0.77157738095238093,0.69565217391304346,0.76190476190476186,0.72727272727272729,0.53602331781320434,25,7,5,16,0.92261904761904767,0.89084080718534531,0.88807949831109201
random_forest_balanced_ratio_preserved_noise_mcc_selected_true_pr_auc_v1,random_forest_class_weight_balanced,random_forest,min_samples_leaf,60/40,2,heuristic_fp_20,test,70/30,test,2,True,2549,48,6.1829583360231481,70,21,49,0.74285714285714288,0.7482993197278911,0.55172413793103448,0.76190476190476186,0.64000000000000001,0.46197905424568392,36,13,5,16,0.88241010689990285,0.73581964542776346,0.72211697132529884
random_forest_balanced_ratio_preserved_noise_mcc_selected_true_pr_auc_v1,random_forest_class_weight_balanced,random_forest,min_samples_leaf,60/40,2,heuristic_fp_20,test,75/25,test,2,True,2549,48,6.3138899090117775,84,21,63,0.73809523809523814,0.74603174603174605,0.48484848484848486,0.76190476190476186,0.59259259259259256,0.43627367528477401,46,17,5,16,0.89644746787603924,0.80415935601415622,0.80080020351331793
random_forest_balanced_ratio_preserved_noise_mcc_selected_true_pr_auc_v1,random_forest_class_weight_balanced,random_forest,min_samples_leaf,60/40,2,heuristic_fp_20,test,80/20,test,2,True,2549,48,6.4385772860259749,105,21,84,0.82857142857142863,0.8035714285714286,0.55172413793103448,0.76190476190476186,0.64000000000000001,0.54316826162393883,71,13,5,16,0.92800453514739223,0.79786288979837372,0.79358534569655337
random_forest_balanced_ratio_preserved_noise_mcc_selected_true_pr_auc_v1,random_forest_class_weight_balanced,random_forest,min_samples_leaf,60/40,2,heuristic_fp_20,test,90/10,test,2,True,2549,48,6.6639159950136673,210,21,189,0.75714285714285712,0.7592592592592593,0.25806451612903225,0.76190476190476186,0.38554216867469882,0.34101864035255702,143,46,5,16,0.91181657848324527,0.63724549256509055,0.62726254741174858
random_forest_balanced_ratio_preserved_noise_mcc_selected_true_pr_auc_v1,random_forest_class_weight_balanced,random_forest,min_samples_leaf,60/40,3,clean,validation_selected_reproduction,60/40,valid,1,True,1698,48,4.7238433010061271,48,19,29,0.85416666666666663,0.85208711433756801,0.80000000000000004,0.84210526315789469,0.82051282051282048,0.69849276599939614,25,4,3,16,0.94010889292196009,0.92830366357069138,0.92941153609520866
random_forest_balanced_ratio_preserved_noise_mcc_selected_true_pr_auc_v1,random_forest_class_weight_balanced,random_forest,min_samples_leaf,60/40,3,clean,test,50/50,test,1,True,1698,48,4.8143690349825192,42,21,21,0.88095238095238093,0.88095238095238093,0.94444444444444442,0.80952380952380953,0.87179487179487181,0.76980035891950105,20,1,4,17,0.90589569160997729,0.91983429770375591,0.92106233083039335
random_forest_balanced_ratio_preserved_noise_mcc_selected_true_pr_auc_v1,random_forest_class_weight_balanced,random_forest,min_samples_leaf,60/40,3,clean,test,60/40,test,1,True,1698,48,4.9291266390064266,53,21,32,0.79245283018867929,0.79538690476190477,0.70833333333333337,0.80952380952380953,0.75555555555555554,0.58049869858001624,25,7,4,17,0.84375,0.81151230524418305,0.81446039807391646
random_forest_balanced_ratio_preserved_noise_mcc_selected_true_pr_auc_v1,random_forest_class_weight_balanced,random_forest,min_samples_leaf,60/40,3,clean,test,70/30,test,1,True,1698,48,5.0528318019933067,70,21,49,0.77142857142857146,0.78231292517006801,0.58620689655172409,0.80952380952380953,0.68000000000000005,0.52526385619714755,37,12,4,17,0.89310009718172989,0.83724703491455865,0.83693313991267304
random_forest_balanced_ratio_preserved_noise_mcc_selected_true_pr_auc_v1,random_forest_class_weight_balanced,random_forest,min_samples_leaf,60/40,3,clean,test,75/25,test,1,True,1698,48,5.1847996799915563,84,21,63,0.83333333333333337,0.82539682539682535,0.62962962962962965,0.80952380952380953,0.70833333333333337,0.60339807377407551,53,10,4,17,0.89417989417989419,0.77355345473603099,0.7658771567017868
random_forest_balanced_ratio_preserved_noise_mcc_selected_true_pr_auc_v1,random_forest_class_weight_balanced,random_forest,min_samples_leaf,60/40,3,clean,test,80/20,test,1,True,1698,48,5.3263037209981121,105,21,84,0.80952380952380953,0.80952380952380953,0.51515151515151514,0.80952380952380953,0.62962962962962965,0.53339646091044179,68,16,4,17,0.88350340136054428,0.74517913349310727,0.74562535624546133
random_forest_balanced_ratio_preserved_noise_mcc_selected_true_pr_auc_v1,random_forest_class_weight_balanced,random_forest,min_samples_leaf,60/40,3,clean,test,90/10,test,1,True,1698,48,5.5458954649802763,210,21,189,0.87142857142857144,0.84391534391534395,0.42499999999999999,0.80952380952380953,0.55737704918032782,0.52549385424538808,166,23,4,17,0.90211640211640209,0.67568385016046828,0.67679901584165458
random_forest_balanced_ratio_preserved_noise_mcc_selected_true_pr_auc_v1,random_forest_class_weight_balanced,random_forest,min_samples_leaf,60/40,3,random_flip_10,validation_selected_reproduction,60/40,valid,1,True,1698,48,4.7173493889858946,48,19,29,0.85416666666666663,0.85208711433756801,0.80000000000000004,0.84210526315789469,0.82051282051282048,0.69849276599939614,25,4,3,16,0.90834845735027225,0.88002571317638156,0.88972067852592951
random_forest_balanced_ratio_preserved_noise_mcc_selected_true_pr_auc_v1,random_forest_class_weight_balanced,random_forest,min_samples_leaf,60/40,3,random_flip_10,test,50/50,test,1,True,1698,48,4.8046377179853152,42,21,21,0.7857142857142857,0.7857142857142857,0.83333333333333337,0.7142857142857143,0.76923076923076927,0.57735026918962573,18,3,6,15,0.88321995464852598,0.89363732228059023,0.89322913156563022
random_forest_balanced_ratio_preserved_noise_mcc_selected_true_pr_auc_v1,random_forest_class_weight_balanced,random_forest,min_samples_leaf,60/40,3,random_flip_10,test,60/40,test,1,True,1698,48,4.9082817999878898,53,21,32,0.75471698113207553,0.74776785714285721,0.68181818181818177,0.7142857142857143,0.69767441860465118,0.49188933866410628,25,7,6,15,0.84747023809523803,0.82230851131982186,0.81970176887919544
random_forest_balanced_ratio_preserved_noise_mcc_selected_true_pr_auc_v1,random_forest_class_weight_balanced,random_forest,min_samples_leaf,60/40,3,random_flip_10,test,70/30,test,1,True,1698,48,5.0192029330064543,70,21,49,0.81428571428571428,0.7857142857142857,0.68181818181818177,0.7142857142857143,0.69767441860465118,0.56407607481776623,42,7,6,15,0.88046647230320707,0.81955284536356943,0.81750021988728916
random_forest_balanced_ratio_preserved_noise_mcc_selected_true_pr_auc_v1,random_forest_class_weight_balanced,random_forest,min_samples_leaf,60/40,3,random_flip_10,test,75/25,test,1,True,1698,48,5.139801734010689,84,21,63,0.84523809523809523,0.80158730158730163,0.68181818181818177,0.7142857142857143,0.69767441860465118,0.59404012950668628,56,7,6,15,0.88851095993953144,0.76427462400044655,0.76133201047013199
random_forest_balanced_ratio_preserved_noise_mcc_selected_true_pr_auc_v1,random_forest_class_weight_balanced,random_forest,min_samples_leaf,60/40,3,random_flip_10,test,80/20,test,1,True,1698,48,5.2941554370045196,105,21,84,0.82857142857142863,0.7857142857142857,0.55555555555555558,0.7142857142857143,0.625,0.52297636036849071,72,12,6,15,0.8781179138321995,0.69980390357941391,0.71437294429195708
random_forest_balanced_ratio_preserved_noise_mcc_selected_true_pr_auc_v1,random_forest_class_weight_balanced,random_forest,min_samples_leaf,60/40,3,random_flip_10,test,90/10,test,1,True,1698,48,5.5060009589942638,210,21,189,0.85238095238095235,0.79100529100529093,0.375,0.7142857142857143,0.49180327868852458,0.44464864589994374,164,25,6,15,0.89984882842025704,0.67478661669481599,0.67472653117421455
random_forest_balanced_ratio_preserved_noise_mcc_selected_true_pr_auc_v1,random_forest_class_weight_balanced,random_forest,min_samples_leaf,60/40,3,random_flip_20,validation_selected_reproduction,60/40,valid,1,True,1698,48,4.7735322369844653,48,19,29,0.79166666666666663,0.78221415607985478,0.73684210526315785,0.73684210526315785,0.73684210526315785,0.56442831215970957,24,5,5,14,0.88021778584392008,0.81701438085181799,0.81903029305427477
random_forest_balanced_ratio_preserved_noise_mcc_selected_true_pr_auc_v1,random_forest_class_weight_balanced,random_forest,min_samples_leaf,60/40,3,random_flip_20,test,50/50,test,1,True,1698,48,4.8611543529841583,42,21,21,0.76190476190476186,0.76190476190476186,0.82352941176470584,0.66666666666666663,0.73684210526315785,0.53357837507993255,18,3,7,14,0.84353741496598644,0.86720462720897373,0.86650644694312429
random_forest_balanced_ratio_preserved_noise_mcc_selected_true_pr_auc_v1,random_forest_class_weight_balanced,random_forest,min_samples_leaf,60/40,3,random_flip_20,test,60/40,test,1,True,1698,48,4.9700824799947441,53,21,32,0.71698113207547165,0.70833333333333326,0.63636363636363635,0.66666666666666663,0.65116279069767447,0.41360064512297223,24,8,7,14,0.77380952380952384,0.76298469059070995,0.76298012755753863
random_forest_balanced_ratio_preserved_noise_mcc_selected_true_pr_auc_v1,random_forest_class_weight_balanced,random_forest,min_samples_leaf,60/40,3,random_flip_20,test,70/30,test,1,True,1698,48,5.0875094459915999,70,21,49,0.81428571428571428,0.77210884353741494,0.69999999999999996,0.66666666666666663,0.68292682926829273,0.55205244747388338,43,6,7,14,0.84742468415937799,0.7816861972061554,0.78415100578141683
random_forest_balanced_ratio_preserved_noise_mcc_selected_true_pr_auc_v1,random_forest_class_weight_balanced,random_forest,min_samples_leaf,60/40,3,random_flip_20,test,75/25,test,1,True,1698,48,5.2152654549863655,84,21,63,0.79761904761904767,0.75396825396825395,0.58333333333333337,0.66666666666666663,0.62222222222222223,0.48686449556014766,53,10,7,14,0.8382464096749811,0.73468276964842483,0.73783720880300852
random_forest_balanced_ratio_preserved_noise_mcc_selected_true_pr_auc_v1,random_forest_class_weight_balanced,random_forest,min_samples_leaf,60/40,3,random_flip_20,test,80/20,test,1,True,1698,48,5.346333241002867,105,21,84,0.79047619047619044,0.74404761904761907,0.48275862068965519,0.66666666666666663,0.56000000000000005,0.43666468091336258,69,15,7,14,0.83815192743764177,0.69431617624331221,0.69698262949816081
random_forest_balanced_ratio_preserved_noise_mcc_selected_true_pr_auc_v1,random_forest_class_weight_balanced,random_forest,min_samples_leaf,60/40,3,random_flip_20,test,90/10,test,1,True,1698,48,5.538668114983011,210,21,189,0.8571428571428571,0.77248677248677244,0.3783783783783784,0.66666666666666663,0.48275862068965519,0.42913314194946001,166,23,7,14,0.85424540186444953,0.62203738977108902,0.62185257655819393
random_forest_balanced_ratio_preserved_noise_mcc_selected_true_pr_auc_v1,random_forest_class_weight_balanced,random_forest,min_samples_leaf,60/40,3,random_fp_10,validation_selected_reproduction,60/40,valid,5,True,2124,48,5.0795655389956664,48,19,29,0.85416666666666663,0.86116152450090744,0.77272727272727271,0.89473684210526316,0.82926829268292679,0.70893963651466296,24,5,2,17,0.94010889292196009,0.91509573067744809,0.91268475414108452
random_forest_balanced_ratio_preserved_noise_mcc_selected_true_pr_auc_v1,random_forest_class_weight_balanced,random_forest,min_samples_leaf,60/40,3,random_fp_10,test,50/50,test,5,True,2124,48,5.1772064410033636,42,21,21,0.8571428571428571,0.85714285714285721,0.89473684210526316,0.80952380952380953,0.84999999999999998,0.71754730985240978,19,2,4,17,0.90476190476190466,0.91320395754643147,0.91104340731546163
random_forest_balanced_ratio_preserved_noise_mcc_selected_true_pr_auc_v1,random_forest_class_weight_balanced,random_forest,min_samples_leaf,60/40,3,random_fp_10,test,60/40,test,5,True,2124,48,5.2925940889981575,53,21,32,0.77358490566037741,0.77976190476190477,0.68000000000000005,0.80952380952380953,0.73913043478260865,0.54821913290861601,24,8,4,17,0.85119047619047616,0.81651951624450647,0.81163426449045706
random_forest_balanced_ratio_preserved_noise_mcc_selected_true_pr_auc_v1,random_forest_class_weight_balanced,random_forest,min_samples_leaf,60/40,3,random_fp_10,test,70/30,test,5,True,2124,48,5.4101569289923646,70,21,49,0.81428571428571428,0.81292517006802723,0.65384615384615385,0.80952380952380953,0.72340425531914898,0.59356074020638561,40,9,4,17,0.90379008746355682,0.83903744890587029,0.8357181380379668
random_forest_balanced_ratio_preserved_noise_mcc_selected_true_pr_auc_v1,random_forest_class_weight_balanced,random_forest,min_samples_leaf,60/40,3,random_fp_10,test,75/25,test,5,True,2124,48,5.5409195679822005,84,21,63,0.8571428571428571,0.84126984126984128,0.68000000000000005,0.80952380952380953,0.73913043478260865,0.64641558408243283,55,8,4,17,0.89947089947089931,0.78194292740551608,0.77682816685763978
random_forest_balanced_ratio_preserved_noise_mcc_selected_true_pr_auc_v1,random_forest_class_weight_balanced,random_forest,min_samples_leaf,60/40,3,random_fp_10,test,80/20,test,5,True,2124,48,5.6784556159982458,105,21,84,0.79047619047619044,0.79761904761904767,0.48571428571428571,0.80952380952380953,0.6071428571428571,0.50507627227610541,66,18,4,17,0.89229024943310664,0.74499713121341227,0.74047323423613665
random_forest_balanced_ratio_preserved_noise_mcc_selected_true_pr_auc_v1,random_forest_class_weight_balanced,random_forest,min_samples_leaf,60/40,3,random_fp_10,test,90/10,test,5,True,2124,48,5.8938842219940852,210,21,189,0.82857142857142863,0.82010582010582012,0.34693877551020408,0.80952380952380953,0.48571428571428571,0.45410171026157703,157,32,4,17,0.90148652053413958,0.60465214656055499,0.59091947126307653
random_forest_balanced_ratio_preserved_noise_mcc_selected_true_pr_auc_v1,random_forest_class_weight_balanced,random_forest,min_samples_leaf,60/40,3,random_fp_20,validation_selected_reproduction,60/40,valid,2,True,2549,48,5.8709279330214486,48,19,29,0.89583333333333337,0.89564428312159716,0.84999999999999998,0.89473684210526316,0.87179487179487181,0.78490424220550703,26,3,2,17,0.93829401088929221,0.89793920615983513,0.89396944778919551
random_forest_balanced_ratio_preserved_noise_mcc_selected_true_pr_auc_v1,random_forest_class_weight_balanced,random_forest,min_samples_leaf,60/40,3,random_fp_20,test,50/50,test,2,True,2549,48,5.9551076390198432,42,21,21,0.83333333333333337,0.83333333333333326,0.88888888888888884,0.76190476190476186,0.82051282051282048,0.67357531405456339,19,2,5,16,0.91156462585034004,0.92743606394556588,0.9258466065089932
random_forest_balanced_ratio_preserved_noise_mcc_selected_true_pr_auc_v1,random_forest_class_weight_balanced,random_forest,min_samples_leaf,60/40,3,random_fp_20,test,60/40,test,2,True,2549,48,6.0573495590069797,53,21,32,0.75471698113207553,0.75595238095238093,0.66666666666666663,0.76190476190476186,0.71111111111111114,0.50300139121291076,24,8,5,16,0.81845238095238093,0.81039548689717833,0.80621334355337049
random_forest_balanced_ratio_preserved_noise_mcc_selected_true_pr_auc_v1,random_forest_class_weight_balanced,random_forest,min_samples_leaf,60/40,3,random_fp_20,test,70/30,test,2,True,2549,48,6.1729611120244954,70,21,49,0.81428571428571428,0.79931972789115646,0.66666666666666663,0.76190476190476186,0.71111111111111114,0.57794763124200721,41,8,5,16,0.88532555879494645,0.82012350866686057,0.81664779155637279
random_forest_balanced_ratio_preserved_noise_mcc_selected_true_pr_auc_v1,random_forest_class_weight_balanced,random_forest,min_samples_leaf,60/40,3,random_fp_20,test,75/25,test,2,True,2549,48,6.299456981010735,84,21,63,0.80952380952380953,0.79365079365079361,0.59259259259259256,0.76190476190476186,0.66666666666666663,0.54452996901562911,52,11,5,16,0.87074829931972775,0.74328357436940573,0.73655666115376128
random_forest_balanced_ratio_preserved_noise_mcc_selected_true_pr_auc_v1,random_forest_class_weight_balanced,random_forest,min_samples_leaf,60/40,3,random_fp_20,test,80/20,test,2,True,2549,48,6.432642237021355,105,21,84,0.76190476190476186,0.76190476190476186,0.44444444444444442,0.76190476190476186,0.56140350877192979,0.44141479464782041,64,20,5,16,0.86281179138321995,0.73216256762265508,0.72825180239497755
random_forest_balanced_ratio_preserved_noise_mcc_selected_true_pr_auc_v1,random_forest_class_weight_balanced,random_forest,min_samples_leaf,60/40,3,random_fp_20,test,90/10,test,2,True,2549,48,6.628569515014533,210,21,189,0.82380952380952377,0.79629629629629628,0.33333333333333331,0.76190476190476186,0.46376811594202899,0.42336859751808015,157,32,5,16,0.87729906777525835,0.62395630853850126,0.61705385685020542
random_forest_balanced_ratio_preserved_noise_mcc_selected_true_pr_auc_v1,random_forest_class_weight_balanced,random_forest,min_samples_leaf,60/40,3,heuristic_fp_10,validation_selected_reproduction,60/40,valid,1,True,2124,48,5.2519749659986701,48,19,29,0.83333333333333337,0.85299455535390201,0.71999999999999997,0.94736842105263153,0.81818181818181823,0.69109838733945295,22,7,1,18,0.94464609800362975,0.92687773016325825,0.92821451658496934
random_forest_balanced_ratio_preserved_noise_mcc_selected_true_pr_auc_v1,random_forest_class_weight_balanced,random_forest,min_samples_leaf,60/40,3,heuristic_fp_10,test,50/50,test,1,True,2124,48,5.3440079760039225,42,21,21,0.8571428571428571,0.85714285714285721,0.89473684210526316,0.80952380952380953,0.84999999999999998,0.71754730985240978,19,2,4,17,0.95351473922902497,0.95448582765852941,0.95398416623249827
random_forest_balanced_ratio_preserved_noise_mcc_selected_true_pr_auc_v1,random_forest_class_weight_balanced,random_forest,min_samples_leaf,60/40,3,heuristic_fp_10,test,60/40,test,1,True,2124,48,5.4535320459981449,53,21,32,0.81132075471698117,0.81101190476190477,0.73913043478260865,0.80952380952380953,0.77272727272727271,0.6138568406737519,26,6,4,17,0.90699404761904767,0.87501183596887266,0.87599133960730724
random_forest_balanced_ratio_preserved_noise_mcc_selected_true_pr_auc_v1,random_forest_class_weight_balanced,random_forest,min_samples_leaf,60/40,3,heuristic_fp_10,test,70/30,test,1,True,2124,48,5.5664145160117187,70,21,49,0.74285714285714288,0.76190476190476186,0.54838709677419351,0.80952380952380953,0.65384615384615385,0.4832456210877899,35,14,4,17,0.9139941690962099,0.85285278978888013,0.85011434266679242
random_forest_balanced_ratio_preserved_noise_mcc_selected_true_pr_auc_v1,random_forest_class_weight_balanced,random_forest,min_samples_leaf,60/40,3,heuristic_fp_10,test,75/25,test,1,True,2124,48,5.6898538930108771,84,21,63,0.8214285714285714,0.81746031746031744,0.6071428571428571,0.80952380952380953,0.69387755102040816,0.58321184351980437,52,11,4,17,0.91836734693877553,0.82577207189325985,0.82630874114288655
random_forest_balanced_ratio_preserved_noise_mcc_selected_true_pr_auc_v1,random_forest_class_weight_balanced,random_forest,min_samples_leaf,60/40,3,heuristic_fp_10,test,80/20,test,1,True,2124,48,5.8167133899987675,105,21,84,0.79047619047619044,0.79761904761904767,0.48571428571428571,0.80952380952380953,0.6071428571428571,0.50507627227610541,66,18,4,17,0.92602040816326525,0.83151100841070458,0.83229539675811803
random_forest_balanced_ratio_preserved_noise_mcc_selected_true_pr_auc_v1,random_forest_class_weight_balanced,random_forest,min_samples_leaf,60/40,3,heuristic_fp_10,test,90/10,test,1,True,2124,48,6.0089269620075356,210,21,189,0.80000000000000004,0.80423280423280419,0.30909090909090908,0.80952380952380953,0.44736842105263158,0.41517327682330979,151,38,4,17,0.93411438649533884,0.77244376455070685,0.7726540472129283
random_forest_balanced_ratio_preserved_noise_mcc_selected_true_pr_auc_v1,random_forest_class_weight_balanced,random_forest,min_samples_leaf,60/40,3,heuristic_fp_20,validation_selected_reproduction,60/40,valid,2,True,2549,48,5.7993310930032749,48,19,29,0.85416666666666663,0.87023593466424676,0.75,0.94736842105263153,0.83720930232558144,0.72422434883191855,23,6,1,18,0.90562613430127037,0.87312986067192555,0.86949374858094941
random_forest_balanced_ratio_preserved_noise_mcc_selected_true_pr_auc_v1,random_forest_class_weight_balanced,random_forest,min_samples_leaf,60/40,3,heuristic_fp_20,test,50/50,test,2,True,2549,48,5.8826323479879647,42,21,21,0.9285714285714286,0.9285714285714286,0.90909090909090906,0.95238095238095233,0.93023255813953487,0.85811633032103307,19,2,1,20,0.96825396825396826,0.96486735079580699,0.96386129991763325
random_forest_balanced_ratio_preserved_noise_mcc_selected_true_pr_auc_v1,random_forest_class_weight_balanced,random_forest,min_samples_leaf,60/40,3,heuristic_fp_20,test,60/40,test,2,True,2549,48,5.9880061619915068,53,21,32,0.79245283018867929,0.81994047619047616,0.66666666666666663,0.95238095238095233,0.78431372549019607,0.63147952509500793,22,10,1,20,0.89434523809523814,0.83194428960696643,0.82627852257702039
random_forest_balanced_ratio_preserved_noise_mcc_selected_true_pr_auc_v1,random_forest_class_weight_balanced,random_forest,min_samples_leaf,60/40,3,heuristic_fp_20,test,70/30,test,2,True,2549,48,6.0968186149839312,70,21,49,0.77142857142857146,0.8231292517006803,0.5714285714285714,0.95238095238095233,0.7142857142857143,0.59230570206912225,34,15,1,20,0.93002915451895052,0.88221566166244081,0.8799161501689885
random_forest_balanced_ratio_preserved_noise_mcc_selected_true_pr_auc_v1,random_forest_class_weight_balanced,random_forest,min_samples_leaf,60/40,3,heuristic_fp_20,test,75/25,test,2,True,2549,48,6.2151224419940263,84,21,63,0.8214285714285714,0.86507936507936511,0.58823529411764708,0.95238095238095233,0.72727272727272729,0.64412883865288451,49,14,1,20,0.9327286470143612,0.78048350635523445,0.77033008617990228
random_forest_balanced_ratio_preserved_noise_mcc_selected_true_pr_auc_v1,random_forest_class_weight_balanced,random_forest,min_samples_leaf,60/40,3,heuristic_fp_20,test,80/20,test,2,True,2549,48,6.3626692749967333,105,21,84,0.79047619047619044,0.85119047619047616,0.48780487804878048,0.95238095238095233,0.64516129032258063,0.57589074696423492,63,21,1,20,0.93083900226757366,0.77689820738468329,0.77144969563431509
random_forest_balanced_ratio_preserved_noise_mcc_selected_true_pr_auc_v1,random_forest_class_weight_balanced,random_forest,min_samples_leaf,60/40,3,heuristic_fp_20,test,90/10,test,2,True,2549,48,6.5715621080016717,210,21,189,0.77619047619047621,0.85449735449735442,0.30303030303030304,0.95238095238095233,0.45977011494252873,0.45817388308973855,143,46,1,20,0.9438145628621819,0.72223877000558434,0.7160774620260959
random_forest_balanced_ratio_preserved_noise_mcc_selected_true_pr_auc_v1,random_forest_class_weight_balanced,random_forest,min_samples_leaf,60/40,4,clean,validation_selected_reproduction,60/40,valid,5,True,1698,48,4.810763440997107,48,19,29,0.77083333333333337,0.80127041742286753,0.6428571428571429,0.94736842105263153,0.76595744680851063,0.59767937709226682,19,10,1,18,0.88384754990925596,0.75022064594823956,0.72202679984904539
random_forest_balanced_ratio_preserved_noise_mcc_selected_true_pr_auc_v1,random_forest_class_weight_balanced,random_forest,min_samples_leaf,60/40,4,clean,test,50/50,test,5,True,1698,48,4.9289844949962571,42,21,21,0.80952380952380953,0.80952380952380953,0.80952380952380953,0.80952380952380953,0.80952380952380953,0.61904761904761907,17,4,4,17,0.90702947845804993,0.92243858654572941,0.92071700823034908
random_forest_balanced_ratio_preserved_noise_mcc_selected_true_pr_auc_v1,random_forest_class_weight_balanced,random_forest,min_samples_leaf,60/40,4,clean,test,60/40,test,5,True,1698,48,5.1455804189899936,53,21,32,0.81132075471698117,0.81101190476190477,0.73913043478260865,0.80952380952380953,0.77272727272727271,0.6138568406737519,26,6,4,17,0.86904761904761907,0.82603575824615971,0.82105215212245208
random_forest_balanced_ratio_preserved_noise_mcc_selected_true_pr_auc_v1,random_forest_class_weight_balanced,random_forest,min_samples_leaf,60/40,4,clean,test,70/30,test,5,True,1698,48,5.2874210279842373,70,21,49,0.7857142857142857,0.79251700680272108,0.6071428571428571,0.80952380952380953,0.69387755102040816,0.54724920963020229,38,11,4,17,0.85811467444120504,0.77513612017096367,0.77012695935054887
random_forest_balanced_ratio_preserved_noise_mcc_selected_true_pr_auc_v1,random_forest_class_weight_balanced,random_forest,min_samples_leaf,60/40,4,clean,test,75/25,test,5,True,1698,48,5.4339916280005127,84,21,63,0.80952380952380953,0.80952380952380953,0.58620689655172409,0.80952380952380953,0.68000000000000005,0.56379813635555209,51,12,4,17,0.8798185941043084,0.70454053673207584,0.69297917022237354
random_forest_balanced_ratio_preserved_noise_mcc_selected_true_pr_auc_v1,random_forest_class_weight_balanced,random_forest,min_samples_leaf,60/40,4,clean,test,80/20,test,5,True,1698,48,5.5758443980012089,105,21,84,0.8571428571428571,0.8392857142857143,0.6071428571428571,0.80952380952380953,0.69387755102040816,0.6137909514618759,73,11,4,17,0.91383219954648531,0.83033950334226292,0.82779202542046559
random_forest_balanced_ratio_preserved_noise_mcc_selected_true_pr_auc_v1,random_forest_class_weight_balanced,random_forest,min_samples_leaf,60/40,4,clean,test,90/10,test,5,True,1698,48,5.8276509479910601,210,21,189,0.79523809523809519,0.80158730158730163,0.30357142857142855,0.80952380952380953,0.44155844155844154,0.40919396764125066,150,39,4,17,0.8798185941043084,0.5352155495463653,0.50866927148573216
random_forest_balanced_ratio_preserved_noise_mcc_selected_true_pr_auc_v1,random_forest_class_weight_balanced,random_forest,min_samples_leaf,60/40,4,random_flip_10,validation_selected_reproduction,60/40,valid,2,True,1698,48,4.9037225630017929,48,19,29,0.75,0.72958257713248642,0.70588235294117652,0.63157894736842102,0.66666666666666663,0.4695041270237062,24,5,7,12,0.80036297640653364,0.71484265004001846,0.7025874350842517
random_forest_balanced_ratio_preserved_noise_mcc_selected_true_pr_auc_v1,random_forest_class_weight_balanced,random_forest,min_samples_leaf,60/40,4,random_flip_10,test,50/50,test,2,True,1698,48,4.9977836610050872,42,21,21,0.76190476190476186,0.76190476190476186,0.82352941176470584,0.66666666666666663,0.73684210526315785,0.53357837507993255,18,3,7,14,0.89342403628117906,0.9035838515614123,0.90129670347453295
random_forest_balanced_ratio_preserved_noise_mcc_selected_true_pr_auc_v1,random_forest_class_weight_balanced,random_forest,min_samples_leaf,60/40,4,random_flip_10,test,60/40,test,2,True,1698,48,5.1619558840175159,53,21,32,0.73584905660377353,0.72395833333333326,0.66666666666666663,0.66666666666666663,0.66666666666666663,0.44791666666666669,25,7,7,14,0.87053571428571419,0.82832761223738682,0.82417790030200644
random_forest_balanced_ratio_preserved_noise_mcc_selected_true_pr_auc_v1,random_forest_class_weight_balanced,random_forest,min_samples_leaf,60/40,4,random_flip_10,test,70/30,test,2,True,1698,48,5.286013245000504,70,21,49,0.77142857142857146,0.74149659863945572,0.60869565217391308,0.66666666666666663,0.63636363636363635,0.47123317176500906,40,9,7,14,0.86103012633624876,0.76913401399070813,0.76393182053273234
random_forest_balanced_ratio_preserved_noise_mcc_selected_true_pr_auc_v1,random_forest_class_weight_balanced,random_forest,min_samples_leaf,60/40,4,random_flip_10,test,75/25,test,2,True,1698,48,5.4322590380033944,84,21,63,0.7857142857142857,0.74603174603174605,0.56000000000000005,0.66666666666666663,0.60869565217391308,0.46602053736175392,52,11,7,14,0.8798185941043084,0.73672709617410104,0.72980902672076531
random_forest_balanced_ratio_preserved_noise_mcc_selected_true_pr_auc_v1,random_forest_class_weight_balanced,random_forest,min_samples_leaf,60/40,4,random_flip_10,test,80/20,test,2,True,1698,48,5.5532274570141453,105,21,84,0.87619047619047619,0.79761904761904767,0.69999999999999996,0.66666666666666663,0.68292682926829273,0.60633906259083248,78,6,7,14,0.91950113378684806,0.81262085250918137,0.80930191923668526
random_forest_balanced_ratio_preserved_noise_mcc_selected_true_pr_auc_v1,random_forest_class_weight_balanced,random_forest,min_samples_leaf,60/40,4,random_flip_10,test,90/10,test,2,True,1698,48,5.7870556050038431,210,21,189,0.82857142857142863,0.75661375661375652,0.32558139534883723,0.66666666666666663,0.4375,0.38155576184020751,160,29,7,14,0.88208616780045346,0.53357077368906292,0.52343695383891053
random_forest_balanced_ratio_preserved_noise_mcc_selected_true_pr_auc_v1,random_forest_class_weight_balanced,random_forest,min_samples_leaf,60/40,4,random_flip_20,validation_selected_reproduction,60/40,valid,1,True,1698,48,4.8391876779787708,48,19,29,0.70833333333333337,0.70417422867513613,0.61904761904761907,0.68421052631578949,0.65000000000000002,0.40254569756868647,21,8,6,13,0.76950998185117958,0.67810353001073986,0.67096146367455844
random_forest_balanced_ratio_preserved_noise_mcc_selected_true_pr_auc_v1,random_forest_class_weight_balanced,random_forest,min_samples_leaf,60/40,4,random_flip_20,test,50/50,test,1,True,1698,48,4.9429216819989961,42,21,21,0.80952380952380953,0.80952380952380953,0.93333333333333335,0.66666666666666663,0.77777777777777779,0.64597519349993926,20,1,7,14,0.87868480725623588,0.90209507000292288,0.90749854551319298
random_forest_balanced_ratio_preserved_noise_mcc_selected_true_pr_auc_v1,random_forest_class_weight_balanced,random_forest,min_samples_leaf,60/40,4,random_flip_20,test,60/40,test,1,True,1698,48,5.1173616059822962,53,21,32,0.69811320754716977,0.69270833333333326,0.60869565217391308,0.66666666666666663,0.63636363636363635,0.38035627209210943,23,9,7,14,0.8102678571428571,0.74675890422145452,0.75148508857981056
random_forest_balanced_ratio_preserved_noise_mcc_selected_true_pr_auc_v1,random_forest_class_weight_balanced,random_forest,min_samples_leaf,60/40,4,random_flip_20,test,70/30,test,1,True,1698,48,5.2483290499949362,70,21,49,0.7857142857142857,0.7517006802721089,0.63636363636363635,0.66666666666666663,0.65116279069767447,0.49692416114898447,41,8,7,14,0.83333333333333337,0.72460481065923243,0.7334321464547755
random_forest_balanced_ratio_preserved_noise_mcc_selected_true_pr_auc_v1,random_forest_class_weight_balanced,random_forest,min_samples_leaf,60/40,4,random_flip_20,test,75/25,test,1,True,1698,48,5.3916547239932697,84,21,63,0.7857142857142857,0.74603174603174605,0.56000000000000005,0.66666666666666663,0.60869565217391308,0.46602053736175392,52,11,7,14,0.82464096749811033,0.65133334189498493,0.65812256128148594
random_forest_balanced_ratio_preserved_noise_mcc_selected_true_pr_auc_v1,random_forest_class_weight_balanced,random_forest,min_samples_leaf,60/40,4,random_flip_20,test,80/20,test,1,True,1698,48,5.5215832139947452,105,21,84,0.83809523809523812,0.77380952380952372,0.58333333333333337,0.66666666666666663,0.62222222222222223,0.52165059337049158,74,10,7,14,0.88236961451247165,0.74540079659056824,0.74937966459794292
random_forest_balanced_ratio_preserved_noise_mcc_selected_true_pr_auc_v1,random_forest_class_weight_balanced,random_forest,min_samples_leaf,60/40,4,random_flip_20,test,90/10,test,1,True,1698,48,5.7558502320025582,210,21,189,0.83333333333333337,0.7592592592592593,0.33333333333333331,0.66666666666666663,0.44444444444444442,0.3888888888888889,161,28,7,14,0.84731670445956153,0.46392871607974584,0.4535382953213874
random_forest_balanced_ratio_preserved_noise_mcc_selected_true_pr_auc_v1,random_forest_class_weight_balanced,random_forest,min_samples_leaf,60/40,4,random_fp_10,validation_selected_reproduction,60/40,valid,5,True,2124,48,5.3255889239953831,48,19,29,0.77083333333333337,0.80127041742286753,0.6428571428571429,0.94736842105263153,0.76595744680851063,0.59767937709226682,19,10,1,18,0.84754990925589835,0.77112249349091455,0.76094241426765608
random_forest_balanced_ratio_preserved_noise_mcc_selected_true_pr_auc_v1,random_forest_class_weight_balanced,random_forest,min_samples_leaf,60/40,4,random_fp_10,test,50/50,test,5,True,2124,48,5.4238269600027706,42,21,21,0.80952380952380953,0.80952380952380953,0.84210526315789469,0.76190476190476186,0.80000000000000004,0.6218743352054219,18,3,5,16,0.88662131519274379,0.91904611145614123,0.9175981376126765
random_forest_balanced_ratio_preserved_noise_mcc_selected_true_pr_auc_v1,random_forest_class_weight_balanced,random_forest,min_samples_leaf,60/40,4,random_fp_10,test,60/40,test,5,True,2124,48,5.5924932580091991,53,21,32,0.77358490566037741,0.77157738095238093,0.69565217391304346,0.76190476190476186,0.72727272727272729,0.53602331781320434,25,7,5,16,0.85863095238095233,0.84300733113758342,0.8398231287562361
random_forest_balanced_ratio_preserved_noise_mcc_selected_true_pr_auc_v1,random_forest_class_weight_balanced,random_forest,min_samples_leaf,60/40,4,random_fp_10,test,70/30,test,5,True,2124,48,5.7094692540122196,70,21,49,0.7142857142857143,0.72789115646258495,0.5161290322580645,0.76190476190476186,0.61538461538461542,0.42048644951794706,34,15,5,16,0.82798833819241979,0.73503789746025783,0.72827226360532493
random_forest_balanced_ratio_preserved_noise_mcc_selected_true_pr_auc_v1,random_forest_class_weight_balanced,random_forest,min_samples_leaf,60/40,4,random_fp_10,test,75/25,test,5,True,2124,48,5.8462336740049068,84,21,63,0.7857142857142857,0.77777777777777768,0.55172413793103448,0.76190476190476186,0.64000000000000001,0.50597268647293137,50,13,5,16,0.86696900982615266,0.7282316961610622,0.72019896544095596
random_forest_balanced_ratio_preserved_noise_mcc_selected_true_pr_auc_v1,random_forest_class_weight_balanced,random_forest,min_samples_leaf,60/40,4,random_fp_10,test,80/20,test,5,True,2124,48,5.9783004730124958,105,21,84,0.8666666666666667,0.82738095238095233,0.64000000000000001,0.76190476190476186,0.69565217391304346,0.61491869381244213,75,9,5,16,0.90476190476190477,0.81888862403015428,0.81627976819963743
random_forest_balanced_ratio_preserved_noise_mcc_selected_true_pr_auc_v1,random_forest_class_weight_balanced,random_forest,min_samples_leaf,60/40,4,random_fp_10,test,90/10,test,5,True,2124,48,6.2279532630054746,210,21,189,0.77619047619047621,0.76984126984126977,0.27586206896551724,0.76190476190476186,0.4050632911392405,0.36211217441595922,147,42,5,16,0.86570924666162763,0.62422332267116032,0.61921429551130502
random_forest_balanced_ratio_preserved_noise_mcc_selected_true_pr_auc_v1,random_forest_class_weight_balanced,random_forest,min_samples_leaf,60/40,4,random_fp_20,validation_selected_reproduction,60/40,valid,2,True,2549,48,6.1831609320070129,48,19,29,0.77083333333333337,0.77404718693284935,0.68181818181818177,0.78947368421052633,0.73170731707317072,0.53793912117444276,22,7,4,15,0.82214156079854805,0.70477559496536846,0.68799681947074964
random_forest_balanced_ratio_preserved_noise_mcc_selected_true_pr_auc_v1,random_forest_class_weight_balanced,random_forest,min_samples_leaf,60/40,4,random_fp_20,test,50/50,test,2,True,2549,48,6.2773128819826525,42,21,21,0.76190476190476186,0.76190476190476186,0.78947368421052633,0.7142857142857143,0.75,0.52620136055843392,17,4,6,15,0.88208616780045346,0.9030298206239018,0.90090906411456229
random_forest_balanced_ratio_preserved_noise_mcc_selected_true_pr_auc_v1,random_forest_class_weight_balanced,random_forest,min_samples_leaf,60/40,4,random_fp_20,test,60/40,test,2,True,2549,48,6.4469989839999471,53,21,32,0.77358490566037741,0.76339285714285721,0.7142857142857143,0.7142857142857143,0.7142857142857143,0.5267857142857143,26,6,6,15,0.86011904761904767,0.84907248827653925,0.84619658554207011
random_forest_balanced_ratio_preserved_noise_mcc_selected_true_pr_auc_v1,random_forest_class_weight_balanced,random_forest,min_samples_leaf,60/40,4,random_fp_20,test,70/30,test,2,True,2549,48,6.5652839810063597,70,21,49,0.72857142857142854,0.72448979591836737,0.5357142857142857,0.7142857142857143,0.61224489795918369,0.4199819515766669,36,13,6,15,0.82896015549076774,0.72069739266944244,0.71440075075300569
random_forest_balanced_ratio_preserved_noise_mcc_selected_true_pr_auc_v1,random_forest_class_weight_balanced,random_forest,min_samples_leaf,60/40,4,random_fp_20,test,75/25,test,2,True,2549,48,6.7034366329899058,84,21,63,0.76190476190476186,0.74603174603174605,0.51724137931034486,0.7142857142857143,0.59999999999999998,0.44814723659031064,49,14,6,15,0.86848072562358281,0.78425275990011678,0.78067936866502419
random_forest_balanced_ratio_preserved_noise_mcc_selected_true_pr_auc_v1,random_forest_class_weight_balanced,random_forest,min_samples_leaf,60/40,4,random_fp_20,test,80/20,test,2,True,2549,48,6.8281369500036817,105,21,84,0.84761904761904761,0.79761904761904767,0.59999999999999998,0.7142857142857143,0.65217391304347827,0.55901699437494745,74,10,6,15,0.89795918367346939,0.78915994038192627,0.78578202934755059
random_forest_balanced_ratio_preserved_noise_mcc_selected_true_pr_auc_v1,random_forest_class_weight_balanced,random_forest,min_samples_leaf,60/40,4,random_fp_20,test,90/10,test,2,True,2549,48,7.0592853149864823,210,21,189,0.79047619047619044,0.75661375661375663,0.28301886792452829,0.7142857142857143,0.40540540540540543,0.35445631531536348,151,38,6,15,0.86671705719324776,0.59741042472987316,0.5918744651611183
random_forest_balanced_ratio_preserved_noise_mcc_selected_true_pr_auc_v1,random_forest_class_weight_balanced,random_forest,min_samples_leaf,60/40,4,heuristic_fp_10,validation_selected_reproduction,60/40,valid,2,True,2124,48,5.5375858600018546,48,19,29,0.77083333333333337,0.79219600725952821,0.65384615384615385,0.89473684210526316,0.75555555555555554,0.57356422853698863,20,9,2,17,0.84573502722323046,0.73911826554485827,0.72683139306061739
random_forest_balanced_ratio_preserved_noise_mcc_selected_true_pr_auc_v1,random_forest_class_weight_balanced,random_forest,min_samples_leaf,60/40,4,heuristic_fp_10,test,50/50,test,2,True,2124,48,5.6375811169855297,42,21,21,0.8571428571428571,0.85714285714285721,0.82608695652173914,0.90476190476190477,0.86363636363636365,0.71754730985240978,17,4,2,19,0.9251700680272108,0.9178563111336222,0.91520525096461047
random_forest_balanced_ratio_preserved_noise_mcc_selected_true_pr_auc_v1,random_forest_class_weight_balanced,random_forest,min_samples_leaf,60/40,4,heuristic_fp_10,test,60/40,test,2,True,2124,48,5.8019236839900259,53,21,32,0.81132075471698117,0.82738095238095233,0.70370370370370372,0.90476190476190477,0.79166666666666663,0.64061851133006109,24,8,2,19,0.90178571428571419,0.87545298181805586,0.87273862356182552
random_forest_balanced_ratio_preserved_noise_mcc_selected_true_pr_auc_v1,random_forest_class_weight_balanced,random_forest,min_samples_leaf,60/40,4,heuristic_fp_10,test,70/30,test,2,True,2124,48,5.9154950889933389,70,21,49,0.74285714285714288,0.78911564625850339,0.54285714285714282,0.90476190476190477,0.6785714285714286,0.52995773343026731,33,16,2,19,0.87657920310981541,0.68737930737597286,0.66000080827065644
random_forest_balanced_ratio_preserved_noise_mcc_selected_true_pr_auc_v1,random_forest_class_weight_balanced,random_forest,min_samples_leaf,60/40,4,heuristic_fp_10,test,75/25,test,2,True,2124,48,6.0528942639939487,84,21,63,0.83333333333333337,0.85714285714285721,0.61290322580645162,0.90476190476190477,0.73076923076923073,0.64096321309074011,51,12,2,19,0.90476190476190488,0.69423028857146374,0.67801948501844356
random_forest_balanced_ratio_preserved_noise_mcc_selected_true_pr_auc_v1,random_forest_class_weight_balanced,random_forest,min_samples_leaf,60/40,4,heuristic_fp_10,test,80/20,test,2,True,2124,48,6.1752229649864603,105,21,84,0.8571428571428571,0.875,0.59375,0.90476190476190477,0.71698113207547165,0.65173963727436468,71,13,2,19,0.94614512471655321,0.86722207451370381,0.86485480435616813
random_forest_balanced_ratio_preserved_noise_mcc_selected_true_pr_auc_v1,random_forest_class_weight_balanced,random_forest,min_samples_leaf,60/40,4,heuristic_fp_10,test,90/10,test,2,True,2124,48,6.4376396339794155,210,21,189,0.79523809523809519,0.84391534391534395,0.31666666666666665,0.90476190476190477,0.46913580246913578,0.45677343980209922,148,41,2,19,0.91509196271101034,0.61009735452934855,0.59896094676304679
random_forest_balanced_ratio_preserved_noise_mcc_selected_true_pr_auc_v1,random_forest_class_weight_balanced,random_forest,min_samples_leaf,60/40,4,heuristic_fp_20,validation_selected_reproduction,60/40,valid,1,True,2549,48,5.8444194319890812,48,19,29,0.75,0.78402903811252267,0.62068965517241381,0.94736842105263153,0.75,0.56805807622504534,18,11,1,18,0.84392014519056258,0.68928915348793629,0.6768610437331255
random_forest_balanced_ratio_preserved_noise_mcc_selected_true_pr_auc_v1,random_forest_class_weight_balanced,random_forest,min_samples_leaf,60/40,4,heuristic_fp_20,test,50/50,test,1,True,2549,48,5.9501370229991153,42,21,21,0.88095238095238093,0.88095238095238093,0.83333333333333337,0.95238095238095233,0.88888888888888884,0.76980035891950105,17,4,1,20,0.94784580498866211,0.94522698018948237,0.94311669137525334
random_forest_balanced_ratio_preserved_noise_mcc_selected_true_pr_auc_v1,random_forest_class_weight_balanced,random_forest,min_samples_leaf,60/40,4,heuristic_fp_20,test,60/40,test,1,True,2549,48,6.1181447159906384,53,21,32,0.83018867924528306,0.85119047619047616,0.7142857142857143,0.95238095238095233,0.81632653061224492,0.68818997535336912,24,8,1,20,0.90476190476190466,0.86728891818052301,0.86741948732017704
random_forest_balanced_ratio_preserved_noise_mcc_selected_true_pr_auc_v1,random_forest_class_weight_balanced,random_forest,min_samples_leaf,60/40,4,heuristic_fp_20,test,70/30,test,1,True,2549,48,6.2322282939858269,70,21,49,0.74285714285714288,0.80272108843537415,0.54054054054054057,0.95238095238095233,0.68965517241379315,0.55580509976007686,32,17,1,20,0.87123420796890183,0.7060104118275663,0.71572018150131012
random_forest_balanced_ratio_preserved_noise_mcc_selected_true_pr_auc_v1,random_forest_class_weight_balanced,random_forest,min_samples_leaf,60/40,4,heuristic_fp_20,test,75/25,test,1,True,2549,48,6.3652180850040168,84,21,63,0.79761904761904767,0.84920634920634919,0.55555555555555558,0.95238095238095233,0.70175438596491224,0.61111111111111116,47,16,1,20,0.92025699168556319,0.81152294001672898,0.81265169099822954
random_forest_balanced_ratio_preserved_noise_mcc_selected_true_pr_auc_v1,random_forest_class_weight_balanced,random_forest,min_samples_leaf,60/40,4,heuristic_fp_20,test,80/20,test,1,True,2549,48,6.4885380989871919,105,21,84,0.80952380952380953,0.86309523809523814,0.51282051282051277,0.95238095238095233,0.66666666666666663,0.60116760258890067,65,19,1,20,0.93934240362811794,0.81771821291392288,0.8164883236799263
random_forest_balanced_ratio_preserved_noise_mcc_selected_true_pr_auc_v1,random_forest_class_weight_balanced,random_forest,min_samples_leaf,60/40,4,heuristic_fp_20,test,90/10,test,1,True,2549,48,6.7685085500124842,210,21,189,0.75238095238095237,0.84126984126984117,0.28169014084507044,0.95238095238095233,0.43478260869565216,0.4328444777037242,138,51,1,20,0.8984630889392794,0.56148971733781128,0.57071702339083319
random_forest_balanced_ratio_preserved_noise_mcc_selected_true_pr_auc_v1,random_forest_class_weight_balanced,random_forest,min_samples_leaf,60/40,5,clean,validation_selected_reproduction,60/40,valid,2,True,1698,48,4.8032954859954771,48,19,29,0.79166666666666663,0.80943738656987296,0.68000000000000005,0.89473684210526316,0.77272727272727271,0.60582146550836369,21,8,2,17,0.83484573502722315,0.75294817827143079,0.74367109986567137
random_forest_balanced_ratio_preserved_noise_mcc_selected_true_pr_auc_v1,random_forest_class_weight_balanced,random_forest,min_samples_leaf,60/40,5,clean,test,50/50,test,2,True,1698,48,4.8868659470172133,42,21,21,0.8571428571428571,0.85714285714285721,0.89473684210526316,0.80952380952380953,0.84999999999999998,0.71754730985240978,19,2,4,17,0.92290249433106575,0.92064323822587779,0.91845327419380851
random_forest_balanced_ratio_preserved_noise_mcc_selected_true_pr_auc_v1,random_forest_class_weight_balanced,random_forest,min_samples_leaf,60/40,5,clean,test,60/40,test,2,True,1698,48,4.9783126130059827,53,21,32,0.84905660377358494,0.84226190476190477,0.80952380952380953,0.80952380952380953,0.80952380952380953,0.68452380952380953,28,4,4,17,0.88244047619047616,0.83053857186514923,0.82490079485313283
random_forest_balanced_ratio_preserved_noise_mcc_selected_true_pr_auc_v1,random_forest_class_weight_balanced,random_forest,min_samples_leaf,60/40,5,clean,test,70/30,test,2,True,1698,48,5.070437906018924,70,21,49,0.84285714285714286,0.83333333333333326,0.70833333333333337,0.80952380952380953,0.75555555555555554,0.64362349842859889,42,7,4,17,0.90184645286686105,0.82984545596894899,0.8262063914868305
random_forest_balanced_ratio_preserved_noise_mcc_selected_true_pr_auc_v1,random_forest_class_weight_balanced,random_forest,min_samples_leaf,60/40,5,clean,test,75/25,test,2,True,1698,48,5.1799470560217742,84,21,63,0.86904761904761907,0.84920634920634919,0.70833333333333337,0.80952380952380953,0.75555555555555554,0.66943868139520302,56,7,4,17,0.91458805744520033,0.80060157017928701,0.79581357353835647
random_forest_balanced_ratio_preserved_noise_mcc_selected_true_pr_auc_v1,random_forest_class_weight_balanced,random_forest,min_samples_leaf,60/40,5,clean,test,80/20,test,2,True,1698,48,5.3522376000182703,105,21,84,0.82857142857142863,0.8214285714285714,0.54838709677419351,0.80952380952380953,0.65384615384615385,0.5637246911950432,70,14,4,17,0.865079365079365,0.62167175115223627,0.59525762207205846
random_forest_balanced_ratio_preserved_noise_mcc_selected_true_pr_auc_v1,random_forest_class_weight_balanced,random_forest,min_samples_leaf,60/40,5,clean,test,90/10,test,2,True,1698,48,5.6273082260158844,210,21,189,0.84285714285714286,0.82804232804232802,0.36956521739130432,0.80952380952380953,0.5074626865671642,0.47588234236045412,160,29,4,17,0.89997480473670954,0.60202488269715171,0.59517672194454363
random_forest_balanced_ratio_preserved_noise_mcc_selected_true_pr_auc_v1,random_forest_class_weight_balanced,random_forest,min_samples_leaf,60/40,5,random_flip_10,validation_selected_reproduction,60/40,valid,5,True,1698,48,4.9947587990027387,48,19,29,0.77083333333333337,0.78312159709618867,0.66666666666666663,0.84210526315789469,0.7441860465116279,0.55381861969499646,21,8,3,16,0.79854809437386565,0.65238141766712232,0.63425805751589848
random_forest_balanced_ratio_preserved_noise_mcc_selected_true_pr_auc_v1,random_forest_class_weight_balanced,random_forest,min_samples_leaf,60/40,5,random_flip_10,test,50/50,test,5,True,1698,48,5.0938801360025536,42,21,21,0.83333333333333337,0.83333333333333326,0.84999999999999998,0.80952380952380953,0.82926829268292679,0.66742381247191462,18,3,4,17,0.88888888888888884,0.87642412180438045,0.87203928053857216
random_forest_balanced_ratio_preserved_noise_mcc_selected_true_pr_auc_v1,random_forest_class_weight_balanced,random_forest,min_samples_leaf,60/40,5,random_flip_10,test,60/40,test,5,True,1698,48,5.1957534069952089,53,21,32,0.86792452830188682,0.85788690476190477,0.84999999999999998,0.80952380952380953,0.82926829268292679,0.7222515325942731,29,3,4,17,0.8839285714285714,0.8344319889978109,0.82800948606111202
random_forest_balanced_ratio_preserved_noise_mcc_selected_true_pr_auc_v1,random_forest_class_weight_balanced,random_forest,min_samples_leaf,60/40,5,random_flip_10,test,70/30,test,5,True,1698,48,5.3021536839951295,70,21,49,0.84285714285714286,0.83333333333333326,0.70833333333333337,0.80952380952380953,0.75555555555555554,0.64362349842859889,42,7,4,17,0.89990281827016527,0.8516534834592715,0.84884558612583438
random_forest_balanced_ratio_preserved_noise_mcc_selected_true_pr_auc_v1,random_forest_class_weight_balanced,random_forest,min_samples_leaf,60/40,5,random_flip_10,test,75/25,test,5,True,1698,48,5.411841827997705,84,21,63,0.8571428571428571,0.84126984126984128,0.68000000000000005,0.80952380952380953,0.73913043478260865,0.64641558408243283,55,8,4,17,0.90476190476190477,0.81382766124104866,0.81008680945800604
random_forest_balanced_ratio_preserved_noise_mcc_selected_true_pr_auc_v1,random_forest_class_weight_balanced,random_forest,min_samples_leaf,60/40,5,random_flip_10,test,80/20,test,5,True,1698,48,5.580738452001242,105,21,84,0.79047619047619044,0.79761904761904767,0.48571428571428571,0.80952380952380953,0.6071428571428571,0.50507627227610541,66,18,4,17,0.86054421768707479,0.6278000019989125,0.60181829361390449
random_forest_balanced_ratio_preserved_noise_mcc_selected_true_pr_auc_v1,random_forest_class_weight_balanced,random_forest,min_samples_leaf,60/40,5,random_flip_10,test,90/10,test,5,True,1698,48,5.862099666002905,210,21,189,0.85238095238095235,0.83333333333333326,0.38636363636363635,0.80952380952380953,0.52307692307692311,0.49143819606095446,162,27,4,17,0.89241622574955903,0.55795442116716876,0.5314541485398685
random_forest_balanced_ratio_preserved_noise_mcc_selected_true_pr_auc_v1,random_forest_class_weight_balanced,random_forest,min_samples_leaf,60/40,5,random_flip_20,validation_selected_reproduction,60/40,valid,5,True,1698,48,4.8407993959845044,48,19,29,0.72916666666666663,0.73956442831215974,0.625,0.78947368421052633,0.69767441860465118,0.46861575512653547,20,9,4,15,0.7931034482758621,0.70116822731331474,0.69033584890937294
random_forest_balanced_ratio_preserved_noise_mcc_selected_true_pr_auc_v1,random_forest_class_weight_balanced,random_forest,min_samples_leaf,60/40,5,random_flip_20,test,50/50,test,5,True,1698,48,4.9307054259988945,42,21,21,0.73809523809523814,0.73809523809523814,0.77777777777777779,0.66666666666666663,0.71794871794871795,0.48112522432468813,17,4,7,14,0.85487528344671193,0.85811011060458209,0.85433077691145543
random_forest_balanced_ratio_preserved_noise_mcc_selected_true_pr_auc_v1,random_forest_class_weight_balanced,random_forest,min_samples_leaf,60/40,5,random_flip_20,test,60/40,test,5,True,1698,48,5.0357599519775249,53,21,32,0.75471698113207553,0.73958333333333326,0.69999999999999996,0.66666666666666663,0.68292682926829273,0.48350310497994997,26,6,7,14,0.82886904761904756,0.7526832317190566,0.74272884673377981
random_forest_balanced_ratio_preserved_noise_mcc_selected_true_pr_auc_v1,random_forest_class_weight_balanced,random_forest,min_samples_leaf,60/40,5,random_flip_20,test,70/30,test,5,True,1698,48,5.216463032993488,70,21,49,0.7857142857142857,0.7517006802721089,0.63636363636363635,0.66666666666666663,0.65116279069767447,0.49692416114898447,41,8,7,14,0.84839650145772583,0.7245460314534049,0.71609093525890777
random_forest_balanced_ratio_preserved_noise_mcc_selected_true_pr_auc_v1,random_forest_class_weight_balanced,random_forest,min_samples_leaf,60/40,5,random_flip_20,test,75/25,test,5,True,1698,48,5.3440311269951053,84,21,63,0.8214285714285714,0.76984126984126977,0.63636363636363635,0.66666666666666663,0.65116279069767447,0.53150958955861405,55,8,7,14,0.86999244142101284,0.73483984379565737,0.72904381902959847
random_forest_balanced_ratio_preserved_noise_mcc_selected_true_pr_auc_v1,random_forest_class_weight_balanced,random_forest,min_samples_leaf,60/40,5,random_flip_20,test,80/20,test,5,True,1698,48,5.510648516996298,105,21,84,0.80000000000000004,0.75,0.5,0.66666666666666663,0.5714285714285714,0.45226701686664544,70,14,7,14,0.82369614512471656,0.54845348558947926,0.52040022286456367
random_forest_balanced_ratio_preserved_noise_mcc_selected_true_pr_auc_v1,random_forest_class_weight_balanced,random_forest,min_samples_leaf,60/40,5,random_flip_20,test,90/10,test,5,True,1698,48,5.808496927988017,210,21,189,0.81428571428571428,0.74867724867724861,0.30434782608695654,0.66666666666666663,0.41791044776119401,0.36074951759582813,157,32,7,14,0.8533635676492819,0.51366706948307339,0.50454299344542186
random_forest_balanced_ratio_preserved_noise_mcc_selected_true_pr_auc_v1,random_forest_class_weight_balanced,random_forest,min_samples_leaf,60/40,5,random_fp_10,validation_selected_reproduction,60/40,valid,2,True,2124,48,5.3251864339981694,48,19,29,0.75,0.76588021778584392,0.64000000000000001,0.84210526315789469,0.72727272727272729,0.52054454367727432,20,9,3,16,0.81851179673321228,0.73167810820220303,0.72281488901037294
random_forest_balanced_ratio_preserved_noise_mcc_selected_true_pr_auc_v1,random_forest_class_weight_balanced,random_forest,min_samples_leaf,60/40,5,random_fp_10,test,50/50,test,2,True,2124,48,5.4177601369738113,42,21,21,0.80952380952380953,0.80952380952380953,0.84210526315789469,0.76190476190476186,0.80000000000000004,0.6218743352054219,18,3,5,16,0.88208616780045346,0.87916500758348026,0.87570491265697559
random_forest_balanced_ratio_preserved_noise_mcc_selected_true_pr_auc_v1,random_forest_class_weight_balanced,random_forest,min_samples_leaf,60/40,5,random_fp_10,test,60/40,test,2,True,2124,48,5.5154642299748957,53,21,32,0.86792452830188682,0.84970238095238093,0.88888888888888884,0.76190476190476186,0.82051282051282048,0.72234213203074837,30,2,5,16,0.9107142857142857,0.88966431312134997,0.88698565656836936
random_forest_balanced_ratio_preserved_noise_mcc_selected_true_pr_auc_v1,random_forest_class_weight_balanced,random_forest,min_samples_leaf,60/40,5,random_fp_10,test,70/30,test,2,True,2124,48,5.6148713729926385,70,21,49,0.84285714285714286,0.8197278911564625,0.72727272727272729,0.76190476190476186,0.7441860465116279,0.63122798848654782,43,6,5,16,0.91448007774538387,0.85472080440567866,0.85152139665867344
random_forest_balanced_ratio_preserved_noise_mcc_selected_true_pr_auc_v1,random_forest_class_weight_balanced,random_forest,min_samples_leaf,60/40,5,random_fp_10,test,75/25,test,2,True,2124,48,5.7260617529973388,84,21,63,0.83333333333333337,0.80952380952380953,0.64000000000000001,0.76190476190476186,0.69565217391304346,0.58628390184220658,54,9,5,16,0.91005291005291,0.80042770384507089,0.79611130990564005
random_forest_balanced_ratio_preserved_noise_mcc_selected_true_pr_auc_v1,random_forest_class_weight_balanced,random_forest,min_samples_leaf,60/40,5,random_fp_10,test,80/20,test,2,True,2124,48,5.9057521009817719,105,21,84,0.80952380952380953,0.79166666666666663,0.5161290322580645,0.76190476190476186,0.61538461538461542,0.51152796052883553,69,15,5,16,0.85487528344671193,0.59940326720032566,0.57256068749233169
random_forest_balanced_ratio_preserved_noise_mcc_selected_true_pr_auc_v1,random_forest_class_weight_balanced,random_forest,min_samples_leaf,60/40,5,random_fp_10,test,90/10,test,2,True,2124,48,6.2076653669937514,210,21,189,0.8571428571428571,0.81481481481481477,0.3902439024390244,0.76190476190476186,0.5161290322580645,0.4765301965319006,164,25,5,16,0.89644746787603935,0.62158818044955977,0.61605919767991746
random_forest_balanced_ratio_preserved_noise_mcc_selected_true_pr_auc_v1,random_forest_class_weight_balanced,random_forest,min_samples_leaf,60/40,5,random_fp_20,validation_selected_reproduction,60/40,valid,2,True,2549,48,6.3051855159865227,48,19,29,0.79166666666666663,0.81851179673321228,0.66666666666666663,0.94736842105263153,0.78260869565217395,0.62797128820715087,20,9,1,18,0.8402903811252268,0.75230514683720817,0.74368562566350749
random_forest_balanced_ratio_preserved_noise_mcc_selected_true_pr_auc_v1,random_forest_class_weight_balanced,random_forest,min_samples_leaf,60/40,5,random_fp_20,test,50/50,test,2,True,2549,48,6.4019196360022761,42,21,21,0.83333333333333337,0.83333333333333326,0.88888888888888884,0.76190476190476186,0.82051282051282048,0.67357531405456339,19,2,5,16,0.90929705215419498,0.90577104725461233,0.90305476081740443
random_forest_balanced_ratio_preserved_noise_mcc_selected_true_pr_auc_v1,random_forest_class_weight_balanced,random_forest,min_samples_leaf,60/40,5,random_fp_20,test,60/40,test,2,True,2549,48,6.5044220919953659,53,21,32,0.81132075471698117,0.80282738095238093,0.76190476190476186,0.76190476190476186,0.76190476190476186,0.60565476190476186,27,5,5,16,0.87797619047619047,0.85474179606523304,0.85148772934301498
random_forest_balanced_ratio_preserved_noise_mcc_selected_true_pr_auc_v1,random_forest_class_weight_balanced,random_forest,min_samples_leaf,60/40,5,random_fp_20,test,70/30,test,2,True,2549,48,6.6088294920045882,70,21,49,0.82857142857142863,0.80952380952380953,0.69565217391304346,0.76190476190476186,0.72727272727272729,0.60397491029036365,42,7,5,16,0.90281827016520888,0.82648983380519137,0.82261584718831315
random_forest_balanced_ratio_preserved_noise_mcc_selected_true_pr_auc_v1,random_forest_class_weight_balanced,random_forest,min_samples_leaf,60/40,5,random_fp_20,test,75/25,test,2,True,2549,48,6.7179421930050012,84,21,63,0.84523809523809523,0.81746031746031744,0.66666666666666663,0.76190476190476186,0.71111111111111114,0.60858061945018449,55,8,5,16,0.90476190476190466,0.79983497351509802,0.79570770305526195
random_forest_balanced_ratio_preserved_noise_mcc_selected_true_pr_auc_v1,random_forest_class_weight_balanced,random_forest,min_samples_leaf,60/40,5,random_fp_20,test,80/20,test,2,True,2549,48,6.8924490589997731,105,21,84,0.80952380952380953,0.79166666666666663,0.5161290322580645,0.76190476190476186,0.61538461538461542,0.51152796052883553,69,15,5,16,0.8718820861678005,0.67318382007876543,0.66280962605670291
random_forest_balanced_ratio_preserved_noise_mcc_selected_true_pr_auc_v1,random_forest_class_weight_balanced,random_forest,min_samples_leaf,60/40,5,random_fp_20,test,90/10,test,2,True,2549,48,7.1735423159843776,210,21,189,0.84761904761904761,0.80952380952380953,0.37209302325581395,0.76190476190476186,0.5,0.46022705294128124,162,27,5,16,0.90199042579994959,0.6696959794787084,0.66520789305428607
random_forest_balanced_ratio_preserved_noise_mcc_selected_true_pr_auc_v1,random_forest_class_weight_balanced,random_forest,min_samples_leaf,60/40,5,heuristic_fp_10,validation_selected_reproduction,60/40,valid,1,True,2124,48,5.2225363449833822,48,19,29,0.75,0.78402903811252267,0.62068965517241381,0.94736842105263153,0.75,0.56805807622504534,18,11,1,18,0.81488203266787651,0.67303973354656599,0.65786831287934688
random_forest_balanced_ratio_preserved_noise_mcc_selected_true_pr_auc_v1,random_forest_class_weight_balanced,random_forest,min_samples_leaf,60/40,5,heuristic_fp_10,test,50/50,test,1,True,2124,48,5.3256473259825725,42,21,21,0.8571428571428571,0.85714285714285721,0.89473684210526316,0.80952380952380953,0.84999999999999998,0.71754730985240978,19,2,4,17,0.93310657596371871,0.91686132310855883,0.91617682242405818
random_forest_balanced_ratio_preserved_noise_mcc_selected_true_pr_auc_v1,random_forest_class_weight_balanced,random_forest,min_samples_leaf,60/40,5,heuristic_fp_10,test,60/40,test,1,True,2124,48,5.4394753869855776,53,21,32,0.83018867924528306,0.82663690476190477,0.77272727272727271,0.80952380952380953,0.79069767441860461,0.64846672574637432,27,5,4,17,0.91889880952380953,0.87132407072824813,0.86690815362156859
random_forest_balanced_ratio_preserved_noise_mcc_selected_true_pr_auc_v1,random_forest_class_weight_balanced,random_forest,min_samples_leaf,60/40,5,heuristic_fp_10,test,70/30,test,1,True,2124,48,5.5468036359816324,70,21,49,0.81428571428571428,0.81292517006802723,0.65384615384615385,0.80952380952380953,0.72340425531914898,0.59356074020638561,40,9,4,17,0.92468415937803694,0.86567610657584582,0.86769826841774589
random_forest_balanced_ratio_preserved_noise_mcc_selected_true_pr_auc_v1,random_forest_class_weight_balanced,random_forest,min_samples_leaf,60/40,5,heuristic_fp_10,test,75/25,test,1,True,2124,48,5.6654034099774435,84,21,63,0.86904761904761907,0.84920634920634919,0.70833333333333337,0.80952380952380953,0.75555555555555554,0.66943868139520302,56,7,4,17,0.93575207860922149,0.82568429083746331,0.82932842585901478
random_forest_balanced_ratio_preserved_noise_mcc_selected_true_pr_auc_v1,random_forest_class_weight_balanced,random_forest,min_samples_leaf,60/40,5,heuristic_fp_10,test,80/20,test,1,True,2124,48,5.841299457999412,105,21,84,0.79047619047619044,0.79761904761904767,0.48571428571428571,0.80952380952380953,0.6071428571428571,0.50507627227610541,66,18,4,17,0.90447845804988658,0.66740738103192654,0.63829704689503397
random_forest_balanced_ratio_preserved_noise_mcc_selected_true_pr_auc_v1,random_forest_class_weight_balanced,random_forest,min_samples_leaf,60/40,5,heuristic_fp_10,test,90/10,test,1,True,2124,48,6.1268492300005164,210,21,189,0.81428571428571428,0.8121693121693121,0.32692307692307693,0.80952380952380953,0.46575342465753422,0.43394085194667636,154,35,4,17,0.92630385487528344,0.66142149408864004,0.6676329488770234
random_forest_balanced_ratio_preserved_noise_mcc_selected_true_pr_auc_v1,random_forest_class_weight_balanced,random_forest,min_samples_leaf,60/40,5,heuristic_fp_20,validation_selected_reproduction,60/40,valid,2,True,2549,48,5.9522818329860456,48,19,29,0.72916666666666663,0.76678765880217781,0.59999999999999998,0.94736842105263153,0.73469387755102045,0.53898248335393184,17,12,1,18,0.8039927404718693,0.6864864902159884,0.67289164251954958
random_forest_balanced_ratio_preserved_noise_mcc_selected_true_pr_auc_v1,random_forest_class_weight_balanced,random_forest,min_samples_leaf,60/40,5,heuristic_fp_20,test,50/50,test,2,True,2549,48,6.05039672498242,42,21,21,0.90476190476190477,0.90476190476190477,0.90476190476190477,0.90476190476190477,0.90476190476190477,0.80952380952380953,19,2,2,19,0.9546485260770976,0.94842638790343736,0.94687000777562869
random_forest_balanced_ratio_preserved_noise_mcc_selected_true_pr_auc_v1,random_forest_class_weight_balanced,random_forest,min_samples_leaf,60/40,5,heuristic_fp_20,test,60/40,test,2,True,2549,48,6.1461320619855542,53,21,32,0.83018867924528306,0.84300595238095233,0.73076923076923073,0.90476190476190477,0.80851063829787229,0.67119348573445037,25,7,2,19,0.90327380952380953,0.79650564793600276,0.77233022919447492
random_forest_balanced_ratio_preserved_noise_mcc_selected_true_pr_auc_v1,random_forest_class_weight_balanced,random_forest,min_samples_leaf,60/40,5,heuristic_fp_20,test,70/30,test,2,True,2549,48,6.2487885720038321,70,21,49,0.7857142857142857,0.81972789115646261,0.59375,0.90476190476190477,0.71698113207547165,0.58823575482806667,36,13,2,19,0.9173955296404277,0.85748859301423064,0.85458391056309502
random_forest_balanced_ratio_preserved_noise_mcc_selected_true_pr_auc_v1,random_forest_class_weight_balanced,random_forest,min_samples_leaf,60/40,5,heuristic_fp_20,test,75/25,test,2,True,2549,48,6.3628567289852072,84,21,63,0.84523809523809523,0.86507936507936511,0.6333333333333333,0.90476190476190477,0.74509803921568629,0.65984160713163398,52,11,2,19,0.93575207860922149,0.81873386127034964,0.81353447488675279
random_forest_balanced_ratio_preserved_noise_mcc_selected_true_pr_auc_v1,random_forest_class_weight_balanced,random_forest,min_samples_leaf,60/40,5,heuristic_fp_20,test,80/20,test,2,True,2549,48,6.5796427169989329,105,21,84,0.78095238095238095,0.82738095238095233,0.47499999999999998,0.90476190476190477,0.62295081967213117,0.53931937163000609,63,21,2,19,0.89739229024943312,0.63101803857892591,0.60380964133269854
random_forest_balanced_ratio_preserved_noise_mcc_selected_true_pr_auc_v1,random_forest_class_weight_balanced,random_forest,min_samples_leaf,60/40,5,heuristic_fp_20,test,90/10,test,2,True,2549,48,6.9541646869911347,210,21,189,0.81428571428571428,0.85449735449735442,0.3392857142857143,0.90476190476190477,0.4935064935064935,0.48098238301690865,152,37,2,19,0.92441421012849578,0.58570955682892389,0.57004517722620873
random_forest_balanced_ratio_preserved_noise_mcc_selected_true_pr_auc_v1,random_forest_class_weight_balanced,random_forest,min_samples_leaf,70/30,1,clean,validation_selected_reproduction,70/30,valid,2,True,2264,64,5.7227183250070084,64,19,45,0.875,0.83508771929824555,0.82352941176470584,0.73684210526315785,0.77777777777777779,0.69326324387015037,42,3,5,14,0.90760233918128663,0.77924152730654273,0.77107860153891616
random_forest_balanced_ratio_preserved_noise_mcc_selected_true_pr_auc_v1,random_forest_class_weight_balanced,random_forest,min_samples_leaf,70/30,1,clean,test,50/50,test,2,True,2264,64,5.8118143160245381,42,21,21,0.80952380952380953,0.80952380952380953,1,0.61904761904761907,0.76470588235294112,0.66953406341198618,21,0,8,13,0.87301587301587302,0.90140576687229834,0.89940050870223542
random_forest_balanced_ratio_preserved_noise_mcc_selected_true_pr_auc_v1,random_forest_class_weight_balanced,random_forest,min_samples_leaf,70/30,1,clean,test,60/40,test,2,True,2264,64,5.9164522619976196,53,21,32,0.81132075471698117,0.77827380952380953,0.8666666666666667,0.61904761904761907,0.72222222222222221,0.60429574716505419,30,2,8,13,0.89136904761904767,0.87396329009522766,0.87139506362498453
random_forest_balanced_ratio_preserved_noise_mcc_selected_true_pr_auc_v1,random_forest_class_weight_balanced,random_forest,min_samples_leaf,70/30,1,clean,test,70/30,test,2,True,2264,64,6.0178468920057639,70,21,49,0.8571428571428571,0.78911564625850339,0.8666666666666667,0.61904761904761907,0.72222222222222221,0.64577659993794834,47,2,8,13,0.91156462585034004,0.82517784422635931,0.82018955856063069
random_forest_balanced_ratio_preserved_noise_mcc_selected_true_pr_auc_v1,random_forest_class_weight_balanced,random_forest,min_samples_leaf,70/30,1,clean,test,75/25,test,2,True,2264,64,6.1307568720076233,84,21,63,0.86904761904761907,0.7857142857142857,0.8125,0.61904761904761907,0.70270270270270274,0.63012603781260434,60,3,8,13,0.92214663643235073,0.84220359535024447,0.83933819489858852
random_forest_balanced_ratio_preserved_noise_mcc_selected_true_pr_auc_v1,random_forest_class_weight_balanced,random_forest,min_samples_leaf,70/30,1,clean,test,80/20,test,2,True,2264,64,6.2731081430101767,105,21,84,0.87619047619047619,0.77976190476190477,0.72222222222222221,0.61904761904761907,0.66666666666666663,0.59384346747014105,79,5,8,13,0.88548752834467126,0.74194749131622184,0.73695734431016002
random_forest_balanced_ratio_preserved_noise_mcc_selected_true_pr_auc_v1,random_forest_class_weight_balanced,random_forest,min_samples_leaf,70/30,1,clean,test,90/10,test,2,True,2264,64,6.5211962160246912,210,21,189,0.90476190476190477,0.77777777777777779,0.52000000000000002,0.61904761904761907,0.56521739130434778,0.51465023546566546,177,12,8,13,0.87918871252204589,0.58979549596028846,0.5840683420596483
random_forest_balanced_ratio_preserved_noise_mcc_selected_true_pr_auc_v1,random_forest_class_weight_balanced,random_forest,min_samples_leaf,70/30,1,random_flip_10,validation_selected_reproduction,70/30,valid,2,True,2264,64,5.7669034519931301,64,19,45,0.8125,0.71461988304093571,0.81818181818181823,0.47368421052631576,0.59999999999999998,0.51981490661486107,43,2,10,9,0.87602339181286548,0.73943616242007137,0.72980493105421007
random_forest_balanced_ratio_preserved_noise_mcc_selected_true_pr_auc_v1,random_forest_class_weight_balanced,random_forest,min_samples_leaf,70/30,1,random_flip_10,test,50/50,test,2,True,2264,64,5.8626117389940191,42,21,21,0.7857142857142857,0.7857142857142857,1,0.5714285714285714,0.72727272727272729,0.63245553203367588,21,0,9,12,0.89115646258503389,0.92719693938181336,0.92594604428693339
random_forest_balanced_ratio_preserved_noise_mcc_selected_true_pr_auc_v1,random_forest_class_weight_balanced,random_forest,min_samples_leaf,70/30,1,random_flip_10,test,60/40,test,2,True,2264,64,5.9655838449834846,53,21,32,0.83018867924528306,0.7857142857142857,1,0.5714285714285714,0.72727272727272729,0.66782709690374575,32,0,9,12,0.89880952380952384,0.88537872037273546,0.88311606140997956
random_forest_balanced_ratio_preserved_noise_mcc_selected_true_pr_auc_v1,random_forest_class_weight_balanced,random_forest,min_samples_leaf,70/30,1,random_flip_10,test,70/30,test,2,True,2264,64,6.0723968120000791,70,21,49,0.8571428571428571,0.77551020408163263,0.92307692307692313,0.5714285714285714,0.70588235294117652,0.6493311948292404,48,1,9,12,0.92128279883381925,0.85471779974885598,0.85131923412948085
random_forest_balanced_ratio_preserved_noise_mcc_selected_true_pr_auc_v1,random_forest_class_weight_balanced,random_forest,min_samples_leaf,70/30,1,random_flip_10,test,75/25,test,2,True,2264,64,6.193185096984962,84,21,63,0.8928571428571429,0.7857142857142857,1,0.5714285714285714,0.72727272727272729,0.70710678118654757,63,0,9,12,0.92894935752078611,0.86139307926466691,0.85886418748569127
random_forest_balanced_ratio_preserved_noise_mcc_selected_true_pr_auc_v1,random_forest_class_weight_balanced,random_forest,min_samples_leaf,70/30,1,random_flip_10,test,80/20,test,2,True,2264,64,6.3388431360071991,105,21,84,0.8571428571428571,0.75,0.66666666666666663,0.5714285714285714,0.61538461538461542,0.53066863050523239,78,6,9,12,0.88888888888888884,0.72600997311881676,0.720392761438857
random_forest_balanced_ratio_preserved_noise_mcc_selected_true_pr_auc_v1,random_forest_class_weight_balanced,random_forest,min_samples_leaf,70/30,1,random_flip_10,test,90/10,test,2,True,2264,64,6.5955092200019863,210,21,189,0.90952380952380951,0.7592592592592593,0.54545454545454541,0.5714285714285714,0.55813953488372092,0.50794250441641697,179,10,9,12,0.89531368102796682,0.64888792696496722,0.64535469623073971
random_forest_balanced_ratio_preserved_noise_mcc_selected_true_pr_auc_v1,random_forest_class_weight_balanced,random_forest,min_samples_leaf,70/30,1,random_flip_20,validation_selected_reproduction,70/30,valid,5,True,2264,64,5.6214906780223828,64,19,45,0.796875,0.73391812865497075,0.6875,0.57894736842105265,0.62857142857142856,0.49362406479924364,40,5,8,11,0.89941520467836256,0.80595477557321893,0.80041855031358811
random_forest_balanced_ratio_preserved_noise_mcc_selected_true_pr_auc_v1,random_forest_class_weight_balanced,random_forest,min_samples_leaf,70/30,1,random_flip_20,test,50/50,test,5,True,2264,64,5.7207032170263119,42,21,21,0.7142857142857143,0.71428571428571419,0.90909090909090906,0.47619047619047616,0.625,0.48737732496649411,20,1,11,10,0.87301587301587302,0.89817298488686403,0.89582826648177405
random_forest_balanced_ratio_preserved_noise_mcc_selected_true_pr_auc_v1,random_forest_class_weight_balanced,random_forest,min_samples_leaf,70/30,1,random_flip_20,test,60/40,test,5,True,2264,64,5.8473605200124439,53,21,32,0.77358490566037741,0.72247023809523814,0.90909090909090906,0.47619047619047616,0.625,0.53661840493304358,31,1,11,10,0.86904761904761907,0.8448054420432014,0.84119061763947922
random_forest_balanced_ratio_preserved_noise_mcc_selected_true_pr_auc_v1,random_forest_class_weight_balanced,random_forest,min_samples_leaf,70/30,1,random_flip_20,test,70/30,test,5,True,2264,64,5.9668799049977679,70,21,49,0.77142857142857146,0.68707482993197277,0.66666666666666663,0.47619047619047616,0.55555555555555558,0.4178554470186725,44,5,11,10,0.87366375121477158,0.75713188852115132,0.75018390522547129
random_forest_balanced_ratio_preserved_noise_mcc_selected_true_pr_auc_v1,random_forest_class_weight_balanced,random_forest,min_samples_leaf,70/30,1,random_flip_20,test,75/25,test,5,True,2264,64,6.1051990010018926,84,21,63,0.83333333333333337,0.71428571428571419,0.76923076923076927,0.47619047619047616,0.58823529411764708,0.51310032092006852,60,3,11,10,0.8873771730914588,0.74414298451654792,0.73721046204203655
random_forest_balanced_ratio_preserved_noise_mcc_selected_true_pr_auc_v1,random_forest_class_weight_balanced,random_forest,min_samples_leaf,70/30,1,random_flip_20,test,80/20,test,5,True,2264,64,6.2704187190101948,105,21,84,0.80952380952380953,0.68452380952380953,0.52631578947368418,0.47619047619047616,0.5,0.38344728939635236,75,9,11,10,0.84693877551020402,0.65678364294103897,0.65014829311094791
random_forest_balanced_ratio_preserved_noise_mcc_selected_true_pr_auc_v1,random_forest_class_weight_balanced,random_forest,min_samples_leaf,70/30,1,random_flip_20,test,90/10,test,5,True,2264,64,6.5170226269983687,210,21,189,0.90000000000000002,0.71164021164021163,0.5,0.47619047619047616,0.48780487804878048,0.43259045634870008,179,10,11,10,0.86041824137062228,0.55717479538362857,0.54957828421614519
random_forest_balanced_ratio_preserved_noise_mcc_selected_true_pr_auc_v1,random_forest_class_weight_balanced,random_forest,min_samples_leaf,70/30,1,random_fp_10,validation_selected_reproduction,70/30,valid,5,True,3021,64,6.8511831299983896,64,19,45,0.828125,0.80175438596491233,0.69999999999999996,0.73684210526315785,0.71794871794871795,0.59487443892482417,39,6,5,14,0.88538011695906427,0.68696148957229286,0.66964881941265997
random_forest_balanced_ratio_preserved_noise_mcc_selected_true_pr_auc_v1,random_forest_class_weight_balanced,random_forest,min_samples_leaf,70/30,1,random_fp_10,test,50/50,test,5,True,3021,64,6.9427408589981496,42,21,21,0.80952380952380953,0.80952380952380953,1,0.61904761904761907,0.76470588235294112,0.66953406341198618,21,0,8,13,0.87755102040816313,0.91406717642011759,0.91252487258579218
random_forest_balanced_ratio_preserved_noise_mcc_selected_true_pr_auc_v1,random_forest_class_weight_balanced,random_forest,min_samples_leaf,70/30,1,random_fp_10,test,60/40,test,5,True,3021,64,7.0383993840077892,53,21,32,0.81132075471698117,0.77827380952380953,0.8666666666666667,0.61904761904761907,0.72222222222222221,0.60429574716505419,30,2,8,13,0.86309523809523803,0.85923280423280457,0.85649079859864186
random_forest_balanced_ratio_preserved_noise_mcc_selected_true_pr_auc_v1,random_forest_class_weight_balanced,random_forest,min_samples_leaf,70/30,1,random_fp_10,test,70/30,test,5,True,3021,64,7.1486618920171168,70,21,49,0.84285714285714286,0.77891156462585043,0.8125,0.61904761904761907,0.70270270270270274,0.60876171768941112,46,3,8,13,0.89407191448007772,0.82495348644508337,0.82060588071329676
random_forest_balanced_ratio_preserved_noise_mcc_selected_true_pr_auc_v1,random_forest_class_weight_balanced,random_forest,min_samples_leaf,70/30,1,random_fp_10,test,75/25,test,5,True,3021,64,7.2650973249983508,84,21,63,0.84523809523809523,0.76984126984126977,0.72222222222222221,0.61904761904761907,0.66666666666666663,0.56952142864688693,58,5,8,13,0.89795918367346939,0.82199092177905864,0.81865026493261173
random_forest_balanced_ratio_preserved_noise_mcc_selected_true_pr_auc_v1,random_forest_class_weight_balanced,random_forest,min_samples_leaf,70/30,1,random_fp_10,test,80/20,test,5,True,3021,64,7.4735223470197525,105,21,84,0.81904761904761902,0.74404761904761907,0.54166666666666663,0.61904761904761907,0.57777777777777772,0.4649494419171773,73,11,8,13,0.86507936507936511,0.69636309209006209,0.69040239753255972
random_forest_balanced_ratio_preserved_noise_mcc_selected_true_pr_auc_v1,random_forest_class_weight_balanced,random_forest,min_samples_leaf,70/30,1,random_fp_10,test,90/10,test,5,True,3021,64,7.7242731919977814,210,21,189,0.85238095238095235,0.74867724867724861,0.3611111111111111,0.61904761904761907,0.45614035087719296,0.395895644980094,166,23,8,13,0.8686067019400352,0.57637308197215653,0.57199185324510726
random_forest_balanced_ratio_preserved_noise_mcc_selected_true_pr_auc_v1,random_forest_class_weight_balanced,random_forest,min_samples_leaf,70/30,1,random_fp_20,validation_selected_reproduction,70/30,valid,5,True,3775,64,8.0429599320050329,64,19,45,0.828125,0.80175438596491233,0.69999999999999996,0.73684210526315785,0.71794871794871795,0.59487443892482417,39,6,5,14,0.89824561403508774,0.74823101090515953,0.73922045860792629
random_forest_balanced_ratio_preserved_noise_mcc_selected_true_pr_auc_v1,random_forest_class_weight_balanced,random_forest,min_samples_leaf,70/30,1,random_fp_20,test,50/50,test,5,True,3775,64,8.1402873659972101,42,21,21,0.7857142857142857,0.7857142857142857,0.9285714285714286,0.61904761904761907,0.74285714285714288,0.60609152673132649,20,1,8,13,0.88888888888888884,0.91605253212396076,0.91432296467444441
random_forest_balanced_ratio_preserved_noise_mcc_selected_true_pr_auc_v1,random_forest_class_weight_balanced,random_forest,min_samples_leaf,70/30,1,random_fp_20,test,60/40,test,5,True,3775,64,8.2491766720195301,53,21,32,0.79245283018867929,0.76264880952380953,0.8125,0.61904761904761907,0.70270270270270274,0.5596663755294996,29,3,8,13,0.86755952380952384,0.86885775572115453,0.86646694107544131
random_forest_balanced_ratio_preserved_noise_mcc_selected_true_pr_auc_v1,random_forest_class_weight_balanced,random_forest,min_samples_leaf,70/30,1,random_fp_20,test,70/30,test,5,True,3775,64,8.3572881690051872,70,21,49,0.7857142857142857,0.73809523809523814,0.65000000000000002,0.61904761904761907,0.63414634146341464,0.483045891539648,42,7,8,13,0.8765792031098153,0.81699117526948317,0.81360736878780893
random_forest_balanced_ratio_preserved_noise_mcc_selected_true_pr_auc_v1,random_forest_class_weight_balanced,random_forest,min_samples_leaf,70/30,1,random_fp_20,test,75/25,test,5,True,3775,64,8.4733254730235785,84,21,63,0.8571428571428571,0.77777777777777779,0.76470588235294112,0.61904761904761907,0.68421052631578949,0.59875003933115822,59,4,8,13,0.90476190476190477,0.83631273474592982,0.83342868181544749
random_forest_balanced_ratio_preserved_noise_mcc_selected_true_pr_auc_v1,random_forest_class_weight_balanced,random_forest,min_samples_leaf,70/30,1,random_fp_20,test,80/20,test,5,True,3775,64,8.6195107439998537,105,21,84,0.80000000000000004,0.73214285714285721,0.5,0.61904761904761907,0.55319148936170215,0.43026338709967066,71,13,8,13,0.85827664399092973,0.72576022712996213,0.72110023373903842
random_forest_balanced_ratio_preserved_noise_mcc_selected_true_pr_auc_v1,random_forest_class_weight_balanced,random_forest,min_samples_leaf,70/30,1,random_fp_20,test,90/10,test,5,True,3775,64,8.8766170980234165,210,21,189,0.85238095238095235,0.74867724867724861,0.3611111111111111,0.61904761904761907,0.45614035087719296,0.395895644980094,166,23,8,13,0.86911060720584521,0.63060402438045882,0.62779798911193663
random_forest_balanced_ratio_preserved_noise_mcc_selected_true_pr_auc_v1,random_forest_class_weight_balanced,random_forest,min_samples_leaf,70/30,1,heuristic_fp_10,validation_selected_reproduction,70/30,valid,2,True,3021,64,6.8968208910082467,64,19,45,0.828125,0.83216374269005844,0.66666666666666663,0.84210526315789469,0.7441860465116279,0.62694531567745404,37,8,3,16,0.9169590643274852,0.83666202067728035,0.83198407379820516
random_forest_balanced_ratio_preserved_noise_mcc_selected_true_pr_auc_v1,random_forest_class_weight_balanced,random_forest,min_samples_leaf,70/30,1,heuristic_fp_10,test,50/50,test,2,True,3021,64,6.9926676510076504,42,21,21,0.83333333333333337,0.83333333333333326,0.88888888888888884,0.76190476190476186,0.82051282051282048,0.67357531405456339,19,2,5,16,0.92743764172335608,0.93137062672776971,0.92964653017929599
random_forest_balanced_ratio_preserved_noise_mcc_selected_true_pr_auc_v1,random_forest_class_weight_balanced,random_forest,min_samples_leaf,70/30,1,heuristic_fp_10,test,60/40,test,2,True,3021,64,7.0862836379965302,53,21,32,0.84905660377358494,0.83407738095238093,0.84210526315789469,0.76190476190476186,0.80000000000000004,0.68146796577881896,29,3,5,16,0.93898809523809523,0.92423229522804751,0.92265480784873954
random_forest_balanced_ratio_preserved_noise_mcc_selected_true_pr_auc_v1,random_forest_class_weight_balanced,random_forest,min_samples_leaf,70/30,1,heuristic_fp_10,test,70/30,test,2,True,3021,64,7.1866577540058643,70,21,49,0.84285714285714286,0.8197278911564625,0.72727272727272729,0.76190476190476186,0.7441860465116279,0.63122798848654782,43,6,5,16,0.94752186588921283,0.88872593167338687,0.88600632659843859
random_forest_balanced_ratio_preserved_noise_mcc_selected_true_pr_auc_v1,random_forest_class_weight_balanced,random_forest,min_samples_leaf,70/30,1,heuristic_fp_10,test,75/25,test,2,True,3021,64,7.2930273299862165,84,21,63,0.84523809523809523,0.81746031746031744,0.66666666666666663,0.76190476190476186,0.71111111111111114,0.60858061945018449,55,8,5,16,0.95011337868480727,0.89558071138591289,0.89374728943310844
random_forest_balanced_ratio_preserved_noise_mcc_selected_true_pr_auc_v1,random_forest_class_weight_balanced,random_forest,min_samples_leaf,70/30,1,heuristic_fp_10,test,80/20,test,2,True,3021,64,7.4242672309919726,105,21,84,0.8666666666666667,0.82738095238095233,0.64000000000000001,0.76190476190476186,0.69565217391304346,0.61491869381244213,75,9,5,16,0.93197278911564618,0.79862832783000859,0.79302850874221575
random_forest_balanced_ratio_preserved_noise_mcc_selected_true_pr_auc_v1,random_forest_class_weight_balanced,random_forest,min_samples_leaf,70/30,1,heuristic_fp_10,test,90/10,test,2,True,3021,64,7.6529877290013246,210,21,189,0.85238095238095235,0.8121693121693121,0.38095238095238093,0.76190476190476186,0.50793650793650791,0.46825396825396826,163,26,5,16,0.92630385487528344,0.69435806788733001,0.69242154956633017
random_forest_balanced_ratio_preserved_noise_mcc_selected_true_pr_auc_v1,random_forest_class_weight_balanced,random_forest,min_samples_leaf,70/30,1,heuristic_fp_20,validation_selected_reproduction,70/30,valid,1,True,3775,64,8.3370357039966621,64,19,45,0.828125,0.83216374269005844,0.66666666666666663,0.84210526315789469,0.7441860465116279,0.62694531567745404,37,8,3,16,0.91637426900584795,0.83810586932403552,0.84437810076584374
random_forest_balanced_ratio_preserved_noise_mcc_selected_true_pr_auc_v1,random_forest_class_weight_balanced,random_forest,min_samples_leaf,70/30,1,heuristic_fp_20,test,50/50,test,1,True,3775,64,8.4373349079978652,42,21,21,0.7857142857142857,0.7857142857142857,0.83333333333333337,0.7142857142857143,0.76923076923076927,0.57735026918962573,18,3,6,15,0.93083900226757377,0.92905636007957049,0.93051070188070306
random_forest_balanced_ratio_preserved_noise_mcc_selected_true_pr_auc_v1,random_forest_class_weight_balanced,random_forest,min_samples_leaf,70/30,1,heuristic_fp_20,test,60/40,test,1,True,3775,64,8.5506534779851791,53,21,32,0.81132075471698117,0.79464285714285721,0.78947368421052633,0.7142857142857143,0.75,0.60102742638844608,28,4,6,15,0.94047619047619047,0.91222422347388465,0.91080026381887869
random_forest_balanced_ratio_preserved_noise_mcc_selected_true_pr_auc_v1,random_forest_class_weight_balanced,random_forest,min_samples_leaf,70/30,1,heuristic_fp_20,test,70/30,test,1,True,3775,64,8.666832874994725,70,21,49,0.82857142857142863,0.79591836734693877,0.7142857142857143,0.7142857142857143,0.7142857142857143,0.59183673469387754,43,6,6,15,0.92225461613216708,0.82387811245388787,0.82701816645528625
random_forest_balanced_ratio_preserved_noise_mcc_selected_true_pr_auc_v1,random_forest_class_weight_balanced,random_forest,min_samples_leaf,70/30,1,heuristic_fp_20,test,75/25,test,1,True,3775,64,8.7840602359792683,84,21,63,0.88095238095238093,0.82539682539682535,0.78947368421052633,0.7142857142857143,0.75,0.67358087938986366,59,4,6,15,0.95238095238095244,0.89850483783256907,0.89971692919930679
random_forest_balanced_ratio_preserved_noise_mcc_selected_true_pr_auc_v1,random_forest_class_weight_balanced,random_forest,min_samples_leaf,70/30,1,heuristic_fp_20,test,80/20,test,1,True,3775,64,8.9338646520045586,105,21,84,0.80000000000000004,0.76785714285714279,0.5,0.7142857142857143,0.58823529411764708,0.47434164902525688,69,15,6,15,0.92573696145124718,0.78819999177142064,0.79529892036425176
random_forest_balanced_ratio_preserved_noise_mcc_selected_true_pr_auc_v1,random_forest_class_weight_balanced,random_forest,min_samples_leaf,70/30,1,heuristic_fp_20,test,90/10,test,1,True,3775,64,9.1950987830059603,210,21,189,0.85238095238095235,0.79100529100529093,0.375,0.7142857142857143,0.49180327868852458,0.44464864589994374,164,25,6,15,0.91975308641975306,0.63515360733171988,0.63867707129491103
random_forest_balanced_ratio_preserved_noise_mcc_selected_true_pr_auc_v1,random_forest_class_weight_balanced,random_forest,min_samples_leaf,70/30,2,clean,validation_selected_reproduction,70/30,valid,5,True,2264,64,5.1383282390015665,64,19,45,0.875,0.85029239766081877,0.78947368421052633,0.78947368421052633,0.78947368421052633,0.70058479532163742,41,4,4,15,0.94385964912280707,0.84467838448101606,0.8359359864657353
random_forest_balanced_ratio_preserved_noise_mcc_selected_true_pr_auc_v1,random_forest_class_weight_balanced,random_forest,min_samples_leaf,70/30,2,clean,test,50/50,test,5,True,2264,64,5.2485142450022977,42,21,21,0.7857142857142857,0.7857142857142857,0.875,0.66666666666666663,0.7567567567567568,0.58834840541455213,19,2,7,14,0.88662131519274379,0.88914995158766352,0.88602049494943502
random_forest_balanced_ratio_preserved_noise_mcc_selected_true_pr_auc_v1,random_forest_class_weight_balanced,random_forest,min_samples_leaf,70/30,2,clean,test,60/40,test,5,True,2264,64,5.358370014000684,53,21,32,0.79245283018867929,0.77083333333333326,0.77777777777777779,0.66666666666666663,0.71794871794871795,0.55943092778551573,28,4,7,14,0.88839285714285721,0.8603707485232468,0.85729597242736855
random_forest_balanced_ratio_preserved_noise_mcc_selected_true_pr_auc_v1,random_forest_class_weight_balanced,random_forest,min_samples_leaf,70/30,2,clean,test,70/30,test,5,True,2264,64,5.4832586050033569,70,21,49,0.80000000000000004,0.76190476190476186,0.66666666666666663,0.66666666666666663,0.66666666666666663,0.52380952380952384,42,7,7,14,0.85811467444120493,0.69207027794120513,0.6772382270930366
random_forest_balanced_ratio_preserved_noise_mcc_selected_true_pr_auc_v1,random_forest_class_weight_balanced,random_forest,min_samples_leaf,70/30,2,clean,test,75/25,test,5,True,2264,64,5.6020132120174821,84,21,63,0.75,0.72222222222222221,0.5,0.66666666666666663,0.5714285714285714,0.40824829046386302,49,14,7,14,0.84126984126984128,0.70582408096566995,0.70010147749120177
random_forest_balanced_ratio_preserved_noise_mcc_selected_true_pr_auc_v1,random_forest_class_weight_balanced,random_forest,min_samples_leaf,70/30,2,clean,test,80/20,test,5,True,2264,64,5.7240854270057753,105,21,84,0.82857142857142863,0.76785714285714279,0.56000000000000005,0.66666666666666663,0.60869565217391308,0.50311529493745266,73,11,7,14,0.88888888888888884,0.73546484630696729,0.73062335371304243
random_forest_balanced_ratio_preserved_noise_mcc_selected_true_pr_auc_v1,random_forest_class_weight_balanced,random_forest,min_samples_leaf,70/30,2,clean,test,90/10,test,5,True,2264,64,5.9218292880104855,210,21,189,0.84761904761904761,0.76719576719576721,0.35897435897435898,0.66666666666666663,0.46666666666666667,0.41225863441908417,164,25,7,14,0.87226001511715801,0.52147568900706331,0.49492455589084083
random_forest_balanced_ratio_preserved_noise_mcc_selected_true_pr_auc_v1,random_forest_class_weight_balanced,random_forest,min_samples_leaf,70/30,2,random_flip_10,validation_selected_reproduction,70/30,valid,5,True,2264,64,5.2711810769978911,64,19,45,0.859375,0.80877192982456148,0.8125,0.68421052631578949,0.74285714285714288,0.65158376553500152,42,3,6,13,0.92397660818713445,0.83064597081624947,0.82452800801971815
random_forest_balanced_ratio_preserved_noise_mcc_selected_true_pr_auc_v1,random_forest_class_weight_balanced,random_forest,min_samples_leaf,70/30,2,random_flip_10,test,50/50,test,5,True,2264,64,5.3823510159854777,42,21,21,0.73809523809523814,0.73809523809523814,0.8571428571428571,0.5714285714285714,0.68571428571428572,0.50507627227610541,19,2,9,12,0.91836734693877553,0.9101797824904152,0.90731264903519238
random_forest_balanced_ratio_preserved_noise_mcc_selected_true_pr_auc_v1,random_forest_class_weight_balanced,random_forest,min_samples_leaf,70/30,2,random_flip_10,test,60/40,test,5,True,2264,64,5.4752392059890553,53,21,32,0.79245283018867929,0.7544642857142857,0.8571428571428571,0.5714285714285714,0.68571428571428572,0.56460555687210823,30,2,9,12,0.90922619047619047,0.88169147988543517,0.87892255041172174
random_forest_balanced_ratio_preserved_noise_mcc_selected_true_pr_auc_v1,random_forest_class_weight_balanced,random_forest,min_samples_leaf,70/30,2,random_flip_10,test,70/30,test,5,True,2264,64,5.6062009299930651,70,21,49,0.80000000000000004,0.73469387755102034,0.70588235294117652,0.5714285714285714,0.63157894736842102,0.50162254571862708,44,5,9,12,0.85325558794946543,0.72625703618619419,0.71908361724448167
random_forest_balanced_ratio_preserved_noise_mcc_selected_true_pr_auc_v1,random_forest_class_weight_balanced,random_forest,min_samples_leaf,70/30,2,random_flip_10,test,75/25,test,5,True,2264,64,5.725464318995364,84,21,63,0.77380952380952384,0.70634920634920628,0.54545454545454541,0.5714285714285714,0.55813953488372092,0.40644850966246954,53,10,9,12,0.85185185185185186,0.70418606696882868,0.69691826316583372
random_forest_balanced_ratio_preserved_noise_mcc_selected_true_pr_auc_v1,random_forest_class_weight_balanced,random_forest,min_samples_leaf,70/30,2,random_flip_10,test,80/20,test,5,True,2264,64,5.860273803002201,105,21,84,0.84761904761904761,0.74404761904761907,0.63157894736842102,0.5714285714285714,0.59999999999999998,0.50713996339517575,77,7,9,12,0.8962585034013606,0.73325763631340735,0.72776979548228016
random_forest_balanced_ratio_preserved_noise_mcc_selected_true_pr_auc_v1,random_forest_class_weight_balanced,random_forest,min_samples_leaf,70/30,2,random_flip_10,test,90/10,test,5,True,2264,64,6.0594703279784881,210,21,189,0.87619047619047619,0.7407407407407407,0.41379310344827586,0.5714285714285714,0.47999999999999998,0.41867964881891812,172,17,9,12,0.88309397833207359,0.55863509046593107,0.54997464677287933
random_forest_balanced_ratio_preserved_noise_mcc_selected_true_pr_auc_v1,random_forest_class_weight_balanced,random_forest,min_samples_leaf,70/30,2,random_flip_20,validation_selected_reproduction,70/30,valid,5,True,2264,64,5.5746586099849083,64,19,45,0.859375,0.79356725146198825,0.8571428571428571,0.63157894736842102,0.72727272727272729,0.6488908343889993,43,2,7,12,0.92280701754385963,0.84481308454755277,0.83929601898743755
random_forest_balanced_ratio_preserved_noise_mcc_selected_true_pr_auc_v1,random_forest_class_weight_balanced,random_forest,min_samples_leaf,70/30,2,random_flip_20,test,50/50,test,5,True,2264,64,5.6913469989958685,42,21,21,0.59523809523809523,0.59523809523809523,0.83333333333333337,0.23809523809523808,0.37037037037037035,0.27216552697590868,20,1,16,5,0.78231292517006801,0.79220089958089424,0.78476170778410892
random_forest_balanced_ratio_preserved_noise_mcc_selected_true_pr_auc_v1,random_forest_class_weight_balanced,random_forest,min_samples_leaf,70/30,2,random_flip_20,test,60/40,test,5,True,2264,64,5.797031578986207,53,21,32,0.67924528301886788,0.60342261904761907,0.83333333333333337,0.23809523809523808,0.37037037037037035,0.31930491938490002,31,1,16,5,0.78869047619047628,0.70614360669439225,0.6966144182596703
random_forest_balanced_ratio_preserved_noise_mcc_selected_true_pr_auc_v1,random_forest_class_weight_balanced,random_forest,min_samples_leaf,70/30,2,random_flip_20,test,70/30,test,5,True,2264,64,5.9378862149897031,70,21,49,0.69999999999999996,0.56802721088435371,0.5,0.23809523809523808,0.32258064516129031,0.17817416127494959,44,5,16,5,0.75607385811467442,0.50355454658606058,0.4738988229276892
random_forest_balanced_ratio_preserved_noise_mcc_selected_true_pr_auc_v1,random_forest_class_weight_balanced,random_forest,min_samples_leaf,70/30,2,random_flip_20,test,75/25,test,5,True,2264,64,6.0652404239808675,84,21,63,0.73809523809523814,0.5714285714285714,0.45454545454545453,0.23809523809523808,0.3125,0.18336823698841384,57,6,16,5,0.71579743008314445,0.45869465099923151,0.4411900611559999
random_forest_balanced_ratio_preserved_noise_mcc_selected_true_pr_auc_v1,random_forest_class_weight_balanced,random_forest,min_samples_leaf,70/30,2,random_flip_20,test,80/20,test,5,True,2264,64,6.1949724489822984,105,21,84,0.80952380952380953,0.59523809523809523,0.55555555555555558,0.23809523809523808,0.33333333333333331,0.27216552697590868,80,4,16,5,0.77494331065759636,0.4454289113905685,0.41651623160222917
random_forest_balanced_ratio_preserved_noise_mcc_selected_true_pr_auc_v1,random_forest_class_weight_balanced,random_forest,min_samples_leaf,70/30,2,random_flip_20,test,90/10,test,5,True,2264,64,6.4241505079844501,210,21,189,0.88095238095238093,0.59523809523809523,0.35714285714285715,0.23809523809523808,0.2857142857142857,0.22908106449636378,180,9,16,5,0.77702191987906266,0.29081667240406717,0.26371536853361704
random_forest_balanced_ratio_preserved_noise_mcc_selected_true_pr_auc_v1,random_forest_class_weight_balanced,random_forest,min_samples_leaf,70/30,2,random_fp_10,validation_selected_reproduction,70/30,valid,2,True,3021,64,6.8262814259796869,64,19,45,0.890625,0.83099415204678362,0.9285714285714286,0.68421052631578949,0.78787878787878785,0.73161795271747732,44,1,6,13,0.93684210526315781,0.86476098427317938,0.85962523999279261
random_forest_balanced_ratio_preserved_noise_mcc_selected_true_pr_auc_v1,random_forest_class_weight_balanced,random_forest,min_samples_leaf,70/30,2,random_fp_10,test,50/50,test,2,True,3021,64,6.9560561619873624,42,21,21,0.73809523809523814,0.73809523809523814,0.91666666666666663,0.52380952380952384,0.66666666666666663,0.52704627669472992,20,1,10,11,0.86848072562358281,0.89525611161704632,0.89277395857522435
random_forest_balanced_ratio_preserved_noise_mcc_selected_true_pr_auc_v1,random_forest_class_weight_balanced,random_forest,min_samples_leaf,70/30,2,random_fp_10,test,60/40,test,2,True,3021,64,7.0718100990052335,53,21,32,0.77358490566037741,0.73065476190476186,0.84615384615384615,0.52380952380952384,0.6470588235294118,0.52441533814949282,30,2,10,11,0.85863095238095233,0.83962929699536004,0.83607696241618679
random_forest_balanced_ratio_preserved_noise_mcc_selected_true_pr_auc_v1,random_forest_class_weight_balanced,random_forest,min_samples_leaf,70/30,2,random_fp_10,test,70/30,test,2,True,3021,64,7.2100063519901596,70,21,49,0.75714285714285712,0.69047619047619047,0.61111111111111116,0.52380952380952384,0.5641025641025641,0.39942979301018539,42,7,10,11,0.83965014577259467,0.72060580602283886,0.71193965521261271
random_forest_balanced_ratio_preserved_noise_mcc_selected_true_pr_auc_v1,random_forest_class_weight_balanced,random_forest,min_samples_leaf,70/30,2,random_fp_10,test,75/25,test,2,True,3021,64,7.3325810189999174,84,21,63,0.79761904761904767,0.70634920634920628,0.61111111111111116,0.52380952380952384,0.5641025641025641,0.43551638661232528,56,7,10,11,0.8382464096749811,0.71413650410848928,0.7071563588148031
random_forest_balanced_ratio_preserved_noise_mcc_selected_true_pr_auc_v1,random_forest_class_weight_balanced,random_forest,min_samples_leaf,70/30,2,random_fp_10,test,80/20,test,2,True,3021,64,7.4694264509889763,105,21,84,0.8666666666666667,0.73809523809523814,0.73333333333333328,0.52380952380952384,0.61111111111111116,0.54433105395181736,80,4,10,11,0.87188208616780039,0.75709910703160599,0.75293726228441193
random_forest_balanced_ratio_preserved_noise_mcc_selected_true_pr_auc_v1,random_forest_class_weight_balanced,random_forest,min_samples_leaf,70/30,2,random_fp_10,test,90/10,test,2,True,3021,64,7.708558202983113,210,21,189,0.91428571428571426,0.7407407407407407,0.57894736842105265,0.52380952380952384,0.55000000000000004,0.5035315105525644,181,8,10,11,0.86167800453514731,0.62281064659385055,0.61513869092593743
random_forest_balanced_ratio_preserved_noise_mcc_selected_true_pr_auc_v1,random_forest_class_weight_balanced,random_forest,min_samples_leaf,70/30,2,random_fp_20,validation_selected_reproduction,70/30,valid,5,True,3775,64,7.788712834008038,64,19,45,0.828125,0.77134502923976611,0.75,0.63157894736842102,0.68571428571428572,0.57260391516712261,41,4,7,12,0.92046783625730999,0.78511150148350739,0.77101513159379376
random_forest_balanced_ratio_preserved_noise_mcc_selected_true_pr_auc_v1,random_forest_class_weight_balanced,random_forest,min_samples_leaf,70/30,2,random_fp_20,test,50/50,test,5,True,3775,64,7.9055665070191026,42,21,21,0.7857142857142857,0.7857142857142857,0.83333333333333337,0.7142857142857143,0.76923076923076927,0.57735026918962573,18,3,6,15,0.87074829931972786,0.89500971259307338,0.89238880343612292
random_forest_balanced_ratio_preserved_noise_mcc_selected_true_pr_auc_v1,random_forest_class_weight_balanced,random_forest,min_samples_leaf,70/30,2,random_fp_20,test,60/40,test,5,True,3775,64,8.0071147700073197,53,21,32,0.77358490566037741,0.76339285714285721,0.7142857142857143,0.7142857142857143,0.7142857142857143,0.5267857142857143,26,6,6,15,0.89136904761904767,0.86394530401102165,0.86093283862737091
random_forest_balanced_ratio_preserved_noise_mcc_selected_true_pr_auc_v1,random_forest_class_weight_balanced,random_forest,min_samples_leaf,70/30,2,random_fp_20,test,70/30,test,5,True,3775,64,8.1496102750243153,70,21,49,0.77142857142857146,0.75510204081632648,0.59999999999999998,0.7142857142857143,0.65217391304347827,0.48795003647426655,39,10,6,15,0.8328474246841594,0.67413173246506597,0.66375695137440083
random_forest_balanced_ratio_preserved_noise_mcc_selected_true_pr_auc_v1,random_forest_class_weight_balanced,random_forest,min_samples_leaf,70/30,2,random_fp_20,test,75/25,test,5,True,3775,64,8.2690363680012524,84,21,63,0.8214285714285714,0.7857142857142857,0.625,0.7142857142857143,0.66666666666666663,0.54772255750516607,54,9,6,15,0.86999244142101295,0.76056562129595351,0.75506136855940209
random_forest_balanced_ratio_preserved_noise_mcc_selected_true_pr_auc_v1,random_forest_class_weight_balanced,random_forest,min_samples_leaf,70/30,2,random_fp_20,test,80/20,test,5,True,3775,64,8.3898549330187961,105,21,84,0.83809523809523812,0.79166666666666674,0.57692307692307687,0.7142857142857143,0.63829787234042556,0.54058733250984259,73,11,6,15,0.88038548752834456,0.75050993313000447,0.7451620020784766
random_forest_balanced_ratio_preserved_noise_mcc_selected_true_pr_auc_v1,random_forest_class_weight_balanced,random_forest,min_samples_leaf,70/30,2,random_fp_20,test,90/10,test,5,True,3775,64,8.6054756840167101,210,21,189,0.88571428571428568,0.80952380952380953,0.45454545454545453,0.7142857142857143,0.55555555555555558,0.51029463678625875,171,18,6,15,0.88384983623078861,0.62274368175211547,0.6156074153803569
random_forest_balanced_ratio_preserved_noise_mcc_selected_true_pr_auc_v1,random_forest_class_weight_balanced,random_forest,min_samples_leaf,70/30,2,heuristic_fp_10,validation_selected_reproduction,70/30,valid,1,True,3021,64,6.6122054719890002,64,19,45,0.890625,0.86140350877192984,0.83333333333333337,0.78947368421052633,0.81081081081081086,0.73449737722629138,42,3,4,15,0.93684210526315792,0.83868309997092583,0.84051458802665846
random_forest_balanced_ratio_preserved_noise_mcc_selected_true_pr_auc_v1,random_forest_class_weight_balanced,random_forest,min_samples_leaf,70/30,2,heuristic_fp_10,test,50/50,test,1,True,3021,64,6.7261732170009054,42,21,21,0.83333333333333337,0.83333333333333326,0.84999999999999998,0.80952380952380953,0.82926829268292679,0.66742381247191462,18,3,4,17,0.94897959183673464,0.94139421790134259,0.94697260319940746
random_forest_balanced_ratio_preserved_noise_mcc_selected_true_pr_auc_v1,random_forest_class_weight_balanced,random_forest,min_samples_leaf,70/30,2,heuristic_fp_10,test,60/40,test,1,True,3021,64,6.8226215799804777,53,21,32,0.84905660377358494,0.84226190476190477,0.80952380952380953,0.80952380952380953,0.80952380952380953,0.68452380952380953,28,4,4,17,0.93154761904761907,0.87278667554163447,0.86807408377129414
random_forest_balanced_ratio_preserved_noise_mcc_selected_true_pr_auc_v1,random_forest_class_weight_balanced,random_forest,min_samples_leaf,70/30,2,heuristic_fp_10,test,70/30,test,1,True,3021,64,6.9763427680009045,70,21,49,0.82857142857142863,0.8231292517006803,0.68000000000000005,0.80952380952380953,0.73913043478260865,0.61807004620073758,41,8,4,17,0.91545189504373181,0.78709346917832557,0.78354133998952391
random_forest_balanced_ratio_preserved_noise_mcc_selected_true_pr_auc_v1,random_forest_class_weight_balanced,random_forest,min_samples_leaf,70/30,2,heuristic_fp_10,test,75/25,test,1,True,3021,64,7.10598403098993,84,21,63,0.7857142857142857,0.79365079365079372,0.54838709677419351,0.80952380952380953,0.65384615384615385,0.52701419743016409,49,14,4,17,0.91609977324263037,0.80023911530175762,0.80367831357869601
random_forest_balanced_ratio_preserved_noise_mcc_selected_true_pr_auc_v1,random_forest_class_weight_balanced,random_forest,min_samples_leaf,70/30,2,heuristic_fp_10,test,80/20,test,1,True,3021,64,7.2290942209947389,105,21,84,0.8571428571428571,0.8392857142857143,0.6071428571428571,0.80952380952380953,0.69387755102040816,0.6137909514618759,73,11,4,17,0.94926303854875294,0.8206092621352834,0.81912969628368437
random_forest_balanced_ratio_preserved_noise_mcc_selected_true_pr_auc_v1,random_forest_class_weight_balanced,random_forest,min_samples_leaf,70/30,2,heuristic_fp_10,test,90/10,test,1,True,3021,64,7.4395528099848889,210,21,189,0.86190476190476195,0.83862433862433861,0.40476190476190477,0.80952380952380953,0.53968253968253965,0.50793650793650791,164,25,4,17,0.93688586545729402,0.6923290982308854,0.69753914532061212
random_forest_balanced_ratio_preserved_noise_mcc_selected_true_pr_auc_v1,random_forest_class_weight_balanced,random_forest,min_samples_leaf,70/30,2,heuristic_fp_20,validation_selected_reproduction,70/30,valid,5,True,3775,64,7.9614335180085618,64,19,45,0.859375,0.88479532163742691,0.69230769230769229,0.94736842105263153,0.80000000000000004,0.71591978385701016,37,8,1,18,0.93801169590643274,0.83164318074697741,0.8239586857576634
random_forest_balanced_ratio_preserved_noise_mcc_selected_true_pr_auc_v1,random_forest_class_weight_balanced,random_forest,min_samples_leaf,70/30,2,heuristic_fp_20,test,50/50,test,5,True,3775,64,8.0902334410056937,42,21,21,0.88095238095238093,0.88095238095238093,0.86363636363636365,0.90476190476190477,0.88372093023255816,0.7627700713964739,18,3,2,19,0.92970521541950113,0.88424030943164467,0.87668972509534604
random_forest_balanced_ratio_preserved_noise_mcc_selected_true_pr_auc_v1,random_forest_class_weight_balanced,random_forest,min_samples_leaf,70/30,2,heuristic_fp_20,test,60/40,test,5,True,3775,64,8.1940865289943758,53,21,32,0.8867924528301887,0.88988095238095233,0.82608695652173914,0.90476190476190477,0.86363636363636365,0.76952388639484681,28,4,2,19,0.9330357142857143,0.88553654447328878,0.88178874131387319
random_forest_balanced_ratio_preserved_noise_mcc_selected_true_pr_auc_v1,random_forest_class_weight_balanced,random_forest,min_samples_leaf,70/30,2,heuristic_fp_20,test,70/30,test,5,True,3775,64,8.3916150650184136,70,21,49,0.81428571428571428,0.84013605442176864,0.6333333333333333,0.90476190476190477,0.74509803921568629,0.62994078834871203,38,11,2,19,0.87560738581146746,0.71246577491675533,0.70144881767957168
random_forest_balanced_ratio_preserved_noise_mcc_selected_true_pr_auc_v1,random_forest_class_weight_balanced,random_forest,min_samples_leaf,70/30,2,heuristic_fp_20,test,75/25,test,5,True,3775,64,8.5259538679965772,84,21,63,0.79761904761904767,0.83333333333333326,0.55882352941176472,0.90476190476190477,0.69090909090909092,0.58811763529176408,48,15,2,19,0.86696900982615266,0.60960439552315915,0.59271494410605441
random_forest_balanced_ratio_preserved_noise_mcc_selected_true_pr_auc_v1,random_forest_class_weight_balanced,random_forest,min_samples_leaf,70/30,2,heuristic_fp_20,test,80/20,test,5,True,3775,64,8.6564743110211566,105,21,84,0.81904761904761902,0.85119047619047628,0.52777777777777779,0.90476190476190477,0.66666666666666663,0.59189711100503184,67,17,2,19,0.91666666666666674,0.71162574381059684,0.70344463744112784
random_forest_balanced_ratio_preserved_noise_mcc_selected_true_pr_auc_v1,random_forest_class_weight_balanced,random_forest,min_samples_leaf,70/30,2,heuristic_fp_20,test,90/10,test,5,True,3775,64,8.8766531290020794,210,21,189,0.79047619047619044,0.84126984126984128,0.31147540983606559,0.90476190476190477,0.46341463414634149,0.45103516589217635,147,42,2,19,0.89821113630637439,0.4490776253624294,0.43165199146219341
random_forest_balanced_ratio_preserved_noise_mcc_selected_true_pr_auc_v1,random_forest_class_weight_balanced,random_forest,min_samples_leaf,70/30,3,clean,validation_selected_reproduction,70/30,valid,5,True,2264,64,5.1295134120155126,64,19,45,0.859375,0.85438596491228069,0.72727272727272729,0.84210526315789469,0.78048780487804881,0.68179463770392235,39,6,3,16,0.92982456140350866,0.87515987898770675,0.87230557588491098
random_forest_balanced_ratio_preserved_noise_mcc_selected_true_pr_auc_v1,random_forest_class_weight_balanced,random_forest,min_samples_leaf,70/30,3,clean,test,50/50,test,5,True,2264,64,5.2284222430025693,42,21,21,0.80952380952380953,0.80952380952380953,0.88235294117647056,0.7142857142857143,0.78947368421052633,0.63059262509446579,19,2,6,15,0.90702947845804982,0.91737645183484062,0.91540495644751485
random_forest_balanced_ratio_preserved_noise_mcc_selected_true_pr_auc_v1,random_forest_class_weight_balanced,random_forest,min_samples_leaf,70/30,3,clean,test,60/40,test,5,True,2264,64,5.3434420530102216,53,21,32,0.83018867924528306,0.81026785714285721,0.83333333333333337,0.7142857142857143,0.76923076923076927,0.64088652990813211,29,3,6,15,0.87351190476190477,0.85109500290233342,0.84774192436181983
random_forest_balanced_ratio_preserved_noise_mcc_selected_true_pr_auc_v1,random_forest_class_weight_balanced,random_forest,min_samples_leaf,70/30,3,clean,test,70/30,test,5,True,2264,64,5.4621684089943301,70,21,49,0.82857142857142863,0.79591836734693877,0.7142857142857143,0.7142857142857143,0.7142857142857143,0.59183673469387754,43,6,6,15,0.88241010689990285,0.81637262566307567,0.81294236789375751
random_forest_balanced_ratio_preserved_noise_mcc_selected_true_pr_auc_v1,random_forest_class_weight_balanced,random_forest,min_samples_leaf,70/30,3,clean,test,75/25,test,5,True,2264,64,5.5900031400087755,84,21,63,0.8214285714285714,0.7857142857142857,0.625,0.7142857142857143,0.66666666666666663,0.54772255750516607,54,9,6,15,0.87906273620559339,0.71109784395498687,0.70090939483322079
random_forest_balanced_ratio_preserved_noise_mcc_selected_true_pr_auc_v1,random_forest_class_weight_balanced,random_forest,min_samples_leaf,70/30,3,clean,test,80/20,test,5,True,2264,64,5.7311118520156015,105,21,84,0.81904761904761902,0.77976190476190477,0.5357142857142857,0.7142857142857143,0.61224489795918369,0.50610832839838893,71,13,6,15,0.87925170068027214,0.72278193477292985,0.71807834663802561
random_forest_balanced_ratio_preserved_noise_mcc_selected_true_pr_auc_v1,random_forest_class_weight_balanced,random_forest,min_samples_leaf,70/30,3,clean,test,90/10,test,5,True,2264,64,5.9555808400036767,210,21,189,0.88571428571428568,0.80952380952380953,0.45454545454545453,0.7142857142857143,0.55555555555555558,0.51029463678625875,171,18,6,15,0.89417989417989419,0.61905172227483529,0.60945163629797361
random_forest_balanced_ratio_preserved_noise_mcc_selected_true_pr_auc_v1,random_forest_class_weight_balanced,random_forest,min_samples_leaf,70/30,3,random_flip_10,validation_selected_reproduction,70/30,valid,5,True,2264,64,5.5920762089954223,64,19,45,0.8125,0.76023391812865493,0.70588235294117652,0.63157894736842102,0.66666666666666663,0.53839815623423537,40,5,7,12,0.91695906432748542,0.85477241154956318,0.85149500078478069
random_forest_balanced_ratio_preserved_noise_mcc_selected_true_pr_auc_v1,random_forest_class_weight_balanced,random_forest,min_samples_leaf,70/30,3,random_flip_10,test,50/50,test,5,True,2264,64,5.6859456519887317,42,21,21,0.7142857142857143,0.7142857142857143,0.84615384615384615,0.52380952380952384,0.6470588235294118,0.4635235823621443,19,2,10,11,0.87755102040816324,0.88493648698591221,0.88192923593417349
random_forest_balanced_ratio_preserved_noise_mcc_selected_true_pr_auc_v1,random_forest_class_weight_balanced,random_forest,min_samples_leaf,70/30,3,random_flip_10,test,60/40,test,5,True,2264,64,5.8011751659796573,53,21,32,0.75471698113207553,0.71502976190476186,0.7857142857142857,0.52380952380952384,0.62857142857142856,0.47710820449134289,29,3,10,11,0.83779761904761896,0.78349909813195051,0.77677791120234052
random_forest_balanced_ratio_preserved_noise_mcc_selected_true_pr_auc_v1,random_forest_class_weight_balanced,random_forest,min_samples_leaf,70/30,3,random_flip_10,test,70/30,test,5,True,2264,64,5.9198463420034386,70,21,49,0.77142857142857146,0.70068027210884354,0.6470588235294118,0.52380952380952384,0.57894736842105265,0.42892362604926082,43,6,10,11,0.85811467444120515,0.75046583170532921,0.74484493114268968
random_forest_balanced_ratio_preserved_noise_mcc_selected_true_pr_auc_v1,random_forest_class_weight_balanced,random_forest,min_samples_leaf,70/30,3,random_flip_10,test,75/25,test,5,True,2264,64,6.0472809929924551,84,21,63,0.7857142857142857,0.69841269841269837,0.57894736842105265,0.52380952380952384,0.55000000000000004,0.4107200484084535,55,8,10,11,0.85487528344671215,0.61214624531945971,0.58457551646993211
random_forest_balanced_ratio_preserved_noise_mcc_selected_true_pr_auc_v1,random_forest_class_weight_balanced,random_forest,min_samples_leaf,70/30,3,random_flip_10,test,80/20,test,5,True,2264,64,6.1887568029924296,105,21,84,0.79047619047619044,0.69047619047619047,0.47826086956521741,0.52380952380952384,0.5,0.3684250392468032,72,12,10,11,0.85544217687074831,0.65162543454382993,0.64522449333438403
random_forest_balanced_ratio_preserved_noise_mcc_selected_true_pr_auc_v1,random_forest_class_weight_balanced,random_forest,min_samples_leaf,70/30,3,random_flip_10,test,90/10,test,5,True,2264,64,6.4057508260011673,210,21,189,0.88095238095238093,0.72222222222222221,0.42307692307692307,0.52380952380952384,0.46808510638297873,0.40482045237636816,174,15,10,11,0.872008062484253,0.5109348497548748,0.49899142263434271
random_forest_balanced_ratio_preserved_noise_mcc_selected_true_pr_auc_v1,random_forest_class_weight_balanced,random_forest,min_samples_leaf,70/30,3,random_flip_20,validation_selected_reproduction,70/30,valid,1,True,2264,64,5.7628591769898776,64,19,45,0.78125,0.64678362573099413,0.8571428571428571,0.31578947368421051,0.46153846153846156,0.42973845317558218,44,1,13,6,0.82865497076023387,0.70866796699374013,0.71548591920017279
random_forest_balanced_ratio_preserved_noise_mcc_selected_true_pr_auc_v1,random_forest_class_weight_balanced,random_forest,min_samples_leaf,70/30,3,random_flip_20,test,50/50,test,1,True,2264,64,5.8596834689960815,42,21,21,0.54761904761904767,0.54761904761904767,1,0.095238095238095233,0.17391304347826086,0.22360679774997896,21,0,19,2,0.7857142857142857,0.82346259016427092,0.81840990207586861
random_forest_balanced_ratio_preserved_noise_mcc_selected_true_pr_auc_v1,random_forest_class_weight_balanced,random_forest,min_samples_leaf,70/30,3,random_flip_20,test,60/40,test,1,True,2264,64,5.9687012479989789,53,21,32,0.64150943396226412,0.54761904761904767,1,0.095238095238095233,0.17391304347826086,0.24445293254085634,32,0,19,2,0.72247023809523803,0.69760055138038135,0.70094137987145722
random_forest_balanced_ratio_preserved_noise_mcc_selected_true_pr_auc_v1,random_forest_class_weight_balanced,random_forest,min_samples_leaf,70/30,3,random_flip_20,test,70/30,test,1,True,2264,64,6.0880090679856949,70,21,49,0.72857142857142854,0.54761904761904767,1,0.095238095238095233,0.17391304347826086,0.26196841599779191,49,0,19,2,0.73615160349854225,0.64759847208943988,0.64030565569139686
random_forest_balanced_ratio_preserved_noise_mcc_selected_true_pr_auc_v1,random_forest_class_weight_balanced,random_forest,min_samples_leaf,70/30,3,random_flip_20,test,75/25,test,1,True,2264,64,6.222329301002901,84,21,63,0.75,0.53174603174603174,0.5,0.095238095238095233,0.16,0.12909944487358055,61,2,19,2,0.73242630385487528,0.52767108628260873,0.51257214657282923
random_forest_balanced_ratio_preserved_noise_mcc_selected_true_pr_auc_v1,random_forest_class_weight_balanced,random_forest,min_samples_leaf,70/30,3,random_flip_20,test,80/20,test,1,True,2264,64,6.3622408549999818,105,21,84,0.79047619047619044,0.52976190476190477,0.40000000000000002,0.095238095238095233,0.15384615384615385,0.11180339887498948,81,3,19,2,0.69897959183673475,0.42673814853048592,0.41351993385199992
random_forest_balanced_ratio_preserved_noise_mcc_selected_true_pr_auc_v1,random_forest_class_weight_balanced,random_forest,min_samples_leaf,70/30,3,random_flip_20,test,90/10,test,1,True,2264,64,6.5772737319930457,210,21,189,0.88095238095238093,0.53174603174603174,0.25,0.095238095238095233,0.13793103448275862,0.099503719020998915,183,6,19,2,0.73356009070294792,0.31708607565621078,0.3033460245386666
random_forest_balanced_ratio_preserved_noise_mcc_selected_true_pr_auc_v1,random_forest_class_weight_balanced,random_forest,min_samples_leaf,70/30,3,random_fp_10,validation_selected_reproduction,70/30,valid,1,True,3021,64,6.5136562680127099,64,19,45,0.828125,0.78654970760233911,0.72222222222222221,0.68421052631578949,0.70270270270270274,0.58236847061631514,40,5,6,13,0.88362573099415209,0.77672619128464948,0.77350762098676018
random_forest_balanced_ratio_preserved_noise_mcc_selected_true_pr_auc_v1,random_forest_class_weight_balanced,random_forest,min_samples_leaf,70/30,3,random_fp_10,test,50/50,test,1,True,3021,64,6.6008674550103024,42,21,21,0.83333333333333337,0.83333333333333326,1,0.66666666666666663,0.80000000000000004,0.70710678118654757,21,0,7,14,0.90816326530612246,0.9254871307715109,0.9249803354718904
random_forest_balanced_ratio_preserved_noise_mcc_selected_true_pr_auc_v1,random_forest_class_weight_balanced,random_forest,min_samples_leaf,70/30,3,random_fp_10,test,60/40,test,1,True,3021,64,6.7089885830064304,53,21,32,0.83018867924528306,0.80208333333333326,0.875,0.66666666666666663,0.7567567567567568,0.64369560471664822,30,2,7,14,0.84970238095238093,0.8418069103285053,0.83931235445851393
random_forest_balanced_ratio_preserved_noise_mcc_selected_true_pr_auc_v1,random_forest_class_weight_balanced,random_forest,min_samples_leaf,70/30,3,random_fp_10,test,70/30,test,1,True,3021,64,6.8347199439886026,70,21,49,0.8571428571428571,0.80272108843537415,0.82352941176470584,0.66666666666666663,0.73684210526315785,0.64702038505735959,46,3,7,14,0.88095238095238093,0.82439601840184684,0.82674316036581619
random_forest_balanced_ratio_preserved_noise_mcc_selected_true_pr_auc_v1,random_forest_class_weight_balanced,random_forest,min_samples_leaf,70/30,3,random_fp_10,test,75/25,test,1,True,3021,64,6.9558659070171416,84,21,63,0.86904761904761907,0.80158730158730163,0.77777777777777779,0.66666666666666663,0.71794871794871795,0.6365239496641677,59,4,7,14,0.8718820861678005,0.74053620261751818,0.73716181418210325
random_forest_balanced_ratio_preserved_noise_mcc_selected_true_pr_auc_v1,random_forest_class_weight_balanced,random_forest,min_samples_leaf,70/30,3,random_fp_10,test,80/20,test,1,True,3021,64,7.089310439012479,105,21,84,0.8571428571428571,0.7857142857142857,0.63636363636363635,0.66666666666666663,0.65116279069767447,0.56164365264109084,76,8,7,14,0.87641723356009071,0.74619171908174486,0.7483185496922764
random_forest_balanced_ratio_preserved_noise_mcc_selected_true_pr_auc_v1,random_forest_class_weight_balanced,random_forest,min_samples_leaf,70/30,3,random_fp_10,test,90/10,test,1,True,3021,64,7.2985834809951484,210,21,189,0.93333333333333335,0.81481481481481477,0.66666666666666663,0.66666666666666663,0.66666666666666663,0.62962962962962965,182,7,7,14,0.89128243890148651,0.69998688058281089,0.70204966618722842
random_forest_balanced_ratio_preserved_noise_mcc_selected_true_pr_auc_v1,random_forest_class_weight_balanced,random_forest,min_samples_leaf,70/30,3,random_fp_20,validation_selected_reproduction,70/30,valid,1,True,3775,64,7.9865279280056711,64,19,45,0.875,0.80467836257309933,0.92307692307692313,0.63157894736842102,0.75,0.69198694592824317,44,1,7,12,0.90526315789473677,0.84628770352454552,0.84686365833437138
random_forest_balanced_ratio_preserved_noise_mcc_selected_true_pr_auc_v1,random_forest_class_weight_balanced,random_forest,min_samples_leaf,70/30,3,random_fp_20,test,50/50,test,1,True,3775,64,8.0845417979871854,42,21,21,0.7857142857142857,0.7857142857142857,1,0.5714285714285714,0.72727272727272729,0.63245553203367588,21,0,9,12,0.93197278911564629,0.9343026560260822,0.93393512703375858
random_forest_balanced_ratio_preserved_noise_mcc_selected_true_pr_auc_v1,random_forest_class_weight_balanced,random_forest,min_samples_leaf,70/30,3,random_fp_20,test,60/40,test,1,True,3775,64,8.2683757630002219,53,21,32,0.77358490566037741,0.7388392857142857,0.80000000000000004,0.5714285714285714,0.66666666666666663,0.51866025358284062,29,3,9,12,0.82663690476190477,0.7469292036978743,0.75099613936815945
random_forest_balanced_ratio_preserved_noise_mcc_selected_true_pr_auc_v1,random_forest_class_weight_balanced,random_forest,min_samples_leaf,70/30,3,random_fp_20,test,70/30,test,1,True,3775,64,8.4187508719915058,70,21,49,0.84285714285714286,0.76530612244897955,0.8571428571428571,0.5714285714285714,0.68571428571428572,0.60789269422883596,47,2,9,12,0.89747327502429541,0.8332143947601367,0.8342944776850505
random_forest_balanced_ratio_preserved_noise_mcc_selected_true_pr_auc_v1,random_forest_class_weight_balanced,random_forest,min_samples_leaf,70/30,3,random_fp_20,test,75/25,test,1,True,3775,64,8.5669624709989876,84,21,63,0.8571428571428571,0.76190476190476186,0.80000000000000004,0.5714285714285714,0.66666666666666663,0.59222009226398198,60,3,9,12,0.92328042328042326,0.78025081525571904,0.77727852651008367
random_forest_balanced_ratio_preserved_noise_mcc_selected_true_pr_auc_v1,random_forest_class_weight_balanced,random_forest,min_samples_leaf,70/30,3,random_fp_20,test,80/20,test,1,True,3775,64,8.717420601984486,105,21,84,0.88571428571428568,0.76785714285714279,0.80000000000000004,0.5714285714285714,0.66666666666666663,0.61237243569579458,81,3,9,12,0.89994331065759636,0.71011335788820973,0.71433115216633114
random_forest_balanced_ratio_preserved_noise_mcc_selected_true_pr_auc_v1,random_forest_class_weight_balanced,random_forest,min_samples_leaf,70/30,3,random_fp_20,test,90/10,test,1,True,3775,64,8.9621749770012684,210,21,189,0.919047619047619,0.76455026455026454,0.59999999999999998,0.5714285714285714,0.58536585365853655,0.54073807043587518,181,8,9,12,0.91446208112874783,0.62913922369497222,0.63412561660485856
random_forest_balanced_ratio_preserved_noise_mcc_selected_true_pr_auc_v1,random_forest_class_weight_balanced,random_forest,min_samples_leaf,70/30,3,heuristic_fp_10,validation_selected_reproduction,70/30,valid,1,True,3021,64,6.7368482970050536,64,19,45,0.828125,0.83216374269005844,0.66666666666666663,0.84210526315789469,0.7441860465116279,0.62694531567745404,37,8,3,16,0.91286549707602338,0.86618559172738707,0.86529878266608562
random_forest_balanced_ratio_preserved_noise_mcc_selected_true_pr_auc_v1,random_forest_class_weight_balanced,random_forest,min_samples_leaf,70/30,3,heuristic_fp_10,test,50/50,test,1,True,3021,64,6.8235384110012092,42,21,21,0.83333333333333337,0.83333333333333326,0.88888888888888884,0.76190476190476186,0.82051282051282048,0.67357531405456339,19,2,5,16,0.96485260770975056,0.96263360925351593,0.96263360925351593
random_forest_balanced_ratio_preserved_noise_mcc_selected_true_pr_auc_v1,random_forest_class_weight_balanced,random_forest,min_samples_leaf,70/30,3,heuristic_fp_10,test,60/40,test,1,True,3021,64,6.938143311010208,53,21,32,0.79245283018867929,0.78720238095238093,0.72727272727272729,0.76190476190476186,0.7441860465116279,0.57017803220524033,26,6,5,16,0.875,0.78123961592330793,0.76954519517045128
random_forest_balanced_ratio_preserved_noise_mcc_selected_true_pr_auc_v1,random_forest_class_weight_balanced,random_forest,min_samples_leaf,70/30,3,heuristic_fp_10,test,70/30,test,1,True,3021,64,7.0618624350172468,70,21,49,0.82857142857142863,0.80952380952380953,0.69565217391304346,0.76190476190476186,0.72727272727272729,0.60397491029036365,42,7,5,16,0.9169096209912535,0.786517886097718,0.78914578150482195
random_forest_balanced_ratio_preserved_noise_mcc_selected_true_pr_auc_v1,random_forest_class_weight_balanced,random_forest,min_samples_leaf,70/30,3,heuristic_fp_10,test,75/25,test,1,True,3021,64,7.195307526999386,84,21,63,0.83333333333333337,0.80952380952380953,0.64000000000000001,0.76190476190476186,0.69565217391304346,0.58628390184220658,54,9,5,16,0.92668178382464095,0.80146243932423245,0.79429892206879971
random_forest_balanced_ratio_preserved_noise_mcc_selected_true_pr_auc_v1,random_forest_class_weight_balanced,random_forest,min_samples_leaf,70/30,3,heuristic_fp_10,test,80/20,test,1,True,3021,64,7.3340772140072659,105,21,84,0.84761904761904761,0.81547619047619047,0.59259259259259256,0.76190476190476186,0.66666666666666663,0.57745306457354184,73,11,5,16,0.93367346938775508,0.78097902351794901,0.77661962031444876
random_forest_balanced_ratio_preserved_noise_mcc_selected_true_pr_auc_v1,random_forest_class_weight_balanced,random_forest,min_samples_leaf,70/30,3,heuristic_fp_10,test,90/10,test,1,True,3021,64,7.5405045190127566,210,21,189,0.88095238095238093,0.82804232804232802,0.44444444444444442,0.76190476190476186,0.56140350877192979,0.52224531890991122,169,20,5,16,0.9401612496850591,0.72308493705808896,0.71882054431751885
random_forest_balanced_ratio_preserved_noise_mcc_selected_true_pr_auc_v1,random_forest_class_weight_balanced,random_forest,min_samples_leaf,70/30,3,heuristic_fp_20,validation_selected_reproduction,70/30,valid,2,True,3775,64,7.5065766519983299,64,19,45,0.796875,0.80994152046783618,0.61538461538461542,0.84210526315789469,0.71111111111111114,0.57665271344105684,35,10,3,16,0.89122807017543848,0.81577656158530543,0.81130298320319993
random_forest_balanced_ratio_preserved_noise_mcc_selected_true_pr_auc_v1,random_forest_class_weight_balanced,random_forest,min_samples_leaf,70/30,3,heuristic_fp_20,test,50/50,test,2,True,3775,64,7.5908808109816164,42,21,21,0.88095238095238093,0.88095238095238093,0.90000000000000002,0.8571428571428571,0.87804878048780488,0.7627700713964739,19,2,3,18,0.95691609977324266,0.96105194210389744,0.9601426555779653
random_forest_balanced_ratio_preserved_noise_mcc_selected_true_pr_auc_v1,random_forest_class_weight_balanced,random_forest,min_samples_leaf,70/30,3,heuristic_fp_20,test,60/40,test,2,True,3775,64,7.6958266239962541,53,21,32,0.81132075471698117,0.8191964285714286,0.71999999999999997,0.8571428571428571,0.78260869565217395,0.62549470217499015,25,7,3,18,0.87797619047619047,0.8171299646963599,0.81098273109356844
random_forest_balanced_ratio_preserved_noise_mcc_selected_true_pr_auc_v1,random_forest_class_weight_balanced,random_forest,min_samples_leaf,70/30,3,heuristic_fp_20,test,70/30,test,2,True,3775,64,7.8125190229911823,70,21,49,0.82857142857142863,0.83673469387755106,0.66666666666666663,0.8571428571428571,0.75,0.63402945947465839,40,9,3,18,0.91253644314868798,0.83910190559681963,0.83496461848838188
random_forest_balanced_ratio_preserved_noise_mcc_selected_true_pr_auc_v1,random_forest_class_weight_balanced,random_forest,min_samples_leaf,70/30,3,heuristic_fp_20,test,75/25,test,2,True,3775,64,7.949336133984616,84,21,63,0.8214285714285714,0.83333333333333326,0.59999999999999998,0.8571428571428571,0.70588235294117652,0.60246407607670927,51,12,3,18,0.91458805744520033,0.76833749066245649,0.76083504102976485
random_forest_balanced_ratio_preserved_noise_mcc_selected_true_pr_auc_v1,random_forest_class_weight_balanced,random_forest,min_samples_leaf,70/30,3,heuristic_fp_20,test,80/20,test,2,True,3775,64,8.0930096499796491,105,21,84,0.83809523809523812,0.84523809523809523,0.5625,0.8571428571428571,0.67924528301886788,0.60001426923671675,70,14,3,18,0.93367346938775497,0.83225718285242101,0.82919725382713971
random_forest_balanced_ratio_preserved_noise_mcc_selected_true_pr_auc_v1,random_forest_class_weight_balanced,random_forest,min_samples_leaf,70/30,3,heuristic_fp_20,test,90/10,test,2,True,3775,64,8.3124175379925873,210,21,189,0.85238095238095235,0.85449735449735442,0.39130434782608697,0.8571428571428571,0.53731343283582089,0.51425995061532948,161,28,3,18,0.93801965230536655,0.75231275998033964,0.74782882932883954
random_forest_balanced_ratio_preserved_noise_mcc_selected_true_pr_auc_v1,random_forest_class_weight_balanced,random_forest,min_samples_leaf,70/30,4,clean,validation_selected_reproduction,70/30,valid,5,True,2264,64,5.6408946559822652,64,19,45,0.8125,0.80584795321637426,0.65217391304347827,0.78947368421052633,0.7142857142857143,0.58245554635770269,37,8,4,15,0.89941520467836256,0.79048406835802965,0.78451109516082207
random_forest_balanced_ratio_preserved_noise_mcc_selected_true_pr_auc_v1,random_forest_class_weight_balanced,random_forest,min_samples_leaf,70/30,4,clean,test,50/50,test,5,True,2264,64,5.7466608199756593,42,21,21,0.80952380952380953,0.80952380952380953,0.84210526315789469,0.76190476190476186,0.80000000000000004,0.6218743352054219,18,3,5,16,0.8979591836734695,0.9196314374903638,0.9179789840513044
random_forest_balanced_ratio_preserved_noise_mcc_selected_true_pr_auc_v1,random_forest_class_weight_balanced,random_forest,min_samples_leaf,70/30,4,clean,test,60/40,test,5,True,2264,64,5.9036522489914205,53,21,32,0.81132075471698117,0.80282738095238093,0.76190476190476186,0.76190476190476186,0.76190476190476186,0.60565476190476186,27,5,5,16,0.87797619047619047,0.85306772467441117,0.84984248580431365
random_forest_balanced_ratio_preserved_noise_mcc_selected_true_pr_auc_v1,random_forest_class_weight_balanced,random_forest,min_samples_leaf,70/30,4,clean,test,70/30,test,5,True,2264,64,6.0262842669908423,70,21,49,0.80000000000000004,0.78911564625850339,0.64000000000000001,0.76190476190476186,0.69565217391304346,0.55301004133750209,40,9,5,16,0.86783284742468414,0.79566261959219986,0.79162623387813902
random_forest_balanced_ratio_preserved_noise_mcc_selected_true_pr_auc_v1,random_forest_class_weight_balanced,random_forest,min_samples_leaf,70/30,4,clean,test,75/25,test,5,True,2264,64,6.1774105730000883,84,21,63,0.83333333333333337,0.80952380952380953,0.64000000000000001,0.76190476190476186,0.69565217391304346,0.58628390184220658,54,9,5,16,0.90098261526832957,0.7932923783201653,0.78911446960409282
random_forest_balanced_ratio_preserved_noise_mcc_selected_true_pr_auc_v1,random_forest_class_weight_balanced,random_forest,min_samples_leaf,70/30,4,clean,test,80/20,test,5,True,2264,64,6.3045691329753026,105,21,84,0.88571428571428568,0.83928571428571419,0.69565217391304346,0.76190476190476186,0.72727272727272729,0.65625710115836822,77,7,5,16,0.92517006802721091,0.83612922363626674,0.83346311682190155
random_forest_balanced_ratio_preserved_noise_mcc_selected_true_pr_auc_v1,random_forest_class_weight_balanced,random_forest,min_samples_leaf,70/30,4,clean,test,90/10,test,5,True,2264,64,6.5268036059860606,210,21,189,0.82857142857142863,0.79894179894179884,0.34042553191489361,0.76190476190476186,0.47058823529411764,0.43034271710762478,158,31,5,16,0.89921894683799442,0.67427150483980158,0.67035358246317633
random_forest_balanced_ratio_preserved_noise_mcc_selected_true_pr_auc_v1,random_forest_class_weight_balanced,random_forest,min_samples_leaf,70/30,4,random_flip_10,validation_selected_reproduction,70/30,valid,2,True,2264,64,5.8079763339774217,64,19,45,0.828125,0.756140350877193,0.7857142857142857,0.57894736842105265,0.66666666666666663,0.56616371606052129,42,3,8,11,0.86549707602339176,0.79461929564674649,0.79015380655123102
random_forest_balanced_ratio_preserved_noise_mcc_selected_true_pr_auc_v1,random_forest_class_weight_balanced,random_forest,min_samples_leaf,70/30,4,random_flip_10,test,50/50,test,2,True,2264,64,5.9043341639917344,42,21,21,0.7857142857142857,0.7857142857142857,1,0.5714285714285714,0.72727272727272729,0.63245553203367588,21,0,9,12,0.891156462585034,0.9129499128007228,0.9111027431311618
random_forest_balanced_ratio_preserved_noise_mcc_selected_true_pr_auc_v1,random_forest_class_weight_balanced,random_forest,min_samples_leaf,70/30,4,random_flip_10,test,60/40,test,2,True,2264,64,6.079639078991022,53,21,32,0.79245283018867929,0.7544642857142857,0.8571428571428571,0.5714285714285714,0.68571428571428572,0.56460555687210823,30,2,9,12,0.86755952380952372,0.85430376289843046,0.85133938924296437
random_forest_balanced_ratio_preserved_noise_mcc_selected_true_pr_auc_v1,random_forest_class_weight_balanced,random_forest,min_samples_leaf,70/30,4,random_flip_10,test,70/30,test,2,True,2264,64,6.2075399769819342,70,21,49,0.81428571428571428,0.74489795918367352,0.75,0.5714285714285714,0.64864864864864868,0.53452248382484879,45,4,9,12,0.83965014577259478,0.72701328394605702,0.71719605663765851
random_forest_balanced_ratio_preserved_noise_mcc_selected_true_pr_auc_v1,random_forest_class_weight_balanced,random_forest,min_samples_leaf,70/30,4,random_flip_10,test,75/25,test,2,True,2264,64,6.3426341479935218,84,21,63,0.86904761904761907,0.76984126984126977,0.8571428571428571,0.5714285714285714,0.68571428571428572,0.62705444652881992,61,2,9,12,0.89569160997732422,0.81437716112085878,0.81095235843761593
random_forest_balanced_ratio_preserved_noise_mcc_selected_true_pr_auc_v1,random_forest_class_weight_balanced,random_forest,min_samples_leaf,70/30,4,random_flip_10,test,80/20,test,2,True,2264,64,6.4807719179952983,105,21,84,0.90476190476190477,0.77976190476190477,0.92307692307692313,0.5714285714285714,0.70588235294117652,0.67952004506033226,83,1,9,12,0.90759637188208608,0.82137909435302969,0.81878267733682564
random_forest_balanced_ratio_preserved_noise_mcc_selected_true_pr_auc_v1,random_forest_class_weight_balanced,random_forest,min_samples_leaf,70/30,4,random_flip_10,test,90/10,test,2,True,2264,64,6.7219555710034911,210,21,189,0.90952380952380951,0.7592592592592593,0.54545454545454541,0.5714285714285714,0.55813953488372092,0.50794250441641697,179,10,9,12,0.87830687830687837,0.58752466062142428,0.57979898646243233
random_forest_balanced_ratio_preserved_noise_mcc_selected_true_pr_auc_v1,random_forest_class_weight_balanced,random_forest,min_samples_leaf,70/30,4,random_flip_20,validation_selected_reproduction,70/30,valid,5,True,2264,64,5.8544581909955014,64,19,45,0.796875,0.76432748538011697,0.65000000000000002,0.68421052631578949,0.66666666666666663,0.52109156277910951,38,7,6,13,0.85380116959064323,0.74633387725762379,0.73868588656514045
random_forest_balanced_ratio_preserved_noise_mcc_selected_true_pr_auc_v1,random_forest_class_weight_balanced,random_forest,min_samples_leaf,70/30,4,random_flip_20,test,50/50,test,5,True,2264,64,5.9603640389977954,42,21,21,0.80952380952380953,0.80952380952380953,0.88235294117647056,0.7142857142857143,0.78947368421052633,0.63059262509446579,19,2,6,15,0.91156462585034004,0.92423049800603918,0.92254363714149168
random_forest_balanced_ratio_preserved_noise_mcc_selected_true_pr_auc_v1,random_forest_class_weight_balanced,random_forest,min_samples_leaf,70/30,4,random_flip_20,test,60/40,test,5,True,2264,64,6.1401859069883358,53,21,32,0.81132075471698117,0.79464285714285721,0.78947368421052633,0.7142857142857143,0.75,0.60102742638844608,28,4,6,15,0.87202380952380953,0.85506609530904565,0.85217213729711405
random_forest_balanced_ratio_preserved_noise_mcc_selected_true_pr_auc_v1,random_forest_class_weight_balanced,random_forest,min_samples_leaf,70/30,4,random_flip_20,test,70/30,test,5,True,2264,64,6.2575907149876002,70,21,49,0.80000000000000004,0.77551020408163263,0.65217391304347827,0.7142857142857143,0.68181818181818177,0.53760404102768633,41,8,6,15,0.86588921282798825,0.77666307064152229,0.77067004151589291
random_forest_balanced_ratio_preserved_noise_mcc_selected_true_pr_auc_v1,random_forest_class_weight_balanced,random_forest,min_samples_leaf,70/30,4,random_flip_20,test,75/25,test,5,True,2264,64,6.4007358699745964,84,21,63,0.8571428571428571,0.80952380952380953,0.7142857142857143,0.7142857142857143,0.7142857142857143,0.61904761904761907,57,6,6,15,0.88359788359788349,0.76042532911603145,0.75392174828484726
random_forest_balanced_ratio_preserved_noise_mcc_selected_true_pr_auc_v1,random_forest_class_weight_balanced,random_forest,min_samples_leaf,70/30,4,random_flip_20,test,80/20,test,5,True,2264,64,6.534629113972187,105,21,84,0.87619047619047619,0.81547619047619047,0.68181818181818177,0.7142857142857143,0.69767441860465118,0.6201481997912045,77,7,6,15,0.90589569160997718,0.76601559566287558,0.76059359527617887
random_forest_balanced_ratio_preserved_noise_mcc_selected_true_pr_auc_v1,random_forest_class_weight_balanced,random_forest,min_samples_leaf,70/30,4,random_flip_20,test,90/10,test,5,True,2264,64,6.7999708959832788,210,21,189,0.90000000000000002,0.81746031746031744,0.5,0.7142857142857143,0.58823529411764708,0.54433105395181736,174,15,6,15,0.87351977828168303,0.54583476183298085,0.53719290109785045
random_forest_balanced_ratio_preserved_noise_mcc_selected_true_pr_auc_v1,random_forest_class_weight_balanced,random_forest,min_samples_leaf,70/30,4,random_fp_10,validation_selected_reproduction,70/30,valid,1,True,3021,64,6.6319250749947969,64,19,45,0.8125,0.76023391812865493,0.70588235294117652,0.63157894736842102,0.66666666666666663,0.53839815623423537,40,5,7,12,0.88128654970760234,0.75090891612807864,0.74456255176149555
random_forest_balanced_ratio_preserved_noise_mcc_selected_true_pr_auc_v1,random_forest_class_weight_balanced,random_forest,min_samples_leaf,70/30,4,random_fp_10,test,50/50,test,1,True,3021,64,6.72921416698955,42,21,21,0.8571428571428571,0.85714285714285721,1,0.7142857142857143,0.83333333333333337,0.7453559924999299,21,0,6,15,0.93537414965986398,0.94279351609598261,0.94438659796765578
random_forest_balanced_ratio_preserved_noise_mcc_selected_true_pr_auc_v1,random_forest_class_weight_balanced,random_forest,min_samples_leaf,70/30,4,random_fp_10,test,60/40,test,1,True,3021,64,6.9049743920040783,53,21,32,0.84905660377358494,0.82589285714285721,0.88235294117647056,0.7142857142857143,0.78947368421052633,0.68298908456567176,30,2,6,15,0.90922619047619047,0.90022590383637624,0.90242781603587829
random_forest_balanced_ratio_preserved_noise_mcc_selected_true_pr_auc_v1,random_forest_class_weight_balanced,random_forest,min_samples_leaf,70/30,4,random_fp_10,test,70/30,test,1,True,3021,64,7.0446820379875135,70,21,49,0.81428571428571428,0.7857142857142857,0.68181818181818177,0.7142857142857143,0.69767441860465118,0.56407607481776623,42,7,6,15,0.87657920310981541,0.81077980640224145,0.81478401202124984
random_forest_balanced_ratio_preserved_noise_mcc_selected_true_pr_auc_v1,random_forest_class_weight_balanced,random_forest,min_samples_leaf,70/30,4,random_fp_10,test,75/25,test,1,True,3021,64,7.1971551740134601,84,21,63,0.88095238095238093,0.82539682539682535,0.78947368421052633,0.7142857142857143,0.75,0.67358087938986366,59,4,6,15,0.92403628117913827,0.85701686807576527,0.85913949714685334
random_forest_balanced_ratio_preserved_noise_mcc_selected_true_pr_auc_v1,random_forest_class_weight_balanced,random_forest,min_samples_leaf,70/30,4,random_fp_10,test,80/20,test,1,True,3021,64,7.3332342880021315,105,21,84,0.91428571428571426,0.8392857142857143,0.83333333333333337,0.7142857142857143,0.76923076923076927,0.72019314139995827,81,3,6,15,0.92630385487528344,0.84258072250683091,0.84512899907213423
random_forest_balanced_ratio_preserved_noise_mcc_selected_true_pr_auc_v1,random_forest_class_weight_balanced,random_forest,min_samples_leaf,70/30,4,random_fp_10,test,90/10,test,1,True,3021,64,7.5726772109919693,210,21,189,0.90476190476190477,0.82010582010582012,0.51724137931034486,0.7142857142857143,0.59999999999999998,0.5567059066713087,175,14,6,15,0.9096749811035526,0.68286125470086012,0.68526298598849089
random_forest_balanced_ratio_preserved_noise_mcc_selected_true_pr_auc_v1,random_forest_class_weight_balanced,random_forest,min_samples_leaf,70/30,4,random_fp_20,validation_selected_reproduction,70/30,valid,5,True,3775,64,7.81217038599425,64,19,45,0.8125,0.79064327485380115,0.66666666666666663,0.73684210526315785,0.69999999999999996,0.56562611962621479,38,7,5,14,0.88070175438596499,0.73428741378943085,0.72320813717547705
random_forest_balanced_ratio_preserved_noise_mcc_selected_true_pr_auc_v1,random_forest_class_weight_balanced,random_forest,min_samples_leaf,70/30,4,random_fp_20,test,50/50,test,5,True,3775,64,7.910546252009226,42,21,21,0.83333333333333337,0.83333333333333326,0.9375,0.7142857142857143,0.81081081081081086,0.6864064729836441,20,1,6,15,0.88208616780045357,0.91731071216365345,0.91573743294815646
random_forest_balanced_ratio_preserved_noise_mcc_selected_true_pr_auc_v1,random_forest_class_weight_balanced,random_forest,min_samples_leaf,70/30,4,random_fp_20,test,60/40,test,5,True,3775,64,8.0821218430064619,53,21,32,0.81132075471698117,0.79464285714285721,0.78947368421052633,0.7142857142857143,0.75,0.60102742638844608,28,4,6,15,0.86011904761904767,0.86372691676760693,0.86124308600007149
random_forest_balanced_ratio_preserved_noise_mcc_selected_true_pr_auc_v1,random_forest_class_weight_balanced,random_forest,min_samples_leaf,70/30,4,random_fp_20,test,70/30,test,5,True,3775,64,8.2044613540056162,70,21,49,0.81428571428571428,0.7857142857142857,0.68181818181818177,0.7142857142857143,0.69767441860465118,0.56407607481776623,42,7,6,15,0.84450923226433428,0.78734870982110849,0.78301711290348974
random_forest_balanced_ratio_preserved_noise_mcc_selected_true_pr_auc_v1,random_forest_class_weight_balanced,random_forest,min_samples_leaf,70/30,4,random_fp_20,test,75/25,test,5,True,3775,64,8.3460069319989998,84,21,63,0.83333333333333337,0.79365079365079372,0.65217391304347827,0.7142857142857143,0.68181818181818177,0.5703116736349898,55,8,6,15,0.85789871504157211,0.73476563619774571,0.72706546942615624
random_forest_balanced_ratio_preserved_noise_mcc_selected_true_pr_auc_v1,random_forest_class_weight_balanced,random_forest,min_samples_leaf,70/30,4,random_fp_20,test,80/20,test,5,True,3775,64,8.4806558029958978,105,21,84,0.90476190476190477,0.83333333333333326,0.78947368421052633,0.7142857142857143,0.75,0.69267897439341075,80,4,6,15,0.8928571428571429,0.82553582517230861,0.82308256926304013
random_forest_balanced_ratio_preserved_noise_mcc_selected_true_pr_auc_v1,random_forest_class_weight_balanced,random_forest,min_samples_leaf,70/30,4,random_fp_20,test,90/10,test,5,True,3775,64,8.7331525929912459,210,21,189,0.84761904761904761,0.78835978835978837,0.36585365853658536,0.7142857142857143,0.4838709677419355,0.43648564220148878,163,26,6,15,0.85185185185185186,0.58837811768531356,0.5820798169034761
random_forest_balanced_ratio_preserved_noise_mcc_selected_true_pr_auc_v1,random_forest_class_weight_balanced,random_forest,min_samples_leaf,70/30,4,heuristic_fp_10,validation_selected_reproduction,70/30,valid,2,True,3021,64,7.0477464080031496,64,19,45,0.8125,0.82105263157894737,0.64000000000000001,0.84210526315789469,0.72727272727272729,0.60129415086997595,36,9,3,16,0.86432748538011694,0.69524485628999755,0.68414588074051252
random_forest_balanced_ratio_preserved_noise_mcc_selected_true_pr_auc_v1,random_forest_class_weight_balanced,random_forest,min_samples_leaf,70/30,4,heuristic_fp_10,test,50/50,test,2,True,3021,64,7.1454704689967912,42,21,21,0.8571428571428571,0.85714285714285721,0.89473684210526316,0.80952380952380953,0.84999999999999998,0.71754730985240978,19,2,4,17,0.94104308390022673,0.93639088027786754,0.9345893484763359
random_forest_balanced_ratio_preserved_noise_mcc_selected_true_pr_auc_v1,random_forest_class_weight_balanced,random_forest,min_samples_leaf,70/30,4,heuristic_fp_10,test,60/40,test,2,True,3021,64,7.3239178060030099,53,21,32,0.83018867924528306,0.82663690476190477,0.77272727272727271,0.80952380952380953,0.79069767441860461,0.64846672574637432,27,5,4,17,0.93005952380952384,0.9081177426538678,0.9060212699026331
random_forest_balanced_ratio_preserved_noise_mcc_selected_true_pr_auc_v1,random_forest_class_weight_balanced,random_forest,min_samples_leaf,70/30,4,heuristic_fp_10,test,70/30,test,2,True,3021,64,7.449569871998392,70,21,49,0.81428571428571428,0.81292517006802723,0.65384615384615385,0.80952380952380953,0.72340425531914898,0.59356074020638561,40,9,4,17,0.89310009718172989,0.7797245571438407,0.77295509300122833
random_forest_balanced_ratio_preserved_noise_mcc_selected_true_pr_auc_v1,random_forest_class_weight_balanced,random_forest,min_samples_leaf,70/30,4,heuristic_fp_10,test,75/25,test,2,True,3021,64,7.5920662019925658,84,21,63,0.8571428571428571,0.84126984126984128,0.68000000000000005,0.80952380952380953,0.73913043478260865,0.64641558408243283,55,8,4,17,0.92819349962207109,0.79883485546956901,0.79277413329967183
random_forest_balanced_ratio_preserved_noise_mcc_selected_true_pr_auc_v1,random_forest_class_weight_balanced,random_forest,min_samples_leaf,70/30,4,heuristic_fp_10,test,80/20,test,2,True,3021,64,7.7335664989950601,105,21,84,0.91428571428571426,0.875,0.77272727272727271,0.80952380952380953,0.79069767441860461,0.73715729409143171,79,5,4,17,0.9659863945578232,0.91354045093433878,0.91208433922118082
random_forest_balanced_ratio_preserved_noise_mcc_selected_true_pr_auc_v1,random_forest_class_weight_balanced,random_forest,min_samples_leaf,70/30,4,heuristic_fp_10,test,90/10,test,2,True,3021,64,7.9908003860036843,210,21,189,0.8571428571428571,0.83597883597883604,0.39534883720930231,0.80952380952380953,0.53125,0.49956269849181806,163,26,4,17,0.92970521541950113,0.68407226884064154,0.67813278811557498
random_forest_balanced_ratio_preserved_noise_mcc_selected_true_pr_auc_v1,random_forest_class_weight_balanced,random_forest,min_samples_leaf,70/30,4,heuristic_fp_20,validation_selected_reproduction,70/30,valid,5,True,3775,64,7.8042239860224072,64,19,45,0.75,0.77660818713450297,0.55172413793103448,0.84210526315789469,0.66666666666666663,0.50774430653330327,32,13,3,16,0.87485380116959066,0.70338151931330795,0.68713313890156935
random_forest_balanced_ratio_preserved_noise_mcc_selected_true_pr_auc_v1,random_forest_class_weight_balanced,random_forest,min_samples_leaf,70/30,4,heuristic_fp_20,test,50/50,test,5,True,3775,64,7.9135945620073471,42,21,21,0.83333333333333337,0.83333333333333326,0.81818181818181823,0.8571428571428571,0.83720930232558144,0.66742381247191462,17,4,3,18,0.94104308390022662,0.94205294647841242,0.94057712110552827
random_forest_balanced_ratio_preserved_noise_mcc_selected_true_pr_auc_v1,random_forest_class_weight_balanced,random_forest,min_samples_leaf,70/30,4,heuristic_fp_20,test,60/40,test,5,True,3775,64,8.0846051700063981,53,21,32,0.79245283018867929,0.8035714285714286,0.69230769230769229,0.8571428571428571,0.76595744680851063,0.59402807414242031,24,8,3,18,0.90773809523809523,0.87343509224461635,0.87019296400248813
random_forest_balanced_ratio_preserved_noise_mcc_selected_true_pr_auc_v1,random_forest_class_weight_balanced,random_forest,min_samples_leaf,70/30,4,heuristic_fp_20,test,70/30,test,5,True,3775,64,8.2174687100050505,70,21,49,0.72857142857142854,0.76530612244897955,0.52941176470588236,0.8571428571428571,0.65454545454545454,0.48651277256732778,33,16,3,18,0.87560738581146746,0.75292656423769055,0.7456364422122288
random_forest_balanced_ratio_preserved_noise_mcc_selected_true_pr_auc_v1,random_forest_class_weight_balanced,random_forest,min_samples_leaf,70/30,4,heuristic_fp_20,test,75/25,test,5,True,3775,64,8.3728429320035502,84,21,63,0.83333333333333337,0.84126984126984117,0.62068965517241381,0.8571428571428571,0.71999999999999997,0.62162358623817282,52,11,3,18,0.90929705215419498,0.72445806338490848,0.71446795655281559
random_forest_balanced_ratio_preserved_noise_mcc_selected_true_pr_auc_v1,random_forest_class_weight_balanced,random_forest,min_samples_leaf,70/30,4,heuristic_fp_20,test,80/20,test,5,True,3775,64,8.5125520480214618,105,21,84,0.8571428571428571,0.8571428571428571,0.59999999999999998,0.8571428571428571,0.70588235294117652,0.63245553203367588,72,12,3,18,0.95464852607709749,0.87981327037168722,0.87755931001448451
random_forest_balanced_ratio_preserved_noise_mcc_selected_true_pr_auc_v1,random_forest_class_weight_balanced,random_forest,min_samples_leaf,70/30,4,heuristic_fp_20,test,90/10,test,5,True,3775,64,8.7848853890027385,210,21,189,0.75714285714285712,0.80158730158730163,0.27272727272727271,0.8571428571428571,0.41379310344827586,0.38978972143455365,141,48,3,18,0.91131267321743503,0.63540571325708095,0.62900947132477869
random_forest_balanced_ratio_preserved_noise_mcc_selected_true_pr_auc_v1,random_forest_class_weight_balanced,random_forest,min_samples_leaf,70/30,5,clean,validation_selected_reproduction,70/30,valid,5,True,2264,64,5.3903515000129119,64,19,45,0.828125,0.84736842105263155,0.65384615384615385,0.89473684210526316,0.75555555555555554,0.6462862486490335,36,9,2,17,0.90409356725146195,0.81544002699575446,0.81044363955509735
random_forest_balanced_ratio_preserved_noise_mcc_selected_true_pr_auc_v1,random_forest_class_weight_balanced,random_forest,min_samples_leaf,70/30,5,clean,test,50/50,test,5,True,2264,64,5.4948899460141547,42,21,21,0.80952380952380953,0.80952380952380953,0.88235294117647056,0.7142857142857143,0.78947368421052633,0.63059262509446579,19,2,6,15,0.90702947845804982,0.89297462779329217,0.88939912720327263
random_forest_balanced_ratio_preserved_noise_mcc_selected_true_pr_auc_v1,random_forest_class_weight_balanced,random_forest,min_samples_leaf,70/30,5,clean,test,60/40,test,5,True,2264,64,5.5990553539886605,53,21,32,0.83018867924528306,0.81026785714285721,0.83333333333333337,0.7142857142857143,0.76923076923076927,0.64088652990813211,29,3,6,15,0.89583333333333337,0.81555085126513682,0.80328450290883935
random_forest_balanced_ratio_preserved_noise_mcc_selected_true_pr_auc_v1,random_forest_class_weight_balanced,random_forest,min_samples_leaf,70/30,5,clean,test,70/30,test,5,True,2264,64,5.7102745230076835,70,21,49,0.84285714285714286,0.80612244897959184,0.75,0.7142857142857143,0.73170731707317072,0.62105900340811881,44,5,6,15,0.91059280855199209,0.83704823032599651,0.83331101335236824
random_forest_balanced_ratio_preserved_noise_mcc_selected_true_pr_auc_v1,random_forest_class_weight_balanced,random_forest,min_samples_leaf,70/30,5,clean,test,75/25,test,5,True,2264,64,5.8334266020101495,84,21,63,0.84523809523809523,0.80158730158730163,0.68181818181818177,0.7142857142857143,0.69767441860465118,0.59404012950668628,56,7,6,15,0.91836734693877564,0.79985924066080516,0.79496859752400661
random_forest_balanced_ratio_preserved_noise_mcc_selected_true_pr_auc_v1,random_forest_class_weight_balanced,random_forest,min_samples_leaf,70/30,5,clean,test,80/20,test,5,True,2264,64,6.0068991360021755,105,21,84,0.81904761904761902,0.77976190476190477,0.5357142857142857,0.7142857142857143,0.61224489795918369,0.50610832839838893,71,13,6,15,0.87755102040816324,0.59390969476647393,0.56514748101867274
random_forest_balanced_ratio_preserved_noise_mcc_selected_true_pr_auc_v1,random_forest_class_weight_balanced,random_forest,min_samples_leaf,70/30,5,clean,test,90/10,test,5,True,2264,64,6.3021669879963156,210,21,189,0.8571428571428571,0.79365079365079372,0.38461538461538464,0.7142857142857143,0.5,0.45307632099523115,165,24,6,15,0.90123456790123446,0.61454120118470956,0.60873272394375411
random_forest_balanced_ratio_preserved_noise_mcc_selected_true_pr_auc_v1,random_forest_class_weight_balanced,random_forest,min_samples_leaf,70/30,5,random_flip_10,validation_selected_reproduction,70/30,valid,5,True,2264,64,5.5229240629996639,64,19,45,0.796875,0.76432748538011697,0.65000000000000002,0.68421052631578949,0.66666666666666663,0.52109156277910951,38,7,6,13,0.9017543859649122,0.8435200730529846,0.84040758639001312
random_forest_balanced_ratio_preserved_noise_mcc_selected_true_pr_auc_v1,random_forest_class_weight_balanced,random_forest,min_samples_leaf,70/30,5,random_flip_10,test,50/50,test,5,True,2264,64,5.6278682280099019,42,21,21,0.80952380952380953,0.80952380952380953,0.88235294117647056,0.7142857142857143,0.78947368421052633,0.63059262509446579,19,2,6,15,0.90702947845804993,0.90498172578491665,0.90225386703221333
random_forest_balanced_ratio_preserved_noise_mcc_selected_true_pr_auc_v1,random_forest_class_weight_balanced,random_forest,min_samples_leaf,70/30,5,random_flip_10,test,60/40,test,5,True,2264,64,5.7304991619894281,53,21,32,0.81132075471698117,0.79464285714285721,0.78947368421052633,0.7142857142857143,0.75,0.60102742638844608,28,4,6,15,0.89880952380952384,0.85401670554003606,0.84950401735420766
random_forest_balanced_ratio_preserved_noise_mcc_selected_true_pr_auc_v1,random_forest_class_weight_balanced,random_forest,min_samples_leaf,70/30,5,random_flip_10,test,70/30,test,5,True,2264,64,5.8399716000130866,70,21,49,0.8571428571428571,0.81632653061224492,0.78947368421052633,0.7142857142857143,0.75,0.65194568114468099,45,4,6,15,0.9154518950437317,0.86804744912490595,0.86561259290143511
random_forest_balanced_ratio_preserved_noise_mcc_selected_true_pr_auc_v1,random_forest_class_weight_balanced,random_forest,min_samples_leaf,70/30,5,random_flip_10,test,75/25,test,5,True,2264,64,5.9536472340114415,84,21,63,0.8571428571428571,0.80952380952380953,0.7142857142857143,0.7142857142857143,0.7142857142857143,0.61904761904761907,57,6,6,15,0.92063492063492069,0.83571790601379603,0.83244642835401472
random_forest_balanced_ratio_preserved_noise_mcc_selected_true_pr_auc_v1,random_forest_class_weight_balanced,random_forest,min_samples_leaf,70/30,5,random_flip_10,test,80/20,test,5,True,2264,64,6.1224997930112295,105,21,84,0.84761904761904761,0.79761904761904767,0.59999999999999998,0.7142857142857143,0.65217391304347827,0.55901699437494745,74,10,6,15,0.88378684807256236,0.69937129606016635,0.68958552511198423
random_forest_balanced_ratio_preserved_noise_mcc_selected_true_pr_auc_v1,random_forest_class_weight_balanced,random_forest,min_samples_leaf,70/30,5,random_flip_10,test,90/10,test,5,True,2264,64,6.432177562994184,210,21,189,0.88095238095238093,0.80687830687830686,0.44117647058823528,0.7142857142857143,0.54545454545454541,0.49985143366185181,170,19,6,15,0.90828924162257496,0.66348054215675134,0.65790725675006745
random_forest_balanced_ratio_preserved_noise_mcc_selected_true_pr_auc_v1,random_forest_class_weight_balanced,random_forest,min_samples_leaf,70/30,5,random_flip_20,validation_selected_reproduction,70/30,valid,5,True,2264,64,5.5953201999946032,64,19,45,0.8125,0.74502923976608182,0.73333333333333328,0.57894736842105265,0.6470588235294118,0.52855148343833658,41,4,8,11,0.86315789473684201,0.74397872767067807,0.73594974596969776
random_forest_balanced_ratio_preserved_noise_mcc_selected_true_pr_auc_v1,random_forest_class_weight_balanced,random_forest,min_samples_leaf,70/30,5,random_flip_20,test,50/50,test,5,True,2264,64,5.6980016439920291,42,21,21,0.6428571428571429,0.64285714285714279,0.80000000000000004,0.38095238095238093,0.5161290322580645,0.33541019662496846,19,2,13,8,0.85487528344671204,0.84019608409074742,0.83423887991925749
random_forest_balanced_ratio_preserved_noise_mcc_selected_true_pr_auc_v1,random_forest_class_weight_balanced,random_forest,min_samples_leaf,70/30,5,random_flip_20,test,60/40,test,5,True,2264,64,5.804423613997642,53,21,32,0.71698113207547165,0.65922619047619047,0.80000000000000004,0.38095238095238093,0.5161290322580645,0.39810250381496354,30,2,13,8,0.86904761904761907,0.81790839459141029,0.81188888989656927
random_forest_balanced_ratio_preserved_noise_mcc_selected_true_pr_auc_v1,random_forest_class_weight_balanced,random_forest,min_samples_leaf,70/30,5,random_flip_20,test,70/30,test,5,True,2264,64,5.9180930579896085,70,21,49,0.80000000000000004,0.68027210884353739,0.88888888888888884,0.38095238095238093,0.53333333333333333,0.49360556800061617,48,1,13,8,0.87463556851311952,0.75284596756468214,0.74309228471745348
random_forest_balanced_ratio_preserved_noise_mcc_selected_true_pr_auc_v1,random_forest_class_weight_balanced,random_forest,min_samples_leaf,70/30,5,random_flip_20,test,75/25,test,5,True,2264,64,6.032529928983422,84,21,63,0.7857142857142857,0.6507936507936507,0.61538461538461542,0.38095238095238093,0.47058823529411764,0.36107059620301118,58,5,13,8,0.87528344671201808,0.68510793213156207,0.67455729766060757
random_forest_balanced_ratio_preserved_noise_mcc_selected_true_pr_auc_v1,random_forest_class_weight_balanced,random_forest,min_samples_leaf,70/30,5,random_flip_20,test,80/20,test,5,True,2264,64,6.19941726300749,105,21,84,0.77142857142857146,0.625,0.42105263157894735,0.38095238095238093,0.40000000000000002,0.25975461539752903,73,11,13,8,0.82029478458049887,0.4851690231245615,0.45561862468933689
random_forest_balanced_ratio_preserved_noise_mcc_selected_true_pr_auc_v1,random_forest_class_weight_balanced,random_forest,min_samples_leaf,70/30,5,random_flip_20,test,90/10,test,5,True,2264,64,6.4653286479879171,210,21,189,0.8666666666666667,0.6507936507936507,0.34782608695652173,0.38095238095238093,0.36363636363636365,0.28971359796263407,174,15,13,8,0.85890652557319225,0.42753569100676503,0.41455914432976465
random_forest_balanced_ratio_preserved_noise_mcc_selected_true_pr_auc_v1,random_forest_class_weight_balanced,random_forest,min_samples_leaf,70/30,5,random_fp_10,validation_selected_reproduction,70/30,valid,1,True,3021,64,7.0272236820019316,64,19,45,0.828125,0.77134502923976611,0.75,0.63157894736842102,0.68571428571428572,0.57260391516712261,41,4,7,12,0.87134502923976609,0.76686002236976725,0.76675932348883791
random_forest_balanced_ratio_preserved_noise_mcc_selected_true_pr_auc_v1,random_forest_class_weight_balanced,random_forest,min_samples_leaf,70/30,5,random_fp_10,test,50/50,test,1,True,3021,64,7.1257613720081281,42,21,21,0.73809523809523814,0.73809523809523814,0.8571428571428571,0.5714285714285714,0.68571428571428572,0.50507627227610541,19,2,9,12,0.92970521541950113,0.92457777275047448,0.92197574091503309
random_forest_balanced_ratio_preserved_noise_mcc_selected_true_pr_auc_v1,random_forest_class_weight_balanced,random_forest,min_samples_leaf,70/30,5,random_fp_10,test,60/40,test,1,True,3021,64,7.2327619940042496,53,21,32,0.81132075471698117,0.7700892857142857,0.92307692307692313,0.5714285714285714,0.70588235294117652,0.61407344434924471,31,1,9,12,0.89211309523809512,0.84727531299602421,0.84142386902754862
random_forest_balanced_ratio_preserved_noise_mcc_selected_true_pr_auc_v1,random_forest_class_weight_balanced,random_forest,min_samples_leaf,70/30,5,random_fp_10,test,70/30,test,1,True,3021,64,7.3295552250056062,70,21,49,0.84285714285714286,0.76530612244897955,0.8571428571428571,0.5714285714285714,0.68571428571428572,0.60789269422883596,47,2,9,12,0.90379008746355682,0.85246681541438596,0.85400952252921591
random_forest_balanced_ratio_preserved_noise_mcc_selected_true_pr_auc_v1,random_forest_class_weight_balanced,random_forest,min_samples_leaf,70/30,5,random_fp_10,test,75/25,test,1,True,3021,64,7.4352731879916973,84,21,63,0.84523809523809523,0.75396825396825395,0.75,0.5714285714285714,0.64864864864864868,0.56011203361120387,59,4,9,12,0.90702947845804993,0.78129743502414306,0.77546266230386629
random_forest_balanced_ratio_preserved_noise_mcc_selected_true_pr_auc_v1,random_forest_class_weight_balanced,random_forest,min_samples_leaf,70/30,5,random_fp_10,test,80/20,test,1,True,3021,64,7.618981443985831,105,21,84,0.8666666666666667,0.75595238095238093,0.70588235294117652,0.5714285714285714,0.63157894736842102,0.55586926674464554,79,5,9,12,0.88662131519274379,0.66098857647382103,0.63736399971346469
random_forest_balanced_ratio_preserved_noise_mcc_selected_true_pr_auc_v1,random_forest_class_weight_balanced,random_forest,min_samples_leaf,70/30,5,random_fp_10,test,90/10,test,1,True,3021,64,7.9206622230121866,210,21,189,0.89523809523809528,0.75132275132275128,0.47999999999999998,0.5714285714285714,0.52173913043478259,0.46563592732607828,176,13,9,12,0.89732930209120687,0.63175596319427374,0.62820142261876066
random_forest_balanced_ratio_preserved_noise_mcc_selected_true_pr_auc_v1,random_forest_class_weight_balanced,random_forest,min_samples_leaf,70/30,5,random_fp_20,validation_selected_reproduction,70/30,valid,5,True,3775,64,7.759061867982382,64,19,45,0.78125,0.76842105263157889,0.60869565217391308,0.73684210526315785,0.66666666666666663,0.51117991544586139,36,9,5,14,0.9064327485380117,0.81238569909622549,0.80712795456623954
random_forest_balanced_ratio_preserved_noise_mcc_selected_true_pr_auc_v1,random_forest_class_weight_balanced,random_forest,min_samples_leaf,70/30,5,random_fp_20,test,50/50,test,5,True,3775,64,7.865870786976302,42,21,21,0.7857142857142857,0.7857142857142857,0.875,0.66666666666666663,0.7567567567567568,0.58834840541455213,19,2,7,14,0.8979591836734695,0.91014188513912098,0.90795682672348477
random_forest_balanced_ratio_preserved_noise_mcc_selected_true_pr_auc_v1,random_forest_class_weight_balanced,random_forest,min_samples_leaf,70/30,5,random_fp_20,test,60/40,test,5,True,3775,64,7.9873263280023821,53,21,32,0.83018867924528306,0.80208333333333326,0.875,0.66666666666666663,0.7567567567567568,0.64369560471664822,30,2,7,14,0.86309523809523814,0.80953011706117306,0.80107948440818744
random_forest_balanced_ratio_preserved_noise_mcc_selected_true_pr_auc_v1,random_forest_class_weight_balanced,random_forest,min_samples_leaf,70/30,5,random_fp_20,test,70/30,test,5,True,3775,64,8.1019488729943987,70,21,49,0.82857142857142863,0.78231292517006801,0.73684210526315785,0.66666666666666663,0.69999999999999996,0.58184399500009165,44,5,7,14,0.89504373177842567,0.84980347566753123,0.8472716694957112
random_forest_balanced_ratio_preserved_noise_mcc_selected_true_pr_auc_v1,random_forest_class_weight_balanced,random_forest,min_samples_leaf,70/30,5,random_fp_20,test,75/25,test,5,True,3775,64,8.206470149976667,84,21,63,0.84523809523809523,0.7857142857142857,0.69999999999999996,0.66666666666666663,0.68292682926829273,0.58094750193111255,57,6,7,14,0.88737717309145869,0.79392796628452311,0.78991783169595542
random_forest_balanced_ratio_preserved_noise_mcc_selected_true_pr_auc_v1,random_forest_class_weight_balanced,random_forest,min_samples_leaf,70/30,5,random_fp_20,test,80/20,test,5,True,3775,64,8.358388862980064,105,21,84,0.8571428571428571,0.7857142857142857,0.63636363636363635,0.66666666666666663,0.65116279069767447,0.56164365264109084,76,8,7,14,0.86394557823129248,0.65753100628888306,0.63212094557640186
random_forest_balanced_ratio_preserved_noise_mcc_selected_true_pr_auc_v1,random_forest_class_weight_balanced,random_forest,min_samples_leaf,70/30,5,random_fp_20,test,90/10,test,5,True,3775,64,8.6699902869877405,210,21,189,0.86190476190476195,0.77513227513227512,0.3888888888888889,0.66666666666666663,0.49122807017543857,0.43801220295669979,167,22,7,14,0.88636936255983878,0.654620849429697,0.64998951612233991
random_forest_balanced_ratio_preserved_noise_mcc_selected_true_pr_auc_v1,random_forest_class_weight_balanced,random_forest,min_samples_leaf,70/30,5,heuristic_fp_10,validation_selected_reproduction,70/30,valid,2,True,3021,64,6.743289617006667,64,19,45,0.78125,0.79883040935672511,0.59259259259259256,0.84210526315789469,0.69565217391304346,0.55291083255017204,34,11,3,16,0.87719298245614041,0.76964317187793907,0.76418611568438566
random_forest_balanced_ratio_preserved_noise_mcc_selected_true_pr_auc_v1,random_forest_class_weight_balanced,random_forest,min_samples_leaf,70/30,5,heuristic_fp_10,test,50/50,test,2,True,3021,64,6.8470587260089815,42,21,21,0.8571428571428571,0.85714285714285721,0.89473684210526316,0.80952380952380953,0.84999999999999998,0.71754730985240978,19,2,4,17,0.95238095238095233,0.94206552998978443,0.94018511227085733
random_forest_balanced_ratio_preserved_noise_mcc_selected_true_pr_auc_v1,random_forest_class_weight_balanced,random_forest,min_samples_leaf,70/30,5,heuristic_fp_10,test,60/40,test,2,True,3021,64,7.0167006220144685,53,21,32,0.84905660377358494,0.84226190476190477,0.80952380952380953,0.80952380952380953,0.80952380952380953,0.68452380952380953,28,4,4,17,0.92559523809523814,0.87693753303035149,0.87270483262951504
random_forest_balanced_ratio_preserved_noise_mcc_selected_true_pr_auc_v1,random_forest_class_weight_balanced,random_forest,min_samples_leaf,70/30,5,heuristic_fp_10,test,70/30,test,2,True,3021,64,7.1305807610042393,70,21,49,0.8571428571428571,0.84353741496598644,0.73913043478260865,0.80952380952380953,0.77272727272727271,0.67034577955304098,43,6,4,17,0.92225461613216719,0.83244807857461933,0.8269579580541786
random_forest_balanced_ratio_preserved_noise_mcc_selected_true_pr_auc_v1,random_forest_class_weight_balanced,random_forest,min_samples_leaf,70/30,5,heuristic_fp_10,test,75/25,test,2,True,3021,64,7.2446812049893197,84,21,63,0.86904761904761907,0.84920634920634919,0.70833333333333337,0.80952380952380953,0.75555555555555554,0.66943868139520302,56,7,4,17,0.94104308390022673,0.83445862618696887,0.82998606753004789
random_forest_balanced_ratio_preserved_noise_mcc_selected_true_pr_auc_v1,random_forest_class_weight_balanced,random_forest,min_samples_leaf,70/30,5,heuristic_fp_10,test,80/20,test,2,True,3021,64,7.4142203789961059,105,21,84,0.8666666666666667,0.84523809523809523,0.62962962962962965,0.80952380952380953,0.70833333333333337,0.63192976877859297,74,10,4,17,0.91496598639455784,0.69541708028116167,0.66986870036465074
random_forest_balanced_ratio_preserved_noise_mcc_selected_true_pr_auc_v1,random_forest_class_weight_balanced,random_forest,min_samples_leaf,70/30,5,heuristic_fp_10,test,90/10,test,2,True,3021,64,7.7341983130027074,210,21,189,0.8666666666666667,0.84126984126984128,0.41463414634146339,0.80952380952380953,0.54838709677419351,0.51657475086231242,165,24,4,17,0.92718568909045107,0.65188395142198219,0.64594271567694517
random_forest_balanced_ratio_preserved_noise_mcc_selected_true_pr_auc_v1,random_forest_class_weight_balanced,random_forest,min_samples_leaf,70/30,5,heuristic_fp_20,validation_selected_reproduction,70/30,valid,5,True,3775,64,7.9188795920053963,64,19,45,0.796875,0.82514619883040941,0.6071428571428571,0.89473684210526316,0.72340425531914898,0.59890986706554394,34,11,2,17,0.89122807017543859,0.77636570592697352,0.76944116804278528
random_forest_balanced_ratio_preserved_noise_mcc_selected_true_pr_auc_v1,random_forest_class_weight_balanced,random_forest,min_samples_leaf,70/30,5,heuristic_fp_20,test,50/50,test,5,True,3775,64,8.0062298480188474,42,21,21,0.88095238095238093,0.88095238095238093,0.90000000000000002,0.8571428571428571,0.87804878048780488,0.7627700713964739,19,2,3,18,0.94331065759637189,0.92039376949814811,0.91698669520598064
random_forest_balanced_ratio_preserved_noise_mcc_selected_true_pr_auc_v1,random_forest_class_weight_balanced,random_forest,min_samples_leaf,70/30,5,heuristic_fp_20,test,60/40,test,5,True,3775,64,8.1028701850154903,53,21,32,0.83018867924528306,0.8348214285714286,0.75,0.8571428571428571,0.80000000000000004,0.65799600594712171,26,6,3,18,0.9151785714285714,0.82585252883513749,0.81350797331983538
random_forest_balanced_ratio_preserved_noise_mcc_selected_true_pr_auc_v1,random_forest_class_weight_balanced,random_forest,min_samples_leaf,70/30,5,heuristic_fp_20,test,70/30,test,5,True,3775,64,8.2067712870193645,70,21,49,0.81428571428571428,0.82653061224489788,0.6428571428571429,0.8571428571428571,0.73469387755102045,0.61088283865697002,39,10,3,18,0.92225461613216708,0.83590328508350087,0.83058950888545402
random_forest_balanced_ratio_preserved_noise_mcc_selected_true_pr_auc_v1,random_forest_class_weight_balanced,random_forest,min_samples_leaf,70/30,5,heuristic_fp_20,test,75/25,test,5,True,3775,64,8.3219213550037239,84,21,63,0.86904761904761907,0.86507936507936511,0.69230769230769229,0.8571428571428571,0.76595744680851063,0.68390618846756046,55,8,3,18,0.93726379440665153,0.82982982809832917,0.82503391991839159
random_forest_balanced_ratio_preserved_noise_mcc_selected_true_pr_auc_v1,random_forest_class_weight_balanced,random_forest,min_samples_leaf,70/30,5,heuristic_fp_20,test,80/20,test,5,True,3775,64,8.5028499080217443,105,21,84,0.81904761904761902,0.83333333333333326,0.52941176470588236,0.8571428571428571,0.65454545454545454,0.5698878507093138,68,16,3,18,0.91156462585034026,0.65662540406461067,0.62934120696345475
random_forest_balanced_ratio_preserved_noise_mcc_selected_true_pr_auc_v1,random_forest_class_weight_balanced,random_forest,min_samples_leaf,70/30,5,heuristic_fp_20,test,90/10,test,5,True,3775,64,8.7888320790079888,210,21,189,0.81904761904761902,0.83597883597883593,0.33962264150943394,0.8571428571428571,0.48648648648648651,0.46408197984588828,154,35,3,18,0.92189468379944572,0.54726975647473708,0.53031119919343039
random_forest_balanced_ratio_preserved_noise_mcc_selected_true_pr_auc_v1,random_forest_class_weight_balanced,random_forest,min_samples_leaf,75/25,1,clean,validation_selected_reproduction,75/25,valid,5,True,2716,76,5.9651896880241111,76,19,57,0.85526315789473684,0.79824561403508776,0.72222222222222221,0.68421052631578949,0.70270270270270274,0.60753043640808368,52,5,6,13,0.94182825484764532,0.8206805213868924,0.81412806324252207
random_forest_balanced_ratio_preserved_noise_mcc_selected_true_pr_auc_v1,random_forest_class_weight_balanced,random_forest,min_samples_leaf,75/25,1,clean,test,50/50,test,5,True,2716,76,6.0485183920245618,42,21,21,0.80952380952380953,0.80952380952380953,0.88235294117647056,0.7142857142857143,0.78947368421052633,0.63059262509446579,19,2,6,15,0.89795918367346927,0.91725172569470814,0.91550478399851709
random_forest_balanced_ratio_preserved_noise_mcc_selected_true_pr_auc_v1,random_forest_class_weight_balanced,random_forest,min_samples_leaf,75/25,1,clean,test,60/40,test,5,True,2716,76,6.1401332550158259,53,21,32,0.83018867924528306,0.81026785714285721,0.83333333333333337,0.7142857142857143,0.76923076923076927,0.64088652990813211,29,3,6,15,0.89880952380952384,0.88213638683456508,0.87967003804914801
random_forest_balanced_ratio_preserved_noise_mcc_selected_true_pr_auc_v1,random_forest_class_weight_balanced,random_forest,min_samples_leaf,75/25,1,clean,test,70/30,test,5,True,2716,76,6.2481815310020465,70,21,49,0.82857142857142863,0.79591836734693877,0.7142857142857143,0.7142857142857143,0.7142857142857143,0.59183673469387754,43,6,6,15,0.93197278911564618,0.86148024830679781,0.85807070865702517
random_forest_balanced_ratio_preserved_noise_mcc_selected_true_pr_auc_v1,random_forest_class_weight_balanced,random_forest,min_samples_leaf,75/25,1,clean,test,75/25,test,5,True,2716,76,6.3594936520094052,84,21,63,0.8928571428571429,0.83333333333333326,0.83333333333333337,0.7142857142857143,0.76923076923076927,0.70352647068144847,60,3,6,15,0.93726379440665153,0.87270008280127409,0.87038832052820192
random_forest_balanced_ratio_preserved_noise_mcc_selected_true_pr_auc_v1,random_forest_class_weight_balanced,random_forest,min_samples_leaf,75/25,1,clean,test,80/20,test,5,True,2716,76,6.5102712590014562,105,21,84,0.84761904761904761,0.79761904761904767,0.59999999999999998,0.7142857142857143,0.65217391304347827,0.55901699437494745,74,10,6,15,0.89058956916099763,0.64252602107358425,0.6159048289025103
random_forest_balanced_ratio_preserved_noise_mcc_selected_true_pr_auc_v1,random_forest_class_weight_balanced,random_forest,min_samples_leaf,75/25,1,clean,test,90/10,test,5,True,2716,76,6.7625272340083029,210,21,189,0.88571428571428568,0.80952380952380953,0.45454545454545453,0.7142857142857143,0.55555555555555558,0.51029463678625875,171,18,6,15,0.90589569160997729,0.68366685081851108,0.68198547305864388
random_forest_balanced_ratio_preserved_noise_mcc_selected_true_pr_auc_v1,random_forest_class_weight_balanced,random_forest,min_samples_leaf,75/25,1,random_flip_10,validation_selected_reproduction,75/25,valid,5,True,2716,76,6.3021891789976507,76,19,57,0.89473684210526316,0.80701754385964908,0.92307692307692313,0.63157894736842102,0.75,0.70609878811360283,56,1,7,12,0.93905817174515238,0.84904934611518046,0.84480246582499507
random_forest_balanced_ratio_preserved_noise_mcc_selected_true_pr_auc_v1,random_forest_class_weight_balanced,random_forest,min_samples_leaf,75/25,1,random_flip_10,test,50/50,test,5,True,2716,76,6.3964074209798127,42,21,21,0.80952380952380953,0.80952380952380953,1,0.61904761904761907,0.76470588235294112,0.66953406341198618,21,0,8,13,0.90702947845804993,0.92982881433229325,0.92847099582284964
random_forest_balanced_ratio_preserved_noise_mcc_selected_true_pr_auc_v1,random_forest_class_weight_balanced,random_forest,min_samples_leaf,75/25,1,random_flip_10,test,60/40,test,5,True,2716,76,6.5003256139752921,53,21,32,0.81132075471698117,0.77827380952380953,0.8666666666666667,0.61904761904761907,0.72222222222222221,0.60429574716505419,30,2,8,13,0.84970238095238093,0.82628273920290751,0.8222584614045676
random_forest_balanced_ratio_preserved_noise_mcc_selected_true_pr_auc_v1,random_forest_class_weight_balanced,random_forest,min_samples_leaf,75/25,1,random_flip_10,test,70/30,test,5,True,2716,76,6.6021453279827256,70,21,49,0.87142857142857144,0.79931972789115646,0.9285714285714286,0.61904761904761907,0.74285714285714288,0.68582765502740461,48,1,8,13,0.9057337220602526,0.83385442723043113,0.82972507398132445
random_forest_balanced_ratio_preserved_noise_mcc_selected_true_pr_auc_v1,random_forest_class_weight_balanced,random_forest,min_samples_leaf,75/25,1,random_flip_10,test,75/25,test,5,True,2716,76,6.7149434729944915,84,21,63,0.8928571428571429,0.80158730158730163,0.9285714285714286,0.61904761904761907,0.74285714285714288,0.70082555788515166,62,1,8,13,0.91912320483749055,0.85149912879726575,0.84904061443386891
random_forest_balanced_ratio_preserved_noise_mcc_selected_true_pr_auc_v1,random_forest_class_weight_balanced,random_forest,min_samples_leaf,75/25,1,random_flip_10,test,80/20,test,5,True,2716,76,6.855476976983482,105,21,84,0.82857142857142863,0.75,0.56521739130434778,0.61904761904761907,0.59090909090909094,0.48355786401142919,74,10,8,13,0.87528344671201808,0.68886099890005936,0.68177255676520931
random_forest_balanced_ratio_preserved_noise_mcc_selected_true_pr_auc_v1,random_forest_class_weight_balanced,random_forest,min_samples_leaf,75/25,1,random_flip_10,test,90/10,test,5,True,2716,76,7.0741680789797101,210,21,189,0.90000000000000002,0.77513227513227512,0.5,0.61904761904761907,0.55319148936170215,0.50120627437074161,176,13,8,13,0.87717309145880562,0.5368688299114398,0.53284210104151497
random_forest_balanced_ratio_preserved_noise_mcc_selected_true_pr_auc_v1,random_forest_class_weight_balanced,random_forest,min_samples_leaf,75/25,1,random_flip_20,validation_selected_reproduction,75/25,valid,5,True,2716,76,6.4018462350068148,76,19,57,0.81578947368421051,0.70175438596491224,0.69230769230769229,0.47368421052631576,0.5625,0.46400777504608182,53,4,10,9,0.87626962142197606,0.68514585110845494,0.67304232372274719
random_forest_balanced_ratio_preserved_noise_mcc_selected_true_pr_auc_v1,random_forest_class_weight_balanced,random_forest,min_samples_leaf,75/25,1,random_flip_20,test,50/50,test,5,True,2716,76,6.4937056739872787,42,21,21,0.66666666666666663,0.66666666666666663,0.88888888888888884,0.38095238095238093,0.53333333333333333,0.40618119722996165,20,1,13,8,0.8344671201814059,0.86622205818634401,0.86308102462452663
random_forest_balanced_ratio_preserved_noise_mcc_selected_true_pr_auc_v1,random_forest_class_weight_balanced,random_forest,min_samples_leaf,75/25,1,random_flip_20,test,60/40,test,5,True,2716,76,6.5952200310130138,53,21,32,0.73584905660377353,0.67485119047619047,0.88888888888888884,0.38095238095238093,0.53333333333333333,0.45554956134091801,31,1,13,8,0.81696428571428559,0.82384472899398298,0.82036231154748429
random_forest_balanced_ratio_preserved_noise_mcc_selected_true_pr_auc_v1,random_forest_class_weight_balanced,random_forest,min_samples_leaf,75/25,1,random_flip_20,test,70/30,test,5,True,2716,76,6.6987900960084517,70,21,49,0.77142857142857146,0.65986394557823136,0.72727272727272729,0.38095238095238093,0.5,0.40259266883055783,46,3,13,8,0.83867832847424684,0.73712027910174771,0.73008308420466261
random_forest_balanced_ratio_preserved_noise_mcc_selected_true_pr_auc_v1,random_forest_class_weight_balanced,random_forest,min_samples_leaf,75/25,1,random_flip_20,test,75/25,test,5,True,2716,76,6.8171515059948433,84,21,63,0.84523809523809523,0.69047619047619047,1,0.38095238095238093,0.55172413793103448,0.56195148694901642,63,0,13,8,0.84882842025699168,0.78335537976089542,0.77999698475919965
random_forest_balanced_ratio_preserved_noise_mcc_selected_true_pr_auc_v1,random_forest_class_weight_balanced,random_forest,min_samples_leaf,75/25,1,random_flip_20,test,80/20,test,5,True,2716,76,6.950935547996778,105,21,84,0.8571428571428571,0.6785714285714286,0.80000000000000004,0.38095238095238093,0.5161290322580645,0.48666426339228763,82,2,13,8,0.84240362811791381,0.73643910211018193,0.7323341989064307
random_forest_balanced_ratio_preserved_noise_mcc_selected_true_pr_auc_v1,random_forest_class_weight_balanced,random_forest,min_samples_leaf,75/25,1,random_flip_20,test,90/10,test,5,True,2716,76,7.1977197979867924,210,21,189,0.90952380952380951,0.67460317460317465,0.5714285714285714,0.38095238095238093,0.45714285714285713,0.4199819515766669,183,6,13,8,0.82426303854875282,0.54516566730100058,0.53803735650162143
random_forest_balanced_ratio_preserved_noise_mcc_selected_true_pr_auc_v1,random_forest_class_weight_balanced,random_forest,min_samples_leaf,75/25,1,random_fp_10,validation_selected_reproduction,75/25,valid,5,True,3804,76,7.866090160998283,76,19,57,0.81578947368421051,0.7543859649122806,0.63157894736842102,0.63157894736842102,0.63157894736842102,0.50877192982456143,50,7,7,12,0.91505078485687907,0.81093108248204282,0.80666403832052525
random_forest_balanced_ratio_preserved_noise_mcc_selected_true_pr_auc_v1,random_forest_class_weight_balanced,random_forest,min_samples_leaf,75/25,1,random_fp_10,test,50/50,test,5,True,3804,76,7.9498398550204001,42,21,21,0.83333333333333337,0.83333333333333326,0.9375,0.7142857142857143,0.81081081081081086,0.6864064729836441,20,1,6,15,0.92970521541950113,0.94432530657363856,0.94318165853201497
random_forest_balanced_ratio_preserved_noise_mcc_selected_true_pr_auc_v1,random_forest_class_weight_balanced,random_forest,min_samples_leaf,75/25,1,random_fp_10,test,60/40,test,5,True,3804,76,8.0398541419999674,53,21,32,0.81132075471698117,0.79464285714285721,0.78947368421052633,0.7142857142857143,0.75,0.60102742638844608,28,4,6,15,0.91666666666666663,0.89799503484377463,0.8956538138197252
random_forest_balanced_ratio_preserved_noise_mcc_selected_true_pr_auc_v1,random_forest_class_weight_balanced,random_forest,min_samples_leaf,75/25,1,random_fp_10,test,70/30,test,5,True,3804,76,8.1392635710071772,70,21,49,0.8571428571428571,0.81632653061224492,0.78947368421052633,0.7142857142857143,0.75,0.65194568114468099,45,4,6,15,0.93294460641399413,0.85381742989972698,0.8495167354682851
random_forest_balanced_ratio_preserved_noise_mcc_selected_true_pr_auc_v1,random_forest_class_weight_balanced,random_forest,min_samples_leaf,75/25,1,random_fp_10,test,75/25,test,5,True,3804,76,8.2546425640175585,84,21,63,0.91666666666666663,0.84920634920634919,0.9375,0.7142857142857143,0.81081081081081086,0.7701540462154054,62,1,6,15,0.94633408919123208,0.89009856630824391,0.88809765213327685
random_forest_balanced_ratio_preserved_noise_mcc_selected_true_pr_auc_v1,random_forest_class_weight_balanced,random_forest,min_samples_leaf,75/25,1,random_fp_10,test,80/20,test,5,True,3804,76,8.4049792020232417,105,21,84,0.8571428571428571,0.8035714285714286,0.625,0.7142857142857143,0.66666666666666663,0.57835174482380591,75,9,6,15,0.90986394557823125,0.71608584930013497,0.70239384989889087
random_forest_balanced_ratio_preserved_noise_mcc_selected_true_pr_auc_v1,random_forest_class_weight_balanced,random_forest,min_samples_leaf,75/25,1,random_fp_10,test,90/10,test,5,True,3804,76,8.6652541090152226,210,21,189,0.88095238095238093,0.80687830687830686,0.44117647058823528,0.7142857142857143,0.54545454545454541,0.49985143366185181,170,19,6,15,0.91269841269841279,0.68568608056013447,0.68309108438740174
random_forest_balanced_ratio_preserved_noise_mcc_selected_true_pr_auc_v1,random_forest_class_weight_balanced,random_forest,min_samples_leaf,75/25,1,random_fp_20,validation_selected_reproduction,75/25,valid,5,True,4892,76,9.0755901470256504,76,19,57,0.85526315789473684,0.76315789473684204,0.7857142857142857,0.57894736842105265,0.66666666666666663,0.5878963512522154,54,3,8,11,0.94736842105263164,0.84417851039093517,0.83900450482993283
random_forest_balanced_ratio_preserved_noise_mcc_selected_true_pr_auc_v1,random_forest_class_weight_balanced,random_forest,min_samples_leaf,75/25,1,random_fp_20,test,50/50,test,5,True,4892,76,9.1670463960035704,42,21,21,0.7857142857142857,0.7857142857142857,1,0.5714285714285714,0.72727272727272729,0.63245553203367588,21,0,9,12,0.89569160997732433,0.92762796515332013,0.92633404494943528
random_forest_balanced_ratio_preserved_noise_mcc_selected_true_pr_auc_v1,random_forest_class_weight_balanced,random_forest,min_samples_leaf,75/25,1,random_fp_20,test,60/40,test,5,True,4892,76,9.2738865250139497,53,21,32,0.79245283018867929,0.7544642857142857,0.8571428571428571,0.5714285714285714,0.68571428571428572,0.56460555687210823,30,2,9,12,0.86011904761904756,0.86197269541025667,0.85937791730662583
random_forest_balanced_ratio_preserved_noise_mcc_selected_true_pr_auc_v1,random_forest_class_weight_balanced,random_forest,min_samples_leaf,75/25,1,random_fp_20,test,70/30,test,5,True,4892,76,9.3844853790069465,70,21,49,0.82857142857142863,0.75510204081632648,0.80000000000000004,0.5714285714285714,0.66666666666666663,0.56980288229818976,46,3,9,12,0.88921282798833823,0.83564966301060406,0.83240958733817938
random_forest_balanced_ratio_preserved_noise_mcc_selected_true_pr_auc_v1,random_forest_class_weight_balanced,random_forest,min_samples_leaf,75/25,1,random_fp_20,test,75/25,test,5,True,4892,76,9.5031794880051166,84,21,63,0.88095238095238093,0.77777777777777768,0.92307692307692313,0.5714285714285714,0.70588235294117652,0.66513004563712586,62,1,9,12,0.90854119425547997,0.85671839933446226,0.85434447845547323
random_forest_balanced_ratio_preserved_noise_mcc_selected_true_pr_auc_v1,random_forest_class_weight_balanced,random_forest,min_samples_leaf,75/25,1,random_fp_20,test,80/20,test,5,True,4892,76,9.6427430210169405,105,21,84,0.84761904761904761,0.74404761904761907,0.63157894736842102,0.5714285714285714,0.59999999999999998,0.50713996339517575,77,7,9,12,0.87188208616780039,0.66227300963238711,0.63665836805156573
random_forest_balanced_ratio_preserved_noise_mcc_selected_true_pr_auc_v1,random_forest_class_weight_balanced,random_forest,min_samples_leaf,75/25,1,random_fp_20,test,90/10,test,5,True,4892,76,9.927989654999692,210,21,189,0.89523809523809528,0.75132275132275128,0.47999999999999998,0.5714285714285714,0.52173913043478259,0.46563592732607828,176,13,9,12,0.87566137566137559,0.65350484176814716,0.65181130820217414
random_forest_balanced_ratio_preserved_noise_mcc_selected_true_pr_auc_v1,random_forest_class_weight_balanced,random_forest,min_samples_leaf,75/25,1,heuristic_fp_10,validation_selected_reproduction,75/25,valid,5,True,3804,76,7.8415594940015581,76,19,57,0.88157894736842102,0.85087719298245612,0.75,0.78947368421052633,0.76923076923076927,0.69006555934235425,52,5,4,15,0.92890120036934443,0.7767443710026829,0.76593204032614648
random_forest_balanced_ratio_preserved_noise_mcc_selected_true_pr_auc_v1,random_forest_class_weight_balanced,random_forest,min_samples_leaf,75/25,1,heuristic_fp_10,test,50/50,test,5,True,3804,76,7.9372268890147097,42,21,21,0.80952380952380953,0.80952380952380953,0.84210526315789469,0.76190476190476186,0.80000000000000004,0.6218743352054219,18,3,5,16,0.93424036281179146,0.93889196098659977,0.93743053121594588
random_forest_balanced_ratio_preserved_noise_mcc_selected_true_pr_auc_v1,random_forest_class_weight_balanced,random_forest,min_samples_leaf,75/25,1,heuristic_fp_10,test,60/40,test,5,True,3804,76,8.0494402100157458,53,21,32,0.84905660377358494,0.83407738095238093,0.84210526315789469,0.76190476190476186,0.80000000000000004,0.68146796577881896,29,3,5,16,0.94494047619047616,0.92085935249070094,0.91880221650499361
random_forest_balanced_ratio_preserved_noise_mcc_selected_true_pr_auc_v1,random_forest_class_weight_balanced,random_forest,min_samples_leaf,75/25,1,heuristic_fp_10,test,70/30,test,5,True,3804,76,8.1606426280050073,70,21,49,0.84285714285714286,0.8197278911564625,0.72727272727272729,0.76190476190476186,0.7441860465116279,0.63122798848654782,43,6,5,16,0.94363459669582117,0.86557469393920128,0.86146797276291709
random_forest_balanced_ratio_preserved_noise_mcc_selected_true_pr_auc_v1,random_forest_class_weight_balanced,random_forest,min_samples_leaf,75/25,1,heuristic_fp_10,test,75/25,test,5,True,3804,76,8.2856620800157543,84,21,63,0.88095238095238093,0.84126984126984117,0.76190476190476186,0.76190476190476186,0.76190476190476186,0.68253968253968256,58,5,5,16,0.96296296296296302,0.91600500785316297,0.91438583540856122
random_forest_balanced_ratio_preserved_noise_mcc_selected_true_pr_auc_v1,random_forest_class_weight_balanced,random_forest,min_samples_leaf,75/25,1,heuristic_fp_10,test,80/20,test,5,True,3804,76,8.4412944480136503,105,21,84,0.84761904761904761,0.81547619047619047,0.59259259259259256,0.76190476190476186,0.66666666666666663,0.57745306457354184,73,11,5,16,0.93537414965986398,0.77427160013565555,0.76657829418253165
random_forest_balanced_ratio_preserved_noise_mcc_selected_true_pr_auc_v1,random_forest_class_weight_balanced,random_forest,min_samples_leaf,75/25,1,heuristic_fp_10,test,90/10,test,5,True,3804,76,8.70197195399669,210,21,189,0.85238095238095235,0.8121693121693121,0.38095238095238093,0.76190476190476186,0.50793650793650791,0.46825396825396826,163,26,5,16,0.92882338120433361,0.65182633917659283,0.64899312669083131
random_forest_balanced_ratio_preserved_noise_mcc_selected_true_pr_auc_v1,random_forest_class_weight_balanced,random_forest,min_samples_leaf,75/25,1,heuristic_fp_20,validation_selected_reproduction,75/25,valid,1,True,4892,76,9.3872970029769931,76,19,57,0.85526315789473684,0.81578947368421051,0.69999999999999996,0.73684210526315785,0.71794871794871795,0.62105900340811881,51,6,5,14,0.90443213296398894,0.70812601200042113,0.69785432228113908
random_forest_balanced_ratio_preserved_noise_mcc_selected_true_pr_auc_v1,random_forest_class_weight_balanced,random_forest,min_samples_leaf,75/25,1,heuristic_fp_20,test,50/50,test,1,True,4892,76,9.4861864609993063,42,21,21,0.76190476190476186,0.76190476190476186,0.82352941176470584,0.66666666666666663,0.73684210526315785,0.53357837507993255,18,3,7,14,0.92970521541950113,0.93098358711073392,0.92871040005813499
random_forest_balanced_ratio_preserved_noise_mcc_selected_true_pr_auc_v1,random_forest_class_weight_balanced,random_forest,min_samples_leaf,75/25,1,heuristic_fp_20,test,60/40,test,1,True,4892,76,9.5833091590029653,53,21,32,0.84905660377358494,0.81770833333333326,0.93333333333333335,0.66666666666666663,0.77777777777777779,0.68993124074726775,31,1,7,14,0.95758928571428581,0.92214994000708317,0.92995139780854097
random_forest_balanced_ratio_preserved_noise_mcc_selected_true_pr_auc_v1,random_forest_class_weight_balanced,random_forest,min_samples_leaf,75/25,1,heuristic_fp_20,test,70/30,test,1,True,4892,76,9.6827484899840783,70,21,49,0.82857142857142863,0.78231292517006801,0.73684210526315785,0.66666666666666663,0.69999999999999996,0.58184399500009165,44,5,7,14,0.93440233236151604,0.83715852634732002,0.8398251601338429
random_forest_balanced_ratio_preserved_noise_mcc_selected_true_pr_auc_v1,random_forest_class_weight_balanced,random_forest,min_samples_leaf,75/25,1,heuristic_fp_20,test,75/25,test,1,True,4892,76,9.7913524289906491,84,21,63,0.88095238095238093,0.80952380952380953,0.82352941176470584,0.66666666666666663,0.73684210526315785,0.66717861525471922,60,3,7,14,0.95729402872260017,0.8834507877449771,0.88374730362298703
random_forest_balanced_ratio_preserved_noise_mcc_selected_true_pr_auc_v1,random_forest_class_weight_balanced,random_forest,min_samples_leaf,75/25,1,heuristic_fp_20,test,80/20,test,1,True,4892,76,9.929314754990628,105,21,84,0.87619047619047619,0.79761904761904767,0.69999999999999996,0.66666666666666663,0.68292682926829273,0.60633906259083248,78,6,7,14,0.93962585034013602,0.78754255354917757,0.78303730111656367
random_forest_balanced_ratio_preserved_noise_mcc_selected_true_pr_auc_v1,random_forest_class_weight_balanced,random_forest,min_samples_leaf,75/25,1,heuristic_fp_20,test,90/10,test,1,True,4892,76,10.163606021000305,210,21,189,0.88571428571428568,0.78835978835978837,0.45161290322580644,0.66666666666666663,0.53846153846153844,0.48775067693747648,172,17,7,14,0.93852355757117656,0.61885232865835649,0.62401969020049108
random_forest_balanced_ratio_preserved_noise_mcc_selected_true_pr_auc_v1,random_forest_class_weight_balanced,random_forest,min_samples_leaf,75/25,2,clean,validation_selected_reproduction,75/25,valid,1,True,2716,76,6.413470749015687,76,19,57,0.88157894736842102,0.76315789473684204,1,0.52631578947368418,0.68965517241379315,0.67419986246324215,57,0,9,10,0.9293628808864266,0.84247904396645801,0.84595661775295627
random_forest_balanced_ratio_preserved_noise_mcc_selected_true_pr_auc_v1,random_forest_class_weight_balanced,random_forest,min_samples_leaf,75/25,2,clean,test,50/50,test,1,True,2716,76,6.5420801430009305,42,21,21,0.80952380952380953,0.80952380952380953,1,0.61904761904761907,0.76470588235294112,0.66953406341198618,21,0,8,13,0.92403628117913839,0.93545926379864675,0.93614645769396887
random_forest_balanced_ratio_preserved_noise_mcc_selected_true_pr_auc_v1,random_forest_class_weight_balanced,random_forest,min_samples_leaf,75/25,2,clean,test,60/40,test,1,True,2716,76,6.6463368230033666,53,21,32,0.81132075471698117,0.77827380952380953,0.8666666666666667,0.61904761904761907,0.72222222222222221,0.60429574716505419,30,2,8,13,0.91964285714285721,0.90038782196890454,0.90093934472413628
random_forest_balanced_ratio_preserved_noise_mcc_selected_true_pr_auc_v1,random_forest_class_weight_balanced,random_forest,min_samples_leaf,75/25,2,clean,test,70/30,test,1,True,2716,76,6.7751598310132977,70,21,49,0.84285714285714286,0.77891156462585043,0.8125,0.61904761904761907,0.70270270270270274,0.60876171768941112,46,3,8,13,0.8960155490767735,0.80994382601525494,0.80778685685028595
random_forest_balanced_ratio_preserved_noise_mcc_selected_true_pr_auc_v1,random_forest_class_weight_balanced,random_forest,min_samples_leaf,75/25,2,clean,test,75/25,test,1,True,2716,76,6.9000897310033906,84,21,63,0.88095238095238093,0.79365079365079372,0.8666666666666667,0.61904761904761907,0.72222222222222221,0.6640043458717374,61,2,8,13,0.88473167044595624,0.75947188704541668,0.75711540840987923
random_forest_balanced_ratio_preserved_noise_mcc_selected_true_pr_auc_v1,random_forest_class_weight_balanced,random_forest,min_samples_leaf,75/25,2,clean,test,80/20,test,1,True,2716,76,7.021139062999282,105,21,84,0.90476190476190477,0.79761904761904767,0.8666666666666667,0.61904761904761907,0.72222222222222221,0.6804138174397717,82,2,8,13,0.91468253968253976,0.78627345144800742,0.78529157959564966
random_forest_balanced_ratio_preserved_noise_mcc_selected_true_pr_auc_v1,random_forest_class_weight_balanced,random_forest,min_samples_leaf,75/25,2,clean,test,90/10,test,1,True,2716,76,7.208798798994394,210,21,189,0.90952380952380951,0.78042328042328046,0.54166666666666663,0.61904761904761907,0.57777777777777772,0.52883783374550386,178,11,8,13,0.90828924162257496,0.63730543193100364,0.63366431064779216
random_forest_balanced_ratio_preserved_noise_mcc_selected_true_pr_auc_v1,random_forest_class_weight_balanced,random_forest,min_samples_leaf,75/25,2,random_flip_10,validation_selected_reproduction,75/25,valid,5,True,2716,76,6.2581742079928517,76,19,57,0.84210526315789469,0.75438596491228072,0.73333333333333328,0.57894736842105265,0.6470588235294118,0.55351172317007258,53,4,8,11,0.93074792243767313,0.81871811679290873,0.81347017257082244
random_forest_balanced_ratio_preserved_noise_mcc_selected_true_pr_auc_v1,random_forest_class_weight_balanced,random_forest,min_samples_leaf,75/25,2,random_flip_10,test,50/50,test,5,True,2716,76,6.3719827349996194,42,21,21,0.76190476190476186,0.76190476190476186,0.92307692307692313,0.5714285714285714,0.70588235294117652,0.5665288228870653,20,1,9,12,0.87528344671201808,0.90974682802413898,0.9079297645829183
random_forest_balanced_ratio_preserved_noise_mcc_selected_true_pr_auc_v1,random_forest_class_weight_balanced,random_forest,min_samples_leaf,75/25,2,random_flip_10,test,60/40,test,5,True,2716,76,6.4687721859954763,53,21,32,0.81132075471698117,0.7700892857142857,0.92307692307692313,0.5714285714285714,0.70588235294117652,0.61407344434924471,31,1,9,12,0.9017857142857143,0.88256583397574051,0.88003469272279466
random_forest_balanced_ratio_preserved_noise_mcc_selected_true_pr_auc_v1,random_forest_class_weight_balanced,random_forest,min_samples_leaf,75/25,2,random_flip_10,test,70/30,test,5,True,2716,76,6.5978118490020279,70,21,49,0.80000000000000004,0.73469387755102034,0.70588235294117652,0.5714285714285714,0.63157894736842102,0.50162254571862708,44,5,9,12,0.84062196307094261,0.6971677778364247,0.68758882378360942
random_forest_balanced_ratio_preserved_noise_mcc_selected_true_pr_auc_v1,random_forest_class_weight_balanced,random_forest,min_samples_leaf,75/25,2,random_flip_10,test,75/25,test,5,True,2716,76,6.7200143069785554,84,21,63,0.84523809523809523,0.75396825396825395,0.75,0.5714285714285714,0.64864864864864868,0.56011203361120387,59,4,9,12,0.8420256991685563,0.70180561888482829,0.69342559281997129
random_forest_balanced_ratio_preserved_noise_mcc_selected_true_pr_auc_v1,random_forest_class_weight_balanced,random_forest,min_samples_leaf,75/25,2,random_flip_10,test,80/20,test,5,True,2716,76,6.8572221469949,105,21,84,0.8666666666666667,0.75595238095238093,0.70588235294117652,0.5714285714285714,0.63157894736842102,0.55586926674464554,79,5,9,12,0.88548752834467115,0.74794969246894594,0.7432710109100249
random_forest_balanced_ratio_preserved_noise_mcc_selected_true_pr_auc_v1,random_forest_class_weight_balanced,random_forest,min_samples_leaf,75/25,2,random_flip_10,test,90/10,test,5,True,2716,76,7.0514649119868409,210,21,189,0.87142857142857144,0.73809523809523814,0.40000000000000002,0.5714285714285714,0.47058823529411764,0.40824829046386302,171,18,9,12,0.87049634668682285,0.51190845671729468,0.5014778118570985
random_forest_balanced_ratio_preserved_noise_mcc_selected_true_pr_auc_v1,random_forest_class_weight_balanced,random_forest,min_samples_leaf,75/25,2,random_flip_20,validation_selected_reproduction,75/25,valid,5,True,2716,76,6.2652781609795056,76,19,57,0.82894736842105265,0.67543859649122806,0.875,0.36842105263157893,0.51851851851851849,0.49507377148833714,56,1,12,7,0.91689750692520777,0.81243876684215954,0.80635098914479064
random_forest_balanced_ratio_preserved_noise_mcc_selected_true_pr_auc_v1,random_forest_class_weight_balanced,random_forest,min_samples_leaf,75/25,2,random_flip_20,test,50/50,test,5,True,2716,76,6.3799006059998646,42,21,21,0.66666666666666663,0.66666666666666663,1,0.33333333333333331,0.5,0.44721359549995793,21,0,14,7,0.83900226757369611,0.8745625952111995,0.87195123649081818
random_forest_balanced_ratio_preserved_noise_mcc_selected_true_pr_auc_v1,random_forest_class_weight_balanced,random_forest,min_samples_leaf,75/25,2,random_flip_20,test,60/40,test,5,True,2716,76,6.4715505199856125,53,21,32,0.73584905660377353,0.66666666666666663,1,0.33333333333333331,0.5,0.48154341234307679,32,0,14,7,0.86458333333333326,0.84188880662608101,0.83850482168800711
random_forest_balanced_ratio_preserved_noise_mcc_selected_true_pr_auc_v1,random_forest_class_weight_balanced,random_forest,min_samples_leaf,75/25,2,random_flip_20,test,70/30,test,5,True,2716,76,6.6206642600009218,70,21,49,0.7857142857142857,0.65646258503401356,0.875,0.33333333333333331,0.48275862068965519,0.45072053596003175,48,1,14,7,0.83479105928085517,0.73462963038712092,0.7283645018184155
random_forest_balanced_ratio_preserved_noise_mcc_selected_true_pr_auc_v1,random_forest_class_weight_balanced,random_forest,min_samples_leaf,75/25,2,random_flip_20,test,75/25,test,5,True,2716,76,6.7622490380017553,84,21,63,0.7857142857142857,0.63492063492063489,0.63636363636363635,0.33333333333333331,0.4375,0.34636222542255946,59,4,14,7,0.80876795162509452,0.63212041049394307,0.6223136941829146
random_forest_balanced_ratio_preserved_noise_mcc_selected_true_pr_auc_v1,random_forest_class_weight_balanced,random_forest,min_samples_leaf,75/25,2,random_flip_20,test,80/20,test,5,True,2716,76,6.8945997270056978,105,21,84,0.84761904761904761,0.65476190476190477,0.77777777777777779,0.33333333333333331,0.46666666666666667,0.44226898133585157,82,2,14,7,0.85997732426303852,0.66970062898351435,0.66127427565676289
random_forest_balanced_ratio_preserved_noise_mcc_selected_true_pr_auc_v1,random_forest_class_weight_balanced,random_forest,min_samples_leaf,75/25,2,random_flip_20,test,90/10,test,5,True,2716,76,7.1189355769893155,210,21,189,0.90000000000000002,0.64814814814814814,0.5,0.33333333333333331,0.40000000000000002,0.35634832254989918,182,7,14,7,0.83774250440917108,0.49632658989030637,0.48882268421526698
random_forest_balanced_ratio_preserved_noise_mcc_selected_true_pr_auc_v1,random_forest_class_weight_balanced,random_forest,min_samples_leaf,75/25,2,random_fp_10,validation_selected_reproduction,75/25,valid,2,True,3804,76,7.6934997380012646,76,19,57,0.86842105263157898,0.73684210526315785,1,0.47368421052631576,0.6428571428571429,0.63481105427273843,57,0,10,9,0.93167128347183747,0.85896573146043553,0.8561626361891006
random_forest_balanced_ratio_preserved_noise_mcc_selected_true_pr_auc_v1,random_forest_class_weight_balanced,random_forest,min_samples_leaf,75/25,2,random_fp_10,test,50/50,test,2,True,3804,76,7.815290616999846,42,21,21,0.73809523809523814,0.73809523809523814,1,0.47619047619047616,0.64516129032258063,0.55901699437494745,21,0,11,10,0.86394557823129237,0.90513843307491748,0.90335237167985771
random_forest_balanced_ratio_preserved_noise_mcc_selected_true_pr_auc_v1,random_forest_class_weight_balanced,random_forest,min_samples_leaf,75/25,2,random_fp_10,test,60/40,test,2,True,3804,76,7.9199458460207097,53,21,32,0.79245283018867929,0.73809523809523814,1,0.47619047619047616,0.64516129032258063,0.59529346364854363,32,0,11,10,0.8928571428571429,0.88575036075036095,0.88361915039231831
random_forest_balanced_ratio_preserved_noise_mcc_selected_true_pr_auc_v1,random_forest_class_weight_balanced,random_forest,min_samples_leaf,75/25,2,random_fp_10,test,70/30,test,2,True,3804,76,8.0729722850082908,70,21,49,0.7857142857142857,0.69727891156462585,0.7142857142857143,0.47619047619047616,0.5714285714285714,0.45202277263169849,45,4,11,10,0.84548104956268222,0.71226782862325533,0.70301537834364813
random_forest_balanced_ratio_preserved_noise_mcc_selected_true_pr_auc_v1,random_forest_class_weight_balanced,random_forest,min_samples_leaf,75/25,2,random_fp_10,test,75/25,test,2,True,3804,76,8.224417388002621,84,21,63,0.8571428571428571,0.73015873015873012,0.90909090909090906,0.47619047619047616,0.625,0.59085320807377795,62,1,11,10,0.82993197278911568,0.72794020822000283,0.72354330520108823
random_forest_balanced_ratio_preserved_noise_mcc_selected_true_pr_auc_v1,random_forest_class_weight_balanced,random_forest,min_samples_leaf,75/25,2,random_fp_10,test,80/20,test,2,True,3804,76,8.3724227320053615,105,21,84,0.87619047619047619,0.72619047619047616,0.83333333333333337,0.47619047619047616,0.60606060606060608,0.56875012308478723,82,2,11,10,0.86734693877551017,0.73050058127567019,0.7260788867242487
random_forest_balanced_ratio_preserved_noise_mcc_selected_true_pr_auc_v1,random_forest_class_weight_balanced,random_forest,min_samples_leaf,75/25,2,random_fp_10,test,90/10,test,2,True,3804,76,8.6745869120059069,210,21,189,0.92380952380952386,0.72486772486772488,0.66666666666666663,0.47619047619047616,0.55555555555555558,0.52388351865716087,184,5,11,10,0.86848072562358269,0.64154710953364003,0.63724281894344725
random_forest_balanced_ratio_preserved_noise_mcc_selected_true_pr_auc_v1,random_forest_class_weight_balanced,random_forest,min_samples_leaf,75/25,2,random_fp_20,validation_selected_reproduction,75/25,valid,5,True,4892,76,9.2877913709962741,76,19,57,0.88157894736842102,0.79824561403508776,0.8571428571428571,0.63157894736842102,0.72727272727272729,0.66628253141917748,55,2,7,12,0.95013850415512457,0.88740266799477308,0.88491542864951156
random_forest_balanced_ratio_preserved_noise_mcc_selected_true_pr_auc_v1,random_forest_class_weight_balanced,random_forest,min_samples_leaf,75/25,2,random_fp_20,test,50/50,test,5,True,4892,76,9.4121365970058832,42,21,21,0.76190476190476186,0.76190476190476186,0.8666666666666667,0.61904761904761907,0.72222222222222221,0.54659439449994862,19,2,8,13,0.84353741496598644,0.86589303770418335,0.862086609793425
random_forest_balanced_ratio_preserved_noise_mcc_selected_true_pr_auc_v1,random_forest_class_weight_balanced,random_forest,min_samples_leaf,75/25,2,random_fp_20,test,60/40,test,5,True,4892,76,9.5101087149814703,53,21,32,0.79245283018867929,0.76264880952380953,0.8125,0.61904761904761907,0.70270270270270274,0.5596663755294996,29,3,8,13,0.86755952380952384,0.85253354229004508,0.84952146693700925
random_forest_balanced_ratio_preserved_noise_mcc_selected_true_pr_auc_v1,random_forest_class_weight_balanced,random_forest,min_samples_leaf,75/25,2,random_fp_20,test,70/30,test,5,True,4892,76,9.6614726459956728,70,21,49,0.77142857142857146,0.72789115646258506,0.61904761904761907,0.61904761904761907,0.61904761904761907,0.45578231292517007,41,8,8,13,0.84450923226433439,0.74872236483122245,0.74269942342199169
random_forest_balanced_ratio_preserved_noise_mcc_selected_true_pr_auc_v1,random_forest_class_weight_balanced,random_forest,min_samples_leaf,75/25,2,random_fp_20,test,75/25,test,5,True,4892,76,9.7992608879867475,84,21,63,0.8214285714285714,0.75396825396825395,0.65000000000000002,0.61904761904761907,0.63414634146341464,0.5163977794943222,56,7,8,13,0.82993197278911568,0.68574639544430638,0.67839237176920908
random_forest_balanced_ratio_preserved_noise_mcc_selected_true_pr_auc_v1,random_forest_class_weight_balanced,random_forest,min_samples_leaf,75/25,2,random_fp_20,test,80/20,test,5,True,4892,76,9.9356217779859435,105,21,84,0.8666666666666667,0.77380952380952384,0.68421052631578949,0.61904761904761907,0.65000000000000002,0.56898630039458742,78,6,8,13,0.86904761904761896,0.71475126224630015,0.70867537302476524
random_forest_balanced_ratio_preserved_noise_mcc_selected_true_pr_auc_v1,random_forest_class_weight_balanced,random_forest,min_samples_leaf,75/25,2,random_fp_20,test,90/10,test,5,True,4892,76,10.176883022999391,210,21,189,0.90476190476190477,0.77777777777777779,0.52000000000000002,0.61904761904761907,0.56521739130434778,0.51465023546566546,177,12,8,13,0.86923658352229771,0.59649294744179027,0.58930920424680222
random_forest_balanced_ratio_preserved_noise_mcc_selected_true_pr_auc_v1,random_forest_class_weight_balanced,random_forest,min_samples_leaf,75/25,2,heuristic_fp_10,validation_selected_reproduction,75/25,valid,1,True,3804,76,8.1789586840022821,76,19,57,0.89473684210526316,0.82456140350877194,0.8666666666666667,0.68421052631578949,0.76470588235294112,0.70620461232043752,55,2,6,13,0.92982456140350878,0.85374311661909741,0.8530890542638867
random_forest_balanced_ratio_preserved_noise_mcc_selected_true_pr_auc_v1,random_forest_class_weight_balanced,random_forest,min_samples_leaf,75/25,2,heuristic_fp_10,test,50/50,test,1,True,3804,76,8.2964344850042835,42,21,21,0.80952380952380953,0.80952380952380953,0.88235294117647056,0.7142857142857143,0.78947368421052633,0.63059262509446579,19,2,6,15,0.93764172335600904,0.92354594670720691,0.9214989227854351
random_forest_balanced_ratio_preserved_noise_mcc_selected_true_pr_auc_v1,random_forest_class_weight_balanced,random_forest,min_samples_leaf,75/25,2,heuristic_fp_10,test,60/40,test,1,True,3804,76,8.3994387160055339,53,21,32,0.81132075471698117,0.79464285714285721,0.78947368421052633,0.7142857142857143,0.75,0.60102742638844608,28,4,6,15,0.91145833333333337,0.86361524039542648,0.86123315652513943
random_forest_balanced_ratio_preserved_noise_mcc_selected_true_pr_auc_v1,random_forest_class_weight_balanced,random_forest,min_samples_leaf,75/25,2,heuristic_fp_10,test,70/30,test,1,True,3804,76,8.5585358229873236,70,21,49,0.82857142857142863,0.79591836734693877,0.7142857142857143,0.7142857142857143,0.7142857142857143,0.59183673469387754,43,6,6,15,0.90184645286686094,0.78003623343868145,0.77466498900442637
random_forest_balanced_ratio_preserved_noise_mcc_selected_true_pr_auc_v1,random_forest_class_weight_balanced,random_forest,min_samples_leaf,75/25,2,heuristic_fp_10,test,75/25,test,1,True,3804,76,8.6876077470078599,84,21,63,0.83333333333333337,0.79365079365079372,0.65217391304347827,0.7142857142857143,0.68181818181818177,0.5703116736349898,55,8,6,15,0.91156462585034015,0.78341782775966706,0.78388782707476312
random_forest_balanced_ratio_preserved_noise_mcc_selected_true_pr_auc_v1,random_forest_class_weight_balanced,random_forest,min_samples_leaf,75/25,2,heuristic_fp_10,test,80/20,test,1,True,3804,76,8.8274371759907808,105,21,84,0.87619047619047619,0.81547619047619047,0.68181818181818177,0.7142857142857143,0.69767441860465118,0.6201481997912045,77,7,6,15,0.93679138321995459,0.78766949188257263,0.78713951734479726
random_forest_balanced_ratio_preserved_noise_mcc_selected_true_pr_auc_v1,random_forest_class_weight_balanced,random_forest,min_samples_leaf,75/25,2,heuristic_fp_10,test,90/10,test,1,True,3804,76,9.0548749669978861,210,21,189,0.88571428571428568,0.80952380952380953,0.45454545454545453,0.7142857142857143,0.55555555555555558,0.51029463678625875,171,18,6,15,0.92920131015369101,0.61605698153223032,0.61013910265384053
random_forest_balanced_ratio_preserved_noise_mcc_selected_true_pr_auc_v1,random_forest_class_weight_balanced,random_forest,min_samples_leaf,75/25,2,heuristic_fp_20,validation_selected_reproduction,75/25,valid,2,True,4892,76,9.5931644340162165,76,19,57,0.88157894736842102,0.85087719298245612,0.75,0.78947368421052633,0.76923076923076927,0.69006555934235425,52,5,4,15,0.93259464450600182,0.86876430307165986,0.86590317501699254
random_forest_balanced_ratio_preserved_noise_mcc_selected_true_pr_auc_v1,random_forest_class_weight_balanced,random_forest,min_samples_leaf,75/25,2,heuristic_fp_20,test,50/50,test,2,True,4892,76,9.7043701219954528,42,21,21,0.7857142857142857,0.7857142857142857,0.83333333333333337,0.7142857142857143,0.76923076923076927,0.57735026918962573,18,3,6,15,0.92290249433106575,0.91903659983602504,0.91678653508596009
random_forest_balanced_ratio_preserved_noise_mcc_selected_true_pr_auc_v1,random_forest_class_weight_balanced,random_forest,min_samples_leaf,75/25,2,heuristic_fp_20,test,60/40,test,2,True,4892,76,9.8133194190158974,53,21,32,0.81132075471698117,0.79464285714285721,0.78947368421052633,0.7142857142857143,0.75,0.60102742638844608,28,4,6,15,0.93898809523809523,0.90820804972552649,0.90577959398548291
random_forest_balanced_ratio_preserved_noise_mcc_selected_true_pr_auc_v1,random_forest_class_weight_balanced,random_forest,min_samples_leaf,75/25,2,heuristic_fp_20,test,70/30,test,2,True,4892,76,9.9418239500082564,70,21,49,0.7857142857142857,0.76530612244897966,0.625,0.7142857142857143,0.66666666666666663,0.51227176405541541,40,9,6,15,0.88338192419825079,0.74734644819591978,0.73861899100401085
random_forest_balanced_ratio_preserved_noise_mcc_selected_true_pr_auc_v1,random_forest_class_weight_balanced,random_forest,min_samples_leaf,75/25,2,heuristic_fp_20,test,75/25,test,2,True,4892,76,10.06150489099673,84,21,63,0.79761904761904767,0.76984126984126977,0.57692307692307687,0.7142857142857143,0.63829787234042556,0.50549587843254462,52,11,6,15,0.9024943310657596,0.77963078496380289,0.77448991108499166
random_forest_balanced_ratio_preserved_noise_mcc_selected_true_pr_auc_v1,random_forest_class_weight_balanced,random_forest,min_samples_leaf,75/25,2,heuristic_fp_20,test,80/20,test,2,True,4892,76,10.188274412997998,105,21,84,0.8571428571428571,0.8035714285714286,0.625,0.7142857142857143,0.66666666666666663,0.57835174482380591,75,9,6,15,0.93594104308390025,0.78806774985064632,0.78274454392310711
random_forest_balanced_ratio_preserved_noise_mcc_selected_true_pr_auc_v1,random_forest_class_weight_balanced,random_forest,min_samples_leaf,75/25,2,heuristic_fp_20,test,90/10,test,2,True,4892,76,10.417547345015919,210,21,189,0.83333333333333337,0.78042328042328046,0.34090909090909088,0.7142857142857143,0.46153846153846156,0.41343213319413624,160,29,6,15,0.91156462585034015,0.63196807358945439,0.62498670634601328
random_forest_balanced_ratio_preserved_noise_mcc_selected_true_pr_auc_v1,random_forest_class_weight_balanced,random_forest,min_samples_leaf,75/25,3,clean,validation_selected_reproduction,75/25,valid,5,True,2716,76,6.2000113969843369,76,19,57,0.86842105263157898,0.82456140350877183,0.73684210526315785,0.73684210526315785,0.73684210526315785,0.64912280701754388,52,5,5,14,0.94367497691597413,0.79897975129367405,0.78506770578837903
random_forest_balanced_ratio_preserved_noise_mcc_selected_true_pr_auc_v1,random_forest_class_weight_balanced,random_forest,min_samples_leaf,75/25,3,clean,test,50/50,test,5,True,2716,76,6.2988191329932306,42,21,21,0.7857142857142857,0.7857142857142857,0.875,0.66666666666666663,0.7567567567567568,0.58834840541455213,19,2,7,14,0.93877551020408168,0.94408700747710039,0.94277640237304428
random_forest_balanced_ratio_preserved_noise_mcc_selected_true_pr_auc_v1,random_forest_class_weight_balanced,random_forest,min_samples_leaf,75/25,3,clean,test,60/40,test,5,True,2716,76,6.4107827779953368,53,21,32,0.81132075471698117,0.78645833333333326,0.82352941176470584,0.66666666666666663,0.73684210526315785,0.60034428666160644,29,3,7,14,0.87202380952380953,0.82540166268276893,0.81976417474742291
random_forest_balanced_ratio_preserved_noise_mcc_selected_true_pr_auc_v1,random_forest_class_weight_balanced,random_forest,min_samples_leaf,75/25,3,clean,test,70/30,test,5,True,2716,76,6.5467051679734141,70,21,49,0.82857142857142863,0.78231292517006801,0.73684210526315785,0.66666666666666663,0.69999999999999996,0.58184399500009165,44,5,7,14,0.91545189504373181,0.85403286175116677,0.85110978079979982
random_forest_balanced_ratio_preserved_noise_mcc_selected_true_pr_auc_v1,random_forest_class_weight_balanced,random_forest,min_samples_leaf,75/25,3,clean,test,75/25,test,5,True,2716,76,6.677186813991284,84,21,63,0.8214285714285714,0.76984126984126977,0.63636363636363635,0.66666666666666663,0.65116279069767447,0.53150958955861405,55,8,7,14,0.90476190476190477,0.75029871181168861,0.74215141944612828
random_forest_balanced_ratio_preserved_noise_mcc_selected_true_pr_auc_v1,random_forest_class_weight_balanced,random_forest,min_samples_leaf,75/25,3,clean,test,80/20,test,5,True,2716,76,6.8167242459894624,105,21,84,0.83809523809523812,0.77380952380952372,0.58333333333333337,0.66666666666666663,0.62222222222222223,0.52165059337049158,74,10,7,14,0.91439909297052158,0.79004781173885741,0.78635860135164926
random_forest_balanced_ratio_preserved_noise_mcc_selected_true_pr_auc_v1,random_forest_class_weight_balanced,random_forest,min_samples_leaf,75/25,3,clean,test,90/10,test,5,True,2716,76,7.0278315859904978,210,21,189,0.88571428571428568,0.78835978835978837,0.45161290322580644,0.66666666666666663,0.53846153846153844,0.48775067693747648,172,17,7,14,0.91962711010330067,0.62478377835108145,0.61069937674023733
random_forest_balanced_ratio_preserved_noise_mcc_selected_true_pr_auc_v1,random_forest_class_weight_balanced,random_forest,min_samples_leaf,75/25,3,random_flip_10,validation_selected_reproduction,75/25,valid,5,True,2716,76,6.3681012469751295,76,19,57,0.84210526315789469,0.75438596491228072,0.73333333333333328,0.57894736842105265,0.6470588235294118,0.55351172317007258,53,4,8,11,0.93351800554016617,0.7984111116811019,0.7886316920080314
random_forest_balanced_ratio_preserved_noise_mcc_selected_true_pr_auc_v1,random_forest_class_weight_balanced,random_forest,min_samples_leaf,75/25,3,random_flip_10,test,50/50,test,5,True,2716,76,6.4524262639752124,42,21,21,0.7857142857142857,0.7857142857142857,0.875,0.66666666666666663,0.7567567567567568,0.58834840541455213,19,2,7,14,0.89795918367346939,0.89672515416286624,0.89370807651900419
random_forest_balanced_ratio_preserved_noise_mcc_selected_true_pr_auc_v1,random_forest_class_weight_balanced,random_forest,min_samples_leaf,75/25,3,random_flip_10,test,60/40,test,5,True,2716,76,6.5606127439823467,53,21,32,0.83018867924528306,0.80208333333333326,0.875,0.66666666666666663,0.7567567567567568,0.64369560471664822,30,2,7,14,0.84970238095238093,0.81913397178374159,0.8146251964232849
random_forest_balanced_ratio_preserved_noise_mcc_selected_true_pr_auc_v1,random_forest_class_weight_balanced,random_forest,min_samples_leaf,75/25,3,random_flip_10,test,70/30,test,5,True,2716,76,6.6707701479899697,70,21,49,0.84285714285714286,0.79251700680272108,0.77777777777777779,0.66666666666666663,0.71794871794871795,0.61341003926564186,45,4,7,14,0.8862973760932944,0.81228356889451137,0.80822804191813469
random_forest_balanced_ratio_preserved_noise_mcc_selected_true_pr_auc_v1,random_forest_class_weight_balanced,random_forest,min_samples_leaf,75/25,3,random_flip_10,test,75/25,test,5,True,2716,76,6.7930042369989678,84,21,63,0.84523809523809523,0.7857142857142857,0.69999999999999996,0.66666666666666663,0.68292682926829273,0.58094750193111255,57,6,7,14,0.8987150415721844,0.78038217451355019,0.77526595705720491
random_forest_balanced_ratio_preserved_noise_mcc_selected_true_pr_auc_v1,random_forest_class_weight_balanced,random_forest,min_samples_leaf,75/25,3,random_flip_10,test,80/20,test,5,True,2716,76,6.9262372959929053,105,21,84,0.87619047619047619,0.79761904761904767,0.69999999999999996,0.66666666666666663,0.68292682926829273,0.60633906259083248,78,6,7,14,0.88492063492063489,0.7300024619001737,0.72470814053558108
random_forest_balanced_ratio_preserved_noise_mcc_selected_true_pr_auc_v1,random_forest_class_weight_balanced,random_forest,min_samples_leaf,75/25,3,random_flip_10,test,90/10,test,5,True,2716,76,7.1481415099988226,210,21,189,0.90952380952380951,0.80158730158730163,0.53846153846153844,0.66666666666666663,0.5957446808510638,0.5493991853679282,177,12,7,14,0.89140841521793901,0.581744083665237,0.57082011192427351
random_forest_balanced_ratio_preserved_noise_mcc_selected_true_pr_auc_v1,random_forest_class_weight_balanced,random_forest,min_samples_leaf,75/25,3,random_flip_20,validation_selected_reproduction,75/25,valid,5,True,2716,76,6.4248405580001418,76,19,57,0.85526315789473684,0.72807017543859642,0.90000000000000002,0.47368421052631576,0.62068965517241381,0.58430654746814314,56,1,10,9,0.90858725761772863,0.76144348040792109,0.74730341238893616
random_forest_balanced_ratio_preserved_noise_mcc_selected_true_pr_auc_v1,random_forest_class_weight_balanced,random_forest,min_samples_leaf,75/25,3,random_flip_20,test,50/50,test,5,True,2716,76,6.5133165990118869,42,21,21,0.6428571428571429,0.64285714285714279,0.875,0.33333333333333331,0.48275862068965519,0.36380343755449945,20,1,14,7,0.83219954648526073,0.82824284150946204,0.82282734466876795
random_forest_balanced_ratio_preserved_noise_mcc_selected_true_pr_auc_v1,random_forest_class_weight_balanced,random_forest,min_samples_leaf,75/25,3,random_flip_20,test,60/40,test,5,True,2716,76,6.6257682150171604,53,21,32,0.71698113207547165,0.65104166666666663,0.875,0.33333333333333331,0.48275862068965519,0.4127244058511505,31,1,14,7,0.81398809523809512,0.74279292205983927,0.72947068005966287
random_forest_balanced_ratio_preserved_noise_mcc_selected_true_pr_auc_v1,random_forest_class_weight_balanced,random_forest,min_samples_leaf,75/25,3,random_flip_20,test,70/30,test,5,True,2716,76,6.7560006660060026,70,21,49,0.80000000000000004,0.66666666666666663,1,0.33333333333333331,0.5,0.50917507721731559,49,0,14,7,0.85422740524781338,0.76249028749028769,0.75730724442017472
random_forest_balanced_ratio_preserved_noise_mcc_selected_true_pr_auc_v1,random_forest_class_weight_balanced,random_forest,min_samples_leaf,75/25,3,random_flip_20,test,75/25,test,5,True,2716,76,6.8896426040155347,84,21,63,0.8214285714285714,0.65873015873015872,0.875,0.33333333333333331,0.48275862068965519,0.46829290579084698,62,1,14,7,0.84278155706727131,0.64340722659018557,0.62850176157180049
random_forest_balanced_ratio_preserved_noise_mcc_selected_true_pr_auc_v1,random_forest_class_weight_balanced,random_forest,min_samples_leaf,75/25,3,random_flip_20,test,80/20,test,5,True,2716,76,7.0340206660039257,105,21,84,0.84761904761904761,0.65476190476190477,0.77777777777777779,0.33333333333333331,0.46666666666666667,0.44226898133585157,82,2,14,7,0.86111111111111105,0.60896078308329749,0.59314950473594941
random_forest_balanced_ratio_preserved_noise_mcc_selected_true_pr_auc_v1,random_forest_class_weight_balanced,random_forest,min_samples_leaf,75/25,3,random_flip_20,test,90/10,test,5,True,2716,76,7.252794800006086,210,21,189,0.919047619047619,0.65873015873015872,0.69999999999999996,0.33333333333333331,0.45161290322580644,0.44721359549995798,186,3,14,7,0.85512723607961705,0.4932804004804659,0.48103375025040956
random_forest_balanced_ratio_preserved_noise_mcc_selected_true_pr_auc_v1,random_forest_class_weight_balanced,random_forest,min_samples_leaf,75/25,3,random_fp_10,validation_selected_reproduction,75/25,valid,5,True,3804,76,8.0415023889800068,76,19,57,0.85526315789473684,0.79824561403508776,0.72222222222222221,0.68421052631578949,0.70270270270270274,0.60753043640808368,52,5,6,13,0.91043397968605722,0.74317045699398632,0.73348536354501137
random_forest_balanced_ratio_preserved_noise_mcc_selected_true_pr_auc_v1,random_forest_class_weight_balanced,random_forest,min_samples_leaf,75/25,3,random_fp_10,test,50/50,test,5,True,3804,76,8.1378947999910451,42,21,21,0.80952380952380953,0.80952380952380953,0.88235294117647056,0.7142857142857143,0.78947368421052633,0.63059262509446579,19,2,6,15,0.86848072562358281,0.88942582918649249,0.88680363977220678
random_forest_balanced_ratio_preserved_noise_mcc_selected_true_pr_auc_v1,random_forest_class_weight_balanced,random_forest,min_samples_leaf,75/25,3,random_fp_10,test,60/40,test,5,True,3804,76,8.2574989389977418,53,21,32,0.84905660377358494,0.82589285714285721,0.88235294117647056,0.7142857142857143,0.78947368421052633,0.68298908456567176,30,2,6,15,0.84970238095238093,0.8439237579097556,0.84063623696137246
random_forest_balanced_ratio_preserved_noise_mcc_selected_true_pr_auc_v1,random_forest_class_weight_balanced,random_forest,min_samples_leaf,75/25,3,random_fp_10,test,70/30,test,5,True,3804,76,8.3853775059978943,70,21,49,0.8571428571428571,0.81632653061224492,0.78947368421052633,0.7142857142857143,0.75,0.65194568114468099,45,4,6,15,0.87949465500485913,0.84014937094511066,0.83734635811954194
random_forest_balanced_ratio_preserved_noise_mcc_selected_true_pr_auc_v1,random_forest_class_weight_balanced,random_forest,min_samples_leaf,75/25,3,random_fp_10,test,75/25,test,5,True,3804,76,8.5226466169988271,84,21,63,0.8571428571428571,0.80952380952380953,0.7142857142857143,0.7142857142857143,0.7142857142857143,0.61904761904761907,57,6,6,15,0.8835978835978836,0.78708852031885246,0.78308482544739588
random_forest_balanced_ratio_preserved_noise_mcc_selected_true_pr_auc_v1,random_forest_class_weight_balanced,random_forest,min_samples_leaf,75/25,3,random_fp_10,test,80/20,test,5,True,3804,76,8.6638745880045462,105,21,84,0.88571428571428568,0.8214285714285714,0.7142857142857143,0.7142857142857143,0.7142857142857143,0.6428571428571429,78,6,6,15,0.88208616780045357,0.78041856743248772,0.77707101181687332
random_forest_balanced_ratio_preserved_noise_mcc_selected_true_pr_auc_v1,random_forest_class_weight_balanced,random_forest,min_samples_leaf,75/25,3,random_fp_10,test,90/10,test,5,True,3804,76,8.8881960569997318,210,21,189,0.90000000000000002,0.81746031746031744,0.5,0.7142857142857143,0.58823529411764708,0.54433105395181736,174,15,6,15,0.88309397833207359,0.59252340643983537,0.56699751963979961
random_forest_balanced_ratio_preserved_noise_mcc_selected_true_pr_auc_v1,random_forest_class_weight_balanced,random_forest,min_samples_leaf,75/25,3,random_fp_20,validation_selected_reproduction,75/25,valid,5,True,4892,76,9.1629908749891911,76,19,57,0.86842105263157898,0.80701754385964919,0.76470588235294112,0.68421052631578949,0.72222222222222221,0.63805328722710097,53,4,6,13,0.91597414589104331,0.77120423309481478,0.76226162612742199
random_forest_balanced_ratio_preserved_noise_mcc_selected_true_pr_auc_v1,random_forest_class_weight_balanced,random_forest,min_samples_leaf,75/25,3,random_fp_20,test,50/50,test,5,True,4892,76,9.2521873730001971,42,21,21,0.7142857142857143,0.7142857142857143,0.84615384615384615,0.52380952380952384,0.6470588235294118,0.4635235823621443,19,2,10,11,0.891156462585034,0.90477095948982189,0.90248934305528206
random_forest_balanced_ratio_preserved_noise_mcc_selected_true_pr_auc_v1,random_forest_class_weight_balanced,random_forest,min_samples_leaf,75/25,3,random_fp_20,test,60/40,test,5,True,4892,76,9.3591793550003786,53,21,32,0.75471698113207553,0.71502976190476186,0.7857142857142857,0.52380952380952384,0.62857142857142856,0.47710820449134289,29,3,10,11,0.83779761904761907,0.82658041951151917,0.82305536039328264
random_forest_balanced_ratio_preserved_noise_mcc_selected_true_pr_auc_v1,random_forest_class_weight_balanced,random_forest,min_samples_leaf,75/25,3,random_fp_20,test,70/30,test,5,True,4892,76,9.476754417992197,70,21,49,0.81428571428571428,0.73129251700680276,0.7857142857142857,0.52380952380952384,0.62857142857142856,0.5299577334302672,46,3,10,11,0.87074829931972786,0.81176965918288557,0.80839662843955895
random_forest_balanced_ratio_preserved_noise_mcc_selected_true_pr_auc_v1,random_forest_class_weight_balanced,random_forest,min_samples_leaf,75/25,3,random_fp_20,test,75/25,test,5,True,4892,76,9.601397720980458,84,21,63,0.8214285714285714,0.72222222222222221,0.6875,0.52380952380952384,0.59459459459459463,0.4900980294098034,58,5,10,11,0.87226001511715801,0.75282790775291741,0.74654745503929965
random_forest_balanced_ratio_preserved_noise_mcc_selected_true_pr_auc_v1,random_forest_class_weight_balanced,random_forest,min_samples_leaf,75/25,3,random_fp_20,test,80/20,test,5,True,4892,76,9.7327409370045643,105,21,84,0.8666666666666667,0.73809523809523814,0.73333333333333328,0.52380952380952384,0.61111111111111116,0.54433105395181736,80,4,10,11,0.8781179138321995,0.75853633893976546,0.75481077340771585
random_forest_balanced_ratio_preserved_noise_mcc_selected_true_pr_auc_v1,random_forest_class_weight_balanced,random_forest,min_samples_leaf,75/25,3,random_fp_20,test,90/10,test,5,True,4892,76,9.9536319089820608,210,21,189,0.919047619047619,0.74338624338624337,0.61111111111111116,0.52380952380952384,0.5641025641025641,0.52165059337049158,182,7,10,11,0.88561350466112376,0.64257666672993785,0.63522162587608488
random_forest_balanced_ratio_preserved_noise_mcc_selected_true_pr_auc_v1,random_forest_class_weight_balanced,random_forest,min_samples_leaf,75/25,3,heuristic_fp_10,validation_selected_reproduction,75/25,valid,2,True,3804,76,7.8362402630154975,76,19,57,0.85526315789473684,0.81578947368421051,0.69999999999999996,0.73684210526315785,0.71794871794871795,0.62105900340811881,51,6,5,14,0.91320406278855037,0.78227598742194027,0.77532139661034405
random_forest_balanced_ratio_preserved_noise_mcc_selected_true_pr_auc_v1,random_forest_class_weight_balanced,random_forest,min_samples_leaf,75/25,3,heuristic_fp_10,test,50/50,test,2,True,3804,76,7.9311767510080244,42,21,21,0.80952380952380953,0.80952380952380953,0.88235294117647056,0.7142857142857143,0.78947368421052633,0.63059262509446579,19,2,6,15,0.96825396825396826,0.96632737925163381,0.96542158215018437
random_forest_balanced_ratio_preserved_noise_mcc_selected_true_pr_auc_v1,random_forest_class_weight_balanced,random_forest,min_samples_leaf,75/25,3,heuristic_fp_10,test,60/40,test,2,True,3804,76,8.0592633430205751,53,21,32,0.79245283018867929,0.77901785714285721,0.75,0.7142857142857143,0.73170731707317072,0.56308591418472442,27,5,6,15,0.9017857142857143,0.83993173553928901,0.83422472903899503
random_forest_balanced_ratio_preserved_noise_mcc_selected_true_pr_auc_v1,random_forest_class_weight_balanced,random_forest,min_samples_leaf,75/25,3,heuristic_fp_10,test,70/30,test,2,True,3804,76,8.1878166650130879,70,21,49,0.81428571428571428,0.7857142857142857,0.68181818181818177,0.7142857142857143,0.69767441860465118,0.56407607481776623,42,7,6,15,0.91253644314868798,0.82302865683975446,0.81838031647078502
random_forest_balanced_ratio_preserved_noise_mcc_selected_true_pr_auc_v1,random_forest_class_weight_balanced,random_forest,min_samples_leaf,75/25,3,heuristic_fp_10,test,75/25,test,2,True,3804,76,8.3193546450056601,84,21,63,0.8214285714285714,0.7857142857142857,0.625,0.7142857142857143,0.66666666666666663,0.54772255750516607,54,9,6,15,0.93046107331821615,0.80572623506797192,0.79990961793439697
random_forest_balanced_ratio_preserved_noise_mcc_selected_true_pr_auc_v1,random_forest_class_weight_balanced,random_forest,min_samples_leaf,75/25,3,heuristic_fp_10,test,80/20,test,2,True,3804,76,8.4593660380051006,105,21,84,0.8571428571428571,0.8035714285714286,0.625,0.7142857142857143,0.66666666666666663,0.57835174482380591,75,9,6,15,0.93253968253968256,0.79509481967338069,0.7906943381818885
random_forest_balanced_ratio_preserved_noise_mcc_selected_true_pr_auc_v1,random_forest_class_weight_balanced,random_forest,min_samples_leaf,75/25,3,heuristic_fp_10,test,90/10,test,2,True,3804,76,8.6741405409993604,210,21,189,0.89523809523809528,0.81481481481481488,0.4838709677419355,0.7142857142857143,0.57692307692307687,0.5324984454638505,173,16,6,15,0.94406651549508691,0.72363257979520523,0.71767710192464462
random_forest_balanced_ratio_preserved_noise_mcc_selected_true_pr_auc_v1,random_forest_class_weight_balanced,random_forest,min_samples_leaf,75/25,3,heuristic_fp_20,validation_selected_reproduction,75/25,valid,5,True,4892,76,9.3285954890016001,76,19,57,0.81578947368421051,0.84210526315789469,0.58620689655172409,0.89473684210526316,0.70833333333333337,0.60989637453771439,45,12,2,17,0.91782086795937201,0.78601127802366189,0.77852098126344305
random_forest_balanced_ratio_preserved_noise_mcc_selected_true_pr_auc_v1,random_forest_class_weight_balanced,random_forest,min_samples_leaf,75/25,3,heuristic_fp_20,test,50/50,test,5,True,4892,76,9.409322694002185,42,21,21,0.88095238095238093,0.88095238095238093,0.90000000000000002,0.8571428571428571,0.87804878048780488,0.7627700713964739,19,2,3,18,0.95691609977324266,0.95798695261106093,0.95692301161288551
random_forest_balanced_ratio_preserved_noise_mcc_selected_true_pr_auc_v1,random_forest_class_weight_balanced,random_forest,min_samples_leaf,75/25,3,heuristic_fp_20,test,60/40,test,5,True,4892,76,9.5210362039797474,53,21,32,0.73584905660377353,0.7566964285714286,0.62068965517241381,0.8571428571428571,0.71999999999999997,0.50446360455945993,21,11,3,18,0.86458333333333326,0.77182770129548839,0.76124046414741331
random_forest_balanced_ratio_preserved_noise_mcc_selected_true_pr_auc_v1,random_forest_class_weight_balanced,random_forest,min_samples_leaf,75/25,3,heuristic_fp_20,test,70/30,test,5,True,4892,76,9.6418611999833956,70,21,49,0.7857142857142857,0.80612244897959173,0.59999999999999998,0.8571428571428571,0.70588235294117652,0.56694670951384085,37,12,3,18,0.90379008746355693,0.77689415310010923,0.76410891098381883
random_forest_balanced_ratio_preserved_noise_mcc_selected_true_pr_auc_v1,random_forest_class_weight_balanced,random_forest,min_samples_leaf,75/25,3,heuristic_fp_20,test,75/25,test,5,True,4892,76,9.7728538480005227,84,21,63,0.79761904761904767,0.81746031746031744,0.5625,0.8571428571428571,0.67924528301886788,0.56613851707229779,49,14,3,18,0.90022675736961455,0.70052330334992519,0.6882319099621772
random_forest_balanced_ratio_preserved_noise_mcc_selected_true_pr_auc_v1,random_forest_class_weight_balanced,random_forest,min_samples_leaf,75/25,3,heuristic_fp_20,test,80/20,test,5,True,4892,76,9.9144684179918841,105,21,84,0.83809523809523812,0.84523809523809523,0.5625,0.8571428571428571,0.67924528301886788,0.60001426923671675,70,14,3,18,0.92517006802721091,0.7909526703881542,0.7863986852102034
random_forest_balanced_ratio_preserved_noise_mcc_selected_true_pr_auc_v1,random_forest_class_weight_balanced,random_forest,min_samples_leaf,75/25,3,heuristic_fp_20,test,90/10,test,5,True,4892,76,10.124067832977744,210,21,189,0.83333333333333337,0.84391534391534395,0.35999999999999999,0.8571428571428571,0.50704225352112675,0.48448139512495447,157,32,3,18,0.92920131015369112,0.64935199801072785,0.6378982365122976
random_forest_balanced_ratio_preserved_noise_mcc_selected_true_pr_auc_v1,random_forest_class_weight_balanced,random_forest,min_samples_leaf,75/25,4,clean,validation_selected_reproduction,75/25,valid,5,True,2716,76,6.2741239210008644,76,19,57,0.86842105263157898,0.80701754385964919,0.76470588235294112,0.68421052631578949,0.72222222222222221,0.63805328722710097,53,4,6,13,0.91505078485687896,0.78669164648470491,0.77964959490081509
random_forest_balanced_ratio_preserved_noise_mcc_selected_true_pr_auc_v1,random_forest_class_weight_balanced,random_forest,min_samples_leaf,75/25,4,clean,test,50/50,test,5,True,2716,76,6.3824523840157781,42,21,21,0.83333333333333337,0.83333333333333326,0.9375,0.7142857142857143,0.81081081081081086,0.6864064729836441,20,1,6,15,0.91156462585034015,0.92797518433483361,0.92645596348590264
random_forest_balanced_ratio_preserved_noise_mcc_selected_true_pr_auc_v1,random_forest_class_weight_balanced,random_forest,min_samples_leaf,75/25,4,clean,test,60/40,test,5,True,2716,76,6.5567210160079412,53,21,32,0.84905660377358494,0.82589285714285721,0.88235294117647056,0.7142857142857143,0.78947368421052633,0.68298908456567176,30,2,6,15,0.89285714285714279,0.87939657931365156,0.87690310381258607
random_forest_balanced_ratio_preserved_noise_mcc_selected_true_pr_auc_v1,random_forest_class_weight_balanced,random_forest,min_samples_leaf,75/25,4,clean,test,70/30,test,5,True,2716,76,6.6803615360113326,70,21,49,0.81428571428571428,0.7857142857142857,0.68181818181818177,0.7142857142857143,0.69767441860465118,0.56407607481776623,42,7,6,15,0.85519922254616132,0.78251546953325368,0.77827133671499227
random_forest_balanced_ratio_preserved_noise_mcc_selected_true_pr_auc_v1,random_forest_class_weight_balanced,random_forest,min_samples_leaf,75/25,4,clean,test,75/25,test,5,True,2716,76,6.8221411500126123,84,21,63,0.8571428571428571,0.80952380952380953,0.7142857142857143,0.7142857142857143,0.7142857142857143,0.61904761904761907,57,6,6,15,0.8873771730914588,0.72343620839769773,0.71443622142287366
random_forest_balanced_ratio_preserved_noise_mcc_selected_true_pr_auc_v1,random_forest_class_weight_balanced,random_forest,min_samples_leaf,75/25,4,clean,test,80/20,test,5,True,2716,76,6.953534557018429,105,21,84,0.88571428571428568,0.8214285714285714,0.7142857142857143,0.7142857142857143,0.7142857142857143,0.6428571428571429,78,6,6,15,0.90702947845804982,0.79822018370901948,0.79475846476264111
random_forest_balanced_ratio_preserved_noise_mcc_selected_true_pr_auc_v1,random_forest_class_weight_balanced,random_forest,min_samples_leaf,75/25,4,clean,test,90/10,test,5,True,2716,76,7.2007094059954397,210,21,189,0.8666666666666667,0.79894179894179895,0.40540540540540543,0.7142857142857143,0.51724137931034486,0.47079655378921337,167,22,6,15,0.88687326782564879,0.61387149655555429,0.60588438696235691
random_forest_balanced_ratio_preserved_noise_mcc_selected_true_pr_auc_v1,random_forest_class_weight_balanced,random_forest,min_samples_leaf,75/25,4,random_flip_10,validation_selected_reproduction,75/25,valid,5,True,2716,76,6.6104734980035573,76,19,57,0.86842105263157898,0.78947368421052633,0.80000000000000004,0.63157894736842102,0.70588235294117652,0.62985816774525505,54,3,7,12,0.92336103416435833,0.82860686826003871,0.82422763527847653
random_forest_balanced_ratio_preserved_noise_mcc_selected_true_pr_auc_v1,random_forest_class_weight_balanced,random_forest,min_samples_leaf,75/25,4,random_flip_10,test,50/50,test,5,True,2716,76,6.7069041100039613,42,21,21,0.7857142857142857,0.7857142857142857,1,0.5714285714285714,0.72727272727272729,0.63245553203367588,21,0,9,12,0.90929705215419498,0.93234629470528563,0.93104537922569675
random_forest_balanced_ratio_preserved_noise_mcc_selected_true_pr_auc_v1,random_forest_class_weight_balanced,random_forest,min_samples_leaf,75/25,4,random_flip_10,test,60/40,test,5,True,2716,76,6.8666178109997418,53,21,32,0.79245283018867929,0.7544642857142857,0.8571428571428571,0.5714285714285714,0.68571428571428572,0.56460555687210823,30,2,9,12,0.86904761904761907,0.85431332424568773,0.85127806236615133
random_forest_balanced_ratio_preserved_noise_mcc_selected_true_pr_auc_v1,random_forest_class_weight_balanced,random_forest,min_samples_leaf,75/25,4,random_flip_10,test,70/30,test,5,True,2716,76,6.9860248950135428,70,21,49,0.7857142857142857,0.72448979591836737,0.66666666666666663,0.5714285714285714,0.61538461538461542,0.47075654176200421,43,6,9,12,0.82993197278911568,0.74742961255707208,0.74189763518145724
random_forest_balanced_ratio_preserved_noise_mcc_selected_true_pr_auc_v1,random_forest_class_weight_balanced,random_forest,min_samples_leaf,75/25,4,random_flip_10,test,75/25,test,5,True,2716,76,7.1317345279967412,84,21,63,0.83333333333333337,0.74603174603174605,0.70588235294117652,0.5714285714285714,0.63157894736842102,0.53032146340759734,58,5,9,12,0.88133030990173844,0.76288243842279346,0.75735789536044718
random_forest_balanced_ratio_preserved_noise_mcc_selected_true_pr_auc_v1,random_forest_class_weight_balanced,random_forest,min_samples_leaf,75/25,4,random_flip_10,test,80/20,test,5,True,2716,76,7.2893384100170806,105,21,84,0.88571428571428568,0.76785714285714279,0.80000000000000004,0.5714285714285714,0.66666666666666663,0.61237243569579458,81,3,9,12,0.9024943310657596,0.78915135172085327,0.78495048505237142
random_forest_balanced_ratio_preserved_noise_mcc_selected_true_pr_auc_v1,random_forest_class_weight_balanced,random_forest,min_samples_leaf,75/25,4,random_flip_10,test,90/10,test,5,True,2716,76,7.5396917409962043,210,21,189,0.88571428571428568,0.74603174603174605,0.44444444444444442,0.5714285714285714,0.5,0.4410159197688639,174,15,9,12,0.88007054673721341,0.62892785044286204,0.62365886487542999
random_forest_balanced_ratio_preserved_noise_mcc_selected_true_pr_auc_v1,random_forest_class_weight_balanced,random_forest,min_samples_leaf,75/25,4,random_flip_20,validation_selected_reproduction,75/25,valid,5,True,2716,76,6.4380618680152111,76,19,57,0.80263157894736847,0.64035087719298245,0.75,0.31578947368421051,0.44444444444444442,0.39605901719066972,55,2,13,6,0.86703601108033235,0.72394016472881484,0.71589742595977479
random_forest_balanced_ratio_preserved_noise_mcc_selected_true_pr_auc_v1,random_forest_class_weight_balanced,random_forest,min_samples_leaf,75/25,4,random_flip_20,test,50/50,test,5,True,2716,76,6.5308338770119008,42,21,21,0.61904761904761907,0.61904761904761907,1,0.23809523809523808,0.38461538461538464,0.36760731104690386,21,0,16,5,0.88208616780045346,0.91343138646868316,0.91170967412117965
random_forest_balanced_ratio_preserved_noise_mcc_selected_true_pr_auc_v1,random_forest_class_weight_balanced,random_forest,min_samples_leaf,75/25,4,random_flip_20,test,60/40,test,5,True,2716,76,6.6995822630124167,53,21,32,0.69811320754716977,0.61904761904761907,1,0.23809523809523808,0.38461538461538464,0.39840953644479787,32,0,16,5,0.82738095238095233,0.79914068939556215,0.79455762901608806
random_forest_balanced_ratio_preserved_noise_mcc_selected_true_pr_auc_v1,random_forest_class_weight_balanced,random_forest,min_samples_leaf,75/25,4,random_flip_20,test,70/30,test,5,True,2716,76,6.8207491880166344,70,21,49,0.7142857142857143,0.57823129251700678,0.55555555555555558,0.23809523809523808,0.33333333333333331,0.21420618988705983,45,4,16,5,0.78134110787172006,0.63332297821322392,0.62394358787452231
random_forest_balanced_ratio_preserved_noise_mcc_selected_true_pr_auc_v1,random_forest_class_weight_balanced,random_forest,min_samples_leaf,75/25,4,random_flip_20,test,75/25,test,5,True,2716,76,6.9635622049972881,84,21,63,0.80952380952380953,0.61904761904761907,1,0.23809523809523808,0.38461538461538464,0.43574467033059511,63,0,16,5,0.83371126228269088,0.67188187298488811,0.66410494440663648
random_forest_balanced_ratio_preserved_noise_mcc_selected_true_pr_auc_v1,random_forest_class_weight_balanced,random_forest,min_samples_leaf,75/25,4,random_flip_20,test,80/20,test,5,True,2716,76,7.0996281479892787,105,21,84,0.84761904761904761,0.61904761904761907,1,0.23809523809523808,0.38461538461538464,0.44721359549995793,84,0,16,5,0.88435374149659873,0.77475396366373817,0.7712018922078403
random_forest_balanced_ratio_preserved_noise_mcc_selected_true_pr_auc_v1,random_forest_class_weight_balanced,random_forest,min_samples_leaf,75/25,4,random_flip_20,test,90/10,test,5,True,2716,76,7.3365620340046007,210,21,189,0.90000000000000002,0.60582010582010581,0.5,0.23809523809523808,0.32258064516129031,0.29814239699997197,184,5,16,5,0.81531872008062478,0.42125371145367441,0.41125395914719093
random_forest_balanced_ratio_preserved_noise_mcc_selected_true_pr_auc_v1,random_forest_class_weight_balanced,random_forest,min_samples_leaf,75/25,4,random_fp_10,validation_selected_reproduction,75/25,valid,5,True,3804,76,8.0048341849760618,76,19,57,0.89473684210526316,0.80701754385964908,0.92307692307692313,0.63157894736842102,0.75,0.70609878811360283,56,1,7,12,0.93721144967682357,0.87300955147064974,0.87022599131947898
random_forest_balanced_ratio_preserved_noise_mcc_selected_true_pr_auc_v1,random_forest_class_weight_balanced,random_forest,min_samples_leaf,75/25,4,random_fp_10,test,50/50,test,5,True,3804,76,8.190598887973465,42,21,21,0.7857142857142857,0.7857142857142857,0.9285714285714286,0.61904761904761907,0.74285714285714288,0.60609152673132649,20,1,8,13,0.89795918367346927,0.92311277862472041,0.92151225846327578
random_forest_balanced_ratio_preserved_noise_mcc_selected_true_pr_auc_v1,random_forest_class_weight_balanced,random_forest,min_samples_leaf,75/25,4,random_fp_10,test,60/40,test,5,True,3804,76,8.3657568699854892,53,21,32,0.79245283018867929,0.76264880952380953,0.8125,0.61904761904761907,0.70270270270270274,0.5596663755294996,29,3,8,13,0.88095238095238093,0.86344420581354409,0.86053266620705227
random_forest_balanced_ratio_preserved_noise_mcc_selected_true_pr_auc_v1,random_forest_class_weight_balanced,random_forest,min_samples_leaf,75/25,4,random_fp_10,test,70/30,test,5,True,3804,76,8.4853507189836819,70,21,49,0.80000000000000004,0.7482993197278911,0.68421052631578949,0.61904761904761907,0.65000000000000002,0.51174230885550231,43,6,8,13,0.84645286686103016,0.76367367760759985,0.75812718129109991
random_forest_balanced_ratio_preserved_noise_mcc_selected_true_pr_auc_v1,random_forest_class_weight_balanced,random_forest,min_samples_leaf,75/25,4,random_fp_10,test,75/25,test,5,True,3804,76,8.6445139369752724,84,21,63,0.83333333333333337,0.76190476190476186,0.68421052631578949,0.61904761904761907,0.65000000000000002,0.54215046389915855,57,6,8,13,0.87679516250944833,0.76500748541724906,0.7594164386544342
random_forest_balanced_ratio_preserved_noise_mcc_selected_true_pr_auc_v1,random_forest_class_weight_balanced,random_forest,min_samples_leaf,75/25,4,random_fp_10,test,80/20,test,5,True,3804,76,8.7880128799879458,105,21,84,0.91428571428571426,0.8035714285714286,0.9285714285714286,0.61904761904761907,0.74285714285714288,0.71442306371767039,83,1,8,13,0.91213151927437641,0.84399232207502894,0.84180073740496719
random_forest_balanced_ratio_preserved_noise_mcc_selected_true_pr_auc_v1,random_forest_class_weight_balanced,random_forest,min_samples_leaf,75/25,4,random_fp_10,test,90/10,test,5,True,3804,76,9.0423135309829377,210,21,189,0.87619047619047619,0.76190476190476186,0.41935483870967744,0.61904761904761907,0.5,0.44300290841110246,171,18,8,13,0.87679516250944811,0.58329300738944634,0.5747988517461915
random_forest_balanced_ratio_preserved_noise_mcc_selected_true_pr_auc_v1,random_forest_class_weight_balanced,random_forest,min_samples_leaf,75/25,4,random_fp_20,validation_selected_reproduction,75/25,valid,5,True,4892,76,9.8628454639983829,76,19,57,0.85526315789473684,0.76315789473684204,0.7857142857142857,0.57894736842105265,0.66666666666666663,0.5878963512522154,54,3,8,11,0.90766389658356417,0.81124658903563551,0.80634593896143736
random_forest_balanced_ratio_preserved_noise_mcc_selected_true_pr_auc_v1,random_forest_class_weight_balanced,random_forest,min_samples_leaf,75/25,4,random_fp_20,test,50/50,test,5,True,4892,76,9.9588725670182612,42,21,21,0.80952380952380953,0.80952380952380953,1,0.61904761904761907,0.76470588235294112,0.66953406341198618,21,0,8,13,0.90022675736961455,0.93169444955159242,0.93050037604721325
random_forest_balanced_ratio_preserved_noise_mcc_selected_true_pr_auc_v1,random_forest_class_weight_balanced,random_forest,min_samples_leaf,75/25,4,random_fp_20,test,60/40,test,5,True,4892,76,10.142570933006937,53,21,32,0.81132075471698117,0.77827380952380953,0.8666666666666667,0.61904761904761907,0.72222222222222221,0.60429574716505419,30,2,8,13,0.8705357142857143,0.87049112003345441,0.8681481170236629
random_forest_balanced_ratio_preserved_noise_mcc_selected_true_pr_auc_v1,random_forest_class_weight_balanced,random_forest,min_samples_leaf,75/25,4,random_fp_20,test,70/30,test,5,True,4892,76,10.271685198007617,70,21,49,0.80000000000000004,0.7482993197278911,0.68421052631578949,0.61904761904761907,0.65000000000000002,0.51174230885550231,43,6,8,13,0.83770651117589889,0.75498622440190388,0.74897164773723834
random_forest_balanced_ratio_preserved_noise_mcc_selected_true_pr_auc_v1,random_forest_class_weight_balanced,random_forest,min_samples_leaf,75/25,4,random_fp_20,test,75/25,test,5,True,4892,76,10.409880560007878,84,21,63,0.84523809523809523,0.76984126984126977,0.72222222222222221,0.61904761904761907,0.66666666666666663,0.56952142864688693,58,5,8,13,0.85714285714285721,0.76461318065489858,0.75891246693165626
random_forest_balanced_ratio_preserved_noise_mcc_selected_true_pr_auc_v1,random_forest_class_weight_balanced,random_forest,min_samples_leaf,75/25,4,random_fp_20,test,80/20,test,5,True,4892,76,10.540649093018146,105,21,84,0.91428571428571426,0.8035714285714286,0.9285714285714286,0.61904761904761907,0.74285714285714288,0.71442306371767039,83,1,8,13,0.90532879818594103,0.84685945085104741,0.84491230405369677
random_forest_balanced_ratio_preserved_noise_mcc_selected_true_pr_auc_v1,random_forest_class_weight_balanced,random_forest,min_samples_leaf,75/25,4,random_fp_20,test,90/10,test,5,True,4892,76,10.795716180989984,210,21,189,0.90476190476190477,0.77777777777777779,0.52000000000000002,0.61904761904761907,0.56521739130434778,0.51465023546566546,177,12,8,13,0.87704711514235323,0.67258156743213371,0.6676429623855159
random_forest_balanced_ratio_preserved_noise_mcc_selected_true_pr_auc_v1,random_forest_class_weight_balanced,random_forest,min_samples_leaf,75/25,4,heuristic_fp_10,validation_selected_reproduction,75/25,valid,5,True,3804,76,7.9284464289958123,76,19,57,0.84210526315789469,0.84210526315789469,0.64000000000000001,0.84210526315789469,0.72727272727272729,0.63059262509446568,48,9,3,16,0.92520775623268703,0.81429360218436919,0.80547757385975216
random_forest_balanced_ratio_preserved_noise_mcc_selected_true_pr_auc_v1,random_forest_class_weight_balanced,random_forest,min_samples_leaf,75/25,4,heuristic_fp_10,test,50/50,test,5,True,3804,76,8.0238623289915267,42,21,21,0.80952380952380953,0.80952380952380953,0.84210526315789469,0.76190476190476186,0.80000000000000004,0.6218743352054219,18,3,5,16,0.93877551020408168,0.93535945556223243,0.93357345403938874
random_forest_balanced_ratio_preserved_noise_mcc_selected_true_pr_auc_v1,random_forest_class_weight_balanced,random_forest,min_samples_leaf,75/25,4,heuristic_fp_10,test,60/40,test,5,True,3804,76,8.1936428979970515,53,21,32,0.75471698113207553,0.75595238095238093,0.66666666666666663,0.76190476190476186,0.71111111111111114,0.50300139121291076,24,8,5,16,0.91964285714285721,0.89535795193796286,0.8929623610142714
random_forest_balanced_ratio_preserved_noise_mcc_selected_true_pr_auc_v1,random_forest_class_weight_balanced,random_forest,min_samples_leaf,75/25,4,heuristic_fp_10,test,70/30,test,5,True,3804,76,8.317303619987797,70,21,49,0.7857142857142857,0.77891156462585032,0.61538461538461542,0.76190476190476186,0.68085106382978722,0.52904326844482197,39,10,5,16,0.8862973760932944,0.75676355596584877,0.7489679539583729
random_forest_balanced_ratio_preserved_noise_mcc_selected_true_pr_auc_v1,random_forest_class_weight_balanced,random_forest,min_samples_leaf,75/25,4,heuristic_fp_10,test,75/25,test,5,True,3804,76,8.4662999669963028,84,21,63,0.8214285714285714,0.80158730158730163,0.61538461538461542,0.76190476190476186,0.68085106382978722,0.56496598177754986,53,10,5,16,0.92819349962207109,0.79769994660714127,0.79185557902324422
random_forest_balanced_ratio_preserved_noise_mcc_selected_true_pr_auc_v1,random_forest_class_weight_balanced,random_forest,min_samples_leaf,75/25,4,heuristic_fp_10,test,80/20,test,5,True,3804,76,8.6060097829904407,105,21,84,0.8666666666666667,0.82738095238095233,0.64000000000000001,0.76190476190476186,0.69565217391304346,0.61491869381244213,75,9,5,16,0.95691609977324255,0.86640705062512802,0.86346526098198595
random_forest_balanced_ratio_preserved_noise_mcc_selected_true_pr_auc_v1,random_forest_class_weight_balanced,random_forest,min_samples_leaf,75/25,4,heuristic_fp_10,test,90/10,test,5,True,3804,76,8.8516791779838968,210,21,189,0.83809523809523812,0.80423280423280419,0.35555555555555557,0.76190476190476186,0.48484848484848486,0.4448651207756722,160,29,5,16,0.93650793650793651,0.72168334173516002,0.71653950514720655
random_forest_balanced_ratio_preserved_noise_mcc_selected_true_pr_auc_v1,random_forest_class_weight_balanced,random_forest,min_samples_leaf,75/25,4,heuristic_fp_20,validation_selected_reproduction,75/25,valid,1,True,4892,76,9.7198503440013155,76,19,57,0.86842105263157898,0.78947368421052633,0.80000000000000004,0.63157894736842102,0.70588235294117652,0.62985816774525505,54,3,7,12,0.92197599261311169,0.85011726166822466,0.85295346542370232
random_forest_balanced_ratio_preserved_noise_mcc_selected_true_pr_auc_v1,random_forest_class_weight_balanced,random_forest,min_samples_leaf,75/25,4,heuristic_fp_20,test,50/50,test,1,True,4892,76,9.8123082959791645,42,21,21,0.83333333333333337,0.83333333333333326,0.9375,0.7142857142857143,0.81081081081081086,0.6864064729836441,20,1,6,15,0.95464852607709749,0.95428963267309141,0.95233995849597353
random_forest_balanced_ratio_preserved_noise_mcc_selected_true_pr_auc_v1,random_forest_class_weight_balanced,random_forest,min_samples_leaf,75/25,4,heuristic_fp_20,test,60/40,test,1,True,4892,76,9.9877482039737515,53,21,32,0.83018867924528306,0.81026785714285721,0.83333333333333337,0.7142857142857143,0.76923076923076927,0.64088652990813211,29,3,6,15,0.91145833333333348,0.88033160635819452,0.8800402312388107
random_forest_balanced_ratio_preserved_noise_mcc_selected_true_pr_auc_v1,random_forest_class_weight_balanced,random_forest,min_samples_leaf,75/25,4,heuristic_fp_20,test,70/30,test,1,True,4892,76,10.105643434973899,70,21,49,0.7857142857142857,0.76530612244897966,0.625,0.7142857142857143,0.66666666666666663,0.51227176405541541,40,9,6,15,0.87852283770651107,0.75170650444443488,0.74510134613583556
random_forest_balanced_ratio_preserved_noise_mcc_selected_true_pr_auc_v1,random_forest_class_weight_balanced,random_forest,min_samples_leaf,75/25,4,heuristic_fp_20,test,75/25,test,1,True,4892,76,10.242250779992901,84,21,63,0.86904761904761907,0.81746031746031744,0.75,0.7142857142857143,0.73170731707317072,0.6454972243679028,58,5,6,15,0.92932728647014362,0.81082760255463815,0.81302293728890307
random_forest_balanced_ratio_preserved_noise_mcc_selected_true_pr_auc_v1,random_forest_class_weight_balanced,random_forest,min_samples_leaf,75/25,4,heuristic_fp_20,test,80/20,test,1,True,4892,76,10.377427312982036,105,21,84,0.90476190476190477,0.83333333333333326,0.78947368421052633,0.7142857142857143,0.75,0.69267897439341075,80,4,6,15,0.95946712018140579,0.88374242484518195,0.88032094600962441
random_forest_balanced_ratio_preserved_noise_mcc_selected_true_pr_auc_v1,random_forest_class_weight_balanced,random_forest,min_samples_leaf,75/25,4,heuristic_fp_20,test,90/10,test,1,True,4892,76,10.642354475974571,210,21,189,0.88095238095238093,0.80687830687830686,0.44117647058823528,0.7142857142857143,0.54545454545454541,0.49985143366185181,170,19,6,15,0.92630385487528344,0.630336970537553,0.63287930148742055
random_forest_balanced_ratio_preserved_noise_mcc_selected_true_pr_auc_v1,random_forest_class_weight_balanced,random_forest,min_samples_leaf,75/25,5,clean,validation_selected_reproduction,75/25,valid,1,True,2716,76,5.6536350759852212,76,19,57,0.85526315789473684,0.76315789473684204,0.7857142857142857,0.57894736842105265,0.66666666666666663,0.5878963512522154,54,3,8,11,0.92843951985226225,0.83342404612268117,0.8274358271888842
random_forest_balanced_ratio_preserved_noise_mcc_selected_true_pr_auc_v1,random_forest_class_weight_balanced,random_forest,min_samples_leaf,75/25,5,clean,test,50/50,test,1,True,2716,76,5.7410016120120417,42,21,21,0.73809523809523814,0.73809523809523814,0.8571428571428571,0.5714285714285714,0.68571428571428572,0.50507627227610541,19,2,9,12,0.90136054421768708,0.88837658442921619,0.8839578328775588
random_forest_balanced_ratio_preserved_noise_mcc_selected_true_pr_auc_v1,random_forest_class_weight_balanced,random_forest,min_samples_leaf,75/25,5,clean,test,60/40,test,1,True,2716,76,5.8411754489934538,53,21,32,0.81132075471698117,0.7700892857142857,0.92307692307692313,0.5714285714285714,0.70588235294117652,0.61407344434924471,31,1,9,12,0.90029761904761907,0.86036099897438834,0.86096613630629704
random_forest_balanced_ratio_preserved_noise_mcc_selected_true_pr_auc_v1,random_forest_class_weight_balanced,random_forest,min_samples_leaf,75/25,5,clean,test,70/30,test,1,True,2716,76,5.9399784950073808,70,21,49,0.8571428571428571,0.77551020408163263,0.92307692307692313,0.5714285714285714,0.70588235294117652,0.6493311948292404,48,1,9,12,0.91690962099125362,0.82999642828044506,0.83272169664203011
random_forest_balanced_ratio_preserved_noise_mcc_selected_true_pr_auc_v1,random_forest_class_weight_balanced,random_forest,min_samples_leaf,75/25,5,clean,test,75/25,test,1,True,2716,76,6.0491801080061123,84,21,63,0.8571428571428571,0.76190476190476186,0.80000000000000004,0.5714285714285714,0.66666666666666663,0.59222009226398198,60,3,9,12,0.92214663643235073,0.81141489633425112,0.80896489613276179
random_forest_balanced_ratio_preserved_noise_mcc_selected_true_pr_auc_v1,random_forest_class_weight_balanced,random_forest,min_samples_leaf,75/25,5,clean,test,80/20,test,1,True,2716,76,6.2025758649979252,105,21,84,0.8571428571428571,0.75,0.66666666666666663,0.5714285714285714,0.61538461538461542,0.53066863050523239,78,6,9,12,0.86281179138321995,0.62829185271787313,0.6159122804279793
random_forest_balanced_ratio_preserved_noise_mcc_selected_true_pr_auc_v1,random_forest_class_weight_balanced,random_forest,min_samples_leaf,75/25,5,clean,test,90/10,test,1,True,2716,76,6.4714409470034298,210,21,189,0.90000000000000002,0.75396825396825395,0.5,0.5714285714285714,0.53333333333333333,0.47894747207139976,177,12,9,12,0.90413202317964225,0.62490676185567184,0.62128929350080853
random_forest_balanced_ratio_preserved_noise_mcc_selected_true_pr_auc_v1,random_forest_class_weight_balanced,random_forest,min_samples_leaf,75/25,5,random_flip_10,validation_selected_reproduction,75/25,valid,5,True,2716,76,5.7068377940158825,76,19,57,0.85526315789473684,0.81578947368421051,0.69999999999999996,0.73684210526315785,0.71794871794871795,0.62105900340811881,51,6,5,14,0.90951061865189287,0.73965513072432199,0.72967836538833164
random_forest_balanced_ratio_preserved_noise_mcc_selected_true_pr_auc_v1,random_forest_class_weight_balanced,random_forest,min_samples_leaf,75/25,5,random_flip_10,test,50/50,test,5,True,2716,76,5.8196467090165243,42,21,21,0.7857142857142857,0.7857142857142857,0.875,0.66666666666666663,0.7567567567567568,0.58834840541455213,19,2,7,14,0.89569160997732422,0.88944836794703397,0.886134795915829
random_forest_balanced_ratio_preserved_noise_mcc_selected_true_pr_auc_v1,random_forest_class_weight_balanced,random_forest,min_samples_leaf,75/25,5,random_flip_10,test,60/40,test,5,True,2716,76,5.9308792579977307,53,21,32,0.83018867924528306,0.80208333333333326,0.875,0.66666666666666663,0.7567567567567568,0.64369560471664822,30,2,7,14,0.89434523809523814,0.84454846614460077,0.83926314478170894
random_forest_balanced_ratio_preserved_noise_mcc_selected_true_pr_auc_v1,random_forest_class_weight_balanced,random_forest,min_samples_leaf,75/25,5,random_flip_10,test,70/30,test,5,True,2716,76,6.0383536310109776,70,21,49,0.8571428571428571,0.80272108843537415,0.82352941176470584,0.66666666666666663,0.73684210526315785,0.64702038505735959,46,3,7,14,0.90670553935860054,0.83702223492910899,0.83333723386021985
random_forest_balanced_ratio_preserved_noise_mcc_selected_true_pr_auc_v1,random_forest_class_weight_balanced,random_forest,min_samples_leaf,75/25,5,random_flip_10,test,75/25,test,5,True,2716,76,6.1493082730157766,84,21,63,0.8928571428571429,0.81746031746031744,0.875,0.66666666666666663,0.7567567567567568,0.70014004201400493,61,2,7,14,0.93801965230536655,0.86037465946609748,0.85744672492722662
random_forest_balanced_ratio_preserved_noise_mcc_selected_true_pr_auc_v1,random_forest_class_weight_balanced,random_forest,min_samples_leaf,75/25,5,random_flip_10,test,80/20,test,5,True,2716,76,6.3169462539954111,105,21,84,0.81904761904761902,0.76190476190476186,0.53846153846153844,0.66666666666666663,0.5957446808510638,0.4854253598047566,72,12,7,14,0.86054421768707479,0.61470497911496991,0.60235139408970562
random_forest_balanced_ratio_preserved_noise_mcc_selected_true_pr_auc_v1,random_forest_class_weight_balanced,random_forest,min_samples_leaf,75/25,5,random_flip_10,test,90/10,test,5,True,2716,76,6.6081559640006162,210,21,189,0.87619047619047619,0.78306878306878303,0.42424242424242425,0.66666666666666663,0.51851851851851849,0.46667971056521096,170,19,7,14,0.90073066263542456,0.57103545427330515,0.55970653661449976
random_forest_balanced_ratio_preserved_noise_mcc_selected_true_pr_auc_v1,random_forest_class_weight_balanced,random_forest,min_samples_leaf,75/25,5,random_flip_20,validation_selected_reproduction,75/25,valid,2,True,2716,76,5.8208732669882011,76,19,57,0.81578947368421051,0.63157894736842102,1,0.26315789473684209,0.41666666666666669,0.45963855977692164,57,0,14,5,0.72853185595567871,0.59544661274502575,0.58776578488409981
random_forest_balanced_ratio_preserved_noise_mcc_selected_true_pr_auc_v1,random_forest_class_weight_balanced,random_forest,min_samples_leaf,75/25,5,random_flip_20,test,50/50,test,2,True,2716,76,5.9197603150096256,42,21,21,0.54761904761904767,0.54761904761904756,0.75,0.14285714285714285,0.23999999999999999,0.16222142113076252,20,1,18,3,0.82086167800453502,0.80285938844803639,0.79031430542016268
random_forest_balanced_ratio_preserved_noise_mcc_selected_true_pr_auc_v1,random_forest_class_weight_balanced,random_forest,min_samples_leaf,75/25,5,random_flip_20,test,60/40,test,2,True,2716,76,6.0294374889926985,53,21,32,0.64150943396226412,0.5558035714285714,0.75,0.14285714285714285,0.23999999999999999,0.20665627227065883,31,1,18,3,0.79315476190476186,0.71958917042012716,0.7055768312586661
random_forest_balanced_ratio_preserved_noise_mcc_selected_true_pr_auc_v1,random_forest_class_weight_balanced,random_forest,min_samples_leaf,75/25,5,random_flip_20,test,70/30,test,2,True,2716,76,6.1424100669973996,70,21,49,0.74285714285714288,0.5714285714285714,1,0.14285714285714285,0.25,0.3232299675777271,49,0,18,3,0.79008746355685122,0.68572945579867217,0.67833933916167255
random_forest_balanced_ratio_preserved_noise_mcc_selected_true_pr_auc_v1,random_forest_class_weight_balanced,random_forest,min_samples_leaf,75/25,5,random_flip_20,test,75/25,test,2,True,2716,76,6.2546185580140445,84,21,63,0.7857142857142857,0.5714285714285714,1,0.14285714285714285,0.25,0.33333333333333331,63,0,18,3,0.83673469387755106,0.71818202883768567,0.71240481479700235
random_forest_balanced_ratio_preserved_noise_mcc_selected_true_pr_auc_v1,random_forest_class_weight_balanced,random_forest,min_samples_leaf,75/25,5,random_flip_20,test,80/20,test,2,True,2716,76,6.4264651240082458,105,21,84,0.82857142857142863,0.5714285714285714,1,0.14285714285714285,0.25,0.34299717028501769,84,0,18,3,0.78854875283446701,0.61374846689011875,0.60689263612308486
random_forest_balanced_ratio_preserved_noise_mcc_selected_true_pr_auc_v1,random_forest_class_weight_balanced,random_forest,min_samples_leaf,75/25,5,random_flip_20,test,90/10,test,2,True,2716,76,6.7951660059916321,210,21,189,0.89523809523809528,0.56084656084656082,0.42857142857142855,0.14285714285714285,0.21428571428571427,0.20338060847962824,185,4,18,3,0.79868984630889384,0.38630844654475244,0.36985672510078671
random_forest_balanced_ratio_preserved_noise_mcc_selected_true_pr_auc_v1,random_forest_class_weight_balanced,random_forest,min_samples_leaf,75/25,5,random_fp_10,validation_selected_reproduction,75/25,valid,5,True,3804,76,7.483423682017019,76,19,57,0.82894736842105265,0.7807017543859649,0.65000000000000002,0.68421052631578949,0.66666666666666663,0.55205244747388338,50,7,6,13,0.87996306555863346,0.76111448317585761,0.7553977886315022
random_forest_balanced_ratio_preserved_noise_mcc_selected_true_pr_auc_v1,random_forest_class_weight_balanced,random_forest,min_samples_leaf,75/25,5,random_fp_10,test,50/50,test,5,True,3804,76,7.576650080998661,42,21,21,0.73809523809523814,0.73809523809523814,0.8571428571428571,0.5714285714285714,0.68571428571428572,0.50507627227610541,19,2,9,12,0.91156462585034015,0.91119655995006132,0.90878372494324133
random_forest_balanced_ratio_preserved_noise_mcc_selected_true_pr_auc_v1,random_forest_class_weight_balanced,random_forest,min_samples_leaf,75/25,5,random_fp_10,test,60/40,test,5,True,3804,76,7.6756965829990804,53,21,32,0.77358490566037741,0.7388392857142857,0.80000000000000004,0.5714285714285714,0.66666666666666663,0.51866025358284062,29,3,9,12,0.89434523809523814,0.8724444527020061,0.86960322538049839
random_forest_balanced_ratio_preserved_noise_mcc_selected_true_pr_auc_v1,random_forest_class_weight_balanced,random_forest,min_samples_leaf,75/25,5,random_fp_10,test,70/30,test,5,True,3804,76,7.775874080020003,70,21,49,0.81428571428571428,0.74489795918367352,0.75,0.5714285714285714,0.64864864864864868,0.53452248382484879,45,4,9,12,0.89990281827016516,0.83123799118659658,0.82765336693531388
random_forest_balanced_ratio_preserved_noise_mcc_selected_true_pr_auc_v1,random_forest_class_weight_balanced,random_forest,min_samples_leaf,75/25,5,random_fp_10,test,75/25,test,5,True,3804,76,7.8872222219943069,84,21,63,0.8214285714285714,0.73809523809523814,0.66666666666666663,0.5714285714285714,0.61538461538461542,0.50251890762960605,57,6,9,12,0.91987906273620557,0.81906045082736822,0.81498764631391074
random_forest_balanced_ratio_preserved_noise_mcc_selected_true_pr_auc_v1,random_forest_class_weight_balanced,random_forest,min_samples_leaf,75/25,5,random_fp_10,test,80/20,test,5,True,3804,76,8.0510514159977902,105,21,84,0.82857142857142863,0.73214285714285721,0.5714285714285714,0.5714285714285714,0.5714285714285714,0.4642857142857143,75,9,9,12,0.87585034013605445,0.65556182020307108,0.64089341468775718
random_forest_balanced_ratio_preserved_noise_mcc_selected_true_pr_auc_v1,random_forest_class_weight_balanced,random_forest,min_samples_leaf,75/25,5,random_fp_10,test,90/10,test,5,True,3804,76,8.342519722005818,210,21,189,0.88571428571428568,0.74603174603174605,0.44444444444444442,0.5714285714285714,0.5,0.4410159197688639,174,15,9,12,0.90501385739480966,0.65613234623360417,0.65149603672437495
random_forest_balanced_ratio_preserved_noise_mcc_selected_true_pr_auc_v1,random_forest_class_weight_balanced,random_forest,min_samples_leaf,75/25,5,random_fp_20,validation_selected_reproduction,75/25,valid,2,True,4892,76,8.8177822370198555,76,19,57,0.88157894736842102,0.76315789473684204,1,0.52631578947368418,0.68965517241379315,0.67419986246324215,57,0,9,10,0.87072945521698986,0.78101614917635742,0.77710393562955105
random_forest_balanced_ratio_preserved_noise_mcc_selected_true_pr_auc_v1,random_forest_class_weight_balanced,random_forest,min_samples_leaf,75/25,5,random_fp_20,test,50/50,test,2,True,4892,76,8.9130904430057853,42,21,21,0.69047619047619047,0.69047619047619047,0.90000000000000002,0.42857142857142855,0.58064516129032262,0.44721359549995793,20,1,12,9,0.88208616780045357,0.89716682391095404,0.89428668436652936
random_forest_balanced_ratio_preserved_noise_mcc_selected_true_pr_auc_v1,random_forest_class_weight_balanced,random_forest,min_samples_leaf,75/25,5,random_fp_20,test,60/40,test,2,True,4892,76,9.015513282007305,53,21,32,0.75471698113207553,0.6986607142857143,0.90000000000000002,0.42857142857142855,0.58064516129032262,0.49669798373175356,31,1,12,9,0.85119047619047616,0.80784303343561548,0.80092669278460837
random_forest_balanced_ratio_preserved_noise_mcc_selected_true_pr_auc_v1,random_forest_class_weight_balanced,random_forest,min_samples_leaf,75/25,5,random_fp_20,test,70/30,test,2,True,4892,76,9.1216808450117242,70,21,49,0.81428571428571428,0.70408163265306123,0.90000000000000002,0.42857142857142855,0.58064516129032262,0.53452248382484879,48,1,12,9,0.86297376093294453,0.82348587489210923,0.82027159301602692
random_forest_balanced_ratio_preserved_noise_mcc_selected_true_pr_auc_v1,random_forest_class_weight_balanced,random_forest,min_samples_leaf,75/25,5,random_fp_20,test,75/25,test,2,True,4892,76,9.2334280460199807,84,21,63,0.84523809523809523,0.70634920634920628,0.90000000000000002,0.42857142857142855,0.58064516129032262,0.55181926797141156,62,1,12,9,0.87603930461073309,0.79697670340530591,0.79303129150838925
random_forest_balanced_ratio_preserved_noise_mcc_selected_true_pr_auc_v1,random_forest_class_weight_balanced,random_forest,min_samples_leaf,75/25,5,random_fp_20,test,80/20,test,2,True,4892,76,9.3962643170088995,105,21,84,0.8571428571428571,0.6964285714285714,0.75,0.42857142857142855,0.54545454545454541,0.49391458057363102,81,3,12,9,0.8475056689342404,0.6571184798705807,0.64239118844735432
random_forest_balanced_ratio_preserved_noise_mcc_selected_true_pr_auc_v1,random_forest_class_weight_balanced,random_forest,min_samples_leaf,75/25,5,random_fp_20,test,90/10,test,2,True,4892,76,9.6810372210165951,210,21,189,0.91428571428571426,0.69841269841269837,0.59999999999999998,0.42857142857142855,0.5,0.46225016352102427,183,6,12,9,0.86848072562358281,0.59211422729717611,0.58387183467261949
random_forest_balanced_ratio_preserved_noise_mcc_selected_true_pr_auc_v1,random_forest_class_weight_balanced,random_forest,min_samples_leaf,75/25,5,heuristic_fp_10,validation_selected_reproduction,75/25,valid,5,True,3804,76,6.9272238289995585,76,19,57,0.76315789473684215,0.78947368421052633,0.5161290322580645,0.84210526315789469,0.64000000000000001,0.51011278533618509,42,15,3,16,0.89289012003693446,0.73120299422701684,0.71962791407571647
random_forest_balanced_ratio_preserved_noise_mcc_selected_true_pr_auc_v1,random_forest_class_weight_balanced,random_forest,min_samples_leaf,75/25,5,heuristic_fp_10,test,50/50,test,5,True,3804,76,7.0277050329896156,42,21,21,0.8571428571428571,0.85714285714285721,0.89473684210526316,0.80952380952380953,0.84999999999999998,0.71754730985240978,19,2,4,17,0.93650793650793651,0.91205916069770088,0.90861179141182213
random_forest_balanced_ratio_preserved_noise_mcc_selected_true_pr_auc_v1,random_forest_class_weight_balanced,random_forest,min_samples_leaf,75/25,5,heuristic_fp_10,test,60/40,test,5,True,3804,76,7.1380276010022499,53,21,32,0.86792452830188682,0.85788690476190477,0.84999999999999998,0.80952380952380953,0.82926829268292679,0.7222515325942731,29,3,4,17,0.9285714285714286,0.81812231463530094,0.79417568912391145
random_forest_balanced_ratio_preserved_noise_mcc_selected_true_pr_auc_v1,random_forest_class_weight_balanced,random_forest,min_samples_leaf,75/25,5,heuristic_fp_10,test,70/30,test,5,True,3804,76,7.2514285990037024,70,21,49,0.82857142857142863,0.8231292517006803,0.68000000000000005,0.80952380952380953,0.73913043478260865,0.61807004620073758,41,8,4,17,0.93391642371234207,0.84165671296602107,0.83655640739579051
random_forest_balanced_ratio_preserved_noise_mcc_selected_true_pr_auc_v1,random_forest_class_weight_balanced,random_forest,min_samples_leaf,75/25,5,heuristic_fp_10,test,75/25,test,5,True,3804,76,7.364969749993179,84,21,63,0.86904761904761907,0.84920634920634919,0.70833333333333337,0.80952380952380953,0.75555555555555554,0.66943868139520302,56,7,4,17,0.9402872260015116,0.80074386441287571,0.79417378877566125
random_forest_balanced_ratio_preserved_noise_mcc_selected_true_pr_auc_v1,random_forest_class_weight_balanced,random_forest,min_samples_leaf,75/25,5,heuristic_fp_10,test,80/20,test,5,True,3804,76,7.5325277289957739,105,21,84,0.81904761904761902,0.81547619047619047,0.53125,0.80952380952380953,0.64150943396226412,0.5482889011990687,69,15,4,17,0.91156462585034004,0.64470271572218785,0.61699948651657555
random_forest_balanced_ratio_preserved_noise_mcc_selected_true_pr_auc_v1,random_forest_class_weight_balanced,random_forest,min_samples_leaf,75/25,5,heuristic_fp_10,test,90/10,test,5,True,3804,76,7.7991849109821487,210,21,189,0.83809523809523812,0.82539682539682535,0.36170212765957449,0.80952380952380953,0.5,0.46842614340033489,159,30,4,17,0.92139077853363571,0.51633840138915432,0.49942691813611401
random_forest_balanced_ratio_preserved_noise_mcc_selected_true_pr_auc_v1,random_forest_class_weight_balanced,random_forest,min_samples_leaf,75/25,5,heuristic_fp_20,validation_selected_reproduction,75/25,valid,2,True,4892,76,8.9974122889980208,76,19,57,0.81578947368421051,0.80701754385964919,0.59999999999999998,0.78947368421052633,0.68181818181818177,0.56591645841811022,47,10,4,15,0.90674053554939982,0.79521246865008099,0.78994331025853959
random_forest_balanced_ratio_preserved_noise_mcc_selected_true_pr_auc_v1,random_forest_class_weight_balanced,random_forest,min_samples_leaf,75/25,5,heuristic_fp_20,test,50/50,test,2,True,4892,76,9.1060604990052525,42,21,21,0.88095238095238093,0.88095238095238093,0.94444444444444442,0.80952380952380953,0.87179487179487181,0.76980035891950105,20,1,4,17,0.97052154195011342,0.96582701491336564,0.96478546175510771
random_forest_balanced_ratio_preserved_noise_mcc_selected_true_pr_auc_v1,random_forest_class_weight_balanced,random_forest,min_samples_leaf,75/25,5,heuristic_fp_20,test,60/40,test,2,True,4892,76,9.2025407229957636,53,21,32,0.84905660377358494,0.84226190476190477,0.80952380952380953,0.80952380952380953,0.80952380952380953,0.68452380952380953,28,4,4,17,0.93601190476190477,0.8236314224277419,0.79921814390732049
random_forest_balanced_ratio_preserved_noise_mcc_selected_true_pr_auc_v1,random_forest_class_weight_balanced,random_forest,min_samples_leaf,75/25,5,heuristic_fp_20,test,70/30,test,2,True,4892,76,9.3194675710110459,70,21,49,0.8571428571428571,0.84353741496598644,0.73913043478260865,0.80952380952380953,0.77272727272727271,0.67034577955304098,43,6,4,17,0.96501457725947526,0.92651657889126571,0.92474507562847452
random_forest_balanced_ratio_preserved_noise_mcc_selected_true_pr_auc_v1,random_forest_class_weight_balanced,random_forest,min_samples_leaf,75/25,5,heuristic_fp_20,test,75/25,test,2,True,4892,76,9.437342680990696,84,21,63,0.8928571428571429,0.86507936507936511,0.77272727272727271,0.80952380952380953,0.79069767441860461,0.71910120940283073,58,5,4,17,0.96296296296296291,0.89178477483070506,0.88905334180165285
random_forest_balanced_ratio_preserved_noise_mcc_selected_true_pr_auc_v1,random_forest_class_weight_balanced,random_forest,min_samples_leaf,75/25,5,heuristic_fp_20,test,80/20,test,2,True,4892,76,9.6107700029970147,105,21,84,0.83809523809523812,0.82738095238095233,0.56666666666666665,0.80952380952380953,0.66666666666666663,0.57975090436420285,71,13,4,17,0.94897959183673464,0.76048654746902389,0.73518768044746774
random_forest_balanced_ratio_preserved_noise_mcc_selected_true_pr_auc_v1,random_forest_class_weight_balanced,random_forest,min_samples_leaf,75/25,5,heuristic_fp_20,test,90/10,test,2,True,4892,76,9.9234141510096379,210,21,189,0.87142857142857144,0.84391534391534395,0.42499999999999999,0.80952380952380953,0.55737704918032782,0.52549385424538808,166,23,4,17,0.95792391030486268,0.7556500401697952,0.7504899372990772
random_forest_balanced_ratio_preserved_noise_mcc_selected_true_pr_auc_v1,random_forest_class_weight_balanced,random_forest,min_samples_leaf,80/20,1,clean,validation_selected_reproduction,80/20,valid,5,True,3395,95,7.174081870005466,95,19,76,0.88421052631578945,0.84868421052631582,0.68181818181818177,0.78947368421052633,0.73170731707317072,0.66126129527038324,69,7,4,15,0.9127423822714682,0.75074030793315449,0.7439020642048555
random_forest_balanced_ratio_preserved_noise_mcc_selected_true_pr_auc_v1,random_forest_class_weight_balanced,random_forest,min_samples_leaf,80/20,1,clean,test,50/50,test,5,True,3395,95,7.2624863000237383,42,21,21,0.7857142857142857,0.7857142857142857,0.9285714285714286,0.61904761904761907,0.74285714285714288,0.60609152673132649,20,1,8,13,0.90929705215419498,0.92197154770231493,0.92019941223530277
random_forest_balanced_ratio_preserved_noise_mcc_selected_true_pr_auc_v1,random_forest_class_weight_balanced,random_forest,min_samples_leaf,80/20,1,clean,test,60/40,test,5,True,3395,95,7.3678713550034445,53,21,32,0.84905660377358494,0.80952380952380953,1,0.61904761904761907,0.76470588235294112,0.70373155054899672,32,0,8,13,0.91220238095238093,0.89533380602114687,0.89318820243943597
random_forest_balanced_ratio_preserved_noise_mcc_selected_true_pr_auc_v1,random_forest_class_weight_balanced,random_forest,min_samples_leaf,80/20,1,clean,test,70/30,test,5,True,3395,95,7.4802137890073936,70,21,49,0.8571428571428571,0.78911564625850339,0.8666666666666667,0.61904761904761907,0.72222222222222221,0.64577659993794834,47,2,8,13,0.93683187560738568,0.86868055591423365,0.86537131817293989
random_forest_balanced_ratio_preserved_noise_mcc_selected_true_pr_auc_v1,random_forest_class_weight_balanced,random_forest,min_samples_leaf,80/20,1,clean,test,75/25,test,5,True,3395,95,7.5995501319994219,84,21,63,0.8928571428571429,0.80158730158730163,0.9285714285714286,0.61904761904761907,0.74285714285714288,0.70082555788515166,62,1,8,13,0.94255479969765676,0.87214923506059328,0.86961568366241715
random_forest_balanced_ratio_preserved_noise_mcc_selected_true_pr_auc_v1,random_forest_class_weight_balanced,random_forest,min_samples_leaf,80/20,1,clean,test,80/20,test,5,True,3395,95,7.792042338027386,105,21,84,0.84761904761904761,0.76190476190476186,0.61904761904761907,0.61904761904761907,0.61904761904761907,0.52380952380952384,76,8,8,13,0.91099773242630389,0.74306981918932502,0.73693190622108684
random_forest_balanced_ratio_preserved_noise_mcc_selected_true_pr_auc_v1,random_forest_class_weight_balanced,random_forest,min_samples_leaf,80/20,1,clean,test,90/10,test,5,True,3395,95,8.1158779300167225,210,21,189,0.89523809523809528,0.77248677248677255,0.48148148148148145,0.61904761904761907,0.54166666666666663,0.48843698641067723,175,14,8,13,0.9022423784328546,0.64916384973113672,0.64428687551677477
random_forest_balanced_ratio_preserved_noise_mcc_selected_true_pr_auc_v1,random_forest_class_weight_balanced,random_forest,min_samples_leaf,80/20,1,random_flip_10,validation_selected_reproduction,80/20,valid,2,True,3395,95,7.4877481510047801,95,19,76,0.85263157894736841,0.63157894736842102,1,0.26315789473684209,0.41666666666666669,0.47140452079103168,76,0,14,5,0.87326869806094176,0.71489005844166065,0.70824184669503709
random_forest_balanced_ratio_preserved_noise_mcc_selected_true_pr_auc_v1,random_forest_class_weight_balanced,random_forest,min_samples_leaf,80/20,1,random_flip_10,test,50/50,test,2,True,3395,95,7.5848589889938012,42,21,21,0.7142857142857143,0.7142857142857143,1,0.42857142857142855,0.59999999999999998,0.5222329678670935,21,0,12,9,0.89795918367346939,0.91483637819145724,0.91275112457434093
random_forest_balanced_ratio_preserved_noise_mcc_selected_true_pr_auc_v1,random_forest_class_weight_balanced,random_forest,min_samples_leaf,80/20,1,random_flip_10,test,60/40,test,2,True,3395,95,7.6786156699818093,53,21,32,0.77358490566037741,0.7142857142857143,1,0.42857142857142855,0.59999999999999998,0.55829052623908249,32,0,12,9,0.88244047619047628,0.86867612067523625,0.86589158535918842
random_forest_balanced_ratio_preserved_noise_mcc_selected_true_pr_auc_v1,random_forest_class_weight_balanced,random_forest,min_samples_leaf,80/20,1,random_flip_10,test,70/30,test,2,True,3395,95,7.7773638250073418,70,21,49,0.81428571428571428,0.70408163265306123,0.90000000000000002,0.42857142857142855,0.58064516129032262,0.53452248382484879,48,1,12,9,0.87755102040816324,0.80035653661921335,0.79621686544277215
random_forest_balanced_ratio_preserved_noise_mcc_selected_true_pr_auc_v1,random_forest_class_weight_balanced,random_forest,min_samples_leaf,80/20,1,random_flip_10,test,75/25,test,2,True,3395,95,7.8906320199894253,84,21,63,0.8571428571428571,0.7142857142857143,1,0.42857142857142855,0.59999999999999998,0.59999999999999998,63,0,12,9,0.92365835222978077,0.82588514938139013,0.82214972926519225
random_forest_balanced_ratio_preserved_noise_mcc_selected_true_pr_auc_v1,random_forest_class_weight_balanced,random_forest,min_samples_leaf,80/20,1,random_flip_10,test,80/20,test,2,True,3395,95,8.028711569000734,105,21,84,0.88571428571428568,0.7142857142857143,1,0.42857142857142855,0.59999999999999998,0.61237243569579447,84,0,12,9,0.87925170068027214,0.72804941064304707,0.72334025473363428
random_forest_balanced_ratio_preserved_noise_mcc_selected_true_pr_auc_v1,random_forest_class_weight_balanced,random_forest,min_samples_leaf,80/20,1,random_flip_10,test,90/10,test,2,True,3395,95,8.2710485679854173,210,21,189,0.93809523809523809,0.71164021164021163,0.90000000000000002,0.42857142857142855,0.58064516129032262,0.59628479399994394,188,1,12,9,0.8834719072814311,0.65419007813045849,0.65013329912356743
random_forest_balanced_ratio_preserved_noise_mcc_selected_true_pr_auc_v1,random_forest_class_weight_balanced,random_forest,min_samples_leaf,80/20,1,random_flip_20,validation_selected_reproduction,80/20,valid,5,True,3395,95,7.3832812260079663,95,19,76,0.82105263157894737,0.57236842105263153,0.75,0.15789473684210525,0.2608695652173913,0.28827833009852755,75,1,16,3,0.804016620498615,0.5898154523320509,0.57738753285786393
random_forest_balanced_ratio_preserved_noise_mcc_selected_true_pr_auc_v1,random_forest_class_weight_balanced,random_forest,min_samples_leaf,80/20,1,random_flip_20,test,50/50,test,5,True,3395,95,7.4779546979989391,42,21,21,0.5714285714285714,0.5714285714285714,1,0.14285714285714285,0.25,0.27735009811261457,21,0,18,3,0.8231292517006803,0.85881972344820645,0.85554913698013602
random_forest_balanced_ratio_preserved_noise_mcc_selected_true_pr_auc_v1,random_forest_class_weight_balanced,random_forest,min_samples_leaf,80/20,1,random_flip_20,test,60/40,test,5,True,3395,95,7.5834993580065202,53,21,32,0.660377358490566,0.5714285714285714,1,0.14285714285714285,0.25,0.30237157840738177,32,0,18,3,0.7723214285714286,0.76021613920994757,0.75530885952186266
random_forest_balanced_ratio_preserved_noise_mcc_selected_true_pr_auc_v1,random_forest_class_weight_balanced,random_forest,min_samples_leaf,80/20,1,random_flip_20,test,70/30,test,5,True,3395,95,7.6875293829943985,70,21,49,0.74285714285714288,0.5714285714285714,1,0.14285714285714285,0.25,0.3232299675777271,49,0,18,3,0.81535471331389697,0.73556640752381131,0.73015589699184225
random_forest_balanced_ratio_preserved_noise_mcc_selected_true_pr_auc_v1,random_forest_class_weight_balanced,random_forest,min_samples_leaf,80/20,1,random_flip_20,test,75/25,test,5,True,3395,95,7.8037092640006449,84,21,63,0.7857142857142857,0.5714285714285714,1,0.14285714285714285,0.25,0.33333333333333331,63,0,18,3,0.8495842781557067,0.75155755821915915,0.74627316721214276
random_forest_balanced_ratio_preserved_noise_mcc_selected_true_pr_auc_v1,random_forest_class_weight_balanced,random_forest,min_samples_leaf,80/20,1,random_flip_20,test,80/20,test,5,True,3395,95,7.9392980159900617,105,21,84,0.82857142857142863,0.5714285714285714,1,0.14285714285714285,0.25,0.34299717028501769,84,0,18,3,0.82823129251700678,0.65007963389480783,0.64203404737124892
random_forest_balanced_ratio_preserved_noise_mcc_selected_true_pr_auc_v1,random_forest_class_weight_balanced,random_forest,min_samples_leaf,80/20,1,random_flip_20,test,90/10,test,5,True,3395,95,8.1783414410019759,210,21,189,0.91428571428571426,0.5714285714285714,1,0.14285714285714285,0.25,0.36115755925730764,189,0,18,3,0.81443688586545726,0.54407822135475625,0.53910485177156731
random_forest_balanced_ratio_preserved_noise_mcc_selected_true_pr_auc_v1,random_forest_class_weight_balanced,random_forest,min_samples_leaf,80/20,1,random_fp_10,validation_selected_reproduction,80/20,valid,5,True,5095,95,9.4597508099977858,95,19,76,0.85263157894736841,0.71052631578947367,0.69230769230769229,0.47368421052631576,0.5625,0.49005111346535107,72,4,10,9,0.90373961218836563,0.7232065792662925,0.7152763060358367
random_forest_balanced_ratio_preserved_noise_mcc_selected_true_pr_auc_v1,random_forest_class_weight_balanced,random_forest,min_samples_leaf,80/20,1,random_fp_10,test,50/50,test,5,True,5095,95,9.5522052019950934,42,21,21,0.76190476190476186,0.76190476190476186,1,0.52380952380952384,0.6875,0.5956833971812705,21,0,10,11,0.90022675736961444,0.92664289548347534,0.92527665160539918
random_forest_balanced_ratio_preserved_noise_mcc_selected_true_pr_auc_v1,random_forest_class_weight_balanced,random_forest,min_samples_leaf,80/20,1,random_fp_10,test,60/40,test,5,True,5095,95,9.6534648739907425,53,21,32,0.81132075471698117,0.76190476190476186,1,0.52380952380952384,0.6875,0.63173805530579052,32,0,10,11,0.89880952380952372,0.89028287934969996,0.88812292103658508
random_forest_balanced_ratio_preserved_noise_mcc_selected_true_pr_auc_v1,random_forest_class_weight_balanced,random_forest,min_samples_leaf,80/20,1,random_fp_10,test,70/30,test,5,True,5095,95,9.7497720340033993,70,21,49,0.84285714285714286,0.7517006802721089,0.91666666666666663,0.52380952380952384,0.66666666666666663,0.61209305594874031,48,1,10,11,0.92419825072886286,0.88118548093635751,0.87894172024961215
random_forest_balanced_ratio_preserved_noise_mcc_selected_true_pr_auc_v1,random_forest_class_weight_balanced,random_forest,min_samples_leaf,80/20,1,random_fp_10,test,75/25,test,5,True,5095,95,9.8554494660056662,84,21,63,0.86904761904761907,0.75396825396825395,0.91666666666666663,0.52380952380952384,0.66666666666666663,0.62853936105470887,62,1,10,11,0.92139077853363571,0.84774407722159717,0.8448318228177365
random_forest_balanced_ratio_preserved_noise_mcc_selected_true_pr_auc_v1,random_forest_class_weight_balanced,random_forest,min_samples_leaf,80/20,1,random_fp_10,test,80/20,test,5,True,5095,95,9.9873430239968002,105,21,84,0.8571428571428571,0.73214285714285721,0.6875,0.52380952380952384,0.59459459459459463,0.51674896650310043,79,5,10,11,0.89229024943310653,0.70133836721447063,0.69257401878385294
random_forest_balanced_ratio_preserved_noise_mcc_selected_true_pr_auc_v1,random_forest_class_weight_balanced,random_forest,min_samples_leaf,80/20,1,random_fp_10,test,90/10,test,5,True,5095,95,10.222524251003051,210,21,189,0.919047619047619,0.74338624338624337,0.61111111111111116,0.52380952380952384,0.5641025641025641,0.52165059337049158,182,7,10,11,0.90262030738221211,0.66018188451548698,0.65562413659128027
random_forest_balanced_ratio_preserved_noise_mcc_selected_true_pr_auc_v1,random_forest_class_weight_balanced,random_forest,min_samples_leaf,80/20,1,random_fp_20,validation_selected_reproduction,80/20,valid,1,True,6790,95,12.083831155003281,95,19,76,0.85263157894736841,0.63157894736842102,1,0.26315789473684209,0.41666666666666669,0.47140452079103168,76,0,14,5,0.91204986149584488,0.77625366233572257,0.77109840802488705
random_forest_balanced_ratio_preserved_noise_mcc_selected_true_pr_auc_v1,random_forest_class_weight_balanced,random_forest,min_samples_leaf,80/20,1,random_fp_20,test,50/50,test,1,True,6790,95,12.175584361015353,42,21,21,0.59523809523809523,0.59523809523809523,1,0.19047619047619047,0.32000000000000001,0.32444284226152503,21,0,17,4,0.84353741496598633,0.86067065836277901,0.86250702458837925
random_forest_balanced_ratio_preserved_noise_mcc_selected_true_pr_auc_v1,random_forest_class_weight_balanced,random_forest,min_samples_leaf,80/20,1,random_fp_20,test,60/40,test,1,True,6790,95,12.271439500007546,53,21,32,0.67924528301886788,0.59523809523809523,1,0.19047619047619047,0.32000000000000001,0.35269337134192441,32,0,17,4,0.9017857142857143,0.88865039772473375,0.89092434003249443
random_forest_balanced_ratio_preserved_noise_mcc_selected_true_pr_auc_v1,random_forest_class_weight_balanced,random_forest,min_samples_leaf,80/20,1,random_fp_20,test,70/30,test,1,True,6790,95,12.387476498028263,70,21,49,0.74285714285714288,0.58503401360544216,0.80000000000000004,0.19047619047619047,0.30769230769230771,0.30261376633440118,48,1,17,4,0.8994169096209913,0.78988013340172825,0.78931503827141558
random_forest_balanced_ratio_preserved_noise_mcc_selected_true_pr_auc_v1,random_forest_class_weight_balanced,random_forest,min_samples_leaf,80/20,1,random_fp_20,test,75/25,test,1,True,6790,95,12.501500600017607,84,21,63,0.79761904761904767,0.59523809523809523,1,0.19047619047619047,0.32000000000000001,0.3872983346207417,63,0,17,4,0.9130763416477703,0.80776329457610019,0.81379858232593971
random_forest_balanced_ratio_preserved_noise_mcc_selected_true_pr_auc_v1,random_forest_class_weight_balanced,random_forest,min_samples_leaf,80/20,1,random_fp_20,test,80/20,test,1,True,6790,95,12.647059849026846,105,21,84,0.83809523809523812,0.59523809523809523,1,0.19047619047619047,0.32000000000000001,0.39801487608399566,84,0,17,4,0.89739229024943301,0.74072969735376692,0.74414721922207128
random_forest_balanced_ratio_preserved_noise_mcc_selected_true_pr_auc_v1,random_forest_class_weight_balanced,random_forest,min_samples_leaf,80/20,1,random_fp_20,test,90/10,test,1,True,6790,95,12.927743420004845,210,21,189,0.91428571428571426,0.59259259259259256,0.80000000000000004,0.19047619047619047,0.30769230769230771,0.36440544440674749,188,1,17,4,0.88410178886369373,0.60738197898904001,0.61100050925525595
random_forest_balanced_ratio_preserved_noise_mcc_selected_true_pr_auc_v1,random_forest_class_weight_balanced,random_forest,min_samples_leaf,80/20,1,heuristic_fp_10,validation_selected_reproduction,80/20,valid,1,True,5095,95,9.4010137960140128,95,19,76,0.85263157894736841,0.75,0.6470588235294118,0.57894736842105265,0.61111111111111116,0.5217732845620352,70,6,8,11,0.88885041551246535,0.73287061886332028,0.73405000225422068
random_forest_balanced_ratio_preserved_noise_mcc_selected_true_pr_auc_v1,random_forest_class_weight_balanced,random_forest,min_samples_leaf,80/20,1,heuristic_fp_10,test,50/50,test,1,True,5095,95,9.4996053469949402,42,21,21,0.80952380952380953,0.80952380952380953,0.93333333333333335,0.66666666666666663,0.77777777777777779,0.64597519349993926,20,1,7,14,0.92857142857142849,0.93372672301243731,0.93259452159385825
random_forest_balanced_ratio_preserved_noise_mcc_selected_true_pr_auc_v1,random_forest_class_weight_balanced,random_forest,min_samples_leaf,80/20,1,heuristic_fp_10,test,60/40,test,1,True,5095,95,9.6033689359901473,53,21,32,0.86792452830188682,0.83333333333333326,1,0.66666666666666663,0.80000000000000004,0.73960026163363879,32,0,7,14,0.95089285714285698,0.936375072789698,0.93798758214414291
random_forest_balanced_ratio_preserved_noise_mcc_selected_true_pr_auc_v1,random_forest_class_weight_balanced,random_forest,min_samples_leaf,80/20,1,heuristic_fp_10,test,70/30,test,1,True,5095,95,9.7220561540161725,70,21,49,0.82857142857142863,0.78231292517006801,0.73684210526315785,0.66666666666666663,0.69999999999999996,0.58184399500009165,44,5,7,14,0.92565597667638477,0.815874342980071,0.81860226463306252
random_forest_balanced_ratio_preserved_noise_mcc_selected_true_pr_auc_v1,random_forest_class_weight_balanced,random_forest,min_samples_leaf,80/20,1,heuristic_fp_10,test,75/25,test,1,True,5095,95,9.8486961729940958,84,21,63,0.90476190476190477,0.82539682539682535,0.93333333333333335,0.66666666666666663,0.77777777777777779,0.73578859947949282,62,1,7,14,0.96938775510204089,0.92735334431486582,0.92735076752657486
random_forest_balanced_ratio_preserved_noise_mcc_selected_true_pr_auc_v1,random_forest_class_weight_balanced,random_forest,min_samples_leaf,80/20,1,heuristic_fp_10,test,80/20,test,1,True,5095,95,10.007178036001278,105,21,84,0.89523809523809528,0.80952380952380953,0.77777777777777779,0.66666666666666663,0.71794871794871795,0.6570183044350496,80,4,7,14,0.93594104308390036,0.79753215798371802,0.79798224345264623
random_forest_balanced_ratio_preserved_noise_mcc_selected_true_pr_auc_v1,random_forest_class_weight_balanced,random_forest,min_samples_leaf,80/20,1,heuristic_fp_10,test,90/10,test,1,True,5095,95,10.265703843004303,210,21,189,0.91428571428571426,0.80423280423280419,0.56000000000000005,0.66666666666666663,0.60869565217391308,0.56366454360525264,178,11,7,14,0.93121693121693117,0.67853995059511751,0.68324281645328178
random_forest_balanced_ratio_preserved_noise_mcc_selected_true_pr_auc_v1,random_forest_class_weight_balanced,random_forest,min_samples_leaf,80/20,1,heuristic_fp_20,validation_selected_reproduction,80/20,valid,5,True,6790,95,11.775364551984239,95,19,76,0.80000000000000004,0.81578947368421051,0.5,0.84210526315789469,0.62745098039215685,0.53452248382484879,60,16,3,16,0.86634349030470914,0.64748176119831435,0.6369416901960161
random_forest_balanced_ratio_preserved_noise_mcc_selected_true_pr_auc_v1,random_forest_class_weight_balanced,random_forest,min_samples_leaf,80/20,1,heuristic_fp_20,test,50/50,test,5,True,6790,95,11.875497728993651,42,21,21,0.83333333333333337,0.83333333333333326,0.81818181818181823,0.8571428571428571,0.83720930232558144,0.66742381247191462,17,4,3,18,0.89342403628117917,0.85149200435731975,0.84448331199148474
random_forest_balanced_ratio_preserved_noise_mcc_selected_true_pr_auc_v1,random_forest_class_weight_balanced,random_forest,min_samples_leaf,80/20,1,heuristic_fp_20,test,60/40,test,5,True,6790,95,11.979211245983606,53,21,32,0.90566037735849059,0.8973214285714286,0.90000000000000002,0.8571428571428571,0.87804878048780488,0.80183434179904756,30,2,3,18,0.96577380952380953,0.95193191311612391,0.95079495982124218
random_forest_balanced_ratio_preserved_noise_mcc_selected_true_pr_auc_v1,random_forest_class_weight_balanced,random_forest,min_samples_leaf,80/20,1,heuristic_fp_20,test,70/30,test,5,True,6790,95,12.084035728999879,70,21,49,0.8571428571428571,0.8571428571428571,0.71999999999999997,0.8571428571428571,0.78260869565217395,0.68313005106397318,42,7,3,18,0.93488824101069001,0.84993730546204338,0.84552120568880063
random_forest_balanced_ratio_preserved_noise_mcc_selected_true_pr_auc_v1,random_forest_class_weight_balanced,random_forest,min_samples_leaf,80/20,1,heuristic_fp_20,test,75/25,test,5,True,6790,95,12.194001689000288,84,21,63,0.8928571428571429,0.88095238095238093,0.75,0.8571428571428571,0.80000000000000004,0.73029674334022143,57,6,3,18,0.96598639455782309,0.92088548330349762,0.91928487869674802
random_forest_balanced_ratio_preserved_noise_mcc_selected_true_pr_auc_v1,random_forest_class_weight_balanced,random_forest,min_samples_leaf,80/20,1,heuristic_fp_20,test,80/20,test,5,True,6790,95,12.349101084982976,105,21,84,0.83809523809523812,0.84523809523809523,0.5625,0.8571428571428571,0.67924528301886788,0.60001426923671675,70,14,3,18,0.9285714285714286,0.70486720680269066,0.67907384009933514
random_forest_balanced_ratio_preserved_noise_mcc_selected_true_pr_auc_v1,random_forest_class_weight_balanced,random_forest,min_samples_leaf,80/20,1,heuristic_fp_20,test,90/10,test,5,True,6790,95,12.61089165697922,210,21,189,0.89047619047619042,0.87566137566137559,0.47368421052631576,0.8571428571428571,0.61016949152542377,0.58547865692776391,169,20,3,18,0.9434366339128244,0.65282237879678995,0.64529290439605647
random_forest_balanced_ratio_preserved_noise_mcc_selected_true_pr_auc_v1,random_forest_class_weight_balanced,random_forest,min_samples_leaf,80/20,2,clean,validation_selected_reproduction,80/20,valid,5,True,3395,95,7.6350885400024708,95,19,76,0.85263157894736841,0.73026315789473684,0.66666666666666663,0.52631578947368418,0.58823529411764708,0.50518148554092246,71,5,9,10,0.91204986149584477,0.77599234848110377,0.77181158845667275
random_forest_balanced_ratio_preserved_noise_mcc_selected_true_pr_auc_v1,random_forest_class_weight_balanced,random_forest,min_samples_leaf,80/20,2,clean,test,50/50,test,5,True,3395,95,7.7498705800098833,42,21,21,0.80952380952380953,0.80952380952380953,0.93333333333333335,0.66666666666666663,0.77777777777777779,0.64597519349993926,20,1,7,14,0.93650793650793651,0.94077691440333644,0.93934340794973692
random_forest_balanced_ratio_preserved_noise_mcc_selected_true_pr_auc_v1,random_forest_class_weight_balanced,random_forest,min_samples_leaf,80/20,2,clean,test,60/40,test,5,True,3395,95,7.8454567629960366,53,21,32,0.84905660377358494,0.81770833333333326,0.93333333333333335,0.66666666666666663,0.77777777777777779,0.68993124074726775,31,1,7,14,0.9151785714285714,0.89694997146893041,0.89483041716753653
random_forest_balanced_ratio_preserved_noise_mcc_selected_true_pr_auc_v1,random_forest_class_weight_balanced,random_forest,min_samples_leaf,80/20,2,clean,test,70/30,test,5,True,3395,95,7.9799624599982053,70,21,49,0.81428571428571428,0.77210884353741494,0.69999999999999996,0.66666666666666663,0.68292682926829273,0.55205244747388338,43,6,7,14,0.88435374149659873,0.78885329407977522,0.78371557366184241
random_forest_balanced_ratio_preserved_noise_mcc_selected_true_pr_auc_v1,random_forest_class_weight_balanced,random_forest,min_samples_leaf,80/20,2,clean,test,75/25,test,5,True,3395,95,8.1007830869930331,84,21,63,0.84523809523809523,0.7857142857142857,0.69999999999999996,0.66666666666666663,0.68292682926829273,0.58094750193111255,57,6,7,14,0.88586545729402866,0.7835677224727613,0.77903250509232813
random_forest_balanced_ratio_preserved_noise_mcc_selected_true_pr_auc_v1,random_forest_class_weight_balanced,random_forest,min_samples_leaf,80/20,2,clean,test,80/20,test,5,True,3395,95,8.2230024359887466,105,21,84,0.90476190476190477,0.81547619047619047,0.82352941176470584,0.66666666666666663,0.73684210526315785,0.68514118924340039,81,3,7,14,0.92006802721088432,0.82194477480191774,0.81906414515127146
random_forest_balanced_ratio_preserved_noise_mcc_selected_true_pr_auc_v1,random_forest_class_weight_balanced,random_forest,min_samples_leaf,80/20,2,clean,test,90/10,test,5,True,3395,95,8.458009148016572,210,21,189,0.919047619047619,0.80687830687830686,0.58333333333333337,0.66666666666666663,0.62222222222222223,0.57872819541960807,179,10,7,14,0.9024943310657596,0.65626229891849552,0.65034331720614613
random_forest_balanced_ratio_preserved_noise_mcc_selected_true_pr_auc_v1,random_forest_class_weight_balanced,random_forest,min_samples_leaf,80/20,2,random_flip_10,validation_selected_reproduction,80/20,valid,5,True,3395,95,7.1676547440001741,95,19,76,0.86315789473684212,0.65789473684210531,1,0.31578947368421051,0.47999999999999998,0.51929078688949859,76,0,13,6,0.87811634349030465,0.70087066786674845,0.69429328601274309
random_forest_balanced_ratio_preserved_noise_mcc_selected_true_pr_auc_v1,random_forest_class_weight_balanced,random_forest,min_samples_leaf,80/20,2,random_flip_10,test,50/50,test,5,True,3395,95,7.2914921400079038,42,21,21,0.73809523809523814,0.73809523809523814,1,0.47619047619047616,0.64516129032258063,0.55901699437494745,21,0,11,10,0.92743764172335597,0.9279543612316723,0.92602705921038519
random_forest_balanced_ratio_preserved_noise_mcc_selected_true_pr_auc_v1,random_forest_class_weight_balanced,random_forest,min_samples_leaf,80/20,2,random_flip_10,test,60/40,test,5,True,3395,95,7.3945921830018051,53,21,32,0.77358490566037741,0.72247023809523814,0.90909090909090906,0.47619047619047616,0.625,0.53661840493304358,31,1,11,10,0.9107142857142857,0.87996974987910215,0.87694466984269592
random_forest_balanced_ratio_preserved_noise_mcc_selected_true_pr_auc_v1,random_forest_class_weight_balanced,random_forest,min_samples_leaf,80/20,2,random_flip_10,test,70/30,test,5,True,3395,95,7.5298353280231822,70,21,49,0.80000000000000004,0.70748299319727892,0.76923076923076927,0.47619047619047616,0.58823529411764708,0.48900250474794649,46,3,11,10,0.89407191448007772,0.71179729164120287,0.68543932499794691
random_forest_balanced_ratio_preserved_noise_mcc_selected_true_pr_auc_v1,random_forest_class_weight_balanced,random_forest,min_samples_leaf,80/20,2,random_flip_10,test,75/25,test,5,True,3395,95,7.6487513110041618,84,21,63,0.83333333333333337,0.71428571428571419,0.76923076923076927,0.47619047619047616,0.58823529411764708,0.51310032092006852,60,3,11,10,0.88662131519274368,0.75019719870764523,0.74405610876406003
random_forest_balanced_ratio_preserved_noise_mcc_selected_true_pr_auc_v1,random_forest_class_weight_balanced,random_forest,min_samples_leaf,80/20,2,random_flip_10,test,80/20,test,5,True,3395,95,7.7664673370018136,105,21,84,0.87619047619047619,0.72619047619047616,0.83333333333333337,0.47619047619047616,0.60606060606060608,0.56875012308478723,82,2,11,10,0.91609977324263037,0.79876369811249903,0.7952267189442741
random_forest_balanced_ratio_preserved_noise_mcc_selected_true_pr_auc_v1,random_forest_class_weight_balanced,random_forest,min_samples_leaf,80/20,2,random_flip_10,test,90/10,test,5,True,3395,95,8.0012329840101302,210,21,189,0.91428571428571426,0.71957671957671954,0.58823529411764708,0.47619047619047616,0.52631578947368418,0.48300733101876825,182,7,11,10,0.90879314688838497,0.61323665069078093,0.60519259550446791
random_forest_balanced_ratio_preserved_noise_mcc_selected_true_pr_auc_v1,random_forest_class_weight_balanced,random_forest,min_samples_leaf,80/20,2,random_flip_20,validation_selected_reproduction,80/20,valid,5,True,3395,95,7.5011565450113267,95,19,76,0.83157894736842108,0.61842105263157898,0.7142857142857143,0.26315789473684209,0.38461538461538464,0.36262033381142111,74,2,14,5,0.85664819944598336,0.6239861849131445,0.61355470636955745
random_forest_balanced_ratio_preserved_noise_mcc_selected_true_pr_auc_v1,random_forest_class_weight_balanced,random_forest,min_samples_leaf,80/20,2,random_flip_20,test,50/50,test,5,True,3395,95,7.6306305890029762,42,21,21,0.6428571428571429,0.64285714285714279,1,0.2857142857142857,0.44444444444444442,0.40824829046386302,21,0,15,6,0.91156462585034004,0.92940327612670237,0.9278747463999597
random_forest_balanced_ratio_preserved_noise_mcc_selected_true_pr_auc_v1,random_forest_class_weight_balanced,random_forest,min_samples_leaf,80/20,2,random_flip_20,test,60/40,test,5,True,3395,95,7.7321415060141589,53,21,32,0.71698113207547165,0.64285714285714279,1,0.2857142857142857,0.44444444444444442,0.441054277135977,32,0,15,6,0.90922619047619047,0.88406756935080999,0.88112104905896027
random_forest_balanced_ratio_preserved_noise_mcc_selected_true_pr_auc_v1,random_forest_class_weight_balanced,random_forest,min_samples_leaf,80/20,2,random_flip_20,test,70/30,test,5,True,3395,95,7.8787108579999767,70,21,49,0.74285714285714288,0.61224489795918369,0.66666666666666663,0.2857142857142857,0.40000000000000002,0.30733931592491193,46,3,15,6,0.83479105928085517,0.67561996470697383,0.66340429793611055
random_forest_balanced_ratio_preserved_noise_mcc_selected_true_pr_auc_v1,random_forest_class_weight_balanced,random_forest,min_samples_leaf,80/20,2,random_flip_20,test,75/25,test,5,True,3395,95,8.0046070700045675,84,21,63,0.8214285714285714,0.64285714285714279,1,0.2857142857142857,0.44444444444444442,0.48038446141526137,63,0,15,6,0.87755102040816335,0.78912833623074707,0.78492892330644959
random_forest_balanced_ratio_preserved_noise_mcc_selected_true_pr_auc_v1,random_forest_class_weight_balanced,random_forest,min_samples_leaf,80/20,2,random_flip_20,test,80/20,test,5,True,3395,95,8.1267586369940545,105,21,84,0.83809523809523812,0.63095238095238093,0.75,0.2857142857142857,0.41379310344827586,0.39487698723975601,82,2,15,6,0.89512471655328796,0.71799188702986472,0.70764690269220742
random_forest_balanced_ratio_preserved_noise_mcc_selected_true_pr_auc_v1,random_forest_class_weight_balanced,random_forest,min_samples_leaf,80/20,2,random_flip_20,test,90/10,test,5,True,3395,95,8.3700890990148764,210,21,189,0.92380952380952386,0.64021164021164023,0.8571428571428571,0.2857142857142857,0.42857142857142855,0.46865966301827378,188,1,15,6,0.88233812043335846,0.62044480051432904,0.61369665962769326
random_forest_balanced_ratio_preserved_noise_mcc_selected_true_pr_auc_v1,random_forest_class_weight_balanced,random_forest,min_samples_leaf,80/20,2,random_fp_10,validation_selected_reproduction,80/20,valid,5,True,5095,95,9.9291236010030843,95,19,76,0.88421052631578945,0.76973684210526316,0.7857142857142857,0.57894736842105265,0.66666666666666663,0.60876171768941112,73,3,8,11,0.93628808864265933,0.81517027113269225,0.81093226951687636
random_forest_balanced_ratio_preserved_noise_mcc_selected_true_pr_auc_v1,random_forest_class_weight_balanced,random_forest,min_samples_leaf,80/20,2,random_fp_10,test,50/50,test,5,True,5095,95,10.045056286995532,42,21,21,0.7857142857142857,0.7857142857142857,0.9285714285714286,0.61904761904761907,0.74285714285714288,0.60609152673132649,20,1,8,13,0.92063492063492058,0.92747336901472255,0.92561098374440887
random_forest_balanced_ratio_preserved_noise_mcc_selected_true_pr_auc_v1,random_forest_class_weight_balanced,random_forest,min_samples_leaf,80/20,2,random_fp_10,test,60/40,test,5,True,5095,95,10.150080944004003,53,21,32,0.84905660377358494,0.80952380952380953,1,0.61904761904761907,0.76470588235294112,0.70373155054899672,32,0,8,13,0.9107142857142857,0.8935828953074314,0.89137583425100098
random_forest_balanced_ratio_preserved_noise_mcc_selected_true_pr_auc_v1,random_forest_class_weight_balanced,random_forest,min_samples_leaf,80/20,2,random_fp_10,test,70/30,test,5,True,5095,95,10.297080135991564,70,21,49,0.84285714285714286,0.77891156462585043,0.8125,0.61904761904761907,0.70270270270270274,0.60876171768941112,46,3,8,13,0.88338192419825068,0.76662704237622137,0.75735085417691161
random_forest_balanced_ratio_preserved_noise_mcc_selected_true_pr_auc_v1,random_forest_class_weight_balanced,random_forest,min_samples_leaf,80/20,2,random_fp_10,test,75/25,test,5,True,5095,95,10.420299737015739,84,21,63,0.8571428571428571,0.77777777777777779,0.76470588235294112,0.61904761904761907,0.68421052631578949,0.59875003933115822,59,4,8,13,0.88888888888888884,0.797012776933125,0.79352477043695169
random_forest_balanced_ratio_preserved_noise_mcc_selected_true_pr_auc_v1,random_forest_class_weight_balanced,random_forest,min_samples_leaf,80/20,2,random_fp_10,test,80/20,test,5,True,5095,95,10.55453282900271,105,21,84,0.88571428571428568,0.7857142857142857,0.76470588235294112,0.61904761904761907,0.68421052631578949,0.62050522799402297,80,4,8,13,0.91553287981859399,0.79252087913927216,0.78855100161335923
random_forest_balanced_ratio_preserved_noise_mcc_selected_true_pr_auc_v1,random_forest_class_weight_balanced,random_forest,min_samples_leaf,80/20,2,random_fp_10,test,90/10,test,5,True,5095,95,10.784994307992747,210,21,189,0.92380952380952386,0.78835978835978837,0.61904761904761907,0.61904761904761907,0.61904761904761907,0.57671957671957674,181,8,8,13,0.90576971529352479,0.62196453460415979,0.61283489848028827
random_forest_balanced_ratio_preserved_noise_mcc_selected_true_pr_auc_v1,random_forest_class_weight_balanced,random_forest,min_samples_leaf,80/20,2,random_fp_20,validation_selected_reproduction,80/20,valid,5,True,6790,95,12.499544855003478,95,19,76,0.86315789473684212,0.69736842105263164,0.80000000000000004,0.42105263157894735,0.55172413793103448,0.51449575542752646,74,2,11,8,0.90720221606648199,0.78332874074315484,0.77857490983629618
random_forest_balanced_ratio_preserved_noise_mcc_selected_true_pr_auc_v1,random_forest_class_weight_balanced,random_forest,min_samples_leaf,80/20,2,random_fp_20,test,50/50,test,5,True,6790,95,12.616541194991441,42,21,21,0.73809523809523814,0.73809523809523814,1,0.47619047619047616,0.64516129032258063,0.55901699437494745,21,0,11,10,0.9024943310657596,0.92710572083084264,0.92562959802009503
random_forest_balanced_ratio_preserved_noise_mcc_selected_true_pr_auc_v1,random_forest_class_weight_balanced,random_forest,min_samples_leaf,80/20,2,random_fp_20,test,60/40,test,5,True,6790,95,12.713574321009219,53,21,32,0.79245283018867929,0.73809523809523814,1,0.47619047619047616,0.64516129032258063,0.59529346364854363,32,0,11,10,0.9017857142857143,0.89087161727522246,0.88866818157257677
random_forest_balanced_ratio_preserved_noise_mcc_selected_true_pr_auc_v1,random_forest_class_weight_balanced,random_forest,min_samples_leaf,80/20,2,random_fp_20,test,70/30,test,5,True,6790,95,12.869628487998853,70,21,49,0.81428571428571428,0.71768707482993199,0.83333333333333337,0.47619047619047616,0.60606060606060608,0.52937777811782949,47,2,11,10,0.8668610301263362,0.77285088100172139,0.76653406413862912
random_forest_balanced_ratio_preserved_noise_mcc_selected_true_pr_auc_v1,random_forest_class_weight_balanced,random_forest,min_samples_leaf,80/20,2,random_fp_20,test,75/25,test,5,True,6790,95,12.99451837799279,84,21,63,0.83333333333333337,0.71428571428571419,0.76923076923076927,0.47619047619047616,0.58823529411764708,0.51310032092006852,60,3,11,10,0.86394557823129248,0.74554683508407793,0.7395800850205132
random_forest_balanced_ratio_preserved_noise_mcc_selected_true_pr_auc_v1,random_forest_class_weight_balanced,random_forest,min_samples_leaf,80/20,2,random_fp_20,test,80/20,test,5,True,6790,95,13.132377842004644,105,21,84,0.89523809523809528,0.73809523809523814,1,0.47619047619047616,0.64516129032258063,0.64888568452305018,84,0,11,10,0.89342403628117906,0.7970694317599889,0.79389914456203847
random_forest_balanced_ratio_preserved_noise_mcc_selected_true_pr_auc_v1,random_forest_class_weight_balanced,random_forest,min_samples_leaf,80/20,2,random_fp_20,test,90/10,test,5,True,6790,95,13.364579579996644,210,21,189,0.919047619047619,0.72222222222222221,0.625,0.47619047619047616,0.54054054054054057,0.50257071103241668,183,6,11,10,0.8873771730914588,0.55000127602618898,0.53379294662205301
random_forest_balanced_ratio_preserved_noise_mcc_selected_true_pr_auc_v1,random_forest_class_weight_balanced,random_forest,min_samples_leaf,80/20,2,heuristic_fp_10,validation_selected_reproduction,80/20,valid,1,True,5095,95,10.345601779001299,95,19,76,0.87368421052631584,0.80263157894736836,0.68421052631578949,0.68421052631578949,0.68421052631578949,0.60526315789473684,70,6,6,13,0.91447368421052633,0.742167808046442,0.74251478879014021
random_forest_balanced_ratio_preserved_noise_mcc_selected_true_pr_auc_v1,random_forest_class_weight_balanced,random_forest,min_samples_leaf,80/20,2,heuristic_fp_10,test,50/50,test,1,True,5095,95,10.471217324986355,42,21,21,0.73809523809523814,0.73809523809523814,0.8571428571428571,0.5714285714285714,0.68571428571428572,0.50507627227610541,19,2,9,12,0.91836734693877553,0.91605427896154712,0.91846855818742057
random_forest_balanced_ratio_preserved_noise_mcc_selected_true_pr_auc_v1,random_forest_class_weight_balanced,random_forest,min_samples_leaf,80/20,2,heuristic_fp_10,test,60/40,test,1,True,5095,95,10.581097602989757,53,21,32,0.81132075471698117,0.7700892857142857,0.92307692307692313,0.5714285714285714,0.70588235294117652,0.61407344434924471,31,1,9,12,0.90476190476190466,0.87808092949979932,0.87907224669344619
random_forest_balanced_ratio_preserved_noise_mcc_selected_true_pr_auc_v1,random_forest_class_weight_balanced,random_forest,min_samples_leaf,80/20,2,heuristic_fp_10,test,70/30,test,1,True,5095,95,10.739347039983841,70,21,49,0.80000000000000004,0.73469387755102034,0.70588235294117652,0.5714285714285714,0.63157894736842102,0.50162254571862708,44,5,9,12,0.89455782312925169,0.80357993561567009,0.80463572846292641
random_forest_balanced_ratio_preserved_noise_mcc_selected_true_pr_auc_v1,random_forest_class_weight_balanced,random_forest,min_samples_leaf,80/20,2,heuristic_fp_10,test,75/25,test,1,True,5095,95,10.876060898008291,84,21,63,0.83333333333333337,0.74603174603174605,0.70588235294117652,0.5714285714285714,0.63157894736842102,0.53032146340759734,58,5,9,12,0.89833711262282689,0.80131819028958717,0.79734950532073978
random_forest_balanced_ratio_preserved_noise_mcc_selected_true_pr_auc_v1,random_forest_class_weight_balanced,random_forest,min_samples_leaf,80/20,2,heuristic_fp_10,test,80/20,test,1,True,5095,95,11.008189562009647,105,21,84,0.89523809523809528,0.77380952380952372,0.8571428571428571,0.5714285714285714,0.68571428571428572,0.64438158688260472,82,2,9,12,0.91950113378684806,0.73384217457568801,0.72309593096268765
random_forest_balanced_ratio_preserved_noise_mcc_selected_true_pr_auc_v1,random_forest_class_weight_balanced,random_forest,min_samples_leaf,80/20,2,heuristic_fp_10,test,90/10,test,1,True,5095,95,11.233369680994656,210,21,189,0.90000000000000002,0.75396825396825395,0.5,0.5714285714285714,0.53333333333333333,0.47894747207139976,177,12,9,12,0.90652557319223981,0.59351479273733188,0.58489957697256645
random_forest_balanced_ratio_preserved_noise_mcc_selected_true_pr_auc_v1,random_forest_class_weight_balanced,random_forest,min_samples_leaf,80/20,2,heuristic_fp_20,validation_selected_reproduction,80/20,valid,5,True,6790,95,12.191385750018526,95,19,76,0.84210526315789469,0.80263157894736836,0.58333333333333337,0.73684210526315785,0.65116279069767447,0.55717682057823559,66,10,5,14,0.91204986149584477,0.76225658834322196,0.75605133726288298
random_forest_balanced_ratio_preserved_noise_mcc_selected_true_pr_auc_v1,random_forest_class_weight_balanced,random_forest,min_samples_leaf,80/20,2,heuristic_fp_20,test,50/50,test,5,True,6790,95,12.323758779006312,42,21,21,0.8571428571428571,0.8571428571428571,0.8571428571428571,0.8571428571428571,0.8571428571428571,0.7142857142857143,18,3,3,18,0.94104308390022673,0.93797379530135339,0.93629380446443888
random_forest_balanced_ratio_preserved_noise_mcc_selected_true_pr_auc_v1,random_forest_class_weight_balanced,random_forest,min_samples_leaf,80/20,2,heuristic_fp_20,test,60/40,test,5,True,6790,95,12.436126412998419,53,21,32,0.84905660377358494,0.8504464285714286,0.78260869565217395,0.8571428571428571,0.81818181818181823,0.69169036353429936,27,5,3,18,0.92261904761904767,0.84611153435170006,0.83779936544259437
random_forest_balanced_ratio_preserved_noise_mcc_selected_true_pr_auc_v1,random_forest_class_weight_balanced,random_forest,min_samples_leaf,80/20,2,heuristic_fp_20,test,70/30,test,5,True,6790,95,12.583437382010743,70,21,49,0.81428571428571428,0.82653061224489788,0.6428571428571429,0.8571428571428571,0.73469387755102045,0.61088283865697002,39,10,3,18,0.89893100097181733,0.72485878319211638,0.69911203091629748
random_forest_balanced_ratio_preserved_noise_mcc_selected_true_pr_auc_v1,random_forest_class_weight_balanced,random_forest,min_samples_leaf,80/20,2,heuristic_fp_20,test,75/25,test,5,True,6790,95,12.716846905008424,84,21,63,0.83333333333333337,0.84126984126984117,0.62068965517241381,0.8571428571428571,0.71999999999999997,0.62162358623817282,52,11,3,18,0.90476190476190466,0.70172955091763023,0.68950096721353682
random_forest_balanced_ratio_preserved_noise_mcc_selected_true_pr_auc_v1,random_forest_class_weight_balanced,random_forest,min_samples_leaf,80/20,2,heuristic_fp_20,test,80/20,test,5,True,6790,95,12.856699784024386,105,21,84,0.8666666666666667,0.86309523809523814,0.62068965517241381,0.8571428571428571,0.71999999999999997,0.64967184233451503,73,11,3,18,0.95068027210884354,0.80420656388756795,0.79544711929952649
random_forest_balanced_ratio_preserved_noise_mcc_selected_true_pr_auc_v1,random_forest_class_weight_balanced,random_forest,min_samples_leaf,80/20,2,heuristic_fp_20,test,90/10,test,5,True,6790,95,13.071024627017323,210,21,189,0.8571428571428571,0.8571428571428571,0.40000000000000002,0.8571428571428571,0.54545454545454541,0.5222329678670935,162,27,3,18,0.93046107331821615,0.58395371298938881,0.57072322240673601
random_forest_balanced_ratio_preserved_noise_mcc_selected_true_pr_auc_v1,random_forest_class_weight_balanced,random_forest,min_samples_leaf,80/20,3,clean,validation_selected_reproduction,80/20,valid,5,True,3395,95,6.8651720869820565,95,19,76,0.88421052631578945,0.80921052631578949,0.72222222222222221,0.68421052631578949,0.70270270270270274,0.63122798848654793,71,5,6,13,0.92036011080332414,0.72201664291447587,0.71001657708823251
random_forest_balanced_ratio_preserved_noise_mcc_selected_true_pr_auc_v1,random_forest_class_weight_balanced,random_forest,min_samples_leaf,80/20,3,clean,test,50/50,test,5,True,3395,95,6.9562222469830886,42,21,21,0.7857142857142857,0.7857142857142857,1,0.5714285714285714,0.72727272727272729,0.63245553203367588,21,0,9,12,0.891156462585034,0.91013685567748626,0.90814046862086784
random_forest_balanced_ratio_preserved_noise_mcc_selected_true_pr_auc_v1,random_forest_class_weight_balanced,random_forest,min_samples_leaf,80/20,3,clean,test,60/40,test,5,True,3395,95,7.0767823979840614,53,21,32,0.77358490566037741,0.7388392857142857,0.80000000000000004,0.5714285714285714,0.66666666666666663,0.51866025358284062,29,3,9,12,0.83630952380952384,0.81334023482779338,0.80880665173005295
random_forest_balanced_ratio_preserved_noise_mcc_selected_true_pr_auc_v1,random_forest_class_weight_balanced,random_forest,min_samples_leaf,80/20,3,clean,test,70/30,test,5,True,3395,95,7.2151065919897519,70,21,49,0.82857142857142863,0.75510204081632648,0.80000000000000004,0.5714285714285714,0.66666666666666663,0.56980288229818976,46,3,9,12,0.89212827988338195,0.83198340994165298,0.82880111105696064
random_forest_balanced_ratio_preserved_noise_mcc_selected_true_pr_auc_v1,random_forest_class_weight_balanced,random_forest,min_samples_leaf,80/20,3,clean,test,75/25,test,5,True,3395,95,7.3395517120079603,84,21,63,0.84523809523809523,0.75396825396825395,0.75,0.5714285714285714,0.64864864864864868,0.56011203361120387,59,4,9,12,0.89342403628117917,0.7975507933762267,0.79348247507282776
random_forest_balanced_ratio_preserved_noise_mcc_selected_true_pr_auc_v1,random_forest_class_weight_balanced,random_forest,min_samples_leaf,80/20,3,clean,test,80/20,test,5,True,3395,95,7.491596097999718,105,21,84,0.8571428571428571,0.75,0.66666666666666663,0.5714285714285714,0.61538461538461542,0.53066863050523239,78,6,9,12,0.88718820861678005,0.76647263840482482,0.7629100138888949
random_forest_balanced_ratio_preserved_noise_mcc_selected_true_pr_auc_v1,random_forest_class_weight_balanced,random_forest,min_samples_leaf,80/20,3,clean,test,90/10,test,5,True,3395,95,7.712234784004977,210,21,189,0.91428571428571426,0.76190476190476186,0.5714285714285714,0.5714285714285714,0.5714285714285714,0.52380952380952384,180,9,9,12,0.8949357520786092,0.63857823717927187,0.63196749129374008
random_forest_balanced_ratio_preserved_noise_mcc_selected_true_pr_auc_v1,random_forest_class_weight_balanced,random_forest,min_samples_leaf,80/20,3,random_flip_10,validation_selected_reproduction,80/20,valid,2,True,3395,95,7.3194555450172629,95,19,76,0.84210526315789469,0.60526315789473684,1,0.21052631578947367,0.34782608695652173,0.41931393468876732,76,0,15,4,0.84903047091412742,0.65109681523918317,0.64218385748979467
random_forest_balanced_ratio_preserved_noise_mcc_selected_true_pr_auc_v1,random_forest_class_weight_balanced,random_forest,min_samples_leaf,80/20,3,random_flip_10,test,50/50,test,2,True,3395,95,7.4108852340141311,42,21,21,0.5714285714285714,0.5714285714285714,1,0.14285714285714285,0.25,0.27735009811261457,21,0,18,3,0.8231292517006803,0.83330401513448704,0.82836259422564806
random_forest_balanced_ratio_preserved_noise_mcc_selected_true_pr_auc_v1,random_forest_class_weight_balanced,random_forest,min_samples_leaf,80/20,3,random_flip_10,test,60/40,test,2,True,3395,95,7.5357838530035224,53,21,32,0.64150943396226412,0.5558035714285714,0.75,0.14285714285714285,0.23999999999999999,0.20665627227065883,31,1,18,3,0.81845238095238093,0.77099744617435917,0.76370097244672119
random_forest_balanced_ratio_preserved_noise_mcc_selected_true_pr_auc_v1,random_forest_class_weight_balanced,random_forest,min_samples_leaf,80/20,3,random_flip_10,test,70/30,test,2,True,3395,95,7.6524061240197625,70,21,49,0.74285714285714288,0.5714285714285714,1,0.14285714285714285,0.25,0.3232299675777271,49,0,18,3,0.84839650145772583,0.77350034916480115,0.76946448196328743
random_forest_balanced_ratio_preserved_noise_mcc_selected_true_pr_auc_v1,random_forest_class_weight_balanced,random_forest,min_samples_leaf,80/20,3,random_flip_10,test,75/25,test,2,True,3395,95,7.7790743340156041,84,21,63,0.77380952380952384,0.56349206349206349,0.75,0.14285714285714285,0.23999999999999999,0.2581988897471611,62,1,18,3,0.8458049886621315,0.64124334690228246,0.63062903869530773
random_forest_balanced_ratio_preserved_noise_mcc_selected_true_pr_auc_v1,random_forest_class_weight_balanced,random_forest,min_samples_leaf,80/20,3,random_flip_10,test,80/20,test,2,True,3395,95,7.9081527680100407,105,21,84,0.82857142857142863,0.5714285714285714,1,0.14285714285714285,0.25,0.34299717028501769,84,0,18,3,0.83673469387755106,0.63196222753792508,0.62345272790058726
random_forest_balanced_ratio_preserved_noise_mcc_selected_true_pr_auc_v1,random_forest_class_weight_balanced,random_forest,min_samples_leaf,80/20,3,random_flip_10,test,90/10,test,2,True,3395,95,8.1462745820172131,210,21,189,0.90476190476190477,0.56613756613756616,0.59999999999999998,0.14285714285714285,0.23076923076923078,0.2602896031476768,187,2,18,3,0.85462333081380693,0.51475534034139492,0.50475721728818868
random_forest_balanced_ratio_preserved_noise_mcc_selected_true_pr_auc_v1,random_forest_class_weight_balanced,random_forest,min_samples_leaf,80/20,3,random_flip_20,validation_selected_reproduction,80/20,valid,5,True,3395,95,7.2279466739855707,95,19,76,0.83157894736842108,0.57894736842105265,1,0.15789473684210525,0.27272727272727271,0.36115755925730758,76,0,16,3,0.77285318559556782,0.60199846265317403,0.59457225923423596
random_forest_balanced_ratio_preserved_noise_mcc_selected_true_pr_auc_v1,random_forest_class_weight_balanced,random_forest,min_samples_leaf,80/20,3,random_flip_20,test,50/50,test,5,True,3395,95,7.319000274001155,42,21,21,0.5714285714285714,0.5714285714285714,1,0.14285714285714285,0.25,0.27735009811261457,21,0,18,3,0.79818594104308394,0.79797319435856706,0.79117982649819352
random_forest_balanced_ratio_preserved_noise_mcc_selected_true_pr_auc_v1,random_forest_class_weight_balanced,random_forest,min_samples_leaf,80/20,3,random_flip_20,test,60/40,test,5,True,3395,95,7.4280177229957189,53,21,32,0.64150943396226412,0.5558035714285714,0.75,0.14285714285714285,0.23999999999999999,0.20665627227065883,31,1,18,3,0.75,0.6941786564755279,0.68461505567945768
random_forest_balanced_ratio_preserved_noise_mcc_selected_true_pr_auc_v1,random_forest_class_weight_balanced,random_forest,min_samples_leaf,80/20,3,random_flip_20,test,70/30,test,5,True,3395,95,7.5429125549853779,70,21,49,0.74285714285714288,0.5714285714285714,1,0.14285714285714285,0.25,0.3232299675777271,49,0,18,3,0.83381924198250723,0.75399419456397698,0.74849789513511022
random_forest_balanced_ratio_preserved_noise_mcc_selected_true_pr_auc_v1,random_forest_class_weight_balanced,random_forest,min_samples_leaf,80/20,3,random_flip_20,test,75/25,test,5,True,3395,95,7.6654488799977116,84,21,63,0.7857142857142857,0.5714285714285714,1,0.14285714285714285,0.25,0.33333333333333331,63,0,18,3,0.81783824640967495,0.71318457220753873,0.70854015887829669
random_forest_balanced_ratio_preserved_noise_mcc_selected_true_pr_auc_v1,random_forest_class_weight_balanced,random_forest,min_samples_leaf,80/20,3,random_flip_20,test,80/20,test,5,True,3395,95,7.7998710660031065,105,21,84,0.81904761904761902,0.56547619047619047,0.75,0.14285714285714285,0.23999999999999999,0.27363522730774703,83,1,18,3,0.78911564625850339,0.58948484244069643,0.58019789660284182
random_forest_balanced_ratio_preserved_noise_mcc_selected_true_pr_auc_v1,random_forest_class_weight_balanced,random_forest,min_samples_leaf,80/20,3,random_flip_20,test,90/10,test,5,True,3395,95,8.0137448979949113,210,21,189,0.89523809523809528,0.56084656084656082,0.42857142857142855,0.14285714285714285,0.21428571428571427,0.20338060847962824,185,4,18,3,0.81254724111866972,0.47093940645384108,0.46082703807801317
random_forest_balanced_ratio_preserved_noise_mcc_selected_true_pr_auc_v1,random_forest_class_weight_balanced,random_forest,min_samples_leaf,80/20,3,random_fp_10,validation_selected_reproduction,80/20,valid,5,True,5095,95,9.4603604150179308,95,19,76,0.88421052631578945,0.76973684210526316,0.7857142857142857,0.57894736842105265,0.66666666666666663,0.60876171768941112,73,3,8,11,0.9182825484764543,0.7797780691417644,0.77412350728085388
random_forest_balanced_ratio_preserved_noise_mcc_selected_true_pr_auc_v1,random_forest_class_weight_balanced,random_forest,min_samples_leaf,80/20,3,random_fp_10,test,50/50,test,5,True,5095,95,9.5493433980154805,42,21,21,0.7857142857142857,0.7857142857142857,1,0.5714285714285714,0.72727272727272729,0.63245553203367588,21,0,9,12,0.91609977324263037,0.93399160808935733,0.93260040447070769
random_forest_balanced_ratio_preserved_noise_mcc_selected_true_pr_auc_v1,random_forest_class_weight_balanced,random_forest,min_samples_leaf,80/20,3,random_fp_10,test,60/40,test,5,True,5095,95,9.6657401540142018,53,21,32,0.79245283018867929,0.7544642857142857,0.8571428571428571,0.5714285714285714,0.68571428571428572,0.56460555687210823,30,2,9,12,0.86755952380952384,0.8508305930983695,0.84752808158374293
random_forest_balanced_ratio_preserved_noise_mcc_selected_true_pr_auc_v1,random_forest_class_weight_balanced,random_forest,min_samples_leaf,80/20,3,random_fp_10,test,70/30,test,5,True,5095,95,9.7869154780055396,70,21,49,0.8571428571428571,0.77551020408163263,0.92307692307692313,0.5714285714285714,0.70588235294117652,0.6493311948292404,48,1,9,12,0.89990281827016516,0.85369723480898019,0.85092891132674975
random_forest_balanced_ratio_preserved_noise_mcc_selected_true_pr_auc_v1,random_forest_class_weight_balanced,random_forest,min_samples_leaf,80/20,3,random_fp_10,test,75/25,test,5,True,5095,95,9.9166292170120869,84,21,63,0.83333333333333337,0.74603174603174605,0.70588235294117652,0.5714285714285714,0.63157894736842102,0.53032146340759734,58,5,9,12,0.89191232048374902,0.77237296918683285,0.76669461068860079
random_forest_balanced_ratio_preserved_noise_mcc_selected_true_pr_auc_v1,random_forest_class_weight_balanced,random_forest,min_samples_leaf,80/20,3,random_fp_10,test,80/20,test,5,True,5095,95,10.056852445006371,105,21,84,0.88571428571428568,0.76785714285714279,0.80000000000000004,0.5714285714285714,0.66666666666666663,0.61237243569579458,81,3,9,12,0.90192743764172334,0.80752179631804455,0.80463369250008143
random_forest_balanced_ratio_preserved_noise_mcc_selected_true_pr_auc_v1,random_forest_class_weight_balanced,random_forest,min_samples_leaf,80/20,3,random_fp_10,test,90/10,test,5,True,5095,95,10.278983644995606,210,21,189,0.9285714285714286,0.76984126984126977,0.66666666666666663,0.5714285714285714,0.61538461538461542,0.57835174482380591,183,6,9,12,0.91282438901486518,0.71603145300355708,0.71129913957760404
random_forest_balanced_ratio_preserved_noise_mcc_selected_true_pr_auc_v1,random_forest_class_weight_balanced,random_forest,min_samples_leaf,80/20,3,random_fp_20,validation_selected_reproduction,80/20,valid,5,True,6790,95,11.766953760990873,95,19,76,0.86315789473684212,0.69736842105263164,0.80000000000000004,0.42105263157894735,0.55172413793103448,0.51449575542752646,74,2,11,8,0.87742382271468145,0.73065531994035182,0.72444151663793388
random_forest_balanced_ratio_preserved_noise_mcc_selected_true_pr_auc_v1,random_forest_class_weight_balanced,random_forest,min_samples_leaf,80/20,3,random_fp_20,test,50/50,test,5,True,6790,95,11.854630963993259,42,21,21,0.76190476190476186,0.76190476190476186,1,0.52380952380952384,0.6875,0.5956833971812705,21,0,10,11,0.90929705215419487,0.93939792224950036,0.93832270301916876
random_forest_balanced_ratio_preserved_noise_mcc_selected_true_pr_auc_v1,random_forest_class_weight_balanced,random_forest,min_samples_leaf,80/20,3,random_fp_20,test,60/40,test,5,True,6790,95,11.955568158009555,53,21,32,0.77358490566037741,0.73065476190476186,0.84615384615384615,0.52380952380952384,0.6470588235294118,0.52441533814949282,30,2,10,11,0.87648809523809512,0.82865190222436613,0.82253215199945529
random_forest_balanced_ratio_preserved_noise_mcc_selected_true_pr_auc_v1,random_forest_class_weight_balanced,random_forest,min_samples_leaf,80/20,3,random_fp_20,test,70/30,test,5,True,6790,95,12.086660939006833,70,21,49,0.8571428571428571,0.76190476190476186,1,0.52380952380952384,0.6875,0.65956671276495649,49,0,10,11,0.91059280855199209,0.90518349506681894,0.90399531684315737
random_forest_balanced_ratio_preserved_noise_mcc_selected_true_pr_auc_v1,random_forest_class_weight_balanced,random_forest,min_samples_leaf,80/20,3,random_fp_20,test,75/25,test,5,True,6790,95,12.22946038498776,84,21,63,0.84523809523809523,0.73809523809523814,0.7857142857142857,0.52380952380952384,0.62857142857142856,0.55328333517248818,60,3,10,11,0.88057445200302342,0.78679324142550433,0.78158213665709897
random_forest_balanced_ratio_preserved_noise_mcc_selected_true_pr_auc_v1,random_forest_class_weight_balanced,random_forest,min_samples_leaf,80/20,3,random_fp_20,test,80/20,test,5,True,6790,95,12.360296408995055,105,21,84,0.90476190476190477,0.76190476190476186,1,0.52380952380952384,0.6875,0.68416745492823516,84,0,10,11,0.90136054421768708,0.86281697081683451,0.86135953358863215
random_forest_balanced_ratio_preserved_noise_mcc_selected_true_pr_auc_v1,random_forest_class_weight_balanced,random_forest,min_samples_leaf,80/20,3,random_fp_20,test,90/10,test,5,True,6790,95,12.570588759990642,210,21,189,0.93333333333333335,0.75132275132275139,0.73333333333333328,0.52380952380952384,0.61111111111111116,0.58551687379329742,185,4,10,11,0.90173847316704459,0.73312664937090111,0.72742046604859012
random_forest_balanced_ratio_preserved_noise_mcc_selected_true_pr_auc_v1,random_forest_class_weight_balanced,random_forest,min_samples_leaf,80/20,3,heuristic_fp_10,validation_selected_reproduction,80/20,valid,5,True,5095,95,8.9888106650032569,95,19,76,0.83157894736842108,0.81578947368421051,0.55555555555555558,0.78947368421052633,0.65217391304347827,0.56011203361120387,64,12,4,15,0.89958448753462605,0.66901406917090456,0.65768672622423896
random_forest_balanced_ratio_preserved_noise_mcc_selected_true_pr_auc_v1,random_forest_class_weight_balanced,random_forest,min_samples_leaf,80/20,3,heuristic_fp_10,test,50/50,test,5,True,5095,95,9.085405501013156,42,21,21,0.80952380952380953,0.80952380952380953,0.88235294117647056,0.7142857142857143,0.78947368421052633,0.63059262509446579,19,2,6,15,0.94331065759637189,0.92551514915368926,0.92280560024848812
random_forest_balanced_ratio_preserved_noise_mcc_selected_true_pr_auc_v1,random_forest_class_weight_balanced,random_forest,min_samples_leaf,80/20,3,heuristic_fp_10,test,60/40,test,5,True,5095,95,9.2029468230030034,53,21,32,0.79245283018867929,0.77901785714285721,0.75,0.7142857142857143,0.73170731707317072,0.56308591418472442,27,5,6,15,0.88839285714285721,0.7632214609941137,0.74848614698632998
random_forest_balanced_ratio_preserved_noise_mcc_selected_true_pr_auc_v1,random_forest_class_weight_balanced,random_forest,min_samples_leaf,80/20,3,heuristic_fp_10,test,70/30,test,5,True,5095,95,9.3195679140044376,70,21,49,0.7857142857142857,0.76530612244897966,0.625,0.7142857142857143,0.66666666666666663,0.51227176405541541,40,9,6,15,0.90767735665694849,0.81592141248222405,0.8116464614937442
random_forest_balanced_ratio_preserved_noise_mcc_selected_true_pr_auc_v1,random_forest_class_weight_balanced,random_forest,min_samples_leaf,80/20,3,heuristic_fp_10,test,75/25,test,5,True,5095,95,9.4483828920056112,84,21,63,0.83333333333333337,0.79365079365079372,0.65217391304347827,0.7142857142857143,0.68181818181818177,0.5703116736349898,55,8,6,15,0.91534391534391535,0.73667667497260614,0.72272407446826814
random_forest_balanced_ratio_preserved_noise_mcc_selected_true_pr_auc_v1,random_forest_class_weight_balanced,random_forest,min_samples_leaf,80/20,3,heuristic_fp_10,test,80/20,test,5,True,5095,95,9.5850525989953894,105,21,84,0.83809523809523812,0.79166666666666674,0.57692307692307687,0.7142857142857143,0.63829787234042556,0.54058733250984259,73,11,6,15,0.91836734693877542,0.74886962836777027,0.74287584556719866
random_forest_balanced_ratio_preserved_noise_mcc_selected_true_pr_auc_v1,random_forest_class_weight_balanced,random_forest,min_samples_leaf,80/20,3,heuristic_fp_10,test,90/10,test,5,True,5095,95,9.7948322780139279,210,21,189,0.88571428571428568,0.80952380952380953,0.45454545454545453,0.7142857142857143,0.55555555555555558,0.51029463678625875,171,18,6,15,0.94003527336860671,0.71980153116015155,0.71388824196866385
random_forest_balanced_ratio_preserved_noise_mcc_selected_true_pr_auc_v1,random_forest_class_weight_balanced,random_forest,min_samples_leaf,80/20,3,heuristic_fp_20,validation_selected_reproduction,80/20,valid,5,True,6790,95,11.092237532982836,95,19,76,0.81052631578947365,0.80263157894736836,0.51724137931034486,0.78947368421052633,0.625,0.52572286901486864,62,14,4,15,0.87603878116343492,0.61250885003127453,0.60056217219119645
random_forest_balanced_ratio_preserved_noise_mcc_selected_true_pr_auc_v1,random_forest_class_weight_balanced,random_forest,min_samples_leaf,80/20,3,heuristic_fp_20,test,50/50,test,5,True,6790,95,11.180048768990673,42,21,21,0.83333333333333337,0.83333333333333326,0.88888888888888884,0.76190476190476186,0.82051282051282048,0.67357531405456339,19,2,5,16,0.97505668934240364,0.97441950499081842,0.97375686070605116
random_forest_balanced_ratio_preserved_noise_mcc_selected_true_pr_auc_v1,random_forest_class_weight_balanced,random_forest,min_samples_leaf,80/20,3,heuristic_fp_20,test,60/40,test,5,True,6790,95,11.285934346000431,53,21,32,0.79245283018867929,0.78720238095238093,0.72727272727272729,0.76190476190476186,0.7441860465116279,0.57017803220524033,26,6,5,16,0.90922619047619047,0.8449645650399058,0.83946102211400264
random_forest_balanced_ratio_preserved_noise_mcc_selected_true_pr_auc_v1,random_forest_class_weight_balanced,random_forest,min_samples_leaf,80/20,3,heuristic_fp_20,test,70/30,test,5,True,6790,95,11.40047826000955,70,21,49,0.7857142857142857,0.77891156462585032,0.61538461538461542,0.76190476190476186,0.68085106382978722,0.52904326844482197,39,10,5,16,0.92614188532555874,0.8577101888851093,0.85426394744244427
random_forest_balanced_ratio_preserved_noise_mcc_selected_true_pr_auc_v1,random_forest_class_weight_balanced,random_forest,min_samples_leaf,80/20,3,heuristic_fp_20,test,75/25,test,5,True,6790,95,11.521587063005427,84,21,63,0.80952380952380953,0.79365079365079361,0.59259259259259256,0.76190476190476186,0.66666666666666663,0.54452996901562911,52,11,5,16,0.92441421012849589,0.73764241531905883,0.72263828244208717
random_forest_balanced_ratio_preserved_noise_mcc_selected_true_pr_auc_v1,random_forest_class_weight_balanced,random_forest,min_samples_leaf,80/20,3,heuristic_fp_20,test,80/20,test,5,True,6790,95,11.657774008985143,105,21,84,0.83809523809523812,0.80952380952380953,0.5714285714285714,0.76190476190476186,0.65306122448979587,0.55994963993013247,72,12,5,16,0.94671201814058958,0.83487956996244428,0.83133380251619626
random_forest_balanced_ratio_preserved_noise_mcc_selected_true_pr_auc_v1,random_forest_class_weight_balanced,random_forest,min_samples_leaf,80/20,3,heuristic_fp_20,test,90/10,test,5,True,6790,95,11.872383918002015,210,21,189,0.83809523809523812,0.80423280423280419,0.35555555555555557,0.76190476190476186,0.48484848484848486,0.4448651207756722,160,29,5,16,0.94784580498866211,0.7355505677742995,0.72903373704020114
random_forest_balanced_ratio_preserved_noise_mcc_selected_true_pr_auc_v1,random_forest_class_weight_balanced,random_forest,min_samples_leaf,80/20,4,clean,validation_selected_reproduction,80/20,valid,1,True,3395,95,7.4280031330126803,95,19,76,0.85263157894736841,0.67105263157894735,0.77777777777777779,0.36842105263157893,0.5,0.46727535054823316,74,2,12,7,0.88400277008310246,0.6660549273584957,0.65544014255240968
random_forest_balanced_ratio_preserved_noise_mcc_selected_true_pr_auc_v1,random_forest_class_weight_balanced,random_forest,min_samples_leaf,80/20,4,clean,test,50/50,test,1,True,3395,95,7.5228117679944262,42,21,21,0.73809523809523814,0.73809523809523814,1,0.47619047619047616,0.64516129032258063,0.55901699437494745,21,0,11,10,0.93310657596371882,0.94729800220483462,0.94793860039201661
random_forest_balanced_ratio_preserved_noise_mcc_selected_true_pr_auc_v1,random_forest_class_weight_balanced,random_forest,min_samples_leaf,80/20,4,clean,test,60/40,test,1,True,3395,95,7.6925514670147095,53,21,32,0.79245283018867929,0.73809523809523814,1,0.47619047619047616,0.64516129032258063,0.59529346364854363,32,0,11,10,0.9196428571428571,0.91426626318543625,0.91697322802555659
random_forest_balanced_ratio_preserved_noise_mcc_selected_true_pr_auc_v1,random_forest_class_weight_balanced,random_forest,min_samples_leaf,80/20,4,clean,test,70/30,test,1,True,3395,95,7.819121434004046,70,21,49,0.80000000000000004,0.70748299319727892,0.76923076923076927,0.47619047619047616,0.58823529411764708,0.48900250474794649,46,3,11,10,0.86880466472303208,0.76616897742616452,0.76079412392745283
random_forest_balanced_ratio_preserved_noise_mcc_selected_true_pr_auc_v1,random_forest_class_weight_balanced,random_forest,min_samples_leaf,80/20,4,clean,test,75/25,test,1,True,3395,95,7.9564250250114128,84,21,63,0.86904761904761907,0.73809523809523814,1,0.47619047619047616,0.64516129032258063,0.63671453996701333,63,0,11,10,0.9134542705971278,0.81708274634874678,0.82201445922810457
random_forest_balanced_ratio_preserved_noise_mcc_selected_true_pr_auc_v1,random_forest_class_weight_balanced,random_forest,min_samples_leaf,80/20,4,clean,test,80/20,test,1,True,3395,95,8.0825006120139733,105,21,84,0.88571428571428568,0.73214285714285721,0.90909090909090906,0.47619047619047616,0.625,0.60642115323184487,83,1,11,10,0.92715419501133789,0.83787998281503107,0.8389628477190002
random_forest_balanced_ratio_preserved_noise_mcc_selected_true_pr_auc_v1,random_forest_class_weight_balanced,random_forest,min_samples_leaf,80/20,4,clean,test,90/10,test,1,True,3395,95,8.3272873859968968,210,21,189,0.92380952380952386,0.72486772486772488,0.66666666666666663,0.47619047619047616,0.55555555555555558,0.52388351865716087,184,5,11,10,0.90564373897707229,0.62982461146744828,0.62343001740188353
random_forest_balanced_ratio_preserved_noise_mcc_selected_true_pr_auc_v1,random_forest_class_weight_balanced,random_forest,min_samples_leaf,80/20,4,random_flip_10,validation_selected_reproduction,80/20,valid,5,True,3395,95,7.8020290359854698,95,19,76,0.88421052631578945,0.76973684210526316,0.7857142857142857,0.57894736842105265,0.66666666666666663,0.60876171768941112,73,3,8,11,0.87396121883656519,0.69365491179482675,0.68477705011673695
random_forest_balanced_ratio_preserved_noise_mcc_selected_true_pr_auc_v1,random_forest_class_weight_balanced,random_forest,min_samples_leaf,80/20,4,random_flip_10,test,50/50,test,5,True,3395,95,7.9046737889875658,42,21,21,0.69047619047619047,0.69047619047619047,0.90000000000000002,0.42857142857142855,0.58064516129032262,0.44721359549995793,20,1,12,9,0.86848072562358269,0.87885575935081128,0.87569687643567451
random_forest_balanced_ratio_preserved_noise_mcc_selected_true_pr_auc_v1,random_forest_class_weight_balanced,random_forest,min_samples_leaf,80/20,4,random_flip_10,test,60/40,test,5,True,3395,95,8.0747911869839299,53,21,32,0.75471698113207553,0.6986607142857143,0.90000000000000002,0.42857142857142855,0.58064516129032262,0.49669798373175356,31,1,12,9,0.90327380952380953,0.88405009708628812,0.88141407043990605
random_forest_balanced_ratio_preserved_noise_mcc_selected_true_pr_auc_v1,random_forest_class_weight_balanced,random_forest,min_samples_leaf,80/20,4,random_flip_10,test,70/30,test,5,True,3395,95,8.1900794679822866,70,21,49,0.81428571428571428,0.70408163265306123,0.90000000000000002,0.42857142857142855,0.58064516129032262,0.53452248382484879,48,1,12,9,0.8231292517006803,0.73795687571418767,0.73234652374170861
random_forest_balanced_ratio_preserved_noise_mcc_selected_true_pr_auc_v1,random_forest_class_weight_balanced,random_forest,min_samples_leaf,80/20,4,random_flip_10,test,75/25,test,5,True,3395,95,8.3242329369822983,84,21,63,0.80952380952380953,0.68253968253968256,0.69230769230769229,0.42857142857142855,0.52941176470588236,0.43708545856153985,59,4,12,9,0.86167800453514742,0.70337405451974377,0.69463131577256521
random_forest_balanced_ratio_preserved_noise_mcc_selected_true_pr_auc_v1,random_forest_class_weight_balanced,random_forest,min_samples_leaf,80/20,4,random_flip_10,test,80/20,test,5,True,3395,95,8.4724726769782137,105,21,84,0.88571428571428568,0.7142857142857143,1,0.42857142857142855,0.59999999999999998,0.61237243569579447,84,0,12,9,0.90532879818594103,0.7916876300584843,0.78808212388594878
random_forest_balanced_ratio_preserved_noise_mcc_selected_true_pr_auc_v1,random_forest_class_weight_balanced,random_forest,min_samples_leaf,80/20,4,random_flip_10,test,90/10,test,5,True,3395,95,8.7195406839891803,210,21,189,0.919047619047619,0.70105820105820105,0.6428571428571429,0.42857142857142855,0.51428571428571423,0.48361558060343462,184,5,12,9,0.88586545729402877,0.63024734432446849,0.62462492728506569
random_forest_balanced_ratio_preserved_noise_mcc_selected_true_pr_auc_v1,random_forest_class_weight_balanced,random_forest,min_samples_leaf,80/20,4,random_flip_20,validation_selected_reproduction,80/20,valid,1,True,3395,95,7.9680309500254225,95,19,76,0.81052631578947365,0.54605263157894735,0.66666666666666663,0.10526315789473684,0.18181818181818182,0.21067524290009609,75,1,17,2,0.70117728531855961,0.40403238148377318,0.37885415586360699
random_forest_balanced_ratio_preserved_noise_mcc_selected_true_pr_auc_v1,random_forest_class_weight_balanced,random_forest,min_samples_leaf,80/20,4,random_flip_20,test,50/50,test,1,True,3395,95,8.0661401400284376,42,21,21,0.52380952380952384,0.52380952380952384,1,0.047619047619047616,0.090909090909090912,0.15617376188860607,21,0,20,1,0.80612244897959173,0.84801758015460393,0.85451313720064226
random_forest_balanced_ratio_preserved_noise_mcc_selected_true_pr_auc_v1,random_forest_class_weight_balanced,random_forest,min_samples_leaf,80/20,4,random_flip_20,test,60/40,test,1,True,3395,95,8.2529301860195119,53,21,32,0.62264150943396224,0.52380952380952384,1,0.047619047619047616,0.090909090909090912,0.17118419700436516,32,0,20,1,0.78497023809523803,0.73830577716350643,0.7452840830953007
random_forest_balanced_ratio_preserved_noise_mcc_selected_true_pr_auc_v1,random_forest_class_weight_balanced,random_forest,min_samples_leaf,80/20,4,random_flip_20,test,70/30,test,1,True,3395,95,8.3806539100187365,70,21,49,0.7142857142857143,0.52380952380952384,1,0.047619047619047616,0.090909090909090912,0.18389242812245682,49,0,20,1,0.75947521865889212,0.66401878142766813,0.66741422269805062
random_forest_balanced_ratio_preserved_noise_mcc_selected_true_pr_auc_v1,random_forest_class_weight_balanced,random_forest,min_samples_leaf,80/20,4,random_flip_20,test,75/25,test,1,True,3395,95,8.5232943230075762,84,21,63,0.76190476190476186,0.52380952380952384,1,0.047619047619047616,0.090909090909090912,0.19011727515734336,63,0,20,1,0.75623582766439901,0.62206290976596734,0.62612140111936276
random_forest_balanced_ratio_preserved_noise_mcc_selected_true_pr_auc_v1,random_forest_class_weight_balanced,random_forest,min_samples_leaf,80/20,4,random_flip_20,test,80/20,test,1,True,3395,95,8.661263879010221,105,21,84,0.80952380952380953,0.52380952380952384,1,0.047619047619047616,0.090909090909090912,0.19611613513818404,84,0,20,1,0.76643990929705219,0.52175150197687548,0.51734288107793569
random_forest_balanced_ratio_preserved_noise_mcc_selected_true_pr_auc_v1,random_forest_class_weight_balanced,random_forest,min_samples_leaf,80/20,4,random_flip_20,test,90/10,test,1,True,3395,95,8.9271629140130244,210,21,189,0.90000000000000002,0.52116402116402116,0.5,0.047619047619047616,0.086956521739130432,0.13074409009212268,188,1,20,1,0.74792139077853359,0.29720350917014093,0.29724701907975293
random_forest_balanced_ratio_preserved_noise_mcc_selected_true_pr_auc_v1,random_forest_class_weight_balanced,random_forest,min_samples_leaf,80/20,4,random_fp_10,validation_selected_reproduction,80/20,valid,5,True,5095,95,9.7598992339917459,95,19,76,0.87368421052631584,0.76315789473684204,0.73333333333333328,0.57894736842105265,0.6470588235294118,0.57735026918962573,72,4,8,11,0.86842105263157887,0.66883808077501916,0.65752048672811991
random_forest_balanced_ratio_preserved_noise_mcc_selected_true_pr_auc_v1,random_forest_class_weight_balanced,random_forest,min_samples_leaf,80/20,4,random_fp_10,test,50/50,test,5,True,5095,95,9.8521166009886656,42,21,21,0.76190476190476186,0.76190476190476186,1,0.52380952380952384,0.6875,0.5956833971812705,21,0,10,11,0.90929705215419498,0.92898658862944594,0.92748429968373203
random_forest_balanced_ratio_preserved_noise_mcc_selected_true_pr_auc_v1,random_forest_class_weight_balanced,random_forest,min_samples_leaf,80/20,4,random_fp_10,test,60/40,test,5,True,5095,95,10.002101469988702,53,21,32,0.79245283018867929,0.74627976190476186,0.91666666666666663,0.52380952380952384,0.66666666666666663,0.57565304446651,31,1,10,11,0.8526785714285714,0.810395740675244,0.80469601831926929
random_forest_balanced_ratio_preserved_noise_mcc_selected_true_pr_auc_v1,random_forest_class_weight_balanced,random_forest,min_samples_leaf,80/20,4,random_fp_10,test,70/30,test,5,True,5095,95,10.11647427000571,70,21,49,0.82857142857142863,0.74149659863945572,0.84615384615384615,0.52380952380952384,0.6470588235294118,0.56916684978859344,47,2,10,11,0.86005830903790081,0.80436536235636025,0.80065171788486311
random_forest_balanced_ratio_preserved_noise_mcc_selected_true_pr_auc_v1,random_forest_class_weight_balanced,random_forest,min_samples_leaf,80/20,4,random_fp_10,test,75/25,test,5,True,5095,95,10.245419432001654,84,21,63,0.8214285714285714,0.72222222222222221,0.6875,0.52380952380952384,0.59459459459459463,0.4900980294098034,58,5,10,11,0.87150415721844299,0.74198873471953686,0.73581779299882744
random_forest_balanced_ratio_preserved_noise_mcc_selected_true_pr_auc_v1,random_forest_class_weight_balanced,random_forest,min_samples_leaf,80/20,4,random_fp_10,test,80/20,test,5,True,5095,95,10.371258772996953,105,21,84,0.89523809523809528,0.75595238095238093,0.91666666666666663,0.52380952380952384,0.66666666666666663,0.64358566559594343,83,1,10,11,0.90306122448979587,0.81196562501734304,0.80878900926414365
random_forest_balanced_ratio_preserved_noise_mcc_selected_true_pr_auc_v1,random_forest_class_weight_balanced,random_forest,min_samples_leaf,80/20,4,random_fp_10,test,90/10,test,5,True,5095,95,10.597164097998757,210,21,189,0.91428571428571426,0.7407407407407407,0.57894736842105265,0.52380952380952384,0.55000000000000004,0.5035315105525644,181,8,10,11,0.89342403628117917,0.63592264013861799,0.62857088949903406
random_forest_balanced_ratio_preserved_noise_mcc_selected_true_pr_auc_v1,random_forest_class_weight_balanced,random_forest,min_samples_leaf,80/20,4,random_fp_20,validation_selected_reproduction,80/20,valid,2,True,6790,95,12.131260652997298,95,19,76,0.84210526315789469,0.625,0.83333333333333337,0.26315789473684209,0.40000000000000002,0.41110520628751968,75,1,14,5,0.85941828254847641,0.63861791257431677,0.6260472036827891
random_forest_balanced_ratio_preserved_noise_mcc_selected_true_pr_auc_v1,random_forest_class_weight_balanced,random_forest,min_samples_leaf,80/20,4,random_fp_20,test,50/50,test,2,True,6790,95,12.22909572700155,42,21,21,0.69047619047619047,0.69047619047619047,1,0.38095238095238093,0.55172413793103448,0.48507125007266594,21,0,13,8,0.87755102040816324,0.90629232017718464,0.90437952998410664
random_forest_balanced_ratio_preserved_noise_mcc_selected_true_pr_auc_v1,random_forest_class_weight_balanced,random_forest,min_samples_leaf,80/20,4,random_fp_20,test,60/40,test,2,True,6790,95,12.396327188995201,53,21,32,0.73584905660377353,0.67485119047619047,0.88888888888888884,0.38095238095238093,0.53333333333333333,0.45554956134091801,31,1,13,8,0.86904761904761907,0.82680177629363283,0.82184139778060206
random_forest_balanced_ratio_preserved_noise_mcc_selected_true_pr_auc_v1,random_forest_class_weight_balanced,random_forest,min_samples_leaf,80/20,4,random_fp_20,test,70/30,test,2,True,6790,95,12.514826163009275,70,21,49,0.80000000000000004,0.68027210884353739,0.88888888888888884,0.38095238095238093,0.53333333333333333,0.49360556800061617,48,1,13,8,0.86977648202137992,0.80413820578639461,0.79982377048139197
random_forest_balanced_ratio_preserved_noise_mcc_selected_true_pr_auc_v1,random_forest_class_weight_balanced,random_forest,min_samples_leaf,80/20,4,random_fp_20,test,75/25,test,2,True,6790,95,12.653979566006456,84,21,63,0.84523809523809523,0.69047619047619047,1,0.38095238095238093,0.55172413793103448,0.56195148694901642,63,0,13,8,0.87679516250944822,0.78686841438567345,0.78314497061408028
random_forest_balanced_ratio_preserved_noise_mcc_selected_true_pr_auc_v1,random_forest_class_weight_balanced,random_forest,min_samples_leaf,80/20,4,random_fp_20,test,80/20,test,2,True,6790,95,12.783441059000324,105,21,84,0.87619047619047619,0.69047619047619047,1,0.38095238095238093,0.55172413793103448,0.57436652689419054,84,0,13,8,0.91156462585034015,0.82074027279909645,0.81786799601162619
random_forest_balanced_ratio_preserved_noise_mcc_selected_true_pr_auc_v1,random_forest_class_weight_balanced,random_forest,min_samples_leaf,80/20,4,random_fp_20,test,90/10,test,2,True,6790,95,13.02376482199179,210,21,189,0.9285714285714286,0.68518518518518512,0.80000000000000004,0.38095238095238093,0.5161290322580645,0.52174919474995096,187,2,13,8,0.90173847316704459,0.67542595835201469,0.67011887764377154
random_forest_balanced_ratio_preserved_noise_mcc_selected_true_pr_auc_v1,random_forest_class_weight_balanced,random_forest,min_samples_leaf,80/20,4,heuristic_fp_10,validation_selected_reproduction,80/20,valid,2,True,5095,95,9.9114655799930915,95,19,76,0.85263157894736841,0.78947368421052633,0.61904761904761907,0.68421052631578949,0.65000000000000002,0.55808091837502516,68,8,6,13,0.89335180055401664,0.6816638055758597,0.66988561814556435
random_forest_balanced_ratio_preserved_noise_mcc_selected_true_pr_auc_v1,random_forest_class_weight_balanced,random_forest,min_samples_leaf,80/20,4,heuristic_fp_10,test,50/50,test,2,True,5095,95,10.016340834001312,42,21,21,0.83333333333333337,0.83333333333333326,0.9375,0.7142857142857143,0.81081081081081086,0.6864064729836441,20,1,6,15,0.94784580498866211,0.94518007767277035,0.94327970291525287
random_forest_balanced_ratio_preserved_noise_mcc_selected_true_pr_auc_v1,random_forest_class_weight_balanced,random_forest,min_samples_leaf,80/20,4,heuristic_fp_10,test,60/40,test,2,True,5095,95,10.179379790002713,53,21,32,0.84905660377358494,0.82589285714285721,0.88235294117647056,0.7142857142857143,0.78947368421052633,0.68298908456567176,30,2,6,15,0.93898809523809523,0.92557909848599818,0.924009650077946
random_forest_balanced_ratio_preserved_noise_mcc_selected_true_pr_auc_v1,random_forest_class_weight_balanced,random_forest,min_samples_leaf,80/20,4,heuristic_fp_10,test,70/30,test,2,True,5095,95,10.297995497006923,70,21,49,0.82857142857142863,0.79591836734693877,0.7142857142857143,0.7142857142857143,0.7142857142857143,0.59183673469387754,43,6,6,15,0.87463556851311952,0.6929829616804406,0.66533154874243194
random_forest_balanced_ratio_preserved_noise_mcc_selected_true_pr_auc_v1,random_forest_class_weight_balanced,random_forest,min_samples_leaf,80/20,4,heuristic_fp_10,test,75/25,test,2,True,5095,95,10.433386785007315,84,21,63,0.90476190476190477,0.84126984126984128,0.88235294117647056,0.7142857142857143,0.78947368421052633,0.73560719117828011,61,2,6,15,0.94255479969765688,0.8623112749676789,0.85832182101612209
random_forest_balanced_ratio_preserved_noise_mcc_selected_true_pr_auc_v1,random_forest_class_weight_balanced,random_forest,min_samples_leaf,80/20,4,heuristic_fp_10,test,80/20,test,2,True,5095,95,10.561090958013665,105,21,84,0.91428571428571426,0.8392857142857143,0.83333333333333337,0.7142857142857143,0.76923076923076927,0.72019314139995827,81,3,6,15,0.95351473922902497,0.87529416281627714,0.87252563384241943
random_forest_balanced_ratio_preserved_noise_mcc_selected_true_pr_auc_v1,random_forest_class_weight_balanced,random_forest,min_samples_leaf,80/20,4,heuristic_fp_10,test,90/10,test,2,True,5095,95,10.825749205017928,210,21,189,0.89523809523809528,0.81481481481481488,0.4838709677419355,0.7142857142857143,0.57692307692307687,0.5324984454638505,173,16,6,15,0.92642983119173594,0.67207678919257208,0.66423098805334413
random_forest_balanced_ratio_preserved_noise_mcc_selected_true_pr_auc_v1,random_forest_class_weight_balanced,random_forest,min_samples_leaf,80/20,4,heuristic_fp_20,validation_selected_reproduction,80/20,valid,2,True,6790,95,12.171592769998824,95,19,76,0.84210526315789469,0.76315789473684204,0.59999999999999998,0.63157894736842102,0.61538461538461542,0.5163977794943222,68,8,7,12,0.85457063711911352,0.57307429161688095,0.55524983174873044
random_forest_balanced_ratio_preserved_noise_mcc_selected_true_pr_auc_v1,random_forest_class_weight_balanced,random_forest,min_samples_leaf,80/20,4,heuristic_fp_20,test,50/50,test,2,True,6790,95,12.28357129500364,42,21,21,0.7857142857142857,0.7857142857142857,0.875,0.66666666666666663,0.7567567567567568,0.58834840541455213,19,2,7,14,0.95691609977324266,0.95349537688546993,0.95219572415724563
random_forest_balanced_ratio_preserved_noise_mcc_selected_true_pr_auc_v1,random_forest_class_weight_balanced,random_forest,min_samples_leaf,80/20,4,heuristic_fp_20,test,60/40,test,2,True,6790,95,12.461369877011748,53,21,32,0.81132075471698117,0.78645833333333326,0.82352941176470584,0.66666666666666663,0.73684210526315785,0.60034428666160644,29,3,7,14,0.9285714285714286,0.88094572099299073,0.87681609786914461
random_forest_balanced_ratio_preserved_noise_mcc_selected_true_pr_auc_v1,random_forest_class_weight_balanced,random_forest,min_samples_leaf,80/20,4,heuristic_fp_20,test,70/30,test,2,True,6790,95,12.591005183989182,70,21,49,0.80000000000000004,0.76190476190476186,0.66666666666666663,0.66666666666666663,0.66666666666666663,0.52380952380952384,42,7,7,14,0.90670553935860054,0.79119731137245042,0.78482645932717943
random_forest_balanced_ratio_preserved_noise_mcc_selected_true_pr_auc_v1,random_forest_class_weight_balanced,random_forest,min_samples_leaf,80/20,4,heuristic_fp_20,test,75/25,test,2,True,6790,95,12.729104673984693,84,21,63,0.90476190476190477,0.82539682539682535,0.93333333333333335,0.66666666666666663,0.77777777777777779,0.73578859947949282,62,1,7,14,0.96296296296296302,0.90883177767949674,0.90684571673950121
random_forest_balanced_ratio_preserved_noise_mcc_selected_true_pr_auc_v1,random_forest_class_weight_balanced,random_forest,min_samples_leaf,80/20,4,heuristic_fp_20,test,80/20,test,2,True,6790,95,12.857315247994848,105,21,84,0.92380952380952386,0.82738095238095233,0.93333333333333335,0.66666666666666663,0.77777777777777779,0.74845519918374892,83,1,7,14,0.97278911564625847,0.91165108722149535,0.90976841262438191
random_forest_balanced_ratio_preserved_noise_mcc_selected_true_pr_auc_v1,random_forest_class_weight_balanced,random_forest,min_samples_leaf,80/20,4,heuristic_fp_20,test,90/10,test,2,True,6790,95,13.120082542009186,210,21,189,0.89523809523809528,0.79365079365079361,0.48275862068965519,0.66666666666666663,0.56000000000000005,0.51069715405384519,174,15,7,14,0.92920131015369101,0.5534986271079263,0.53610127673373187
random_forest_balanced_ratio_preserved_noise_mcc_selected_true_pr_auc_v1,random_forest_class_weight_balanced,random_forest,min_samples_leaf,80/20,5,clean,validation_selected_reproduction,80/20,valid,5,True,3395,95,7.1028120800037868,95,19,76,0.81052631578947365,0.72368421052631582,0.52380952380952384,0.57894736842105265,0.55000000000000004,0.43124434601706491,66,10,8,11,0.89750692520775621,0.63118131196019789,0.6171485798795191
random_forest_balanced_ratio_preserved_noise_mcc_selected_true_pr_auc_v1,random_forest_class_weight_balanced,random_forest,min_samples_leaf,80/20,5,clean,test,50/50,test,5,True,3395,95,7.2078779080184177,42,21,21,0.7857142857142857,0.7857142857142857,0.875,0.66666666666666663,0.7567567567567568,0.58834840541455213,19,2,7,14,0.92290249433106575,0.92440527979044673,0.92239695453875248
random_forest_balanced_ratio_preserved_noise_mcc_selected_true_pr_auc_v1,random_forest_class_weight_balanced,random_forest,min_samples_leaf,80/20,5,clean,test,60/40,test,5,True,3395,95,7.3159958760079462,53,21,32,0.81132075471698117,0.78645833333333326,0.82352941176470584,0.66666666666666663,0.73684210526315785,0.60034428666160644,29,3,7,14,0.89434523809523814,0.8386571248136927,0.83226510267960774
random_forest_balanced_ratio_preserved_noise_mcc_selected_true_pr_auc_v1,random_forest_class_weight_balanced,random_forest,min_samples_leaf,80/20,5,clean,test,70/30,test,5,True,3395,95,7.422476767009357,70,21,49,0.87142857142857144,0.81292517006802711,0.875,0.66666666666666663,0.7567567567567568,0.68300095155397345,47,2,7,14,0.92419825072886286,0.88334633761815162,0.88125195885779095
random_forest_balanced_ratio_preserved_noise_mcc_selected_true_pr_auc_v1,random_forest_class_weight_balanced,random_forest,min_samples_leaf,80/20,5,clean,test,75/25,test,5,True,3395,95,7.5403172860096674,84,21,63,0.86904761904761907,0.80158730158730163,0.77777777777777779,0.66666666666666663,0.71794871794871795,0.6365239496641677,59,4,7,14,0.93348450491307633,0.86296795363306122,0.86031374423734785
random_forest_balanced_ratio_preserved_noise_mcc_selected_true_pr_auc_v1,random_forest_class_weight_balanced,random_forest,min_samples_leaf,80/20,5,clean,test,80/20,test,5,True,3395,95,7.7123492770188022,105,21,84,0.8571428571428571,0.7857142857142857,0.63636363636363635,0.66666666666666663,0.65116279069767447,0.56164365264109084,76,8,7,14,0.88208616780045346,0.68461553123137509,0.67040215753534449
random_forest_balanced_ratio_preserved_noise_mcc_selected_true_pr_auc_v1,random_forest_class_weight_balanced,random_forest,min_samples_leaf,80/20,5,clean,test,90/10,test,5,True,3395,95,8.00809951001429,210,21,189,0.89047619047619042,0.79100529100529093,0.46666666666666667,0.66666666666666663,0.5490196078431373,0.49897013278916591,173,16,7,14,0.91181657848324515,0.63885323495682478,0.63010855760825391
random_forest_balanced_ratio_preserved_noise_mcc_selected_true_pr_auc_v1,random_forest_class_weight_balanced,random_forest,min_samples_leaf,80/20,5,random_flip_10,validation_selected_reproduction,80/20,valid,5,True,3395,95,7.1242970490129665,95,19,76,0.83157894736842108,0.69736842105263153,0.59999999999999998,0.47368421052631576,0.52941176470588236,0.4330127018922193,70,6,10,9,0.85734072022160657,0.6152312458431437,0.60421762131500589
random_forest_balanced_ratio_preserved_noise_mcc_selected_true_pr_auc_v1,random_forest_class_weight_balanced,random_forest,min_samples_leaf,80/20,5,random_flip_10,test,50/50,test,5,True,3395,95,7.2316678100032732,42,21,21,0.61904761904761907,0.61904761904761907,0.77777777777777779,0.33333333333333331,0.46666666666666667,0.29012942659282975,19,2,14,7,0.8798185941043084,0.85290936060057332,0.84701563925008849
random_forest_balanced_ratio_preserved_noise_mcc_selected_true_pr_auc_v1,random_forest_class_weight_balanced,random_forest,min_samples_leaf,80/20,5,random_flip_10,test,60/40,test,5,True,3395,95,7.3311647610098589,53,21,32,0.71698113207547165,0.65104166666666663,0.875,0.33333333333333331,0.48275862068965519,0.4127244058511505,31,1,14,7,0.84375,0.80115908020976034,0.79608839889816574
random_forest_balanced_ratio_preserved_noise_mcc_selected_true_pr_auc_v1,random_forest_class_weight_balanced,random_forest,min_samples_leaf,80/20,5,random_flip_10,test,70/30,test,5,True,3395,95,7.4470314250211231,70,21,49,0.77142857142857146,0.64625850340136048,0.77777777777777779,0.33333333333333331,0.46666666666666667,0.40047244196276405,47,2,14,7,0.88629737609329451,0.78211276292444709,0.7762626446165084
random_forest_balanced_ratio_preserved_noise_mcc_selected_true_pr_auc_v1,random_forest_class_weight_balanced,random_forest,min_samples_leaf,80/20,5,random_flip_10,test,75/25,test,5,True,3395,95,7.5696691740013193,84,21,63,0.7857142857142857,0.63492063492063489,0.63636363636363635,0.33333333333333331,0.4375,0.34636222542255946,59,4,14,7,0.89569160997732422,0.74984393125269633,0.7433222095686487
random_forest_balanced_ratio_preserved_noise_mcc_selected_true_pr_auc_v1,random_forest_class_weight_balanced,random_forest,min_samples_leaf,80/20,5,random_flip_10,test,80/20,test,5,True,3395,95,7.7355246540100779,105,21,84,0.83809523809523812,0.64880952380952384,0.69999999999999996,0.33333333333333331,0.45161290322580644,0.40555355282690636,81,3,14,7,0.84410430839002271,0.60934758613762807,0.59781608930508967
random_forest_balanced_ratio_preserved_noise_mcc_selected_true_pr_auc_v1,random_forest_class_weight_balanced,random_forest,min_samples_leaf,80/20,5,random_flip_10,test,90/10,test,5,True,3395,95,8.0407845530135091,210,21,189,0.89523809523809528,0.64550264550264547,0.46666666666666667,0.33333333333333331,0.3888888888888889,0.33898345324875112,181,8,14,7,0.88208616780045346,0.53167467504031674,0.52314671818582936
random_forest_balanced_ratio_preserved_noise_mcc_selected_true_pr_auc_v1,random_forest_class_weight_balanced,random_forest,min_samples_leaf,80/20,5,random_flip_20,validation_selected_reproduction,80/20,valid,1,True,3395,95,7.7766891899809707,95,19,76,0.83157894736842108,0.57894736842105265,1,0.15789473684210525,0.27272727272727271,0.36115755925730758,76,0,16,3,0.78774238227146809,0.51727558556725795,0.50667209922082512
random_forest_balanced_ratio_preserved_noise_mcc_selected_true_pr_auc_v1,random_forest_class_weight_balanced,random_forest,min_samples_leaf,80/20,5,random_flip_20,test,50/50,test,1,True,3395,95,7.8704561310005374,42,21,21,0.54761904761904767,0.54761904761904767,1,0.095238095238095233,0.17391304347826086,0.22360679774997896,21,0,19,2,0.78458049886621328,0.78185399831362568,0.78558144028794152
random_forest_balanced_ratio_preserved_noise_mcc_selected_true_pr_auc_v1,random_forest_class_weight_balanced,random_forest,min_samples_leaf,80/20,5,random_flip_20,test,60/40,test,1,True,3395,95,7.9674724969954696,53,21,32,0.64150943396226412,0.54761904761904767,1,0.095238095238095233,0.17391304347826086,0.24445293254085634,32,0,19,2,0.77752976190476186,0.76182368176977344,0.77012467369472359
random_forest_balanced_ratio_preserved_noise_mcc_selected_true_pr_auc_v1,random_forest_class_weight_balanced,random_forest,min_samples_leaf,80/20,5,random_flip_20,test,70/30,test,1,True,3395,95,8.0724062619847246,70,21,49,0.72857142857142854,0.54761904761904767,1,0.095238095238095233,0.17391304347826086,0.26196841599779191,49,0,19,2,0.8294460641399416,0.72094851338228905,0.72233546431322182
random_forest_balanced_ratio_preserved_noise_mcc_selected_true_pr_auc_v1,random_forest_class_weight_balanced,random_forest,min_samples_leaf,80/20,5,random_flip_20,test,75/25,test,1,True,3395,95,8.1846769039984792,84,21,63,0.77380952380952384,0.54761904761904767,1,0.095238095238095233,0.17391304347826086,0.27050089040022968,63,0,19,2,0.79440665154950874,0.60846760648034603,0.62059949720149143
random_forest_balanced_ratio_preserved_noise_mcc_selected_true_pr_auc_v1,random_forest_class_weight_balanced,random_forest,min_samples_leaf,80/20,5,random_flip_20,test,80/20,test,1,True,3395,95,8.3565599619760178,105,21,84,0.81904761904761902,0.54761904761904767,1,0.095238095238095233,0.17391304347826086,0.27869320571664707,84,0,19,2,0.78656462585034015,0.51739509200809508,0.51645455136562102
random_forest_balanced_ratio_preserved_noise_mcc_selected_true_pr_auc_v1,random_forest_class_weight_balanced,random_forest,min_samples_leaf,80/20,5,random_flip_20,test,90/10,test,1,True,3395,95,8.6400140459882095,210,21,189,0.90476190476190477,0.54497354497354489,0.66666666666666663,0.095238095238095233,0.16666666666666666,0.22739550027311961,188,1,19,2,0.80272108843537415,0.38380822850224838,0.37304886672168658
random_forest_balanced_ratio_preserved_noise_mcc_selected_true_pr_auc_v1,random_forest_class_weight_balanced,random_forest,min_samples_leaf,80/20,5,random_fp_10,validation_selected_reproduction,80/20,valid,1,True,5095,95,10.174467898003059,95,19,76,0.84210526315789469,0.64473684210526316,0.75,0.31578947368421051,0.44444444444444442,0.41695392396839687,74,2,13,6,0.88642659279778391,0.62917220317676947,0.62142913686692514
random_forest_balanced_ratio_preserved_noise_mcc_selected_true_pr_auc_v1,random_forest_class_weight_balanced,random_forest,min_samples_leaf,80/20,5,random_fp_10,test,50/50,test,1,True,5095,95,10.26860678801313,42,21,21,0.66666666666666663,0.66666666666666663,1,0.33333333333333331,0.5,0.44721359549995793,21,0,14,7,0.93650793650793651,0.92596722756497241,0.92844507379281849
random_forest_balanced_ratio_preserved_noise_mcc_selected_true_pr_auc_v1,random_forest_class_weight_balanced,random_forest,min_samples_leaf,80/20,5,random_fp_10,test,60/40,test,1,True,5095,95,10.370532775006723,53,21,32,0.73584905660377353,0.66666666666666663,1,0.33333333333333331,0.5,0.48154341234307679,32,0,14,7,0.921875,0.89411012315926508,0.89526122130146235
random_forest_balanced_ratio_preserved_noise_mcc_selected_true_pr_auc_v1,random_forest_class_weight_balanced,random_forest,min_samples_leaf,80/20,5,random_fp_10,test,70/30,test,1,True,5095,95,10.497168494010111,70,21,49,0.80000000000000004,0.66666666666666663,1,0.33333333333333331,0.5,0.50917507721731559,49,0,14,7,0.90816326530612246,0.83237516739488138,0.83475464383902542
random_forest_balanced_ratio_preserved_noise_mcc_selected_true_pr_auc_v1,random_forest_class_weight_balanced,random_forest,min_samples_leaf,80/20,5,random_fp_10,test,75/25,test,1,True,5095,95,10.613919718016405,84,21,63,0.8214285714285714,0.65873015873015872,0.875,0.33333333333333331,0.48275862068965519,0.46829290579084698,62,1,14,7,0.91005291005291,0.77375974173516937,0.77549984318945886
random_forest_balanced_ratio_preserved_noise_mcc_selected_true_pr_auc_v1,random_forest_class_weight_balanced,random_forest,min_samples_leaf,80/20,5,random_fp_10,test,80/20,test,1,True,5095,95,10.792178461008007,105,21,84,0.84761904761904761,0.65476190476190477,0.77777777777777779,0.33333333333333331,0.46666666666666667,0.44226898133585157,82,2,14,7,0.88633786848072571,0.64910396982008234,0.63058599687770567
random_forest_balanced_ratio_preserved_noise_mcc_selected_true_pr_auc_v1,random_forest_class_weight_balanced,random_forest,min_samples_leaf,80/20,5,random_fp_10,test,90/10,test,1,True,5095,95,11.095802433002973,210,21,189,0.92380952380952386,0.66137566137566139,0.77777777777777779,0.33333333333333331,0.46666666666666667,0.47806758408193889,187,2,14,7,0.9132023179642228,0.62163144234755485,0.62947375545924911
random_forest_balanced_ratio_preserved_noise_mcc_selected_true_pr_auc_v1,random_forest_class_weight_balanced,random_forest,min_samples_leaf,80/20,5,random_fp_20,validation_selected_reproduction,80/20,valid,1,True,6790,95,11.978650982986437,95,19,76,0.85263157894736841,0.65131578947368418,0.8571428571428571,0.31578947368421051,0.46153846153846156,0.46334820431459367,75,1,13,6,0.88815789473684204,0.64130323718744919,0.63669003643745903
random_forest_balanced_ratio_preserved_noise_mcc_selected_true_pr_auc_v1,random_forest_class_weight_balanced,random_forest,min_samples_leaf,80/20,5,random_fp_20,test,50/50,test,1,True,6790,95,12.073855826980434,42,21,21,0.66666666666666663,0.66666666666666663,1,0.33333333333333331,0.5,0.44721359549995793,21,0,14,7,0.89795918367346927,0.89177316518950689,0.89410202790736393
random_forest_balanced_ratio_preserved_noise_mcc_selected_true_pr_auc_v1,random_forest_class_weight_balanced,random_forest,min_samples_leaf,80/20,5,random_fp_20,test,60/40,test,1,True,6790,95,12.18342501798179,53,21,32,0.71698113207547165,0.65104166666666663,0.875,0.33333333333333331,0.48275862068965519,0.4127244058511505,31,1,14,7,0.91741071428571419,0.86732166346275164,0.87017999765235521
random_forest_balanced_ratio_preserved_noise_mcc_selected_true_pr_auc_v1,random_forest_class_weight_balanced,random_forest,min_samples_leaf,80/20,5,random_fp_20,test,70/30,test,1,True,6790,95,12.286023720982485,70,21,49,0.80000000000000004,0.66666666666666663,1,0.33333333333333331,0.5,0.50917507721731559,49,0,14,7,0.9382896015549077,0.88061825269919058,0.88403104057857007
random_forest_balanced_ratio_preserved_noise_mcc_selected_true_pr_auc_v1,random_forest_class_weight_balanced,random_forest,min_samples_leaf,80/20,5,random_fp_20,test,75/25,test,1,True,6790,95,12.408814522001194,84,21,63,0.83333333333333337,0.66666666666666663,1,0.33333333333333331,0.5,0.5222329678670935,63,0,14,7,0.94104308390022673,0.85956966461560569,0.86197603754657259
random_forest_balanced_ratio_preserved_noise_mcc_selected_true_pr_auc_v1,random_forest_class_weight_balanced,random_forest,min_samples_leaf,80/20,5,random_fp_20,test,80/20,test,1,True,6790,95,12.567772045993479,105,21,84,0.8571428571428571,0.6607142857142857,0.875,0.33333333333333331,0.48275862068965519,0.48462175706697325,83,1,14,7,0.89030612244897955,0.70930410223795404,0.70704507036303244
random_forest_balanced_ratio_preserved_noise_mcc_selected_true_pr_auc_v1,random_forest_class_weight_balanced,random_forest,min_samples_leaf,80/20,5,random_fp_20,test,90/10,test,1,True,6790,95,12.868489261978539,210,21,189,0.92380952380952386,0.66137566137566139,0.77777777777777779,0.33333333333333331,0.46666666666666667,0.47806758408193889,187,2,14,7,0.9176114890400604,0.63117184776241309,0.62853092924932064
random_forest_balanced_ratio_preserved_noise_mcc_selected_true_pr_auc_v1,random_forest_class_weight_balanced,random_forest,min_samples_leaf,80/20,5,heuristic_fp_10,validation_selected_reproduction,80/20,valid,5,True,5095,95,9.327114764979342,95,19,76,0.80000000000000004,0.77631578947368418,0.5,0.73684210526315785,0.5957446808510638,0.48484495136659062,62,14,5,14,0.86080332409972293,0.54393635373258498,0.52933338021656806
random_forest_balanced_ratio_preserved_noise_mcc_selected_true_pr_auc_v1,random_forest_class_weight_balanced,random_forest,min_samples_leaf,80/20,5,heuristic_fp_10,test,50/50,test,5,True,5095,95,9.4401535149954725,42,21,21,0.83333333333333337,0.83333333333333326,0.88888888888888884,0.76190476190476186,0.82051282051282048,0.67357531405456339,19,2,5,16,0.95464852607709749,0.95054753108048118,0.94915194254203539
random_forest_balanced_ratio_preserved_noise_mcc_selected_true_pr_auc_v1,random_forest_class_weight_balanced,random_forest,min_samples_leaf,80/20,5,heuristic_fp_10,test,60/40,test,5,True,5095,95,9.619358748983359,53,21,32,0.86792452830188682,0.84970238095238093,0.88888888888888884,0.76190476190476186,0.82051282051282048,0.72234213203074837,30,2,5,16,0.93452380952380953,0.88265127901372242,0.87790574629705209
random_forest_balanced_ratio_preserved_noise_mcc_selected_true_pr_auc_v1,random_forest_class_weight_balanced,random_forest,min_samples_leaf,80/20,5,heuristic_fp_10,test,70/30,test,5,True,5095,95,9.7226040059758816,70,21,49,0.84285714285714286,0.8197278911564625,0.72727272727272729,0.76190476190476186,0.7441860465116279,0.63122798848654782,43,6,5,16,0.9271137026239068,0.84528073267803405,0.84058792956744743
random_forest_balanced_ratio_preserved_noise_mcc_selected_true_pr_auc_v1,random_forest_class_weight_balanced,random_forest,min_samples_leaf,80/20,5,heuristic_fp_10,test,75/25,test,5,True,5095,95,9.8298841849900782,84,21,63,0.86904761904761907,0.83333333333333326,0.72727272727272729,0.76190476190476186,0.7441860465116279,0.6565706694547585,57,6,5,16,0.94255479969765688,0.81727898899616958,0.81082295656817394
random_forest_balanced_ratio_preserved_noise_mcc_selected_true_pr_auc_v1,random_forest_class_weight_balanced,random_forest,min_samples_leaf,80/20,5,heuristic_fp_10,test,80/20,test,5,True,5095,95,9.987297152983956,105,21,84,0.80952380952380953,0.79166666666666663,0.5161290322580645,0.76190476190476186,0.61538461538461542,0.51152796052883553,69,15,5,16,0.91269841269841279,0.65888476091995607,0.63161691508443563
random_forest_balanced_ratio_preserved_noise_mcc_selected_true_pr_auc_v1,random_forest_class_weight_balanced,random_forest,min_samples_leaf,80/20,5,heuristic_fp_10,test,90/10,test,5,True,5095,95,10.29591169898049,210,21,189,0.85238095238095235,0.8121693121693121,0.38095238095238093,0.76190476190476186,0.50793650793650791,0.46825396825396826,163,26,5,16,0.92920131015369112,0.62177896341060901,0.61212907344061129
random_forest_balanced_ratio_preserved_noise_mcc_selected_true_pr_auc_v1,random_forest_class_weight_balanced,random_forest,min_samples_leaf,80/20,5,heuristic_fp_20,validation_selected_reproduction,80/20,valid,5,True,6790,95,11.983875142002944,95,19,76,0.82105263157894737,0.80921052631578949,0.5357142857142857,0.78947368421052633,0.63829787234042556,0.54256458843404187,63,13,4,15,0.88434903047091407,0.60647160998579142,0.59202700191976199
random_forest_balanced_ratio_preserved_noise_mcc_selected_true_pr_auc_v1,random_forest_class_weight_balanced,random_forest,min_samples_leaf,80/20,5,heuristic_fp_20,test,50/50,test,5,True,6790,95,12.084652302990435,42,21,21,0.80952380952380953,0.80952380952380953,0.88235294117647056,0.7142857142857143,0.78947368421052633,0.63059262509446579,19,2,6,15,0.95238095238095233,0.94206552998978443,0.94018511227085733
random_forest_balanced_ratio_preserved_noise_mcc_selected_true_pr_auc_v1,random_forest_class_weight_balanced,random_forest,min_samples_leaf,80/20,5,heuristic_fp_20,test,60/40,test,5,True,6790,95,12.198872509994544,53,21,32,0.83018867924528306,0.81026785714285721,0.83333333333333337,0.7142857142857143,0.76923076923076927,0.64088652990813211,29,3,6,15,0.92410714285714279,0.81676259737781831,0.79290804116353852
random_forest_balanced_ratio_preserved_noise_mcc_selected_true_pr_auc_v1,random_forest_class_weight_balanced,random_forest,min_samples_leaf,80/20,5,heuristic_fp_20,test,70/30,test,5,True,6790,95,12.31060408000485,70,21,49,0.82857142857142863,0.79591836734693877,0.7142857142857143,0.7142857142857143,0.7142857142857143,0.59183673469387754,43,6,6,15,0.92905733722060257,0.85136667680909106,0.84724323590541628
random_forest_balanced_ratio_preserved_noise_mcc_selected_true_pr_auc_v1,random_forest_class_weight_balanced,random_forest,min_samples_leaf,80/20,5,heuristic_fp_20,test,75/25,test,5,True,6790,95,12.429945262992987,84,21,63,0.86904761904761907,0.81746031746031744,0.75,0.7142857142857143,0.73170731707317072,0.6454972243679028,58,5,6,15,0.94331065759637189,0.83833204017196983,0.83289258223251195
random_forest_balanced_ratio_preserved_noise_mcc_selected_true_pr_auc_v1,random_forest_class_weight_balanced,random_forest,min_samples_leaf,80/20,5,heuristic_fp_20,test,80/20,test,5,True,6790,95,12.605740839004284,105,21,84,0.84761904761904761,0.79761904761904767,0.59999999999999998,0.7142857142857143,0.65217391304347827,0.55901699437494745,74,10,6,15,0.92006802721088432,0.68400999551069686,0.6575990994586185
random_forest_balanced_ratio_preserved_noise_mcc_selected_true_pr_auc_v1,random_forest_class_weight_balanced,random_forest,min_samples_leaf,80/20,5,heuristic_fp_20,test,90/10,test,5,True,6790,95,12.92102006598725,210,21,189,0.85238095238095235,0.79100529100529093,0.375,0.7142857142857143,0.49180327868852458,0.44464864589994374,164,25,6,15,0.93449231544469635,0.64440129356905818,0.63375969902299567
random_forest_balanced_ratio_preserved_noise_mcc_selected_true_pr_auc_v1,random_forest_class_weight_balanced,random_forest,min_samples_leaf,90/10,1,clean,validation_selected_reproduction,90/10,valid,2,True,6790,190,11.956628693005769,190,19,171,0.9263157894736842,0.63157894736842102,1,0.26315789473684209,0.41666666666666669,0.49319696191607187,171,0,14,5,0.92489996922129891,0.61431918317128109,0.6057794277619013
random_forest_balanced_ratio_preserved_noise_mcc_selected_true_pr_auc_v1,random_forest_class_weight_balanced,random_forest,min_samples_leaf,90/10,1,clean,test,50/50,test,2,True,6790,190,12.051517469983082,42,21,21,0.59523809523809523,0.59523809523809523,1,0.19047619047619047,0.32000000000000001,0.32444284226152503,21,0,17,4,0.86848072562358281,0.881782358317446,0.87898537555450384
random_forest_balanced_ratio_preserved_noise_mcc_selected_true_pr_auc_v1,random_forest_class_weight_balanced,random_forest,min_samples_leaf,90/10,1,clean,test,60/40,test,2,True,6790,190,12.150144182000076,53,21,32,0.67924528301886788,0.59523809523809523,1,0.19047619047619047,0.32000000000000001,0.35269337134192441,32,0,17,4,0.8794642857142857,0.84614936767247717,0.84237845237124831
random_forest_balanced_ratio_preserved_noise_mcc_selected_true_pr_auc_v1,random_forest_class_weight_balanced,random_forest,min_samples_leaf,90/10,1,clean,test,70/30,test,2,True,6790,190,12.251848504005466,70,21,49,0.75714285714285712,0.59523809523809523,1,0.19047619047619047,0.32000000000000001,0.37605071654517747,49,0,17,4,0.90184645286686094,0.78785464984827258,0.78163568545868944
random_forest_balanced_ratio_preserved_noise_mcc_selected_true_pr_auc_v1,random_forest_class_weight_balanced,random_forest,min_samples_leaf,90/10,1,clean,test,75/25,test,2,True,6790,190,12.377041339990683,84,21,63,0.79761904761904767,0.59523809523809523,1,0.19047619047619047,0.32000000000000001,0.3872983346207417,63,0,17,4,0.91232048374905517,0.7850757337638099,0.77982865223896791
random_forest_balanced_ratio_preserved_noise_mcc_selected_true_pr_auc_v1,random_forest_class_weight_balanced,random_forest,min_samples_leaf,90/10,1,clean,test,80/20,test,2,True,6790,190,12.525109987007454,105,21,84,0.83809523809523812,0.59523809523809523,1,0.19047619047619047,0.32000000000000001,0.39801487608399566,84,0,17,4,0.88208616780045346,0.69509134282054497,0.68898302796829602
random_forest_balanced_ratio_preserved_noise_mcc_selected_true_pr_auc_v1,random_forest_class_weight_balanced,random_forest,min_samples_leaf,90/10,1,clean,test,90/10,test,2,True,6790,190,12.78948984699673,210,21,189,0.919047619047619,0.59523809523809523,1,0.19047619047619047,0.32000000000000001,0.41803980857497058,189,0,17,4,0.87566137566137559,0.55543838843715365,0.54900550760903388
random_forest_balanced_ratio_preserved_noise_mcc_selected_true_pr_auc_v1,random_forest_class_weight_balanced,random_forest,min_samples_leaf,90/10,1,random_flip_10,validation_selected_reproduction,90/10,valid,5,True,6790,190,11.924765587988077,190,19,171,0.91052631578947374,0.55263157894736836,1,0.10526315789473684,0.19047619047619047,0.30942637387763805,171,0,17,2,0.84672206832871655,0.4688080338430613,0.4576559617134725
random_forest_balanced_ratio_preserved_noise_mcc_selected_true_pr_auc_v1,random_forest_class_weight_balanced,random_forest,min_samples_leaf,90/10,1,random_flip_10,test,50/50,test,5,True,6790,190,12.020671477977885,42,21,21,0.5714285714285714,0.5714285714285714,1,0.14285714285714285,0.25,0.27735009811261457,21,0,18,3,0.77777777777777779,0.83054302685330694,0.82698613058934067
random_forest_balanced_ratio_preserved_noise_mcc_selected_true_pr_auc_v1,random_forest_class_weight_balanced,random_forest,min_samples_leaf,90/10,1,random_flip_10,test,60/40,test,5,True,6790,190,12.130143986985786,53,21,32,0.660377358490566,0.5714285714285714,1,0.14285714285714285,0.25,0.30237157840738177,32,0,18,3,0.75,0.72457153358428306,0.71840660097352216
random_forest_balanced_ratio_preserved_noise_mcc_selected_true_pr_auc_v1,random_forest_class_weight_balanced,random_forest,min_samples_leaf,90/10,1,random_flip_10,test,70/30,test,5,True,6790,190,12.237383514991961,70,21,49,0.74285714285714288,0.5714285714285714,1,0.14285714285714285,0.25,0.3232299675777271,49,0,18,3,0.81632653061224481,0.72228951421786469,0.71656657339363949
random_forest_balanced_ratio_preserved_noise_mcc_selected_true_pr_auc_v1,random_forest_class_weight_balanced,random_forest,min_samples_leaf,90/10,1,random_flip_10,test,75/25,test,5,True,6790,190,12.359613963984884,84,21,63,0.7857142857142857,0.5714285714285714,1,0.14285714285714285,0.25,0.33333333333333331,63,0,18,3,0.80574452003023422,0.67708362637559971,0.6713434039155779
random_forest_balanced_ratio_preserved_noise_mcc_selected_true_pr_auc_v1,random_forest_class_weight_balanced,random_forest,min_samples_leaf,90/10,1,random_flip_10,test,80/20,test,5,True,6790,190,12.51305360198603,105,21,84,0.82857142857142863,0.5714285714285714,1,0.14285714285714285,0.25,0.34299717028501769,84,0,18,3,0.8083900226757369,0.62062343214739402,0.61372854730720672
random_forest_balanced_ratio_preserved_noise_mcc_selected_true_pr_auc_v1,random_forest_class_weight_balanced,random_forest,min_samples_leaf,90/10,1,random_flip_10,test,90/10,test,5,True,6790,190,12.786480348004261,210,21,189,0.91428571428571426,0.5714285714285714,1,0.14285714285714285,0.25,0.36115755925730764,189,0,18,3,0.80158730158730163,0.49990757037912253,0.49403377561294948
random_forest_balanced_ratio_preserved_noise_mcc_selected_true_pr_auc_v1,random_forest_class_weight_balanced,random_forest,min_samples_leaf,90/10,1,random_flip_20,validation_selected_reproduction,90/10,valid,1,True,6790,190,12.429770658985944,190,19,171,0.90000000000000002,0.5,0,0,0,0,171,0,19,0,0.21452754693751924,0.066817272885527829,0.059332035653734287
random_forest_balanced_ratio_preserved_noise_mcc_selected_true_pr_auc_v1,random_forest_class_weight_balanced,random_forest,min_samples_leaf,90/10,1,random_flip_20,test,50/50,test,1,True,6790,190,12.523002957983408,42,21,21,0.5,0.5,0,0,0,0,21,0,21,0,0.17460317460317459,0.36151259091569876,0.33548442677647983
random_forest_balanced_ratio_preserved_noise_mcc_selected_true_pr_auc_v1,random_forest_class_weight_balanced,random_forest,min_samples_leaf,90/10,1,random_flip_20,test,60/40,test,1,True,6790,190,12.626332566986093,53,21,32,0.60377358490566035,0.5,0,0,0,0,32,0,21,0,0.22544642857142855,0.29294694357615952,0.26949673613545494
random_forest_balanced_ratio_preserved_noise_mcc_selected_true_pr_auc_v1,random_forest_class_weight_balanced,random_forest,min_samples_leaf,90/10,1,random_flip_20,test,70/30,test,1,True,6790,190,12.740234646975296,70,21,49,0.69999999999999996,0.5,0,0,0,0,49,0,21,0,0.20505344995140912,0.20521169209009277,0.1889241037358089
random_forest_balanced_ratio_preserved_noise_mcc_selected_true_pr_auc_v1,random_forest_class_weight_balanced,random_forest,min_samples_leaf,90/10,1,random_flip_20,test,75/25,test,1,True,6790,190,12.850997534987982,84,21,63,0.75,0.5,0,0,0,0,63,0,21,0,0.20483749055177627,0.17137844732312058,0.15576654784150684
random_forest_balanced_ratio_preserved_noise_mcc_selected_true_pr_auc_v1,random_forest_class_weight_balanced,random_forest,min_samples_leaf,90/10,1,random_flip_20,test,80/20,test,1,True,6790,190,12.990586817992153,105,21,84,0.80000000000000004,0.5,0,0,0,0,84,0,21,0,0.23469387755102039,0.1368463473549138,0.12531815194621809
random_forest_balanced_ratio_preserved_noise_mcc_selected_true_pr_auc_v1,random_forest_class_weight_balanced,random_forest,min_samples_leaf,90/10,1,random_flip_20,test,90/10,test,1,True,6790,190,13.251559690979775,210,21,189,0.90000000000000002,0.5,0,0,0,0,189,0,21,0,0.20521541950113381,0.064597396027818124,0.058646367110593858
random_forest_balanced_ratio_preserved_noise_mcc_selected_true_pr_auc_v1,random_forest_class_weight_balanced,random_forest,min_samples_leaf,90/10,1,random_fp_10,validation_selected_reproduction,90/10,valid,5,True,13580,190,21.167367343005026,190,19,171,0.92105263157894735,0.60526315789473684,1,0.21052631578947367,0.34782608695652173,0.43994134506405991,171,0,15,4,0.85564789165897204,0.54890566373646343,0.54120552771558461
random_forest_balanced_ratio_preserved_noise_mcc_selected_true_pr_auc_v1,random_forest_class_weight_balanced,random_forest,min_samples_leaf,90/10,1,random_fp_10,test,50/50,test,5,True,13580,190,21.260215723013971,42,21,21,0.59523809523809523,0.59523809523809523,1,0.19047619047619047,0.32000000000000001,0.32444284226152503,21,0,17,4,0.87074829931972786,0.90101431704789903,0.89895470770679275
random_forest_balanced_ratio_preserved_noise_mcc_selected_true_pr_auc_v1,random_forest_class_weight_balanced,random_forest,min_samples_leaf,90/10,1,random_fp_10,test,60/40,test,5,True,13580,190,21.362525639007799,53,21,32,0.67924528301886788,0.59523809523809523,1,0.19047619047619047,0.32000000000000001,0.35269337134192441,32,0,17,4,0.88392857142857151,0.88250894852306949,0.88027824948016731
random_forest_balanced_ratio_preserved_noise_mcc_selected_true_pr_auc_v1,random_forest_class_weight_balanced,random_forest,min_samples_leaf,90/10,1,random_fp_10,test,70/30,test,5,True,13580,190,21.472621602006257,70,21,49,0.75714285714285712,0.59523809523809523,1,0.19047619047619047,0.32000000000000001,0.37605071654517747,49,0,17,4,0.85422740524781349,0.77311738655087336,0.76789697851530714
random_forest_balanced_ratio_preserved_noise_mcc_selected_true_pr_auc_v1,random_forest_class_weight_balanced,random_forest,min_samples_leaf,90/10,1,random_fp_10,test,75/25,test,5,True,13580,190,21.58808881699224,84,21,63,0.79761904761904767,0.59523809523809523,1,0.19047619047619047,0.32000000000000001,0.3872983346207417,63,0,17,4,0.91005291005291,0.80219816385229925,0.79717603006236315
random_forest_balanced_ratio_preserved_noise_mcc_selected_true_pr_auc_v1,random_forest_class_weight_balanced,random_forest,min_samples_leaf,90/10,1,random_fp_10,test,80/20,test,5,True,13580,190,21.74067548601306,105,21,84,0.83809523809523812,0.59523809523809523,1,0.19047619047619047,0.32000000000000001,0.39801487608399566,84,0,17,4,0.88832199546485269,0.74618698299329345,0.7408550495200783
random_forest_balanced_ratio_preserved_noise_mcc_selected_true_pr_auc_v1,random_forest_class_weight_balanced,random_forest,min_samples_leaf,90/10,1,random_fp_10,test,90/10,test,5,True,13580,190,21.990265830012504,210,21,189,0.919047619047619,0.59523809523809523,1,0.19047619047619047,0.32000000000000001,0.41803980857497058,189,0,17,4,0.88196019148400095,0.62203209352359845,0.61593073493782347
random_forest_balanced_ratio_preserved_noise_mcc_selected_true_pr_auc_v1,random_forest_class_weight_balanced,random_forest,min_samples_leaf,90/10,1,random_fp_20,validation_selected_reproduction,90/10,valid,1,True,20370,190,32.614006792980945,190,19,171,0.91578947368421049,0.57894736842105265,1,0.15789473684210525,0.27272727272727271,0.37998029782867415,171,0,16,3,0.80132348414896892,0.39512202427819509,0.3975674381270965
random_forest_balanced_ratio_preserved_noise_mcc_selected_true_pr_auc_v1,random_forest_class_weight_balanced,random_forest,min_samples_leaf,90/10,1,random_fp_20,test,50/50,test,1,True,20370,190,32.722494808986085,42,21,21,0.59523809523809523,0.59523809523809523,1,0.19047619047619047,0.32000000000000001,0.32444284226152503,21,0,17,4,0.90136054421768708,0.90733578977534246,0.91212645203945697
random_forest_balanced_ratio_preserved_noise_mcc_selected_true_pr_auc_v1,random_forest_class_weight_balanced,random_forest,min_samples_leaf,90/10,1,random_fp_20,test,60/40,test,1,True,20370,190,32.830361510976218,53,21,32,0.67924528301886788,0.59523809523809523,1,0.19047619047619047,0.32000000000000001,0.35269337134192441,32,0,17,4,0.85714285714285721,0.80907672392300523,0.81802918509592004
random_forest_balanced_ratio_preserved_noise_mcc_selected_true_pr_auc_v1,random_forest_class_weight_balanced,random_forest,min_samples_leaf,90/10,1,random_fp_20,test,70/30,test,1,True,20370,190,32.936101125000278,70,21,49,0.75714285714285712,0.59523809523809523,1,0.19047619047619047,0.32000000000000001,0.37605071654517747,49,0,17,4,0.85957240038872684,0.73972689622791044,0.74705440530491241
random_forest_balanced_ratio_preserved_noise_mcc_selected_true_pr_auc_v1,random_forest_class_weight_balanced,random_forest,min_samples_leaf,90/10,1,random_fp_20,test,75/25,test,1,True,20370,190,33.056049092003377,84,21,63,0.79761904761904767,0.59523809523809523,1,0.19047619047619047,0.32000000000000001,0.3872983346207417,63,0,17,4,0.87906273620559339,0.71781774414084754,0.72238251463645775
random_forest_balanced_ratio_preserved_noise_mcc_selected_true_pr_auc_v1,random_forest_class_weight_balanced,random_forest,min_samples_leaf,90/10,1,random_fp_20,test,80/20,test,1,True,20370,190,33.208986787998583,105,21,84,0.83809523809523812,0.59523809523809523,1,0.19047619047619047,0.32000000000000001,0.39801487608399566,84,0,17,4,0.86082766439909297,0.70106395310664094,0.7172207328122493
random_forest_balanced_ratio_preserved_noise_mcc_selected_true_pr_auc_v1,random_forest_class_weight_balanced,random_forest,min_samples_leaf,90/10,1,random_fp_20,test,90/10,test,1,True,20370,190,33.507389512000373,210,21,189,0.919047619047619,0.59523809523809523,1,0.19047619047619047,0.32000000000000001,0.41803980857497058,189,0,17,4,0.8499622071050642,0.5399908233279056,0.55087706664925662
random_forest_balanced_ratio_preserved_noise_mcc_selected_true_pr_auc_v1,random_forest_class_weight_balanced,random_forest,min_samples_leaf,90/10,1,heuristic_fp_10,validation_selected_reproduction,90/10,valid,5,True,13580,190,20.284979373012902,190,19,171,0.91052631578947374,0.78654970760233911,0.54545454545454541,0.63157894736842102,0.58536585365853655,0.53732721755047808,161,10,7,12,0.90212373037857796,0.51764270884142038,0.49923373498876045
random_forest_balanced_ratio_preserved_noise_mcc_selected_true_pr_auc_v1,random_forest_class_weight_balanced,random_forest,min_samples_leaf,90/10,1,heuristic_fp_10,test,50/50,test,5,True,13580,190,20.383499753021169,42,21,21,0.69047619047619047,0.69047619047619047,0.83333333333333337,0.47619047619047616,0.60606060606060608,0.4216370213557839,19,2,11,10,0.9024943310657596,0.8917636584735118,0.88848498880828752
random_forest_balanced_ratio_preserved_noise_mcc_selected_true_pr_auc_v1,random_forest_class_weight_balanced,random_forest,min_samples_leaf,90/10,1,heuristic_fp_10,test,60/40,test,5,True,13580,190,20.492975272005424,53,21,32,0.77358490566037741,0.72247023809523814,0.90909090909090906,0.47619047619047616,0.625,0.53661840493304358,31,1,11,10,0.9642857142857143,0.94130257878383006,0.93954140732651936
random_forest_balanced_ratio_preserved_noise_mcc_selected_true_pr_auc_v1,random_forest_class_weight_balanced,random_forest,min_samples_leaf,90/10,1,heuristic_fp_10,test,70/30,test,5,True,13580,190,20.602977252012352,70,21,49,0.7857142857142857,0.69727891156462585,0.7142857142857143,0.47619047619047616,0.5714285714285714,0.45202277263169849,45,4,11,10,0.92225461613216719,0.76294199573399801,0.74876101388060246
random_forest_balanced_ratio_preserved_noise_mcc_selected_true_pr_auc_v1,random_forest_class_weight_balanced,random_forest,min_samples_leaf,90/10,1,heuristic_fp_10,test,75/25,test,5,True,13580,190,20.734890291001648,84,21,63,0.84523809523809523,0.72222222222222221,0.83333333333333337,0.47619047619047616,0.60606060606060608,0.54997194092287027,61,2,11,10,0.96296296296296302,0.88557517972864219,0.8822158717474855
random_forest_balanced_ratio_preserved_noise_mcc_selected_true_pr_auc_v1,random_forest_class_weight_balanced,random_forest,min_samples_leaf,90/10,1,heuristic_fp_10,test,80/20,test,5,True,13580,190,20.898542631010059,105,21,84,0.8666666666666667,0.72023809523809523,0.76923076923076927,0.47619047619047616,0.58823529411764708,0.53494131206877227,81,3,11,10,0.94727891156462585,0.81123445367092417,0.80626976233363146
random_forest_balanced_ratio_preserved_noise_mcc_selected_true_pr_auc_v1,random_forest_class_weight_balanced,random_forest,min_samples_leaf,90/10,1,heuristic_fp_10,test,90/10,test,5,True,13580,190,21.16706526602502,210,21,189,0.90000000000000002,0.71164021164021163,0.5,0.47619047619047616,0.48780487804878048,0.43259045634870008,179,10,11,10,0.93461829176114886,0.57738586184689233,0.56481031465228804
random_forest_balanced_ratio_preserved_noise_mcc_selected_true_pr_auc_v1,random_forest_class_weight_balanced,random_forest,min_samples_leaf,90/10,1,heuristic_fp_20,validation_selected_reproduction,90/10,valid,2,True,20370,190,30.813284425996244,190,19,171,0.91578947368421049,0.6257309941520468,0.7142857142857143,0.26315789473684209,0.38461538461538464,0.40047244196276399,169,2,14,5,0.88488765774084333,0.55508444824376424,0.54490499031096495
random_forest_balanced_ratio_preserved_noise_mcc_selected_true_pr_auc_v1,random_forest_class_weight_balanced,random_forest,min_samples_leaf,90/10,1,heuristic_fp_20,test,50/50,test,2,True,20370,190,30.902259518014034,42,21,21,0.66666666666666663,0.66666666666666663,1,0.33333333333333331,0.5,0.44721359549995793,21,0,14,7,0.88662131519274379,0.88234474060738877,0.87906213265774258
random_forest_balanced_ratio_preserved_noise_mcc_selected_true_pr_auc_v1,random_forest_class_weight_balanced,random_forest,min_samples_leaf,90/10,1,heuristic_fp_20,test,60/40,test,2,True,20370,190,31.0033472070063,53,21,32,0.73584905660377353,0.66666666666666663,1,0.33333333333333331,0.5,0.48154341234307679,32,0,14,7,0.94494047619047616,0.9132584321789754,0.91083245207442398
random_forest_balanced_ratio_preserved_noise_mcc_selected_true_pr_auc_v1,random_forest_class_weight_balanced,random_forest,min_samples_leaf,90/10,1,heuristic_fp_20,test,70/30,test,2,True,20370,190,31.113176262995694,70,21,49,0.7857142857142857,0.65646258503401356,0.875,0.33333333333333331,0.48275862068965519,0.45072053596003175,48,1,14,7,0.91448007774538387,0.81037269093981545,0.80514887546932057
random_forest_balanced_ratio_preserved_noise_mcc_selected_true_pr_auc_v1,random_forest_class_weight_balanced,random_forest,min_samples_leaf,90/10,1,heuristic_fp_20,test,75/25,test,2,True,20370,190,31.234908510989044,84,21,63,0.83333333333333337,0.66666666666666663,1,0.33333333333333331,0.5,0.5222329678670935,63,0,14,7,0.95842781557067269,0.87745254389446381,0.87415532392729633
random_forest_balanced_ratio_preserved_noise_mcc_selected_true_pr_auc_v1,random_forest_class_weight_balanced,random_forest,min_samples_leaf,90/10,1,heuristic_fp_20,test,80/20,test,2,True,20370,190,31.392150884988951,105,21,84,0.8571428571428571,0.6607142857142857,0.875,0.33333333333333331,0.48275862068965519,0.48462175706697325,83,1,14,7,0.94557823129251706,0.81150479288084343,0.80656583170374185
random_forest_balanced_ratio_preserved_noise_mcc_selected_true_pr_auc_v1,random_forest_class_weight_balanced,random_forest,min_samples_leaf,90/10,1,heuristic_fp_20,test,90/10,test,2,True,20370,190,31.664273681992199,210,21,189,0.92380952380952386,0.66137566137566139,0.77777777777777779,0.33333333333333331,0.46666666666666667,0.47806758408193889,187,2,14,7,0.92983119173595363,0.62498096483371413,0.61742143433296826
random_forest_balanced_ratio_preserved_noise_mcc_selected_true_pr_auc_v1,random_forest_class_weight_balanced,random_forest,min_samples_leaf,90/10,2,clean,validation_selected_reproduction,90/10,valid,5,True,6790,190,11.941457948007155,190,19,171,0.93157894736842106,0.68128654970760227,0.875,0.36842105263157893,0.51851851851851849,0.54161383230632454,170,1,12,7,0.90889504462911663,0.65359016867004471,0.64672636819441087
random_forest_balanced_ratio_preserved_noise_mcc_selected_true_pr_auc_v1,random_forest_class_weight_balanced,random_forest,min_samples_leaf,90/10,2,clean,test,50/50,test,5,True,6790,190,12.07865620701341,42,21,21,0.7142857142857143,0.7142857142857143,1,0.42857142857142855,0.59999999999999998,0.5222329678670935,21,0,12,9,0.91609977324263037,0.93075455193145529,0.92915963612360319
random_forest_balanced_ratio_preserved_noise_mcc_selected_true_pr_auc_v1,random_forest_class_weight_balanced,random_forest,min_samples_leaf,90/10,2,clean,test,60/40,test,5,True,6790,190,12.181675549014471,53,21,32,0.77358490566037741,0.7142857142857143,1,0.42857142857142855,0.59999999999999998,0.55829052623908249,32,0,12,9,0.90327380952380953,0.8798313414434602,0.87713545654580338
random_forest_balanced_ratio_preserved_noise_mcc_selected_true_pr_auc_v1,random_forest_class_weight_balanced,random_forest,min_samples_leaf,90/10,2,clean,test,70/30,test,5,True,6790,190,12.327634437009692,70,21,49,0.7857142857142857,0.68367346938775508,0.75,0.42857142857142855,0.54545454545454541,0.44666250028691862,46,3,12,9,0.86880466472303208,0.75190849826122941,0.74461627305968814
random_forest_balanced_ratio_preserved_noise_mcc_selected_true_pr_auc_v1,random_forest_class_weight_balanced,random_forest,min_samples_leaf,90/10,2,clean,test,75/25,test,5,True,6790,190,12.460403085016878,84,21,63,0.8571428571428571,0.7142857142857143,1,0.42857142857142855,0.59999999999999998,0.59999999999999998,63,0,12,9,0.87377173091458804,0.79292819278183768,0.78961248973051834
random_forest_balanced_ratio_preserved_noise_mcc_selected_true_pr_auc_v1,random_forest_class_weight_balanced,random_forest,min_samples_leaf,90/10,2,clean,test,80/20,test,5,True,6790,190,12.587063255021349,105,21,84,0.87619047619047619,0.70833333333333337,0.90000000000000002,0.42857142857142855,0.58064516129032262,0.56777497395766896,83,1,12,9,0.89682539682539675,0.75093759022330464,0.74631639891812296
random_forest_balanced_ratio_preserved_noise_mcc_selected_true_pr_auc_v1,random_forest_class_weight_balanced,random_forest,min_samples_leaf,90/10,2,clean,test,90/10,test,5,True,6790,190,12.830085858993698,210,21,189,0.9285714285714286,0.70634920634920628,0.75,0.42857142857142855,0.54545454545454541,0.53339646091044191,186,3,12,9,0.891156462585034,0.63601205143414197,0.62964091994813709
random_forest_balanced_ratio_preserved_noise_mcc_selected_true_pr_auc_v1,random_forest_class_weight_balanced,random_forest,min_samples_leaf,90/10,2,random_flip_10,validation_selected_reproduction,90/10,valid,1,True,6790,190,12.666560131998267,190,19,171,0.90000000000000002,0.5,0,0,0,0,171,0,19,0,0.66805170821791315,0.27232704444304096,0.26728435010090712
random_forest_balanced_ratio_preserved_noise_mcc_selected_true_pr_auc_v1,random_forest_class_weight_balanced,random_forest,min_samples_leaf,90/10,2,random_flip_10,test,50/50,test,1,True,6790,190,12.784042512997985,42,21,21,0.52380952380952384,0.52380952380952384,1,0.047619047619047616,0.090909090909090912,0.15617376188860607,21,0,20,1,0.70181405895691606,0.74026384119263411,0.74476005803542389
random_forest_balanced_ratio_preserved_noise_mcc_selected_true_pr_auc_v1,random_forest_class_weight_balanced,random_forest,min_samples_leaf,90/10,2,random_flip_10,test,60/40,test,1,True,6790,190,12.888670921995072,53,21,32,0.62264150943396224,0.52380952380952384,1,0.047619047619047616,0.090909090909090912,0.17118419700436516,32,0,20,1,0.69791666666666674,0.68401301690617422,0.68326025852452899
random_forest_balanced_ratio_preserved_noise_mcc_selected_true_pr_auc_v1,random_forest_class_weight_balanced,random_forest,min_samples_leaf,90/10,2,random_flip_10,test,70/30,test,1,True,6790,190,13.034895785996923,70,21,49,0.7142857142857143,0.52380952380952384,1,0.047619047619047616,0.090909090909090912,0.18389242812245682,49,0,20,1,0.68901846452866855,0.53274411014936329,0.53038788612504351
random_forest_balanced_ratio_preserved_noise_mcc_selected_true_pr_auc_v1,random_forest_class_weight_balanced,random_forest,min_samples_leaf,90/10,2,random_flip_10,test,75/25,test,1,True,6790,190,13.166674361011246,84,21,63,0.76190476190476186,0.52380952380952384,1,0.047619047619047616,0.090909090909090912,0.19011727515734336,63,0,20,1,0.67649281934996219,0.50637391170401092,0.50430093992785663
random_forest_balanced_ratio_preserved_noise_mcc_selected_true_pr_auc_v1,random_forest_class_weight_balanced,random_forest,min_samples_leaf,90/10,2,random_flip_10,test,80/20,test,1,True,6790,190,13.296312468999531,105,21,84,0.80952380952380953,0.52380952380952384,1,0.047619047619047616,0.090909090909090912,0.19611613513818404,84,0,20,1,0.69642857142857151,0.44113524774134788,0.4407597237646162
random_forest_balanced_ratio_preserved_noise_mcc_selected_true_pr_auc_v1,random_forest_class_weight_balanced,random_forest,min_samples_leaf,90/10,2,random_flip_10,test,90/10,test,1,True,6790,190,13.518490518996259,210,21,189,0.90476190476190477,0.52380952380952384,1,0.047619047619047616,0.090909090909090912,0.2075143391598224,189,0,20,1,0.6691861929957168,0.30420012968857973,0.30428385894204019
random_forest_balanced_ratio_preserved_noise_mcc_selected_true_pr_auc_v1,random_forest_class_weight_balanced,random_forest,min_samples_leaf,90/10,2,random_flip_20,validation_selected_reproduction,90/10,valid,1,True,6790,190,12.705130009009736,190,19,171,0.90000000000000002,0.5,0,0,0,0,171,0,19,0,0.24807633117882427,0.066318322602367516,0.061412241725275145
random_forest_balanced_ratio_preserved_noise_mcc_selected_true_pr_auc_v1,random_forest_class_weight_balanced,random_forest,min_samples_leaf,90/10,2,random_flip_20,test,50/50,test,1,True,6790,190,12.824422961013624,42,21,21,0.5,0.5,0,0,0,0,21,0,21,0,0.27097505668934241,0.42091111169303419,0.3900768973227739
random_forest_balanced_ratio_preserved_noise_mcc_selected_true_pr_auc_v1,random_forest_class_weight_balanced,random_forest,min_samples_leaf,90/10,2,random_flip_20,test,60/40,test,1,True,6790,190,12.924724590993719,53,21,32,0.60377358490566035,0.5,0,0,0,0,32,0,21,0,0.23586309523809523,0.29514544478637245,0.2736458678973126
random_forest_balanced_ratio_preserved_noise_mcc_selected_true_pr_auc_v1,random_forest_class_weight_balanced,random_forest,min_samples_leaf,90/10,2,random_flip_20,test,70/30,test,1,True,6790,190,13.079875138006173,70,21,49,0.69999999999999996,0.5,0,0,0,0,49,0,21,0,0.23226433430515062,0.2107673148295145,0.19513532288966573
random_forest_balanced_ratio_preserved_noise_mcc_selected_true_pr_auc_v1,random_forest_class_weight_balanced,random_forest,min_samples_leaf,90/10,2,random_flip_20,test,75/25,test,1,True,6790,190,13.223750459001167,84,21,63,0.75,0.5,0,0,0,0,63,0,21,0,0.26417233560090708,0.18108633220969858,0.16707302963719006
random_forest_balanced_ratio_preserved_noise_mcc_selected_true_pr_auc_v1,random_forest_class_weight_balanced,random_forest,min_samples_leaf,90/10,2,random_flip_20,test,80/20,test,1,True,6790,190,13.353378066007281,105,21,84,0.80000000000000004,0.5,0,0,0,0,84,0,21,0,0.26105442176870747,0.14708025631580213,0.13419812260702368
random_forest_balanced_ratio_preserved_noise_mcc_selected_true_pr_auc_v1,random_forest_class_weight_balanced,random_forest,min_samples_leaf,90/10,2,random_flip_20,test,90/10,test,1,True,6790,190,13.583305181993637,210,21,189,0.90000000000000002,0.5,0,0,0,0,189,0,21,0,0.25333837238599144,0.06907374345913693,0.063177800199107251
random_forest_balanced_ratio_preserved_noise_mcc_selected_true_pr_auc_v1,random_forest_class_weight_balanced,random_forest,min_samples_leaf,90/10,2,random_fp_10,validation_selected_reproduction,90/10,valid,1,True,13580,190,22.624350285012042,190,19,171,0.91578947368421049,0.57894736842105265,1,0.15789473684210525,0.27272727272727271,0.37998029782867415,171,0,16,3,0.90289319790704825,0.63183458539903037,0.6355880084156984
random_forest_balanced_ratio_preserved_noise_mcc_selected_true_pr_auc_v1,random_forest_class_weight_balanced,random_forest,min_samples_leaf,90/10,2,random_fp_10,test,50/50,test,1,True,13580,190,22.740447513991967,42,21,21,0.59523809523809523,0.59523809523809523,1,0.19047619047619047,0.32000000000000001,0.32444284226152503,21,0,17,4,0.95011337868480727,0.9523551844980418,0.96101319315605038
random_forest_balanced_ratio_preserved_noise_mcc_selected_true_pr_auc_v1,random_forest_class_weight_balanced,random_forest,min_samples_leaf,90/10,2,random_fp_10,test,60/40,test,1,True,13580,190,22.846755990991369,53,21,32,0.67924528301886788,0.59523809523809523,1,0.19047619047619047,0.32000000000000001,0.35269337134192441,32,0,17,4,0.89434523809523814,0.86041780072352858,0.86619414634949821
random_forest_balanced_ratio_preserved_noise_mcc_selected_true_pr_auc_v1,random_forest_class_weight_balanced,random_forest,min_samples_leaf,90/10,2,random_fp_10,test,70/30,test,1,True,13580,190,22.993562218005536,70,21,49,0.75714285714285712,0.59523809523809523,1,0.19047619047619047,0.32000000000000001,0.37605071654517747,49,0,17,4,0.90670553935860054,0.82242261022275587,0.82747030005305433
random_forest_balanced_ratio_preserved_noise_mcc_selected_true_pr_auc_v1,random_forest_class_weight_balanced,random_forest,min_samples_leaf,90/10,2,random_fp_10,test,75/25,test,1,True,13580,190,23.132204649999039,84,21,63,0.79761904761904767,0.59523809523809523,1,0.19047619047619047,0.32000000000000001,0.3872983346207417,63,0,17,4,0.86583522297808013,0.71830311130489011,0.72574089140484133
random_forest_balanced_ratio_preserved_noise_mcc_selected_true_pr_auc_v1,random_forest_class_weight_balanced,random_forest,min_samples_leaf,90/10,2,random_fp_10,test,80/20,test,1,True,13580,190,23.276066280988744,105,21,84,0.83809523809523812,0.59523809523809523,1,0.19047619047619047,0.32000000000000001,0.39801487608399566,84,0,17,4,0.89002267573696137,0.75613706788670765,0.7699317731651707
random_forest_balanced_ratio_preserved_noise_mcc_selected_true_pr_auc_v1,random_forest_class_weight_balanced,random_forest,min_samples_leaf,90/10,2,random_fp_10,test,90/10,test,1,True,13580,190,23.486286939994898,210,21,189,0.919047619047619,0.59523809523809523,1,0.19047619047619047,0.32000000000000001,0.41803980857497058,189,0,17,4,0.88120433358528594,0.59791032363803498,0.60890063332630917
random_forest_balanced_ratio_preserved_noise_mcc_selected_true_pr_auc_v1,random_forest_class_weight_balanced,random_forest,min_samples_leaf,90/10,2,random_fp_20,validation_selected_reproduction,90/10,valid,1,True,20370,190,34.916262129991082,190,19,171,0.91052631578947374,0.55263157894736836,1,0.10526315789473684,0.19047619047619047,0.30942637387763805,171,0,17,2,0.85487842413050175,0.57066832585785443,0.57597812176096785
random_forest_balanced_ratio_preserved_noise_mcc_selected_true_pr_auc_v1,random_forest_class_weight_balanced,random_forest,min_samples_leaf,90/10,2,random_fp_20,test,50/50,test,1,True,20370,190,35.044139546982478,42,21,21,0.59523809523809523,0.59523809523809523,1,0.19047619047619047,0.32000000000000001,0.32444284226152503,21,0,17,4,0.89455782312925169,0.89116762834165919,0.89323396397434085
random_forest_balanced_ratio_preserved_noise_mcc_selected_true_pr_auc_v1,random_forest_class_weight_balanced,random_forest,min_samples_leaf,90/10,2,random_fp_20,test,60/40,test,1,True,20370,190,35.148013547994196,53,21,32,0.67924528301886788,0.59523809523809523,1,0.19047619047619047,0.32000000000000001,0.35269337134192441,32,0,17,4,0.86681547619047628,0.82367825123372529,0.83509155110567179
random_forest_balanced_ratio_preserved_noise_mcc_selected_true_pr_auc_v1,random_forest_class_weight_balanced,random_forest,min_samples_leaf,90/10,2,random_fp_20,test,70/30,test,1,True,20370,190,35.296760939992964,70,21,49,0.75714285714285712,0.59523809523809523,1,0.19047619047619047,0.32000000000000001,0.37605071654517747,49,0,17,4,0.91739552964042759,0.8338245320310016,0.83859548332565303
random_forest_balanced_ratio_preserved_noise_mcc_selected_true_pr_auc_v1,random_forest_class_weight_balanced,random_forest,min_samples_leaf,90/10,2,random_fp_20,test,75/25,test,1,True,20370,190,35.421951736003393,84,21,63,0.79761904761904767,0.59523809523809523,1,0.19047619047619047,0.32000000000000001,0.3872983346207417,63,0,17,4,0.8416477702191989,0.66364846090494423,0.65970237730821002
random_forest_balanced_ratio_preserved_noise_mcc_selected_true_pr_auc_v1,random_forest_class_weight_balanced,random_forest,min_samples_leaf,90/10,2,random_fp_20,test,80/20,test,1,True,20370,190,35.550210282002809,105,21,84,0.82857142857142863,0.5892857142857143,0.80000000000000004,0.19047619047619047,0.30769230769230771,0.33541019662496846,83,1,17,4,0.85629251700680276,0.62169512087579326,0.62325067824119884
random_forest_balanced_ratio_preserved_noise_mcc_selected_true_pr_auc_v1,random_forest_class_weight_balanced,random_forest,min_samples_leaf,90/10,2,random_fp_20,test,90/10,test,1,True,20370,190,35.797209137002937,210,21,189,0.919047619047619,0.59523809523809523,1,0.19047619047619047,0.32000000000000001,0.41803980857497058,189,0,17,4,0.85638699924414208,0.50144277173302632,0.50535001914019528
random_forest_balanced_ratio_preserved_noise_mcc_selected_true_pr_auc_v1,random_forest_class_weight_balanced,random_forest,min_samples_leaf,90/10,2,heuristic_fp_10,validation_selected_reproduction,90/10,valid,5,True,13580,190,21.4750784880016,190,19,171,0.93157894736842106,0.79824561403508776,0.66666666666666663,0.63157894736842102,0.64864864864864868,0.61105238148615104,165,6,7,12,0.92767005232379185,0.6815863469296064,0.67407613100236863
random_forest_balanced_ratio_preserved_noise_mcc_selected_true_pr_auc_v1,random_forest_class_weight_balanced,random_forest,min_samples_leaf,90/10,2,heuristic_fp_10,test,50/50,test,5,True,13580,190,21.595278330001747,42,21,21,0.7857142857142857,0.7857142857142857,0.9285714285714286,0.61904761904761907,0.74285714285714288,0.60609152673132649,20,1,8,13,0.95464852607709738,0.955196241380452,0.95405319801736832
random_forest_balanced_ratio_preserved_noise_mcc_selected_true_pr_auc_v1,random_forest_class_weight_balanced,random_forest,min_samples_leaf,90/10,2,heuristic_fp_10,test,60/40,test,5,True,13580,190,21.700624824996339,53,21,32,0.79245283018867929,0.76264880952380953,0.8125,0.61904761904761907,0.70270270270270274,0.5596663755294996,29,3,8,13,0.92708333333333326,0.87640698301549613,0.87239864567382552
random_forest_balanced_ratio_preserved_noise_mcc_selected_true_pr_auc_v1,random_forest_class_weight_balanced,random_forest,min_samples_leaf,90/10,2,heuristic_fp_10,test,70/30,test,5,True,13580,190,21.845175971015124,70,21,49,0.82857142857142863,0.76870748299319724,0.76470588235294112,0.61904761904761907,0.68421052631578949,0.57432146538799334,45,4,8,13,0.9173955296404277,0.83424256768241767,0.83014941161336964
random_forest_balanced_ratio_preserved_noise_mcc_selected_true_pr_auc_v1,random_forest_class_weight_balanced,random_forest,min_samples_leaf,90/10,2,heuristic_fp_10,test,75/25,test,5,True,13580,190,21.97418669401668,84,21,63,0.88095238095238093,0.79365079365079372,0.8666666666666667,0.61904761904761907,0.72222222222222221,0.6640043458717374,61,2,8,13,0.93424036281179135,0.84029148185830249,0.83636491235840671
random_forest_balanced_ratio_preserved_noise_mcc_selected_true_pr_auc_v1,random_forest_class_weight_balanced,random_forest,min_samples_leaf,90/10,2,heuristic_fp_10,test,80/20,test,5,True,13580,190,22.107235899020452,105,21,84,0.89523809523809528,0.79166666666666674,0.8125,0.61904761904761907,0.70270270270270274,0.64924870150389546,81,3,8,13,0.94104308390022684,0.80098515975685181,0.79495826630839805
random_forest_balanced_ratio_preserved_noise_mcc_selected_true_pr_auc_v1,random_forest_class_weight_balanced,random_forest,min_samples_leaf,90/10,2,heuristic_fp_10,test,90/10,test,5,True,13580,190,22.3300503140199,210,21,189,0.919047619047619,0.7857142857142857,0.59090909090909094,0.61904761904761907,0.60465116279069764,0.55977337221401058,180,9,8,13,0.92617787855883105,0.53347927712138377,0.50455922346313742
random_forest_balanced_ratio_preserved_noise_mcc_selected_true_pr_auc_v1,random_forest_class_weight_balanced,random_forest,min_samples_leaf,90/10,2,heuristic_fp_20,validation_selected_reproduction,90/10,valid,5,True,20370,190,29.586712149000959,190,19,171,0.93157894736842106,0.70467836257309946,0.80000000000000004,0.42105263157894735,0.55172413793103448,0.54997194092287027,169,2,11,8,0.90412434595260072,0.6463366814028817,0.64050324262982272
random_forest_balanced_ratio_preserved_noise_mcc_selected_true_pr_auc_v1,random_forest_class_weight_balanced,random_forest,min_samples_leaf,90/10,2,heuristic_fp_20,test,50/50,test,5,True,20370,190,29.709966910013463,42,21,21,0.73809523809523814,0.73809523809523814,1,0.47619047619047616,0.64516129032258063,0.55901699437494745,21,0,11,10,0.94104308390022684,0.93718948157586324,0.93547462896815348
random_forest_balanced_ratio_preserved_noise_mcc_selected_true_pr_auc_v1,random_forest_class_weight_balanced,random_forest,min_samples_leaf,90/10,2,heuristic_fp_20,test,60/40,test,5,True,20370,190,29.816619663994061,53,21,32,0.77358490566037741,0.72247023809523814,0.90909090909090906,0.47619047619047616,0.625,0.53661840493304358,31,1,11,10,0.93452380952380953,0.90158836248259,0.89902393817903525
random_forest_balanced_ratio_preserved_noise_mcc_selected_true_pr_auc_v1,random_forest_class_weight_balanced,random_forest,min_samples_leaf,90/10,2,heuristic_fp_20,test,70/30,test,5,True,20370,190,29.974911539000459,70,21,49,0.7857142857142857,0.69727891156462585,0.7142857142857143,0.47619047619047616,0.5714285714285714,0.45202277263169849,45,4,11,10,0.88338192419825068,0.67796334907075606,0.65065322141389392
random_forest_balanced_ratio_preserved_noise_mcc_selected_true_pr_auc_v1,random_forest_class_weight_balanced,random_forest,min_samples_leaf,90/10,2,heuristic_fp_20,test,75/25,test,5,True,20370,190,30.104613711999264,84,21,63,0.83333333333333337,0.71428571428571419,0.76923076923076927,0.47619047619047616,0.58823529411764708,0.51310032092006852,60,3,11,10,0.90022675736961455,0.74935445456265892,0.74266242953539363
random_forest_balanced_ratio_preserved_noise_mcc_selected_true_pr_auc_v1,random_forest_class_weight_balanced,random_forest,min_samples_leaf,90/10,2,heuristic_fp_20,test,80/20,test,5,True,20370,190,30.262195599992992,105,21,84,0.88571428571428568,0.73214285714285721,0.90909090909090906,0.47619047619047616,0.625,0.60642115323184487,83,1,11,10,0.94274376417233552,0.80534220648550581,0.79998492057573589
random_forest_balanced_ratio_preserved_noise_mcc_selected_true_pr_auc_v1,random_forest_class_weight_balanced,random_forest,min_samples_leaf,90/10,2,heuristic_fp_20,test,90/10,test,5,True,20370,190,30.483931764989393,210,21,189,0.91428571428571426,0.71957671957671954,0.58823529411764708,0.47619047619047616,0.52631578947368418,0.48300733101876825,182,7,11,10,0.92365835222978077,0.55886268926930782,0.54626043415803527
random_forest_balanced_ratio_preserved_noise_mcc_selected_true_pr_auc_v1,random_forest_class_weight_balanced,random_forest,min_samples_leaf,90/10,3,clean,validation_selected_reproduction,90/10,valid,2,True,6790,190,11.738737681997009,190,19,171,0.9263157894736842,0.63157894736842102,1,0.26315789473684209,0.41666666666666669,0.49319696191607187,171,0,14,5,0.91474299784549096,0.63297229532843424,0.62542689403736385
random_forest_balanced_ratio_preserved_noise_mcc_selected_true_pr_auc_v1,random_forest_class_weight_balanced,random_forest,min_samples_leaf,90/10,3,clean,test,50/50,test,2,True,6790,190,11.838557275012136,42,21,21,0.59523809523809523,0.59523809523809523,1,0.19047619047619047,0.32000000000000001,0.32444284226152503,21,0,17,4,0.92970521541950113,0.93541884573682976,0.93384327304693571
random_forest_balanced_ratio_preserved_noise_mcc_selected_true_pr_auc_v1,random_forest_class_weight_balanced,random_forest,min_samples_leaf,90/10,3,clean,test,60/40,test,2,True,6790,190,11.954022613994312,53,21,32,0.67924528301886788,0.59523809523809523,1,0.19047619047619047,0.32000000000000001,0.35269337134192441,32,0,17,4,0.89285714285714279,0.83750328299378829,0.83146625708418065
random_forest_balanced_ratio_preserved_noise_mcc_selected_true_pr_auc_v1,random_forest_class_weight_balanced,random_forest,min_samples_leaf,90/10,3,clean,test,70/30,test,2,True,6790,190,12.076107458997285,70,21,49,0.75714285714285712,0.59523809523809523,1,0.19047619047619047,0.32000000000000001,0.37605071654517747,49,0,17,4,0.92808551992225452,0.87907890006665923,0.87670553492546843
random_forest_balanced_ratio_preserved_noise_mcc_selected_true_pr_auc_v1,random_forest_class_weight_balanced,random_forest,min_samples_leaf,90/10,3,clean,test,75/25,test,2,True,6790,190,12.20439921101206,84,21,63,0.79761904761904767,0.59523809523809523,1,0.19047619047619047,0.32000000000000001,0.3872983346207417,63,0,17,4,0.91232048374905517,0.79806978087440283,0.79241064786624738
random_forest_balanced_ratio_preserved_noise_mcc_selected_true_pr_auc_v1,random_forest_class_weight_balanced,random_forest,min_samples_leaf,90/10,3,clean,test,80/20,test,2,True,6790,190,12.362321877008071,105,21,84,0.83809523809523812,0.59523809523809523,1,0.19047619047619047,0.32000000000000001,0.39801487608399566,84,0,17,4,0.9092970521541951,0.77068049009909356,0.76549255579926379
random_forest_balanced_ratio_preserved_noise_mcc_selected_true_pr_auc_v1,random_forest_class_weight_balanced,random_forest,min_samples_leaf,90/10,3,clean,test,90/10,test,2,True,6790,190,12.583787395997206,210,21,189,0.919047619047619,0.59523809523809523,1,0.19047619047619047,0.32000000000000001,0.41803980857497058,189,0,17,4,0.92794154698916609,0.70881929501357566,0.70246704458331921
random_forest_balanced_ratio_preserved_noise_mcc_selected_true_pr_auc_v1,random_forest_class_weight_balanced,random_forest,min_samples_leaf,90/10,3,random_flip_10,validation_selected_reproduction,90/10,valid,2,True,6790,190,11.826857177016791,190,19,171,0.91052631578947374,0.55263157894736836,1,0.10526315789473684,0.19047619047619047,0.30942637387763805,171,0,17,2,0.83748845798707294,0.5161143846683639,0.50791389456205294
random_forest_balanced_ratio_preserved_noise_mcc_selected_true_pr_auc_v1,random_forest_class_weight_balanced,random_forest,min_samples_leaf,90/10,3,random_flip_10,test,50/50,test,2,True,6790,190,11.934322359011276,42,21,21,0.54761904761904767,0.54761904761904767,1,0.095238095238095233,0.17391304347826086,0.22360679774997896,21,0,19,2,0.77777777777777768,0.8042797073765191,0.79906150907539786
random_forest_balanced_ratio_preserved_noise_mcc_selected_true_pr_auc_v1,random_forest_class_weight_balanced,random_forest,min_samples_leaf,90/10,3,random_flip_10,test,60/40,test,2,True,6790,190,12.048845687007997,53,21,32,0.64150943396226412,0.54761904761904767,1,0.095238095238095233,0.17391304347826086,0.24445293254085634,32,0,19,2,0.68898809523809523,0.63835929653537837,0.62928127390052224
random_forest_balanced_ratio_preserved_noise_mcc_selected_true_pr_auc_v1,random_forest_class_weight_balanced,random_forest,min_samples_leaf,90/10,3,random_flip_10,test,70/30,test,2,True,6790,190,12.170148505014367,70,21,49,0.72857142857142854,0.54761904761904767,1,0.095238095238095233,0.17391304347826086,0.26196841599779191,49,0,19,2,0.73080660835762878,0.62322910062449632,0.61453494620348836
random_forest_balanced_ratio_preserved_noise_mcc_selected_true_pr_auc_v1,random_forest_class_weight_balanced,random_forest,min_samples_leaf,90/10,3,random_flip_10,test,75/25,test,2,True,6790,190,12.311878003005404,84,21,63,0.77380952380952384,0.54761904761904767,1,0.095238095238095233,0.17391304347826086,0.27050089040022968,63,0,19,2,0.80423280423280419,0.6576479835028084,0.650867610662893
random_forest_balanced_ratio_preserved_noise_mcc_selected_true_pr_auc_v1,random_forest_class_weight_balanced,random_forest,min_samples_leaf,90/10,3,random_flip_10,test,80/20,test,2,True,6790,190,12.477805316011654,105,21,84,0.81904761904761902,0.54761904761904767,1,0.095238095238095233,0.17391304347826086,0.27869320571664707,84,0,19,2,0.79931972789115646,0.56702503625840839,0.5588812865278725
random_forest_balanced_ratio_preserved_noise_mcc_selected_true_pr_auc_v1,random_forest_class_weight_balanced,random_forest,min_samples_leaf,90/10,3,random_flip_10,test,90/10,test,2,True,6790,190,12.689242494001519,210,21,189,0.90952380952380951,0.54761904761904767,1,0.095238095238095233,0.17391304347826086,0.29417420270727601,189,0,19,2,0.78332073570168803,0.41442288012870054,0.40581619521390067
random_forest_balanced_ratio_preserved_noise_mcc_selected_true_pr_auc_v1,random_forest_class_weight_balanced,random_forest,min_samples_leaf,90/10,3,random_flip_20,validation_selected_reproduction,90/10,valid,1,True,6790,190,11.935074895998696,190,19,171,0.90000000000000002,0.5,0,0,0,0,171,0,19,0,0.22683902739304401,0.067524552098710985,0.060606948896764941
random_forest_balanced_ratio_preserved_noise_mcc_selected_true_pr_auc_v1,random_forest_class_weight_balanced,random_forest,min_samples_leaf,90/10,3,random_flip_20,test,50/50,test,1,True,6790,190,12.035441271989839,42,21,21,0.5,0.5,0,0,0,0,21,0,21,0,0.21315192743764175,0.36762801872303424,0.34653652845154936
random_forest_balanced_ratio_preserved_noise_mcc_selected_true_pr_auc_v1,random_forest_class_weight_balanced,random_forest,min_samples_leaf,90/10,3,random_flip_20,test,60/40,test,1,True,6790,190,12.15634436099208,53,21,32,0.60377358490566035,0.5,0,0,0,0,32,0,21,0,0.31845238095238093,0.32220788211195694,0.29951536856404465
random_forest_balanced_ratio_preserved_noise_mcc_selected_true_pr_auc_v1,random_forest_class_weight_balanced,random_forest,min_samples_leaf,90/10,3,random_flip_20,test,70/30,test,1,True,6790,190,12.275158403994283,70,21,49,0.69999999999999996,0.5,0,0,0,0,49,0,21,0,0.28960155490767736,0.22696118544743193,0.21133918793725009
random_forest_balanced_ratio_preserved_noise_mcc_selected_true_pr_auc_v1,random_forest_class_weight_balanced,random_forest,min_samples_leaf,90/10,3,random_flip_20,test,75/25,test,1,True,6790,190,12.40259963698918,84,21,63,0.75,0.5,0,0,0,0,63,0,21,0,0.26455026455026454,0.17827601845571367,0.16534987311889845
random_forest_balanced_ratio_preserved_noise_mcc_selected_true_pr_auc_v1,random_forest_class_weight_balanced,random_forest,min_samples_leaf,90/10,3,random_flip_20,test,80/20,test,1,True,6790,190,12.535498150973581,105,21,84,0.80000000000000004,0.5,0,0,0,0,84,0,21,0,0.25793650793650796,0.14001763195339559,0.12935916105620235
random_forest_balanced_ratio_preserved_noise_mcc_selected_true_pr_auc_v1,random_forest_class_weight_balanced,random_forest,min_samples_leaf,90/10,3,random_flip_20,test,90/10,test,1,True,6790,190,12.785952198988525,210,21,189,0.90000000000000002,0.5,0,0,0,0,189,0,21,0,0.24086671705719326,0.066566947497294832,0.061260816684337943
random_forest_balanced_ratio_preserved_noise_mcc_selected_true_pr_auc_v1,random_forest_class_weight_balanced,random_forest,min_samples_leaf,90/10,3,random_fp_10,validation_selected_reproduction,90/10,valid,5,True,13580,190,20.885526945989113,190,19,171,0.91052631578947374,0.57602339181286544,0.75,0.15789473684210525,0.2608695652173913,0.3177354158795988,170,1,16,3,0.86088027085257013,0.54176446003850487,0.5309586108896629
random_forest_balanced_ratio_preserved_noise_mcc_selected_true_pr_auc_v1,random_forest_class_weight_balanced,random_forest,min_samples_leaf,90/10,3,random_fp_10,test,50/50,test,5,True,13580,190,20.976404092012672,42,21,21,0.59523809523809523,0.59523809523809523,1,0.19047619047619047,0.32000000000000001,0.32444284226152503,21,0,17,4,0.90022675736961455,0.92192330244645371,0.92021325184539737
random_forest_balanced_ratio_preserved_noise_mcc_selected_true_pr_auc_v1,random_forest_class_weight_balanced,random_forest,min_samples_leaf,90/10,3,random_fp_10,test,60/40,test,5,True,13580,190,21.086074872990139,53,21,32,0.67924528301886788,0.59523809523809523,1,0.19047619047619047,0.32000000000000001,0.35269337134192441,32,0,17,4,0.86755952380952372,0.86913283982058887,0.8666659509403416
random_forest_balanced_ratio_preserved_noise_mcc_selected_true_pr_auc_v1,random_forest_class_weight_balanced,random_forest,min_samples_leaf,90/10,3,random_fp_10,test,70/30,test,5,True,13580,190,21.198576875991421,70,21,49,0.75714285714285712,0.59523809523809523,1,0.19047619047619047,0.32000000000000001,0.37605071654517747,49,0,17,4,0.85422740524781338,0.81188932990175244,0.80837628294751318
random_forest_balanced_ratio_preserved_noise_mcc_selected_true_pr_auc_v1,random_forest_class_weight_balanced,random_forest,min_samples_leaf,90/10,3,random_fp_10,test,75/25,test,5,True,13580,190,21.326585411996348,84,21,63,0.79761904761904767,0.59523809523809523,1,0.19047619047619047,0.32000000000000001,0.3872983346207417,63,0,17,4,0.86167800453514742,0.75959352530724233,0.754889242246785
random_forest_balanced_ratio_preserved_noise_mcc_selected_true_pr_auc_v1,random_forest_class_weight_balanced,random_forest,min_samples_leaf,90/10,3,random_fp_10,test,80/20,test,5,True,13580,190,21.482992804987589,105,21,84,0.83809523809523812,0.59523809523809523,1,0.19047619047619047,0.32000000000000001,0.39801487608399566,84,0,17,4,0.86111111111111105,0.76090963238572917,0.75712017405193177
random_forest_balanced_ratio_preserved_noise_mcc_selected_true_pr_auc_v1,random_forest_class_weight_balanced,random_forest,min_samples_leaf,90/10,3,random_fp_10,test,90/10,test,5,True,13580,190,21.707135853008367,210,21,189,0.91428571428571426,0.59259259259259256,0.80000000000000004,0.19047619047619047,0.30769230769230771,0.36440544440674749,188,1,17,4,0.86848072562358269,0.64926725258537865,0.6427970716524678
random_forest_balanced_ratio_preserved_noise_mcc_selected_true_pr_auc_v1,random_forest_class_weight_balanced,random_forest,min_samples_leaf,90/10,3,random_fp_20,validation_selected_reproduction,90/10,valid,1,True,20370,190,32.958516355982283,190,19,171,0.91578947368421049,0.57894736842105265,1,0.15789473684210525,0.27272727272727271,0.37998029782867415,171,0,16,3,0.81717451523545714,0.53168495953576322,0.54771183411864877
random_forest_balanced_ratio_preserved_noise_mcc_selected_true_pr_auc_v1,random_forest_class_weight_balanced,random_forest,min_samples_leaf,90/10,3,random_fp_20,test,50/50,test,1,True,20370,190,33.051791554986266,42,21,21,0.59523809523809523,0.59523809523809523,1,0.19047619047619047,0.32000000000000001,0.32444284226152503,21,0,17,4,0.81065759637188206,0.85212938315422782,0.85708362088796863
random_forest_balanced_ratio_preserved_noise_mcc_selected_true_pr_auc_v1,random_forest_class_weight_balanced,random_forest,min_samples_leaf,90/10,3,random_fp_20,test,60/40,test,1,True,20370,190,33.165048005990684,53,21,32,0.67924528301886788,0.59523809523809523,1,0.19047619047619047,0.32000000000000001,0.35269337134192441,32,0,17,4,0.69642857142857151,0.7114451987736119,0.7092186202741313
random_forest_balanced_ratio_preserved_noise_mcc_selected_true_pr_auc_v1,random_forest_class_weight_balanced,random_forest,min_samples_leaf,90/10,3,random_fp_20,test,70/30,test,1,True,20370,190,33.287992550001945,70,21,49,0.75714285714285712,0.59523809523809523,1,0.19047619047619047,0.32000000000000001,0.37605071654517747,49,0,17,4,0.76141885325558789,0.73031110414781875,0.73410632470546111
random_forest_balanced_ratio_preserved_noise_mcc_selected_true_pr_auc_v1,random_forest_class_weight_balanced,random_forest,min_samples_leaf,90/10,3,random_fp_20,test,75/25,test,1,True,20370,190,33.407862945983652,84,21,63,0.7857142857142857,0.58730158730158721,0.80000000000000004,0.19047619047619047,0.30769230769230771,0.31954609157576974,62,1,17,4,0.74263038548752824,0.58700651613645505,0.58492486287543044
random_forest_balanced_ratio_preserved_noise_mcc_selected_true_pr_auc_v1,random_forest_class_weight_balanced,random_forest,min_samples_leaf,90/10,3,random_fp_20,test,80/20,test,1,True,20370,190,33.55110994799179,105,21,84,0.83809523809523812,0.59523809523809523,1,0.19047619047619047,0.32000000000000001,0.39801487608399566,84,0,17,4,0.75850340136054417,0.62453301058642152,0.62727469236615407
random_forest_balanced_ratio_preserved_noise_mcc_selected_true_pr_auc_v1,random_forest_class_weight_balanced,random_forest,min_samples_leaf,90/10,3,random_fp_20,test,90/10,test,1,True,20370,190,33.790507033001631,210,21,189,0.919047619047619,0.59523809523809523,1,0.19047619047619047,0.32000000000000001,0.41803980857497058,189,0,17,4,0.76971529352481727,0.54074540372385749,0.55166245258717295
random_forest_balanced_ratio_preserved_noise_mcc_selected_true_pr_auc_v1,random_forest_class_weight_balanced,random_forest,min_samples_leaf,90/10,3,heuristic_fp_10,validation_selected_reproduction,90/10,valid,1,True,13580,190,21.295232670003315,190,19,171,0.93157894736842106,0.68128654970760227,0.875,0.36842105263157893,0.51851851851851849,0.54161383230632454,170,1,12,7,0.92843951985226214,0.68438091511405807,0.68246187038287709
random_forest_balanced_ratio_preserved_noise_mcc_selected_true_pr_auc_v1,random_forest_class_weight_balanced,random_forest,min_samples_leaf,90/10,3,heuristic_fp_10,test,50/50,test,1,True,13580,190,21.389515630988171,42,21,21,0.69047619047619047,0.69047619047619047,1,0.38095238095238093,0.55172413793103448,0.48507125007266594,21,0,13,8,0.9399092970521542,0.92402816707664504,0.92281278193268845
random_forest_balanced_ratio_preserved_noise_mcc_selected_true_pr_auc_v1,random_forest_class_weight_balanced,random_forest,min_samples_leaf,90/10,3,heuristic_fp_10,test,60/40,test,1,True,13580,190,21.508877755986759,53,21,32,0.71698113207547165,0.65922619047619047,0.80000000000000004,0.38095238095238093,0.5161290322580645,0.39810250381496354,30,2,13,8,0.90997023809523803,0.85948957023886996,0.85722968749653106
random_forest_balanced_ratio_preserved_noise_mcc_selected_true_pr_auc_v1,random_forest_class_weight_balanced,random_forest,min_samples_leaf,90/10,3,heuristic_fp_10,test,70/30,test,1,True,13580,190,21.635217564995401,70,21,49,0.80000000000000004,0.68027210884353739,0.88888888888888884,0.38095238095238093,0.53333333333333333,0.49360556800061617,48,1,13,8,0.9188532555879495,0.81852812754379323,0.81445577341316744
random_forest_balanced_ratio_preserved_noise_mcc_selected_true_pr_auc_v1,random_forest_class_weight_balanced,random_forest,min_samples_leaf,90/10,3,heuristic_fp_10,test,75/25,test,1,True,13580,190,21.774854127987055,84,21,63,0.7857142857142857,0.6507936507936507,0.61538461538461542,0.38095238095238093,0.47058823529411764,0.36107059620301118,58,5,13,8,0.89758125472411188,0.695273676309482,0.68900232173826992
random_forest_balanced_ratio_preserved_noise_mcc_selected_true_pr_auc_v1,random_forest_class_weight_balanced,random_forest,min_samples_leaf,90/10,3,heuristic_fp_10,test,80/20,test,1,True,13580,190,21.914619792980375,105,21,84,0.8666666666666667,0.68452380952380953,0.88888888888888884,0.38095238095238093,0.53333333333333333,0.52732070851582302,83,1,13,8,0.93168934240362811,0.76895873160030059,0.76680265608860587
random_forest_balanced_ratio_preserved_noise_mcc_selected_true_pr_auc_v1,random_forest_class_weight_balanced,random_forest,min_samples_leaf,90/10,3,heuristic_fp_10,test,90/10,test,1,True,13580,190,22.155867288995069,210,21,189,0.93809523809523809,0.69047619047619047,1,0.38095238095238093,0.55172413793103448,0.59702231412599349,189,0,13,8,0.94696397077349459,0.71068483018993955,0.71196377609895478
random_forest_balanced_ratio_preserved_noise_mcc_selected_true_pr_auc_v1,random_forest_class_weight_balanced,random_forest,min_samples_leaf,90/10,3,heuristic_fp_20,validation_selected_reproduction,90/10,valid,5,True,20370,190,30.241049488977296,190,19,171,0.92105263157894735,0.72222222222222221,0.6428571428571429,0.47368421052631576,0.54545454545454541,0.51035454388274082,166,5,10,9,0.92243767313019387,0.63455191489161589,0.62472046842192652
random_forest_balanced_ratio_preserved_noise_mcc_selected_true_pr_auc_v1,random_forest_class_weight_balanced,random_forest,min_samples_leaf,90/10,3,heuristic_fp_20,test,50/50,test,5,True,20370,190,30.339260396984173,42,21,21,0.73809523809523814,0.73809523809523814,1,0.47619047619047616,0.64516129032258063,0.55901699437494745,21,0,11,10,0.98639455782312924,0.98805194805194807,0.98779014636157503
random_forest_balanced_ratio_preserved_noise_mcc_selected_true_pr_auc_v1,random_forest_class_weight_balanced,random_forest,min_samples_leaf,90/10,3,heuristic_fp_20,test,60/40,test,5,True,20370,190,30.454258875979576,53,21,32,0.73584905660377353,0.69122023809523814,0.76923076923076927,0.47619047619047616,0.58823529411764708,0.43475723194974081,29,3,11,10,0.9107142857142857,0.84505458920805165,0.8398313319716415
random_forest_balanced_ratio_preserved_noise_mcc_selected_true_pr_auc_v1,random_forest_class_weight_balanced,random_forest,min_samples_leaf,90/10,3,heuristic_fp_20,test,70/30,test,5,True,20370,190,30.579070120991673,70,21,49,0.7857142857142857,0.69727891156462585,0.7142857142857143,0.47619047619047616,0.5714285714285714,0.45202277263169849,45,4,11,10,0.92711370262390669,0.8247972228687368,0.81916443409028417
random_forest_balanced_ratio_preserved_noise_mcc_selected_true_pr_auc_v1,random_forest_class_weight_balanced,random_forest,min_samples_leaf,90/10,3,heuristic_fp_20,test,75/25,test,5,True,20370,190,30.716336351004429,84,21,63,0.79761904761904767,0.69047619047619047,0.625,0.47619047619047616,0.54054054054054057,0.42008402520840293,57,6,11,10,0.91307634164777018,0.72270852487618842,0.7125775588440344
random_forest_balanced_ratio_preserved_noise_mcc_selected_true_pr_auc_v1,random_forest_class_weight_balanced,random_forest,min_samples_leaf,90/10,3,heuristic_fp_20,test,80/20,test,5,True,20370,190,30.868250903993612,105,21,84,0.87619047619047619,0.72619047619047616,0.83333333333333337,0.47619047619047616,0.60606060606060608,0.56875012308478723,82,2,11,10,0.95181405895691606,0.82849597643825867,0.82274855376210865
random_forest_balanced_ratio_preserved_noise_mcc_selected_true_pr_auc_v1,random_forest_class_weight_balanced,random_forest,min_samples_leaf,90/10,3,heuristic_fp_20,test,90/10,test,5,True,20370,190,31.087426602985943,210,21,189,0.9285714285714286,0.72751322751322745,0.7142857142857143,0.47619047619047616,0.5714285714285714,0.54724920963020229,185,4,11,10,0.95742000503905267,0.75485722104810149,0.74880531597604327
random_forest_balanced_ratio_preserved_noise_mcc_selected_true_pr_auc_v1,random_forest_class_weight_balanced,random_forest,min_samples_leaf,90/10,4,clean,validation_selected_reproduction,90/10,valid,5,True,6790,190,11.979012266005157,190,19,171,0.92105263157894735,0.65204678362573099,0.75,0.31578947368421051,0.44444444444444442,0.45425676257949799,169,2,13,6,0.90981840566328098,0.57406080036413853,0.56408464011480763
random_forest_balanced_ratio_preserved_noise_mcc_selected_true_pr_auc_v1,random_forest_class_weight_balanced,random_forest,min_samples_leaf,90/10,4,clean,test,50/50,test,5,True,6790,190,12.085077027004445,42,21,21,0.73809523809523814,0.73809523809523814,1,0.47619047619047616,0.64516129032258063,0.55901699437494745,21,0,11,10,0.92063492063492058,0.93751822951402786,0.93620007262164129
random_forest_balanced_ratio_preserved_noise_mcc_selected_true_pr_auc_v1,random_forest_class_weight_balanced,random_forest,min_samples_leaf,90/10,4,clean,test,60/40,test,5,True,6790,190,12.276084904005984,53,21,32,0.79245283018867929,0.73809523809523814,1,0.47619047619047616,0.64516129032258063,0.59529346364854363,32,0,11,10,0.88839285714285721,0.87566882516136557,0.87314490415026991
random_forest_balanced_ratio_preserved_noise_mcc_selected_true_pr_auc_v1,random_forest_class_weight_balanced,random_forest,min_samples_leaf,90/10,4,clean,test,70/30,test,5,True,6790,190,12.402055574028054,70,21,49,0.82857142857142863,0.72789115646258495,0.90909090909090906,0.47619047619047616,0.625,0.57390869812015699,48,1,11,10,0.8717201166180758,0.77796888899642735,0.77082891844565848
random_forest_balanced_ratio_preserved_noise_mcc_selected_true_pr_auc_v1,random_forest_class_weight_balanced,random_forest,min_samples_leaf,90/10,4,clean,test,75/25,test,5,True,6790,190,12.541606975020841,84,21,63,0.8571428571428571,0.73015873015873012,0.90909090909090906,0.47619047619047616,0.625,0.59085320807377795,62,1,11,10,0.88510959939531353,0.75292429249297088,0.74373000425416858
random_forest_balanced_ratio_preserved_noise_mcc_selected_true_pr_auc_v1,random_forest_class_weight_balanced,random_forest,min_samples_leaf,90/10,4,clean,test,80/20,test,5,True,6790,190,12.66841774401837,105,21,84,0.89523809523809528,0.73809523809523814,1,0.47619047619047616,0.64516129032258063,0.64888568452305018,84,0,11,10,0.92403628117913827,0.85526509846362775,0.85312222020891659
random_forest_balanced_ratio_preserved_noise_mcc_selected_true_pr_auc_v1,random_forest_class_weight_balanced,random_forest,min_samples_leaf,90/10,4,clean,test,90/10,test,5,True,6790,190,12.911937520024367,210,21,189,0.94285714285714284,0.73544973544973535,0.90909090909090906,0.47619047619047616,0.625,0.63408265162830701,188,1,11,10,0.90450995212899976,0.70233328544398788,0.69809855907755691
random_forest_balanced_ratio_preserved_noise_mcc_selected_true_pr_auc_v1,random_forest_class_weight_balanced,random_forest,min_samples_leaf,90/10,4,random_flip_10,validation_selected_reproduction,90/10,valid,1,True,6790,190,12.352099751005881,190,19,171,0.90000000000000002,0.5,0,0,0,0,171,0,19,0,0.78855032317636198,0.37586331004422524,0.37058911174130249
random_forest_balanced_ratio_preserved_noise_mcc_selected_true_pr_auc_v1,random_forest_class_weight_balanced,random_forest,min_samples_leaf,90/10,4,random_flip_10,test,50/50,test,1,True,6790,190,12.469303038000362,42,21,21,0.52380952380952384,0.52380952380952384,1,0.047619047619047616,0.090909090909090912,0.15617376188860607,21,0,20,1,0.77324263038548757,0.79606293177721743,0.79359125666426178
random_forest_balanced_ratio_preserved_noise_mcc_selected_true_pr_auc_v1,random_forest_class_weight_balanced,random_forest,min_samples_leaf,90/10,4,random_flip_10,test,60/40,test,1,True,6790,190,12.645963847986422,53,21,32,0.62264150943396224,0.52380952380952384,1,0.047619047619047616,0.090909090909090912,0.17118419700436516,32,0,20,1,0.78497023809523814,0.69503388364846708,0.68966886689777551
random_forest_balanced_ratio_preserved_noise_mcc_selected_true_pr_auc_v1,random_forest_class_weight_balanced,random_forest,min_samples_leaf,90/10,4,random_flip_10,test,70/30,test,1,True,6790,190,12.76531790298759,70,21,49,0.7142857142857143,0.52380952380952384,1,0.047619047619047616,0.090909090909090912,0.18389242812245682,49,0,20,1,0.76967930029154519,0.59952792605788585,0.59724769567112435
random_forest_balanced_ratio_preserved_noise_mcc_selected_true_pr_auc_v1,random_forest_class_weight_balanced,random_forest,min_samples_leaf,90/10,4,random_flip_10,test,75/25,test,1,True,6790,190,12.923470384004759,84,21,63,0.76190476190476186,0.52380952380952384,1,0.047619047619047616,0.090909090909090912,0.19011727515734336,63,0,20,1,0.78873771730914588,0.64487512956216908,0.64593847759474854
random_forest_balanced_ratio_preserved_noise_mcc_selected_true_pr_auc_v1,random_forest_class_weight_balanced,random_forest,min_samples_leaf,90/10,4,random_flip_10,test,80/20,test,1,True,6790,190,13.058040445001097,105,21,84,0.80952380952380953,0.52380952380952384,1,0.047619047619047616,0.090909090909090912,0.19611613513818404,84,0,20,1,0.8100907029478458,0.60272494719296121,0.60562995298612843
random_forest_balanced_ratio_preserved_noise_mcc_selected_true_pr_auc_v1,random_forest_class_weight_balanced,random_forest,min_samples_leaf,90/10,4,random_flip_10,test,90/10,test,1,True,6790,190,13.301481308997609,210,21,189,0.90476190476190477,0.52380952380952384,1,0.047619047619047616,0.090909090909090912,0.2075143391598224,189,0,20,1,0.80561854371378183,0.44876815496066158,0.448038163512534
random_forest_balanced_ratio_preserved_noise_mcc_selected_true_pr_auc_v1,random_forest_class_weight_balanced,random_forest,min_samples_leaf,90/10,4,random_flip_20,validation_selected_reproduction,90/10,valid,1,True,6790,190,12.540923759981524,190,19,171,0.90000000000000002,0.5,0,0,0,0,171,0,19,0,0.22145275469375195,0.064818640004669678,0.059542927373248226
random_forest_balanced_ratio_preserved_noise_mcc_selected_true_pr_auc_v1,random_forest_class_weight_balanced,random_forest,min_samples_leaf,90/10,4,random_flip_20,test,50/50,test,1,True,6790,190,12.645448267983738,42,21,21,0.5,0.5,0,0,0,0,21,0,21,0,0.2800453514739229,0.40104405868931814,0.37022090911349415
random_forest_balanced_ratio_preserved_noise_mcc_selected_true_pr_auc_v1,random_forest_class_weight_balanced,random_forest,min_samples_leaf,90/10,4,random_flip_20,test,60/40,test,1,True,6790,190,12.815627623989712,53,21,32,0.60377358490566035,0.5,0,0,0,0,32,0,21,0,0.27157738095238093,0.29678191393268738,0.27588255633695041
random_forest_balanced_ratio_preserved_noise_mcc_selected_true_pr_auc_v1,random_forest_class_weight_balanced,random_forest,min_samples_leaf,90/10,4,random_flip_20,test,70/30,test,1,True,6790,190,12.951151296001626,70,21,49,0.69999999999999996,0.5,0,0,0,0,49,0,21,0,0.30466472303206998,0.23630460226611177,0.21545659875501677
random_forest_balanced_ratio_preserved_noise_mcc_selected_true_pr_auc_v1,random_forest_class_weight_balanced,random_forest,min_samples_leaf,90/10,4,random_flip_20,test,75/25,test,1,True,6790,190,13.113631863001501,84,21,63,0.73809523809523814,0.49206349206349204,0,0,0,-0.063372425052447792,62,1,21,0,0.27399848828420253,0.18419086976021076,0.16687463721811852
random_forest_balanced_ratio_preserved_noise_mcc_selected_true_pr_auc_v1,random_forest_class_weight_balanced,random_forest,min_samples_leaf,90/10,4,random_flip_20,test,80/20,test,1,True,6790,190,13.264869040984195,105,21,84,0.80000000000000004,0.5,0,0,0,0,84,0,21,0,0.25283446712018137,0.14210658607814078,0.12802854898381039
random_forest_balanced_ratio_preserved_noise_mcc_selected_true_pr_auc_v1,random_forest_class_weight_balanced,random_forest,min_samples_leaf,90/10,4,random_flip_20,test,90/10,test,1,True,6790,190,13.523401148006087,210,21,189,0.90000000000000002,0.5,0,0,0,0,189,0,21,0,0.30939783320735703,0.073559188805098319,0.066578738001064883
random_forest_balanced_ratio_preserved_noise_mcc_selected_true_pr_auc_v1,random_forest_class_weight_balanced,random_forest,min_samples_leaf,90/10,4,random_fp_10,validation_selected_reproduction,90/10,valid,5,True,13580,190,20.607104780006921,190,19,171,0.91578947368421049,0.60233918128654973,0.80000000000000004,0.21052631578947367,0.33333333333333331,0.38359763704583366,170,1,15,4,0.82271468144044313,0.49448835638868238,0.48573118908596241
random_forest_balanced_ratio_preserved_noise_mcc_selected_true_pr_auc_v1,random_forest_class_weight_balanced,random_forest,min_samples_leaf,90/10,4,random_fp_10,test,50/50,test,5,True,13580,190,20.710626854997827,42,21,21,0.59523809523809523,0.59523809523809523,1,0.19047619047619047,0.32000000000000001,0.32444284226152503,21,0,17,4,0.90929705215419498,0.93568425784583575,0.93448789076300742
random_forest_balanced_ratio_preserved_noise_mcc_selected_true_pr_auc_v1,random_forest_class_weight_balanced,random_forest,min_samples_leaf,90/10,4,random_fp_10,test,60/40,test,5,True,13580,190,20.876305212994339,53,21,32,0.67924528301886788,0.59523809523809523,1,0.19047619047619047,0.32000000000000001,0.35269337134192441,32,0,17,4,0.84226190476190477,0.80185038832558853,0.79641230817388586
random_forest_balanced_ratio_preserved_noise_mcc_selected_true_pr_auc_v1,random_forest_class_weight_balanced,random_forest,min_samples_leaf,90/10,4,random_fp_10,test,70/30,test,5,True,13580,190,21.004782419011462,70,21,49,0.75714285714285712,0.59523809523809523,1,0.19047619047619047,0.32000000000000001,0.37605071654517747,49,0,17,4,0.84742468415937799,0.74276624974276317,0.73588589820044614
random_forest_balanced_ratio_preserved_noise_mcc_selected_true_pr_auc_v1,random_forest_class_weight_balanced,random_forest,min_samples_leaf,90/10,4,random_fp_10,test,75/25,test,5,True,13580,190,21.167645893990993,84,21,63,0.79761904761904767,0.59523809523809523,1,0.19047619047619047,0.32000000000000001,0.3872983346207417,63,0,17,4,0.8798185941043084,0.81403520567097454,0.81012578042228478
random_forest_balanced_ratio_preserved_noise_mcc_selected_true_pr_auc_v1,random_forest_class_weight_balanced,random_forest,min_samples_leaf,90/10,4,random_fp_10,test,80/20,test,5,True,13580,190,21.304300401010551,105,21,84,0.83809523809523812,0.59523809523809523,1,0.19047619047619047,0.32000000000000001,0.39801487608399566,84,0,17,4,0.8832199546485261,0.78964526594654605,0.78489723741878592
random_forest_balanced_ratio_preserved_noise_mcc_selected_true_pr_auc_v1,random_forest_class_weight_balanced,random_forest,min_samples_leaf,90/10,4,random_fp_10,test,90/10,test,5,True,13580,190,21.584952895995229,210,21,189,0.919047619047619,0.59523809523809523,1,0.19047619047619047,0.32000000000000001,0.41803980857497058,189,0,17,4,0.86092214663643241,0.53846691308136041,0.52998070404182918
random_forest_balanced_ratio_preserved_noise_mcc_selected_true_pr_auc_v1,random_forest_class_weight_balanced,random_forest,min_samples_leaf,90/10,4,random_fp_20,validation_selected_reproduction,90/10,valid,1,True,20370,190,32.607716812985018,190,19,171,0.91052631578947374,0.57602339181286544,0.75,0.15789473684210525,0.2608695652173913,0.3177354158795988,170,1,16,3,0.84549092028316408,0.4453121050766301,0.44379017681273197
random_forest_balanced_ratio_preserved_noise_mcc_selected_true_pr_auc_v1,random_forest_class_weight_balanced,random_forest,min_samples_leaf,90/10,4,random_fp_20,test,50/50,test,1,True,20370,190,32.699218102992745,42,21,21,0.5714285714285714,0.5714285714285714,1,0.14285714285714285,0.25,0.27735009811261457,21,0,18,3,0.88775510204081631,0.89844717861959245,0.90623998105525194
random_forest_balanced_ratio_preserved_noise_mcc_selected_true_pr_auc_v1,random_forest_class_weight_balanced,random_forest,min_samples_leaf,90/10,4,random_fp_20,test,60/40,test,1,True,20370,190,32.852266111003701,53,21,32,0.660377358490566,0.5714285714285714,1,0.14285714285714285,0.25,0.30237157840738177,32,0,18,3,0.8638392857142857,0.81148695077266519,0.81634943688515138
random_forest_balanced_ratio_preserved_noise_mcc_selected_true_pr_auc_v1,random_forest_class_weight_balanced,random_forest,min_samples_leaf,90/10,4,random_fp_20,test,70/30,test,1,True,20370,190,32.996846343012294,70,21,49,0.74285714285714288,0.5714285714285714,1,0.14285714285714285,0.25,0.3232299675777271,49,0,18,3,0.80272108843537415,0.67170753402197669,0.67621053848104618
random_forest_balanced_ratio_preserved_noise_mcc_selected_true_pr_auc_v1,random_forest_class_weight_balanced,random_forest,min_samples_leaf,90/10,4,random_fp_20,test,75/25,test,1,True,20370,190,33.144056963006733,84,21,63,0.7857142857142857,0.5714285714285714,1,0.14285714285714285,0.25,0.33333333333333331,63,0,18,3,0.82426303854875282,0.66997110999452603,0.67800305344245504
random_forest_balanced_ratio_preserved_noise_mcc_selected_true_pr_auc_v1,random_forest_class_weight_balanced,random_forest,min_samples_leaf,90/10,4,random_fp_20,test,80/20,test,1,True,20370,190,33.275991064991103,105,21,84,0.82857142857142863,0.5714285714285714,1,0.14285714285714285,0.25,0.34299717028501769,84,0,18,3,0.83815192743764177,0.64008406381378458,0.65129440079138501
random_forest_balanced_ratio_preserved_noise_mcc_selected_true_pr_auc_v1,random_forest_class_weight_balanced,random_forest,min_samples_leaf,90/10,4,random_fp_20,test,90/10,test,1,True,20370,190,33.542291472986108,210,21,189,0.91428571428571426,0.5714285714285714,1,0.14285714285714285,0.25,0.36115755925730764,189,0,18,3,0.84832451499118156,0.50697086469610342,0.51566396825321648
random_forest_balanced_ratio_preserved_noise_mcc_selected_true_pr_auc_v1,random_forest_class_weight_balanced,random_forest,min_samples_leaf,90/10,4,heuristic_fp_10,validation_selected_reproduction,90/10,valid,5,True,13580,190,21.436406557011651,190,19,171,0.90526315789473688,0.783625730994152,0.52173913043478259,0.63157894736842102,0.5714285714285714,0.5217089965937961,160,11,7,12,0.90581717451523547,0.61513313130149494,0.60384861533770717
random_forest_balanced_ratio_preserved_noise_mcc_selected_true_pr_auc_v1,random_forest_class_weight_balanced,random_forest,min_samples_leaf,90/10,4,heuristic_fp_10,test,50/50,test,5,True,13580,190,21.539984413015191,42,21,21,0.76190476190476186,0.76190476190476186,0.92307692307692313,0.5714285714285714,0.70588235294117652,0.5665288228870653,20,1,9,12,0.94331065759637189,0.93457035932599841,0.93246215886993844
random_forest_balanced_ratio_preserved_noise_mcc_selected_true_pr_auc_v1,random_forest_class_weight_balanced,random_forest,min_samples_leaf,90/10,4,heuristic_fp_10,test,60/40,test,5,True,13580,190,21.713894062006148,53,21,32,0.81132075471698117,0.7700892857142857,0.92307692307692313,0.5714285714285714,0.70588235294117652,0.61407344434924471,31,1,9,12,0.92559523809523814,0.90046108360602028,0.89819277864982272
random_forest_balanced_ratio_preserved_noise_mcc_selected_true_pr_auc_v1,random_forest_class_weight_balanced,random_forest,min_samples_leaf,90/10,4,heuristic_fp_10,test,70/30,test,5,True,13580,190,21.834774321003351,70,21,49,0.81428571428571428,0.74489795918367352,0.75,0.5714285714285714,0.64864864864864868,0.53452248382484879,45,4,9,12,0.89212827988338184,0.78247515458796935,0.77671069534991855
random_forest_balanced_ratio_preserved_noise_mcc_selected_true_pr_auc_v1,random_forest_class_weight_balanced,random_forest,min_samples_leaf,90/10,4,heuristic_fp_10,test,75/25,test,5,True,13580,190,21.977353018010035,84,21,63,0.86904761904761907,0.76984126984126977,0.8571428571428571,0.5714285714285714,0.68571428571428572,0.62705444652881992,61,2,9,12,0.94255479969765688,0.83684995980849597,0.83213278915390099
random_forest_balanced_ratio_preserved_noise_mcc_selected_true_pr_auc_v1,random_forest_class_weight_balanced,random_forest,min_samples_leaf,90/10,4,heuristic_fp_10,test,80/20,test,5,True,13580,190,22.12032928399276,105,21,84,0.91428571428571426,0.7857142857142857,1,0.5714285714285714,0.72727272727272729,0.71842120810709964,84,0,9,12,0.96371882086167793,0.89724552431574778,0.89527225712279068
random_forest_balanced_ratio_preserved_noise_mcc_selected_true_pr_auc_v1,random_forest_class_weight_balanced,random_forest,min_samples_leaf,90/10,4,heuristic_fp_10,test,90/10,test,5,True,13580,190,22.369601517013507,210,21,189,0.90952380952380951,0.7592592592592593,0.54545454545454541,0.5714285714285714,0.55813953488372092,0.50794250441641697,179,10,9,12,0.93272864701436131,0.56052143801637211,0.53191450524076234
random_forest_balanced_ratio_preserved_noise_mcc_selected_true_pr_auc_v1,random_forest_class_weight_balanced,random_forest,min_samples_leaf,90/10,4,heuristic_fp_20,validation_selected_reproduction,90/10,valid,2,True,20370,190,29.518447536975145,190,19,171,0.9263157894736842,0.63157894736842102,1,0.26315789473684209,0.41666666666666669,0.49319696191607187,171,0,14,5,0.85934133579562944,0.53941431581077959,0.53239723112898363
random_forest_balanced_ratio_preserved_noise_mcc_selected_true_pr_auc_v1,random_forest_class_weight_balanced,random_forest,min_samples_leaf,90/10,4,heuristic_fp_20,test,50/50,test,2,True,20370,190,29.619118770002387,42,21,21,0.6428571428571429,0.64285714285714279,1,0.2857142857142857,0.44444444444444442,0.40824829046386302,21,0,15,6,0.95918367346938782,0.95259818715037659,0.95107644801994162
random_forest_balanced_ratio_preserved_noise_mcc_selected_true_pr_auc_v1,random_forest_class_weight_balanced,random_forest,min_samples_leaf,90/10,4,heuristic_fp_20,test,60/40,test,2,True,20370,190,29.784882538981037,53,21,32,0.71698113207547165,0.64285714285714279,1,0.2857142857142857,0.44444444444444442,0.441054277135977,32,0,15,6,0.94494047619047616,0.92729726382079036,0.92564535501621714
random_forest_balanced_ratio_preserved_noise_mcc_selected_true_pr_auc_v1,random_forest_class_weight_balanced,random_forest,min_samples_leaf,90/10,4,heuristic_fp_20,test,70/30,test,2,True,20370,190,29.907490885001607,70,21,49,0.77142857142857146,0.63265306122448983,0.8571428571428571,0.2857142857142857,0.42857142857142855,0.40526179615255725,48,1,15,6,0.89990281827016527,0.74046746176382916,0.72604212110547461
random_forest_balanced_ratio_preserved_noise_mcc_selected_true_pr_auc_v1,random_forest_class_weight_balanced,random_forest,min_samples_leaf,90/10,4,heuristic_fp_20,test,75/25,test,2,True,20370,190,30.091564868984278,84,21,63,0.80952380952380953,0.63492063492063489,0.8571428571428571,0.2857142857142857,0.42857142857142855,0.42276002160669474,62,1,15,6,0.94784580498866211,0.84617187181865017,0.84138028845179824
random_forest_balanced_ratio_preserved_noise_mcc_selected_true_pr_auc_v1,random_forest_class_weight_balanced,random_forest,min_samples_leaf,90/10,4,heuristic_fp_20,test,80/20,test,2,True,20370,190,30.23573976100306,105,21,84,0.8571428571428571,0.64285714285714279,1,0.2857142857142857,0.44444444444444442,0.49236596391733095,84,0,15,6,0.97505668934240375,0.92595264327198534,0.92453907805169044
random_forest_balanced_ratio_preserved_noise_mcc_selected_true_pr_auc_v1,random_forest_class_weight_balanced,random_forest,min_samples_leaf,90/10,4,heuristic_fp_20,test,90/10,test,2,True,20370,190,30.497862167976564,210,21,189,0.919047619047619,0.63756613756613756,0.75,0.2857142857142857,0.41379310344827586,0.43118278242432867,187,2,15,6,0.94053917863441672,0.66857122061979002,0.66047529329925414
random_forest_balanced_ratio_preserved_noise_mcc_selected_true_pr_auc_v1,random_forest_class_weight_balanced,random_forest,min_samples_leaf,90/10,5,clean,validation_selected_reproduction,90/10,valid,1,True,6790,190,12.451969016983639,190,19,171,0.92105263157894735,0.60526315789473684,1,0.21052631578947367,0.34782608695652173,0.43994134506405991,171,0,15,4,0.90520160049245912,0.59204698922051069,0.58935231625061113
random_forest_balanced_ratio_preserved_noise_mcc_selected_true_pr_auc_v1,random_forest_class_weight_balanced,random_forest,min_samples_leaf,90/10,5,clean,test,50/50,test,1,True,6790,190,12.558233731979271,42,21,21,0.5714285714285714,0.5714285714285714,1,0.14285714285714285,0.25,0.27735009811261457,21,0,18,3,0.93310657596371882,0.9140462810078025,0.91511393028973753
random_forest_balanced_ratio_preserved_noise_mcc_selected_true_pr_auc_v1,random_forest_class_weight_balanced,random_forest,min_samples_leaf,90/10,5,clean,test,60/40,test,1,True,6790,190,12.670262954983627,53,21,32,0.660377358490566,0.5714285714285714,1,0.14285714285714285,0.25,0.30237157840738177,32,0,18,3,0.9129464285714286,0.85657476608604433,0.85613952160702089
random_forest_balanced_ratio_preserved_noise_mcc_selected_true_pr_auc_v1,random_forest_class_weight_balanced,random_forest,min_samples_leaf,90/10,5,clean,test,70/30,test,1,True,6790,190,12.777512102999026,70,21,49,0.74285714285714288,0.5714285714285714,1,0.14285714285714285,0.25,0.3232299675777271,49,0,18,3,0.91690962099125362,0.84454139953157892,0.84941287390020692
random_forest_balanced_ratio_preserved_noise_mcc_selected_true_pr_auc_v1,random_forest_class_weight_balanced,random_forest,min_samples_leaf,90/10,5,clean,test,75/25,test,1,True,6790,190,12.897912050975719,84,21,63,0.7857142857142857,0.5714285714285714,1,0.14285714285714285,0.25,0.33333333333333331,63,0,18,3,0.91345427059712769,0.76300386165608636,0.76338055193343246
random_forest_balanced_ratio_preserved_noise_mcc_selected_true_pr_auc_v1,random_forest_class_weight_balanced,random_forest,min_samples_leaf,90/10,5,clean,test,80/20,test,1,True,6790,190,13.077531225979328,105,21,84,0.81904761904761902,0.56547619047619047,0.75,0.14285714285714285,0.23999999999999999,0.27363522730774703,83,1,18,3,0.86422902494331066,0.58508619956647434,0.55781837017634062
random_forest_balanced_ratio_preserved_noise_mcc_selected_true_pr_auc_v1,random_forest_class_weight_balanced,random_forest,min_samples_leaf,90/10,5,clean,test,90/10,test,1,True,6790,190,13.401210890995571,210,21,189,0.91428571428571426,0.5714285714285714,1,0.14285714285714285,0.25,0.36115755925730764,189,0,18,3,0.90488788107835727,0.59122534216913381,0.59227172981348386
random_forest_balanced_ratio_preserved_noise_mcc_selected_true_pr_auc_v1,random_forest_class_weight_balanced,random_forest,min_samples_leaf,90/10,5,random_flip_10,validation_selected_reproduction,90/10,valid,1,True,6790,190,12.678447716025403,190,19,171,0.91578947368421049,0.57894736842105265,1,0.15789473684210525,0.27272727272727271,0.37998029782867415,171,0,16,3,0.81840566328100961,0.45654090961551219,0.45988857727518467
random_forest_balanced_ratio_preserved_noise_mcc_selected_true_pr_auc_v1,random_forest_class_weight_balanced,random_forest,min_samples_leaf,90/10,5,random_flip_10,test,50/50,test,1,True,6790,190,12.777274897001917,42,21,21,0.5,0.5,0,0,0,0,21,0,21,0,0.82426303854875282,0.86616322610590535,0.86876071924037102
random_forest_balanced_ratio_preserved_noise_mcc_selected_true_pr_auc_v1,random_forest_class_weight_balanced,random_forest,min_samples_leaf,90/10,5,random_flip_10,test,60/40,test,1,True,6790,190,12.880279981007334,53,21,32,0.60377358490566035,0.5,0,0,0,0,32,0,21,0,0.7745535714285714,0.74958892773341135,0.75269771141281039
random_forest_balanced_ratio_preserved_noise_mcc_selected_true_pr_auc_v1,random_forest_class_weight_balanced,random_forest,min_samples_leaf,90/10,5,random_flip_10,test,70/30,test,1,True,6790,190,12.98651216601138,70,21,49,0.69999999999999996,0.5,0,0,0,0,49,0,21,0,0.79980563654033054,0.78398025877017474,0.7877761600223212
random_forest_balanced_ratio_preserved_noise_mcc_selected_true_pr_auc_v1,random_forest_class_weight_balanced,random_forest,min_samples_leaf,90/10,5,random_flip_10,test,75/25,test,1,True,6790,190,13.10555441401084,84,21,63,0.75,0.5,0,0,0,0,63,0,21,0,0.81292517006802711,0.63748316406888983,0.63273968301332983
random_forest_balanced_ratio_preserved_noise_mcc_selected_true_pr_auc_v1,random_forest_class_weight_balanced,random_forest,min_samples_leaf,90/10,5,random_flip_10,test,80/20,test,1,True,6790,190,13.294482584024081,105,21,84,0.79047619047619044,0.49404761904761907,0,0,0,-0.049029033784546011,83,1,21,0,0.78656462585034026,0.57853239306700466,0.55998847747172187
random_forest_balanced_ratio_preserved_noise_mcc_selected_true_pr_auc_v1,random_forest_class_weight_balanced,random_forest,min_samples_leaf,90/10,5,random_flip_10,test,90/10,test,1,True,6790,190,13.588367362011923,210,21,189,0.90000000000000002,0.5,0,0,0,0,189,0,21,0,0.80347694633408917,0.46424925207514889,0.45205786353059058
random_forest_balanced_ratio_preserved_noise_mcc_selected_true_pr_auc_v1,random_forest_class_weight_balanced,random_forest,min_samples_leaf,90/10,5,random_flip_20,validation_selected_reproduction,90/10,valid,1,True,6790,190,12.883653855999,190,19,171,0.90000000000000002,0.5,0,0,0,0,171,0,19,0,0.21914435210834105,0.065719705146114027,0.059555234983513755
random_forest_balanced_ratio_preserved_noise_mcc_selected_true_pr_auc_v1,random_forest_class_weight_balanced,random_forest,min_samples_leaf,90/10,5,random_flip_20,test,50/50,test,1,True,6790,190,13.000743079988752,42,21,21,0.5,0.5,0,0,0,0,21,0,21,0,0.3344671201814059,0.43059028416171274,0.39824959325324694
random_forest_balanced_ratio_preserved_noise_mcc_selected_true_pr_auc_v1,random_forest_class_weight_balanced,random_forest,min_samples_leaf,90/10,5,random_flip_20,test,60/40,test,1,True,6790,190,13.129834560008021,53,21,32,0.60377358490566035,0.5,0,0,0,0,32,0,21,0,0.37574404761904762,0.35817714678781748,0.32899371060200155
random_forest_balanced_ratio_preserved_noise_mcc_selected_true_pr_auc_v1,random_forest_class_weight_balanced,random_forest,min_samples_leaf,90/10,5,random_flip_20,test,70/30,test,1,True,6790,190,13.240162066009361,70,21,49,0.69999999999999996,0.5,0,0,0,0,49,0,21,0,0.37803692905733721,0.26878663296177668,0.24463047493037077
random_forest_balanced_ratio_preserved_noise_mcc_selected_true_pr_auc_v1,random_forest_class_weight_balanced,random_forest,min_samples_leaf,90/10,5,random_flip_20,test,75/25,test,1,True,6790,190,13.351949633011827,84,21,63,0.75,0.5,0,0,0,0,63,0,21,0,0.33030990173847313,0.20186878013719128,0.18401183551200573
random_forest_balanced_ratio_preserved_noise_mcc_selected_true_pr_auc_v1,random_forest_class_weight_balanced,random_forest,min_samples_leaf,90/10,5,random_flip_20,test,80/20,test,1,True,6790,190,13.52009760501096,105,21,84,0.79047619047619044,0.49404761904761907,0,0,0,-0.049029033784546011,83,1,21,0,0.31264172335600909,0.15123911003930912,0.13803950298273254
random_forest_balanced_ratio_preserved_noise_mcc_selected_true_pr_auc_v1,random_forest_class_weight_balanced,random_forest,min_samples_leaf,90/10,5,random_flip_20,test,90/10,test,1,True,6790,190,13.823581495002145,210,21,189,0.90000000000000002,0.5,0,0,0,0,189,0,21,0,0.32287729906777524,0.074883800597392663,0.068038095595559789
random_forest_balanced_ratio_preserved_noise_mcc_selected_true_pr_auc_v1,random_forest_class_weight_balanced,random_forest,min_samples_leaf,90/10,5,random_fp_10,validation_selected_reproduction,90/10,valid,1,True,13580,190,21.975970717991004,190,19,171,0.91578947368421049,0.57894736842105265,1,0.15789473684210525,0.27272727272727271,0.37998029782867415,171,0,16,3,0.82779316712834716,0.53180975187598489,0.54106924322857908
random_forest_balanced_ratio_preserved_noise_mcc_selected_true_pr_auc_v1,random_forest_class_weight_balanced,random_forest,min_samples_leaf,90/10,5,random_fp_10,test,50/50,test,1,True,13580,190,22.08561560799717,42,21,21,0.5714285714285714,0.5714285714285714,1,0.14285714285714285,0.25,0.27735009811261457,21,0,18,3,0.9058956916099774,0.93041435688494545,0.93260746634350111
random_forest_balanced_ratio_preserved_noise_mcc_selected_true_pr_auc_v1,random_forest_class_weight_balanced,random_forest,min_samples_leaf,90/10,5,random_fp_10,test,60/40,test,1,True,13580,190,22.202337024995359,53,21,32,0.660377358490566,0.5714285714285714,1,0.14285714285714285,0.25,0.30237157840738177,32,0,18,3,0.88095238095238093,0.84441835602048831,0.83804586937033454
random_forest_balanced_ratio_preserved_noise_mcc_selected_true_pr_auc_v1,random_forest_class_weight_balanced,random_forest,min_samples_leaf,90/10,5,random_fp_10,test,70/30,test,1,True,13580,190,22.321915264998097,70,21,49,0.74285714285714288,0.5714285714285714,1,0.14285714285714285,0.25,0.3232299675777271,49,0,18,3,0.86734693877551017,0.81580169152762794,0.8168180554863459
random_forest_balanced_ratio_preserved_noise_mcc_selected_true_pr_auc_v1,random_forest_class_weight_balanced,random_forest,min_samples_leaf,90/10,5,random_fp_10,test,75/25,test,1,True,13580,190,22.445978432981065,84,21,63,0.7857142857142857,0.5714285714285714,1,0.14285714285714285,0.25,0.33333333333333331,63,0,18,3,0.8832199546485261,0.7792295403009688,0.78426543405977278
random_forest_balanced_ratio_preserved_noise_mcc_selected_true_pr_auc_v1,random_forest_class_weight_balanced,random_forest,min_samples_leaf,90/10,5,random_fp_10,test,80/20,test,1,True,13580,190,22.667504473996814,105,21,84,0.81904761904761902,0.56547619047619047,0.75,0.14285714285714285,0.23999999999999999,0.27363522730774703,83,1,18,3,0.85657596371882083,0.66629207420290515,0.66203273907982974
random_forest_balanced_ratio_preserved_noise_mcc_selected_true_pr_auc_v1,random_forest_class_weight_balanced,random_forest,min_samples_leaf,90/10,5,random_fp_10,test,90/10,test,1,True,13580,190,23.003485989989713,210,21,189,0.91428571428571426,0.5714285714285714,1,0.14285714285714285,0.25,0.36115755925730764,189,0,18,3,0.88410178886369362,0.63301611141737779,0.63258364781171572
random_forest_balanced_ratio_preserved_noise_mcc_selected_true_pr_auc_v1,random_forest_class_weight_balanced,random_forest,min_samples_leaf,90/10,5,random_fp_20,validation_selected_reproduction,90/10,valid,1,True,20370,190,32.652644674002659,190,19,171,0.91578947368421049,0.57894736842105265,1,0.15789473684210525,0.27272727272727271,0.37998029782867415,171,0,16,3,0.85995690981840567,0.52420025088401534,0.52747942637570522
random_forest_balanced_ratio_preserved_noise_mcc_selected_true_pr_auc_v1,random_forest_class_weight_balanced,random_forest,min_samples_leaf,90/10,5,random_fp_20,test,50/50,test,1,True,20370,190,32.744236725993687,42,21,21,0.5714285714285714,0.5714285714285714,1,0.14285714285714285,0.25,0.27735009811261457,21,0,18,3,0.86281179138321984,0.87472033257747572,0.88360387833294274
random_forest_balanced_ratio_preserved_noise_mcc_selected_true_pr_auc_v1,random_forest_class_weight_balanced,random_forest,min_samples_leaf,90/10,5,random_fp_20,test,60/40,test,1,True,20370,190,32.840407879004488,53,21,32,0.660377358490566,0.5714285714285714,1,0.14285714285714285,0.25,0.30237157840738177,32,0,18,3,0.84895833333333337,0.81436645085937975,0.82718514640143859
random_forest_balanced_ratio_preserved_noise_mcc_selected_true_pr_auc_v1,random_forest_class_weight_balanced,random_forest,min_samples_leaf,90/10,5,random_fp_20,test,70/30,test,1,True,20370,190,32.948774060991127,70,21,49,0.74285714285714288,0.5714285714285714,1,0.14285714285714285,0.25,0.3232299675777271,49,0,18,3,0.87463556851311963,0.74159758417380095,0.74436535794997805
random_forest_balanced_ratio_preserved_noise_mcc_selected_true_pr_auc_v1,random_forest_class_weight_balanced,random_forest,min_samples_leaf,90/10,5,random_fp_20,test,75/25,test,1,True,20370,190,33.071308955986751,84,21,63,0.7857142857142857,0.5714285714285714,1,0.14285714285714285,0.25,0.33333333333333331,63,0,18,3,0.87717309145880562,0.74216187112803667,0.74491854636591492
random_forest_balanced_ratio_preserved_noise_mcc_selected_true_pr_auc_v1,random_forest_class_weight_balanced,random_forest,min_samples_leaf,90/10,5,random_fp_20,test,80/20,test,1,True,20370,190,33.236768119008048,105,21,84,0.80952380952380953,0.55952380952380953,0.59999999999999998,0.14285714285714285,0.23076923076923078,0.22360679774997896,82,2,18,3,0.81831065759637189,0.51927654907126009,0.5137618041078289
random_forest_balanced_ratio_preserved_noise_mcc_selected_true_pr_auc_v1,random_forest_class_weight_balanced,random_forest,min_samples_leaf,90/10,5,random_fp_20,test,90/10,test,1,True,20370,190,33.526648697996279,210,21,189,0.91428571428571426,0.5714285714285714,1,0.14285714285714285,0.25,0.36115755925730764,189,0,18,3,0.87087427563618047,0.47700456453613715,0.47642547625244869
random_forest_balanced_ratio_preserved_noise_mcc_selected_true_pr_auc_v1,random_forest_class_weight_balanced,random_forest,min_samples_leaf,90/10,5,heuristic_fp_10,validation_selected_reproduction,90/10,valid,5,True,13580,190,21.236231668997789,190,19,171,0.91578947368421049,0.78947368421052633,0.5714285714285714,0.63157894736842102,0.59999999999999998,0.55393772136828834,162,9,7,12,0.91905201600492459,0.54207401227407426,0.52788340721895266
random_forest_balanced_ratio_preserved_noise_mcc_selected_true_pr_auc_v1,random_forest_class_weight_balanced,random_forest,min_samples_leaf,90/10,5,heuristic_fp_10,test,50/50,test,5,True,13580,190,21.337737289984943,42,21,21,0.8571428571428571,0.85714285714285721,1,0.7142857142857143,0.83333333333333337,0.7453559924999299,21,0,6,15,0.97052154195011331,0.97220390303097082,0.97153975236682011
random_forest_balanced_ratio_preserved_noise_mcc_selected_true_pr_auc_v1,random_forest_class_weight_balanced,random_forest,min_samples_leaf,90/10,5,heuristic_fp_10,test,60/40,test,5,True,13580,190,21.440760903991759,53,21,32,0.86792452830188682,0.84151785714285721,0.9375,0.7142857142857143,0.81081081081081086,0.72772483390379694,31,1,6,15,0.9508928571428571,0.93025639743076738,0.92845632196630223
random_forest_balanced_ratio_preserved_noise_mcc_selected_true_pr_auc_v1,random_forest_class_weight_balanced,random_forest,min_samples_leaf,90/10,5,heuristic_fp_10,test,70/30,test,5,True,13580,190,21.557184023986338,70,21,49,0.90000000000000002,0.84693877551020402,0.9375,0.7142857142857143,0.81081081081081086,0.75724018541853577,48,1,6,15,0.94752186588921283,0.90446534895129238,0.90240200690688344
random_forest_balanced_ratio_preserved_noise_mcc_selected_true_pr_auc_v1,random_forest_class_weight_balanced,random_forest,min_samples_leaf,90/10,5,heuristic_fp_10,test,75/25,test,5,True,13580,190,21.691336844989564,84,21,63,0.86904761904761907,0.81746031746031744,0.75,0.7142857142857143,0.73170731707317072,0.6454972243679028,58,5,6,15,0.93650793650793651,0.78308900096649547,0.7753079335954205
random_forest_balanced_ratio_preserved_noise_mcc_selected_true_pr_auc_v1,random_forest_class_weight_balanced,random_forest,min_samples_leaf,90/10,5,heuristic_fp_10,test,80/20,test,5,True,13580,190,21.860699034004938,105,21,84,0.89523809523809528,0.82738095238095233,0.75,0.7142857142857143,0.73170731707317072,0.66697296884991575,79,5,6,15,0.93367346938775497,0.72637209768647648,0.70074737755586702
random_forest_balanced_ratio_preserved_noise_mcc_selected_true_pr_auc_v1,random_forest_class_weight_balanced,random_forest,min_samples_leaf,90/10,5,heuristic_fp_10,test,90/10,test,5,True,13580,190,22.159777866007062,210,21,189,0.94285714285714284,0.84126984126984128,0.7142857142857143,0.7142857142857143,0.7142857142857143,0.68253968253968256,183,6,6,15,0.95364071554547747,0.76314172914497247,0.75795279614566968
random_forest_balanced_ratio_preserved_noise_mcc_selected_true_pr_auc_v1,random_forest_class_weight_balanced,random_forest,min_samples_leaf,90/10,5,heuristic_fp_20,validation_selected_reproduction,90/10,valid,1,True,20370,190,31.235358997015283,190,19,171,0.9263157894736842,0.65497076023391809,0.8571428571428571,0.31578947368421051,0.46153846153846156,0.49360556800061611,170,1,13,6,0.89627577716220375,0.54523575584381023,0.54770974861879895
random_forest_balanced_ratio_preserved_noise_mcc_selected_true_pr_auc_v1,random_forest_class_weight_balanced,random_forest,min_samples_leaf,90/10,5,heuristic_fp_20,test,50/50,test,1,True,20370,190,31.335330303991213,42,21,21,0.54761904761904767,0.54761904761904767,1,0.095238095238095233,0.17391304347826086,0.22360679774997896,21,0,19,2,0.97278911564625847,0.96899921584795545,0.97084757706332447
random_forest_balanced_ratio_preserved_noise_mcc_selected_true_pr_auc_v1,random_forest_class_weight_balanced,random_forest,min_samples_leaf,90/10,5,heuristic_fp_20,test,60/40,test,1,True,20370,190,31.443861450010445,53,21,32,0.64150943396226412,0.54761904761904767,1,0.095238095238095233,0.17391304347826086,0.24445293254085634,32,0,19,2,0.9799107142857143,0.96900506900506933,0.97138961256608347
random_forest_balanced_ratio_preserved_noise_mcc_selected_true_pr_auc_v1,random_forest_class_weight_balanced,random_forest,min_samples_leaf,90/10,5,heuristic_fp_20,test,70/30,test,1,True,20370,190,31.553245745017193,70,21,49,0.7142857142857143,0.53741496598639449,0.66666666666666663,0.095238095238095233,0.16666666666666666,0.16931093539785705,48,1,19,2,0.94703595724003886,0.8544528046908999,0.8476575671485358
random_forest_balanced_ratio_preserved_noise_mcc_selected_true_pr_auc_v1,random_forest_class_weight_balanced,random_forest,min_samples_leaf,90/10,5,heuristic_fp_20,test,75/25,test,1,True,20370,190,31.666817171993898,84,21,63,0.76190476190476186,0.53968253968253965,0.66666666666666663,0.095238095238095233,0.16666666666666666,0.18518518518518517,62,1,19,2,0.92441421012849578,0.70902137577527324,0.70069314507017477
random_forest_balanced_ratio_preserved_noise_mcc_selected_true_pr_auc_v1,random_forest_class_weight_balanced,random_forest,min_samples_leaf,90/10,5,heuristic_fp_20,test,80/20,test,1,True,20370,190,31.838701795990346,105,21,84,0.80000000000000004,0.5357142857142857,0.5,0.095238095238095233,0.16,0.14925557853149837,82,2,19,2,0.93310657596371882,0.69362629820797972,0.68542374573632703
random_forest_balanced_ratio_preserved_noise_mcc_selected_true_pr_auc_v1,random_forest_class_weight_balanced,random_forest,min_samples_leaf,90/10,5,heuristic_fp_20,test,90/10,test,1,True,20370,190,32.164889617008157,210,21,189,0.90952380952380951,0.54761904761904767,1,0.095238095238095233,0.17391304347826086,0.29417420270727601,189,0,19,2,0.94583018392542206,0.60306698475837583,0.60366888207841662
