run_name,model,model_family,train_ratio,seed,condition,stage,eval_ratio,split,hyperparameter_name,hyperparameter_value,learning_rate,selected_epoch,selected_hyperparams,train_rows,valid_rows,elapsed_seconds,n_rows,positive_rows,benign_rows,accuracy,balanced_accuracy,precision,recall,f1,mcc,tn,fp,fn,tp,roc_auc,average_precision,pr_auc
codebert_balanced_ratio_preserved_noise_mcc_selected_true_pr_auc_v1,codebert_class_weight_balanced,codebert,60/40,1,clean,validation,60/40,valid,learning_rate,2.0000000000000002e-05,2.0000000000000002e-05,3,True,1698,48,149.3927696980536,48,19,29,0.875,0.86932849364791287,0.84210526315789469,0.84210526315789469,0.84210526315789469,0.73865698729582574,26,3,3,16,0.94010889292195998,0.91606966394814537,0.91373779943461697
codebert_balanced_ratio_preserved_noise_mcc_selected_true_pr_auc_v1,codebert_class_weight_balanced,codebert,60/40,1,clean,test,50/50,test,learning_rate,2.0000000000000002e-05,2.0000000000000002e-05,3,True,1698,48,149.3927696980536,42,21,21,0.80952380952380953,0.80952380952380953,0.88235294117647056,0.7142857142857143,0.78947368421052633,0.63059262509446579,19,2,6,15,0.86621315192743764,0.90638169164700733,0.90468629126463229
codebert_balanced_ratio_preserved_noise_mcc_selected_true_pr_auc_v1,codebert_class_weight_balanced,codebert,60/40,1,clean,test,60/40,test,learning_rate,2.0000000000000002e-05,2.0000000000000002e-05,3,True,1698,48,149.3927696980536,53,21,32,0.79245283018867929,0.77901785714285721,0.75,0.7142857142857143,0.73170731707317072,0.56308591418472442,27,5,6,15,0.82886904761904767,0.77955187298379403,0.77056413988348393
codebert_balanced_ratio_preserved_noise_mcc_selected_true_pr_auc_v1,codebert_class_weight_balanced,codebert,60/40,1,clean,test,70/30,test,learning_rate,2.0000000000000002e-05,2.0000000000000002e-05,3,True,1698,48,149.3927696980536,70,21,49,0.7857142857142857,0.76530612244897966,0.625,0.7142857142857143,0.66666666666666663,0.51227176405541541,40,9,6,15,0.86103012633624876,0.79623078522313495,0.79263882657389972
codebert_balanced_ratio_preserved_noise_mcc_selected_true_pr_auc_v1,codebert_class_weight_balanced,codebert,60/40,1,clean,test,75/25,test,learning_rate,2.0000000000000002e-05,2.0000000000000002e-05,3,True,1698,48,149.3927696980536,84,21,63,0.8214285714285714,0.7857142857142857,0.625,0.7142857142857143,0.66666666666666663,0.54772255750516607,54,9,6,15,0.88510959939531375,0.73075138119462335,0.72610880214076001
codebert_balanced_ratio_preserved_noise_mcc_selected_true_pr_auc_v1,codebert_class_weight_balanced,codebert,60/40,1,clean,test,80/20,test,learning_rate,2.0000000000000002e-05,2.0000000000000002e-05,3,True,1698,48,149.3927696980536,105,21,84,0.79047619047619044,0.76190476190476186,0.4838709677419355,0.7142857142857143,0.57692307692307687,0.45933122986262781,68,16,6,15,0.82908163265306123,0.59301354478217805,0.58392374402150238
codebert_balanced_ratio_preserved_noise_mcc_selected_true_pr_auc_v1,codebert_class_weight_balanced,codebert,60/40,1,clean,test,90/10,test,learning_rate,2.0000000000000002e-05,2.0000000000000002e-05,3,True,1698,48,149.3927696980536,210,21,189,0.81904761904761902,0.77248677248677255,0.31914893617021278,0.7142857142857143,0.44117647058823528,0.39225929081491462,157,32,6,15,0.85109599395313684,0.42351149627454665,0.42121686882545434
codebert_balanced_ratio_preserved_noise_mcc_selected_true_pr_auc_v1,codebert_class_weight_balanced,codebert,60/40,1,heuristic_fp_10,validation,60/40,valid,learning_rate,2.0000000000000002e-05,2.0000000000000002e-05,2,True,2124,48,172.85528911498841,48,19,29,0.875,0.87840290381125219,0.80952380952380953,0.89473684210526316,0.84999999999999998,0.74605135949396562,25,4,2,17,0.92196007259528134,0.87626770284013222,0.87121667519729695
codebert_balanced_ratio_preserved_noise_mcc_selected_true_pr_auc_v1,codebert_class_weight_balanced,codebert,60/40,1,heuristic_fp_10,test,50/50,test,learning_rate,2.0000000000000002e-05,2.0000000000000002e-05,2,True,2124,48,172.85528911498841,42,21,21,0.83333333333333337,0.83333333333333326,0.84999999999999998,0.80952380952380953,0.82926829268292679,0.66742381247191462,18,3,4,17,0.89795918367346939,0.88633957484487502,0.88226893180412969
codebert_balanced_ratio_preserved_noise_mcc_selected_true_pr_auc_v1,codebert_class_weight_balanced,codebert,60/40,1,heuristic_fp_10,test,60/40,test,learning_rate,2.0000000000000002e-05,2.0000000000000002e-05,2,True,2124,48,172.85528911498841,53,21,32,0.81132075471698117,0.81101190476190477,0.73913043478260865,0.80952380952380953,0.77272727272727271,0.6138568406737519,26,6,4,17,0.89583333333333337,0.83132525676753888,0.8230294182975999
codebert_balanced_ratio_preserved_noise_mcc_selected_true_pr_auc_v1,codebert_class_weight_balanced,codebert,60/40,1,heuristic_fp_10,test,70/30,test,learning_rate,2.0000000000000002e-05,2.0000000000000002e-05,2,True,2124,48,172.85528911498841,70,21,49,0.81428571428571428,0.81292517006802723,0.65384615384615385,0.80952380952380953,0.72340425531914898,0.59356074020638561,40,9,4,17,0.87998056365403299,0.70630984490201687,0.69547444780704937
codebert_balanced_ratio_preserved_noise_mcc_selected_true_pr_auc_v1,codebert_class_weight_balanced,codebert,60/40,1,heuristic_fp_10,test,75/25,test,learning_rate,2.0000000000000002e-05,2.0000000000000002e-05,2,True,2124,48,172.85528911498841,84,21,63,0.84523809523809523,0.83333333333333326,0.65384615384615385,0.80952380952380953,0.72340425531914898,0.62443608512255522,54,9,4,17,0.91609977324263048,0.79674849929660518,0.79152322523354157
codebert_balanced_ratio_preserved_noise_mcc_selected_true_pr_auc_v1,codebert_class_weight_balanced,codebert,60/40,1,heuristic_fp_10,test,80/20,test,learning_rate,2.0000000000000002e-05,2.0000000000000002e-05,2,True,2124,48,172.85528911498841,105,21,84,0.74285714285714288,0.76785714285714279,0.42499999999999999,0.80952380952380953,0.55737704918032782,0.44126130406091407,61,23,4,17,0.86678004535147402,0.53933841665264937,0.50991215554648128
codebert_balanced_ratio_preserved_noise_mcc_selected_true_pr_auc_v1,codebert_class_weight_balanced,codebert,60/40,1,heuristic_fp_10,test,90/10,test,learning_rate,2.0000000000000002e-05,2.0000000000000002e-05,2,True,2124,48,172.85528911498841,210,21,189,0.78095238095238095,0.79365079365079372,0.28813559322033899,0.80952380952380953,0.42499999999999999,0.39200106289986725,147,42,4,17,0.87112622826908537,0.35346560714943576,0.33282347108017113
codebert_balanced_ratio_preserved_noise_mcc_selected_true_pr_auc_v1,codebert_class_weight_balanced,codebert,60/40,1,heuristic_fp_20,validation,60/40,valid,learning_rate,2.0000000000000002e-05,2.0000000000000002e-05,2,True,2549,48,194.58895950997248,48,19,29,0.89583333333333337,0.90471869328493648,0.81818181818181823,0.94736842105263153,0.87804878048780488,0.79443989418477301,25,4,1,18,0.9528130671506353,0.9301280161187282,0.92809503832397755
codebert_balanced_ratio_preserved_noise_mcc_selected_true_pr_auc_v1,codebert_class_weight_balanced,codebert,60/40,1,heuristic_fp_20,test,50/50,test,learning_rate,2.0000000000000002e-05,2.0000000000000002e-05,2,True,2549,48,194.58895950997248,42,21,21,0.7142857142857143,0.7142857142857143,0.68000000000000005,0.80952380952380953,0.73913043478260865,0.43656412506539938,13,8,4,17,0.84807256235827655,0.85778858742204589,0.85338912781971388
codebert_balanced_ratio_preserved_noise_mcc_selected_true_pr_auc_v1,codebert_class_weight_balanced,codebert,60/40,1,heuristic_fp_20,test,60/40,test,learning_rate,2.0000000000000002e-05,2.0000000000000002e-05,2,True,2549,48,194.58895950997248,53,21,32,0.71698113207547165,0.73288690476190477,0.6071428571428571,0.80952380952380953,0.69387755102040816,0.45636326755424689,21,11,4,17,0.86160714285714279,0.78917800800885529,0.78075736678654084
codebert_balanced_ratio_preserved_noise_mcc_selected_true_pr_auc_v1,codebert_class_weight_balanced,codebert,60/40,1,heuristic_fp_20,test,70/30,test,learning_rate,2.0000000000000002e-05,2.0000000000000002e-05,2,True,2549,48,194.58895950997248,70,21,49,0.7857142857142857,0.79251700680272108,0.6071428571428571,0.80952380952380953,0.69387755102040816,0.54724920963020229,38,11,4,17,0.88046647230320696,0.7082636869807637,0.69704644762462875
codebert_balanced_ratio_preserved_noise_mcc_selected_true_pr_auc_v1,codebert_class_weight_balanced,codebert,60/40,1,heuristic_fp_20,test,75/25,test,learning_rate,2.0000000000000002e-05,2.0000000000000002e-05,2,True,2549,48,194.58895950997248,84,21,63,0.77380952380952384,0.7857142857142857,0.53125,0.80952380952380953,0.64150943396226412,0.50952466536506802,48,15,4,17,0.90098261526832957,0.75994111902725348,0.75839925586551038
codebert_balanced_ratio_preserved_noise_mcc_selected_true_pr_auc_v1,codebert_class_weight_balanced,codebert,60/40,1,heuristic_fp_20,test,80/20,test,learning_rate,2.0000000000000002e-05,2.0000000000000002e-05,2,True,2549,48,194.58895950997248,105,21,84,0.72380952380952379,0.75595238095238093,0.40476190476190477,0.80952380952380953,0.53968253968253965,0.41796848785585972,59,25,4,17,0.83985260770975056,0.4843711534515458,0.45428793047829158
codebert_balanced_ratio_preserved_noise_mcc_selected_true_pr_auc_v1,codebert_class_weight_balanced,codebert,60/40,1,heuristic_fp_20,test,90/10,test,learning_rate,2.0000000000000002e-05,2.0000000000000002e-05,2,True,2549,48,194.58895950997248,210,21,189,0.7142857142857143,0.75661375661375663,0.23287671232876711,0.80952380952380953,0.36170212765957449,0.32331716787906567,133,56,4,17,0.86772486772486757,0.41939109570685174,0.40726177296299221
codebert_balanced_ratio_preserved_noise_mcc_selected_true_pr_auc_v1,codebert_class_weight_balanced,codebert,60/40,1,random_flip_10,validation,60/40,valid,learning_rate,2.0000000000000002e-05,2.0000000000000002e-05,1,True,1698,48,137.45999073400162,48,19,29,0.8125,0.83575317604355714,0.69230769230769229,0.94736842105263153,0.80000000000000004,0.65906448620709868,21,8,1,18,0.88384754990925585,0.81140326894903558,0.80362354418523863
codebert_balanced_ratio_preserved_noise_mcc_selected_true_pr_auc_v1,codebert_class_weight_balanced,codebert,60/40,1,random_flip_10,test,50/50,test,learning_rate,2.0000000000000002e-05,2.0000000000000002e-05,1,True,1698,48,137.45999073400162,42,21,21,0.73809523809523814,0.73809523809523814,0.72727272727272729,0.76190476190476186,0.7441860465116279,0.47673129462279618,15,6,5,16,0.76870748299319724,0.7686038036776166,0.76042895457320614
codebert_balanced_ratio_preserved_noise_mcc_selected_true_pr_auc_v1,codebert_class_weight_balanced,codebert,60/40,1,random_flip_10,test,60/40,test,learning_rate,2.0000000000000002e-05,2.0000000000000002e-05,1,True,1698,48,137.45999073400162,53,21,32,0.67924528301886788,0.69345238095238093,0.5714285714285714,0.76190476190476186,0.65306122448979587,0.37908769828787281,20,12,5,16,0.80059523809523803,0.75692310914985717,0.75101368847650463
codebert_balanced_ratio_preserved_noise_mcc_selected_true_pr_auc_v1,codebert_class_weight_balanced,codebert,60/40,1,random_flip_10,test,70/30,test,learning_rate,2.0000000000000002e-05,2.0000000000000002e-05,1,True,1698,48,137.45999073400162,70,21,49,0.72857142857142854,0.73809523809523814,0.53333333333333333,0.76190476190476186,0.62745098039215685,0.44095855184409843,35,14,5,16,0.80077745383867827,0.58117273717076423,0.55311912790815421
codebert_balanced_ratio_preserved_noise_mcc_selected_true_pr_auc_v1,codebert_class_weight_balanced,codebert,60/40,1,random_flip_10,test,75/25,test,learning_rate,2.0000000000000002e-05,2.0000000000000002e-05,1,True,1698,48,137.45999073400162,84,21,63,0.79761904761904767,0.7857142857142857,0.5714285714285714,0.76190476190476186,0.65306122448979587,0.52489065916782396,51,12,5,16,0.86130007558578991,0.68985876762928111,0.6864017876426598
codebert_balanced_ratio_preserved_noise_mcc_selected_true_pr_auc_v1,codebert_class_weight_balanced,codebert,60/40,1,random_flip_10,test,80/20,test,learning_rate,2.0000000000000002e-05,2.0000000000000002e-05,1,True,1698,48,137.45999073400162,105,21,84,0.70476190476190481,0.72619047619047616,0.38095238095238093,0.76190476190476186,0.50793650793650791,0.369367500895876,58,26,5,16,0.77239229024943312,0.40809601346669155,0.37938500346737913
codebert_balanced_ratio_preserved_noise_mcc_selected_true_pr_auc_v1,codebert_class_weight_balanced,codebert,60/40,1,random_flip_10,test,90/10,test,learning_rate,2.0000000000000002e-05,2.0000000000000002e-05,1,True,1698,48,137.45999073400162,210,21,189,0.73809523809523814,0.74867724867724861,0.24242424242424243,0.76190476190476186,0.36781609195402298,0.3214055597793688,139,50,5,16,0.81141345427059719,0.34751268759569298,0.32359319351832283
codebert_balanced_ratio_preserved_noise_mcc_selected_true_pr_auc_v1,codebert_class_weight_balanced,codebert,60/40,1,random_flip_20,validation,60/40,valid,learning_rate,2.0000000000000002e-05,2.0000000000000002e-05,1,True,1698,48,131.06147684797179,48,19,29,0.85416666666666663,0.87931034482758619,0.73076923076923073,1,0.84444444444444444,0.74456474387720883,22,7,0,19,0.96370235934664239,0.92570600700679462,0.92231813632379334
codebert_balanced_ratio_preserved_noise_mcc_selected_true_pr_auc_v1,codebert_class_weight_balanced,codebert,60/40,1,random_flip_20,test,50/50,test,learning_rate,2.0000000000000002e-05,2.0000000000000002e-05,1,True,1698,48,131.06147684797179,42,21,21,0.61904761904761907,0.61904761904761907,0.59999999999999998,0.7142857142857143,0.65217391304347827,0.242535625036333,11,10,6,15,0.78458049886621306,0.80006011846966918,0.79437317673181052
codebert_balanced_ratio_preserved_noise_mcc_selected_true_pr_auc_v1,codebert_class_weight_balanced,codebert,60/40,1,random_flip_20,test,60/40,test,learning_rate,2.0000000000000002e-05,2.0000000000000002e-05,1,True,1698,48,131.06147684797179,53,21,32,0.69811320754716977,0.70089285714285721,0.59999999999999998,0.7142857142857143,0.65217391304347827,0.39366799437586791,22,10,6,15,0.8035714285714286,0.74828235513071184,0.74136754404093441
codebert_balanced_ratio_preserved_noise_mcc_selected_true_pr_auc_v1,codebert_class_weight_balanced,codebert,60/40,1,random_flip_20,test,70/30,test,learning_rate,2.0000000000000002e-05,2.0000000000000002e-05,1,True,1698,48,131.06147684797179,70,21,49,0.72857142857142854,0.72448979591836737,0.5357142857142857,0.7142857142857143,0.61224489795918369,0.4199819515766669,36,13,6,15,0.82021379980563647,0.68016294771488672,0.67192631586389862
codebert_balanced_ratio_preserved_noise_mcc_selected_true_pr_auc_v1,codebert_class_weight_balanced,codebert,60/40,1,random_flip_20,test,75/25,test,learning_rate,2.0000000000000002e-05,2.0000000000000002e-05,1,True,1698,48,131.06147684797179,84,21,63,0.77380952380952384,0.75396825396825395,0.5357142857142857,0.7142857142857143,0.61224489795918369,0.46656947481584349,50,13,6,15,0.86621315192743775,0.70142270985402133,0.69407440963239186
codebert_balanced_ratio_preserved_noise_mcc_selected_true_pr_auc_v1,codebert_class_weight_balanced,codebert,60/40,1,random_flip_20,test,80/20,test,learning_rate,2.0000000000000002e-05,2.0000000000000002e-05,1,True,1698,48,131.06147684797179,105,21,84,0.7142857142857143,0.7142857142857143,0.38461538461538464,0.7142857142857143,0.5,0.35478743759344961,60,24,6,15,0.79931972789115646,0.47353838346937427,0.44516835669938554
codebert_balanced_ratio_preserved_noise_mcc_selected_true_pr_auc_v1,codebert_class_weight_balanced,codebert,60/40,1,random_flip_20,test,90/10,test,learning_rate,2.0000000000000002e-05,2.0000000000000002e-05,1,True,1698,48,131.06147684797179,210,21,189,0.7142857142857143,0.7142857142857143,0.21739130434782608,0.7142857142857143,0.33333333333333331,0.27373457910261306,135,54,6,15,0.82464096749811044,0.44485284665951808,0.44043922783470851
codebert_balanced_ratio_preserved_noise_mcc_selected_true_pr_auc_v1,codebert_class_weight_balanced,codebert,60/40,1,random_fp_10,validation,60/40,valid,learning_rate,2.0000000000000002e-05,2.0000000000000002e-05,1,True,2124,48,161.55817331804428,48,19,29,0.875,0.89655172413793105,0.76000000000000001,1,0.86363636363636365,0.77637530917054232,23,6,0,19,0.92014519056261346,0.86330130332615229,0.85840748718707394
codebert_balanced_ratio_preserved_noise_mcc_selected_true_pr_auc_v1,codebert_class_weight_balanced,codebert,60/40,1,random_fp_10,test,50/50,test,learning_rate,2.0000000000000002e-05,2.0000000000000002e-05,1,True,2124,48,161.55817331804428,42,21,21,0.66666666666666663,0.66666666666666663,0.64000000000000001,0.76190476190476186,0.69565217391304346,0.3395498750508662,12,9,5,16,0.78911564625850339,0.80778596250720414,0.80222100588025103
codebert_balanced_ratio_preserved_noise_mcc_selected_true_pr_auc_v1,codebert_class_weight_balanced,codebert,60/40,1,random_fp_10,test,60/40,test,learning_rate,2.0000000000000002e-05,2.0000000000000002e-05,1,True,2124,48,161.55817331804428,53,21,32,0.660377358490566,0.67782738095238093,0.55172413793103448,0.76190476190476186,0.64000000000000001,0.34946898982524904,19,13,5,16,0.79910714285714279,0.76176483365026204,0.75623412577231774
codebert_balanced_ratio_preserved_noise_mcc_selected_true_pr_auc_v1,codebert_class_weight_balanced,codebert,60/40,1,random_fp_10,test,70/30,test,learning_rate,2.0000000000000002e-05,2.0000000000000002e-05,1,True,2124,48,161.55817331804428,70,21,49,0.74285714285714288,0.7482993197278911,0.55172413793103448,0.76190476190476186,0.64000000000000001,0.46197905424568392,36,13,5,16,0.83916423712342081,0.69579583834839864,0.6821438707636549
codebert_balanced_ratio_preserved_noise_mcc_selected_true_pr_auc_v1,codebert_class_weight_balanced,codebert,60/40,1,random_fp_10,test,75/25,test,learning_rate,2.0000000000000002e-05,2.0000000000000002e-05,1,True,2124,48,161.55817331804428,84,21,63,0.7857142857142857,0.77777777777777768,0.55172413793103448,0.76190476190476186,0.64000000000000001,0.50597268647293137,50,13,5,16,0.87830687830687826,0.75750086069985523,0.75365286618730964
codebert_balanced_ratio_preserved_noise_mcc_selected_true_pr_auc_v1,codebert_class_weight_balanced,codebert,60/40,1,random_fp_10,test,80/20,test,learning_rate,2.0000000000000002e-05,2.0000000000000002e-05,1,True,2124,48,161.55817331804428,105,21,84,0.69523809523809521,0.72023809523809523,0.37209302325581395,0.76190476190476186,0.5,0.35829574929238311,57,27,5,16,0.80527210884353739,0.51226816549555099,0.50015248214099617
codebert_balanced_ratio_preserved_noise_mcc_selected_true_pr_auc_v1,codebert_class_weight_balanced,codebert,60/40,1,random_fp_10,test,90/10,test,learning_rate,2.0000000000000002e-05,2.0000000000000002e-05,1,True,2124,48,161.55817331804428,210,21,189,0.70952380952380956,0.73280423280423279,0.22222222222222221,0.76190476190476186,0.34408602150537637,0.29427652976521362,133,56,5,16,0.82552280171327796,0.41424323823301712,0.39856621148234173
codebert_balanced_ratio_preserved_noise_mcc_selected_true_pr_auc_v1,codebert_class_weight_balanced,codebert,60/40,1,random_fp_20,validation,60/40,valid,learning_rate,2.0000000000000002e-05,2.0000000000000002e-05,4,True,2549,48,195.98078304599039,48,19,29,0.875,0.86025408348457355,0.88235294117647056,0.78947368421052633,0.83333333333333337,0.73673177244431365,27,2,4,15,0.88384754990925596,0.88005228595146456,0.87744137701838998
codebert_balanced_ratio_preserved_noise_mcc_selected_true_pr_auc_v1,codebert_class_weight_balanced,codebert,60/40,1,random_fp_20,test,50/50,test,learning_rate,2.0000000000000002e-05,2.0000000000000002e-05,4,True,2549,48,195.98078304599039,42,21,21,0.76190476190476186,0.76190476190476186,0.78947368421052633,0.7142857142857143,0.75,0.52620136055843392,17,4,6,15,0.78117913832199548,0.83934015920122351,0.83635159447551688
codebert_balanced_ratio_preserved_noise_mcc_selected_true_pr_auc_v1,codebert_class_weight_balanced,codebert,60/40,1,random_fp_20,test,60/40,test,learning_rate,2.0000000000000002e-05,2.0000000000000002e-05,4,True,2549,48,195.98078304599039,53,21,32,0.73584905660377353,0.73214285714285721,0.65217391304347827,0.7142857142857143,0.68181818181818177,0.45818979495265688,24,8,6,15,0.76190476190476186,0.74457176368277667,0.73757434076974882
codebert_balanced_ratio_preserved_noise_mcc_selected_true_pr_auc_v1,codebert_class_weight_balanced,codebert,60/40,1,random_fp_20,test,70/30,test,learning_rate,2.0000000000000002e-05,2.0000000000000002e-05,4,True,2549,48,195.98078304599039,70,21,49,0.77142857142857146,0.75510204081632648,0.59999999999999998,0.7142857142857143,0.65217391304347827,0.48795003647426655,39,10,6,15,0.79883381924198249,0.70714946998087092,0.70452586653317617
codebert_balanced_ratio_preserved_noise_mcc_selected_true_pr_auc_v1,codebert_class_weight_balanced,codebert,60/40,1,random_fp_20,test,75/25,test,learning_rate,2.0000000000000002e-05,2.0000000000000002e-05,4,True,2549,48,195.98078304599039,84,21,63,0.7857142857142857,0.76190476190476186,0.55555555555555558,0.7142857142857143,0.625,0.48566186425718272,51,12,6,15,0.8197278911564625,0.68786645309464789,0.67920935148147144
codebert_balanced_ratio_preserved_noise_mcc_selected_true_pr_auc_v1,codebert_class_weight_balanced,codebert,60/40,1,random_fp_20,test,80/20,test,learning_rate,2.0000000000000002e-05,2.0000000000000002e-05,4,True,2549,48,195.98078304599039,105,21,84,0.77142857142857146,0.75,0.45454545454545453,0.7142857142857143,0.55555555555555558,0.43082021842766455,66,18,6,15,0.77891156462585032,0.58149229756977516,0.56982418346114749
codebert_balanced_ratio_preserved_noise_mcc_selected_true_pr_auc_v1,codebert_class_weight_balanced,codebert,60/40,1,random_fp_20,test,90/10,test,learning_rate,2.0000000000000002e-05,2.0000000000000002e-05,4,True,2549,48,195.98078304599039,210,21,189,0.80952380952380953,0.76719576719576721,0.30612244897959184,0.7142857142857143,0.42857142857142855,0.37904357633404367,155,34,6,15,0.79969765684051408,0.46880897960967155,0.45648320687748711
codebert_balanced_ratio_preserved_noise_mcc_selected_true_pr_auc_v1,codebert_class_weight_balanced,codebert,60/40,2,clean,validation,60/40,valid,learning_rate,2.0000000000000002e-05,2.0000000000000002e-05,4,True,1698,48,138.16612786496989,48,19,29,0.875,0.85117967332123412,0.93333333333333335,0.73684210526315785,0.82352941176470584,0.74102449849854535,28,1,5,14,0.87931034482758619,0.87933636122386405,0.87723467669369448
codebert_balanced_ratio_preserved_noise_mcc_selected_true_pr_auc_v1,codebert_class_weight_balanced,codebert,60/40,2,clean,test,50/50,test,learning_rate,2.0000000000000002e-05,2.0000000000000002e-05,4,True,1698,48,138.16612786496989,42,21,21,0.76190476190476186,0.76190476190476186,0.82352941176470584,0.66666666666666663,0.73684210526315785,0.53357837507993255,18,3,7,14,0.82426303854875282,0.83648908553385204,0.83213180597141601
codebert_balanced_ratio_preserved_noise_mcc_selected_true_pr_auc_v1,codebert_class_weight_balanced,codebert,60/40,2,clean,test,60/40,test,learning_rate,2.0000000000000002e-05,2.0000000000000002e-05,4,True,1698,48,138.16612786496989,53,21,32,0.81132075471698117,0.78645833333333326,0.82352941176470584,0.66666666666666663,0.73684210526315785,0.60034428666160644,29,3,7,14,0.8236607142857143,0.79943976069018974,0.79539521659919665
codebert_balanced_ratio_preserved_noise_mcc_selected_true_pr_auc_v1,codebert_class_weight_balanced,codebert,60/40,2,clean,test,70/30,test,learning_rate,2.0000000000000002e-05,2.0000000000000002e-05,4,True,1698,48,138.16612786496989,70,21,49,0.7857142857142857,0.7517006802721089,0.63636363636363635,0.66666666666666663,0.65116279069767447,0.49692416114898447,41,8,7,14,0.81972789115646261,0.63627820218887887,0.61541535957299154
codebert_balanced_ratio_preserved_noise_mcc_selected_true_pr_auc_v1,codebert_class_weight_balanced,codebert,60/40,2,clean,test,75/25,test,learning_rate,2.0000000000000002e-05,2.0000000000000002e-05,4,True,1698,48,138.16612786496989,84,21,63,0.75,0.72222222222222221,0.5,0.66666666666666663,0.5714285714285714,0.40824829046386302,49,14,7,14,0.7705971277399849,0.58049721764856455,0.57202353912396009
codebert_balanced_ratio_preserved_noise_mcc_selected_true_pr_auc_v1,codebert_class_weight_balanced,codebert,60/40,2,clean,test,80/20,test,learning_rate,2.0000000000000002e-05,2.0000000000000002e-05,4,True,1698,48,138.16612786496989,105,21,84,0.88571428571428568,0.8035714285714286,0.73684210526315785,0.66666666666666663,0.69999999999999996,0.63083263739399908,79,5,7,14,0.84041950113378683,0.70938376670061221,0.70444348127338574
codebert_balanced_ratio_preserved_noise_mcc_selected_true_pr_auc_v1,codebert_class_weight_balanced,codebert,60/40,2,clean,test,90/10,test,learning_rate,2.0000000000000002e-05,2.0000000000000002e-05,4,True,1698,48,138.16612786496989,210,21,189,0.8666666666666667,0.77777777777777768,0.40000000000000002,0.66666666666666663,0.5,0.44721359549995793,168,21,7,14,0.82615268329554037,0.43428812442904274,0.42514139582258564
codebert_balanced_ratio_preserved_noise_mcc_selected_true_pr_auc_v1,codebert_class_weight_balanced,codebert,60/40,2,heuristic_fp_10,validation,60/40,valid,learning_rate,2.0000000000000002e-05,2.0000000000000002e-05,3,True,2124,48,160.67735778389033,48,19,29,0.875,0.86932849364791287,0.84210526315789469,0.84210526315789469,0.84210526315789469,0.73865698729582574,26,3,3,16,0.89473684210526316,0.77870542000495424,0.75175981742893438
codebert_balanced_ratio_preserved_noise_mcc_selected_true_pr_auc_v1,codebert_class_weight_balanced,codebert,60/40,2,heuristic_fp_10,test,50/50,test,learning_rate,2.0000000000000002e-05,2.0000000000000002e-05,3,True,2124,48,160.67735778389033,42,21,21,0.7857142857142857,0.7857142857142857,0.83333333333333337,0.7142857142857143,0.76923076923076927,0.57735026918962573,18,3,6,15,0.86167800453514731,0.80005068845586091,0.77587458217558325
codebert_balanced_ratio_preserved_noise_mcc_selected_true_pr_auc_v1,codebert_class_weight_balanced,codebert,60/40,2,heuristic_fp_10,test,60/40,test,learning_rate,2.0000000000000002e-05,2.0000000000000002e-05,3,True,2124,48,160.67735778389033,53,21,32,0.79245283018867929,0.77901785714285721,0.75,0.7142857142857143,0.73170731707317072,0.56308591418472442,27,5,6,15,0.88467261904761907,0.8261495161802197,0.82123447933384597
codebert_balanced_ratio_preserved_noise_mcc_selected_true_pr_auc_v1,codebert_class_weight_balanced,codebert,60/40,2,heuristic_fp_10,test,70/30,test,learning_rate,2.0000000000000002e-05,2.0000000000000002e-05,3,True,2124,48,160.67735778389033,70,21,49,0.77142857142857146,0.75510204081632648,0.59999999999999998,0.7142857142857143,0.65217391304347827,0.48795003647426655,39,10,6,15,0.84888241010689991,0.63836966434208076,0.61120989429452222
codebert_balanced_ratio_preserved_noise_mcc_selected_true_pr_auc_v1,codebert_class_weight_balanced,codebert,60/40,2,heuristic_fp_10,test,75/25,test,learning_rate,2.0000000000000002e-05,2.0000000000000002e-05,3,True,2124,48,160.67735778389033,84,21,63,0.72619047619047616,0.72222222222222221,0.46875,0.7142857142857143,0.56603773584905659,0.39629696195060848,46,17,6,15,0.7970521541950113,0.47913163472786424,0.45598855071552213
codebert_balanced_ratio_preserved_noise_mcc_selected_true_pr_auc_v1,codebert_class_weight_balanced,codebert,60/40,2,heuristic_fp_10,test,80/20,test,learning_rate,2.0000000000000002e-05,2.0000000000000002e-05,3,True,2124,48,160.67735778389033,105,21,84,0.82857142857142863,0.7857142857142857,0.55555555555555558,0.7142857142857143,0.625,0.52297636036849071,72,12,6,15,0.88038548752834456,0.71800444971129207,0.71184916518921937
codebert_balanced_ratio_preserved_noise_mcc_selected_true_pr_auc_v1,codebert_class_weight_balanced,codebert,60/40,2,heuristic_fp_10,test,90/10,test,learning_rate,2.0000000000000002e-05,2.0000000000000002e-05,3,True,2124,48,160.67735778389033,210,21,189,0.79523809523809519,0.7592592592592593,0.28846153846153844,0.7142857142857143,0.41095890410958902,0.36039155500656173,152,37,6,15,0.83925422020660112,0.29227798479847183,0.27489281675848359
codebert_balanced_ratio_preserved_noise_mcc_selected_true_pr_auc_v1,codebert_class_weight_balanced,codebert,60/40,2,heuristic_fp_20,validation,60/40,valid,learning_rate,2.0000000000000002e-05,2.0000000000000002e-05,2,True,2549,48,190.90458413097076,48,19,29,0.8125,0.80852994555353908,0.75,0.78947368421052633,0.76923076923076927,0.61208128979328524,24,5,4,15,0.87931034482758619,0.7507863018191181,0.72482911122502069
codebert_balanced_ratio_preserved_noise_mcc_selected_true_pr_auc_v1,codebert_class_weight_balanced,codebert,60/40,2,heuristic_fp_20,test,50/50,test,learning_rate,2.0000000000000002e-05,2.0000000000000002e-05,2,True,2549,48,190.90458413097076,42,21,21,0.7142857142857143,0.71428571428571419,0.73684210526315785,0.66666666666666663,0.69999999999999996,0.43052838591144588,16,5,7,14,0.81292517006802723,0.75561888215271655,0.73156993048663588
codebert_balanced_ratio_preserved_noise_mcc_selected_true_pr_auc_v1,codebert_class_weight_balanced,codebert,60/40,2,heuristic_fp_20,test,60/40,test,learning_rate,2.0000000000000002e-05,2.0000000000000002e-05,2,True,2549,48,190.90458413097076,53,21,32,0.71698113207547165,0.70833333333333326,0.63636363636363635,0.66666666666666663,0.65116279069767447,0.41360064512297223,24,8,7,14,0.86458333333333326,0.81388417416612913,0.8090445148013079
codebert_balanced_ratio_preserved_noise_mcc_selected_true_pr_auc_v1,codebert_class_weight_balanced,codebert,60/40,2,heuristic_fp_20,test,70/30,test,learning_rate,2.0000000000000002e-05,2.0000000000000002e-05,2,True,2549,48,190.90458413097076,70,21,49,0.72857142857142854,0.71088435374149661,0.53846153846153844,0.66666666666666663,0.5957446808510638,0.40000832492169464,37,12,7,14,0.8182701652089408,0.5825660783890203,0.56481509515644501
codebert_balanced_ratio_preserved_noise_mcc_selected_true_pr_auc_v1,codebert_class_weight_balanced,codebert,60/40,2,heuristic_fp_20,test,75/25,test,learning_rate,2.0000000000000002e-05,2.0000000000000002e-05,2,True,2549,48,190.90458413097076,84,21,63,0.70238095238095233,0.69047619047619047,0.4375,0.66666666666666663,0.52830188679245282,0.33968311024337872,45,18,7,14,0.75925925925925919,0.45696700341974411,0.442659367725108
codebert_balanced_ratio_preserved_noise_mcc_selected_true_pr_auc_v1,codebert_class_weight_balanced,codebert,60/40,2,heuristic_fp_20,test,80/20,test,learning_rate,2.0000000000000002e-05,2.0000000000000002e-05,2,True,2549,48,190.90458413097076,105,21,84,0.75238095238095237,0.72023809523809523,0.42424242424242425,0.66666666666666663,0.51851851851851849,0.37953209718627595,65,19,7,14,0.86734693877551017,0.61002965244460716,0.59878051450698511
codebert_balanced_ratio_preserved_noise_mcc_selected_true_pr_auc_v1,codebert_class_weight_balanced,codebert,60/40,2,heuristic_fp_20,test,90/10,test,learning_rate,2.0000000000000002e-05,2.0000000000000002e-05,2,True,2549,48,190.90458413097076,210,21,189,0.76666666666666672,0.72222222222222221,0.25,0.66666666666666663,0.36363636363636365,0.30151134457776363,147,42,7,14,0.82363315696649031,0.3133768907723789,0.29884091070284852
codebert_balanced_ratio_preserved_noise_mcc_selected_true_pr_auc_v1,codebert_class_weight_balanced,codebert,60/40,2,random_flip_10,validation,60/40,valid,learning_rate,2.0000000000000002e-05,2.0000000000000002e-05,4,True,1698,48,135.39507021708414,48,19,29,0.79166666666666663,0.76406533575317603,0.80000000000000004,0.63157894736842102,0.70588235294117652,0.55720446786324729,26,3,7,12,0.83484573502722315,0.76765713010798353,0.75953409349037604
codebert_balanced_ratio_preserved_noise_mcc_selected_true_pr_auc_v1,codebert_class_weight_balanced,codebert,60/40,2,random_flip_10,test,50/50,test,learning_rate,2.0000000000000002e-05,2.0000000000000002e-05,4,True,1698,48,135.39507021708414,42,21,21,0.69047619047619047,0.69047619047619047,0.7857142857142857,0.52380952380952384,0.62857142857142856,0.40406101782088427,18,3,10,11,0.81632653061224481,0.77681560716924425,0.76643741856511016
codebert_balanced_ratio_preserved_noise_mcc_selected_true_pr_auc_v1,codebert_class_weight_balanced,codebert,60/40,2,random_flip_10,test,60/40,test,learning_rate,2.0000000000000002e-05,2.0000000000000002e-05,4,True,1698,48,135.39507021708414,53,21,32,0.73584905660377353,0.69940476190476186,0.73333333333333328,0.52380952380952384,0.61111111111111116,0.43302476000062701,28,4,10,11,0.81175595238095233,0.7503105660879128,0.74181660108242031
codebert_balanced_ratio_preserved_noise_mcc_selected_true_pr_auc_v1,codebert_class_weight_balanced,codebert,60/40,2,random_flip_10,test,70/30,test,learning_rate,2.0000000000000002e-05,2.0000000000000002e-05,4,True,1698,48,135.39507021708414,70,21,49,0.77142857142857146,0.70068027210884354,0.6470588235294118,0.52380952380952384,0.57894736842105265,0.42892362604926082,43,6,10,11,0.79300291545189494,0.56303172052261852,0.53824007996873857
codebert_balanced_ratio_preserved_noise_mcc_selected_true_pr_auc_v1,codebert_class_weight_balanced,codebert,60/40,2,random_flip_10,test,75/25,test,learning_rate,2.0000000000000002e-05,2.0000000000000002e-05,4,True,1698,48,135.39507021708414,84,21,63,0.7142857142857143,0.65079365079365081,0.44,0.52380952380952384,0.47826086956521741,0.28562549064107501,49,14,10,11,0.74489795918367352,0.45627334611212078,0.42706183294867023
codebert_balanced_ratio_preserved_noise_mcc_selected_true_pr_auc_v1,codebert_class_weight_balanced,codebert,60/40,2,random_flip_10,test,80/20,test,learning_rate,2.0000000000000002e-05,2.0000000000000002e-05,4,True,1698,48,135.39507021708414,105,21,84,0.81904761904761902,0.70833333333333337,0.55000000000000004,0.52380952380952384,0.53658536585365857,0.42443734381358272,75,9,10,11,0.81575963718820854,0.63428720324446886,0.62558445803152751
codebert_balanced_ratio_preserved_noise_mcc_selected_true_pr_auc_v1,codebert_class_weight_balanced,codebert,60/40,2,random_flip_10,test,90/10,test,learning_rate,2.0000000000000002e-05,2.0000000000000002e-05,4,True,1698,48,135.39507021708414,210,21,189,0.85238095238095235,0.70634920634920628,0.34375,0.52380952380952384,0.41509433962264153,0.34449931100206704,168,21,10,11,0.80322499370118416,0.29873919203323307,0.27795843376090668
codebert_balanced_ratio_preserved_noise_mcc_selected_true_pr_auc_v1,codebert_class_weight_balanced,codebert,60/40,2,random_flip_20,validation,60/40,valid,learning_rate,2.0000000000000002e-05,2.0000000000000002e-05,4,True,1698,48,132.97560002794489,48,19,29,0.83333333333333337,0.80762250453720508,0.8666666666666667,0.68421052631578949,0.76470588235294112,0.64911448318089626,27,2,6,13,0.85571687840290378,0.74331941066442309,0.71554200851085337
codebert_balanced_ratio_preserved_noise_mcc_selected_true_pr_auc_v1,codebert_class_weight_balanced,codebert,60/40,2,random_flip_20,test,50/50,test,learning_rate,2.0000000000000002e-05,2.0000000000000002e-05,4,True,1698,48,132.97560002794489,42,21,21,0.69047619047619047,0.69047619047619047,0.7857142857142857,0.52380952380952384,0.62857142857142856,0.40406101782088427,18,3,10,11,0.7596371882086167,0.75522463621203118,0.7445376139242823
codebert_balanced_ratio_preserved_noise_mcc_selected_true_pr_auc_v1,codebert_class_weight_balanced,codebert,60/40,2,random_flip_20,test,60/40,test,learning_rate,2.0000000000000002e-05,2.0000000000000002e-05,4,True,1698,48,132.97560002794489,53,21,32,0.73584905660377353,0.69940476190476186,0.73333333333333328,0.52380952380952384,0.61111111111111116,0.43302476000062701,28,4,10,11,0.77529761904761907,0.7131760949822088,0.70246582870751761
codebert_balanced_ratio_preserved_noise_mcc_selected_true_pr_auc_v1,codebert_class_weight_balanced,codebert,60/40,2,random_flip_20,test,70/30,test,learning_rate,2.0000000000000002e-05,2.0000000000000002e-05,4,True,1698,48,132.97560002794489,70,21,49,0.75714285714285712,0.69047619047619047,0.61111111111111116,0.52380952380952384,0.5641025641025641,0.39942979301018539,42,7,10,11,0.76287657920310981,0.53449380131705226,0.50911615598764093
codebert_balanced_ratio_preserved_noise_mcc_selected_true_pr_auc_v1,codebert_class_weight_balanced,codebert,60/40,2,random_flip_20,test,75/25,test,learning_rate,2.0000000000000002e-05,2.0000000000000002e-05,4,True,1698,48,132.97560002794489,84,21,63,0.7142857142857143,0.65079365079365081,0.44,0.52380952380952384,0.47826086956521741,0.28562549064107501,49,14,10,11,0.71012849584278148,0.46525893479435704,0.45209934403921548
codebert_balanced_ratio_preserved_noise_mcc_selected_true_pr_auc_v1,codebert_class_weight_balanced,codebert,60/40,2,random_flip_20,test,80/20,test,learning_rate,2.0000000000000002e-05,2.0000000000000002e-05,4,True,1698,48,132.97560002794489,105,21,84,0.81904761904761902,0.70833333333333337,0.55000000000000004,0.52380952380952384,0.53658536585365857,0.42443734381358272,75,9,10,11,0.79081632653061229,0.5578760636243052,0.5450100511743553
codebert_balanced_ratio_preserved_noise_mcc_selected_true_pr_auc_v1,codebert_class_weight_balanced,codebert,60/40,2,random_flip_20,test,90/10,test,learning_rate,2.0000000000000002e-05,2.0000000000000002e-05,4,True,1698,48,132.97560002794489,210,21,189,0.84761904761904761,0.70370370370370372,0.33333333333333331,0.52380952380952384,0.40740740740740738,0.3358349319020677,167,22,10,11,0.78080120937263786,0.28898298613809348,0.26692106205908112
codebert_balanced_ratio_preserved_noise_mcc_selected_true_pr_auc_v1,codebert_class_weight_balanced,codebert,60/40,2,random_fp_10,validation,60/40,valid,learning_rate,2.0000000000000002e-05,2.0000000000000002e-05,1,True,2124,48,164.05280299892183,48,19,29,0.8125,0.84482758620689657,0.6785714285714286,1,0.80851063829787229,0.68409085329837771,20,9,0,19,0.86206896551724133,0.7533527096684991,0.7521306278981037
codebert_balanced_ratio_preserved_noise_mcc_selected_true_pr_auc_v1,codebert_class_weight_balanced,codebert,60/40,2,random_fp_10,test,50/50,test,learning_rate,2.0000000000000002e-05,2.0000000000000002e-05,1,True,2124,48,164.05280299892183,42,21,21,0.7142857142857143,0.71428571428571419,0.69565217391304346,0.76190476190476186,0.72727272727272729,0.43052838591144588,14,7,5,16,0.74149659863945572,0.72152940406152222,0.71133771203123175
codebert_balanced_ratio_preserved_noise_mcc_selected_true_pr_auc_v1,codebert_class_weight_balanced,codebert,60/40,2,random_fp_10,test,60/40,test,learning_rate,2.0000000000000002e-05,2.0000000000000002e-05,1,True,2124,48,164.05280299892183,53,21,32,0.77358490566037741,0.77157738095238093,0.69565217391304346,0.76190476190476186,0.72727272727272729,0.53602331781320434,25,7,5,16,0.83779761904761907,0.78238238099704416,0.77505105243086303
codebert_balanced_ratio_preserved_noise_mcc_selected_true_pr_auc_v1,codebert_class_weight_balanced,codebert,60/40,2,random_fp_10,test,70/30,test,learning_rate,2.0000000000000002e-05,2.0000000000000002e-05,1,True,2124,48,164.05280299892183,70,21,49,0.77142857142857146,0.76870748299319724,0.59259259259259256,0.76190476190476186,0.66666666666666663,0.50594269998482844,38,11,5,16,0.82069970845481044,0.62661151755613453,0.61489864925763427
codebert_balanced_ratio_preserved_noise_mcc_selected_true_pr_auc_v1,codebert_class_weight_balanced,codebert,60/40,2,random_fp_10,test,75/25,test,learning_rate,2.0000000000000002e-05,2.0000000000000002e-05,1,True,2124,48,164.05280299892183,84,21,63,0.6428571428571429,0.68253968253968256,0.3902439024390244,0.76190476190476186,0.5161290322580645,0.31625765945794237,38,25,5,16,0.75396825396825395,0.5093113734720256,0.49861587782997713
codebert_balanced_ratio_preserved_noise_mcc_selected_true_pr_auc_v1,codebert_class_weight_balanced,codebert,60/40,2,random_fp_10,test,80/20,test,learning_rate,2.0000000000000002e-05,2.0000000000000002e-05,1,True,2124,48,164.05280299892183,105,21,84,0.77142857142857146,0.76785714285714279,0.45714285714285713,0.76190476190476186,0.5714285714285714,0.45456864504849487,65,19,5,16,0.84665532879818595,0.56754102930687356,0.52455093370411565
codebert_balanced_ratio_preserved_noise_mcc_selected_true_pr_auc_v1,codebert_class_weight_balanced,codebert,60/40,2,random_fp_10,test,90/10,test,learning_rate,2.0000000000000002e-05,2.0000000000000002e-05,1,True,2124,48,164.05280299892183,210,21,189,0.68571428571428572,0.71957671957671954,0.20779220779220781,0.76190476190476186,0.32653061224489793,0.27339190714706763,128,61,5,16,0.81078357268833456,0.40817306705812673,0.39940115280139188
codebert_balanced_ratio_preserved_noise_mcc_selected_true_pr_auc_v1,codebert_class_weight_balanced,codebert,60/40,2,random_fp_20,validation,60/40,valid,learning_rate,2.0000000000000002e-05,2.0000000000000002e-05,5,True,2549,48,197.57671146607026,48,19,29,0.8125,0.79038112522686021,0.8125,0.68421052631578949,0.74285714285714288,0.60247523312877793,26,3,6,13,0.76406533575317603,0.7319138630229064,0.71752098396620523
codebert_balanced_ratio_preserved_noise_mcc_selected_true_pr_auc_v1,codebert_class_weight_balanced,codebert,60/40,2,random_fp_20,test,50/50,test,learning_rate,2.0000000000000002e-05,2.0000000000000002e-05,5,True,2549,48,197.57671146607026,42,21,21,0.76190476190476186,0.76190476190476186,0.76190476190476186,0.76190476190476186,0.76190476190476186,0.52380952380952384,16,5,5,16,0.72108843537414968,0.7050692254866483,0.67896913741177034
codebert_balanced_ratio_preserved_noise_mcc_selected_true_pr_auc_v1,codebert_class_weight_balanced,codebert,60/40,2,random_fp_20,test,60/40,test,learning_rate,2.0000000000000002e-05,2.0000000000000002e-05,5,True,2549,48,197.57671146607026,53,21,32,0.77358490566037741,0.77157738095238093,0.69565217391304346,0.76190476190476186,0.72727272727272729,0.53602331781320434,25,7,5,16,0.77083333333333337,0.80086541759169494,0.79726771874610369
codebert_balanced_ratio_preserved_noise_mcc_selected_true_pr_auc_v1,codebert_class_weight_balanced,codebert,60/40,2,random_fp_20,test,70/30,test,learning_rate,2.0000000000000002e-05,2.0000000000000002e-05,5,True,2549,48,197.57671146607026,70,21,49,0.77142857142857146,0.76870748299319724,0.59259259259259256,0.76190476190476186,0.66666666666666663,0.50594269998482844,38,11,5,16,0.71914480077745391,0.50073195974048856,0.47958763311466357
codebert_balanced_ratio_preserved_noise_mcc_selected_true_pr_auc_v1,codebert_class_weight_balanced,codebert,60/40,2,random_fp_20,test,75/25,test,learning_rate,2.0000000000000002e-05,2.0000000000000002e-05,5,True,2549,48,197.57671146607026,84,21,63,0.79761904761904767,0.7857142857142857,0.5714285714285714,0.76190476190476186,0.65306122448979587,0.52489065916782396,51,12,5,16,0.75056689342403637,0.59050309694399283,0.56394788149831354
codebert_balanced_ratio_preserved_noise_mcc_selected_true_pr_auc_v1,codebert_class_weight_balanced,codebert,60/40,2,random_fp_20,test,80/20,test,learning_rate,2.0000000000000002e-05,2.0000000000000002e-05,5,True,2549,48,197.57671146607026,105,21,84,0.80000000000000004,0.7857142857142857,0.5,0.76190476190476186,0.60377358490566035,0.49656353316142077,68,16,5,16,0.76332199546485258,0.57159287817297422,0.55595447108312057
codebert_balanced_ratio_preserved_noise_mcc_selected_true_pr_auc_v1,codebert_class_weight_balanced,codebert,60/40,2,random_fp_20,test,90/10,test,learning_rate,2.0000000000000002e-05,2.0000000000000002e-05,5,True,2549,48,197.57671146607026,210,21,189,0.81428571428571428,0.79100529100529093,0.32000000000000001,0.76190476190476186,0.45070422535211269,0.40994579587496149,155,34,5,16,0.75308641975308643,0.2814314683422206,0.26364142233433463
codebert_balanced_ratio_preserved_noise_mcc_selected_true_pr_auc_v1,codebert_class_weight_balanced,codebert,60/40,3,clean,validation,60/40,valid,learning_rate,2.0000000000000002e-05,2.0000000000000002e-05,4,True,1698,48,136.36779721803032,48,19,29,0.85416666666666663,0.82486388384754994,0.9285714285714286,0.68421052631578949,0.78787878787878785,0.69904277413703753,28,1,6,13,0.93738656987295821,0.92254800561601802,0.92131445706254023
codebert_balanced_ratio_preserved_noise_mcc_selected_true_pr_auc_v1,codebert_class_weight_balanced,codebert,60/40,3,clean,test,50/50,test,learning_rate,2.0000000000000002e-05,2.0000000000000002e-05,4,True,1698,48,136.36779721803032,42,21,21,0.76190476190476186,0.76190476190476186,0.8666666666666667,0.61904761904761907,0.72222222222222221,0.54659439449994862,19,2,8,13,0.76417233560090692,0.72964060958632304,0.70570146385384191
codebert_balanced_ratio_preserved_noise_mcc_selected_true_pr_auc_v1,codebert_class_weight_balanced,codebert,60/40,3,clean,test,60/40,test,learning_rate,2.0000000000000002e-05,2.0000000000000002e-05,4,True,1698,48,136.36779721803032,53,21,32,0.77358490566037741,0.74702380952380953,0.76470588235294112,0.61904761904761907,0.68421052631578949,0.51769948875754113,28,4,8,13,0.78720238095238093,0.76093000746338069,0.75468273400868635
codebert_balanced_ratio_preserved_noise_mcc_selected_true_pr_auc_v1,codebert_class_weight_balanced,codebert,60/40,3,clean,test,70/30,test,learning_rate,2.0000000000000002e-05,2.0000000000000002e-05,4,True,1698,48,136.36779721803032,70,21,49,0.82857142857142863,0.76870748299319724,0.76470588235294112,0.61904761904761907,0.68421052631578949,0.57432146538799334,45,4,8,13,0.81632653061224492,0.73685988614560061,0.72990278317570234
codebert_balanced_ratio_preserved_noise_mcc_selected_true_pr_auc_v1,codebert_class_weight_balanced,codebert,60/40,3,clean,test,75/25,test,learning_rate,2.0000000000000002e-05,2.0000000000000002e-05,4,True,1698,48,136.36779721803032,84,21,63,0.79761904761904767,0.73809523809523814,0.59090909090909094,0.61904761904761907,0.60465116279069764,0.46897904961054182,54,9,8,13,0.8155706727135299,0.5628503561229008,0.53866528558414184
codebert_balanced_ratio_preserved_noise_mcc_selected_true_pr_auc_v1,codebert_class_weight_balanced,codebert,60/40,3,clean,test,80/20,test,learning_rate,2.0000000000000002e-05,2.0000000000000002e-05,4,True,1698,48,136.36779721803032,105,21,84,0.81904761904761902,0.74404761904761907,0.54166666666666663,0.61904761904761907,0.57777777777777772,0.4649494419171773,73,11,8,13,0.77834467120181405,0.41289638362467496,0.39308079556993103
codebert_balanced_ratio_preserved_noise_mcc_selected_true_pr_auc_v1,codebert_class_weight_balanced,codebert,60/40,3,clean,test,90/10,test,learning_rate,2.0000000000000002e-05,2.0000000000000002e-05,4,True,1698,48,136.36779721803032,210,21,189,0.86190476190476195,0.75396825396825395,0.38235294117647056,0.61904761904761907,0.47272727272727272,0.41367015199601531,168,21,8,13,0.81620055429579241,0.35205760479550197,0.32785442904115353
codebert_balanced_ratio_preserved_noise_mcc_selected_true_pr_auc_v1,codebert_class_weight_balanced,codebert,60/40,3,heuristic_fp_10,validation,60/40,valid,learning_rate,2.0000000000000002e-05,2.0000000000000002e-05,3,True,2124,48,186.9015987419989,48,19,29,0.875,0.87840290381125219,0.80952380952380953,0.89473684210526316,0.84999999999999998,0.74605135949396562,25,4,2,17,0.94192377495462787,0.91690919832325113,0.91450260305979492
codebert_balanced_ratio_preserved_noise_mcc_selected_true_pr_auc_v1,codebert_class_weight_balanced,codebert,60/40,3,heuristic_fp_10,test,50/50,test,learning_rate,2.0000000000000002e-05,2.0000000000000002e-05,3,True,2124,48,186.9015987419989,42,21,21,0.80952380952380953,0.80952380952380953,0.80952380952380953,0.80952380952380953,0.80952380952380953,0.61904761904761907,17,4,4,17,0.89569160997732422,0.8918912742046744,0.88864274182307756
codebert_balanced_ratio_preserved_noise_mcc_selected_true_pr_auc_v1,codebert_class_weight_balanced,codebert,60/40,3,heuristic_fp_10,test,60/40,test,learning_rate,2.0000000000000002e-05,2.0000000000000002e-05,3,True,2124,48,186.9015987419989,53,21,32,0.69811320754716977,0.71726190476190477,0.58620689655172409,0.80952380952380953,0.68000000000000005,0.42696629719235452,20,12,4,17,0.82961309523809534,0.7828356726177953,0.77761940686651376
codebert_balanced_ratio_preserved_noise_mcc_selected_true_pr_auc_v1,codebert_class_weight_balanced,codebert,60/40,3,heuristic_fp_10,test,70/30,test,learning_rate,2.0000000000000002e-05,2.0000000000000002e-05,3,True,2124,48,186.9015987419989,70,21,49,0.77142857142857146,0.78231292517006801,0.58620689655172409,0.80952380952380953,0.68000000000000005,0.52526385619714755,37,12,4,17,0.85374149659863952,0.70686129381184892,0.70537345984624122
codebert_balanced_ratio_preserved_noise_mcc_selected_true_pr_auc_v1,codebert_class_weight_balanced,codebert,60/40,3,heuristic_fp_10,test,75/25,test,learning_rate,2.0000000000000002e-05,2.0000000000000002e-05,3,True,2124,48,186.9015987419989,84,21,63,0.70238095238095233,0.73809523809523814,0.44736842105263158,0.80952380952380953,0.57627118644067798,0.41427613249958056,42,21,4,17,0.85222978080120937,0.67659404908215903,0.67090344919470912
codebert_balanced_ratio_preserved_noise_mcc_selected_true_pr_auc_v1,codebert_class_weight_balanced,codebert,60/40,3,heuristic_fp_10,test,80/20,test,learning_rate,2.0000000000000002e-05,2.0000000000000002e-05,3,True,2124,48,186.9015987419989,105,21,84,0.74285714285714288,0.76785714285714279,0.42499999999999999,0.80952380952380953,0.55737704918032782,0.44126130406091407,61,23,4,17,0.84693877551020402,0.58772857002523815,0.57964672232979164
codebert_balanced_ratio_preserved_noise_mcc_selected_true_pr_auc_v1,codebert_class_weight_balanced,codebert,60/40,3,heuristic_fp_10,test,90/10,test,learning_rate,2.0000000000000002e-05,2.0000000000000002e-05,3,True,2124,48,186.9015987419989,210,21,189,0.74285714285714288,0.77248677248677255,0.2537313432835821,0.80952380952380953,0.38636363636363635,0.35076039453755031,139,50,4,17,0.86923658352229793,0.50248367994239251,0.49405390145508538
codebert_balanced_ratio_preserved_noise_mcc_selected_true_pr_auc_v1,codebert_class_weight_balanced,codebert,60/40,3,heuristic_fp_20,validation,60/40,valid,learning_rate,2.0000000000000002e-05,2.0000000000000002e-05,1,True,2549,48,203.95632319804281,48,19,29,0.79166666666666663,0.80036297640653353,0.69565217391304346,0.84210526315789469,0.76190476190476186,0.58805544012688671,22,7,3,16,0.89564428312159705,0.82864178567673807,0.82676437407998127
codebert_balanced_ratio_preserved_noise_mcc_selected_true_pr_auc_v1,codebert_class_weight_balanced,codebert,60/40,3,heuristic_fp_20,test,50/50,test,learning_rate,2.0000000000000002e-05,2.0000000000000002e-05,1,True,2549,48,203.95632319804281,42,21,21,0.83333333333333337,0.83333333333333326,0.84999999999999998,0.80952380952380953,0.82926829268292679,0.66742381247191462,18,3,4,17,0.88662131519274379,0.87772572816801053,0.87297746747352656
codebert_balanced_ratio_preserved_noise_mcc_selected_true_pr_auc_v1,codebert_class_weight_balanced,codebert,60/40,3,heuristic_fp_20,test,60/40,test,learning_rate,2.0000000000000002e-05,2.0000000000000002e-05,1,True,2549,48,203.95632319804281,53,21,32,0.73584905660377353,0.74851190476190477,0.62962962962962965,0.80952380952380953,0.70833333333333337,0.48628768814600093,22,10,4,17,0.79389880952380953,0.6973545917228654,0.69218942433965291
codebert_balanced_ratio_preserved_noise_mcc_selected_true_pr_auc_v1,codebert_class_weight_balanced,codebert,60/40,3,heuristic_fp_20,test,70/30,test,learning_rate,2.0000000000000002e-05,2.0000000000000002e-05,1,True,2549,48,203.95632319804281,70,21,49,0.75714285714285712,0.77210884353741505,0.56666666666666665,0.80952380952380953,0.66666666666666663,0.50395263067896956,36,13,4,17,0.83576287657920301,0.64356540421811359,0.598608960375143
codebert_balanced_ratio_preserved_noise_mcc_selected_true_pr_auc_v1,codebert_class_weight_balanced,codebert,60/40,3,heuristic_fp_20,test,75/25,test,learning_rate,2.0000000000000002e-05,2.0000000000000002e-05,1,True,2549,48,203.95632319804281,84,21,63,0.70238095238095233,0.73809523809523814,0.44736842105263158,0.80952380952380953,0.57627118644067798,0.41427613249958056,42,21,4,17,0.81594860166288741,0.50143696779287006,0.46771027866236381
codebert_balanced_ratio_preserved_noise_mcc_selected_true_pr_auc_v1,codebert_class_weight_balanced,codebert,60/40,3,heuristic_fp_20,test,80/20,test,learning_rate,2.0000000000000002e-05,2.0000000000000002e-05,1,True,2549,48,203.95632319804281,105,21,84,0.72380952380952379,0.75595238095238093,0.40476190476190477,0.80952380952380953,0.53968253968253965,0.41796848785585972,59,25,4,17,0.80668934240362811,0.43047761606386992,0.39846856069122044
codebert_balanced_ratio_preserved_noise_mcc_selected_true_pr_auc_v1,codebert_class_weight_balanced,codebert,60/40,3,heuristic_fp_20,test,90/10,test,learning_rate,2.0000000000000002e-05,2.0000000000000002e-05,1,True,2549,48,203.95632319804281,210,21,189,0.74285714285714288,0.77248677248677255,0.2537313432835821,0.80952380952380953,0.38636363636363635,0.35076039453755031,139,50,4,17,0.84996220710506409,0.44405220660528932,0.43437652842321717
codebert_balanced_ratio_preserved_noise_mcc_selected_true_pr_auc_v1,codebert_class_weight_balanced,codebert,60/40,3,random_flip_10,validation,60/40,valid,learning_rate,2.0000000000000002e-05,2.0000000000000002e-05,1,True,1698,48,136.18185306200758,48,19,29,0.875,0.89655172413793105,0.76000000000000001,1,0.86363636363636365,0.77637530917054232,23,6,0,19,0.93829401088929221,0.85477427167911124,0.84555121403500078
codebert_balanced_ratio_preserved_noise_mcc_selected_true_pr_auc_v1,codebert_class_weight_balanced,codebert,60/40,3,random_flip_10,test,50/50,test,learning_rate,2.0000000000000002e-05,2.0000000000000002e-05,1,True,1698,48,136.18185306200758,42,21,21,0.69047619047619047,0.69047619047619047,0.66666666666666663,0.76190476190476186,0.71111111111111114,0.38490017945975052,13,8,5,16,0.77777777777777779,0.80411646691578031,0.79813550010207912
codebert_balanced_ratio_preserved_noise_mcc_selected_true_pr_auc_v1,codebert_class_weight_balanced,codebert,60/40,3,random_flip_10,test,60/40,test,learning_rate,2.0000000000000002e-05,2.0000000000000002e-05,1,True,1698,48,136.18185306200758,53,21,32,0.660377358490566,0.67782738095238093,0.55172413793103448,0.76190476190476186,0.64000000000000001,0.34946898982524904,19,13,5,16,0.7455357142857143,0.71878074272938042,0.71147437526573687
codebert_balanced_ratio_preserved_noise_mcc_selected_true_pr_auc_v1,codebert_class_weight_balanced,codebert,60/40,3,random_flip_10,test,70/30,test,learning_rate,2.0000000000000002e-05,2.0000000000000002e-05,1,True,1698,48,136.18185306200758,70,21,49,0.69999999999999996,0.71768707482993199,0.5,0.76190476190476186,0.60377358490566035,0.40050093945740711,33,16,5,16,0.80758017492711376,0.67030716367891108,0.66093999553768024
codebert_balanced_ratio_preserved_noise_mcc_selected_true_pr_auc_v1,codebert_class_weight_balanced,codebert,60/40,3,random_flip_10,test,75/25,test,learning_rate,2.0000000000000002e-05,2.0000000000000002e-05,1,True,1698,48,136.18185306200758,84,21,63,0.75,0.75396825396825395,0.5,0.76190476190476186,0.60377358490566035,0.45291081365783825,47,16,5,16,0.80498866213151921,0.59274390944750777,0.58180479409518671
codebert_balanced_ratio_preserved_noise_mcc_selected_true_pr_auc_v1,codebert_class_weight_balanced,codebert,60/40,3,random_flip_10,test,80/20,test,learning_rate,2.0000000000000002e-05,2.0000000000000002e-05,1,True,1698,48,136.18185306200758,105,21,84,0.62857142857142856,0.6785714285714286,0.32000000000000001,0.76190476190476186,0.45070422535211269,0.28603877677367767,50,34,5,16,0.75878684807256236,0.47208032730868987,0.46549933790210318
codebert_balanced_ratio_preserved_noise_mcc_selected_true_pr_auc_v1,codebert_class_weight_balanced,codebert,60/40,3,random_flip_10,test,90/10,test,learning_rate,2.0000000000000002e-05,2.0000000000000002e-05,1,True,1698,48,136.18185306200758,210,21,189,0.73333333333333328,0.74603174603174605,0.23880597014925373,0.76190476190476186,0.36363636363636365,0.31670598730089494,138,51,5,16,0.81859410430838997,0.39114703032975662,0.37790151105319847
codebert_balanced_ratio_preserved_noise_mcc_selected_true_pr_auc_v1,codebert_class_weight_balanced,codebert,60/40,3,random_flip_20,validation,60/40,valid,learning_rate,2.0000000000000002e-05,2.0000000000000002e-05,3,True,1698,48,132.84665360499639,48,19,29,0.875,0.87840290381125219,0.80952380952380953,0.89473684210526316,0.84999999999999998,0.74605135949396562,25,4,2,17,0.90199637023593471,0.7786646220768012,0.76642463475672229
codebert_balanced_ratio_preserved_noise_mcc_selected_true_pr_auc_v1,codebert_class_weight_balanced,codebert,60/40,3,random_flip_20,test,50/50,test,learning_rate,2.0000000000000002e-05,2.0000000000000002e-05,3,True,1698,48,132.84665360499639,42,21,21,0.7142857142857143,0.71428571428571419,0.73684210526315785,0.66666666666666663,0.69999999999999996,0.43052838591144588,16,5,7,14,0.76870748299319724,0.79753758019224952,0.79235204120068814
codebert_balanced_ratio_preserved_noise_mcc_selected_true_pr_auc_v1,codebert_class_weight_balanced,codebert,60/40,3,random_flip_20,test,60/40,test,learning_rate,2.0000000000000002e-05,2.0000000000000002e-05,3,True,1698,48,132.84665360499639,53,21,32,0.58490566037735847,0.59895833333333326,0.48275862068965519,0.66666666666666663,0.56000000000000005,0.19447437509103818,17,15,7,14,0.67261904761904767,0.66823100809955793,0.66219979812952112
codebert_balanced_ratio_preserved_noise_mcc_selected_true_pr_auc_v1,codebert_class_weight_balanced,codebert,60/40,3,random_flip_20,test,70/30,test,learning_rate,2.0000000000000002e-05,2.0000000000000002e-05,3,True,1698,48,132.84665360499639,70,21,49,0.65714285714285714,0.65986394557823125,0.45161290322580644,0.66666666666666663,0.53846153846153844,0.29496810637826137,32,17,7,14,0.76093294460641392,0.64092936614594076,0.6341933273647351
codebert_balanced_ratio_preserved_noise_mcc_selected_true_pr_auc_v1,codebert_class_weight_balanced,codebert,60/40,3,random_flip_20,test,75/25,test,learning_rate,2.0000000000000002e-05,2.0000000000000002e-05,3,True,1698,48,132.84665360499639,84,21,63,0.70238095238095233,0.69047619047619047,0.4375,0.66666666666666663,0.52830188679245282,0.33968311024337872,45,18,7,14,0.75132275132275128,0.50819215550701624,0.49549901655310857
codebert_balanced_ratio_preserved_noise_mcc_selected_true_pr_auc_v1,codebert_class_weight_balanced,codebert,60/40,3,random_flip_20,test,80/20,test,learning_rate,2.0000000000000002e-05,2.0000000000000002e-05,3,True,1698,48,132.84665360499639,105,21,84,0.68571428571428572,0.6785714285714286,0.34999999999999998,0.66666666666666663,0.45901639344262296,0.29417420270727607,58,26,7,14,0.74773242630385495,0.5067876162702396,0.49509429539671879
codebert_balanced_ratio_preserved_noise_mcc_selected_true_pr_auc_v1,codebert_class_weight_balanced,codebert,60/40,3,random_flip_20,test,90/10,test,learning_rate,2.0000000000000002e-05,2.0000000000000002e-05,3,True,1698,48,132.84665360499639,210,21,189,0.73333333333333328,0.70370370370370372,0.22222222222222221,0.66666666666666663,0.33333333333333331,0.26671075473287958,140,49,7,14,0.77664399092970515,0.37296779365313026,0.36298020366269795
codebert_balanced_ratio_preserved_noise_mcc_selected_true_pr_auc_v1,codebert_class_weight_balanced,codebert,60/40,3,random_fp_10,validation,60/40,valid,learning_rate,2.0000000000000002e-05,2.0000000000000002e-05,3,True,2124,48,165.61795117298607,48,19,29,0.875,0.86932849364791287,0.84210526315789469,0.84210526315789469,0.84210526315789469,0.73865698729582574,26,3,3,16,0.87295825771324853,0.8852548624899752,0.88301558101403987
codebert_balanced_ratio_preserved_noise_mcc_selected_true_pr_auc_v1,codebert_class_weight_balanced,codebert,60/40,3,random_fp_10,test,50/50,test,learning_rate,2.0000000000000002e-05,2.0000000000000002e-05,3,True,2124,48,165.61795117298607,42,21,21,0.76190476190476186,0.76190476190476186,0.73913043478260865,0.80952380952380953,0.77272727272727271,0.52620136055843392,15,6,4,17,0.83900226757369611,0.86902441200884284,0.86606742093042732
codebert_balanced_ratio_preserved_noise_mcc_selected_true_pr_auc_v1,codebert_class_weight_balanced,codebert,60/40,3,random_fp_10,test,60/40,test,learning_rate,2.0000000000000002e-05,2.0000000000000002e-05,3,True,2124,48,165.61795117298607,53,21,32,0.75471698113207553,0.76413690476190477,0.65384615384615385,0.80952380952380953,0.72340425531914898,0.51686266255039026,23,9,4,17,0.8013392857142857,0.73522347176697811,0.72819024480282279
codebert_balanced_ratio_preserved_noise_mcc_selected_true_pr_auc_v1,codebert_class_weight_balanced,codebert,60/40,3,random_fp_10,test,70/30,test,learning_rate,2.0000000000000002e-05,2.0000000000000002e-05,3,True,2124,48,165.61795117298607,70,21,49,0.81428571428571428,0.81292517006802723,0.65384615384615385,0.80952380952380953,0.72340425531914898,0.59356074020638561,40,9,4,17,0.82410106899902813,0.65581255203555644,0.64498545114263983
codebert_balanced_ratio_preserved_noise_mcc_selected_true_pr_auc_v1,codebert_class_weight_balanced,codebert,60/40,3,random_fp_10,test,75/25,test,learning_rate,2.0000000000000002e-05,2.0000000000000002e-05,3,True,2124,48,165.61795117298607,84,21,63,0.7857142857142857,0.79365079365079372,0.54838709677419351,0.80952380952380953,0.65384615384615385,0.52701419743016409,49,14,4,17,0.81972789115646261,0.60806973358556426,0.59704408016953558
codebert_balanced_ratio_preserved_noise_mcc_selected_true_pr_auc_v1,codebert_class_weight_balanced,codebert,60/40,3,random_fp_10,test,80/20,test,learning_rate,2.0000000000000002e-05,2.0000000000000002e-05,3,True,2124,48,165.61795117298607,105,21,84,0.77142857142857146,0.7857142857142857,0.45945945945945948,0.80952380952380953,0.58620689655172409,0.47847133369734002,64,20,4,17,0.79875283446712009,0.46143329081004147,0.43247246466388412
codebert_balanced_ratio_preserved_noise_mcc_selected_true_pr_auc_v1,codebert_class_weight_balanced,codebert,60/40,3,random_fp_10,test,90/10,test,learning_rate,2.0000000000000002e-05,2.0000000000000002e-05,3,True,2124,48,165.61795117298607,210,21,189,0.80476190476190479,0.80687830687830686,0.31481481481481483,0.80952380952380953,0.45333333333333331,0.42128651251906202,152,37,4,17,0.8271604938271605,0.40055749405280711,0.39082424211632688
codebert_balanced_ratio_preserved_noise_mcc_selected_true_pr_auc_v1,codebert_class_weight_balanced,codebert,60/40,3,random_fp_20,validation,60/40,valid,learning_rate,2.0000000000000002e-05,2.0000000000000002e-05,1,True,2549,48,196.14638289995492,48,19,29,0.85416666666666663,0.86116152450090744,0.77272727272727271,0.89473684210526316,0.82926829268292679,0.70893963651466296,24,5,2,17,0.92377495462794912,0.85671324012541938,0.85060862328281628
codebert_balanced_ratio_preserved_noise_mcc_selected_true_pr_auc_v1,codebert_class_weight_balanced,codebert,60/40,3,random_fp_20,test,50/50,test,learning_rate,2.0000000000000002e-05,2.0000000000000002e-05,1,True,2549,48,196.14638289995492,42,21,21,0.69047619047619047,0.69047619047619047,0.69999999999999996,0.66666666666666663,0.68292682926829273,0.38138503569823695,15,6,7,14,0.78004535147392284,0.81526205934626594,0.81055395145570375
codebert_balanced_ratio_preserved_noise_mcc_selected_true_pr_auc_v1,codebert_class_weight_balanced,codebert,60/40,3,random_fp_20,test,60/40,test,learning_rate,2.0000000000000002e-05,2.0000000000000002e-05,1,True,2549,48,196.14638289995492,53,21,32,0.75471698113207553,0.73958333333333326,0.69999999999999996,0.66666666666666663,0.68292682926829273,0.48350310497994997,26,6,7,14,0.77901785714285721,0.78290818232530113,0.77875014189379932
codebert_balanced_ratio_preserved_noise_mcc_selected_true_pr_auc_v1,codebert_class_weight_balanced,codebert,60/40,3,random_fp_20,test,70/30,test,learning_rate,2.0000000000000002e-05,2.0000000000000002e-05,1,True,2549,48,196.14638289995492,70,21,49,0.75714285714285712,0.73129251700680276,0.58333333333333337,0.66666666666666663,0.62222222222222223,0.44659589686882373,39,10,7,14,0.82993197278911568,0.70283095253031502,0.69245567442771594
codebert_balanced_ratio_preserved_noise_mcc_selected_true_pr_auc_v1,codebert_class_weight_balanced,codebert,60/40,3,random_fp_20,test,75/25,test,learning_rate,2.0000000000000002e-05,2.0000000000000002e-05,1,True,2549,48,196.14638289995492,84,21,63,0.73809523809523814,0.71428571428571419,0.48275862068965519,0.66666666666666663,0.56000000000000005,0.39032178670768991,48,15,7,14,0.81897203325774748,0.58622785667332722,0.54476519919077593
codebert_balanced_ratio_preserved_noise_mcc_selected_true_pr_auc_v1,codebert_class_weight_balanced,codebert,60/40,3,random_fp_20,test,80/20,test,learning_rate,2.0000000000000002e-05,2.0000000000000002e-05,1,True,2549,48,196.14638289995492,105,21,84,0.74285714285714288,0.71428571428571419,0.41176470588235292,0.66666666666666663,0.50909090909090904,0.36635647545598748,64,20,7,14,0.78996598639455773,0.50448947140922851,0.49114139219006636
codebert_balanced_ratio_preserved_noise_mcc_selected_true_pr_auc_v1,codebert_class_weight_balanced,codebert,60/40,3,random_fp_20,test,90/10,test,learning_rate,2.0000000000000002e-05,2.0000000000000002e-05,1,True,2549,48,196.14638289995492,210,21,189,0.79523809523809519,0.73809523809523814,0.28000000000000003,0.66666666666666663,0.39436619718309857,0.33541019662496846,153,36,7,14,0.83875031494079111,0.51066879028438306,0.50500971056199029
codebert_balanced_ratio_preserved_noise_mcc_selected_true_pr_auc_v1,codebert_class_weight_balanced,codebert,60/40,4,clean,validation,60/40,valid,learning_rate,2.0000000000000002e-05,2.0000000000000002e-05,1,True,1698,48,151.82361613900866,48,19,29,0.72916666666666663,0.77586206896551724,0.59375,1,0.74509803921568629,0.57235147147233911,16,13,0,19,0.79945553539019965,0.70134440056699177,0.69237751961428362
codebert_balanced_ratio_preserved_noise_mcc_selected_true_pr_auc_v1,codebert_class_weight_balanced,codebert,60/40,4,clean,test,50/50,test,learning_rate,2.0000000000000002e-05,2.0000000000000002e-05,1,True,1698,48,151.82361613900866,42,21,21,0.6428571428571429,0.64285714285714279,0.61538461538461542,0.76190476190476186,0.68085106382978722,0.29417420270727607,11,10,5,16,0.78004535147392284,0.81171808790856392,0.80723388993089351
codebert_balanced_ratio_preserved_noise_mcc_selected_true_pr_auc_v1,codebert_class_weight_balanced,codebert,60/40,4,clean,test,60/40,test,learning_rate,2.0000000000000002e-05,2.0000000000000002e-05,1,True,1698,48,151.82361613900866,53,21,32,0.69811320754716977,0.70907738095238093,0.59259259259259256,0.76190476190476186,0.66666666666666663,0.40912227655397088,21,11,5,16,0.8035714285714286,0.70668131066588358,0.68464526058602204
codebert_balanced_ratio_preserved_noise_mcc_selected_true_pr_auc_v1,codebert_class_weight_balanced,codebert,60/40,4,clean,test,70/30,test,learning_rate,2.0000000000000002e-05,2.0000000000000002e-05,1,True,1698,48,151.82361613900866,70,21,49,0.6428571428571429,0.6768707482993197,0.44444444444444442,0.76190476190476186,0.56140350877192979,0.32434184837821856,29,20,5,16,0.80029154518950429,0.63263680963505775,0.59989357022670697
codebert_balanced_ratio_preserved_noise_mcc_selected_true_pr_auc_v1,codebert_class_weight_balanced,codebert,60/40,4,clean,test,75/25,test,learning_rate,2.0000000000000002e-05,2.0000000000000002e-05,1,True,1698,48,151.82361613900866,84,21,63,0.6428571428571429,0.68253968253968256,0.3902439024390244,0.76190476190476186,0.5161290322580645,0.31625765945794237,38,25,5,16,0.77626606198034775,0.45096630038246382,0.4243333274308802
codebert_balanced_ratio_preserved_noise_mcc_selected_true_pr_auc_v1,codebert_class_weight_balanced,codebert,60/40,4,clean,test,80/20,test,learning_rate,2.0000000000000002e-05,2.0000000000000002e-05,1,True,1698,48,151.82361613900866,105,21,84,0.7142857142857143,0.7321428571428571,0.3902439024390244,0.76190476190476186,0.5161290322580645,0.3806735446034773,59,25,5,16,0.81831065759637189,0.53489307464267788,0.51955789591763635
codebert_balanced_ratio_preserved_noise_mcc_selected_true_pr_auc_v1,codebert_class_weight_balanced,codebert,60/40,4,clean,test,90/10,test,learning_rate,2.0000000000000002e-05,2.0000000000000002e-05,1,True,1698,48,151.82361613900866,210,21,189,0.63809523809523805,0.69312169312169303,0.18390804597701149,0.76190476190476186,0.29629629629629628,0.23522822061832852,118,71,5,16,0.81985386747291511,0.32259896877255873,0.29406374651374423
codebert_balanced_ratio_preserved_noise_mcc_selected_true_pr_auc_v1,codebert_class_weight_balanced,codebert,60/40,4,heuristic_fp_10,validation,60/40,valid,learning_rate,2.0000000000000002e-05,2.0000000000000002e-05,1,True,2124,48,169.96303100592922,48,19,29,0.79166666666666663,0.81851179673321228,0.66666666666666663,0.94736842105263153,0.78260869565217395,0.62797128820715087,20,9,1,18,0.83121597096188748,0.67138063125082337,0.63946347204264253
codebert_balanced_ratio_preserved_noise_mcc_selected_true_pr_auc_v1,codebert_class_weight_balanced,codebert,60/40,4,heuristic_fp_10,test,50/50,test,learning_rate,2.0000000000000002e-05,2.0000000000000002e-05,1,True,2124,48,169.96303100592922,42,21,21,0.69047619047619047,0.69047619047619047,0.65384615384615385,0.80952380952380953,0.72340425531914898,0.39223227027636809,12,9,4,17,0.83673469387755106,0.85256435773677164,0.84817981932315467
codebert_balanced_ratio_preserved_noise_mcc_selected_true_pr_auc_v1,codebert_class_weight_balanced,codebert,60/40,4,heuristic_fp_10,test,60/40,test,learning_rate,2.0000000000000002e-05,2.0000000000000002e-05,1,True,2124,48,169.96303100592922,53,21,32,0.75471698113207553,0.76413690476190477,0.65384615384615385,0.80952380952380953,0.72340425531914898,0.51686266255039026,23,9,4,17,0.82440476190476186,0.73494105207527505,0.725124168449371
codebert_balanced_ratio_preserved_noise_mcc_selected_true_pr_auc_v1,codebert_class_weight_balanced,codebert,60/40,4,heuristic_fp_10,test,70/30,test,learning_rate,2.0000000000000002e-05,2.0000000000000002e-05,1,True,2124,48,169.96303100592922,70,21,49,0.62857142857142856,0.68027210884353739,0.4358974358974359,0.80952380952380953,0.56666666666666665,0.33262360932016705,27,22,4,17,0.80563654033041776,0.63615969807005612,0.62436034233411064
codebert_balanced_ratio_preserved_noise_mcc_selected_true_pr_auc_v1,codebert_class_weight_balanced,codebert,60/40,4,heuristic_fp_10,test,75/25,test,learning_rate,2.0000000000000002e-05,2.0000000000000002e-05,1,True,2124,48,169.96303100592922,84,21,63,0.79761904761904767,0.80158730158730163,0.56666666666666665,0.80952380952380953,0.66666666666666663,0.54508654502178455,50,13,4,17,0.85185185185185186,0.56350028079989545,0.53723771194890035
codebert_balanced_ratio_preserved_noise_mcc_selected_true_pr_auc_v1,codebert_class_weight_balanced,codebert,60/40,4,heuristic_fp_10,test,80/20,test,learning_rate,2.0000000000000002e-05,2.0000000000000002e-05,1,True,2124,48,169.96303100592922,105,21,84,0.75238095238095237,0.77380952380952384,0.4358974358974359,0.80952380952380953,0.56666666666666665,0.45333950359163006,62,22,4,17,0.86848072562358269,0.64259474910792647,0.6316407041865908
codebert_balanced_ratio_preserved_noise_mcc_selected_true_pr_auc_v1,codebert_class_weight_balanced,codebert,60/40,4,heuristic_fp_10,test,90/10,test,learning_rate,2.0000000000000002e-05,2.0000000000000002e-05,1,True,2124,48,169.96303100592922,210,21,189,0.72857142857142854,0.76455026455026454,0.24285714285714285,0.80952380952380953,0.37362637362637363,0.33671751485073692,136,53,4,17,0.85285966238347188,0.34530102105009952,0.32237375457695755
codebert_balanced_ratio_preserved_noise_mcc_selected_true_pr_auc_v1,codebert_class_weight_balanced,codebert,60/40,4,heuristic_fp_20,validation,60/40,valid,learning_rate,2.0000000000000002e-05,2.0000000000000002e-05,2,True,2549,48,204.54275754501577,48,19,29,0.72916666666666663,0.76678765880217781,0.59999999999999998,0.94736842105263153,0.73469387755102045,0.53898248335393184,17,12,1,18,0.80943738656987296,0.6857545727074813,0.67197268528658927
codebert_balanced_ratio_preserved_noise_mcc_selected_true_pr_auc_v1,codebert_class_weight_balanced,codebert,60/40,4,heuristic_fp_20,test,50/50,test,learning_rate,2.0000000000000002e-05,2.0000000000000002e-05,2,True,2549,48,204.54275754501577,42,21,21,0.7857142857142857,0.7857142857142857,0.75,0.8571428571428571,0.80000000000000004,0.57735026918962573,15,6,3,18,0.87301587301587302,0.8999330734624853,0.8978363263154765
codebert_balanced_ratio_preserved_noise_mcc_selected_true_pr_auc_v1,codebert_class_weight_balanced,codebert,60/40,4,heuristic_fp_20,test,60/40,test,learning_rate,2.0000000000000002e-05,2.0000000000000002e-05,2,True,2549,48,204.54275754501577,53,21,32,0.71698113207547165,0.7410714285714286,0.59999999999999998,0.8571428571428571,0.70588235294117652,0.47581247937391291,20,12,3,18,0.82291666666666663,0.71042064399293647,0.68728165788553797
codebert_balanced_ratio_preserved_noise_mcc_selected_true_pr_auc_v1,codebert_class_weight_balanced,codebert,60/40,4,heuristic_fp_20,test,70/30,test,learning_rate,2.0000000000000002e-05,2.0000000000000002e-05,2,True,2549,48,204.54275754501577,70,21,49,0.6428571428571429,0.70408163265306123,0.45000000000000001,0.8571428571428571,0.5901639344262295,0.3779644730092272,27,22,3,18,0.79591836734693877,0.61458681558649975,0.58612873866052251
codebert_balanced_ratio_preserved_noise_mcc_selected_true_pr_auc_v1,codebert_class_weight_balanced,codebert,60/40,4,heuristic_fp_20,test,75/25,test,learning_rate,2.0000000000000002e-05,2.0000000000000002e-05,2,True,2549,48,204.54275754501577,84,21,63,0.72619047619047616,0.76984126984126977,0.47368421052631576,0.8571428571428571,0.61016949152542377,0.46951295016619132,43,20,3,18,0.80083144368858661,0.52593559425764602,0.50700501379396568
codebert_balanced_ratio_preserved_noise_mcc_selected_true_pr_auc_v1,codebert_class_weight_balanced,codebert,60/40,4,heuristic_fp_20,test,80/20,test,learning_rate,2.0000000000000002e-05,2.0000000000000002e-05,2,True,2549,48,204.54275754501577,105,21,84,0.7142857142857143,0.76785714285714279,0.40000000000000002,0.8571428571428571,0.54545454545454541,0.4330127018922193,57,27,3,18,0.83106575963718821,0.62045202289907997,0.61374253393359002
codebert_balanced_ratio_preserved_noise_mcc_selected_true_pr_auc_v1,codebert_class_weight_balanced,codebert,60/40,4,heuristic_fp_20,test,90/10,test,learning_rate,2.0000000000000002e-05,2.0000000000000002e-05,2,True,2549,48,204.54275754501577,210,21,189,0.68095238095238098,0.7592592592592593,0.21951219512195122,0.8571428571428571,0.34951456310679613,0.31885476385590406,125,64,3,18,0.82199546485260766,0.4167318369031357,0.40203717102748016
codebert_balanced_ratio_preserved_noise_mcc_selected_true_pr_auc_v1,codebert_class_weight_balanced,codebert,60/40,4,random_flip_10,validation,60/40,valid,learning_rate,2.0000000000000002e-05,2.0000000000000002e-05,1,True,1698,48,149.13242627901491,48,19,29,0.72916666666666663,0.77586206896551724,0.59375,1,0.74509803921568629,0.57235147147233911,16,13,0,19,0.77676950998185124,0.69996353659872135,0.69148075135516818
codebert_balanced_ratio_preserved_noise_mcc_selected_true_pr_auc_v1,codebert_class_weight_balanced,codebert,60/40,4,random_flip_10,test,50/50,test,learning_rate,2.0000000000000002e-05,2.0000000000000002e-05,1,True,1698,48,149.13242627901491,42,21,21,0.66666666666666663,0.66666666666666674,0.62962962962962965,0.80952380952380953,0.70833333333333337,0.34783279649996729,11,10,4,17,0.78458049886621306,0.82586403933085317,0.82204642018459917
codebert_balanced_ratio_preserved_noise_mcc_selected_true_pr_auc_v1,codebert_class_weight_balanced,codebert,60/40,4,random_flip_10,test,60/40,test,learning_rate,2.0000000000000002e-05,2.0000000000000002e-05,1,True,1698,48,149.13242627901491,53,21,32,0.69811320754716977,0.71726190476190477,0.58620689655172409,0.80952380952380953,0.68000000000000005,0.42696629719235452,20,12,4,17,0.81622023809523814,0.70955882848163099,0.69662419991974778
codebert_balanced_ratio_preserved_noise_mcc_selected_true_pr_auc_v1,codebert_class_weight_balanced,codebert,60/40,4,random_flip_10,test,70/30,test,learning_rate,2.0000000000000002e-05,2.0000000000000002e-05,1,True,1698,48,149.13242627901491,70,21,49,0.68571428571428572,0.72108843537414968,0.48571428571428571,0.80952380952380953,0.6071428571428571,0.40526179615255731,31,18,4,17,0.81729834791059286,0.66294657897842646,0.63687849233262428
codebert_balanced_ratio_preserved_noise_mcc_selected_true_pr_auc_v1,codebert_class_weight_balanced,codebert,60/40,4,random_flip_10,test,75/25,test,learning_rate,2.0000000000000002e-05,2.0000000000000002e-05,1,True,1698,48,149.13242627901491,84,21,63,0.61904761904761907,0.68253968253968256,0.37777777777777777,0.80952380952380953,0.51515151515151514,0.31697765506131048,35,28,4,17,0.80158730158730163,0.52785527563199686,0.50242986207567819
codebert_balanced_ratio_preserved_noise_mcc_selected_true_pr_auc_v1,codebert_class_weight_balanced,codebert,60/40,4,random_flip_10,test,80/20,test,learning_rate,2.0000000000000002e-05,2.0000000000000002e-05,1,True,1698,48,149.13242627901491,105,21,84,0.66666666666666663,0.72023809523809523,0.35416666666666669,0.80952380952380953,0.49275362318840582,0.35368258971711602,53,31,4,17,0.82426303854875282,0.62341169187174783,0.61659919290534648
codebert_balanced_ratio_preserved_noise_mcc_selected_true_pr_auc_v1,codebert_class_weight_balanced,codebert,60/40,4,random_flip_10,test,90/10,test,learning_rate,2.0000000000000002e-05,2.0000000000000002e-05,1,True,1698,48,149.13242627901491,210,21,189,0.64761904761904765,0.71957671957671954,0.19540229885057472,0.80952380952380953,0.31481481481481483,0.26745126453864748,119,70,4,17,0.8272864701436129,0.38096915394943986,0.35364809984298318
codebert_balanced_ratio_preserved_noise_mcc_selected_true_pr_auc_v1,codebert_class_weight_balanced,codebert,60/40,4,random_flip_20,validation,60/40,valid,learning_rate,2.0000000000000002e-05,2.0000000000000002e-05,1,True,1698,48,142.66685349389445,48,19,29,0.72916666666666663,0.77586206896551724,0.59375,1,0.74509803921568629,0.57235147147233911,16,13,0,19,0.83666061705989114,0.78859964532526994,0.78511631415265293
codebert_balanced_ratio_preserved_noise_mcc_selected_true_pr_auc_v1,codebert_class_weight_balanced,codebert,60/40,4,random_flip_20,test,50/50,test,learning_rate,2.0000000000000002e-05,2.0000000000000002e-05,1,True,1698,48,142.66685349389445,42,21,21,0.66666666666666663,0.66666666666666663,0.62068965517241381,0.8571428571428571,0.71999999999999997,0.36051834183722337,10,11,3,18,0.82539682539682535,0.85921768346805094,0.85602593213921097
codebert_balanced_ratio_preserved_noise_mcc_selected_true_pr_auc_v1,codebert_class_weight_balanced,codebert,60/40,4,random_flip_20,test,60/40,test,learning_rate,2.0000000000000002e-05,2.0000000000000002e-05,1,True,1698,48,142.66685349389445,53,21,32,0.69811320754716977,0.7254464285714286,0.58064516129032262,0.8571428571428571,0.69230769230769229,0.44757498382950212,19,13,3,18,0.8258928571428571,0.71147465298559953,0.69300796789931507
codebert_balanced_ratio_preserved_noise_mcc_selected_true_pr_auc_v1,codebert_class_weight_balanced,codebert,60/40,4,random_flip_20,test,70/30,test,learning_rate,2.0000000000000002e-05,2.0000000000000002e-05,1,True,1698,48,142.66685349389445,70,21,49,0.58571428571428574,0.66326530612244894,0.40909090909090912,0.8571428571428571,0.55384615384615388,0.3096838644555055,23,26,3,18,0.81049562682215737,0.67769586911655266,0.66153121512441926
codebert_balanced_ratio_preserved_noise_mcc_selected_true_pr_auc_v1,codebert_class_weight_balanced,codebert,60/40,4,random_flip_20,test,75/25,test,learning_rate,2.0000000000000002e-05,2.0000000000000002e-05,1,True,1698,48,142.66685349389445,84,21,63,0.61904761904761907,0.69841269841269837,0.38297872340425532,0.8571428571428571,0.52941176470588236,0.34612230745149225,34,29,3,18,0.76568405139833717,0.46903004862039277,0.43666045092077926
codebert_balanced_ratio_preserved_noise_mcc_selected_true_pr_auc_v1,codebert_class_weight_balanced,codebert,60/40,4,random_flip_20,test,80/20,test,learning_rate,2.0000000000000002e-05,2.0000000000000002e-05,1,True,1698,48,142.66685349389445,105,21,84,0.63809523809523805,0.72023809523809523,0.33962264150943394,0.8571428571428571,0.48648648648648651,0.35239693446374998,49,35,3,18,0.80867346938775519,0.53105245249124788,0.51728623155379183
codebert_balanced_ratio_preserved_noise_mcc_selected_true_pr_auc_v1,codebert_class_weight_balanced,codebert,60/40,4,random_flip_20,test,90/10,test,learning_rate,2.0000000000000002e-05,2.0000000000000002e-05,1,True,1698,48,142.66685349389445,210,21,189,0.60952380952380958,0.71957671957671954,0.18556701030927836,0.8571428571428571,0.30508474576271188,0.26426019357493213,110,79,3,18,0.81859410430839008,0.43315748750415417,0.42088736139044403
codebert_balanced_ratio_preserved_noise_mcc_selected_true_pr_auc_v1,codebert_class_weight_balanced,codebert,60/40,4,random_fp_10,validation,60/40,valid,learning_rate,2.0000000000000002e-05,2.0000000000000002e-05,2,True,2124,48,175.1068837440107,48,19,29,0.77083333333333337,0.79219600725952821,0.65384615384615385,0.89473684210526316,0.75555555555555554,0.57356422853698863,20,9,2,17,0.84392014519056258,0.73335611280405333,0.72108463645848841
codebert_balanced_ratio_preserved_noise_mcc_selected_true_pr_auc_v1,codebert_class_weight_balanced,codebert,60/40,4,random_fp_10,test,50/50,test,learning_rate,2.0000000000000002e-05,2.0000000000000002e-05,2,True,2124,48,175.1068837440107,42,21,21,0.76190476190476186,0.76190476190476186,0.78947368421052633,0.7142857142857143,0.75,0.52620136055843392,17,4,6,15,0.82993197278911568,0.84565288866397248,0.84056014768565102
codebert_balanced_ratio_preserved_noise_mcc_selected_true_pr_auc_v1,codebert_class_weight_balanced,codebert,60/40,4,random_fp_10,test,60/40,test,learning_rate,2.0000000000000002e-05,2.0000000000000002e-05,2,True,2124,48,175.1068837440107,53,21,32,0.77358490566037741,0.76339285714285721,0.7142857142857143,0.7142857142857143,0.7142857142857143,0.5267857142857143,26,6,6,15,0.8392857142857143,0.76484086662658091,0.75701651009286852
codebert_balanced_ratio_preserved_noise_mcc_selected_true_pr_auc_v1,codebert_class_weight_balanced,codebert,60/40,4,random_fp_10,test,70/30,test,learning_rate,2.0000000000000002e-05,2.0000000000000002e-05,2,True,2124,48,175.1068837440107,70,21,49,0.74285714285714288,0.73469387755102034,0.55555555555555558,0.7142857142857143,0.625,0.44189932023991346,37,12,6,15,0.83479105928085517,0.7212989270884762,0.71840174680307589
codebert_balanced_ratio_preserved_noise_mcc_selected_true_pr_auc_v1,codebert_class_weight_balanced,codebert,60/40,4,random_fp_10,test,75/25,test,learning_rate,2.0000000000000002e-05,2.0000000000000002e-05,2,True,2124,48,175.1068837440107,84,21,63,0.72619047619047616,0.72222222222222221,0.46875,0.7142857142857143,0.56603773584905659,0.39629696195060848,46,17,6,15,0.7894935752078609,0.52415408218391568,0.49274851620361176
codebert_balanced_ratio_preserved_noise_mcc_selected_true_pr_auc_v1,codebert_class_weight_balanced,codebert,60/40,4,random_fp_10,test,80/20,test,learning_rate,2.0000000000000002e-05,2.0000000000000002e-05,2,True,2124,48,175.1068837440107,105,21,84,0.72380952380952379,0.72023809523809523,0.39473684210526316,0.7142857142857143,0.50847457627118642,0.36664226632135583,61,23,6,15,0.83560090702947842,0.60124126573706405,0.60192731249541409
codebert_balanced_ratio_preserved_noise_mcc_selected_true_pr_auc_v1,codebert_class_weight_balanced,codebert,60/40,4,random_fp_10,test,90/10,test,learning_rate,2.0000000000000002e-05,2.0000000000000002e-05,2,True,2124,48,175.1068837440107,210,21,189,0.74285714285714288,0.73015873015873023,0.23809523809523808,0.7142857142857143,0.35714285714285715,0.30134851508779897,141,48,6,15,0.81960191484000999,0.30193870854874644,0.28036907426553204
codebert_balanced_ratio_preserved_noise_mcc_selected_true_pr_auc_v1,codebert_class_weight_balanced,codebert,60/40,4,random_fp_20,validation,60/40,valid,learning_rate,2.0000000000000002e-05,2.0000000000000002e-05,2,True,2549,48,223.4953771380242,48,19,29,0.75,0.78402903811252267,0.62068965517241381,0.94736842105263153,0.75,0.56805807622504534,18,11,1,18,0.82758620689655171,0.72265151228617597,0.71193919483081392
codebert_balanced_ratio_preserved_noise_mcc_selected_true_pr_auc_v1,codebert_class_weight_balanced,codebert,60/40,4,random_fp_20,test,50/50,test,learning_rate,2.0000000000000002e-05,2.0000000000000002e-05,2,True,2549,48,223.4953771380242,42,21,21,0.6428571428571429,0.64285714285714279,0.65000000000000002,0.61904761904761907,0.63414634146341464,0.28603877677367767,14,7,8,13,0.78911564625850339,0.81472977470455499,0.81014801476661602
codebert_balanced_ratio_preserved_noise_mcc_selected_true_pr_auc_v1,codebert_class_weight_balanced,codebert,60/40,4,random_fp_20,test,60/40,test,learning_rate,2.0000000000000002e-05,2.0000000000000002e-05,2,True,2549,48,223.4953771380242,53,21,32,0.67924528301886788,0.66889880952380953,0.59090909090909094,0.61904761904761907,0.60465116279069764,0.33531195158183819,23,9,8,13,0.79315476190476186,0.67088574928908962,0.65460065146928392
codebert_balanced_ratio_preserved_noise_mcc_selected_true_pr_auc_v1,codebert_class_weight_balanced,codebert,60/40,4,random_fp_20,test,70/30,test,learning_rate,2.0000000000000002e-05,2.0000000000000002e-05,2,True,2549,48,223.4953771380242,70,21,49,0.68571428571428572,0.66666666666666674,0.48148148148148145,0.61904761904761907,0.54166666666666663,0.31381256075008346,35,14,8,13,0.79008746355685133,0.63718193811891877,0.62195846737068239
codebert_balanced_ratio_preserved_noise_mcc_selected_true_pr_auc_v1,codebert_class_weight_balanced,codebert,60/40,4,random_fp_20,test,75/25,test,learning_rate,2.0000000000000002e-05,2.0000000000000002e-05,2,True,2549,48,223.4953771380242,84,21,63,0.70238095238095233,0.67460317460317465,0.43333333333333335,0.61904761904761907,0.50980392156862742,0.31557642080208581,46,17,8,13,0.76719576719576721,0.50120684119909331,0.48382141705877535
codebert_balanced_ratio_preserved_noise_mcc_selected_true_pr_auc_v1,codebert_class_weight_balanced,codebert,60/40,4,random_fp_20,test,80/20,test,learning_rate,2.0000000000000002e-05,2.0000000000000002e-05,2,True,2549,48,223.4953771380242,105,21,84,0.77142857142857146,0.7142857142857143,0.44827586206896552,0.61904761904761907,0.52000000000000002,0.38341289055807448,68,16,8,13,0.82568027210884354,0.54937052220619709,0.53264258407042808
codebert_balanced_ratio_preserved_noise_mcc_selected_true_pr_auc_v1,codebert_class_weight_balanced,codebert,60/40,4,random_fp_20,test,90/10,test,learning_rate,2.0000000000000002e-05,2.0000000000000002e-05,2,True,2549,48,223.4953771380242,210,21,189,0.72857142857142854,0.67989417989417988,0.20967741935483872,0.61904761904761907,0.31325301204819278,0.2366251790201416,140,49,8,13,0.80347694633408917,0.28707265925014824,0.26168965109987041
codebert_balanced_ratio_preserved_noise_mcc_selected_true_pr_auc_v1,codebert_class_weight_balanced,codebert,60/40,5,clean,validation,60/40,valid,learning_rate,2.0000000000000002e-05,2.0000000000000002e-05,1,True,1698,48,145.37745471508242,48,19,29,0.70833333333333337,0.7313974591651542,0.59259259259259256,0.84210526315789469,0.69565217391304346,0.45621845724451132,18,11,3,16,0.81125226860254085,0.6966769536150017,0.68528408222002257
codebert_balanced_ratio_preserved_noise_mcc_selected_true_pr_auc_v1,codebert_class_weight_balanced,codebert,60/40,5,clean,test,50/50,test,learning_rate,2.0000000000000002e-05,2.0000000000000002e-05,1,True,1698,48,145.37745471508242,42,21,21,0.80952380952380953,0.80952380952380953,0.93333333333333335,0.66666666666666663,0.77777777777777779,0.64597519349993926,20,1,7,14,0.88888888888888895,0.88031757695927704,0.8762226965828841
codebert_balanced_ratio_preserved_noise_mcc_selected_true_pr_auc_v1,codebert_class_weight_balanced,codebert,60/40,5,clean,test,60/40,test,learning_rate,2.0000000000000002e-05,2.0000000000000002e-05,1,True,1698,48,145.37745471508242,53,21,32,0.71698113207547165,0.70833333333333326,0.63636363636363635,0.66666666666666663,0.65116279069767447,0.41360064512297223,24,8,7,14,0.7321428571428571,0.57482249167553656,0.55155225308817968
codebert_balanced_ratio_preserved_noise_mcc_selected_true_pr_auc_v1,codebert_class_weight_balanced,codebert,60/40,5,clean,test,70/30,test,learning_rate,2.0000000000000002e-05,2.0000000000000002e-05,1,True,1698,48,145.37745471508242,70,21,49,0.74285714285714288,0.72108843537414957,0.56000000000000005,0.66666666666666663,0.60869565217391308,0.422890031611031,38,11,7,14,0.78425655976676378,0.67462268939433723,0.66843072795577418
codebert_balanced_ratio_preserved_noise_mcc_selected_true_pr_auc_v1,codebert_class_weight_balanced,codebert,60/40,5,clean,test,75/25,test,learning_rate,2.0000000000000002e-05,2.0000000000000002e-05,1,True,1698,48,145.37745471508242,84,21,63,0.7857142857142857,0.74603174603174605,0.56000000000000005,0.66666666666666663,0.60869565217391308,0.46602053736175392,52,11,7,14,0.83900226757369611,0.63619966480133705,0.62566909009597671
codebert_balanced_ratio_preserved_noise_mcc_selected_true_pr_auc_v1,codebert_class_weight_balanced,codebert,60/40,5,clean,test,80/20,test,learning_rate,2.0000000000000002e-05,2.0000000000000002e-05,1,True,1698,48,145.37745471508242,105,21,84,0.7142857142857143,0.6964285714285714,0.3783783783783784,0.66666666666666663,0.48275862068965519,0.32894904191692126,61,23,7,14,0.75311791383219961,0.41979412148140061,0.39076594005188586
codebert_balanced_ratio_preserved_noise_mcc_selected_true_pr_auc_v1,codebert_class_weight_balanced,codebert,60/40,5,clean,test,90/10,test,learning_rate,2.0000000000000002e-05,2.0000000000000002e-05,1,True,1698,48,145.37745471508242,210,21,189,0.74761904761904763,0.71164021164021163,0.23333333333333334,0.66666666666666663,0.34567901234567899,0.28109134757052262,143,46,7,14,0.79125724363819605,0.29786631227600163,0.27553751770260393
codebert_balanced_ratio_preserved_noise_mcc_selected_true_pr_auc_v1,codebert_class_weight_balanced,codebert,60/40,5,heuristic_fp_10,validation,60/40,valid,learning_rate,2.0000000000000002e-05,2.0000000000000002e-05,1,True,2124,48,166.47297930403147,48,19,29,0.75,0.78402903811252267,0.62068965517241381,0.94736842105263153,0.75,0.56805807622504534,18,11,1,18,0.83847549909255892,0.69946828360385482,0.68580992014927089
codebert_balanced_ratio_preserved_noise_mcc_selected_true_pr_auc_v1,codebert_class_weight_balanced,codebert,60/40,5,heuristic_fp_10,test,50/50,test,learning_rate,2.0000000000000002e-05,2.0000000000000002e-05,1,True,2124,48,166.47297930403147,42,21,21,0.76190476190476186,0.76190476190476186,0.82352941176470584,0.66666666666666663,0.73684210526315785,0.53357837507993255,18,3,7,14,0.87528344671201808,0.83556375761344714,0.82810432939771617
codebert_balanced_ratio_preserved_noise_mcc_selected_true_pr_auc_v1,codebert_class_weight_balanced,codebert,60/40,5,heuristic_fp_10,test,60/40,test,learning_rate,2.0000000000000002e-05,2.0000000000000002e-05,1,True,2124,48,166.47297930403147,53,21,32,0.75471698113207553,0.73958333333333326,0.69999999999999996,0.66666666666666663,0.68292682926829273,0.48350310497994997,26,6,7,14,0.85565476190476186,0.79200368598647275,0.78460359621629516
codebert_balanced_ratio_preserved_noise_mcc_selected_true_pr_auc_v1,codebert_class_weight_balanced,codebert,60/40,5,heuristic_fp_10,test,70/30,test,learning_rate,2.0000000000000002e-05,2.0000000000000002e-05,1,True,2124,48,166.47297930403147,70,21,49,0.69999999999999996,0.69047619047619047,0.5,0.66666666666666663,0.5714285714285714,0.35634832254989918,35,14,7,14,0.81535471331389697,0.65538242782489076,0.64620370617107459
codebert_balanced_ratio_preserved_noise_mcc_selected_true_pr_auc_v1,codebert_class_weight_balanced,codebert,60/40,5,heuristic_fp_10,test,75/25,test,learning_rate,2.0000000000000002e-05,2.0000000000000002e-05,1,True,2124,48,166.47297930403147,84,21,63,0.80952380952380953,0.76190476190476186,0.60869565217391308,0.66666666666666663,0.63636363636363635,0.5086563575663422,54,9,7,14,0.86621315192743764,0.59692152495318007,0.56778005315171931
codebert_balanced_ratio_preserved_noise_mcc_selected_true_pr_auc_v1,codebert_class_weight_balanced,codebert,60/40,5,heuristic_fp_10,test,80/20,test,learning_rate,2.0000000000000002e-05,2.0000000000000002e-05,1,True,2124,48,166.47297930403147,105,21,84,0.74285714285714288,0.71428571428571419,0.41176470588235292,0.66666666666666663,0.50909090909090904,0.36635647545598748,64,20,7,14,0.79081632653061218,0.45157321230851988,0.43503434193800478
codebert_balanced_ratio_preserved_noise_mcc_selected_true_pr_auc_v1,codebert_class_weight_balanced,codebert,60/40,5,heuristic_fp_10,test,90/10,test,learning_rate,2.0000000000000002e-05,2.0000000000000002e-05,1,True,2124,48,166.47297930403147,210,21,189,0.75714285714285712,0.71693121693121697,0.2413793103448276,0.66666666666666663,0.35443037974683544,0.29110978727557507,145,44,7,14,0.82350718065003781,0.27846140292316696,0.25336444466005537
codebert_balanced_ratio_preserved_noise_mcc_selected_true_pr_auc_v1,codebert_class_weight_balanced,codebert,60/40,5,heuristic_fp_20,validation,60/40,valid,learning_rate,2.0000000000000002e-05,2.0000000000000002e-05,5,True,2549,48,209.15880759002175,48,19,29,0.77083333333333337,0.78312159709618867,0.66666666666666663,0.84210526315789469,0.7441860465116279,0.55381861969499646,21,8,3,16,0.8284936479128856,0.74061504252321053,0.72671983851837196
codebert_balanced_ratio_preserved_noise_mcc_selected_true_pr_auc_v1,codebert_class_weight_balanced,codebert,60/40,5,heuristic_fp_20,test,50/50,test,learning_rate,2.0000000000000002e-05,2.0000000000000002e-05,5,True,2549,48,209.15880759002175,42,21,21,0.73809523809523814,0.73809523809523814,0.8571428571428571,0.5714285714285714,0.68571428571428572,0.50507627227610541,19,2,9,12,0.90702947845804993,0.87080404914664478,0.86303920711983706
codebert_balanced_ratio_preserved_noise_mcc_selected_true_pr_auc_v1,codebert_class_weight_balanced,codebert,60/40,5,heuristic_fp_20,test,60/40,test,learning_rate,2.0000000000000002e-05,2.0000000000000002e-05,5,True,2549,48,209.15880759002175,53,21,32,0.64150943396226412,0.6294642857142857,0.54545454545454541,0.5714285714285714,0.55813953488372092,0.25702325804070419,22,10,9,12,0.74702380952380953,0.58392550146208899,0.54046045590978653
codebert_balanced_ratio_preserved_noise_mcc_selected_true_pr_auc_v1,codebert_class_weight_balanced,codebert,60/40,5,heuristic_fp_20,test,70/30,test,learning_rate,2.0000000000000002e-05,2.0000000000000002e-05,5,True,2549,48,209.15880759002175,70,21,49,0.65714285714285714,0.63265306122448983,0.44444444444444442,0.5714285714285714,0.5,0.24976918100516846,34,15,9,12,0.79057337220602519,0.67427591711293589,0.66808489184257203
codebert_balanced_ratio_preserved_noise_mcc_selected_true_pr_auc_v1,codebert_class_weight_balanced,codebert,60/40,5,heuristic_fp_20,test,75/25,test,learning_rate,2.0000000000000002e-05,2.0000000000000002e-05,5,True,2549,48,209.15880759002175,84,21,63,0.7857142857142857,0.71428571428571419,0.5714285714285714,0.5714285714285714,0.5714285714285714,0.42857142857142855,54,9,9,12,0.8495842781557067,0.67326241262142827,0.66498397808470855
codebert_balanced_ratio_preserved_noise_mcc_selected_true_pr_auc_v1,codebert_class_weight_balanced,codebert,60/40,5,heuristic_fp_20,test,80/20,test,learning_rate,2.0000000000000002e-05,2.0000000000000002e-05,5,True,2549,48,209.15880759002175,105,21,84,0.73333333333333328,0.67261904761904767,0.38709677419354838,0.5714285714285714,0.46153846153846156,0.30274103786400469,65,19,9,12,0.79818594104308382,0.46101657025170828,0.41597080061830466
codebert_balanced_ratio_preserved_noise_mcc_selected_true_pr_auc_v1,codebert_class_weight_balanced,codebert,60/40,5,heuristic_fp_20,test,90/10,test,learning_rate,2.0000000000000002e-05,2.0000000000000002e-05,5,True,2549,48,209.15880759002175,210,21,189,0.77142857142857146,0.68253968253968256,0.23529411764705882,0.5714285714285714,0.33333333333333331,0.25541369845022832,150,39,9,12,0.81947593852355749,0.31758912958747398,0.28189322408297579
codebert_balanced_ratio_preserved_noise_mcc_selected_true_pr_auc_v1,codebert_class_weight_balanced,codebert,60/40,5,random_flip_10,validation,60/40,valid,learning_rate,2.0000000000000002e-05,2.0000000000000002e-05,4,True,1698,48,143.47049213096034,48,19,29,0.79166666666666663,0.80036297640653353,0.69565217391304346,0.84210526315789469,0.76190476190476186,0.58805544012688671,22,7,3,16,0.76769509981851181,0.58232886046952814,0.55052028274369524
codebert_balanced_ratio_preserved_noise_mcc_selected_true_pr_auc_v1,codebert_class_weight_balanced,codebert,60/40,5,random_flip_10,test,50/50,test,learning_rate,2.0000000000000002e-05,2.0000000000000002e-05,4,True,1698,48,143.47049213096034,42,21,21,0.80952380952380953,0.80952380952380953,0.84210526315789469,0.76190476190476186,0.80000000000000004,0.6218743352054219,18,3,5,16,0.86848072562358281,0.80358873352608962,0.78867326042363861
codebert_balanced_ratio_preserved_noise_mcc_selected_true_pr_auc_v1,codebert_class_weight_balanced,codebert,60/40,5,random_flip_10,test,60/40,test,learning_rate,2.0000000000000002e-05,2.0000000000000002e-05,4,True,1698,48,143.47049213096034,53,21,32,0.81132075471698117,0.80282738095238093,0.76190476190476186,0.76190476190476186,0.76190476190476186,0.60565476190476186,27,5,5,16,0.859375,0.71394452692995158,0.68508285395063151
codebert_balanced_ratio_preserved_noise_mcc_selected_true_pr_auc_v1,codebert_class_weight_balanced,codebert,60/40,5,random_flip_10,test,70/30,test,learning_rate,2.0000000000000002e-05,2.0000000000000002e-05,4,True,1698,48,143.47049213096034,70,21,49,0.80000000000000004,0.78911564625850339,0.64000000000000001,0.76190476190476186,0.69565217391304346,0.55301004133750209,40,9,5,16,0.8717201166180758,0.75652314207003024,0.75011960334980188
codebert_balanced_ratio_preserved_noise_mcc_selected_true_pr_auc_v1,codebert_class_weight_balanced,codebert,60/40,5,random_flip_10,test,75/25,test,learning_rate,2.0000000000000002e-05,2.0000000000000002e-05,4,True,1698,48,143.47049213096034,84,21,63,0.86904761904761907,0.83333333333333326,0.72727272727272729,0.76190476190476186,0.7441860465116279,0.6565706694547585,57,6,5,16,0.90362811791383213,0.65773104074743072,0.62728464286741048
codebert_balanced_ratio_preserved_noise_mcc_selected_true_pr_auc_v1,codebert_class_weight_balanced,codebert,60/40,5,random_flip_10,test,80/20,test,learning_rate,2.0000000000000002e-05,2.0000000000000002e-05,4,True,1698,48,143.47049213096034,105,21,84,0.83809523809523812,0.80952380952380953,0.5714285714285714,0.76190476190476186,0.65306122448979587,0.55994963993013247,72,12,5,16,0.85600907029478457,0.49105532411654862,0.4632913381165038
codebert_balanced_ratio_preserved_noise_mcc_selected_true_pr_auc_v1,codebert_class_weight_balanced,codebert,60/40,5,random_flip_10,test,90/10,test,learning_rate,2.0000000000000002e-05,2.0000000000000002e-05,4,True,1698,48,143.47049213096034,210,21,189,0.82380952380952377,0.79629629629629628,0.33333333333333331,0.76190476190476186,0.46376811594202899,0.42336859751808015,157,32,5,16,0.8643235071806501,0.35016077950506574,0.32019216043118132
codebert_balanced_ratio_preserved_noise_mcc_selected_true_pr_auc_v1,codebert_class_weight_balanced,codebert,60/40,5,random_flip_20,validation,60/40,valid,learning_rate,2.0000000000000002e-05,2.0000000000000002e-05,2,True,1698,48,133.73148210602812,48,19,29,0.6875,0.74137931034482762,0.55882352941176472,1,0.71698113207547165,0.51940049698450275,14,15,0,19,0.8294010889292196,0.70774758943734017,0.69457731800011491
codebert_balanced_ratio_preserved_noise_mcc_selected_true_pr_auc_v1,codebert_class_weight_balanced,codebert,60/40,5,random_flip_20,test,50/50,test,learning_rate,2.0000000000000002e-05,2.0000000000000002e-05,2,True,1698,48,133.73148210602812,42,21,21,0.7857142857142857,0.7857142857142857,0.75,0.8571428571428571,0.80000000000000004,0.57735026918962573,15,6,3,18,0.90476190476190477,0.88848089011882125,0.88393272534398037
codebert_balanced_ratio_preserved_noise_mcc_selected_true_pr_auc_v1,codebert_class_weight_balanced,codebert,60/40,5,random_flip_20,test,60/40,test,learning_rate,2.0000000000000002e-05,2.0000000000000002e-05,2,True,1698,48,133.73148210602812,53,21,32,0.64150943396226412,0.6785714285714286,0.52941176470588236,0.8571428571428571,0.65454545454545454,0.36425904629602796,16,16,3,18,0.7901785714285714,0.66988066162657056,0.64670810802563994
codebert_balanced_ratio_preserved_noise_mcc_selected_true_pr_auc_v1,codebert_class_weight_balanced,codebert,60/40,5,random_flip_20,test,70/30,test,learning_rate,2.0000000000000002e-05,2.0000000000000002e-05,2,True,1698,48,133.73148210602812,70,21,49,0.6428571428571429,0.70408163265306123,0.45000000000000001,0.8571428571428571,0.5901639344262295,0.3779644730092272,27,22,3,18,0.80466472303206993,0.69533002518120357,0.6888352753620024
codebert_balanced_ratio_preserved_noise_mcc_selected_true_pr_auc_v1,codebert_class_weight_balanced,codebert,60/40,5,random_flip_20,test,75/25,test,learning_rate,2.0000000000000002e-05,2.0000000000000002e-05,2,True,1698,48,133.73148210602812,84,21,63,0.70238095238095233,0.75396825396825395,0.45000000000000001,0.8571428571428571,0.5901639344262295,0.44038550605054422,41,22,3,18,0.84807256235827655,0.66302921080628985,0.65325386553526221
codebert_balanced_ratio_preserved_noise_mcc_selected_true_pr_auc_v1,codebert_class_weight_balanced,codebert,60/40,5,random_flip_20,test,80/20,test,learning_rate,2.0000000000000002e-05,2.0000000000000002e-05,2,True,1698,48,133.73148210602812,105,21,84,0.59999999999999998,0.6964285714285714,0.31578947368421051,0.8571428571428571,0.46153846153846156,0.31544663407202239,45,39,3,18,0.77976190476190477,0.4351465083452184,0.40599287128876294
codebert_balanced_ratio_preserved_noise_mcc_selected_true_pr_auc_v1,codebert_class_weight_balanced,codebert,60/40,5,random_flip_20,test,90/10,test,learning_rate,2.0000000000000002e-05,2.0000000000000002e-05,2,True,1698,48,133.73148210602812,210,21,189,0.62857142857142856,0.73015873015873012,0.19354838709677419,0.8571428571428571,0.31578947368421051,0.27801203246247458,114,75,3,18,0.81733434114386505,0.36708125079775783,0.34049547019194565
codebert_balanced_ratio_preserved_noise_mcc_selected_true_pr_auc_v1,codebert_class_weight_balanced,codebert,60/40,5,random_fp_10,validation,60/40,valid,learning_rate,2.0000000000000002e-05,2.0000000000000002e-05,2,True,2124,48,169.36166274000425,48,19,29,0.79166666666666663,0.80036297640653353,0.69565217391304346,0.84210526315789469,0.76190476190476186,0.58805544012688671,22,7,3,16,0.84392014519056258,0.72053815195061088,0.697535409079447
codebert_balanced_ratio_preserved_noise_mcc_selected_true_pr_auc_v1,codebert_class_weight_balanced,codebert,60/40,5,random_fp_10,test,50/50,test,learning_rate,2.0000000000000002e-05,2.0000000000000002e-05,2,True,2124,48,169.36166274000425,42,21,21,0.73809523809523814,0.73809523809523814,0.8125,0.61904761904761907,0.70270270270270274,0.49029033784546011,18,3,8,13,0.86848072562358269,0.78464071794014301,0.7593413398586738
codebert_balanced_ratio_preserved_noise_mcc_selected_true_pr_auc_v1,codebert_class_weight_balanced,codebert,60/40,5,random_fp_10,test,60/40,test,learning_rate,2.0000000000000002e-05,2.0000000000000002e-05,2,True,2124,48,169.36166274000425,53,21,32,0.75471698113207553,0.73139880952380953,0.72222222222222221,0.61904761904761907,0.66666666666666663,0.47797532566289946,27,5,8,13,0.79166666666666674,0.61213607772291345,0.5876059846056354
codebert_balanced_ratio_preserved_noise_mcc_selected_true_pr_auc_v1,codebert_class_weight_balanced,codebert,60/40,5,random_fp_10,test,70/30,test,learning_rate,2.0000000000000002e-05,2.0000000000000002e-05,2,True,2124,48,169.36166274000425,70,21,49,0.8571428571428571,0.78911564625850339,0.8666666666666667,0.61904761904761907,0.72222222222222221,0.64577659993794834,47,2,8,13,0.84936831875607388,0.74595517665273081,0.73951162628102773
codebert_balanced_ratio_preserved_noise_mcc_selected_true_pr_auc_v1,codebert_class_weight_balanced,codebert,60/40,5,random_fp_10,test,75/25,test,learning_rate,2.0000000000000002e-05,2.0000000000000002e-05,2,True,2124,48,169.36166274000425,84,21,63,0.84523809523809523,0.76984126984126977,0.72222222222222221,0.61904761904761907,0.66666666666666663,0.56952142864688693,58,5,8,13,0.8873771730914588,0.67202817210438859,0.6557841377771334
codebert_balanced_ratio_preserved_noise_mcc_selected_true_pr_auc_v1,codebert_class_weight_balanced,codebert,60/40,5,random_fp_10,test,80/20,test,learning_rate,2.0000000000000002e-05,2.0000000000000002e-05,2,True,2124,48,169.36166274000425,105,21,84,0.81904761904761902,0.74404761904761907,0.54166666666666663,0.61904761904761907,0.57777777777777772,0.4649494419171773,73,11,8,13,0.8231292517006803,0.47794442509046969,0.45338104890179998
codebert_balanced_ratio_preserved_noise_mcc_selected_true_pr_auc_v1,codebert_class_weight_balanced,codebert,60/40,5,random_fp_10,test,90/10,test,learning_rate,2.0000000000000002e-05,2.0000000000000002e-05,2,True,2124,48,169.36166274000425,210,21,189,0.84761904761904761,0.74603174603174605,0.35135135135135137,0.61904761904761907,0.44827586206896552,0.38746973010970659,165,24,8,13,0.8454270597127741,0.31899855081200618,0.29915712549926399
codebert_balanced_ratio_preserved_noise_mcc_selected_true_pr_auc_v1,codebert_class_weight_balanced,codebert,60/40,5,random_fp_20,validation,60/40,valid,learning_rate,2.0000000000000002e-05,2.0000000000000002e-05,4,True,2549,48,200.26139993593097,48,19,29,0.8125,0.81760435571687839,0.72727272727272729,0.84210526315789469,0.78048780487804881,0.62343937884455281,23,6,3,16,0.86025408348457344,0.83453088666140629,0.83035477895268972
codebert_balanced_ratio_preserved_noise_mcc_selected_true_pr_auc_v1,codebert_class_weight_balanced,codebert,60/40,5,random_fp_20,test,50/50,test,learning_rate,2.0000000000000002e-05,2.0000000000000002e-05,4,True,2549,48,200.26139993593097,42,21,21,0.73809523809523814,0.73809523809523814,0.91666666666666663,0.52380952380952384,0.66666666666666663,0.52704627669472992,20,1,10,11,0.86394557823129248,0.80047941988034166,0.77629233868261216
codebert_balanced_ratio_preserved_noise_mcc_selected_true_pr_auc_v1,codebert_class_weight_balanced,codebert,60/40,5,random_fp_20,test,60/40,test,learning_rate,2.0000000000000002e-05,2.0000000000000002e-05,4,True,2549,48,200.26139993593097,53,21,32,0.69811320754716977,0.66815476190476186,0.6470588235294118,0.52380952380952384,0.57894736842105265,0.35240989294941055,26,6,10,11,0.79538690476190466,0.63369488370511307,0.60945625840610673
codebert_balanced_ratio_preserved_noise_mcc_selected_true_pr_auc_v1,codebert_class_weight_balanced,codebert,60/40,5,random_fp_20,test,70/30,test,learning_rate,2.0000000000000002e-05,2.0000000000000002e-05,4,True,2549,48,200.26139993593097,70,21,49,0.77142857142857146,0.70068027210884354,0.6470588235294118,0.52380952380952384,0.57894736842105265,0.42892362604926082,43,6,10,11,0.80466472303206993,0.66331973213202455,0.65191280178869304
codebert_balanced_ratio_preserved_noise_mcc_selected_true_pr_auc_v1,codebert_class_weight_balanced,codebert,60/40,5,random_fp_20,test,75/25,test,learning_rate,2.0000000000000002e-05,2.0000000000000002e-05,4,True,2549,48,200.26139993593097,84,21,63,0.8214285714285714,0.72222222222222221,0.6875,0.52380952380952384,0.59459459459459463,0.4900980294098034,58,5,10,11,0.87301587301587302,0.69695365456872138,0.68559709003139013
codebert_balanced_ratio_preserved_noise_mcc_selected_true_pr_auc_v1,codebert_class_weight_balanced,codebert,60/40,5,random_fp_20,test,80/20,test,learning_rate,2.0000000000000002e-05,2.0000000000000002e-05,4,True,2549,48,200.26139993593097,105,21,84,0.81904761904761902,0.70833333333333337,0.55000000000000004,0.52380952380952384,0.53658536585365857,0.42443734381358272,75,9,10,11,0.80158730158730163,0.45001456869944972,0.42518954302996664
codebert_balanced_ratio_preserved_noise_mcc_selected_true_pr_auc_v1,codebert_class_weight_balanced,codebert,60/40,5,random_fp_20,test,90/10,test,learning_rate,2.0000000000000002e-05,2.0000000000000002e-05,4,True,2549,48,200.26139993593097,210,21,189,0.82857142857142863,0.69312169312169314,0.29729729729729731,0.52380952380952384,0.37931034482758619,0.30414290643019981,163,26,10,11,0.81720836482741244,0.31026028400900796,0.28391123551526204
codebert_balanced_ratio_preserved_noise_mcc_selected_true_pr_auc_v1,codebert_class_weight_balanced,codebert,70/30,1,clean,validation,70/30,valid,learning_rate,2.0000000000000002e-05,2.0000000000000002e-05,1,True,2264,64,188.6955916469451,64,19,45,0.8125,0.82105263157894737,0.64000000000000001,0.84210526315789469,0.72727272727272729,0.60129415086997595,36,9,3,16,0.8590643274853802,0.6413049903403496,0.63595685933491275
codebert_balanced_ratio_preserved_noise_mcc_selected_true_pr_auc_v1,codebert_class_weight_balanced,codebert,70/30,1,clean,test,50/50,test,learning_rate,2.0000000000000002e-05,2.0000000000000002e-05,1,True,2264,64,188.6955916469451,42,21,21,0.7142857142857143,0.71428571428571419,0.73684210526315785,0.66666666666666663,0.69999999999999996,0.43052838591144588,16,5,7,14,0.80725623582766437,0.79435013399299126,0.78511504733072268
codebert_balanced_ratio_preserved_noise_mcc_selected_true_pr_auc_v1,codebert_class_weight_balanced,codebert,70/30,1,clean,test,60/40,test,learning_rate,2.0000000000000002e-05,2.0000000000000002e-05,1,True,2264,64,188.6955916469451,53,21,32,0.71698113207547165,0.70833333333333326,0.63636363636363635,0.66666666666666663,0.65116279069767447,0.41360064512297223,24,8,7,14,0.7857142857142857,0.67616093468996352,0.66334424101377532
codebert_balanced_ratio_preserved_noise_mcc_selected_true_pr_auc_v1,codebert_class_weight_balanced,codebert,70/30,1,clean,test,70/30,test,learning_rate,2.0000000000000002e-05,2.0000000000000002e-05,1,True,2264,64,188.6955916469451,70,21,49,0.74285714285714288,0.72108843537414957,0.56000000000000005,0.66666666666666663,0.60869565217391308,0.422890031611031,38,11,7,14,0.8134110787172012,0.59781533121869268,0.58452281918973226
codebert_balanced_ratio_preserved_noise_mcc_selected_true_pr_auc_v1,codebert_class_weight_balanced,codebert,70/30,1,clean,test,75/25,test,learning_rate,2.0000000000000002e-05,2.0000000000000002e-05,1,True,2264,64,188.6955916469451,84,21,63,0.76190476190476186,0.73015873015873012,0.51851851851851849,0.66666666666666663,0.58333333333333337,0.42679375949873632,50,13,7,14,0.85449735449735453,0.63748511919458362,0.62580839867026761
codebert_balanced_ratio_preserved_noise_mcc_selected_true_pr_auc_v1,codebert_class_weight_balanced,codebert,70/30,1,clean,test,80/20,test,learning_rate,2.0000000000000002e-05,2.0000000000000002e-05,1,True,2264,64,188.6955916469451,105,21,84,0.74285714285714288,0.71428571428571419,0.41176470588235292,0.66666666666666663,0.50909090909090904,0.36635647545598748,64,20,7,14,0.80215419501133789,0.4774370641472106,0.46432593924785526
codebert_balanced_ratio_preserved_noise_mcc_selected_true_pr_auc_v1,codebert_class_weight_balanced,codebert,70/30,1,clean,test,90/10,test,learning_rate,2.0000000000000002e-05,2.0000000000000002e-05,1,True,2264,64,188.6955916469451,210,21,189,0.77142857142857146,0.72486772486772488,0.25454545454545452,0.66666666666666663,0.36842105263157893,0.30686720460853334,148,41,7,14,0.82829428067523303,0.36142368355130783,0.35044293262079684
codebert_balanced_ratio_preserved_noise_mcc_selected_true_pr_auc_v1,codebert_class_weight_balanced,codebert,70/30,1,heuristic_fp_10,validation,70/30,valid,learning_rate,2.0000000000000002e-05,2.0000000000000002e-05,3,True,3021,64,233.58781889500096,64,19,45,0.828125,0.756140350877193,0.7857142857142857,0.57894736842105265,0.66666666666666663,0.56616371606052129,42,3,8,11,0.89298245614035099,0.78600285798428193,0.78022551864005329
codebert_balanced_ratio_preserved_noise_mcc_selected_true_pr_auc_v1,codebert_class_weight_balanced,codebert,70/30,1,heuristic_fp_10,test,50/50,test,learning_rate,2.0000000000000002e-05,2.0000000000000002e-05,3,True,3021,64,233.58781889500096,42,21,21,0.73809523809523814,0.73809523809523814,0.91666666666666663,0.52380952380952384,0.66666666666666663,0.52704627669472992,20,1,10,11,0.88775510204081631,0.90192980132191236,0.90143952960733431
codebert_balanced_ratio_preserved_noise_mcc_selected_true_pr_auc_v1,codebert_class_weight_balanced,codebert,70/30,1,heuristic_fp_10,test,60/40,test,learning_rate,2.0000000000000002e-05,2.0000000000000002e-05,3,True,3021,64,233.58781889500096,53,21,32,0.77358490566037741,0.73065476190476186,0.84615384615384615,0.52380952380952384,0.6470588235294118,0.52441533814949282,30,2,10,11,0.84449404761904767,0.80310459159437775,0.79810319970316268
codebert_balanced_ratio_preserved_noise_mcc_selected_true_pr_auc_v1,codebert_class_weight_balanced,codebert,70/30,1,heuristic_fp_10,test,70/30,test,learning_rate,2.0000000000000002e-05,2.0000000000000002e-05,3,True,3021,64,233.58781889500096,70,21,49,0.81428571428571428,0.73129251700680276,0.7857142857142857,0.52380952380952384,0.62857142857142856,0.5299577334302672,46,3,10,11,0.85908649173955298,0.76235484135765819,0.75770185815927826
codebert_balanced_ratio_preserved_noise_mcc_selected_true_pr_auc_v1,codebert_class_weight_balanced,codebert,70/30,1,heuristic_fp_10,test,75/25,test,learning_rate,2.0000000000000002e-05,2.0000000000000002e-05,3,True,3021,64,233.58781889500096,84,21,63,0.8571428571428571,0.74603174603174605,0.84615384615384615,0.52380952380952384,0.6470588235294118,0.58911518327859724,61,2,10,11,0.90173847316704459,0.80158173439907188,0.7987184604748736
codebert_balanced_ratio_preserved_noise_mcc_selected_true_pr_auc_v1,codebert_class_weight_balanced,codebert,70/30,1,heuristic_fp_10,test,80/20,test,learning_rate,2.0000000000000002e-05,2.0000000000000002e-05,3,True,3021,64,233.58781889500096,105,21,84,0.83809523809523812,0.72023809523809523,0.61111111111111116,0.52380952380952384,0.5641025641025641,0.46749379354032378,77,7,10,11,0.86252834467120187,0.71340635873371028,0.70971911254002573
codebert_balanced_ratio_preserved_noise_mcc_selected_true_pr_auc_v1,codebert_class_weight_balanced,codebert,70/30,1,heuristic_fp_10,test,90/10,test,learning_rate,2.0000000000000002e-05,2.0000000000000002e-05,3,True,3021,64,233.58781889500096,210,21,189,0.88571428571428568,0.72486772486772488,0.44,0.52380952380952384,0.47826086956521741,0.4166216191864911,175,14,10,11,0.84454522549760636,0.41403820941129216,0.39022669683398947
codebert_balanced_ratio_preserved_noise_mcc_selected_true_pr_auc_v1,codebert_class_weight_balanced,codebert,70/30,1,heuristic_fp_20,validation,70/30,valid,learning_rate,2.0000000000000002e-05,2.0000000000000002e-05,2,True,3775,64,290.75545483198948,64,19,45,0.828125,0.81695906432748533,0.68181818181818177,0.78947368421052633,0.73170731707317072,0.60978992349096683,38,7,4,15,0.89005847953216377,0.73890833873276418,0.72887650792163572
codebert_balanced_ratio_preserved_noise_mcc_selected_true_pr_auc_v1,codebert_class_weight_balanced,codebert,70/30,1,heuristic_fp_20,test,50/50,test,learning_rate,2.0000000000000002e-05,2.0000000000000002e-05,2,True,3775,64,290.75545483198948,42,21,21,0.7142857142857143,0.71428571428571419,0.80000000000000004,0.5714285714285714,0.66666666666666663,0.44721359549995793,18,3,9,12,0.84013605442176875,0.82927957239851113,0.8239392088950368
codebert_balanced_ratio_preserved_noise_mcc_selected_true_pr_auc_v1,codebert_class_weight_balanced,codebert,70/30,1,heuristic_fp_20,test,60/40,test,learning_rate,2.0000000000000002e-05,2.0000000000000002e-05,2,True,3775,64,290.75545483198948,53,21,32,0.77358490566037741,0.7388392857142857,0.80000000000000004,0.5714285714285714,0.66666666666666663,0.51866025358284062,29,3,9,12,0.83854166666666674,0.77766853695806781,0.77097654565354823
codebert_balanced_ratio_preserved_noise_mcc_selected_true_pr_auc_v1,codebert_class_weight_balanced,codebert,70/30,1,heuristic_fp_20,test,70/30,test,learning_rate,2.0000000000000002e-05,2.0000000000000002e-05,2,True,3775,64,290.75545483198948,70,21,49,0.7857142857142857,0.72448979591836737,0.66666666666666663,0.5714285714285714,0.61538461538461542,0.47075654176200421,43,6,9,12,0.84645286686103016,0.61621709545313363,0.59170601437255788
codebert_balanced_ratio_preserved_noise_mcc_selected_true_pr_auc_v1,codebert_class_weight_balanced,codebert,70/30,1,heuristic_fp_20,test,75/25,test,learning_rate,2.0000000000000002e-05,2.0000000000000002e-05,2,True,3775,64,290.75545483198948,84,21,63,0.8214285714285714,0.73809523809523814,0.66666666666666663,0.5714285714285714,0.61538461538461542,0.50251890762960605,57,6,9,12,0.88435374149659862,0.70659454338665162,0.69273704727584806
codebert_balanced_ratio_preserved_noise_mcc_selected_true_pr_auc_v1,codebert_class_weight_balanced,codebert,70/30,1,heuristic_fp_20,test,80/20,test,learning_rate,2.0000000000000002e-05,2.0000000000000002e-05,2,True,3775,64,290.75545483198948,105,21,84,0.79047619047619044,0.70833333333333326,0.47999999999999998,0.5714285714285714,0.52173913043478259,0.39131189606246319,71,13,9,12,0.81547619047619047,0.44993173199744863,0.420846769347276
codebert_balanced_ratio_preserved_noise_mcc_selected_true_pr_auc_v1,codebert_class_weight_balanced,codebert,70/30,1,heuristic_fp_20,test,90/10,test,learning_rate,2.0000000000000002e-05,2.0000000000000002e-05,2,True,3775,64,290.75545483198948,210,21,189,0.83333333333333337,0.71693121693121697,0.31578947368421051,0.5714285714285714,0.40677966101694918,0.33809330893011719,163,26,9,12,0.8384983623078861,0.34375392248689229,0.3312256488531537
codebert_balanced_ratio_preserved_noise_mcc_selected_true_pr_auc_v1,codebert_class_weight_balanced,codebert,70/30,1,random_flip_10,validation,70/30,valid,learning_rate,2.0000000000000002e-05,2.0000000000000002e-05,3,True,2264,64,181.67083776602522,64,19,45,0.828125,0.81695906432748533,0.68181818181818177,0.78947368421052633,0.73170731707317072,0.60978992349096683,38,7,4,15,0.88304093567251474,0.72519618892708859,0.71454772700662894
codebert_balanced_ratio_preserved_noise_mcc_selected_true_pr_auc_v1,codebert_class_weight_balanced,codebert,70/30,1,random_flip_10,test,50/50,test,learning_rate,2.0000000000000002e-05,2.0000000000000002e-05,3,True,2264,64,181.67083776602522,42,21,21,0.7142857142857143,0.7142857142857143,0.7142857142857143,0.7142857142857143,0.7142857142857143,0.42857142857142855,15,6,6,15,0.81405895691609986,0.8507381590093166,0.84732718935995677
codebert_balanced_ratio_preserved_noise_mcc_selected_true_pr_auc_v1,codebert_class_weight_balanced,codebert,70/30,1,random_flip_10,test,60/40,test,learning_rate,2.0000000000000002e-05,2.0000000000000002e-05,3,True,2264,64,181.67083776602522,53,21,32,0.69811320754716977,0.70089285714285721,0.59999999999999998,0.7142857142857143,0.65217391304347827,0.39366799437586791,22,10,6,15,0.76785714285714279,0.6635104590299048,0.64751242395588871
codebert_balanced_ratio_preserved_noise_mcc_selected_true_pr_auc_v1,codebert_class_weight_balanced,codebert,70/30,1,random_flip_10,test,70/30,test,learning_rate,2.0000000000000002e-05,2.0000000000000002e-05,3,True,2264,64,181.67083776602522,70,21,49,0.74285714285714288,0.73469387755102034,0.55555555555555558,0.7142857142857143,0.625,0.44189932023991346,37,12,6,15,0.83284742468415929,0.6942416140213532,0.68441246877111905
codebert_balanced_ratio_preserved_noise_mcc_selected_true_pr_auc_v1,codebert_class_weight_balanced,codebert,70/30,1,random_flip_10,test,75/25,test,learning_rate,2.0000000000000002e-05,2.0000000000000002e-05,3,True,2264,64,181.67083776602522,84,21,63,0.77380952380952384,0.75396825396825395,0.5357142857142857,0.7142857142857143,0.61224489795918369,0.46656947481584349,50,13,6,15,0.86356764928193497,0.6701782212346592,0.65458508082082423
codebert_balanced_ratio_preserved_noise_mcc_selected_true_pr_auc_v1,codebert_class_weight_balanced,codebert,70/30,1,random_flip_10,test,80/20,test,learning_rate,2.0000000000000002e-05,2.0000000000000002e-05,3,True,2264,64,181.67083776602522,105,21,84,0.78095238095238095,0.75595238095238093,0.46875,0.7142857142857143,0.56603773584905659,0.44483816512377278,67,17,6,15,0.80470521541950113,0.5210765582914787,0.50376338951714161
codebert_balanced_ratio_preserved_noise_mcc_selected_true_pr_auc_v1,codebert_class_weight_balanced,codebert,70/30,1,random_flip_10,test,90/10,test,learning_rate,2.0000000000000002e-05,2.0000000000000002e-05,3,True,2264,64,181.67083776602522,210,21,189,0.77142857142857146,0.74603174603174605,0.26315789473684209,0.7142857142857143,0.38461538461538464,0.33195449253833836,147,42,6,15,0.81531872008062489,0.32751396537414462,0.30104658155007441
codebert_balanced_ratio_preserved_noise_mcc_selected_true_pr_auc_v1,codebert_class_weight_balanced,codebert,70/30,1,random_flip_20,validation,70/30,valid,learning_rate,2.0000000000000002e-05,2.0000000000000002e-05,2,True,2264,64,181.94259374705143,64,19,45,0.8125,0.72982456140350882,0.76923076923076927,0.52631578947368418,0.625,0.52197863675585332,42,3,9,10,0.92046783625730988,0.78337030831225873,0.77399517769544945
codebert_balanced_ratio_preserved_noise_mcc_selected_true_pr_auc_v1,codebert_class_weight_balanced,codebert,70/30,1,random_flip_20,test,50/50,test,learning_rate,2.0000000000000002e-05,2.0000000000000002e-05,2,True,2264,64,181.94259374705143,42,21,21,0.59523809523809523,0.59523809523809523,1,0.19047619047619047,0.32000000000000001,0.32444284226152503,21,0,17,4,0.86167800453514742,0.89276085509824021,0.89058198762923713
codebert_balanced_ratio_preserved_noise_mcc_selected_true_pr_auc_v1,codebert_class_weight_balanced,codebert,70/30,1,random_flip_20,test,60/40,test,learning_rate,2.0000000000000002e-05,2.0000000000000002e-05,2,True,2264,64,181.94259374705143,53,21,32,0.64150943396226412,0.56398809523809523,0.66666666666666663,0.19047619047619047,0.29629629629629628,0.19755556163382304,30,2,17,4,0.80059523809523814,0.68767222775280157,0.67195039403561196
codebert_balanced_ratio_preserved_noise_mcc_selected_true_pr_auc_v1,codebert_class_weight_balanced,codebert,70/30,1,random_flip_20,test,70/30,test,learning_rate,2.0000000000000002e-05,2.0000000000000002e-05,2,True,2264,64,181.94259374705143,70,21,49,0.75714285714285712,0.59523809523809523,1,0.19047619047619047,0.32000000000000001,0.37605071654517747,49,0,17,4,0.87074829931972786,0.78749248181410603,0.78321795870967148
codebert_balanced_ratio_preserved_noise_mcc_selected_true_pr_auc_v1,codebert_class_weight_balanced,codebert,70/30,1,random_flip_20,test,75/25,test,learning_rate,2.0000000000000002e-05,2.0000000000000002e-05,2,True,2264,64,181.94259374705143,84,21,63,0.77380952380952384,0.57936507936507931,0.66666666666666663,0.19047619047619047,0.29629629629629628,0.26688025634181189,61,2,17,4,0.86621315192743764,0.63143949781887709,0.61462203589572417
codebert_balanced_ratio_preserved_noise_mcc_selected_true_pr_auc_v1,codebert_class_weight_balanced,codebert,70/30,1,random_flip_20,test,80/20,test,learning_rate,2.0000000000000002e-05,2.0000000000000002e-05,2,True,2264,64,181.94259374705143,105,21,84,0.80000000000000004,0.5714285714285714,0.5,0.19047619047619047,0.27586206896551724,0.21538744758532144,80,4,17,4,0.82653061224489799,0.50309619297198194,0.48640020380896837
codebert_balanced_ratio_preserved_noise_mcc_selected_true_pr_auc_v1,codebert_class_weight_balanced,codebert,70/30,1,random_flip_20,test,90/10,test,learning_rate,2.0000000000000002e-05,2.0000000000000002e-05,2,True,2264,64,181.94259374705143,210,21,189,0.88095238095238093,0.57407407407407407,0.33333333333333331,0.19047619047619047,0.24242424242424243,0.1914756526345176,181,8,17,4,0.83383723859914338,0.32250304528346707,0.29714510919267828
codebert_balanced_ratio_preserved_noise_mcc_selected_true_pr_auc_v1,codebert_class_weight_balanced,codebert,70/30,1,random_fp_10,validation,70/30,valid,learning_rate,2.0000000000000002e-05,2.0000000000000002e-05,1,True,3021,64,240.17674610100221,64,19,45,0.828125,0.83216374269005844,0.66666666666666663,0.84210526315789469,0.7441860465116279,0.62694531567745404,37,8,3,16,0.86783625730994163,0.6592035803419396,0.64500753683574941
codebert_balanced_ratio_preserved_noise_mcc_selected_true_pr_auc_v1,codebert_class_weight_balanced,codebert,70/30,1,random_fp_10,test,50/50,test,learning_rate,2.0000000000000002e-05,2.0000000000000002e-05,1,True,3021,64,240.17674610100221,42,21,21,0.7142857142857143,0.71428571428571419,0.73684210526315785,0.66666666666666663,0.69999999999999996,0.43052838591144588,16,5,7,14,0.80839002267573701,0.82092168088006856,0.81652707760923038
codebert_balanced_ratio_preserved_noise_mcc_selected_true_pr_auc_v1,codebert_class_weight_balanced,codebert,70/30,1,random_fp_10,test,60/40,test,learning_rate,2.0000000000000002e-05,2.0000000000000002e-05,1,True,3021,64,240.17674610100221,53,21,32,0.71698113207547165,0.70833333333333326,0.63636363636363635,0.66666666666666663,0.65116279069767447,0.41360064512297223,24,8,7,14,0.78422619047619047,0.70891869227815962,0.70038809697338733
codebert_balanced_ratio_preserved_noise_mcc_selected_true_pr_auc_v1,codebert_class_weight_balanced,codebert,70/30,1,random_fp_10,test,70/30,test,learning_rate,2.0000000000000002e-05,2.0000000000000002e-05,1,True,3021,64,240.17674610100221,70,21,49,0.77142857142857146,0.74149659863945572,0.60869565217391308,0.66666666666666663,0.63636363636363635,0.47123317176500906,40,9,7,14,0.83090379008746351,0.63643079252939705,0.62320474183675101
codebert_balanced_ratio_preserved_noise_mcc_selected_true_pr_auc_v1,codebert_class_weight_balanced,codebert,70/30,1,random_fp_10,test,75/25,test,learning_rate,2.0000000000000002e-05,2.0000000000000002e-05,1,True,3021,64,240.17674610100221,84,21,63,0.7857142857142857,0.74603174603174605,0.56000000000000005,0.66666666666666663,0.60869565217391308,0.46602053736175392,52,11,7,14,0.86016628873771728,0.68445020671609424,0.67661258717075978
codebert_balanced_ratio_preserved_noise_mcc_selected_true_pr_auc_v1,codebert_class_weight_balanced,codebert,70/30,1,random_fp_10,test,80/20,test,learning_rate,2.0000000000000002e-05,2.0000000000000002e-05,1,True,3021,64,240.17674610100221,105,21,84,0.74285714285714288,0.71428571428571419,0.41176470588235292,0.66666666666666663,0.50909090909090904,0.36635647545598748,64,20,7,14,0.80555555555555558,0.50237732207041574,0.49033821264881527
codebert_balanced_ratio_preserved_noise_mcc_selected_true_pr_auc_v1,codebert_class_weight_balanced,codebert,70/30,1,random_fp_10,test,90/10,test,learning_rate,2.0000000000000002e-05,2.0000000000000002e-05,1,True,3021,64,240.17674610100221,210,21,189,0.77142857142857146,0.72486772486772488,0.25454545454545452,0.66666666666666663,0.36842105263157893,0.30686720460853334,148,41,7,14,0.82413706223230043,0.37539911523008651,0.36832157132059701
codebert_balanced_ratio_preserved_noise_mcc_selected_true_pr_auc_v1,codebert_class_weight_balanced,codebert,70/30,1,random_fp_20,validation,70/30,valid,learning_rate,2.0000000000000002e-05,2.0000000000000002e-05,2,True,3775,64,317.97983652097173,64,19,45,0.8125,0.83625730994152048,0.62962962962962965,0.89473684210526316,0.73913043478260865,0.62215993877954778,35,10,2,17,0.88070175438596476,0.68807113132541553,0.67463527401097956
codebert_balanced_ratio_preserved_noise_mcc_selected_true_pr_auc_v1,codebert_class_weight_balanced,codebert,70/30,1,random_fp_20,test,50/50,test,learning_rate,2.0000000000000002e-05,2.0000000000000002e-05,2,True,3775,64,317.97983652097173,42,21,21,0.7142857142857143,0.71428571428571419,0.73684210526315785,0.66666666666666663,0.69999999999999996,0.43052838591144588,16,5,7,14,0.8117913832199547,0.82833284306408039,0.82368237697238311
codebert_balanced_ratio_preserved_noise_mcc_selected_true_pr_auc_v1,codebert_class_weight_balanced,codebert,70/30,1,random_fp_20,test,60/40,test,learning_rate,2.0000000000000002e-05,2.0000000000000002e-05,2,True,3775,64,317.97983652097173,53,21,32,0.67924528301886788,0.67708333333333326,0.58333333333333337,0.66666666666666663,0.62222222222222223,0.34800677647869993,22,10,7,14,0.78869047619047616,0.75883886076706863,0.75336801983877488
codebert_balanced_ratio_preserved_noise_mcc_selected_true_pr_auc_v1,codebert_class_weight_balanced,codebert,70/30,1,random_fp_20,test,70/30,test,learning_rate,2.0000000000000002e-05,2.0000000000000002e-05,2,True,3775,64,317.97983652097173,70,21,49,0.72857142857142854,0.71088435374149661,0.53846153846153844,0.66666666666666663,0.5957446808510638,0.40000832492169464,37,12,7,14,0.82507288629737618,0.69796138859272361,0.68919175436873603
codebert_balanced_ratio_preserved_noise_mcc_selected_true_pr_auc_v1,codebert_class_weight_balanced,codebert,70/30,1,random_fp_20,test,75/25,test,learning_rate,2.0000000000000002e-05,2.0000000000000002e-05,2,True,3775,64,317.97983652097173,84,21,63,0.77380952380952384,0.73809523809523814,0.53846153846153844,0.66666666666666663,0.5957446808510638,0.44602577508753943,51,12,7,14,0.84164777021919879,0.65934263113996727,0.65146808421212499
codebert_balanced_ratio_preserved_noise_mcc_selected_true_pr_auc_v1,codebert_class_weight_balanced,codebert,70/30,1,random_fp_20,test,80/20,test,learning_rate,2.0000000000000002e-05,2.0000000000000002e-05,2,True,3775,64,317.97983652097173,105,21,84,0.74285714285714288,0.71428571428571419,0.41176470588235292,0.66666666666666663,0.50909090909090904,0.36635647545598748,64,20,7,14,0.80895691609977316,0.55185572882966438,0.54050791767867246
codebert_balanced_ratio_preserved_noise_mcc_selected_true_pr_auc_v1,codebert_class_weight_balanced,codebert,70/30,1,random_fp_20,test,90/10,test,learning_rate,2.0000000000000002e-05,2.0000000000000002e-05,2,True,3775,64,317.97983652097173,210,21,189,0.75714285714285712,0.71693121693121697,0.2413793103448276,0.66666666666666663,0.35443037974683544,0.29110978727557507,145,44,7,14,0.81015369110607205,0.43500591712871584,0.4327455872519228
codebert_balanced_ratio_preserved_noise_mcc_selected_true_pr_auc_v1,codebert_class_weight_balanced,codebert,70/30,2,clean,validation,70/30,valid,learning_rate,2.0000000000000002e-05,2.0000000000000002e-05,4,True,2264,64,178.91435172595084,64,19,45,0.84375,0.8128654970760234,0.73684210526315785,0.73684210526315785,0.73684210526315785,0.6257309941520468,40,5,5,14,0.87836257309941523,0.70028811169906691,0.68259648324744471
codebert_balanced_ratio_preserved_noise_mcc_selected_true_pr_auc_v1,codebert_class_weight_balanced,codebert,70/30,2,clean,test,50/50,test,learning_rate,2.0000000000000002e-05,2.0000000000000002e-05,4,True,2264,64,178.91435172595084,42,21,21,0.69047619047619047,0.69047619047619047,0.75,0.5714285714285714,0.64864864864864868,0.39223227027636809,17,4,9,12,0.79931972789115646,0.75155506922195447,0.73739766577883681
codebert_balanced_ratio_preserved_noise_mcc_selected_true_pr_auc_v1,codebert_class_weight_balanced,codebert,70/30,2,clean,test,60/40,test,learning_rate,2.0000000000000002e-05,2.0000000000000002e-05,4,True,2264,64,178.91435172595084,53,21,32,0.75471698113207553,0.7232142857142857,0.75,0.5714285714285714,0.64864864864864868,0.47563714634235094,28,4,9,12,0.83630952380952384,0.756504019844356,0.74844395755182225
codebert_balanced_ratio_preserved_noise_mcc_selected_true_pr_auc_v1,codebert_class_weight_balanced,codebert,70/30,2,clean,test,70/30,test,learning_rate,2.0000000000000002e-05,2.0000000000000002e-05,4,True,2264,64,178.91435172595084,70,21,49,0.74285714285714288,0.69387755102040816,0.5714285714285714,0.5714285714285714,0.5714285714285714,0.38775510204081631,40,9,9,12,0.814868804664723,0.52957996912384153,0.50519017063234861
codebert_balanced_ratio_preserved_noise_mcc_selected_true_pr_auc_v1,codebert_class_weight_balanced,codebert,70/30,2,clean,test,75/25,test,learning_rate,2.0000000000000002e-05,2.0000000000000002e-05,4,True,2264,64,178.91435172595084,84,21,63,0.72619047619047616,0.67460317460317465,0.46153846153846156,0.5714285714285714,0.51063829787234039,0.32708556839752889,49,14,9,12,0.7668178382464097,0.45823632372142992,0.429070524846701
codebert_balanced_ratio_preserved_noise_mcc_selected_true_pr_auc_v1,codebert_class_weight_balanced,codebert,70/30,2,clean,test,80/20,test,learning_rate,2.0000000000000002e-05,2.0000000000000002e-05,4,True,2264,64,178.91435172595084,105,21,84,0.82857142857142863,0.73214285714285721,0.5714285714285714,0.5714285714285714,0.5714285714285714,0.4642857142857143,75,9,9,12,0.85034013605442171,0.59406705906468038,0.5782647751739789
codebert_balanced_ratio_preserved_noise_mcc_selected_true_pr_auc_v1,codebert_class_weight_balanced,codebert,70/30,2,clean,test,90/10,test,learning_rate,2.0000000000000002e-05,2.0000000000000002e-05,4,True,2264,64,178.91435172595084,210,21,189,0.8571428571428571,0.73015873015873012,0.36363636363636365,0.5714285714285714,0.44444444444444442,0.37944985812311544,168,21,9,12,0.8309397833207357,0.31436047549878848,0.29461832195769155
codebert_balanced_ratio_preserved_noise_mcc_selected_true_pr_auc_v1,codebert_class_weight_balanced,codebert,70/30,2,heuristic_fp_10,validation,70/30,valid,learning_rate,2.0000000000000002e-05,2.0000000000000002e-05,5,True,3021,64,232.78194860299118,64,19,45,0.84375,0.8128654970760234,0.73684210526315785,0.73684210526315785,0.73684210526315785,0.6257309941520468,40,5,5,14,0.90058479532163749,0.77127765304260842,0.75967575438256829
codebert_balanced_ratio_preserved_noise_mcc_selected_true_pr_auc_v1,codebert_class_weight_balanced,codebert,70/30,2,heuristic_fp_10,test,50/50,test,learning_rate,2.0000000000000002e-05,2.0000000000000002e-05,5,True,3021,64,232.78194860299118,42,21,21,0.7857142857142857,0.7857142857142857,0.83333333333333337,0.7142857142857143,0.76923076923076927,0.57735026918962573,18,3,6,15,0.8571428571428571,0.83361435435969589,0.82610964939918097
codebert_balanced_ratio_preserved_noise_mcc_selected_true_pr_auc_v1,codebert_class_weight_balanced,codebert,70/30,2,heuristic_fp_10,test,60/40,test,learning_rate,2.0000000000000002e-05,2.0000000000000002e-05,5,True,3021,64,232.78194860299118,53,21,32,0.81132075471698117,0.79464285714285721,0.78947368421052633,0.7142857142857143,0.75,0.60102742638844608,28,4,6,15,0.87946428571428581,0.83938146890760212,0.83883185366844992
codebert_balanced_ratio_preserved_noise_mcc_selected_true_pr_auc_v1,codebert_class_weight_balanced,codebert,70/30,2,heuristic_fp_10,test,70/30,test,learning_rate,2.0000000000000002e-05,2.0000000000000002e-05,5,True,3021,64,232.78194860299118,70,21,49,0.77142857142857146,0.75510204081632648,0.59999999999999998,0.7142857142857143,0.65217391304347827,0.48795003647426655,39,10,6,15,0.85131195335276966,0.63789011136408869,0.59507705973892511
codebert_balanced_ratio_preserved_noise_mcc_selected_true_pr_auc_v1,codebert_class_weight_balanced,codebert,70/30,2,heuristic_fp_10,test,75/25,test,learning_rate,2.0000000000000002e-05,2.0000000000000002e-05,5,True,3021,64,232.78194860299118,84,21,63,0.76190476190476186,0.74603174603174605,0.51724137931034486,0.7142857142857143,0.59999999999999998,0.44814723659031064,49,14,6,15,0.82653061224489799,0.6254075785000861,0.62591194686341123
codebert_balanced_ratio_preserved_noise_mcc_selected_true_pr_auc_v1,codebert_class_weight_balanced,codebert,70/30,2,heuristic_fp_10,test,80/20,test,learning_rate,2.0000000000000002e-05,2.0000000000000002e-05,5,True,3021,64,232.78194860299118,105,21,84,0.83809523809523812,0.79166666666666674,0.57692307692307687,0.7142857142857143,0.63829787234042556,0.54058733250984259,73,11,6,15,0.89370748299319724,0.70152091755507318,0.70113156055730708
codebert_balanced_ratio_preserved_noise_mcc_selected_true_pr_auc_v1,codebert_class_weight_balanced,codebert,70/30,2,heuristic_fp_10,test,90/10,test,learning_rate,2.0000000000000002e-05,2.0000000000000002e-05,5,True,3021,64,232.78194860299118,210,21,189,0.86190476190476195,0.79629629629629628,0.39473684210526316,0.7142857142857143,0.50847457627118642,0.46178598292894057,166,23,6,15,0.86671705719324765,0.40020432420711372,0.40545825827548804
codebert_balanced_ratio_preserved_noise_mcc_selected_true_pr_auc_v1,codebert_class_weight_balanced,codebert,70/30,2,heuristic_fp_20,validation,70/30,valid,learning_rate,2.0000000000000002e-05,2.0000000000000002e-05,3,True,3775,64,298.70769486308564,64,19,45,0.859375,0.82397660818713447,0.77777777777777779,0.73684210526315785,0.7567567567567568,0.65843292392130326,41,4,5,14,0.89766081871345027,0.75546865008328257,0.7476094404040361
codebert_balanced_ratio_preserved_noise_mcc_selected_true_pr_auc_v1,codebert_class_weight_balanced,codebert,70/30,2,heuristic_fp_20,test,50/50,test,learning_rate,2.0000000000000002e-05,2.0000000000000002e-05,3,True,3775,64,298.70769486308564,42,21,21,0.73809523809523814,0.73809523809523814,0.8125,0.61904761904761907,0.70270270270270274,0.49029033784546011,18,3,8,13,0.85260770975056688,0.82904474752300827,0.82052359278535336
codebert_balanced_ratio_preserved_noise_mcc_selected_true_pr_auc_v1,codebert_class_weight_balanced,codebert,70/30,2,heuristic_fp_20,test,60/40,test,learning_rate,2.0000000000000002e-05,2.0000000000000002e-05,3,True,3775,64,298.70769486308564,53,21,32,0.75471698113207553,0.73139880952380953,0.72222222222222221,0.61904761904761907,0.66666666666666663,0.47797532566289946,27,5,8,13,0.84077380952380953,0.76510189925914696,0.75752937010488841
codebert_balanced_ratio_preserved_noise_mcc_selected_true_pr_auc_v1,codebert_class_weight_balanced,codebert,70/30,2,heuristic_fp_20,test,70/30,test,learning_rate,2.0000000000000002e-05,2.0000000000000002e-05,3,True,3775,64,298.70769486308564,70,21,49,0.74285714285714288,0.70748299319727892,0.56521739130434778,0.61904761904761907,0.59090909090909094,0.40486230250233168,39,10,8,13,0.8182701652089408,0.63607379873884584,0.62352661314748947
codebert_balanced_ratio_preserved_noise_mcc_selected_true_pr_auc_v1,codebert_class_weight_balanced,codebert,70/30,2,heuristic_fp_20,test,75/25,test,learning_rate,2.0000000000000002e-05,2.0000000000000002e-05,3,True,3775,64,298.70769486308564,84,21,63,0.73809523809523814,0.69841269841269837,0.48148148148148145,0.61904761904761907,0.54166666666666663,0.36792565474028993,49,14,8,13,0.78987150415721841,0.55442713339095828,0.54158064326725686
codebert_balanced_ratio_preserved_noise_mcc_selected_true_pr_auc_v1,codebert_class_weight_balanced,codebert,70/30,2,heuristic_fp_20,test,80/20,test,learning_rate,2.0000000000000002e-05,2.0000000000000002e-05,3,True,3775,64,298.70769486308564,105,21,84,0.8571428571428571,0.76785714285714279,0.65000000000000002,0.61904761904761907,0.63414634146341464,0.54570515633174921,77,7,8,13,0.85941043083900215,0.62864535904254604,0.61957775034484985
codebert_balanced_ratio_preserved_noise_mcc_selected_true_pr_auc_v1,codebert_class_weight_balanced,codebert,70/30,2,heuristic_fp_20,test,90/10,test,learning_rate,2.0000000000000002e-05,2.0000000000000002e-05,3,True,3775,64,298.70769486308564,210,21,189,0.80476190476190479,0.72222222222222221,0.28260869565217389,0.61904761904761907,0.38805970149253732,0.32237190934095283,156,33,8,13,0.81645250692869742,0.30678800928637562,0.27955344828952267
codebert_balanced_ratio_preserved_noise_mcc_selected_true_pr_auc_v1,codebert_class_weight_balanced,codebert,70/30,2,random_flip_10,validation,70/30,valid,learning_rate,2.0000000000000002e-05,2.0000000000000002e-05,3,True,2264,64,191.23166411893908,64,19,45,0.828125,0.77134502923976611,0.75,0.63157894736842102,0.68571428571428572,0.57260391516712261,41,4,7,12,0.87602339181286548,0.69279948404353919,0.68012465740436601
codebert_balanced_ratio_preserved_noise_mcc_selected_true_pr_auc_v1,codebert_class_weight_balanced,codebert,70/30,2,random_flip_10,test,50/50,test,learning_rate,2.0000000000000002e-05,2.0000000000000002e-05,3,True,2264,64,191.23166411893908,42,21,21,0.61904761904761907,0.61904761904761907,0.72727272727272729,0.38095238095238093,0.5,0.27076518053694115,18,3,13,8,0.81746031746031744,0.72278860113528309,0.69590874589659535
codebert_balanced_ratio_preserved_noise_mcc_selected_true_pr_auc_v1,codebert_class_weight_balanced,codebert,70/30,2,random_flip_10,test,60/40,test,learning_rate,2.0000000000000002e-05,2.0000000000000002e-05,3,True,2264,64,191.23166411893908,53,21,32,0.69811320754716977,0.64360119047619047,0.72727272727272729,0.38095238095238093,0.5,0.34637910418754991,29,3,13,8,0.8571428571428571,0.80309383398963119,0.79770892883139566
codebert_balanced_ratio_preserved_noise_mcc_selected_true_pr_auc_v1,codebert_class_weight_balanced,codebert,70/30,2,random_flip_10,test,70/30,test,learning_rate,2.0000000000000002e-05,2.0000000000000002e-05,3,True,2264,64,191.23166411893908,70,21,49,0.72857142857142854,0.62925170068027203,0.5714285714285714,0.38095238095238093,0.45714285714285713,0.29615285103456107,43,6,13,8,0.82896015549076774,0.55524979318214007,0.53211880506967202
codebert_balanced_ratio_preserved_noise_mcc_selected_true_pr_auc_v1,codebert_class_weight_balanced,codebert,70/30,2,random_flip_10,test,75/25,test,learning_rate,2.0000000000000002e-05,2.0000000000000002e-05,3,True,2264,64,191.23166411893908,84,21,63,0.6785714285714286,0.57936507936507931,0.36363636363636365,0.38095238095238093,0.37209302325581395,0.1563263498701806,49,14,13,8,0.75434618291761146,0.44809211127820581,0.41856506893612411
codebert_balanced_ratio_preserved_noise_mcc_selected_true_pr_auc_v1,codebert_class_weight_balanced,codebert,70/30,2,random_flip_10,test,80/20,test,learning_rate,2.0000000000000002e-05,2.0000000000000002e-05,3,True,2264,64,191.23166411893908,105,21,84,0.83809523809523812,0.66666666666666663,0.66666666666666663,0.38095238095238093,0.48484848484848486,0.41907903806247482,80,4,13,8,0.85572562358276649,0.58112811746491966,0.56441078660703159
codebert_balanced_ratio_preserved_noise_mcc_selected_true_pr_auc_v1,codebert_class_weight_balanced,codebert,70/30,2,random_flip_10,test,90/10,test,learning_rate,2.0000000000000002e-05,2.0000000000000002e-05,3,True,2264,64,191.23166411893908,210,21,189,0.84285714285714286,0.63756613756613756,0.2857142857142857,0.38095238095238093,0.32653061224489793,0.24281045302822785,169,20,13,8,0.83560090702947853,0.28732196760479101,0.26909485498593333
codebert_balanced_ratio_preserved_noise_mcc_selected_true_pr_auc_v1,codebert_class_weight_balanced,codebert,70/30,2,random_flip_20,validation,70/30,valid,learning_rate,2.0000000000000002e-05,2.0000000000000002e-05,4,True,2264,64,182.33479366800748,64,19,45,0.8125,0.82105263157894737,0.64000000000000001,0.84210526315789469,0.72727272727272729,0.60129415086997595,36,9,3,16,0.86900584795321634,0.71419567696698394,0.7021807406316114
codebert_balanced_ratio_preserved_noise_mcc_selected_true_pr_auc_v1,codebert_class_weight_balanced,codebert,70/30,2,random_flip_20,test,50/50,test,learning_rate,2.0000000000000002e-05,2.0000000000000002e-05,4,True,2264,64,182.33479366800748,42,21,21,0.66666666666666663,0.66666666666666663,0.76923076923076927,0.47619047619047616,0.58823529411764708,0.36051834183722337,18,3,11,10,0.73469387755102045,0.68072205932946606,0.653040690843399
codebert_balanced_ratio_preserved_noise_mcc_selected_true_pr_auc_v1,codebert_class_weight_balanced,codebert,70/30,2,random_flip_20,test,60/40,test,learning_rate,2.0000000000000002e-05,2.0000000000000002e-05,4,True,2264,64,182.33479366800748,53,21,32,0.660377358490566,0.62872023809523814,0.58823529411764708,0.47619047619047616,0.52631578947368418,0.26976509504534524,25,7,11,10,0.77380952380952384,0.60118306677351352,0.57192978931633442
codebert_balanced_ratio_preserved_noise_mcc_selected_true_pr_auc_v1,codebert_class_weight_balanced,codebert,70/30,2,random_flip_20,test,70/30,test,learning_rate,2.0000000000000002e-05,2.0000000000000002e-05,4,True,2264,64,182.33479366800748,70,21,49,0.72857142857142854,0.65646258503401356,0.55555555555555558,0.47619047619047616,0.51282051282051277,0.32810304425836656,41,8,11,10,0.78765792031098147,0.50763787828209705,0.48483804595896696
codebert_balanced_ratio_preserved_noise_mcc_selected_true_pr_auc_v1,codebert_class_weight_balanced,codebert,70/30,2,random_flip_20,test,75/25,test,learning_rate,2.0000000000000002e-05,2.0000000000000002e-05,4,True,2264,64,182.33479366800748,84,21,63,0.6428571428571429,0.58730158730158721,0.34482758620689657,0.47619047619047616,0.40000000000000002,0.159019987177207,44,19,11,10,0.69652305366591083,0.38982546492554032,0.37575981947691806
codebert_balanced_ratio_preserved_noise_mcc_selected_true_pr_auc_v1,codebert_class_weight_balanced,codebert,70/30,2,random_flip_20,test,80/20,test,learning_rate,2.0000000000000002e-05,2.0000000000000002e-05,4,True,2264,64,182.33479366800748,105,21,84,0.76190476190476186,0.65476190476190477,0.41666666666666669,0.47619047619047616,0.44444444444444442,0.2948459875572344,70,14,11,10,0.80102040816326536,0.48084272520624333,0.46369986292893722
codebert_balanced_ratio_preserved_noise_mcc_selected_true_pr_auc_v1,codebert_class_weight_balanced,codebert,70/30,2,random_flip_20,test,90/10,test,learning_rate,2.0000000000000002e-05,2.0000000000000002e-05,4,True,2264,64,182.33479366800748,210,21,189,0.79047619047619044,0.6507936507936507,0.23255813953488372,0.47619047619047616,0.3125,0.22421317963806009,156,33,11,10,0.76165280927185686,0.21993969934342542,0.20313178163322948
codebert_balanced_ratio_preserved_noise_mcc_selected_true_pr_auc_v1,codebert_class_weight_balanced,codebert,70/30,2,random_fp_10,validation,70/30,valid,learning_rate,2.0000000000000002e-05,2.0000000000000002e-05,3,True,3021,64,225.8021777139511,64,19,45,0.875,0.85029239766081877,0.78947368421052633,0.78947368421052633,0.78947368421052633,0.70058479532163742,41,4,4,15,0.8619883040935673,0.7284345608072631,0.71339255030550031
codebert_balanced_ratio_preserved_noise_mcc_selected_true_pr_auc_v1,codebert_class_weight_balanced,codebert,70/30,2,random_fp_10,test,50/50,test,learning_rate,2.0000000000000002e-05,2.0000000000000002e-05,3,True,3021,64,225.8021777139511,42,21,21,0.69047619047619047,0.69047619047619047,0.75,0.5714285714285714,0.64864864864864868,0.39223227027636809,17,4,9,12,0.76984126984126999,0.72530479387228042,0.69963567064013188
codebert_balanced_ratio_preserved_noise_mcc_selected_true_pr_auc_v1,codebert_class_weight_balanced,codebert,70/30,2,random_fp_10,test,60/40,test,learning_rate,2.0000000000000002e-05,2.0000000000000002e-05,3,True,3021,64,225.8021777139511,53,21,32,0.75471698113207553,0.7232142857142857,0.75,0.5714285714285714,0.64864864864864868,0.47563714634235094,28,4,9,12,0.8058035714285714,0.7867512801010339,0.78218103964485364
codebert_balanced_ratio_preserved_noise_mcc_selected_true_pr_auc_v1,codebert_class_weight_balanced,codebert,70/30,2,random_fp_10,test,70/30,test,learning_rate,2.0000000000000002e-05,2.0000000000000002e-05,3,True,3021,64,225.8021777139511,70,21,49,0.77142857142857146,0.71428571428571419,0.63157894736842102,0.5714285714285714,0.59999999999999998,0.44164062271091298,42,7,9,12,0.79980563654033043,0.5472494631425382,0.52504670713836221
codebert_balanced_ratio_preserved_noise_mcc_selected_true_pr_auc_v1,codebert_class_weight_balanced,codebert,70/30,2,random_fp_10,test,75/25,test,learning_rate,2.0000000000000002e-05,2.0000000000000002e-05,3,True,3021,64,225.8021777139511,84,21,63,0.7142857142857143,0.66666666666666663,0.44444444444444442,0.5714285714285714,0.5,0.30905754998184354,48,15,9,12,0.7445200302343159,0.44756671445793711,0.42195336384765947
codebert_balanced_ratio_preserved_noise_mcc_selected_true_pr_auc_v1,codebert_class_weight_balanced,codebert,70/30,2,random_fp_10,test,80/20,test,learning_rate,2.0000000000000002e-05,2.0000000000000002e-05,3,True,3021,64,225.8021777139511,105,21,84,0.79047619047619044,0.70833333333333326,0.47999999999999998,0.5714285714285714,0.52173913043478259,0.39131189606246319,71,13,9,12,0.81037414965986387,0.55982107171009698,0.5323665192986603
codebert_balanced_ratio_preserved_noise_mcc_selected_true_pr_auc_v1,codebert_class_weight_balanced,codebert,70/30,2,random_fp_10,test,90/10,test,learning_rate,2.0000000000000002e-05,2.0000000000000002e-05,3,True,3021,64,225.8021777139511,210,21,189,0.84285714285714286,0.72222222222222221,0.33333333333333331,0.5714285714285714,0.42105263157894735,0.35377908700348826,165,24,9,12,0.79062736205593342,0.28072385902482827,0.26170723722408312
codebert_balanced_ratio_preserved_noise_mcc_selected_true_pr_auc_v1,codebert_class_weight_balanced,codebert,70/30,2,random_fp_20,validation,70/30,valid,learning_rate,2.0000000000000002e-05,2.0000000000000002e-05,2,True,3775,64,294.11371294897981,64,19,45,0.8125,0.85146198830409348,0.62068965517241381,0.94736842105263153,0.75,0.64514657130341491,34,11,1,18,0.85847953216374273,0.66630490469604187,0.652728518410155
codebert_balanced_ratio_preserved_noise_mcc_selected_true_pr_auc_v1,codebert_class_weight_balanced,codebert,70/30,2,random_fp_20,test,50/50,test,learning_rate,2.0000000000000002e-05,2.0000000000000002e-05,2,True,3775,64,294.11371294897981,42,21,21,0.7142857142857143,0.71428571428571419,0.73684210526315785,0.66666666666666663,0.69999999999999996,0.43052838591144588,16,5,7,14,0.78911564625850339,0.74111329041385954,0.71539891316255189
codebert_balanced_ratio_preserved_noise_mcc_selected_true_pr_auc_v1,codebert_class_weight_balanced,codebert,70/30,2,random_fp_20,test,60/40,test,learning_rate,2.0000000000000002e-05,2.0000000000000002e-05,2,True,3775,64,294.11371294897981,53,21,32,0.73584905660377353,0.72395833333333326,0.66666666666666663,0.66666666666666663,0.66666666666666663,0.44791666666666669,25,7,7,14,0.84300595238095233,0.7834911543714802,0.7788146612178668
codebert_balanced_ratio_preserved_noise_mcc_selected_true_pr_auc_v1,codebert_class_weight_balanced,codebert,70/30,2,random_fp_20,test,70/30,test,learning_rate,2.0000000000000002e-05,2.0000000000000002e-05,2,True,3775,64,294.11371294897981,70,21,49,0.72857142857142854,0.71088435374149661,0.53846153846153844,0.66666666666666663,0.5957446808510638,0.40000832492169464,37,12,7,14,0.81292517006802723,0.54406204344608278,0.52101574321744737
codebert_balanced_ratio_preserved_noise_mcc_selected_true_pr_auc_v1,codebert_class_weight_balanced,codebert,70/30,2,random_fp_20,test,75/25,test,learning_rate,2.0000000000000002e-05,2.0000000000000002e-05,2,True,3775,64,294.11371294897981,84,21,63,0.66666666666666663,0.66666666666666663,0.40000000000000002,0.66666666666666663,0.5,0.29277002188455992,42,21,7,14,0.75359032501889645,0.46011382607208506,0.43069866310301325
codebert_balanced_ratio_preserved_noise_mcc_selected_true_pr_auc_v1,codebert_class_weight_balanced,codebert,70/30,2,random_fp_20,test,80/20,test,learning_rate,2.0000000000000002e-05,2.0000000000000002e-05,2,True,3775,64,294.11371294897981,105,21,84,0.77142857142857146,0.73214285714285721,0.45161290322580644,0.66666666666666663,0.53846153846153844,0.40713449919642009,67,17,7,14,0.83304988662131518,0.55439048207466246,0.52697574362943078
codebert_balanced_ratio_preserved_noise_mcc_selected_true_pr_auc_v1,codebert_class_weight_balanced,codebert,70/30,2,random_fp_20,test,90/10,test,learning_rate,2.0000000000000002e-05,2.0000000000000002e-05,2,True,3775,64,294.11371294897981,210,21,189,0.74761904761904763,0.71164021164021163,0.23333333333333334,0.66666666666666663,0.34567901234567899,0.28109134757052262,143,46,7,14,0.80549256739732933,0.25206495220688263,0.23665509627282111
codebert_balanced_ratio_preserved_noise_mcc_selected_true_pr_auc_v1,codebert_class_weight_balanced,codebert,70/30,3,clean,validation,70/30,valid,learning_rate,2.0000000000000002e-05,2.0000000000000002e-05,1,True,2264,64,186.98009254899807,64,19,45,0.84375,0.78245614035087718,0.80000000000000004,0.63157894736842102,0.70588235294117652,0.60928488424992022,42,3,7,12,0.90058479532163738,0.73817889884453347,0.72236642016693153
codebert_balanced_ratio_preserved_noise_mcc_selected_true_pr_auc_v1,codebert_class_weight_balanced,codebert,70/30,3,clean,test,50/50,test,learning_rate,2.0000000000000002e-05,2.0000000000000002e-05,1,True,2264,64,186.98009254899807,42,21,21,0.69047619047619047,0.69047619047619047,0.90000000000000002,0.42857142857142855,0.58064516129032262,0.44721359549995793,20,1,12,9,0.80498866213151932,0.764406018419861,0.73962374227309613
codebert_balanced_ratio_preserved_noise_mcc_selected_true_pr_auc_v1,codebert_class_weight_balanced,codebert,70/30,3,clean,test,60/40,test,learning_rate,2.0000000000000002e-05,2.0000000000000002e-05,1,True,2264,64,186.98009254899807,53,21,32,0.75471698113207553,0.6986607142857143,0.90000000000000002,0.42857142857142855,0.58064516129032262,0.49669798373175356,31,1,12,9,0.78050595238095233,0.7795333230698045,0.77649374675822802
codebert_balanced_ratio_preserved_noise_mcc_selected_true_pr_auc_v1,codebert_class_weight_balanced,codebert,70/30,3,clean,test,70/30,test,learning_rate,2.0000000000000002e-05,2.0000000000000002e-05,1,True,2264,64,186.98009254899807,70,21,49,0.81428571428571428,0.70408163265306123,0.90000000000000002,0.42857142857142855,0.58064516129032262,0.53452248382484879,48,1,12,9,0.82410106899902813,0.66745541315866586,0.64240469625685037
codebert_balanced_ratio_preserved_noise_mcc_selected_true_pr_auc_v1,codebert_class_weight_balanced,codebert,70/30,3,clean,test,75/25,test,learning_rate,2.0000000000000002e-05,2.0000000000000002e-05,1,True,2264,64,186.98009254899807,84,21,63,0.76190476190476186,0.65079365079365081,0.52941176470588236,0.42857142857142855,0.47368421052631576,0.32503573563691446,55,8,12,9,0.79024943310657592,0.5599286305156479,0.54697486966096576
codebert_balanced_ratio_preserved_noise_mcc_selected_true_pr_auc_v1,codebert_class_weight_balanced,codebert,70/30,3,clean,test,80/20,test,learning_rate,2.0000000000000002e-05,2.0000000000000002e-05,1,True,2264,64,186.98009254899807,105,21,84,0.80000000000000004,0.6607142857142857,0.5,0.42857142857142855,0.46153846153846156,0.34114411961050656,75,9,12,9,0.76927437641723351,0.43924089135322264,0.41191508208123945
codebert_balanced_ratio_preserved_noise_mcc_selected_true_pr_auc_v1,codebert_class_weight_balanced,codebert,70/30,3,clean,test,90/10,test,learning_rate,2.0000000000000002e-05,2.0000000000000002e-05,1,True,2264,64,186.98009254899807,210,21,189,0.87619047619047619,0.67724867724867721,0.39130434782608697,0.42857142857142855,0.40909090909090912,0.34054054497362252,175,14,12,9,0.81758629377676995,0.39104721727266856,0.36295638203005604
codebert_balanced_ratio_preserved_noise_mcc_selected_true_pr_auc_v1,codebert_class_weight_balanced,codebert,70/30,3,heuristic_fp_10,validation,70/30,valid,learning_rate,2.0000000000000002e-05,2.0000000000000002e-05,3,True,3021,64,223.29619829799049,64,19,45,0.78125,0.75321637426900589,0.61904761904761907,0.68421052631578949,0.65000000000000002,0.49278895331619921,37,8,6,13,0.85087719298245612,0.66532140694385222,0.64852693968941533
codebert_balanced_ratio_preserved_noise_mcc_selected_true_pr_auc_v1,codebert_class_weight_balanced,codebert,70/30,3,heuristic_fp_10,test,50/50,test,learning_rate,2.0000000000000002e-05,2.0000000000000002e-05,3,True,3021,64,223.29619829799049,42,21,21,0.7857142857142857,0.7857142857142857,0.875,0.66666666666666663,0.7567567567567568,0.58834840541455213,19,2,7,14,0.92176870748299322,0.9141563561178776,0.91200818891331947
codebert_balanced_ratio_preserved_noise_mcc_selected_true_pr_auc_v1,codebert_class_weight_balanced,codebert,70/30,3,heuristic_fp_10,test,60/40,test,learning_rate,2.0000000000000002e-05,2.0000000000000002e-05,3,True,3021,64,223.29619829799049,53,21,32,0.71698113207547165,0.70833333333333326,0.63636363636363635,0.66666666666666663,0.65116279069767447,0.41360064512297223,24,8,7,14,0.8214285714285714,0.75689062598005719,0.74992651150324696
codebert_balanced_ratio_preserved_noise_mcc_selected_true_pr_auc_v1,codebert_class_weight_balanced,codebert,70/30,3,heuristic_fp_10,test,70/30,test,learning_rate,2.0000000000000002e-05,2.0000000000000002e-05,3,True,3021,64,223.29619829799049,70,21,49,0.80000000000000004,0.76190476190476186,0.66666666666666663,0.66666666666666663,0.66666666666666663,0.52380952380952384,42,7,7,14,0.87560738581146735,0.73899196411818058,0.73146204008426152
codebert_balanced_ratio_preserved_noise_mcc_selected_true_pr_auc_v1,codebert_class_weight_balanced,codebert,70/30,3,heuristic_fp_10,test,75/25,test,learning_rate,2.0000000000000002e-05,2.0000000000000002e-05,3,True,3021,64,223.29619829799049,84,21,63,0.77380952380952384,0.73809523809523814,0.53846153846153844,0.66666666666666663,0.5957446808510638,0.44602577508753943,51,12,7,14,0.85147392290249435,0.62109169839637302,0.60963650856615481
codebert_balanced_ratio_preserved_noise_mcc_selected_true_pr_auc_v1,codebert_class_weight_balanced,codebert,70/30,3,heuristic_fp_10,test,80/20,test,learning_rate,2.0000000000000002e-05,2.0000000000000002e-05,3,True,3021,64,223.29619829799049,105,21,84,0.80000000000000004,0.75,0.5,0.66666666666666663,0.5714285714285714,0.45226701686664544,70,14,7,14,0.85459183673469385,0.53982753997589672,0.52449847158588025
codebert_balanced_ratio_preserved_noise_mcc_selected_true_pr_auc_v1,codebert_class_weight_balanced,codebert,70/30,3,heuristic_fp_10,test,90/10,test,learning_rate,2.0000000000000002e-05,2.0000000000000002e-05,3,True,3021,64,223.29619829799049,210,21,189,0.79523809523809519,0.73809523809523814,0.28000000000000003,0.66666666666666663,0.39436619718309857,0.33541019662496846,153,36,7,14,0.86772486772486779,0.4823183740834508,0.47462045275801512
codebert_balanced_ratio_preserved_noise_mcc_selected_true_pr_auc_v1,codebert_class_weight_balanced,codebert,70/30,3,heuristic_fp_20,validation,70/30,valid,learning_rate,2.0000000000000002e-05,2.0000000000000002e-05,1,True,3775,64,282.32744885608554,64,19,45,0.78125,0.75321637426900589,0.61904761904761907,0.68421052631578949,0.65000000000000002,0.49278895331619921,37,8,6,13,0.8666666666666667,0.73005786047181354,0.72285350869830389
codebert_balanced_ratio_preserved_noise_mcc_selected_true_pr_auc_v1,codebert_class_weight_balanced,codebert,70/30,3,heuristic_fp_20,test,50/50,test,learning_rate,2.0000000000000002e-05,2.0000000000000002e-05,1,True,3775,64,282.32744885608554,42,21,21,0.83333333333333337,0.83333333333333326,0.9375,0.7142857142857143,0.81081081081081086,0.6864064729836441,20,1,6,15,0.88208616780045346,0.89754300101703932,0.89505689855063153
codebert_balanced_ratio_preserved_noise_mcc_selected_true_pr_auc_v1,codebert_class_weight_balanced,codebert,70/30,3,heuristic_fp_20,test,60/40,test,learning_rate,2.0000000000000002e-05,2.0000000000000002e-05,1,True,3775,64,282.32744885608554,53,21,32,0.77358490566037741,0.76339285714285721,0.7142857142857143,0.7142857142857143,0.7142857142857143,0.5267857142857143,26,6,6,15,0.79910714285714279,0.79185620567530024,0.78766543038369208
codebert_balanced_ratio_preserved_noise_mcc_selected_true_pr_auc_v1,codebert_class_weight_balanced,codebert,70/30,3,heuristic_fp_20,test,70/30,test,learning_rate,2.0000000000000002e-05,2.0000000000000002e-05,1,True,3775,64,282.32744885608554,70,21,49,0.81428571428571428,0.7857142857142857,0.68181818181818177,0.7142857142857143,0.69767441860465118,0.56407607481776623,42,7,6,15,0.82798833819241979,0.67308431357829734,0.66288052374368212
codebert_balanced_ratio_preserved_noise_mcc_selected_true_pr_auc_v1,codebert_class_weight_balanced,codebert,70/30,3,heuristic_fp_20,test,75/25,test,learning_rate,2.0000000000000002e-05,2.0000000000000002e-05,1,True,3775,64,282.32744885608554,84,21,63,0.77380952380952384,0.75396825396825395,0.5357142857142857,0.7142857142857143,0.61224489795918369,0.46656947481584349,50,13,6,15,0.83219954648526073,0.58738315246258921,0.57034192013888596
codebert_balanced_ratio_preserved_noise_mcc_selected_true_pr_auc_v1,codebert_class_weight_balanced,codebert,70/30,3,heuristic_fp_20,test,80/20,test,learning_rate,2.0000000000000002e-05,2.0000000000000002e-05,1,True,3775,64,282.32744885608554,105,21,84,0.78095238095238095,0.75595238095238093,0.46875,0.7142857142857143,0.56603773584905659,0.44483816512377278,67,17,6,15,0.81547619047619047,0.54507334467051183,0.53438273988318108
codebert_balanced_ratio_preserved_noise_mcc_selected_true_pr_auc_v1,codebert_class_weight_balanced,codebert,70/30,3,heuristic_fp_20,test,90/10,test,learning_rate,2.0000000000000002e-05,2.0000000000000002e-05,1,True,3775,64,282.32744885608554,210,21,189,0.82380952380952377,0.77513227513227512,0.32608695652173914,0.7142857142857143,0.44776119402985076,0.39912712585070348,158,31,6,15,0.85512723607961705,0.5357782931254389,0.52880347397405181
codebert_balanced_ratio_preserved_noise_mcc_selected_true_pr_auc_v1,codebert_class_weight_balanced,codebert,70/30,3,random_flip_10,validation,70/30,valid,learning_rate,2.0000000000000002e-05,2.0000000000000002e-05,3,True,2264,64,170.54324682801962,64,19,45,0.84375,0.75204678362573096,0.90909090909090906,0.52631578947368418,0.66666666666666663,0.61046382765941454,44,1,9,10,0.8742690058479532,0.75174514092318212,0.73805421484394595
codebert_balanced_ratio_preserved_noise_mcc_selected_true_pr_auc_v1,codebert_class_weight_balanced,codebert,70/30,3,random_flip_10,test,50/50,test,learning_rate,2.0000000000000002e-05,2.0000000000000002e-05,3,True,2264,64,170.54324682801962,42,21,21,0.59523809523809523,0.59523809523809523,0.83333333333333337,0.23809523809523808,0.37037037037037035,0.27216552697590868,20,1,16,5,0.79024943310657603,0.79716149081805887,0.78999163913826709
codebert_balanced_ratio_preserved_noise_mcc_selected_true_pr_auc_v1,codebert_class_weight_balanced,codebert,70/30,3,random_flip_10,test,60/40,test,learning_rate,2.0000000000000002e-05,2.0000000000000002e-05,3,True,2264,64,170.54324682801962,53,21,32,0.67924528301886788,0.60342261904761907,0.83333333333333337,0.23809523809523808,0.37037037037037035,0.31930491938490002,31,1,16,5,0.7745535714285714,0.75693695623357327,0.75011116968799829
codebert_balanced_ratio_preserved_noise_mcc_selected_true_pr_auc_v1,codebert_class_weight_balanced,codebert,70/30,3,random_flip_10,test,70/30,test,learning_rate,2.0000000000000002e-05,2.0000000000000002e-05,3,True,2264,64,170.54324682801962,70,21,49,0.74285714285714288,0.59863945578231292,0.7142857142857143,0.23809523809523808,0.35714285714285715,0.30134851508779897,47,2,16,5,0.792031098153547,0.62627629228311499,0.5984648396642066
codebert_balanced_ratio_preserved_noise_mcc_selected_true_pr_auc_v1,codebert_class_weight_balanced,codebert,70/30,3,random_flip_10,test,75/25,test,learning_rate,2.0000000000000002e-05,2.0000000000000002e-05,3,True,2264,64,170.54324682801962,84,21,63,0.76190476190476186,0.58730158730158732,0.55555555555555558,0.23809523809523808,0.33333333333333331,0.24444444444444444,59,4,16,5,0.76757369614512472,0.564695354635951,0.55475886042432565
codebert_balanced_ratio_preserved_noise_mcc_selected_true_pr_auc_v1,codebert_class_weight_balanced,codebert,70/30,3,random_flip_10,test,80/20,test,learning_rate,2.0000000000000002e-05,2.0000000000000002e-05,3,True,2264,64,170.54324682801962,105,21,84,0.79047619047619044,0.58333333333333337,0.45454545454545453,0.23809523809523808,0.3125,0.21768964474989302,78,6,16,5,0.76020408163265307,0.3784795418083009,0.35824610790239747
codebert_balanced_ratio_preserved_noise_mcc_selected_true_pr_auc_v1,codebert_class_weight_balanced,codebert,70/30,3,random_flip_10,test,90/10,test,learning_rate,2.0000000000000002e-05,2.0000000000000002e-05,3,True,2264,64,170.54324682801962,210,21,189,0.88571428571428568,0.59788359788359791,0.38461538461538464,0.23809523809523808,0.29411764705882354,0.24371130775403349,181,8,16,5,0.78760393046107324,0.33187806215519033,0.30797974420488172
codebert_balanced_ratio_preserved_noise_mcc_selected_true_pr_auc_v1,codebert_class_weight_balanced,codebert,70/30,3,random_flip_20,validation,70/30,valid,learning_rate,2.0000000000000002e-05,2.0000000000000002e-05,1,True,2264,64,190.11370587802958,64,19,45,0.78125,0.84444444444444444,0.5757575757575758,1,0.73076923076923073,0.62978805691517892,31,14,0,19,0.87953216374269005,0.66199372646083365,0.62907852319131041
codebert_balanced_ratio_preserved_noise_mcc_selected_true_pr_auc_v1,codebert_class_weight_balanced,codebert,70/30,3,random_flip_20,test,50/50,test,learning_rate,2.0000000000000002e-05,2.0000000000000002e-05,1,True,2264,64,190.11370587802958,42,21,21,0.61904761904761907,0.61904761904761907,0.59999999999999998,0.7142857142857143,0.65217391304347827,0.242535625036333,11,10,6,15,0.75736961451247165,0.76163837180895966,0.75379504284671839
codebert_balanced_ratio_preserved_noise_mcc_selected_true_pr_auc_v1,codebert_class_weight_balanced,codebert,70/30,3,random_flip_20,test,60/40,test,learning_rate,2.0000000000000002e-05,2.0000000000000002e-05,1,True,2264,64,190.11370587802958,53,21,32,0.54716981132075471,0.57589285714285721,0.45454545454545453,0.7142857142857143,0.55555555555555558,0.15315936865824503,14,18,6,15,0.70684523809523814,0.68317289019152394,0.67518792878577916
codebert_balanced_ratio_preserved_noise_mcc_selected_true_pr_auc_v1,codebert_class_weight_balanced,codebert,70/30,3,random_flip_20,test,70/30,test,learning_rate,2.0000000000000002e-05,2.0000000000000002e-05,1,True,2264,64,190.11370587802958,70,21,49,0.62857142857142856,0.65306122448979598,0.42857142857142855,0.7142857142857143,0.5357142857142857,0.28056585887484736,29,20,6,15,0.78765792031098159,0.64927879211206974,0.64262544976337321
codebert_balanced_ratio_preserved_noise_mcc_selected_true_pr_auc_v1,codebert_class_weight_balanced,codebert,70/30,3,random_flip_20,test,75/25,test,learning_rate,2.0000000000000002e-05,2.0000000000000002e-05,1,True,2264,64,190.11370587802958,84,21,63,0.63095238095238093,0.65873015873015872,0.375,0.7142857142857143,0.49180327868852458,0.27524094128159016,38,25,6,15,0.77551020408163274,0.55866560952944244,0.54805243287800165
codebert_balanced_ratio_preserved_noise_mcc_selected_true_pr_auc_v1,codebert_class_weight_balanced,codebert,70/30,3,random_flip_20,test,80/20,test,learning_rate,2.0000000000000002e-05,2.0000000000000002e-05,1,True,2264,64,190.11370587802958,105,21,84,0.63809523809523805,0.66666666666666674,0.31914893617021278,0.7142857142857143,0.44117647058823528,0.26814216397783214,52,32,6,15,0.77551020408163263,0.49399601189513276,0.4813966071984766
codebert_balanced_ratio_preserved_noise_mcc_selected_true_pr_auc_v1,codebert_class_weight_balanced,codebert,70/30,3,random_flip_20,test,90/10,test,learning_rate,2.0000000000000002e-05,2.0000000000000002e-05,1,True,2264,64,190.11370587802958,210,21,189,0.67142857142857137,0.69047619047619047,0.19230769230769232,0.7142857142857143,0.30303030303030304,0.23652495839563303,126,63,6,15,0.79805996472663143,0.37440162929017928,0.36371397575446412
codebert_balanced_ratio_preserved_noise_mcc_selected_true_pr_auc_v1,codebert_class_weight_balanced,codebert,70/30,3,random_fp_10,validation,70/30,valid,learning_rate,2.0000000000000002e-05,2.0000000000000002e-05,1,True,3021,64,259.5957263589371,64,19,45,0.84375,0.84327485380116962,0.69565217391304346,0.84210526315789469,0.76190476190476186,0.65373117726954388,38,7,3,16,0.88596491228070173,0.67650218293915398,0.66308620991150669
codebert_balanced_ratio_preserved_noise_mcc_selected_true_pr_auc_v1,codebert_class_weight_balanced,codebert,70/30,3,random_fp_10,test,50/50,test,learning_rate,2.0000000000000002e-05,2.0000000000000002e-05,1,True,3021,64,259.5957263589371,42,21,21,0.7142857142857143,0.71428571428571419,0.73684210526315785,0.66666666666666663,0.69999999999999996,0.43052838591144588,16,5,7,14,0.78458049886621317,0.80248938414123194,0.79686564250507086
codebert_balanced_ratio_preserved_noise_mcc_selected_true_pr_auc_v1,codebert_class_weight_balanced,codebert,70/30,3,random_fp_10,test,60/40,test,learning_rate,2.0000000000000002e-05,2.0000000000000002e-05,1,True,3021,64,259.5957263589371,53,21,32,0.69811320754716977,0.69270833333333326,0.60869565217391308,0.66666666666666663,0.63636363636363635,0.38035627209210943,23,9,7,14,0.77083333333333326,0.78637561819541157,0.78262159574255086
codebert_balanced_ratio_preserved_noise_mcc_selected_true_pr_auc_v1,codebert_class_weight_balanced,codebert,70/30,3,random_fp_10,test,70/30,test,learning_rate,2.0000000000000002e-05,2.0000000000000002e-05,1,True,3021,64,259.5957263589371,70,21,49,0.72857142857142854,0.71088435374149661,0.53846153846153844,0.66666666666666663,0.5957446808510638,0.40000832492169464,37,12,7,14,0.81146744412050542,0.66314395695624928,0.63715511320825058
codebert_balanced_ratio_preserved_noise_mcc_selected_true_pr_auc_v1,codebert_class_weight_balanced,codebert,70/30,3,random_fp_10,test,75/25,test,learning_rate,2.0000000000000002e-05,2.0000000000000002e-05,1,True,3021,64,259.5957263589371,84,21,63,0.70238095238095233,0.69047619047619047,0.4375,0.66666666666666663,0.52830188679245282,0.33968311024337872,45,18,7,14,0.78269085411942563,0.55574637016321249,0.53980207805901237
codebert_balanced_ratio_preserved_noise_mcc_selected_true_pr_auc_v1,codebert_class_weight_balanced,codebert,70/30,3,random_fp_10,test,80/20,test,learning_rate,2.0000000000000002e-05,2.0000000000000002e-05,1,True,3021,64,259.5957263589371,105,21,84,0.67619047619047623,0.67261904761904767,0.34146341463414637,0.66666666666666663,0.45161290322580644,0.28306494342309851,57,27,7,14,0.76417233560090703,0.43534501256477742,0.40641697075742234
codebert_balanced_ratio_preserved_noise_mcc_selected_true_pr_auc_v1,codebert_class_weight_balanced,codebert,70/30,3,random_fp_10,test,90/10,test,learning_rate,2.0000000000000002e-05,2.0000000000000002e-05,1,True,3021,64,259.5957263589371,210,21,189,0.76190476190476186,0.71957671957671954,0.24561403508771928,0.66666666666666663,0.35897435897435898,0.29626046108260307,146,43,7,14,0.81040564373897706,0.3693963042356499,0.34468297962899963
codebert_balanced_ratio_preserved_noise_mcc_selected_true_pr_auc_v1,codebert_class_weight_balanced,codebert,70/30,3,random_fp_20,validation,70/30,valid,learning_rate,2.0000000000000002e-05,2.0000000000000002e-05,2,True,3775,64,286.60325852199458,64,19,45,0.828125,0.81695906432748533,0.68181818181818177,0.78947368421052633,0.73170731707317072,0.60978992349096683,38,7,4,15,0.88947368421052631,0.71780866609419003,0.70540792015960152
codebert_balanced_ratio_preserved_noise_mcc_selected_true_pr_auc_v1,codebert_class_weight_balanced,codebert,70/30,3,random_fp_20,test,50/50,test,learning_rate,2.0000000000000002e-05,2.0000000000000002e-05,2,True,3775,64,286.60325852199458,42,21,21,0.73809523809523814,0.73809523809523814,0.8125,0.61904761904761907,0.70270270270270274,0.49029033784546011,18,3,8,13,0.82086167800453524,0.84335444928548897,0.83913014108032047
codebert_balanced_ratio_preserved_noise_mcc_selected_true_pr_auc_v1,codebert_class_weight_balanced,codebert,70/30,3,random_fp_20,test,60/40,test,learning_rate,2.0000000000000002e-05,2.0000000000000002e-05,2,True,3775,64,286.60325852199458,53,21,32,0.81132075471698117,0.77827380952380953,0.8666666666666667,0.61904761904761907,0.72222222222222221,0.60429574716505419,30,2,8,13,0.82440476190476197,0.82920110280737469,0.82597154259721273
codebert_balanced_ratio_preserved_noise_mcc_selected_true_pr_auc_v1,codebert_class_weight_balanced,codebert,70/30,3,random_fp_20,test,70/30,test,learning_rate,2.0000000000000002e-05,2.0000000000000002e-05,2,True,3775,64,286.60325852199458,70,21,49,0.82857142857142863,0.76870748299319724,0.76470588235294112,0.61904761904761907,0.68421052631578949,0.57432146538799334,45,4,8,13,0.83867832847424684,0.73173092417819352,0.7221956681817312
codebert_balanced_ratio_preserved_noise_mcc_selected_true_pr_auc_v1,codebert_class_weight_balanced,codebert,70/30,3,random_fp_20,test,75/25,test,learning_rate,2.0000000000000002e-05,2.0000000000000002e-05,2,True,3775,64,286.60325852199458,84,21,63,0.76190476190476186,0.7142857142857143,0.52000000000000002,0.61904761904761907,0.56521739130434778,0.40588885512152761,51,12,8,13,0.82464096749811033,0.64791750341338106,0.6398178602166964
codebert_balanced_ratio_preserved_noise_mcc_selected_true_pr_auc_v1,codebert_class_weight_balanced,codebert,70/30,3,random_fp_20,test,80/20,test,learning_rate,2.0000000000000002e-05,2.0000000000000002e-05,2,True,3775,64,286.60325852199458,105,21,84,0.78095238095238095,0.72023809523809523,0.4642857142857143,0.61904761904761907,0.53061224489795922,0.3984257053349019,69,15,8,13,0.80385487528344668,0.48786396490350886,0.45849399570716032
codebert_balanced_ratio_preserved_noise_mcc_selected_true_pr_auc_v1,codebert_class_weight_balanced,codebert,70/30,3,random_fp_20,test,90/10,test,learning_rate,2.0000000000000002e-05,2.0000000000000002e-05,2,True,3775,64,286.60325852199458,210,21,189,0.84285714285714286,0.74338624338624337,0.34210526315789475,0.61904761904761907,0.44067796610169491,0.3793242002630583,164,25,8,13,0.84454522549760647,0.49040723264213149,0.47875599456411333
codebert_balanced_ratio_preserved_noise_mcc_selected_true_pr_auc_v1,codebert_class_weight_balanced,codebert,70/30,4,clean,validation,70/30,valid,learning_rate,2.0000000000000002e-05,2.0000000000000002e-05,5,True,2264,64,179.76220618502703,64,19,45,0.78125,0.72280701754385968,0.6470588235294118,0.57894736842105265,0.61111111111111116,0.46096561241627798,39,6,8,11,0.85438596491228069,0.63808795663600371,0.6077598903551481
codebert_balanced_ratio_preserved_noise_mcc_selected_true_pr_auc_v1,codebert_class_weight_balanced,codebert,70/30,4,clean,test,50/50,test,learning_rate,2.0000000000000002e-05,2.0000000000000002e-05,5,True,2264,64,179.76220618502703,42,21,21,0.80952380952380953,0.80952380952380953,1,0.61904761904761907,0.76470588235294112,0.66953406341198618,21,0,8,13,0.85147392290249424,0.89229087046424493,0.89313610329421911
codebert_balanced_ratio_preserved_noise_mcc_selected_true_pr_auc_v1,codebert_class_weight_balanced,codebert,70/30,4,clean,test,60/40,test,learning_rate,2.0000000000000002e-05,2.0000000000000002e-05,5,True,2264,64,179.76220618502703,53,21,32,0.79245283018867929,0.76264880952380953,0.8125,0.61904761904761907,0.70270270270270274,0.5596663755294996,29,3,8,13,0.85416666666666674,0.82786191229007389,0.8254232166909139
codebert_balanced_ratio_preserved_noise_mcc_selected_true_pr_auc_v1,codebert_class_weight_balanced,codebert,70/30,4,clean,test,70/30,test,learning_rate,2.0000000000000002e-05,2.0000000000000002e-05,5,True,2264,64,179.76220618502703,70,21,49,0.84285714285714286,0.77891156462585043,0.8125,0.61904761904761907,0.70270270270270274,0.60876171768941112,46,3,8,13,0.84353741496598633,0.79089817010724506,0.78800609200016436
codebert_balanced_ratio_preserved_noise_mcc_selected_true_pr_auc_v1,codebert_class_weight_balanced,codebert,70/30,4,clean,test,75/25,test,learning_rate,2.0000000000000002e-05,2.0000000000000002e-05,5,True,2264,64,179.76220618502703,84,21,63,0.80952380952380953,0.74603174603174605,0.61904761904761907,0.61904761904761907,0.61904761904761907,0.49206349206349204,55,8,8,13,0.83673469387755095,0.70668104171763702,0.70158960185973585
codebert_balanced_ratio_preserved_noise_mcc_selected_true_pr_auc_v1,codebert_class_weight_balanced,codebert,70/30,4,clean,test,80/20,test,learning_rate,2.0000000000000002e-05,2.0000000000000002e-05,5,True,2264,64,179.76220618502703,105,21,84,0.89523809523809528,0.79166666666666674,0.8125,0.61904761904761907,0.70270270270270274,0.64924870150389546,81,3,8,13,0.86252834467120176,0.76294659502787576,0.76053705853178499
codebert_balanced_ratio_preserved_noise_mcc_selected_true_pr_auc_v1,codebert_class_weight_balanced,codebert,70/30,4,clean,test,90/10,test,learning_rate,2.0000000000000002e-05,2.0000000000000002e-05,5,True,2264,64,179.76220618502703,210,21,189,0.8666666666666667,0.75661375661375663,0.39393939393939392,0.61904761904761907,0.48148148148148145,0.42306478434416322,169,20,8,13,0.84454522549760647,0.55711052696302121,0.5545551981931367
codebert_balanced_ratio_preserved_noise_mcc_selected_true_pr_auc_v1,codebert_class_weight_balanced,codebert,70/30,4,heuristic_fp_10,validation,70/30,valid,learning_rate,2.0000000000000002e-05,2.0000000000000002e-05,3,True,3021,64,231.12375263101421,64,19,45,0.734375,0.76549707602339179,0.53333333333333333,0.84210526315789469,0.65306122448979587,0.48615270842711489,31,14,3,16,0.78011695906432743,0.52461460366476631,0.49247471954578559
codebert_balanced_ratio_preserved_noise_mcc_selected_true_pr_auc_v1,codebert_class_weight_balanced,codebert,70/30,4,heuristic_fp_10,test,50/50,test,learning_rate,2.0000000000000002e-05,2.0000000000000002e-05,3,True,3021,64,231.12375263101421,42,21,21,0.8571428571428571,0.85714285714285721,0.89473684210526316,0.80952380952380953,0.84999999999999998,0.71754730985240978,19,2,4,17,0.92063492063492058,0.92199003247548528,0.91983109248315098
codebert_balanced_ratio_preserved_noise_mcc_selected_true_pr_auc_v1,codebert_class_weight_balanced,codebert,70/30,4,heuristic_fp_10,test,60/40,test,learning_rate,2.0000000000000002e-05,2.0000000000000002e-05,3,True,3021,64,231.12375263101421,53,21,32,0.79245283018867929,0.79538690476190477,0.70833333333333337,0.80952380952380953,0.75555555555555554,0.58049869858001624,25,7,4,17,0.8504464285714286,0.76464783284766824,0.75705028532776053
codebert_balanced_ratio_preserved_noise_mcc_selected_true_pr_auc_v1,codebert_class_weight_balanced,codebert,70/30,4,heuristic_fp_10,test,70/30,test,learning_rate,2.0000000000000002e-05,2.0000000000000002e-05,3,True,3021,64,231.12375263101421,70,21,49,0.74285714285714288,0.76190476190476186,0.54838709677419351,0.80952380952380953,0.65384615384615385,0.4832456210877899,35,14,4,17,0.81000971817298351,0.56587524785866283,0.54120386920619179
codebert_balanced_ratio_preserved_noise_mcc_selected_true_pr_auc_v1,codebert_class_weight_balanced,codebert,70/30,4,heuristic_fp_10,test,75/25,test,learning_rate,2.0000000000000002e-05,2.0000000000000002e-05,3,True,3021,64,231.12375263101421,84,21,63,0.79761904761904767,0.80158730158730163,0.56666666666666665,0.80952380952380953,0.66666666666666663,0.54508654502178455,50,13,4,17,0.83333333333333326,0.49940121041269142,0.47415007418430677
codebert_balanced_ratio_preserved_noise_mcc_selected_true_pr_auc_v1,codebert_class_weight_balanced,codebert,70/30,4,heuristic_fp_10,test,80/20,test,learning_rate,2.0000000000000002e-05,2.0000000000000002e-05,3,True,3021,64,231.12375263101421,105,21,84,0.83809523809523812,0.82738095238095233,0.56666666666666665,0.80952380952380953,0.66666666666666663,0.57975090436420285,71,13,4,17,0.90164399092970515,0.72221652119186519,0.71497198537189011
codebert_balanced_ratio_preserved_noise_mcc_selected_true_pr_auc_v1,codebert_class_weight_balanced,codebert,70/30,4,heuristic_fp_10,test,90/10,test,learning_rate,2.0000000000000002e-05,2.0000000000000002e-05,3,True,3021,64,231.12375263101421,210,21,189,0.79047619047619044,0.79894179894179895,0.2982456140350877,0.80952380952380953,0.4358974358974359,0.40334255544980896,149,40,4,17,0.86230788611740994,0.46129511234387283,0.45323897417846309
codebert_balanced_ratio_preserved_noise_mcc_selected_true_pr_auc_v1,codebert_class_weight_balanced,codebert,70/30,4,heuristic_fp_20,validation,70/30,valid,learning_rate,2.0000000000000002e-05,2.0000000000000002e-05,2,True,3775,64,288.12129814992659,64,19,45,0.765625,0.77251461988304093,0.57692307692307687,0.78947368421052633,0.66666666666666663,0.50701917823308018,34,11,4,15,0.79649122807017536,0.53271863714184309,0.50100717515956761
codebert_balanced_ratio_preserved_noise_mcc_selected_true_pr_auc_v1,codebert_class_weight_balanced,codebert,70/30,4,heuristic_fp_20,test,50/50,test,learning_rate,2.0000000000000002e-05,2.0000000000000002e-05,2,True,3775,64,288.12129814992659,42,21,21,0.76190476190476186,0.76190476190476186,0.82352941176470584,0.66666666666666663,0.73684210526315785,0.53357837507993255,18,3,7,14,0.90929705215419498,0.91962282871771739,0.91775524157144606
codebert_balanced_ratio_preserved_noise_mcc_selected_true_pr_auc_v1,codebert_class_weight_balanced,codebert,70/30,4,heuristic_fp_20,test,60/40,test,learning_rate,2.0000000000000002e-05,2.0000000000000002e-05,2,True,3775,64,288.12129814992659,53,21,32,0.75471698113207553,0.73958333333333326,0.69999999999999996,0.66666666666666663,0.68292682926829273,0.48350310497994997,26,6,7,14,0.83630952380952384,0.72367723810171847,0.70899902805371529
codebert_balanced_ratio_preserved_noise_mcc_selected_true_pr_auc_v1,codebert_class_weight_balanced,codebert,70/30,4,heuristic_fp_20,test,70/30,test,learning_rate,2.0000000000000002e-05,2.0000000000000002e-05,2,True,3775,64,288.12129814992659,70,21,49,0.74285714285714288,0.72108843537414957,0.56000000000000005,0.66666666666666663,0.60869565217391308,0.422890031611031,38,11,7,14,0.82021379980563658,0.59039915173209312,0.56125041655224894
codebert_balanced_ratio_preserved_noise_mcc_selected_true_pr_auc_v1,codebert_class_weight_balanced,codebert,70/30,4,heuristic_fp_20,test,75/25,test,learning_rate,2.0000000000000002e-05,2.0000000000000002e-05,2,True,3775,64,288.12129814992659,84,21,63,0.77380952380952384,0.73809523809523814,0.53846153846153844,0.66666666666666663,0.5957446808510638,0.44602577508753943,51,12,7,14,0.85109599395313684,0.54546456631170837,0.51998108472425464
codebert_balanced_ratio_preserved_noise_mcc_selected_true_pr_auc_v1,codebert_class_weight_balanced,codebert,70/30,4,heuristic_fp_20,test,80/20,test,learning_rate,2.0000000000000002e-05,2.0000000000000002e-05,2,True,3775,64,288.12129814992659,105,21,84,0.82857142857142863,0.76785714285714279,0.56000000000000005,0.66666666666666663,0.60869565217391308,0.50311529493745266,73,11,7,14,0.87783446712018143,0.61979856893281515,0.60725923710249452
codebert_balanced_ratio_preserved_noise_mcc_selected_true_pr_auc_v1,codebert_class_weight_balanced,codebert,70/30,4,heuristic_fp_20,test,90/10,test,learning_rate,2.0000000000000002e-05,2.0000000000000002e-05,2,True,3775,64,288.12129814992659,210,21,189,0.77142857142857146,0.72486772486772488,0.25454545454545452,0.66666666666666663,0.36842105263157893,0.30686720460853334,148,41,7,14,0.83358528596623849,0.32078428196527697,0.29366562301723553
codebert_balanced_ratio_preserved_noise_mcc_selected_true_pr_auc_v1,codebert_class_weight_balanced,codebert,70/30,4,random_flip_10,validation,70/30,valid,learning_rate,2.0000000000000002e-05,2.0000000000000002e-05,5,True,2264,64,188.86219017696567,64,19,45,0.828125,0.77134502923976611,0.75,0.63157894736842102,0.68571428571428572,0.57260391516712261,41,4,7,12,0.7730994152046784,0.68046447487921746,0.66894439405096229
codebert_balanced_ratio_preserved_noise_mcc_selected_true_pr_auc_v1,codebert_class_weight_balanced,codebert,70/30,4,random_flip_10,test,50/50,test,learning_rate,2.0000000000000002e-05,2.0000000000000002e-05,5,True,2264,64,188.86219017696567,42,21,21,0.66666666666666663,0.66666666666666663,0.88888888888888884,0.38095238095238093,0.53333333333333333,0.40618119722996165,20,1,13,8,0.77097505668934241,0.83134949784109446,0.82775551276943449
codebert_balanced_ratio_preserved_noise_mcc_selected_true_pr_auc_v1,codebert_class_weight_balanced,codebert,70/30,4,random_flip_10,test,60/40,test,learning_rate,2.0000000000000002e-05,2.0000000000000002e-05,5,True,2264,64,188.86219017696567,53,21,32,0.69811320754716977,0.64360119047619047,0.72727272727272729,0.38095238095238093,0.5,0.34637910418754991,29,3,13,8,0.74181547619047616,0.70190095825499776,0.69374509239383819
codebert_balanced_ratio_preserved_noise_mcc_selected_true_pr_auc_v1,codebert_class_weight_balanced,codebert,70/30,4,random_flip_10,test,70/30,test,learning_rate,2.0000000000000002e-05,2.0000000000000002e-05,5,True,2264,64,188.86219017696567,70,21,49,0.7857142857142857,0.67006802721088432,0.80000000000000004,0.38095238095238093,0.5161290322580645,0.44543540318737396,47,2,13,8,0.78377065111758981,0.69364071969113983,0.68603448920458132
codebert_balanced_ratio_preserved_noise_mcc_selected_true_pr_auc_v1,codebert_class_weight_balanced,codebert,70/30,4,random_flip_10,test,75/25,test,learning_rate,2.0000000000000002e-05,2.0000000000000002e-05,5,True,2264,64,188.86219017696567,84,21,63,0.76190476190476186,0.63492063492063489,0.53333333333333333,0.38095238095238093,0.44444444444444442,0.3050830778329604,56,7,13,8,0.71239606953892676,0.53548085300492188,0.52460024500526026
codebert_balanced_ratio_preserved_noise_mcc_selected_true_pr_auc_v1,codebert_class_weight_balanced,codebert,70/30,4,random_flip_10,test,80/20,test,learning_rate,2.0000000000000002e-05,2.0000000000000002e-05,5,True,2264,64,188.86219017696567,105,21,84,0.84761904761904761,0.67261904761904767,0.72727272727272729,0.38095238095238093,0.5,0.45092854983906411,81,3,13,8,0.7517006802721089,0.57962005353880897,0.56963914943203298
codebert_balanced_ratio_preserved_noise_mcc_selected_true_pr_auc_v1,codebert_class_weight_balanced,codebert,70/30,4,random_flip_10,test,90/10,test,learning_rate,2.0000000000000002e-05,2.0000000000000002e-05,5,True,2264,64,188.86219017696567,210,21,189,0.8666666666666667,0.6507936507936507,0.34782608695652173,0.38095238095238093,0.36363636363636365,0.28971359796263407,174,15,13,8,0.74363819601914838,0.40440108714940631,0.39471678439354319
codebert_balanced_ratio_preserved_noise_mcc_selected_true_pr_auc_v1,codebert_class_weight_balanced,codebert,70/30,4,random_flip_20,validation,70/30,valid,learning_rate,2.0000000000000002e-05,2.0000000000000002e-05,5,True,2264,64,170.37197807396296,64,19,45,0.796875,0.76432748538011697,0.65000000000000002,0.68421052631578949,0.66666666666666663,0.52109156277910951,38,7,6,13,0.84678362573099419,0.73928694650110249,0.72762148266922444
codebert_balanced_ratio_preserved_noise_mcc_selected_true_pr_auc_v1,codebert_class_weight_balanced,codebert,70/30,4,random_flip_20,test,50/50,test,learning_rate,2.0000000000000002e-05,2.0000000000000002e-05,5,True,2264,64,170.37197807396296,42,21,21,0.73809523809523814,0.73809523809523814,1,0.47619047619047616,0.64516129032258063,0.55901699437494745,21,0,11,10,0.82086167800453513,0.86468192079579342,0.86320114472856069
codebert_balanced_ratio_preserved_noise_mcc_selected_true_pr_auc_v1,codebert_class_weight_balanced,codebert,70/30,4,random_flip_20,test,60/40,test,learning_rate,2.0000000000000002e-05,2.0000000000000002e-05,5,True,2264,64,170.37197807396296,53,21,32,0.73584905660377353,0.69122023809523814,0.76923076923076927,0.47619047619047616,0.58823529411764708,0.43475723194974081,29,3,11,10,0.79836309523809523,0.69602324855944198,0.67021105966421302
codebert_balanced_ratio_preserved_noise_mcc_selected_true_pr_auc_v1,codebert_class_weight_balanced,codebert,70/30,4,random_flip_20,test,70/30,test,learning_rate,2.0000000000000002e-05,2.0000000000000002e-05,5,True,2264,64,170.37197807396296,70,21,49,0.81428571428571428,0.71768707482993199,0.83333333333333337,0.47619047619047616,0.60606060606060608,0.52937777811782949,47,2,11,10,0.8197278911564625,0.66080069011579168,0.63491227894372715
codebert_balanced_ratio_preserved_noise_mcc_selected_true_pr_auc_v1,codebert_class_weight_balanced,codebert,70/30,4,random_flip_20,test,75/25,test,learning_rate,2.0000000000000002e-05,2.0000000000000002e-05,5,True,2264,64,170.37197807396296,84,21,63,0.7857142857142857,0.68253968253968256,0.58823529411764708,0.47619047619047616,0.52631578947368418,0.3934643115604754,56,7,11,10,0.78684807256235823,0.57603942827537524,0.55000424767521494
codebert_balanced_ratio_preserved_noise_mcc_selected_true_pr_auc_v1,codebert_class_weight_balanced,codebert,70/30,4,random_flip_20,test,80/20,test,learning_rate,2.0000000000000002e-05,2.0000000000000002e-05,5,True,2264,64,170.37197807396296,105,21,84,0.81904761904761902,0.69047619047619047,0.55555555555555558,0.47619047619047616,0.51282051282051277,0.40431895657541517,76,8,11,10,0.81802721088435382,0.64161433094339637,0.63643698331734977
codebert_balanced_ratio_preserved_noise_mcc_selected_true_pr_auc_v1,codebert_class_weight_balanced,codebert,70/30,4,random_flip_20,test,90/10,test,learning_rate,2.0000000000000002e-05,2.0000000000000002e-05,5,True,2264,64,170.37197807396296,210,21,189,0.84761904761904761,0.68253968253968256,0.32258064516129031,0.47619047619047616,0.38461538461538464,0.30875960283198051,168,21,11,10,0.79302091206853109,0.29283567177555869,0.2716271714620217
codebert_balanced_ratio_preserved_noise_mcc_selected_true_pr_auc_v1,codebert_class_weight_balanced,codebert,70/30,4,random_fp_10,validation,70/30,valid,learning_rate,2.0000000000000002e-05,2.0000000000000002e-05,3,True,3021,64,283.81754243397154,64,19,45,0.84375,0.8128654970760234,0.73684210526315785,0.73684210526315785,0.73684210526315785,0.6257309941520468,40,5,5,14,0.87426900584795331,0.70492428713905286,0.67653297205211971
codebert_balanced_ratio_preserved_noise_mcc_selected_true_pr_auc_v1,codebert_class_weight_balanced,codebert,70/30,4,random_fp_10,test,50/50,test,learning_rate,2.0000000000000002e-05,2.0000000000000002e-05,3,True,3021,64,283.81754243397154,42,21,21,0.69047619047619047,0.69047619047619047,1,0.38095238095238093,0.55172413793103448,0.48507125007266594,21,0,13,8,0.84467120181405886,0.89029883411185962,0.88957648649209475
codebert_balanced_ratio_preserved_noise_mcc_selected_true_pr_auc_v1,codebert_class_weight_balanced,codebert,70/30,4,random_fp_10,test,60/40,test,learning_rate,2.0000000000000002e-05,2.0000000000000002e-05,3,True,3021,64,283.81754243397154,53,21,32,0.73584905660377353,0.67485119047619047,0.88888888888888884,0.38095238095238093,0.53333333333333333,0.45554956134091801,31,1,13,8,0.80877976190476186,0.72151365261131317,0.6964522096548369
codebert_balanced_ratio_preserved_noise_mcc_selected_true_pr_auc_v1,codebert_class_weight_balanced,codebert,70/30,4,random_fp_10,test,70/30,test,learning_rate,2.0000000000000002e-05,2.0000000000000002e-05,3,True,3021,64,283.81754243397154,70,21,49,0.77142857142857146,0.65986394557823136,0.72727272727272729,0.38095238095238093,0.5,0.40259266883055783,46,3,13,8,0.80758017492711376,0.65520751979241298,0.62925451172572833
codebert_balanced_ratio_preserved_noise_mcc_selected_true_pr_auc_v1,codebert_class_weight_balanced,codebert,70/30,4,random_fp_10,test,75/25,test,learning_rate,2.0000000000000002e-05,2.0000000000000002e-05,3,True,3021,64,283.81754243397154,84,21,63,0.76190476190476186,0.63492063492063489,0.53333333333333333,0.38095238095238093,0.44444444444444442,0.3050830778329604,56,7,13,8,0.77475434618291761,0.49571007738252904,0.46694911821332546
codebert_balanced_ratio_preserved_noise_mcc_selected_true_pr_auc_v1,codebert_class_weight_balanced,codebert,70/30,4,random_fp_10,test,80/20,test,learning_rate,2.0000000000000002e-05,2.0000000000000002e-05,3,True,3021,64,283.81754243397154,105,21,84,0.84761904761904761,0.67261904761904767,0.72727272727272729,0.38095238095238093,0.5,0.45092854983906411,81,3,13,8,0.8245464852607709,0.66281894039345723,0.65727330329508926
codebert_balanced_ratio_preserved_noise_mcc_selected_true_pr_auc_v1,codebert_class_weight_balanced,codebert,70/30,4,random_fp_10,test,90/10,test,learning_rate,2.0000000000000002e-05,2.0000000000000002e-05,3,True,3021,64,283.81754243397154,210,21,189,0.84761904761904761,0.64021164021164023,0.29629629629629628,0.38095238095238093,0.33333333333333331,0.25133165320161061,170,19,13,8,0.79037540942302842,0.28554413955679692,0.26317307838118048
codebert_balanced_ratio_preserved_noise_mcc_selected_true_pr_auc_v1,codebert_class_weight_balanced,codebert,70/30,4,random_fp_20,validation,70/30,valid,learning_rate,2.0000000000000002e-05,2.0000000000000002e-05,4,True,3775,64,284.37890853499994,64,19,45,0.796875,0.77953216374268997,0.63636363636363635,0.73684210526315785,0.68292682926829273,0.53778520927801132,37,8,5,14,0.8052631578947369,0.73116411595541542,0.72449445877478791
codebert_balanced_ratio_preserved_noise_mcc_selected_true_pr_auc_v1,codebert_class_weight_balanced,codebert,70/30,4,random_fp_20,test,50/50,test,learning_rate,2.0000000000000002e-05,2.0000000000000002e-05,4,True,3775,64,284.37890853499994,42,21,21,0.76190476190476186,0.76190476190476186,0.8666666666666667,0.61904761904761907,0.72222222222222221,0.54659439449994862,19,2,8,13,0.76417233560090703,0.83270024984219049,0.83055644591267219
codebert_balanced_ratio_preserved_noise_mcc_selected_true_pr_auc_v1,codebert_class_weight_balanced,codebert,70/30,4,random_fp_20,test,60/40,test,learning_rate,2.0000000000000002e-05,2.0000000000000002e-05,4,True,3775,64,284.37890853499994,53,21,32,0.75471698113207553,0.73139880952380953,0.72222222222222221,0.61904761904761907,0.66666666666666663,0.47797532566289946,27,5,8,13,0.73363095238095233,0.73455893446618026,0.72858552460407
codebert_balanced_ratio_preserved_noise_mcc_selected_true_pr_auc_v1,codebert_class_weight_balanced,codebert,70/30,4,random_fp_20,test,70/30,test,learning_rate,2.0000000000000002e-05,2.0000000000000002e-05,4,True,3775,64,284.37890853499994,70,21,49,0.77142857142857146,0.72789115646258506,0.61904761904761907,0.61904761904761907,0.61904761904761907,0.45578231292517007,41,8,8,13,0.70845481049562675,0.63150882284730314,0.62322004002684595
codebert_balanced_ratio_preserved_noise_mcc_selected_true_pr_auc_v1,codebert_class_weight_balanced,codebert,70/30,4,random_fp_20,test,75/25,test,learning_rate,2.0000000000000002e-05,2.0000000000000002e-05,4,True,3775,64,284.37890853499994,84,21,63,0.77380952380952384,0.72222222222222221,0.54166666666666663,0.61904761904761907,0.57777777777777772,0.42600643361512919,52,11,8,13,0.73544973544973546,0.61359517654995943,0.60584501842450655
codebert_balanced_ratio_preserved_noise_mcc_selected_true_pr_auc_v1,codebert_class_weight_balanced,codebert,70/30,4,random_fp_20,test,80/20,test,learning_rate,2.0000000000000002e-05,2.0000000000000002e-05,4,True,3775,64,284.37890853499994,105,21,84,0.82857142857142863,0.75,0.56521739130434778,0.61904761904761907,0.59090909090909094,0.48355786401142919,74,10,8,13,0.74206349206349198,0.56248129546861025,0.55117987152788928
codebert_balanced_ratio_preserved_noise_mcc_selected_true_pr_auc_v1,codebert_class_weight_balanced,codebert,70/30,4,random_fp_20,test,90/10,test,learning_rate,2.0000000000000002e-05,2.0000000000000002e-05,4,True,3775,64,284.37890853499994,210,21,189,0.82380952380952377,0.73280423280423279,0.30952380952380953,0.61904761904761907,0.41269841269841268,0.34920634920634919,160,29,8,13,0.72751322751322756,0.40879908861120717,0.40087930081417544
codebert_balanced_ratio_preserved_noise_mcc_selected_true_pr_auc_v1,codebert_class_weight_balanced,codebert,70/30,5,clean,validation,70/30,valid,learning_rate,2.0000000000000002e-05,2.0000000000000002e-05,1,True,2264,64,171.74154029705096,64,19,45,0.8125,0.85146198830409348,0.62068965517241381,0.94736842105263153,0.75,0.64514657130341491,34,11,1,18,0.85497076023391816,0.64133227387873926,0.62696147042668349
codebert_balanced_ratio_preserved_noise_mcc_selected_true_pr_auc_v1,codebert_class_weight_balanced,codebert,70/30,5,clean,test,50/50,test,learning_rate,2.0000000000000002e-05,2.0000000000000002e-05,1,True,2264,64,171.74154029705096,42,21,21,0.83333333333333337,0.83333333333333326,0.9375,0.7142857142857143,0.81081081081081086,0.6864064729836441,20,1,6,15,0.89455782312925169,0.8760732641528064,0.86912385771865885
codebert_balanced_ratio_preserved_noise_mcc_selected_true_pr_auc_v1,codebert_class_weight_balanced,codebert,70/30,5,clean,test,60/40,test,learning_rate,2.0000000000000002e-05,2.0000000000000002e-05,1,True,2264,64,171.74154029705096,53,21,32,0.73584905660377353,0.73214285714285721,0.65217391304347827,0.7142857142857143,0.68181818181818177,0.45818979495265688,24,8,6,15,0.76785714285714279,0.66263384318650165,0.64678661387177994
codebert_balanced_ratio_preserved_noise_mcc_selected_true_pr_auc_v1,codebert_class_weight_balanced,codebert,70/30,5,clean,test,70/30,test,learning_rate,2.0000000000000002e-05,2.0000000000000002e-05,1,True,2264,64,171.74154029705096,70,21,49,0.80000000000000004,0.77551020408163263,0.65217391304347827,0.7142857142857143,0.68181818181818177,0.53760404102768633,41,8,6,15,0.82507288629737607,0.71833080389474468,0.70808270644560478
codebert_balanced_ratio_preserved_noise_mcc_selected_true_pr_auc_v1,codebert_class_weight_balanced,codebert,70/30,5,clean,test,75/25,test,learning_rate,2.0000000000000002e-05,2.0000000000000002e-05,1,True,2264,64,171.74154029705096,84,21,63,0.84523809523809523,0.80158730158730163,0.68181818181818177,0.7142857142857143,0.69767441860465118,0.59404012950668628,56,7,6,15,0.8537414965986394,0.66390747045122744,0.64910364266742726
codebert_balanced_ratio_preserved_noise_mcc_selected_true_pr_auc_v1,codebert_class_weight_balanced,codebert,70/30,5,clean,test,80/20,test,learning_rate,2.0000000000000002e-05,2.0000000000000002e-05,1,True,2264,64,171.74154029705096,105,21,84,0.74285714285714288,0.73214285714285721,0.41666666666666669,0.7142857142857143,0.52631578947368418,0.39125402252874991,63,21,6,15,0.77806122448979598,0.44295703293459698,0.41113198621076869
codebert_balanced_ratio_preserved_noise_mcc_selected_true_pr_auc_v1,codebert_class_weight_balanced,codebert,70/30,5,clean,test,90/10,test,learning_rate,2.0000000000000002e-05,2.0000000000000002e-05,1,True,2264,64,171.74154029705096,210,21,189,0.77142857142857146,0.74603174603174605,0.26315789473684209,0.7142857142857143,0.38461538461538464,0.33195449253833836,147,42,6,15,0.81418493323255225,0.32055547410133511,0.29378543464960455
codebert_balanced_ratio_preserved_noise_mcc_selected_true_pr_auc_v1,codebert_class_weight_balanced,codebert,70/30,5,heuristic_fp_10,validation,70/30,valid,learning_rate,2.0000000000000002e-05,2.0000000000000002e-05,2,True,3021,64,224.1002709500026,64,19,45,0.8125,0.80584795321637426,0.65217391304347827,0.78947368421052633,0.7142857142857143,0.58245554635770269,37,8,4,15,0.87134502923976609,0.76504066391764702,0.75911058727137792
codebert_balanced_ratio_preserved_noise_mcc_selected_true_pr_auc_v1,codebert_class_weight_balanced,codebert,70/30,5,heuristic_fp_10,test,50/50,test,learning_rate,2.0000000000000002e-05,2.0000000000000002e-05,2,True,3021,64,224.1002709500026,42,21,21,0.7857142857142857,0.7857142857142857,0.9285714285714286,0.61904761904761907,0.74285714285714288,0.60609152673132649,20,1,8,13,0.91269841269841256,0.89779057440121857,0.8948582588749181
codebert_balanced_ratio_preserved_noise_mcc_selected_true_pr_auc_v1,codebert_class_weight_balanced,codebert,70/30,5,heuristic_fp_10,test,60/40,test,learning_rate,2.0000000000000002e-05,2.0000000000000002e-05,2,True,3021,64,224.1002709500026,53,21,32,0.73584905660377353,0.71577380952380953,0.68421052631578949,0.61904761904761907,0.65000000000000002,0.44014634760770044,26,6,8,13,0.82738095238095233,0.68849906947765449,0.6610853323037269
codebert_balanced_ratio_preserved_noise_mcc_selected_true_pr_auc_v1,codebert_class_weight_balanced,codebert,70/30,5,heuristic_fp_10,test,70/30,test,learning_rate,2.0000000000000002e-05,2.0000000000000002e-05,2,True,3021,64,224.1002709500026,70,21,49,0.7142857142857143,0.68707482993197277,0.52000000000000002,0.61904761904761907,0.56521739130434778,0.35783002674779546,37,12,8,13,0.80272108843537415,0.59234463659973424,0.57522647939498728
codebert_balanced_ratio_preserved_noise_mcc_selected_true_pr_auc_v1,codebert_class_weight_balanced,codebert,70/30,5,heuristic_fp_10,test,75/25,test,learning_rate,2.0000000000000002e-05,2.0000000000000002e-05,2,True,3021,64,224.1002709500026,84,21,63,0.79761904761904767,0.73809523809523814,0.59090909090909094,0.61904761904761907,0.60465116279069764,0.46897904961054182,54,9,8,13,0.8718820861678005,0.59126608520893931,0.5621860755155853
codebert_balanced_ratio_preserved_noise_mcc_selected_true_pr_auc_v1,codebert_class_weight_balanced,codebert,70/30,5,heuristic_fp_10,test,80/20,test,learning_rate,2.0000000000000002e-05,2.0000000000000002e-05,2,True,3021,64,224.1002709500026,105,21,84,0.80000000000000004,0.73214285714285721,0.5,0.61904761904761907,0.55319148936170215,0.43026338709967066,71,13,8,13,0.84863945578231292,0.5426659147258116,0.52496267907800243
codebert_balanced_ratio_preserved_noise_mcc_selected_true_pr_auc_v1,codebert_class_weight_balanced,codebert,70/30,5,heuristic_fp_10,test,90/10,test,learning_rate,2.0000000000000002e-05,2.0000000000000002e-05,2,True,3021,64,224.1002709500026,210,21,189,0.82380952380952377,0.73280423280423279,0.30952380952380953,0.61904761904761907,0.41269841269841268,0.34920634920634919,160,29,8,13,0.85537918871252205,0.34233355679966038,0.31409612721434005
codebert_balanced_ratio_preserved_noise_mcc_selected_true_pr_auc_v1,codebert_class_weight_balanced,codebert,70/30,5,heuristic_fp_20,validation,70/30,valid,learning_rate,2.0000000000000002e-05,2.0000000000000002e-05,4,True,3775,64,285.94815509894397,64,19,45,0.78125,0.78362573099415211,0.59999999999999998,0.78947368421052633,0.68181818181818177,0.53119792927493326,35,10,4,15,0.8573099415204678,0.73642680726220222,0.72819275469274158
codebert_balanced_ratio_preserved_noise_mcc_selected_true_pr_auc_v1,codebert_class_weight_balanced,codebert,70/30,5,heuristic_fp_20,test,50/50,test,learning_rate,2.0000000000000002e-05,2.0000000000000002e-05,4,True,3775,64,285.94815509894397,42,21,21,0.76190476190476186,0.76190476190476186,0.8666666666666667,0.61904761904761907,0.72222222222222221,0.54659439449994862,19,2,8,13,0.891156462585034,0.80675181412686936,0.78125836759000555
codebert_balanced_ratio_preserved_noise_mcc_selected_true_pr_auc_v1,codebert_class_weight_balanced,codebert,70/30,5,heuristic_fp_20,test,60/40,test,learning_rate,2.0000000000000002e-05,2.0000000000000002e-05,4,True,3775,64,285.94815509894397,53,21,32,0.67924528301886788,0.66889880952380953,0.59090909090909094,0.61904761904761907,0.60465116279069764,0.33531195158183819,23,9,8,13,0.7901785714285714,0.65467855873376468,0.62604949637107588
codebert_balanced_ratio_preserved_noise_mcc_selected_true_pr_auc_v1,codebert_class_weight_balanced,codebert,70/30,5,heuristic_fp_20,test,70/30,test,learning_rate,2.0000000000000002e-05,2.0000000000000002e-05,4,True,3775,64,285.94815509894397,70,21,49,0.7142857142857143,0.68707482993197277,0.52000000000000002,0.61904761904761907,0.56521739130434778,0.35783002674779546,37,12,8,13,0.8100097181729834,0.61264879893897162,0.58419917197542859
codebert_balanced_ratio_preserved_noise_mcc_selected_true_pr_auc_v1,codebert_class_weight_balanced,codebert,70/30,5,heuristic_fp_20,test,75/25,test,learning_rate,2.0000000000000002e-05,2.0000000000000002e-05,4,True,3775,64,285.94815509894397,84,21,63,0.77380952380952384,0.72222222222222221,0.54166666666666663,0.61904761904761907,0.57777777777777772,0.42600643361512919,52,11,8,13,0.83975812547241113,0.56589428295993249,0.56349728601871618
codebert_balanced_ratio_preserved_noise_mcc_selected_true_pr_auc_v1,codebert_class_weight_balanced,codebert,70/30,5,heuristic_fp_20,test,80/20,test,learning_rate,2.0000000000000002e-05,2.0000000000000002e-05,4,True,3775,64,285.94815509894397,105,21,84,0.78095238095238095,0.72023809523809523,0.4642857142857143,0.61904761904761907,0.53061224489795922,0.3984257053349019,69,15,8,13,0.83333333333333326,0.4791919609025781,0.45467027944291344
codebert_balanced_ratio_preserved_noise_mcc_selected_true_pr_auc_v1,codebert_class_weight_balanced,codebert,70/30,5,heuristic_fp_20,test,90/10,test,learning_rate,2.0000000000000002e-05,2.0000000000000002e-05,4,True,3775,64,285.94815509894397,210,21,189,0.76190476190476186,0.69841269841269837,0.23636363636363636,0.61904761904761907,0.34210526315789475,0.27076518053694115,147,42,8,13,0.8231292517006803,0.30285095618259827,0.28225133129257729
codebert_balanced_ratio_preserved_noise_mcc_selected_true_pr_auc_v1,codebert_class_weight_balanced,codebert,70/30,5,random_flip_10,validation,70/30,valid,learning_rate,2.0000000000000002e-05,2.0000000000000002e-05,3,True,2264,64,180.69695361796767,64,19,45,0.78125,0.79883040935672511,0.59259259259259256,0.84210526315789469,0.69565217391304346,0.55291083255017204,34,11,3,16,0.85672514619883045,0.63908836742755903,0.61042085488620745
codebert_balanced_ratio_preserved_noise_mcc_selected_true_pr_auc_v1,codebert_class_weight_balanced,codebert,70/30,5,random_flip_10,test,50/50,test,learning_rate,2.0000000000000002e-05,2.0000000000000002e-05,3,True,2264,64,180.69695361796767,42,21,21,0.7857142857142857,0.7857142857142857,0.875,0.66666666666666663,0.7567567567567568,0.58834840541455213,19,2,7,14,0.87528344671201808,0.84188620717442775,0.83017405073955919
codebert_balanced_ratio_preserved_noise_mcc_selected_true_pr_auc_v1,codebert_class_weight_balanced,codebert,70/30,5,random_flip_10,test,60/40,test,learning_rate,2.0000000000000002e-05,2.0000000000000002e-05,3,True,2264,64,180.69695361796767,53,21,32,0.75471698113207553,0.73958333333333326,0.69999999999999996,0.66666666666666663,0.68292682926829273,0.48350310497994997,26,6,7,14,0.8035714285714286,0.66886516034836641,0.63684972356407088
codebert_balanced_ratio_preserved_noise_mcc_selected_true_pr_auc_v1,codebert_class_weight_balanced,codebert,70/30,5,random_flip_10,test,70/30,test,learning_rate,2.0000000000000002e-05,2.0000000000000002e-05,3,True,2264,64,180.69695361796767,70,21,49,0.74285714285714288,0.72108843537414957,0.56000000000000005,0.66666666666666663,0.60869565217391308,0.422890031611031,38,11,7,14,0.81632653061224492,0.69853737060794252,0.69285083090719124
codebert_balanced_ratio_preserved_noise_mcc_selected_true_pr_auc_v1,codebert_class_weight_balanced,codebert,70/30,5,random_flip_10,test,75/25,test,learning_rate,2.0000000000000002e-05,2.0000000000000002e-05,3,True,2264,64,180.69695361796767,84,21,63,0.84523809523809523,0.7857142857142857,0.69999999999999996,0.66666666666666663,0.68292682926829273,0.58094750193111255,57,6,7,14,0.86205593348450482,0.64912506537883463,0.61927047048554762
codebert_balanced_ratio_preserved_noise_mcc_selected_true_pr_auc_v1,codebert_class_weight_balanced,codebert,70/30,5,random_flip_10,test,80/20,test,learning_rate,2.0000000000000002e-05,2.0000000000000002e-05,3,True,2264,64,180.69695361796767,105,21,84,0.80952380952380953,0.75595238095238093,0.51851851851851849,0.66666666666666663,0.58333333333333337,0.46849965616343964,71,13,7,14,0.81746031746031744,0.52281518074410882,0.50125498612594677
codebert_balanced_ratio_preserved_noise_mcc_selected_true_pr_auc_v1,codebert_class_weight_balanced,codebert,70/30,5,random_flip_10,test,90/10,test,learning_rate,2.0000000000000002e-05,2.0000000000000002e-05,3,True,2264,64,180.69695361796767,210,21,189,0.82380952380952377,0.75396825396825395,0.31818181818181818,0.66666666666666663,0.43076923076923079,0.37442910176072719,159,30,7,14,0.82300327538422779,0.34198293394426066,0.30974254133220558
codebert_balanced_ratio_preserved_noise_mcc_selected_true_pr_auc_v1,codebert_class_weight_balanced,codebert,70/30,5,random_flip_20,validation,70/30,valid,learning_rate,2.0000000000000002e-05,2.0000000000000002e-05,3,True,2264,64,170.28074113489129,64,19,45,0.828125,0.80175438596491233,0.69999999999999996,0.73684210526315785,0.71794871794871795,0.59487443892482417,39,6,5,14,0.85146198830409348,0.69478383027370172,0.68946661491774819
codebert_balanced_ratio_preserved_noise_mcc_selected_true_pr_auc_v1,codebert_class_weight_balanced,codebert,70/30,5,random_flip_20,test,50/50,test,learning_rate,2.0000000000000002e-05,2.0000000000000002e-05,3,True,2264,64,170.28074113489129,42,21,21,0.73809523809523814,0.73809523809523814,0.8571428571428571,0.5714285714285714,0.68571428571428572,0.50507627227610541,19,2,9,12,0.8798185941043084,0.80643006805997075,0.78217081445690684
codebert_balanced_ratio_preserved_noise_mcc_selected_true_pr_auc_v1,codebert_class_weight_balanced,codebert,70/30,5,random_flip_20,test,60/40,test,learning_rate,2.0000000000000002e-05,2.0000000000000002e-05,3,True,2264,64,170.28074113489129,53,21,32,0.77358490566037741,0.7388392857142857,0.80000000000000004,0.5714285714285714,0.66666666666666663,0.51866025358284062,29,3,9,12,0.86904761904761907,0.69433866005259803,0.67061248934130702
codebert_balanced_ratio_preserved_noise_mcc_selected_true_pr_auc_v1,codebert_class_weight_balanced,codebert,70/30,5,random_flip_20,test,70/30,test,learning_rate,2.0000000000000002e-05,2.0000000000000002e-05,3,True,2264,64,170.28074113489129,70,21,49,0.82857142857142863,0.75510204081632648,0.80000000000000004,0.5714285714285714,0.66666666666666663,0.56980288229818976,46,3,9,12,0.87706511175898927,0.70127591489213204,0.67536537837854704
codebert_balanced_ratio_preserved_noise_mcc_selected_true_pr_auc_v1,codebert_class_weight_balanced,codebert,70/30,5,random_flip_20,test,75/25,test,learning_rate,2.0000000000000002e-05,2.0000000000000002e-05,3,True,2264,64,170.28074113489129,84,21,63,0.8571428571428571,0.76190476190476186,0.80000000000000004,0.5714285714285714,0.66666666666666663,0.59222009226398198,60,3,9,12,0.91269841269841279,0.65102791441282282,0.62964862156827139
codebert_balanced_ratio_preserved_noise_mcc_selected_true_pr_auc_v1,codebert_class_weight_balanced,codebert,70/30,5,random_flip_20,test,80/20,test,learning_rate,2.0000000000000002e-05,2.0000000000000002e-05,3,True,2264,64,170.28074113489129,105,21,84,0.80000000000000004,0.71428571428571419,0.5,0.5714285714285714,0.53333333333333333,0.40824829046386302,72,12,9,12,0.81575963718820865,0.3953269587632055,0.37778327936762146
codebert_balanced_ratio_preserved_noise_mcc_selected_true_pr_auc_v1,codebert_class_weight_balanced,codebert,70/30,5,random_flip_20,test,90/10,test,learning_rate,2.0000000000000002e-05,2.0000000000000002e-05,3,True,2264,64,170.28074113489129,210,21,189,0.84285714285714286,0.72222222222222221,0.33333333333333331,0.5714285714285714,0.42105263157894735,0.35377908700348826,165,24,9,12,0.84492315444696398,0.26408114353185469,0.25204742627089588
codebert_balanced_ratio_preserved_noise_mcc_selected_true_pr_auc_v1,codebert_class_weight_balanced,codebert,70/30,5,random_fp_10,validation,70/30,valid,learning_rate,2.0000000000000002e-05,2.0000000000000002e-05,4,True,3021,64,235.58176656393334,64,19,45,0.84375,0.78245614035087718,0.80000000000000004,0.63157894736842102,0.70588235294117652,0.60928488424992022,42,3,7,12,0.79707602339181283,0.70673055121956385,0.69972098681305916
codebert_balanced_ratio_preserved_noise_mcc_selected_true_pr_auc_v1,codebert_class_weight_balanced,codebert,70/30,5,random_fp_10,test,50/50,test,learning_rate,2.0000000000000002e-05,2.0000000000000002e-05,4,True,3021,64,235.58176656393334,42,21,21,0.61904761904761907,0.61904761904761907,0.8571428571428571,0.2857142857142857,0.42857142857142855,0.31943828249996992,20,1,15,6,0.92290249433106575,0.89800209974623013,0.89352249413880491
codebert_balanced_ratio_preserved_noise_mcc_selected_true_pr_auc_v1,codebert_class_weight_balanced,codebert,70/30,5,random_fp_10,test,60/40,test,learning_rate,2.0000000000000002e-05,2.0000000000000002e-05,4,True,3021,64,235.58176656393334,53,21,32,0.660377358490566,0.59598214285714279,0.66666666666666663,0.2857142857142857,0.40000000000000002,0.25006763154458905,29,3,15,6,0.8794642857142857,0.71975623110924603,0.69209789260859234
codebert_balanced_ratio_preserved_noise_mcc_selected_true_pr_auc_v1,codebert_class_weight_balanced,codebert,70/30,5,random_fp_10,test,70/30,test,learning_rate,2.0000000000000002e-05,2.0000000000000002e-05,4,True,3021,64,235.58176656393334,70,21,49,0.75714285714285712,0.62244897959183665,0.75,0.2857142857142857,0.41379310344827586,0.35273781075132921,47,2,15,6,0.89601554907677361,0.78702900169738621,0.78026419505011657
codebert_balanced_ratio_preserved_noise_mcc_selected_true_pr_auc_v1,codebert_class_weight_balanced,codebert,70/30,5,random_fp_10,test,75/25,test,learning_rate,2.0000000000000002e-05,2.0000000000000002e-05,4,True,3021,64,235.58176656393334,84,21,63,0.79761904761904767,0.62698412698412698,0.75,0.2857142857142857,0.41379310344827586,0.3746343246326776,61,2,15,6,0.91836734693877542,0.7575816790246952,0.75004004276714809
codebert_balanced_ratio_preserved_noise_mcc_selected_true_pr_auc_v1,codebert_class_weight_balanced,codebert,70/30,5,random_fp_10,test,80/20,test,learning_rate,2.0000000000000002e-05,2.0000000000000002e-05,4,True,3021,64,235.58176656393334,105,21,84,0.79047619047619044,0.60119047619047616,0.46153846153846156,0.2857142857142857,0.35294117647058826,0.2457838460856521,77,7,15,6,0.84807256235827666,0.46449092318193486,0.44157099172909026
codebert_balanced_ratio_preserved_noise_mcc_selected_true_pr_auc_v1,codebert_class_weight_balanced,codebert,70/30,5,random_fp_10,test,90/10,test,learning_rate,2.0000000000000002e-05,2.0000000000000002e-05,4,True,3021,64,235.58176656393334,210,21,189,0.8666666666666667,0.60846560846560838,0.31578947368421051,0.2857142857142857,0.29999999999999999,0.22686584541379273,176,13,15,6,0.87767699672461574,0.35222137297489076,0.32832068485891985
codebert_balanced_ratio_preserved_noise_mcc_selected_true_pr_auc_v1,codebert_class_weight_balanced,codebert,70/30,5,random_fp_20,validation,70/30,valid,learning_rate,2.0000000000000002e-05,2.0000000000000002e-05,3,True,3775,64,288.32773803395685,64,19,45,0.90625,0.88771929824561402,0.84210526315789469,0.84210526315789469,0.84210526315789469,0.77543859649122804,42,3,3,16,0.88011695906432741,0.81876563118074142,0.81058831373859341
codebert_balanced_ratio_preserved_noise_mcc_selected_true_pr_auc_v1,codebert_class_weight_balanced,codebert,70/30,5,random_fp_20,test,50/50,test,learning_rate,2.0000000000000002e-05,2.0000000000000002e-05,3,True,3775,64,288.32773803395685,42,21,21,0.66666666666666663,0.66666666666666663,1,0.33333333333333331,0.5,0.44721359549995793,21,0,14,7,0.84126984126984117,0.8786168257009116,0.87717035537078347
codebert_balanced_ratio_preserved_noise_mcc_selected_true_pr_auc_v1,codebert_class_weight_balanced,codebert,70/30,5,random_fp_20,test,60/40,test,learning_rate,2.0000000000000002e-05,2.0000000000000002e-05,3,True,3775,64,288.32773803395685,53,21,32,0.69811320754716977,0.63541666666666663,0.77777777777777779,0.33333333333333331,0.46666666666666667,0.35280859644275353,30,2,14,7,0.80208333333333326,0.68094692375423271,0.65870137583858046
codebert_balanced_ratio_preserved_noise_mcc_selected_true_pr_auc_v1,codebert_class_weight_balanced,codebert,70/30,5,random_fp_20,test,70/30,test,learning_rate,2.0000000000000002e-05,2.0000000000000002e-05,3,True,3775,64,288.32773803395685,70,21,49,0.77142857142857146,0.64625850340136048,0.77777777777777779,0.33333333333333331,0.46666666666666667,0.40047244196276405,47,2,14,7,0.78814382896015545,0.68514683483170891,0.6748145888269681
codebert_balanced_ratio_preserved_noise_mcc_selected_true_pr_auc_v1,codebert_class_weight_balanced,codebert,70/30,5,random_fp_20,test,75/25,test,learning_rate,2.0000000000000002e-05,2.0000000000000002e-05,3,True,3775,64,288.32773803395685,84,21,63,0.8214285714285714,0.65873015873015872,0.875,0.33333333333333331,0.48275862068965519,0.46829290579084698,62,1,14,7,0.85222978080120937,0.73708685251612516,0.72810520027171655
codebert_balanced_ratio_preserved_noise_mcc_selected_true_pr_auc_v1,codebert_class_weight_balanced,codebert,70/30,5,random_fp_20,test,80/20,test,learning_rate,2.0000000000000002e-05,2.0000000000000002e-05,3,True,3775,64,288.32773803395685,105,21,84,0.81904761904761902,0.63690476190476186,0.58333333333333337,0.33333333333333331,0.42424242424242425,0.34424349555131856,79,5,14,7,0.81689342403628118,0.54085545691358128,0.51235717263773806
codebert_balanced_ratio_preserved_noise_mcc_selected_true_pr_auc_v1,codebert_class_weight_balanced,codebert,70/30,5,random_fp_20,test,90/10,test,learning_rate,2.0000000000000002e-05,2.0000000000000002e-05,3,True,3775,64,288.32773803395685,210,21,189,0.86190476190476195,0.62698412698412698,0.31818181818181818,0.33333333333333331,0.32558139534883723,0.24878816542844914,174,15,14,7,0.79843789367598894,0.30577182706913492,0.28307361944980997
codebert_balanced_ratio_preserved_noise_mcc_selected_true_pr_auc_v1,codebert_class_weight_balanced,codebert,75/25,1,clean,validation,75/25,valid,learning_rate,2.0000000000000002e-05,2.0000000000000002e-05,1,True,2716,76,211.73567356099375,76,19,57,0.77631578947368418,0.81578947368421051,0.53125,0.89473684210526316,0.66666666666666663,0.5539117094069973,42,15,2,17,0.88827331486611261,0.65852019425286157,0.64047197172188031
codebert_balanced_ratio_preserved_noise_mcc_selected_true_pr_auc_v1,codebert_class_weight_balanced,codebert,75/25,1,clean,test,50/50,test,learning_rate,2.0000000000000002e-05,2.0000000000000002e-05,1,True,2716,76,211.73567356099375,42,21,21,0.69047619047619047,0.69047619047619047,0.69999999999999996,0.66666666666666663,0.68292682926829273,0.38138503569823695,15,6,7,14,0.83446712018140601,0.87156958449797339,0.86893023090617838
codebert_balanced_ratio_preserved_noise_mcc_selected_true_pr_auc_v1,codebert_class_weight_balanced,codebert,75/25,1,clean,test,60/40,test,learning_rate,2.0000000000000002e-05,2.0000000000000002e-05,1,True,2716,76,211.73567356099375,53,21,32,0.67924528301886788,0.67708333333333326,0.58333333333333337,0.66666666666666663,0.62222222222222223,0.34800677647869993,22,10,7,14,0.8125,0.77039595046168663,0.76377355151953386
codebert_balanced_ratio_preserved_noise_mcc_selected_true_pr_auc_v1,codebert_class_weight_balanced,codebert,75/25,1,clean,test,70/30,test,learning_rate,2.0000000000000002e-05,2.0000000000000002e-05,1,True,2716,76,211.73567356099375,70,21,49,0.74285714285714288,0.72108843537414957,0.56000000000000005,0.66666666666666663,0.60869565217391308,0.422890031611031,38,11,7,14,0.83624878522837698,0.63294887509819575,0.60506353896455389
codebert_balanced_ratio_preserved_noise_mcc_selected_true_pr_auc_v1,codebert_class_weight_balanced,codebert,75/25,1,clean,test,75/25,test,learning_rate,2.0000000000000002e-05,2.0000000000000002e-05,1,True,2716,76,211.73567356099375,84,21,63,0.77380952380952384,0.73809523809523814,0.53846153846153844,0.66666666666666663,0.5957446808510638,0.44602577508753943,51,12,7,14,0.86772486772486768,0.70925866139079607,0.7014953489546929
codebert_balanced_ratio_preserved_noise_mcc_selected_true_pr_auc_v1,codebert_class_weight_balanced,codebert,75/25,1,clean,test,80/20,test,learning_rate,2.0000000000000002e-05,2.0000000000000002e-05,1,True,2716,76,211.73567356099375,105,21,84,0.74285714285714288,0.71428571428571419,0.41176470588235292,0.66666666666666663,0.50909090909090904,0.36635647545598748,64,20,7,14,0.81916099773242634,0.57407821575246953,0.56469712175240483
codebert_balanced_ratio_preserved_noise_mcc_selected_true_pr_auc_v1,codebert_class_weight_balanced,codebert,75/25,1,clean,test,90/10,test,learning_rate,2.0000000000000002e-05,2.0000000000000002e-05,1,True,2716,76,211.73567356099375,210,21,189,0.74285714285714288,0.70899470899470896,0.22950819672131148,0.66666666666666663,0.34146341463414637,0.27621533415102273,142,47,7,14,0.83635676492819355,0.44914386062416256,0.43997178330452918
codebert_balanced_ratio_preserved_noise_mcc_selected_true_pr_auc_v1,codebert_class_weight_balanced,codebert,75/25,1,heuristic_fp_10,validation,75/25,valid,learning_rate,2.0000000000000002e-05,2.0000000000000002e-05,2,True,3804,76,320.87057346804067,76,19,57,0.82894736842105265,0.81578947368421051,0.625,0.78947368421052633,0.69767441860465118,0.58834840541455213,48,9,4,15,0.92382271468144039,0.83757711532664436,0.83605248246401165
codebert_balanced_ratio_preserved_noise_mcc_selected_true_pr_auc_v1,codebert_class_weight_balanced,codebert,75/25,1,heuristic_fp_10,test,50/50,test,learning_rate,2.0000000000000002e-05,2.0000000000000002e-05,2,True,3804,76,320.87057346804067,42,21,21,0.80952380952380953,0.80952380952380953,0.88235294117647056,0.7142857142857143,0.78947368421052633,0.63059262509446579,19,2,6,15,0.90362811791383213,0.91085283324992816,0.90922187210618377
codebert_balanced_ratio_preserved_noise_mcc_selected_true_pr_auc_v1,codebert_class_weight_balanced,codebert,75/25,1,heuristic_fp_10,test,60/40,test,learning_rate,2.0000000000000002e-05,2.0000000000000002e-05,2,True,3804,76,320.87057346804067,53,21,32,0.83018867924528306,0.81026785714285721,0.83333333333333337,0.7142857142857143,0.76923076923076927,0.64088652990813211,29,3,6,15,0.8973214285714286,0.85857709699161155,0.85420214417238638
codebert_balanced_ratio_preserved_noise_mcc_selected_true_pr_auc_v1,codebert_class_weight_balanced,codebert,75/25,1,heuristic_fp_10,test,70/30,test,learning_rate,2.0000000000000002e-05,2.0000000000000002e-05,2,True,3804,76,320.87057346804067,70,21,49,0.82857142857142863,0.79591836734693877,0.7142857142857143,0.7142857142857143,0.7142857142857143,0.59183673469387754,43,6,6,15,0.88872691933916426,0.74564806756639024,0.73548460988675379
codebert_balanced_ratio_preserved_noise_mcc_selected_true_pr_auc_v1,codebert_class_weight_balanced,codebert,75/25,1,heuristic_fp_10,test,75/25,test,learning_rate,2.0000000000000002e-05,2.0000000000000002e-05,2,True,3804,76,320.87057346804067,84,21,63,0.84523809523809523,0.80158730158730163,0.68181818181818177,0.7142857142857143,0.69767441860465118,0.59404012950668628,56,7,6,15,0.92441421012849578,0.8312953877335798,0.82987481447837985
codebert_balanced_ratio_preserved_noise_mcc_selected_true_pr_auc_v1,codebert_class_weight_balanced,codebert,75/25,1,heuristic_fp_10,test,80/20,test,learning_rate,2.0000000000000002e-05,2.0000000000000002e-05,2,True,3804,76,320.87057346804067,105,21,84,0.81904761904761902,0.77976190476190477,0.5357142857142857,0.7142857142857143,0.61224489795918369,0.50610832839838893,71,13,6,15,0.87131519274376423,0.63084182517394294,0.6258196045815887
codebert_balanced_ratio_preserved_noise_mcc_selected_true_pr_auc_v1,codebert_class_weight_balanced,codebert,75/25,1,heuristic_fp_10,test,90/10,test,learning_rate,2.0000000000000002e-05,2.0000000000000002e-05,2,True,3804,76,320.87057346804067,210,21,189,0.84285714285714286,0.7857142857142857,0.35714285714285715,0.7142857142857143,0.47619047619047616,0.42857142857142855,162,27,6,15,0.87918871252204578,0.48058703114366419,0.47650615897699972
codebert_balanced_ratio_preserved_noise_mcc_selected_true_pr_auc_v1,codebert_class_weight_balanced,codebert,75/25,1,heuristic_fp_20,validation,75/25,valid,learning_rate,2.0000000000000002e-05,2.0000000000000002e-05,2,True,4892,76,361.72799380391371,76,19,57,0.76315789473684215,0.80701754385964919,0.51515151515151514,0.89473684210526316,0.65384615384615385,0.53643390485031994,41,16,2,17,0.8698060941828254,0.72294573230826731,0.71674831485485169
codebert_balanced_ratio_preserved_noise_mcc_selected_true_pr_auc_v1,codebert_class_weight_balanced,codebert,75/25,1,heuristic_fp_20,test,50/50,test,learning_rate,2.0000000000000002e-05,2.0000000000000002e-05,2,True,4892,76,361.72799380391371,42,21,21,0.7857142857142857,0.7857142857142857,0.77272727272727271,0.80952380952380953,0.79069767441860461,0.57207755354735534,16,5,4,17,0.8798185941043084,0.8767037940073954,0.8741304620083451
codebert_balanced_ratio_preserved_noise_mcc_selected_true_pr_auc_v1,codebert_class_weight_balanced,codebert,75/25,1,heuristic_fp_20,test,60/40,test,learning_rate,2.0000000000000002e-05,2.0000000000000002e-05,2,True,4892,76,361.72799380391371,53,21,32,0.79245283018867929,0.79538690476190477,0.70833333333333337,0.80952380952380953,0.75555555555555554,0.58049869858001624,25,7,4,17,0.88541666666666663,0.82696847192645517,0.82028861129654973
codebert_balanced_ratio_preserved_noise_mcc_selected_true_pr_auc_v1,codebert_class_weight_balanced,codebert,75/25,1,heuristic_fp_20,test,70/30,test,learning_rate,2.0000000000000002e-05,2.0000000000000002e-05,2,True,4892,76,361.72799380391371,70,21,49,0.7857142857142857,0.79251700680272108,0.6071428571428571,0.80952380952380953,0.69387755102040816,0.54724920963020229,38,11,4,17,0.87755102040816324,0.73466018288743218,0.72639846602127411
codebert_balanced_ratio_preserved_noise_mcc_selected_true_pr_auc_v1,codebert_class_weight_balanced,codebert,75/25,1,heuristic_fp_20,test,75/25,test,learning_rate,2.0000000000000002e-05,2.0000000000000002e-05,2,True,4892,76,361.72799380391371,84,21,63,0.83333333333333337,0.82539682539682535,0.62962962962962965,0.80952380952380953,0.70833333333333337,0.60339807377407551,53,10,4,17,0.92063492063492058,0.810052486658555,0.80575324976188978
codebert_balanced_ratio_preserved_noise_mcc_selected_true_pr_auc_v1,codebert_class_weight_balanced,codebert,75/25,1,heuristic_fp_20,test,80/20,test,learning_rate,2.0000000000000002e-05,2.0000000000000002e-05,2,True,4892,76,361.72799380391371,105,21,84,0.76190476190476186,0.77976190476190477,0.44736842105263158,0.80952380952380953,0.57627118644067798,0.46573477073253305,63,21,4,17,0.84977324263038556,0.55470199182071589,0.54136591149417745
codebert_balanced_ratio_preserved_noise_mcc_selected_true_pr_auc_v1,codebert_class_weight_balanced,codebert,75/25,1,heuristic_fp_20,test,90/10,test,learning_rate,2.0000000000000002e-05,2.0000000000000002e-05,2,True,4892,76,361.72799380391371,210,21,189,0.7857142857142857,0.79629629629629628,0.29310344827586204,0.80952380952380953,0.43037974683544306,0.39761336798615132,148,41,4,17,0.87112622826908537,0.39959420400961437,0.39728726953754684
codebert_balanced_ratio_preserved_noise_mcc_selected_true_pr_auc_v1,codebert_class_weight_balanced,codebert,75/25,1,random_flip_10,validation,75/25,valid,learning_rate,2.0000000000000002e-05,2.0000000000000002e-05,4,True,2716,76,204.08154628402553,76,19,57,0.84210526315789469,0.73684210526315785,0.76923076923076927,0.52631578947368418,0.625,0.54470477940192219,54,3,9,10,0.76915974145891042,0.68085724638137912,0.67310256866527718
codebert_balanced_ratio_preserved_noise_mcc_selected_true_pr_auc_v1,codebert_class_weight_balanced,codebert,75/25,1,random_flip_10,test,50/50,test,learning_rate,2.0000000000000002e-05,2.0000000000000002e-05,4,True,2716,76,204.08154628402553,42,21,21,0.73809523809523814,0.73809523809523814,1,0.47619047619047616,0.64516129032258063,0.55901699437494745,21,0,11,10,0.865079365079365,0.89437928278968304,0.89396562654895928
codebert_balanced_ratio_preserved_noise_mcc_selected_true_pr_auc_v1,codebert_class_weight_balanced,codebert,75/25,1,random_flip_10,test,60/40,test,learning_rate,2.0000000000000002e-05,2.0000000000000002e-05,4,True,2716,76,204.08154628402553,53,21,32,0.73584905660377353,0.69122023809523814,0.76923076923076927,0.47619047619047616,0.58823529411764708,0.43475723194974081,29,3,11,10,0.79241071428571419,0.71764558850695659,0.70827531181658321
codebert_balanced_ratio_preserved_noise_mcc_selected_true_pr_auc_v1,codebert_class_weight_balanced,codebert,75/25,1,random_flip_10,test,70/30,test,learning_rate,2.0000000000000002e-05,2.0000000000000002e-05,4,True,2716,76,204.08154628402553,70,21,49,0.80000000000000004,0.70748299319727892,0.76923076923076927,0.47619047619047616,0.58823529411764708,0.48900250474794649,46,3,11,10,0.85276967930029146,0.76418466705178112,0.75997614692894566
codebert_balanced_ratio_preserved_noise_mcc_selected_true_pr_auc_v1,codebert_class_weight_balanced,codebert,75/25,1,random_flip_10,test,75/25,test,learning_rate,2.0000000000000002e-05,2.0000000000000002e-05,4,True,2716,76,204.08154628402553,84,21,63,0.83333333333333337,0.71428571428571419,0.76923076923076927,0.47619047619047616,0.58823529411764708,0.51310032092006852,60,3,11,10,0.88397581254724111,0.7434307799044888,0.73869588168907918
codebert_balanced_ratio_preserved_noise_mcc_selected_true_pr_auc_v1,codebert_class_weight_balanced,codebert,75/25,1,random_flip_10,test,80/20,test,learning_rate,2.0000000000000002e-05,2.0000000000000002e-05,4,True,2716,76,204.08154628402553,105,21,84,0.80952380952380953,0.68452380952380953,0.52631578947368418,0.47619047619047616,0.5,0.38344728939635236,75,9,11,10,0.82369614512471656,0.60801810274925572,0.60057577061446132
codebert_balanced_ratio_preserved_noise_mcc_selected_true_pr_auc_v1,codebert_class_weight_balanced,codebert,75/25,1,random_flip_10,test,90/10,test,learning_rate,2.0000000000000002e-05,2.0000000000000002e-05,4,True,2716,76,204.08154628402553,210,21,189,0.88095238095238093,0.70105820105820105,0.41666666666666669,0.47619047619047616,0.44444444444444442,0.3791667487231915,175,14,11,10,0.83585285966238343,0.46799234788478067,0.45952619374681197
codebert_balanced_ratio_preserved_noise_mcc_selected_true_pr_auc_v1,codebert_class_weight_balanced,codebert,75/25,1,random_flip_20,validation,75/25,valid,learning_rate,2.0000000000000002e-05,2.0000000000000002e-05,3,True,2716,76,208.6201670540031,76,19,57,0.81578947368421051,0.84210526315789469,0.58620689655172409,0.89473684210526316,0.70833333333333337,0.60989637453771439,45,12,2,17,0.89473684210526316,0.7062899583888631,0.67853698155970643
codebert_balanced_ratio_preserved_noise_mcc_selected_true_pr_auc_v1,codebert_class_weight_balanced,codebert,75/25,1,random_flip_20,test,50/50,test,learning_rate,2.0000000000000002e-05,2.0000000000000002e-05,3,True,2716,76,208.6201670540031,42,21,21,0.73809523809523814,0.73809523809523814,0.70833333333333337,0.80952380952380953,0.75555555555555554,0.48112522432468813,14,7,4,17,0.80498866213151932,0.84077110032571256,0.83706060590825415
codebert_balanced_ratio_preserved_noise_mcc_selected_true_pr_auc_v1,codebert_class_weight_balanced,codebert,75/25,1,random_flip_20,test,60/40,test,learning_rate,2.0000000000000002e-05,2.0000000000000002e-05,3,True,2716,76,208.6201670540031,53,21,32,0.69811320754716977,0.71726190476190477,0.58620689655172409,0.80952380952380953,0.68000000000000005,0.42696629719235452,20,12,4,17,0.7767857142857143,0.68403284901836314,0.66893054229123949
codebert_balanced_ratio_preserved_noise_mcc_selected_true_pr_auc_v1,codebert_class_weight_balanced,codebert,75/25,1,random_flip_20,test,70/30,test,learning_rate,2.0000000000000002e-05,2.0000000000000002e-05,3,True,2716,76,208.6201670540031,70,21,49,0.81428571428571428,0.81292517006802723,0.65384615384615385,0.80952380952380953,0.72340425531914898,0.59356074020638561,40,9,4,17,0.85617103984450926,0.72011153245083626,0.70631541067944559
codebert_balanced_ratio_preserved_noise_mcc_selected_true_pr_auc_v1,codebert_class_weight_balanced,codebert,75/25,1,random_flip_20,test,75/25,test,learning_rate,2.0000000000000002e-05,2.0000000000000002e-05,3,True,2716,76,208.6201670540031,84,21,63,0.80952380952380953,0.80952380952380953,0.58620689655172409,0.80952380952380953,0.68000000000000005,0.56379813635555209,51,12,4,17,0.87377173091458804,0.71397926997268613,0.70542385382872519
codebert_balanced_ratio_preserved_noise_mcc_selected_true_pr_auc_v1,codebert_class_weight_balanced,codebert,75/25,1,random_flip_20,test,80/20,test,learning_rate,2.0000000000000002e-05,2.0000000000000002e-05,3,True,2716,76,208.6201670540031,105,21,84,0.75238095238095237,0.77380952380952384,0.4358974358974359,0.80952380952380953,0.56666666666666665,0.45333950359163006,62,22,4,17,0.82653061224489788,0.53017575584672116,0.51262056891155439
codebert_balanced_ratio_preserved_noise_mcc_selected_true_pr_auc_v1,codebert_class_weight_balanced,codebert,75/25,1,random_flip_20,test,90/10,test,learning_rate,2.0000000000000002e-05,2.0000000000000002e-05,3,True,2716,76,208.6201670540031,210,21,189,0.80952380952380953,0.80952380952380953,0.32075471698113206,0.80952380952380953,0.45945945945945948,0.42754009166904672,153,36,4,17,0.84177374653565129,0.36814188567790285,0.35369263208047785
codebert_balanced_ratio_preserved_noise_mcc_selected_true_pr_auc_v1,codebert_class_weight_balanced,codebert,75/25,1,random_fp_10,validation,75/25,valid,learning_rate,2.0000000000000002e-05,2.0000000000000002e-05,3,True,3804,76,299.07805530098267,76,19,57,0.81578947368421051,0.84210526315789469,0.58620689655172409,0.89473684210526316,0.70833333333333337,0.60989637453771439,45,12,2,17,0.89935364727608491,0.75476208300003966,0.74770147608036042
codebert_balanced_ratio_preserved_noise_mcc_selected_true_pr_auc_v1,codebert_class_weight_balanced,codebert,75/25,1,random_fp_10,test,50/50,test,learning_rate,2.0000000000000002e-05,2.0000000000000002e-05,3,True,3804,76,299.07805530098267,42,21,21,0.76190476190476186,0.76190476190476186,0.78947368421052633,0.7142857142857143,0.75,0.52620136055843392,17,4,6,15,0.86734693877551017,0.88723884990138857,0.88529240344841131
codebert_balanced_ratio_preserved_noise_mcc_selected_true_pr_auc_v1,codebert_class_weight_balanced,codebert,75/25,1,random_fp_10,test,60/40,test,learning_rate,2.0000000000000002e-05,2.0000000000000002e-05,3,True,3804,76,299.07805530098267,53,21,32,0.73584905660377353,0.73214285714285721,0.65217391304347827,0.7142857142857143,0.68181818181818177,0.45818979495265688,24,8,6,15,0.77083333333333326,0.70725138563289902,0.69847798834394648
codebert_balanced_ratio_preserved_noise_mcc_selected_true_pr_auc_v1,codebert_class_weight_balanced,codebert,75/25,1,random_fp_10,test,70/30,test,learning_rate,2.0000000000000002e-05,2.0000000000000002e-05,3,True,3804,76,299.07805530098267,70,21,49,0.81428571428571428,0.7857142857142857,0.68181818181818177,0.7142857142857143,0.69767441860465118,0.56407607481776623,42,7,6,15,0.8522837706511176,0.71552306061871596,0.70651358246294471
codebert_balanced_ratio_preserved_noise_mcc_selected_true_pr_auc_v1,codebert_class_weight_balanced,codebert,75/25,1,random_fp_10,test,75/25,test,learning_rate,2.0000000000000002e-05,2.0000000000000002e-05,3,True,3804,76,299.07805530098267,84,21,63,0.83333333333333337,0.79365079365079372,0.65217391304347827,0.7142857142857143,0.68181818181818177,0.5703116736349898,55,8,6,15,0.86318972033257746,0.64927097693797053,0.62215048184245114
codebert_balanced_ratio_preserved_noise_mcc_selected_true_pr_auc_v1,codebert_class_weight_balanced,codebert,75/25,1,random_fp_10,test,80/20,test,learning_rate,2.0000000000000002e-05,2.0000000000000002e-05,3,True,3804,76,299.07805530098267,105,21,84,0.80952380952380953,0.77380952380952384,0.51724137931034486,0.7142857142857143,0.59999999999999998,0.48991647126865073,70,14,6,15,0.80413832199546487,0.51669160590607988,0.50384156687630666
codebert_balanced_ratio_preserved_noise_mcc_selected_true_pr_auc_v1,codebert_class_weight_balanced,codebert,75/25,1,random_fp_10,test,90/10,test,learning_rate,2.0000000000000002e-05,2.0000000000000002e-05,3,True,3804,76,299.07805530098267,210,21,189,0.78095238095238095,0.75132275132275139,0.27272727272727271,0.7142857142857143,0.39473684210526316,0.34296922868012547,149,40,6,15,0.82627865961199298,0.34661497088510984,0.31958812544626525
codebert_balanced_ratio_preserved_noise_mcc_selected_true_pr_auc_v1,codebert_class_weight_balanced,codebert,75/25,1,random_fp_20,validation,75/25,valid,learning_rate,2.0000000000000002e-05,2.0000000000000002e-05,1,True,4892,76,368.98975756298751,76,19,57,0.80263157894736847,0.79824561403508776,0.57692307692307687,0.78947368421052633,0.66666666666666663,0.54443572293729625,46,11,4,15,0.87442289935364736,0.65406190362785477,0.64229596611945627
codebert_balanced_ratio_preserved_noise_mcc_selected_true_pr_auc_v1,codebert_class_weight_balanced,codebert,75/25,1,random_fp_20,test,50/50,test,learning_rate,2.0000000000000002e-05,2.0000000000000002e-05,1,True,4892,76,368.98975756298751,42,21,21,0.69047619047619047,0.69047619047619047,0.72222222222222221,0.61904761904761907,0.66666666666666663,0.38490017945975052,16,5,8,13,0.80498866213151921,0.83741071444500026,0.83349835221599644
codebert_balanced_ratio_preserved_noise_mcc_selected_true_pr_auc_v1,codebert_class_weight_balanced,codebert,75/25,1,random_fp_20,test,60/40,test,learning_rate,2.0000000000000002e-05,2.0000000000000002e-05,1,True,4892,76,368.98975756298751,53,21,32,0.69811320754716977,0.68452380952380953,0.61904761904761907,0.61904761904761907,0.61904761904761907,0.36904761904761907,24,8,8,13,0.75595238095238104,0.71418326507886576,0.70616333259039576
codebert_balanced_ratio_preserved_noise_mcc_selected_true_pr_auc_v1,codebert_class_weight_balanced,codebert,75/25,1,random_fp_20,test,70/30,test,learning_rate,2.0000000000000002e-05,2.0000000000000002e-05,1,True,4892,76,368.98975756298751,70,21,49,0.77142857142857146,0.72789115646258506,0.61904761904761907,0.61904761904761907,0.61904761904761907,0.45578231292517007,41,8,8,13,0.81438289601554903,0.68645118470044442,0.67772718829754819
codebert_balanced_ratio_preserved_noise_mcc_selected_true_pr_auc_v1,codebert_class_weight_balanced,codebert,75/25,1,random_fp_20,test,75/25,test,learning_rate,2.0000000000000002e-05,2.0000000000000002e-05,1,True,4892,76,368.98975756298751,84,21,63,0.79761904761904767,0.73809523809523814,0.59090909090909094,0.61904761904761907,0.60465116279069764,0.46897904961054182,54,9,8,13,0.84353741496598644,0.68999594133330555,0.68126804777119798
codebert_balanced_ratio_preserved_noise_mcc_selected_true_pr_auc_v1,codebert_class_weight_balanced,codebert,75/25,1,random_fp_20,test,80/20,test,learning_rate,2.0000000000000002e-05,2.0000000000000002e-05,1,True,4892,76,368.98975756298751,105,21,84,0.75238095238095237,0.70238095238095233,0.41935483870967744,0.61904761904761907,0.5,0.35493776853021242,66,18,8,13,0.78174603174603174,0.4943929677887377,0.48079546936977674
codebert_balanced_ratio_preserved_noise_mcc_selected_true_pr_auc_v1,codebert_class_weight_balanced,codebert,75/25,1,random_fp_20,test,90/10,test,learning_rate,2.0000000000000002e-05,2.0000000000000002e-05,1,True,4892,76,368.98975756298751,210,21,189,0.80476190476190479,0.72222222222222221,0.28260869565217389,0.61904761904761907,0.38805970149253732,0.32237190934095283,156,33,8,13,0.78609221466364332,0.39219851143013973,0.38277002684071204
codebert_balanced_ratio_preserved_noise_mcc_selected_true_pr_auc_v1,codebert_class_weight_balanced,codebert,75/25,2,clean,validation,75/25,valid,learning_rate,2.0000000000000002e-05,2.0000000000000002e-05,4,True,2716,76,213.21329319407232,76,19,57,0.82894736842105265,0.72807017543859653,0.7142857142857143,0.52631578947368418,0.60606060606060608,0.50951017108525332,53,4,9,10,0.88688827331486608,0.68321517991060554,0.65348374821304012
codebert_balanced_ratio_preserved_noise_mcc_selected_true_pr_auc_v1,codebert_class_weight_balanced,codebert,75/25,2,clean,test,50/50,test,learning_rate,2.0000000000000002e-05,2.0000000000000002e-05,4,True,2716,76,213.21329319407232,42,21,21,0.7142857142857143,0.71428571428571419,0.80000000000000004,0.5714285714285714,0.66666666666666663,0.44721359549995793,18,3,9,12,0.78798185941043075,0.78049768179467427,0.77897937854957422
codebert_balanced_ratio_preserved_noise_mcc_selected_true_pr_auc_v1,codebert_class_weight_balanced,codebert,75/25,2,clean,test,60/40,test,learning_rate,2.0000000000000002e-05,2.0000000000000002e-05,4,True,2716,76,213.21329319407232,53,21,32,0.75471698113207553,0.7232142857142857,0.75,0.5714285714285714,0.64864864864864868,0.47563714634235094,28,4,9,12,0.82068452380952372,0.78459105122932393,0.78052808324858036
codebert_balanced_ratio_preserved_noise_mcc_selected_true_pr_auc_v1,codebert_class_weight_balanced,codebert,75/25,2,clean,test,70/30,test,learning_rate,2.0000000000000002e-05,2.0000000000000002e-05,4,True,2716,76,213.21329319407232,70,21,49,0.80000000000000004,0.73469387755102034,0.70588235294117652,0.5714285714285714,0.63157894736842102,0.50162254571862708,44,5,9,12,0.83041788143828954,0.61515993267391722,0.58619939877019922
codebert_balanced_ratio_preserved_noise_mcc_selected_true_pr_auc_v1,codebert_class_weight_balanced,codebert,75/25,2,clean,test,75/25,test,learning_rate,2.0000000000000002e-05,2.0000000000000002e-05,4,True,2716,76,213.21329319407232,84,21,63,0.8214285714285714,0.73809523809523814,0.66666666666666663,0.5714285714285714,0.61538461538461542,0.50251890762960605,57,6,9,12,0.79591836734693877,0.61785412079383839,0.60244472189623965
codebert_balanced_ratio_preserved_noise_mcc_selected_true_pr_auc_v1,codebert_class_weight_balanced,codebert,75/25,2,clean,test,80/20,test,learning_rate,2.0000000000000002e-05,2.0000000000000002e-05,4,True,2716,76,213.21329319407232,105,21,84,0.84761904761904761,0.74404761904761907,0.63157894736842102,0.5714285714285714,0.59999999999999998,0.50713996339517575,77,7,9,12,0.84126984126984128,0.66988441659179765,0.66718653896880675
codebert_balanced_ratio_preserved_noise_mcc_selected_true_pr_auc_v1,codebert_class_weight_balanced,codebert,75/25,2,clean,test,90/10,test,learning_rate,2.0000000000000002e-05,2.0000000000000002e-05,4,True,2716,76,213.21329319407232,210,21,189,0.83809523809523812,0.71957671957671954,0.32432432432432434,0.5714285714285714,0.41379310344827586,0.34580631826995317,164,25,9,12,0.81141345427059708,0.31223814823889728,0.29526897688866816
codebert_balanced_ratio_preserved_noise_mcc_selected_true_pr_auc_v1,codebert_class_weight_balanced,codebert,75/25,2,heuristic_fp_10,validation,75/25,valid,learning_rate,2.0000000000000002e-05,2.0000000000000002e-05,2,True,3804,76,278.71174628997687,76,19,57,0.89473684210526316,0.84210526315789469,0.82352941176470584,0.73684210526315785,0.77777777777777779,0.71097366291019826,54,3,5,14,0.93351800554016617,0.79788911661365636,0.7880214695090253
codebert_balanced_ratio_preserved_noise_mcc_selected_true_pr_auc_v1,codebert_class_weight_balanced,codebert,75/25,2,heuristic_fp_10,test,50/50,test,learning_rate,2.0000000000000002e-05,2.0000000000000002e-05,2,True,3804,76,278.71174628997687,42,21,21,0.7142857142857143,0.71428571428571419,0.80000000000000004,0.5714285714285714,0.66666666666666663,0.44721359549995793,18,3,9,12,0.86621315192743764,0.79233362602124979,0.76560296783695758
codebert_balanced_ratio_preserved_noise_mcc_selected_true_pr_auc_v1,codebert_class_weight_balanced,codebert,75/25,2,heuristic_fp_10,test,60/40,test,learning_rate,2.0000000000000002e-05,2.0000000000000002e-05,2,True,3804,76,278.71174628997687,53,21,32,0.75471698113207553,0.7232142857142857,0.75,0.5714285714285714,0.64864864864864868,0.47563714634235094,28,4,9,12,0.85788690476190477,0.77410250632098365,0.76295339571718768
codebert_balanced_ratio_preserved_noise_mcc_selected_true_pr_auc_v1,codebert_class_weight_balanced,codebert,75/25,2,heuristic_fp_10,test,70/30,test,learning_rate,2.0000000000000002e-05,2.0000000000000002e-05,2,True,3804,76,278.71174628997687,70,21,49,0.74285714285714288,0.69387755102040816,0.5714285714285714,0.5714285714285714,0.5714285714285714,0.38775510204081631,40,9,9,12,0.8522837706511176,0.61271812791965741,0.58060816317675834
codebert_balanced_ratio_preserved_noise_mcc_selected_true_pr_auc_v1,codebert_class_weight_balanced,codebert,75/25,2,heuristic_fp_10,test,75/25,test,learning_rate,2.0000000000000002e-05,2.0000000000000002e-05,2,True,3804,76,278.71174628997687,84,21,63,0.76190476190476186,0.69841269841269837,0.52173913043478259,0.5714285714285714,0.54545454545454541,0.38534572542904716,52,11,9,12,0.8193499622071051,0.53838256115682359,0.50632084417349499
codebert_balanced_ratio_preserved_noise_mcc_selected_true_pr_auc_v1,codebert_class_weight_balanced,codebert,75/25,2,heuristic_fp_10,test,80/20,test,learning_rate,2.0000000000000002e-05,2.0000000000000002e-05,2,True,3804,76,278.71174628997687,105,21,84,0.82857142857142863,0.73214285714285721,0.5714285714285714,0.5714285714285714,0.5714285714285714,0.4642857142857143,75,9,9,12,0.87925170068027203,0.64336343475702651,0.63040738703130761
codebert_balanced_ratio_preserved_noise_mcc_selected_true_pr_auc_v1,codebert_class_weight_balanced,codebert,75/25,2,heuristic_fp_10,test,90/10,test,learning_rate,2.0000000000000002e-05,2.0000000000000002e-05,2,True,3804,76,278.71174628997687,210,21,189,0.84285714285714286,0.72222222222222221,0.33333333333333331,0.5714285714285714,0.42105263157894735,0.35377908700348826,165,24,9,12,0.85626102292768969,0.30306219581491761,0.28351064208816873
codebert_balanced_ratio_preserved_noise_mcc_selected_true_pr_auc_v1,codebert_class_weight_balanced,codebert,75/25,2,heuristic_fp_20,validation,75/25,valid,learning_rate,2.0000000000000002e-05,2.0000000000000002e-05,4,True,4892,76,361.39663648302667,76,19,57,0.85526315789473684,0.83333333333333326,0.68181818181818177,0.78947368421052633,0.73170731707317072,0.63652394966416759,50,7,4,15,0.89704524469067404,0.77279121086421587,0.77127063200623347
codebert_balanced_ratio_preserved_noise_mcc_selected_true_pr_auc_v1,codebert_class_weight_balanced,codebert,75/25,2,heuristic_fp_20,test,50/50,test,learning_rate,2.0000000000000002e-05,2.0000000000000002e-05,4,True,4892,76,361.39663648302667,42,21,21,0.69047619047619047,0.69047619047619047,0.72222222222222221,0.61904761904761907,0.66666666666666663,0.38490017945975052,16,5,8,13,0.78798185941043086,0.73580680727861347,0.72409552650681364
codebert_balanced_ratio_preserved_noise_mcc_selected_true_pr_auc_v1,codebert_class_weight_balanced,codebert,75/25,2,heuristic_fp_20,test,60/40,test,learning_rate,2.0000000000000002e-05,2.0000000000000002e-05,4,True,4892,76,361.39663648302667,53,21,32,0.75471698113207553,0.73139880952380953,0.72222222222222221,0.61904761904761907,0.66666666666666663,0.47797532566289946,27,5,8,13,0.86681547619047616,0.7994143252398147,0.7935972660414321
codebert_balanced_ratio_preserved_noise_mcc_selected_true_pr_auc_v1,codebert_class_weight_balanced,codebert,75/25,2,heuristic_fp_20,test,70/30,test,learning_rate,2.0000000000000002e-05,2.0000000000000002e-05,4,True,4892,76,361.39663648302667,70,21,49,0.7142857142857143,0.68707482993197277,0.52000000000000002,0.61904761904761907,0.56521739130434778,0.35783002674779546,37,12,8,13,0.82021379980563658,0.5785061998517167,0.54976808165781832
codebert_balanced_ratio_preserved_noise_mcc_selected_true_pr_auc_v1,codebert_class_weight_balanced,codebert,75/25,2,heuristic_fp_20,test,75/25,test,learning_rate,2.0000000000000002e-05,2.0000000000000002e-05,4,True,4892,76,361.39663648302667,84,21,63,0.72619047619047616,0.69047619047619047,0.4642857142857143,0.61904761904761907,0.53061224489795922,0.3499271061118826,48,15,8,13,0.81746031746031744,0.56512441012566783,0.55253205089741275
codebert_balanced_ratio_preserved_noise_mcc_selected_true_pr_auc_v1,codebert_class_weight_balanced,codebert,75/25,2,heuristic_fp_20,test,80/20,test,learning_rate,2.0000000000000002e-05,2.0000000000000002e-05,4,True,4892,76,361.39663648302667,105,21,84,0.80952380952380953,0.73809523809523814,0.52000000000000002,0.61904761904761907,0.56521739130434778,0.44721359549995793,72,12,8,13,0.86536281179138319,0.57971543369112455,0.56846404316778631
codebert_balanced_ratio_preserved_noise_mcc_selected_true_pr_auc_v1,codebert_class_weight_balanced,codebert,75/25,2,heuristic_fp_20,test,90/10,test,learning_rate,2.0000000000000002e-05,2.0000000000000002e-05,4,True,4892,76,361.39663648302667,210,21,189,0.76666666666666672,0.70105820105820105,0.24074074074074073,0.61904761904761907,0.34666666666666668,0.27601530130559238,148,41,8,13,0.84303350970017643,0.31268262539579689,0.29035299193752501
codebert_balanced_ratio_preserved_noise_mcc_selected_true_pr_auc_v1,codebert_class_weight_balanced,codebert,75/25,2,random_flip_10,validation,75/25,valid,learning_rate,2.0000000000000002e-05,2.0000000000000002e-05,4,True,2716,76,208.73017593100667,76,19,57,0.85526315789473684,0.76315789473684204,0.7857142857142857,0.57894736842105265,0.66666666666666663,0.5878963512522154,54,3,8,11,0.91135734072022156,0.80148757556866346,0.79641962914057474
codebert_balanced_ratio_preserved_noise_mcc_selected_true_pr_auc_v1,codebert_class_weight_balanced,codebert,75/25,2,random_flip_10,test,50/50,test,learning_rate,2.0000000000000002e-05,2.0000000000000002e-05,4,True,2716,76,208.73017593100667,42,21,21,0.61904761904761907,0.61904761904761907,0.72727272727272729,0.38095238095238093,0.5,0.27076518053694115,18,3,13,8,0.8004535147392291,0.73080736754010411,0.70497162474341046
codebert_balanced_ratio_preserved_noise_mcc_selected_true_pr_auc_v1,codebert_class_weight_balanced,codebert,75/25,2,random_flip_10,test,60/40,test,learning_rate,2.0000000000000002e-05,2.0000000000000002e-05,4,True,2716,76,208.73017593100667,53,21,32,0.73584905660377353,0.67485119047619047,0.88888888888888884,0.38095238095238093,0.53333333333333333,0.45554956134091801,31,1,13,8,0.79092261904761907,0.76637297681686412,0.76151748422199295
codebert_balanced_ratio_preserved_noise_mcc_selected_true_pr_auc_v1,codebert_class_weight_balanced,codebert,75/25,2,random_flip_10,test,70/30,test,learning_rate,2.0000000000000002e-05,2.0000000000000002e-05,4,True,2716,76,208.73017593100667,70,21,49,0.72857142857142854,0.62925170068027203,0.5714285714285714,0.38095238095238093,0.45714285714285713,0.29615285103456107,43,6,13,8,0.79883381924198249,0.54281001356996961,0.51720800774616615
codebert_balanced_ratio_preserved_noise_mcc_selected_true_pr_auc_v1,codebert_class_weight_balanced,codebert,75/25,2,random_flip_10,test,75/25,test,learning_rate,2.0000000000000002e-05,2.0000000000000002e-05,4,True,2716,76,208.73017593100667,84,21,63,0.73809523809523814,0.61904761904761907,0.47058823529411764,0.38095238095238093,0.42105263157894735,0.25660715971335352,54,9,13,8,0.75056689342403637,0.48027110926908884,0.46294735808968268
codebert_balanced_ratio_preserved_noise_mcc_selected_true_pr_auc_v1,codebert_class_weight_balanced,codebert,75/25,2,random_flip_10,test,80/20,test,learning_rate,2.0000000000000002e-05,2.0000000000000002e-05,4,True,2716,76,208.73017593100667,105,21,84,0.83809523809523812,0.66666666666666663,0.66666666666666663,0.38095238095238093,0.48484848484848486,0.41907903806247482,80,4,13,8,0.81944444444444442,0.60203194425470552,0.59810177751480076
codebert_balanced_ratio_preserved_noise_mcc_selected_true_pr_auc_v1,codebert_class_weight_balanced,codebert,75/25,2,random_flip_10,test,90/10,test,learning_rate,2.0000000000000002e-05,2.0000000000000002e-05,4,True,2716,76,208.73017593100667,210,21,189,0.84761904761904761,0.64021164021164023,0.29629629629629628,0.38095238095238093,0.33333333333333331,0.25133165320161061,170,19,13,8,0.7933988410178886,0.275871361068183,0.25412161839088127
codebert_balanced_ratio_preserved_noise_mcc_selected_true_pr_auc_v1,codebert_class_weight_balanced,codebert,75/25,2,random_flip_20,validation,75/25,valid,learning_rate,2.0000000000000002e-05,2.0000000000000002e-05,1,True,2716,76,212.25214345997665,76,19,57,0.76315789473684215,0.84210526315789469,0.51351351351351349,1,0.6785714285714286,0.59274897836381912,39,18,0,19,0.82456140350877194,0.51369917714423308,0.49563895764274596
codebert_balanced_ratio_preserved_noise_mcc_selected_true_pr_auc_v1,codebert_class_weight_balanced,codebert,75/25,2,random_flip_20,test,50/50,test,learning_rate,2.0000000000000002e-05,2.0000000000000002e-05,1,True,2716,76,212.25214345997665,42,21,21,0.6428571428571429,0.64285714285714279,0.61538461538461542,0.76190476190476186,0.68085106382978722,0.29417420270727607,11,10,5,16,0.6394557823129251,0.6503701736417673,0.63372737505953558
codebert_balanced_ratio_preserved_noise_mcc_selected_true_pr_auc_v1,codebert_class_weight_balanced,codebert,75/25,2,random_flip_20,test,60/40,test,learning_rate,2.0000000000000002e-05,2.0000000000000002e-05,1,True,2716,76,212.25214345997665,53,21,32,0.75471698113207553,0.75595238095238093,0.66666666666666663,0.76190476190476186,0.71111111111111114,0.50300139121291076,24,8,5,16,0.80729166666666663,0.77336374770032457,0.76847046456783885
codebert_balanced_ratio_preserved_noise_mcc_selected_true_pr_auc_v1,codebert_class_weight_balanced,codebert,75/25,2,random_flip_20,test,70/30,test,learning_rate,2.0000000000000002e-05,2.0000000000000002e-05,1,True,2716,76,212.25214345997665,70,21,49,0.74285714285714288,0.7482993197278911,0.55172413793103448,0.76190476190476186,0.64000000000000001,0.46197905424568392,36,13,5,16,0.78231292517006801,0.64153424258861169,0.63166412577608777
codebert_balanced_ratio_preserved_noise_mcc_selected_true_pr_auc_v1,codebert_class_weight_balanced,codebert,75/25,2,random_flip_20,test,75/25,test,learning_rate,2.0000000000000002e-05,2.0000000000000002e-05,1,True,2716,76,212.25214345997665,84,21,63,0.6071428571428571,0.65873015873015872,0.36363636363636365,0.76190476190476186,0.49230769230769234,0.27524094128159016,35,28,5,16,0.70786092214663643,0.48486286775321785,0.47271911631961294
codebert_balanced_ratio_preserved_noise_mcc_selected_true_pr_auc_v1,codebert_class_weight_balanced,codebert,75/25,2,random_flip_20,test,80/20,test,learning_rate,2.0000000000000002e-05,2.0000000000000002e-05,1,True,2716,76,212.25214345997665,105,21,84,0.68571428571428572,0.71428571428571419,0.36363636363636365,0.76190476190476186,0.49230769230769234,0.34744114641698237,56,28,5,16,0.792233560090703,0.54942474547535625,0.5377441401310199
codebert_balanced_ratio_preserved_noise_mcc_selected_true_pr_auc_v1,codebert_class_weight_balanced,codebert,75/25,2,random_flip_20,test,90/10,test,learning_rate,2.0000000000000002e-05,2.0000000000000002e-05,1,True,2716,76,212.25214345997665,210,21,189,0.6333333333333333,0.69047619047619047,0.18181818181818182,0.76190476190476186,0.29357798165137616,0.23162743094465488,117,72,5,16,0.75888133030990168,0.29243610692695121,0.26618859013702673
codebert_balanced_ratio_preserved_noise_mcc_selected_true_pr_auc_v1,codebert_class_weight_balanced,codebert,75/25,2,random_fp_10,validation,75/25,valid,learning_rate,2.0000000000000002e-05,2.0000000000000002e-05,4,True,3804,76,299.48022704594769,76,19,57,0.85526315789473684,0.7807017543859649,0.75,0.63157894736842102,0.68571428571428572,0.59628479399994394,53,4,7,12,0.8624192059095106,0.67995036021050737,0.6517043841856851
codebert_balanced_ratio_preserved_noise_mcc_selected_true_pr_auc_v1,codebert_class_weight_balanced,codebert,75/25,2,random_fp_10,test,50/50,test,learning_rate,2.0000000000000002e-05,2.0000000000000002e-05,4,True,3804,76,299.48022704594769,42,21,21,0.7142857142857143,0.7142857142857143,0.84615384615384615,0.52380952380952384,0.6470588235294118,0.4635235823621443,19,2,10,11,0.81065759637188206,0.76637991579867881,0.74166306870629117
codebert_balanced_ratio_preserved_noise_mcc_selected_true_pr_auc_v1,codebert_class_weight_balanced,codebert,75/25,2,random_fp_10,test,60/40,test,learning_rate,2.0000000000000002e-05,2.0000000000000002e-05,4,True,3804,76,299.48022704594769,53,21,32,0.73584905660377353,0.69940476190476186,0.73333333333333328,0.52380952380952384,0.61111111111111116,0.43302476000062701,28,4,10,11,0.81547619047619058,0.79911523088084957,0.79491761385493453
codebert_balanced_ratio_preserved_noise_mcc_selected_true_pr_auc_v1,codebert_class_weight_balanced,codebert,75/25,2,random_fp_10,test,70/30,test,learning_rate,2.0000000000000002e-05,2.0000000000000002e-05,4,True,3804,76,299.48022704594769,70,21,49,0.74285714285714288,0.6802721088435375,0.57894736842105265,0.52380952380952384,0.55000000000000004,0.37153893656632359,41,8,10,11,0.77502429543245877,0.52720722446680368,0.49813347805734637
codebert_balanced_ratio_preserved_noise_mcc_selected_true_pr_auc_v1,codebert_class_weight_balanced,codebert,75/25,2,random_fp_10,test,75/25,test,learning_rate,2.0000000000000002e-05,2.0000000000000002e-05,4,True,3804,76,299.48022704594769,84,21,63,0.72619047619047616,0.65873015873015872,0.45833333333333331,0.52380952380952384,0.48888888888888887,0.30429030972509225,50,13,10,11,0.77853363567649281,0.55515791186216634,0.5518316707648947
codebert_balanced_ratio_preserved_noise_mcc_selected_true_pr_auc_v1,codebert_class_weight_balanced,codebert,75/25,2,random_fp_10,test,80/20,test,learning_rate,2.0000000000000002e-05,2.0000000000000002e-05,4,True,3804,76,299.48022704594769,105,21,84,0.84761904761904761,0.72619047619047628,0.6470588235294118,0.52380952380952384,0.57894736842105265,0.49123330549526817,78,6,10,11,0.84495464852607705,0.60106868121685786,0.57387671355000225
codebert_balanced_ratio_preserved_noise_mcc_selected_true_pr_auc_v1,codebert_class_weight_balanced,codebert,75/25,2,random_fp_10,test,90/10,test,learning_rate,2.0000000000000002e-05,2.0000000000000002e-05,4,True,3804,76,299.48022704594769,210,21,189,0.83809523809523812,0.69841269841269837,0.31428571428571428,0.52380952380952384,0.39285714285714285,0.31943828249996997,165,24,10,11,0.81456286218190987,0.30186923353648243,0.28326731580755909
codebert_balanced_ratio_preserved_noise_mcc_selected_true_pr_auc_v1,codebert_class_weight_balanced,codebert,75/25,2,random_fp_20,validation,75/25,valid,learning_rate,2.0000000000000002e-05,2.0000000000000002e-05,1,True,4892,76,363.02023983793333,76,19,57,0.84210526315789469,0.82456140350877194,0.65217391304347827,0.78947368421052633,0.7142857142857143,0.61184194083829546,49,8,4,15,0.90027700831024926,0.69225360380933121,0.67901541958379563
codebert_balanced_ratio_preserved_noise_mcc_selected_true_pr_auc_v1,codebert_class_weight_balanced,codebert,75/25,2,random_fp_20,test,50/50,test,learning_rate,2.0000000000000002e-05,2.0000000000000002e-05,1,True,4892,76,363.02023983793333,42,21,21,0.6428571428571429,0.64285714285714279,0.66666666666666663,0.5714285714285714,0.61538461538461542,0.28867513459481287,15,6,9,12,0.74376417233560088,0.72137179933004214,0.70658017152039121
codebert_balanced_ratio_preserved_noise_mcc_selected_true_pr_auc_v1,codebert_class_weight_balanced,codebert,75/25,2,random_fp_20,test,60/40,test,learning_rate,2.0000000000000002e-05,2.0000000000000002e-05,1,True,4892,76,363.02023983793333,53,21,32,0.75471698113207553,0.7232142857142857,0.75,0.5714285714285714,0.64864864864864868,0.47563714634235094,28,4,9,12,0.84375,0.79751512438058048,0.79202383100616691
codebert_balanced_ratio_preserved_noise_mcc_selected_true_pr_auc_v1,codebert_class_weight_balanced,codebert,75/25,2,random_fp_20,test,70/30,test,learning_rate,2.0000000000000002e-05,2.0000000000000002e-05,1,True,4892,76,363.02023983793333,70,21,49,0.74285714285714288,0.69387755102040816,0.5714285714285714,0.5714285714285714,0.5714285714285714,0.38775510204081631,40,9,9,12,0.82410106899902813,0.56904036830102001,0.53952562658360403
codebert_balanced_ratio_preserved_noise_mcc_selected_true_pr_auc_v1,codebert_class_weight_balanced,codebert,75/25,2,random_fp_20,test,75/25,test,learning_rate,2.0000000000000002e-05,2.0000000000000002e-05,1,True,4892,76,363.02023983793333,84,21,63,0.65476190476190477,0.62698412698412698,0.375,0.5714285714285714,0.45283018867924529,0.22645540682891913,43,20,9,12,0.75283446712018143,0.49660559242535279,0.47950270273887674
codebert_balanced_ratio_preserved_noise_mcc_selected_true_pr_auc_v1,codebert_class_weight_balanced,codebert,75/25,2,random_fp_20,test,80/20,test,learning_rate,2.0000000000000002e-05,2.0000000000000002e-05,1,True,4892,76,363.02023983793333,105,21,84,0.79047619047619044,0.70833333333333326,0.47999999999999998,0.5714285714285714,0.52173913043478259,0.39131189606246319,71,13,9,12,0.84155328798185935,0.54748932353702795,0.53041893980761845
codebert_balanced_ratio_preserved_noise_mcc_selected_true_pr_auc_v1,codebert_class_weight_balanced,codebert,75/25,2,random_fp_20,test,90/10,test,learning_rate,2.0000000000000002e-05,2.0000000000000002e-05,1,True,4892,76,363.02023983793333,210,21,189,0.80476190476190479,0.70105820105820105,0.27272727272727271,0.5714285714285714,0.36923076923076925,0.29642303889390903,157,32,9,12,0.82149155958679765,0.40772728064985725,0.39574586779746396
codebert_balanced_ratio_preserved_noise_mcc_selected_true_pr_auc_v1,codebert_class_weight_balanced,codebert,75/25,3,clean,validation,75/25,valid,learning_rate,2.0000000000000002e-05,2.0000000000000002e-05,1,True,2716,76,213.46347091498319,76,19,57,0.82894736842105265,0.79824561403508776,0.63636363636363635,0.73684210526315785,0.68292682926829273,0.56952142864688682,49,8,5,14,0.91181902123730374,0.75318855332449197,0.74703065047829642
codebert_balanced_ratio_preserved_noise_mcc_selected_true_pr_auc_v1,codebert_class_weight_balanced,codebert,75/25,3,clean,test,50/50,test,learning_rate,2.0000000000000002e-05,2.0000000000000002e-05,1,True,2716,76,213.46347091498319,42,21,21,0.73809523809523814,0.73809523809523814,0.8571428571428571,0.5714285714285714,0.68571428571428572,0.50507627227610541,19,2,9,12,0.80952380952380953,0.82896907555292687,0.8247502425868336
codebert_balanced_ratio_preserved_noise_mcc_selected_true_pr_auc_v1,codebert_class_weight_balanced,codebert,75/25,3,clean,test,60/40,test,learning_rate,2.0000000000000002e-05,2.0000000000000002e-05,1,True,2716,76,213.46347091498319,53,21,32,0.77358490566037741,0.7388392857142857,0.80000000000000004,0.5714285714285714,0.66666666666666663,0.51866025358284062,29,3,9,12,0.8147321428571429,0.81227633274519828,0.80903773177216465
codebert_balanced_ratio_preserved_noise_mcc_selected_true_pr_auc_v1,codebert_class_weight_balanced,codebert,75/25,3,clean,test,70/30,test,learning_rate,2.0000000000000002e-05,2.0000000000000002e-05,1,True,2716,76,213.46347091498319,70,21,49,0.7857142857142857,0.72448979591836737,0.66666666666666663,0.5714285714285714,0.61538461538461542,0.47075654176200421,43,6,9,12,0.82944606413994171,0.71806334238315594,0.71129185928490624
codebert_balanced_ratio_preserved_noise_mcc_selected_true_pr_auc_v1,codebert_class_weight_balanced,codebert,75/25,3,clean,test,75/25,test,learning_rate,2.0000000000000002e-05,2.0000000000000002e-05,1,True,2716,76,213.46347091498319,84,21,63,0.77380952380952384,0.70634920634920628,0.54545454545454541,0.5714285714285714,0.55813953488372092,0.40644850966246954,53,10,9,12,0.82879818594104304,0.66184062041703129,0.6540638862092345
codebert_balanced_ratio_preserved_noise_mcc_selected_true_pr_auc_v1,codebert_class_weight_balanced,codebert,75/25,3,clean,test,80/20,test,learning_rate,2.0000000000000002e-05,2.0000000000000002e-05,1,True,2716,76,213.46347091498319,105,21,84,0.78095238095238095,0.70238095238095233,0.46153846153846156,0.5714285714285714,0.51063829787234039,0.37510141439458466,70,14,9,12,0.79903628117913839,0.53876009736810171,0.53617181711926831
codebert_balanced_ratio_preserved_noise_mcc_selected_true_pr_auc_v1,codebert_class_weight_balanced,codebert,75/25,3,clean,test,90/10,test,learning_rate,2.0000000000000002e-05,2.0000000000000002e-05,1,True,2716,76,213.46347091498319,210,21,189,0.86190476190476195,0.73280423280423279,0.375,0.5714285714285714,0.45283018867924529,0.38866588933566537,169,20,9,12,0.85462333081380704,0.55190473468767343,0.54481778102229816
codebert_balanced_ratio_preserved_noise_mcc_selected_true_pr_auc_v1,codebert_class_weight_balanced,codebert,75/25,3,heuristic_fp_10,validation,75/25,valid,learning_rate,2.0000000000000002e-05,2.0000000000000002e-05,4,True,3804,76,291.78977377305273,76,19,57,0.82894736842105265,0.79824561403508776,0.63636363636363635,0.73684210526315785,0.68292682926829273,0.56952142864688682,49,8,5,14,0.89704524469067404,0.73220051327957658,0.72280339422994921
codebert_balanced_ratio_preserved_noise_mcc_selected_true_pr_auc_v1,codebert_class_weight_balanced,codebert,75/25,3,heuristic_fp_10,test,50/50,test,learning_rate,2.0000000000000002e-05,2.0000000000000002e-05,4,True,3804,76,291.78977377305273,42,21,21,0.7142857142857143,0.7142857142857143,0.76470588235294112,0.61904761904761907,0.68421052631578949,0.43656412506539938,17,4,8,13,0.86167800453514742,0.86421415089416609,0.86040767816262353
codebert_balanced_ratio_preserved_noise_mcc_selected_true_pr_auc_v1,codebert_class_weight_balanced,codebert,75/25,3,heuristic_fp_10,test,60/40,test,learning_rate,2.0000000000000002e-05,2.0000000000000002e-05,4,True,3804,76,291.78977377305273,53,21,32,0.73584905660377353,0.71577380952380953,0.68421052631578949,0.61904761904761907,0.65000000000000002,0.44014634760770044,26,6,8,13,0.80877976190476186,0.7162445906184306,0.7031249843991445
codebert_balanced_ratio_preserved_noise_mcc_selected_true_pr_auc_v1,codebert_class_weight_balanced,codebert,75/25,3,heuristic_fp_10,test,70/30,test,learning_rate,2.0000000000000002e-05,2.0000000000000002e-05,4,True,3804,76,291.78977377305273,70,21,49,0.7857142857142857,0.73809523809523814,0.65000000000000002,0.61904761904761907,0.63414634146341464,0.483045891539648,42,7,8,13,0.86540330417881428,0.7631543228532025,0.76063731615347518
codebert_balanced_ratio_preserved_noise_mcc_selected_true_pr_auc_v1,codebert_class_weight_balanced,codebert,75/25,3,heuristic_fp_10,test,75/25,test,learning_rate,2.0000000000000002e-05,2.0000000000000002e-05,4,True,3804,76,291.78977377305273,84,21,63,0.72619047619047616,0.69047619047619047,0.4642857142857143,0.61904761904761907,0.53061224489795922,0.3499271061118826,48,15,8,13,0.82615268329554037,0.59997975455804542,0.58952759612557903
codebert_balanced_ratio_preserved_noise_mcc_selected_true_pr_auc_v1,codebert_class_weight_balanced,codebert,75/25,3,heuristic_fp_10,test,80/20,test,learning_rate,2.0000000000000002e-05,2.0000000000000002e-05,4,True,3804,76,291.78977377305273,105,21,84,0.76190476190476186,0.70833333333333337,0.43333333333333335,0.61904761904761907,0.50980392156862742,0.36893239368631092,67,17,8,13,0.82426303854875282,0.47981728750522595,0.44809945403425916
codebert_balanced_ratio_preserved_noise_mcc_selected_true_pr_auc_v1,codebert_class_weight_balanced,codebert,75/25,3,heuristic_fp_10,test,90/10,test,learning_rate,2.0000000000000002e-05,2.0000000000000002e-05,4,True,3804,76,291.78977377305273,210,21,189,0.77619047619047621,0.70634920634920628,0.25,0.61904761904761907,0.35616438356164382,0.28684225806644709,150,39,8,13,0.84164777021919879,0.44704747685861512,0.43437653067015669
codebert_balanced_ratio_preserved_noise_mcc_selected_true_pr_auc_v1,codebert_class_weight_balanced,codebert,75/25,3,heuristic_fp_20,validation,75/25,valid,learning_rate,2.0000000000000002e-05,2.0000000000000002e-05,3,True,4892,76,363.14495299803093,76,19,57,0.86842105263157898,0.85964912280701755,0.69565217391304346,0.84210526315789469,0.76190476190476186,0.67798701552351659,50,7,3,16,0.9127423822714682,0.78613397948030173,0.76704489804570297
codebert_balanced_ratio_preserved_noise_mcc_selected_true_pr_auc_v1,codebert_class_weight_balanced,codebert,75/25,3,heuristic_fp_20,test,50/50,test,learning_rate,2.0000000000000002e-05,2.0000000000000002e-05,3,True,4892,76,363.14495299803093,42,21,21,0.80952380952380953,0.80952380952380953,0.84210526315789469,0.76190476190476186,0.80000000000000004,0.6218743352054219,18,3,5,16,0.87641723356009071,0.86747144761047812,0.86556425682424831
codebert_balanced_ratio_preserved_noise_mcc_selected_true_pr_auc_v1,codebert_class_weight_balanced,codebert,75/25,3,heuristic_fp_20,test,60/40,test,learning_rate,2.0000000000000002e-05,2.0000000000000002e-05,3,True,4892,76,363.14495299803093,53,21,32,0.75471698113207553,0.75595238095238093,0.66666666666666663,0.76190476190476186,0.71111111111111114,0.50300139121291076,24,8,5,16,0.85565476190476186,0.83113843905860718,0.82653429137614975
codebert_balanced_ratio_preserved_noise_mcc_selected_true_pr_auc_v1,codebert_class_weight_balanced,codebert,75/25,3,heuristic_fp_20,test,70/30,test,learning_rate,2.0000000000000002e-05,2.0000000000000002e-05,3,True,4892,76,363.14495299803093,70,21,49,0.7857142857142857,0.77891156462585032,0.61538461538461542,0.76190476190476186,0.68085106382978722,0.52904326844482197,39,10,5,16,0.87852283770651118,0.76840801576427409,0.7588684682530511
codebert_balanced_ratio_preserved_noise_mcc_selected_true_pr_auc_v1,codebert_class_weight_balanced,codebert,75/25,3,heuristic_fp_20,test,75/25,test,learning_rate,2.0000000000000002e-05,2.0000000000000002e-05,3,True,4892,76,363.14495299803093,84,21,63,0.77380952380952384,0.76984126984126977,0.53333333333333333,0.76190476190476186,0.62745098039215685,0.48770901396685989,49,14,5,16,0.8420256991685563,0.63934535651523805,0.62603597790324428
codebert_balanced_ratio_preserved_noise_mcc_selected_true_pr_auc_v1,codebert_class_weight_balanced,codebert,75/25,3,heuristic_fp_20,test,80/20,test,learning_rate,2.0000000000000002e-05,2.0000000000000002e-05,3,True,4892,76,363.14495299803093,105,21,84,0.82857142857142863,0.8035714285714286,0.55172413793103448,0.76190476190476186,0.64000000000000001,0.54316826162393883,71,13,5,16,0.85997732426303852,0.59463949706701902,0.57770611030326924
codebert_balanced_ratio_preserved_noise_mcc_selected_true_pr_auc_v1,codebert_class_weight_balanced,codebert,75/25,3,heuristic_fp_20,test,90/10,test,learning_rate,2.0000000000000002e-05,2.0000000000000002e-05,3,True,4892,76,363.14495299803093,210,21,189,0.80000000000000004,0.78306878306878303,0.30188679245283018,0.76190476190476186,0.43243243243243246,0.3909982034922051,152,37,5,16,0.86961451247165533,0.47722856283478587,0.46508026612361009
codebert_balanced_ratio_preserved_noise_mcc_selected_true_pr_auc_v1,codebert_class_weight_balanced,codebert,75/25,3,random_flip_10,validation,75/25,valid,learning_rate,2.0000000000000002e-05,2.0000000000000002e-05,2,True,2716,76,201.4215291000437,76,19,57,0.84210526315789469,0.77192982456140347,0.70588235294117652,0.63157894736842102,0.66666666666666663,0.56513291154400369,52,5,7,12,0.88734995383194826,0.70640922229564884,0.6910655990572887
codebert_balanced_ratio_preserved_noise_mcc_selected_true_pr_auc_v1,codebert_class_weight_balanced,codebert,75/25,3,random_flip_10,test,50/50,test,learning_rate,2.0000000000000002e-05,2.0000000000000002e-05,2,True,2716,76,201.4215291000437,42,21,21,0.7142857142857143,0.71428571428571419,0.80000000000000004,0.5714285714285714,0.66666666666666663,0.44721359549995793,18,3,9,12,0.80045351473922899,0.82098443003655208,0.81584944432232098
codebert_balanced_ratio_preserved_noise_mcc_selected_true_pr_auc_v1,codebert_class_weight_balanced,codebert,75/25,3,random_flip_10,test,60/40,test,learning_rate,2.0000000000000002e-05,2.0000000000000002e-05,2,True,2716,76,201.4215291000437,53,21,32,0.77358490566037741,0.7388392857142857,0.80000000000000004,0.5714285714285714,0.66666666666666663,0.51866025358284062,29,3,9,12,0.8125,0.80675113081731631,0.80255318391694042
codebert_balanced_ratio_preserved_noise_mcc_selected_true_pr_auc_v1,codebert_class_weight_balanced,codebert,75/25,3,random_flip_10,test,70/30,test,learning_rate,2.0000000000000002e-05,2.0000000000000002e-05,2,True,2716,76,201.4215291000437,70,21,49,0.81428571428571428,0.74489795918367352,0.75,0.5714285714285714,0.64864864864864868,0.53452248382484879,45,4,9,12,0.85665694849368323,0.76144096110117321,0.75605156164354592
codebert_balanced_ratio_preserved_noise_mcc_selected_true_pr_auc_v1,codebert_class_weight_balanced,codebert,75/25,3,random_flip_10,test,75/25,test,learning_rate,2.0000000000000002e-05,2.0000000000000002e-05,2,True,2716,76,201.4215291000437,84,21,63,0.8214285714285714,0.73809523809523814,0.66666666666666663,0.5714285714285714,0.61538461538461542,0.50251890762960605,57,6,9,12,0.84315948601662882,0.65283603358729869,0.63757841046995978
codebert_balanced_ratio_preserved_noise_mcc_selected_true_pr_auc_v1,codebert_class_weight_balanced,codebert,75/25,3,random_flip_10,test,80/20,test,learning_rate,2.0000000000000002e-05,2.0000000000000002e-05,2,True,2716,76,201.4215291000437,105,21,84,0.81904761904761902,0.72619047619047616,0.54545454545454541,0.5714285714285714,0.55813953488372092,0.44463455834086357,74,10,9,12,0.81774376417233563,0.53844959584190644,0.52146166802049465
codebert_balanced_ratio_preserved_noise_mcc_selected_true_pr_auc_v1,codebert_class_weight_balanced,codebert,75/25,3,random_flip_10,test,90/10,test,learning_rate,2.0000000000000002e-05,2.0000000000000002e-05,2,True,2716,76,201.4215291000437,210,21,189,0.88571428571428568,0.74603174603174605,0.44444444444444442,0.5714285714285714,0.5,0.4410159197688639,174,15,9,12,0.85235575711766187,0.46049068740471322,0.44372012415462575
codebert_balanced_ratio_preserved_noise_mcc_selected_true_pr_auc_v1,codebert_class_weight_balanced,codebert,75/25,3,random_flip_20,validation,75/25,valid,learning_rate,2.0000000000000002e-05,2.0000000000000002e-05,2,True,2716,76,223.40698636090383,76,19,57,0.81578947368421051,0.85964912280701755,0.58064516129032262,0.94736842105263153,0.71999999999999997,0.63377649087222998,44,13,1,18,0.91874422899353647,0.7972550762589472,0.79214440561659272
codebert_balanced_ratio_preserved_noise_mcc_selected_true_pr_auc_v1,codebert_class_weight_balanced,codebert,75/25,3,random_flip_20,test,50/50,test,learning_rate,2.0000000000000002e-05,2.0000000000000002e-05,2,True,2716,76,223.40698636090383,42,21,21,0.73809523809523814,0.73809523809523814,0.77777777777777779,0.66666666666666663,0.71794871794871795,0.48112522432468813,17,4,7,14,0.79591836734693866,0.82614049572168136,0.82182140658184211
codebert_balanced_ratio_preserved_noise_mcc_selected_true_pr_auc_v1,codebert_class_weight_balanced,codebert,75/25,3,random_flip_20,test,60/40,test,learning_rate,2.0000000000000002e-05,2.0000000000000002e-05,2,True,2716,76,223.40698636090383,53,21,32,0.67924528301886788,0.67708333333333326,0.58333333333333337,0.66666666666666663,0.62222222222222223,0.34800677647869993,22,10,7,14,0.71577380952380953,0.66396738861088589,0.65502451630215042
codebert_balanced_ratio_preserved_noise_mcc_selected_true_pr_auc_v1,codebert_class_weight_balanced,codebert,75/25,3,random_flip_20,test,70/30,test,learning_rate,2.0000000000000002e-05,2.0000000000000002e-05,2,True,2716,76,223.40698636090383,70,21,49,0.74285714285714288,0.72108843537414957,0.56000000000000005,0.66666666666666663,0.60869565217391308,0.422890031611031,38,11,7,14,0.78036929057337212,0.63183190375606912,0.622146926820764
codebert_balanced_ratio_preserved_noise_mcc_selected_true_pr_auc_v1,codebert_class_weight_balanced,codebert,75/25,3,random_flip_20,test,75/25,test,learning_rate,2.0000000000000002e-05,2.0000000000000002e-05,2,True,2716,76,223.40698636090383,84,21,63,0.75,0.72222222222222221,0.5,0.66666666666666663,0.5714285714285714,0.40824829046386302,49,14,7,14,0.7932728647014361,0.50055146268761952,0.47106825639690869
codebert_balanced_ratio_preserved_noise_mcc_selected_true_pr_auc_v1,codebert_class_weight_balanced,codebert,75/25,3,random_flip_20,test,80/20,test,learning_rate,2.0000000000000002e-05,2.0000000000000002e-05,2,True,2716,76,223.40698636090383,105,21,84,0.7142857142857143,0.6964285714285714,0.3783783783783784,0.66666666666666663,0.48275862068965519,0.32894904191692126,61,23,7,14,0.75935374149659873,0.47167338094893352,0.45855475496766507
codebert_balanced_ratio_preserved_noise_mcc_selected_true_pr_auc_v1,codebert_class_weight_balanced,codebert,75/25,3,random_flip_20,test,90/10,test,learning_rate,2.0000000000000002e-05,2.0000000000000002e-05,2,True,2716,76,223.40698636090383,210,21,189,0.78095238095238095,0.73015873015873012,0.26415094339622641,0.66666666666666663,0.3783783783783784,0.31791442713852192,150,39,7,14,0.80763416477702188,0.38479591430250765,0.37279673946934111
codebert_balanced_ratio_preserved_noise_mcc_selected_true_pr_auc_v1,codebert_class_weight_balanced,codebert,75/25,3,random_fp_10,validation,75/25,valid,learning_rate,2.0000000000000002e-05,2.0000000000000002e-05,5,True,3804,76,299.43792142905295,76,19,57,0.84210526315789469,0.75438596491228072,0.73333333333333328,0.57894736842105265,0.6470588235294118,0.55351172317007258,53,4,8,11,0.78439519852262229,0.66259680844483304,0.65589645483340964
codebert_balanced_ratio_preserved_noise_mcc_selected_true_pr_auc_v1,codebert_class_weight_balanced,codebert,75/25,3,random_fp_10,test,50/50,test,learning_rate,2.0000000000000002e-05,2.0000000000000002e-05,5,True,3804,76,299.43792142905295,42,21,21,0.73809523809523814,0.73809523809523814,0.91666666666666663,0.52380952380952384,0.66666666666666663,0.52704627669472992,20,1,10,11,0.83673469387755117,0.84278990927201947,0.8402644738875984
codebert_balanced_ratio_preserved_noise_mcc_selected_true_pr_auc_v1,codebert_class_weight_balanced,codebert,75/25,3,random_fp_10,test,60/40,test,learning_rate,2.0000000000000002e-05,2.0000000000000002e-05,5,True,3804,76,299.43792142905295,53,21,32,0.73584905660377353,0.69940476190476186,0.73333333333333328,0.52380952380952384,0.61111111111111116,0.43302476000062701,28,4,10,11,0.75595238095238093,0.68998152475600616,0.6791148137364067
codebert_balanced_ratio_preserved_noise_mcc_selected_true_pr_auc_v1,codebert_class_weight_balanced,codebert,75/25,3,random_fp_10,test,70/30,test,learning_rate,2.0000000000000002e-05,2.0000000000000002e-05,5,True,3804,76,299.43792142905295,70,21,49,0.81428571428571428,0.73129251700680276,0.7857142857142857,0.52380952380952384,0.62857142857142856,0.5299577334302672,46,3,10,11,0.81681243926141867,0.71095499014286956,0.70204522547226467
codebert_balanced_ratio_preserved_noise_mcc_selected_true_pr_auc_v1,codebert_class_weight_balanced,codebert,75/25,3,random_fp_10,test,75/25,test,learning_rate,2.0000000000000002e-05,2.0000000000000002e-05,5,True,3804,76,299.43792142905295,84,21,63,0.8571428571428571,0.74603174603174605,0.84615384615384615,0.52380952380952384,0.6470588235294118,0.58911518327859724,61,2,10,11,0.84051398337112626,0.73222995820664938,0.72783652395725218
codebert_balanced_ratio_preserved_noise_mcc_selected_true_pr_auc_v1,codebert_class_weight_balanced,codebert,75/25,3,random_fp_10,test,80/20,test,learning_rate,2.0000000000000002e-05,2.0000000000000002e-05,5,True,3804,76,299.43792142905295,105,21,84,0.83809523809523812,0.72023809523809523,0.61111111111111116,0.52380952380952384,0.5641025641025641,0.46749379354032378,77,7,10,11,0.79790249433106575,0.50449274127754573,0.47589330531664809
codebert_balanced_ratio_preserved_noise_mcc_selected_true_pr_auc_v1,codebert_class_weight_balanced,codebert,75/25,3,random_fp_10,test,90/10,test,learning_rate,2.0000000000000002e-05,2.0000000000000002e-05,5,True,3804,76,299.43792142905295,210,21,189,0.90952380952380951,0.73809523809523814,0.55000000000000004,0.52380952380952384,0.53658536585365857,0.48666426339228763,180,9,10,11,0.82237339380196517,0.49021608345068057,0.48709010282613263
codebert_balanced_ratio_preserved_noise_mcc_selected_true_pr_auc_v1,codebert_class_weight_balanced,codebert,75/25,3,random_fp_20,validation,75/25,valid,learning_rate,2.0000000000000002e-05,2.0000000000000002e-05,1,True,4892,76,386.55213991703931,76,19,57,0.78947368421052633,0.85964912280701755,0.54285714285714282,1,0.70370370370370372,0.62488094104092384,41,16,0,19,0.87626962142197595,0.60157867533725595,0.57055005389402569
codebert_balanced_ratio_preserved_noise_mcc_selected_true_pr_auc_v1,codebert_class_weight_balanced,codebert,75/25,3,random_fp_20,test,50/50,test,learning_rate,2.0000000000000002e-05,2.0000000000000002e-05,1,True,4892,76,386.55213991703931,42,21,21,0.66666666666666663,0.66666666666666663,0.64000000000000001,0.76190476190476186,0.69565217391304346,0.3395498750508662,12,9,5,16,0.77551020408163263,0.82623843594157309,0.82186189255850595
codebert_balanced_ratio_preserved_noise_mcc_selected_true_pr_auc_v1,codebert_class_weight_balanced,codebert,75/25,3,random_fp_20,test,60/40,test,learning_rate,2.0000000000000002e-05,2.0000000000000002e-05,1,True,4892,76,386.55213991703931,53,21,32,0.56603773584905659,0.59970238095238093,0.47058823529411764,0.76190476190476186,0.58181818181818179,0.20337796751528228,14,18,5,16,0.72321428571428559,0.70198279226310234,0.69390624909510712
codebert_balanced_ratio_preserved_noise_mcc_selected_true_pr_auc_v1,codebert_class_weight_balanced,codebert,75/25,3,random_fp_20,test,70/30,test,learning_rate,2.0000000000000002e-05,2.0000000000000002e-05,1,True,4892,76,386.55213991703931,70,21,49,0.67142857142857137,0.69727891156462585,0.47058823529411764,0.76190476190476186,0.58181818181818179,0.3617659078064745,31,18,5,16,0.78960155490767736,0.62207174571405455,0.59549771412946229
codebert_balanced_ratio_preserved_noise_mcc_selected_true_pr_auc_v1,codebert_class_weight_balanced,codebert,75/25,3,random_fp_20,test,75/25,test,learning_rate,2.0000000000000002e-05,2.0000000000000002e-05,1,True,4892,76,386.55213991703931,84,21,63,0.7142857142857143,0.73015873015873012,0.45714285714285713,0.76190476190476186,0.5714285714285714,0.4043014587929637,44,19,5,16,0.78344671201814065,0.52934806137763346,0.50070222491043948
codebert_balanced_ratio_preserved_noise_mcc_selected_true_pr_auc_v1,codebert_class_weight_balanced,codebert,75/25,3,random_fp_20,test,80/20,test,learning_rate,2.0000000000000002e-05,2.0000000000000002e-05,1,True,4892,76,386.55213991703931,105,21,84,0.60952380952380958,0.66666666666666663,0.30769230769230771,0.76190476190476186,0.43835616438356162,0.2666787612158108,48,36,5,16,0.75113378684807253,0.43429557170963728,0.40443409652887136
codebert_balanced_ratio_preserved_noise_mcc_selected_true_pr_auc_v1,codebert_class_weight_balanced,codebert,75/25,3,random_fp_20,test,90/10,test,learning_rate,2.0000000000000002e-05,2.0000000000000002e-05,1,True,4892,76,386.55213991703931,210,21,189,0.69047619047619047,0.72222222222222221,0.21052631578947367,0.76190476190476186,0.32989690721649484,0.27745901235129633,129,60,5,16,0.80158730158730163,0.38961655973538617,0.37636219709650337
codebert_balanced_ratio_preserved_noise_mcc_selected_true_pr_auc_v1,codebert_class_weight_balanced,codebert,75/25,4,clean,validation,75/25,valid,learning_rate,2.0000000000000002e-05,2.0000000000000002e-05,5,True,2716,76,211.55190914601553,76,19,57,0.82894736842105265,0.74561403508771928,0.6875,0.57894736842105265,0.62857142857142856,0.52174919474995096,52,5,8,11,0.88319482917820868,0.75812122602345489,0.7547699859593946
codebert_balanced_ratio_preserved_noise_mcc_selected_true_pr_auc_v1,codebert_class_weight_balanced,codebert,75/25,4,clean,test,50/50,test,learning_rate,2.0000000000000002e-05,2.0000000000000002e-05,5,True,2716,76,211.55190914601553,42,21,21,0.76190476190476186,0.76190476190476186,1,0.52380952380952384,0.6875,0.5956833971812705,21,0,10,11,0.86621315192743764,0.89738878837572678,0.89523490792488247
codebert_balanced_ratio_preserved_noise_mcc_selected_true_pr_auc_v1,codebert_class_weight_balanced,codebert,75/25,4,clean,test,60/40,test,learning_rate,2.0000000000000002e-05,2.0000000000000002e-05,5,True,2716,76,211.55190914601553,53,21,32,0.77358490566037741,0.73065476190476186,0.84615384615384615,0.52380952380952384,0.6470588235294118,0.52441533814949282,30,2,10,11,0.85639880952380953,0.82802485816638849,0.82704112159183674
codebert_balanced_ratio_preserved_noise_mcc_selected_true_pr_auc_v1,codebert_class_weight_balanced,codebert,75/25,4,clean,test,70/30,test,learning_rate,2.0000000000000002e-05,2.0000000000000002e-05,5,True,2716,76,211.55190914601553,70,21,49,0.80000000000000004,0.72108843537414968,0.73333333333333328,0.52380952380952384,0.61111111111111116,0.49382916465843113,45,4,10,11,0.83333333333333326,0.64776804997314252,0.62193618046366539
codebert_balanced_ratio_preserved_noise_mcc_selected_true_pr_auc_v1,codebert_class_weight_balanced,codebert,75/25,4,clean,test,75/25,test,learning_rate,2.0000000000000002e-05,2.0000000000000002e-05,5,True,2716,76,211.55190914601553,84,21,63,0.76190476190476186,0.68253968253968256,0.52380952380952384,0.52380952380952384,0.52380952380952384,0.36507936507936506,53,10,10,11,0.79856386999244144,0.55484334066497243,0.54154460315210828
codebert_balanced_ratio_preserved_noise_mcc_selected_true_pr_auc_v1,codebert_class_weight_balanced,codebert,75/25,4,clean,test,80/20,test,learning_rate,2.0000000000000002e-05,2.0000000000000002e-05,5,True,2716,76,211.55190914601553,105,21,84,0.88571428571428568,0.75,0.84615384615384615,0.52380952380952384,0.6470588235294118,0.60723067856455226,82,2,10,11,0.86422902494331055,0.69649873935588236,0.68973631437564009
codebert_balanced_ratio_preserved_noise_mcc_selected_true_pr_auc_v1,codebert_class_weight_balanced,codebert,75/25,4,clean,test,90/10,test,learning_rate,2.0000000000000002e-05,2.0000000000000002e-05,5,True,2716,76,211.55190914601553,210,21,189,0.87619047619047619,0.71957671957671954,0.40740740740740738,0.52380952380952384,0.45833333333333331,0.39359485312705056,173,16,10,11,0.8310657596371881,0.39937337164287096,0.38811742044015279
codebert_balanced_ratio_preserved_noise_mcc_selected_true_pr_auc_v1,codebert_class_weight_balanced,codebert,75/25,4,heuristic_fp_10,validation,75/25,valid,learning_rate,2.0000000000000002e-05,2.0000000000000002e-05,4,True,3804,76,287.23007064789999,76,19,57,0.81578947368421051,0.82456140350877183,0.59259259259259256,0.84210526315789469,0.69565217391304346,0.58730158730158732,46,11,3,16,0.89704524469067404,0.72113442528749583,0.7117155272128175
codebert_balanced_ratio_preserved_noise_mcc_selected_true_pr_auc_v1,codebert_class_weight_balanced,codebert,75/25,4,heuristic_fp_10,test,50/50,test,learning_rate,2.0000000000000002e-05,2.0000000000000002e-05,4,True,3804,76,287.23007064789999,42,21,21,0.80952380952380953,0.80952380952380953,0.88235294117647056,0.7142857142857143,0.78947368421052633,0.63059262509446579,19,2,6,15,0.91496598639455784,0.9317064419092187,0.93075734847483593
codebert_balanced_ratio_preserved_noise_mcc_selected_true_pr_auc_v1,codebert_class_weight_balanced,codebert,75/25,4,heuristic_fp_10,test,60/40,test,learning_rate,2.0000000000000002e-05,2.0000000000000002e-05,4,True,3804,76,287.23007064789999,53,21,32,0.77358490566037741,0.76339285714285721,0.7142857142857143,0.7142857142857143,0.7142857142857143,0.5267857142857143,26,6,6,15,0.85639880952380953,0.81534029061671709,0.81117697980744352
codebert_balanced_ratio_preserved_noise_mcc_selected_true_pr_auc_v1,codebert_class_weight_balanced,codebert,75/25,4,heuristic_fp_10,test,70/30,test,learning_rate,2.0000000000000002e-05,2.0000000000000002e-05,4,True,3804,76,287.23007064789999,70,21,49,0.77142857142857146,0.75510204081632648,0.59999999999999998,0.7142857142857143,0.65217391304347827,0.48795003647426655,39,10,6,15,0.84693877551020402,0.73538403656332263,0.72703310728190895
codebert_balanced_ratio_preserved_noise_mcc_selected_true_pr_auc_v1,codebert_class_weight_balanced,codebert,75/25,4,heuristic_fp_10,test,75/25,test,learning_rate,2.0000000000000002e-05,2.0000000000000002e-05,4,True,3804,76,287.23007064789999,84,21,63,0.79761904761904767,0.76984126984126977,0.57692307692307687,0.7142857142857143,0.63829787234042556,0.50549587843254462,52,11,6,15,0.8567649281934997,0.6299375473888682,0.61246247813979138
codebert_balanced_ratio_preserved_noise_mcc_selected_true_pr_auc_v1,codebert_class_weight_balanced,codebert,75/25,4,heuristic_fp_10,test,80/20,test,learning_rate,2.0000000000000002e-05,2.0000000000000002e-05,4,True,3804,76,287.23007064789999,105,21,84,0.8666666666666667,0.80952380952380953,0.65217391304347827,0.7142857142857143,0.68181818181818177,0.59869068877605525,76,8,6,15,0.89710884353741494,0.77520651771553406,0.77119749873909704
codebert_balanced_ratio_preserved_noise_mcc_selected_true_pr_auc_v1,codebert_class_weight_balanced,codebert,75/25,4,heuristic_fp_10,test,90/10,test,learning_rate,2.0000000000000002e-05,2.0000000000000002e-05,4,True,3804,76,287.23007064789999,210,21,189,0.81428571428571428,0.76984126984126977,0.3125,0.7142857142857143,0.43478260869565216,0.38556782988253729,156,33,6,15,0.85663895187704708,0.40428145988777242,0.37434559907592035
codebert_balanced_ratio_preserved_noise_mcc_selected_true_pr_auc_v1,codebert_class_weight_balanced,codebert,75/25,4,heuristic_fp_20,validation,75/25,valid,learning_rate,2.0000000000000002e-05,2.0000000000000002e-05,2,True,4892,76,366.54043113801163,76,19,57,0.84210526315789469,0.82456140350877194,0.65217391304347827,0.78947368421052633,0.7142857142857143,0.61184194083829546,49,8,4,15,0.87257617728531855,0.61198368812186588,0.58553974306866574
codebert_balanced_ratio_preserved_noise_mcc_selected_true_pr_auc_v1,codebert_class_weight_balanced,codebert,75/25,4,heuristic_fp_20,test,50/50,test,learning_rate,2.0000000000000002e-05,2.0000000000000002e-05,2,True,4892,76,366.54043113801163,42,21,21,0.8571428571428571,0.85714285714285721,1,0.7142857142857143,0.83333333333333337,0.7453559924999299,21,0,6,15,0.94784580498866211,0.95899711030279389,0.9581790016889864
codebert_balanced_ratio_preserved_noise_mcc_selected_true_pr_auc_v1,codebert_class_weight_balanced,codebert,75/25,4,heuristic_fp_20,test,60/40,test,learning_rate,2.0000000000000002e-05,2.0000000000000002e-05,2,True,4892,76,366.54043113801163,53,21,32,0.75471698113207553,0.74776785714285721,0.68181818181818177,0.7142857142857143,0.69767441860465118,0.49188933866410628,25,7,6,15,0.85119047619047616,0.78344905303551937,0.7768839544143793
codebert_balanced_ratio_preserved_noise_mcc_selected_true_pr_auc_v1,codebert_class_weight_balanced,codebert,75/25,4,heuristic_fp_20,test,70/30,test,learning_rate,2.0000000000000002e-05,2.0000000000000002e-05,2,True,4892,76,366.54043113801163,70,21,49,0.77142857142857146,0.75510204081632648,0.59999999999999998,0.7142857142857143,0.65217391304347827,0.48795003647426655,39,10,6,15,0.81632653061224481,0.63267948717802591,0.62180694135708547
codebert_balanced_ratio_preserved_noise_mcc_selected_true_pr_auc_v1,codebert_class_weight_balanced,codebert,75/25,4,heuristic_fp_20,test,75/25,test,learning_rate,2.0000000000000002e-05,2.0000000000000002e-05,2,True,4892,76,366.54043113801163,84,21,63,0.79761904761904767,0.76984126984126977,0.57692307692307687,0.7142857142857143,0.63829787234042556,0.50549587843254462,52,11,6,15,0.8643235071806501,0.62767432758841557,0.61551368727264988
codebert_balanced_ratio_preserved_noise_mcc_selected_true_pr_auc_v1,codebert_class_weight_balanced,codebert,75/25,4,heuristic_fp_20,test,80/20,test,learning_rate,2.0000000000000002e-05,2.0000000000000002e-05,2,True,4892,76,366.54043113801163,105,21,84,0.84761904761904761,0.79761904761904767,0.59999999999999998,0.7142857142857143,0.65217391304347827,0.55901699437494745,74,10,6,15,0.89370748299319724,0.71409649207459669,0.70665005331959718
codebert_balanced_ratio_preserved_noise_mcc_selected_true_pr_auc_v1,codebert_class_weight_balanced,codebert,75/25,4,heuristic_fp_20,test,90/10,test,learning_rate,2.0000000000000002e-05,2.0000000000000002e-05,2,True,4892,76,366.54043113801163,210,21,189,0.80000000000000004,0.76190476190476186,0.29411764705882354,0.7142857142857143,0.41666666666666669,0.36646313255902324,153,36,6,15,0.86419753086419748,0.40583925190786896,0.37740607821795658
codebert_balanced_ratio_preserved_noise_mcc_selected_true_pr_auc_v1,codebert_class_weight_balanced,codebert,75/25,4,random_flip_10,validation,75/25,valid,learning_rate,2.0000000000000002e-05,2.0000000000000002e-05,1,True,2716,76,212.24447756598238,76,19,57,0.85526315789473684,0.79824561403508776,0.72222222222222221,0.68421052631578949,0.70270270270270274,0.60753043640808368,52,5,6,13,0.9182825484764543,0.76153824770297485,0.75808800920511921
codebert_balanced_ratio_preserved_noise_mcc_selected_true_pr_auc_v1,codebert_class_weight_balanced,codebert,75/25,4,random_flip_10,test,50/50,test,learning_rate,2.0000000000000002e-05,2.0000000000000002e-05,1,True,2716,76,212.24447756598238,42,21,21,0.73809523809523814,0.73809523809523814,1,0.47619047619047616,0.64516129032258063,0.55901699437494745,21,0,11,10,0.86394557823129259,0.89701062243079055,0.89497487590860825
codebert_balanced_ratio_preserved_noise_mcc_selected_true_pr_auc_v1,codebert_class_weight_balanced,codebert,75/25,4,random_flip_10,test,60/40,test,learning_rate,2.0000000000000002e-05,2.0000000000000002e-05,1,True,2716,76,212.24447756598238,53,21,32,0.71698113207547165,0.67559523809523814,0.7142857142857143,0.47619047619047616,0.5714285714285714,0.38961085211057755,28,4,11,10,0.81547619047619047,0.68913832302255962,0.67279150241962893
codebert_balanced_ratio_preserved_noise_mcc_selected_true_pr_auc_v1,codebert_class_weight_balanced,codebert,75/25,4,random_flip_10,test,70/30,test,learning_rate,2.0000000000000002e-05,2.0000000000000002e-05,1,True,2716,76,212.24447756598238,70,21,49,0.7857142857142857,0.69727891156462585,0.7142857142857143,0.47619047619047616,0.5714285714285714,0.45202277263169849,45,4,11,10,0.82361516034985416,0.65791242823544838,0.63159802801588016
codebert_balanced_ratio_preserved_noise_mcc_selected_true_pr_auc_v1,codebert_class_weight_balanced,codebert,75/25,4,random_flip_10,test,75/25,test,learning_rate,2.0000000000000002e-05,2.0000000000000002e-05,1,True,2716,76,212.24447756598238,84,21,63,0.75,0.65873015873015872,0.5,0.47619047619047616,0.48780487804878048,0.3227486121839514,53,10,11,10,0.81292517006802723,0.56635369997070795,0.54952551748923706
codebert_balanced_ratio_preserved_noise_mcc_selected_true_pr_auc_v1,codebert_class_weight_balanced,codebert,75/25,4,random_flip_10,test,80/20,test,learning_rate,2.0000000000000002e-05,2.0000000000000002e-05,1,True,2716,76,212.24447756598238,105,21,84,0.84761904761904761,0.70833333333333326,0.66666666666666663,0.47619047619047616,0.55555555555555558,0.47628967220784019,79,5,11,10,0.85260770975056688,0.6185076657540689,0.60294309554931913
codebert_balanced_ratio_preserved_noise_mcc_selected_true_pr_auc_v1,codebert_class_weight_balanced,codebert,75/25,4,random_flip_10,test,90/10,test,learning_rate,2.0000000000000002e-05,2.0000000000000002e-05,1,True,2716,76,212.24447756598238,210,21,189,0.86190476190476195,0.69047619047619047,0.35714285714285715,0.47619047619047616,0.40816326530612246,0.33619908880831545,171,18,11,10,0.83396321491559577,0.34606254130174574,0.3222694531640663
codebert_balanced_ratio_preserved_noise_mcc_selected_true_pr_auc_v1,codebert_class_weight_balanced,codebert,75/25,4,random_flip_20,validation,75/25,valid,learning_rate,2.0000000000000002e-05,2.0000000000000002e-05,3,True,2716,76,228.59497694100719,76,19,57,0.80263157894736847,0.81578947368421051,0.5714285714285714,0.84210526315789469,0.68085106382978722,0.56694670951384085,45,12,3,16,0.88919667590027696,0.66439350123560648,0.6349438616751637
codebert_balanced_ratio_preserved_noise_mcc_selected_true_pr_auc_v1,codebert_class_weight_balanced,codebert,75/25,4,random_flip_20,test,50/50,test,learning_rate,2.0000000000000002e-05,2.0000000000000002e-05,3,True,2716,76,228.59497694100719,42,21,21,0.73809523809523814,0.73809523809523814,0.8125,0.61904761904761907,0.70270270270270274,0.49029033784546011,18,3,8,13,0.78684807256235823,0.78240310423050263,0.77280888269657932
codebert_balanced_ratio_preserved_noise_mcc_selected_true_pr_auc_v1,codebert_class_weight_balanced,codebert,75/25,4,random_flip_20,test,60/40,test,learning_rate,2.0000000000000002e-05,2.0000000000000002e-05,3,True,2716,76,228.59497694100719,53,21,32,0.75471698113207553,0.73139880952380953,0.72222222222222221,0.61904761904761907,0.66666666666666663,0.47797532566289946,27,5,8,13,0.78869047619047628,0.64729132476526163,0.63085599902646483
codebert_balanced_ratio_preserved_noise_mcc_selected_true_pr_auc_v1,codebert_class_weight_balanced,codebert,75/25,4,random_flip_20,test,70/30,test,learning_rate,2.0000000000000002e-05,2.0000000000000002e-05,3,True,2716,76,228.59497694100719,70,21,49,0.75714285714285712,0.71768707482993199,0.59090909090909094,0.61904761904761907,0.60465116279069764,0.42977224748020282,40,9,8,13,0.75364431486880468,0.52535740354704386,0.50905381249816872
codebert_balanced_ratio_preserved_noise_mcc_selected_true_pr_auc_v1,codebert_class_weight_balanced,codebert,75/25,4,random_flip_20,test,75/25,test,learning_rate,2.0000000000000002e-05,2.0000000000000002e-05,3,True,2716,76,228.59497694100719,84,21,63,0.75,0.70634920634920628,0.5,0.61904761904761907,0.55319148936170215,0.38655567174253413,50,13,8,13,0.76152683295540435,0.45743469030343503,0.44256958392048501
codebert_balanced_ratio_preserved_noise_mcc_selected_true_pr_auc_v1,codebert_class_weight_balanced,codebert,75/25,4,random_flip_20,test,80/20,test,learning_rate,2.0000000000000002e-05,2.0000000000000002e-05,3,True,2716,76,228.59497694100719,105,21,84,0.80000000000000004,0.73214285714285721,0.5,0.61904761904761907,0.55319148936170215,0.43026338709967066,71,13,8,13,0.78373015873015872,0.4516052082211533,0.4348624989211603
codebert_balanced_ratio_preserved_noise_mcc_selected_true_pr_auc_v1,codebert_class_weight_balanced,codebert,75/25,4,random_flip_20,test,90/10,test,learning_rate,2.0000000000000002e-05,2.0000000000000002e-05,3,True,2716,76,228.59497694100719,210,21,189,0.76666666666666672,0.70105820105820105,0.24074074074074073,0.61904761904761907,0.34666666666666668,0.27601530130559238,148,41,8,13,0.76417233560090703,0.23161193922962514,0.20865549035554914
codebert_balanced_ratio_preserved_noise_mcc_selected_true_pr_auc_v1,codebert_class_weight_balanced,codebert,75/25,4,random_fp_10,validation,75/25,valid,learning_rate,2.0000000000000002e-05,2.0000000000000002e-05,3,True,3804,76,307.06770801101811,76,19,57,0.84210526315789469,0.80701754385964908,0.66666666666666663,0.73684210526315785,0.69999999999999996,0.59458839001056318,50,7,5,14,0.85826408125577103,0.66419334262535723,0.65584462566143586
codebert_balanced_ratio_preserved_noise_mcc_selected_true_pr_auc_v1,codebert_class_weight_balanced,codebert,75/25,4,random_fp_10,test,50/50,test,learning_rate,2.0000000000000002e-05,2.0000000000000002e-05,3,True,3804,76,307.06770801101811,42,21,21,0.7142857142857143,0.71428571428571419,0.90909090909090906,0.47619047619047616,0.625,0.48737732496649411,20,1,11,10,0.85941043083900226,0.87620059793170468,0.87266632592557913
codebert_balanced_ratio_preserved_noise_mcc_selected_true_pr_auc_v1,codebert_class_weight_balanced,codebert,75/25,4,random_fp_10,test,60/40,test,learning_rate,2.0000000000000002e-05,2.0000000000000002e-05,3,True,3804,76,307.06770801101811,53,21,32,0.69811320754716977,0.65997023809523814,0.66666666666666663,0.47619047619047616,0.55555555555555558,0.3473892664184135,27,5,11,10,0.83184523809523814,0.68417597473606317,0.6805529256050743
codebert_balanced_ratio_preserved_noise_mcc_selected_true_pr_auc_v1,codebert_class_weight_balanced,codebert,75/25,4,random_fp_10,test,70/30,test,learning_rate,2.0000000000000002e-05,2.0000000000000002e-05,3,True,3804,76,307.06770801101811,70,21,49,0.80000000000000004,0.70748299319727892,0.76923076923076927,0.47619047619047616,0.58823529411764708,0.48900250474794649,46,3,11,10,0.84548104956268222,0.72206604437921285,0.71374550905402501
codebert_balanced_ratio_preserved_noise_mcc_selected_true_pr_auc_v1,codebert_class_weight_balanced,codebert,75/25,4,random_fp_10,test,75/25,test,learning_rate,2.0000000000000002e-05,2.0000000000000002e-05,3,True,3804,76,307.06770801101811,84,21,63,0.72619047619047616,0.64285714285714279,0.45454545454545453,0.47619047619047616,0.46511627906976744,0.28138742976632508,51,12,11,10,0.77626606198034775,0.46224045764407062,0.4366167760637954
codebert_balanced_ratio_preserved_noise_mcc_selected_true_pr_auc_v1,codebert_class_weight_balanced,codebert,75/25,4,random_fp_10,test,80/20,test,learning_rate,2.0000000000000002e-05,2.0000000000000002e-05,3,True,3804,76,307.06770801101811,105,21,84,0.82857142857142863,0.6964285714285714,0.58823529411764708,0.47619047619047616,0.52631578947368418,0.4265973442458908,77,7,11,10,0.85799319727891155,0.6687707587950209,0.6617257443853346
codebert_balanced_ratio_preserved_noise_mcc_selected_true_pr_auc_v1,codebert_class_weight_balanced,codebert,75/25,4,random_fp_10,test,90/10,test,learning_rate,2.0000000000000002e-05,2.0000000000000002e-05,3,True,3804,76,307.06770801101811,210,21,189,0.82857142857142863,0.67195767195767186,0.2857142857142857,0.47619047619047616,0.35714285714285715,0.27684651149997397,164,25,11,10,0.82980599647266318,0.32302388468050963,0.29908315121425366
codebert_balanced_ratio_preserved_noise_mcc_selected_true_pr_auc_v1,codebert_class_weight_balanced,codebert,75/25,4,random_fp_20,validation,75/25,valid,learning_rate,2.0000000000000002e-05,2.0000000000000002e-05,3,True,4892,76,370.10706366109662,76,19,57,0.84210526315789469,0.75438596491228072,0.73333333333333328,0.57894736842105265,0.6470588235294118,0.55351172317007258,53,4,8,11,0.88919667590027707,0.74501139826624585,0.73464915190418734
codebert_balanced_ratio_preserved_noise_mcc_selected_true_pr_auc_v1,codebert_class_weight_balanced,codebert,75/25,4,random_fp_20,test,50/50,test,learning_rate,2.0000000000000002e-05,2.0000000000000002e-05,3,True,4892,76,370.10706366109662,42,21,21,0.76190476190476186,0.76190476190476186,1,0.52380952380952384,0.6875,0.5956833971812705,21,0,10,11,0.8117913832199547,0.85875852514296458,0.85582777454078163
codebert_balanced_ratio_preserved_noise_mcc_selected_true_pr_auc_v1,codebert_class_weight_balanced,codebert,75/25,4,random_fp_20,test,60/40,test,learning_rate,2.0000000000000002e-05,2.0000000000000002e-05,3,True,4892,76,370.10706366109662,53,21,32,0.73584905660377353,0.69940476190476186,0.73333333333333328,0.52380952380952384,0.61111111111111116,0.43302476000062701,28,4,10,11,0.78869047619047628,0.76707608579500941,0.76141282975476554
codebert_balanced_ratio_preserved_noise_mcc_selected_true_pr_auc_v1,codebert_class_weight_balanced,codebert,75/25,4,random_fp_20,test,70/30,test,learning_rate,2.0000000000000002e-05,2.0000000000000002e-05,3,True,4892,76,370.10706366109662,70,21,49,0.82857142857142863,0.74149659863945572,0.84615384615384615,0.52380952380952384,0.6470588235294118,0.56916684978859344,47,2,10,11,0.75996112730806609,0.59636210077824348,0.56857610287719373
codebert_balanced_ratio_preserved_noise_mcc_selected_true_pr_auc_v1,codebert_class_weight_balanced,codebert,75/25,4,random_fp_20,test,75/25,test,learning_rate,2.0000000000000002e-05,2.0000000000000002e-05,3,True,4892,76,370.10706366109662,84,21,63,0.80952380952380953,0.7142857142857143,0.6470588235294118,0.52380952380952384,0.57894736842105265,0.46189288748403634,57,6,10,11,0.7403628117913833,0.51638424876268474,0.48760184056179179
codebert_balanced_ratio_preserved_noise_mcc_selected_true_pr_auc_v1,codebert_class_weight_balanced,codebert,75/25,4,random_fp_20,test,80/20,test,learning_rate,2.0000000000000002e-05,2.0000000000000002e-05,3,True,4892,76,370.10706366109662,105,21,84,0.84761904761904761,0.72619047619047628,0.6470588235294118,0.52380952380952384,0.57894736842105265,0.49123330549526817,78,6,10,11,0.77777777777777779,0.52389013529480055,0.49592347718531038
codebert_balanced_ratio_preserved_noise_mcc_selected_true_pr_auc_v1,codebert_class_weight_balanced,codebert,75/25,4,random_fp_20,test,90/10,test,learning_rate,2.0000000000000002e-05,2.0000000000000002e-05,3,True,4892,76,370.10706366109662,210,21,189,0.85238095238095235,0.70634920634920628,0.34375,0.52380952380952384,0.41509433962264153,0.34449931100206704,168,21,10,11,0.755731922398589,0.27322946626711464,0.25315861226506797
codebert_balanced_ratio_preserved_noise_mcc_selected_true_pr_auc_v1,codebert_class_weight_balanced,codebert,75/25,5,clean,validation,75/25,valid,learning_rate,2.0000000000000002e-05,2.0000000000000002e-05,4,True,2716,76,206.06868834793568,76,19,57,0.82894736842105265,0.72807017543859653,0.7142857142857143,0.52631578947368418,0.60606060606060608,0.50951017108525332,53,4,9,10,0.83287165281625108,0.64613348987354358,0.63441505855252722
codebert_balanced_ratio_preserved_noise_mcc_selected_true_pr_auc_v1,codebert_class_weight_balanced,codebert,75/25,5,clean,test,50/50,test,learning_rate,2.0000000000000002e-05,2.0000000000000002e-05,4,True,2716,76,206.06868834793568,42,21,21,0.66666666666666663,0.66666666666666663,0.88888888888888884,0.38095238095238093,0.53333333333333333,0.40618119722996165,20,1,13,8,0.891156462585034,0.86203716732538793,0.85572485918534857
codebert_balanced_ratio_preserved_noise_mcc_selected_true_pr_auc_v1,codebert_class_weight_balanced,codebert,75/25,5,clean,test,60/40,test,learning_rate,2.0000000000000002e-05,2.0000000000000002e-05,4,True,2716,76,206.06868834793568,53,21,32,0.69811320754716977,0.64360119047619047,0.72727272727272729,0.38095238095238093,0.5,0.34637910418754991,29,3,13,8,0.81770833333333326,0.67668777334190866,0.65039838996495336
codebert_balanced_ratio_preserved_noise_mcc_selected_true_pr_auc_v1,codebert_class_weight_balanced,codebert,75/25,5,clean,test,70/30,test,learning_rate,2.0000000000000002e-05,2.0000000000000002e-05,4,True,2716,76,206.06868834793568,70,21,49,0.7857142857142857,0.67006802721088432,0.80000000000000004,0.38095238095238093,0.5161290322580645,0.44543540318737396,47,2,13,8,0.83236151603498543,0.70024608379318698,0.69042163022954894
codebert_balanced_ratio_preserved_noise_mcc_selected_true_pr_auc_v1,codebert_class_weight_balanced,codebert,75/25,5,clean,test,75/25,test,learning_rate,2.0000000000000002e-05,2.0000000000000002e-05,4,True,2716,76,206.06868834793568,84,21,63,0.80952380952380953,0.66666666666666663,0.72727272727272729,0.38095238095238093,0.5,0.42785921963963225,60,3,13,8,0.88435374149659862,0.73634009956326185,0.73042297866615846
codebert_balanced_ratio_preserved_noise_mcc_selected_true_pr_auc_v1,codebert_class_weight_balanced,codebert,75/25,5,clean,test,80/20,test,learning_rate,2.0000000000000002e-05,2.0000000000000002e-05,4,True,2716,76,206.06868834793568,105,21,84,0.81904761904761902,0.65476190476190477,0.5714285714285714,0.38095238095238093,0.45714285714285713,0.3642156795423418,78,6,13,8,0.82681405895691606,0.51240109903704689,0.48456221338438898
codebert_balanced_ratio_preserved_noise_mcc_selected_true_pr_auc_v1,codebert_class_weight_balanced,codebert,75/25,5,clean,test,90/10,test,learning_rate,2.0000000000000002e-05,2.0000000000000002e-05,4,True,2716,76,206.06868834793568,210,21,189,0.89047619047619042,0.66402116402116396,0.44444444444444442,0.38095238095238093,0.41025641025641024,0.35154713901054868,179,10,13,8,0.85235575711766187,0.36749099020407072,0.34551054285483895
codebert_balanced_ratio_preserved_noise_mcc_selected_true_pr_auc_v1,codebert_class_weight_balanced,codebert,75/25,5,heuristic_fp_10,validation,75/25,valid,learning_rate,2.0000000000000002e-05,2.0000000000000002e-05,4,True,3804,76,292.86215179401916,76,19,57,0.81578947368421051,0.82456140350877183,0.59259259259259256,0.84210526315789469,0.69565217391304346,0.58730158730158732,46,11,3,16,0.86103416435826408,0.61937826680065788,0.58578871414957567
codebert_balanced_ratio_preserved_noise_mcc_selected_true_pr_auc_v1,codebert_class_weight_balanced,codebert,75/25,5,heuristic_fp_10,test,50/50,test,learning_rate,2.0000000000000002e-05,2.0000000000000002e-05,4,True,3804,76,292.86215179401916,42,21,21,0.83333333333333337,0.83333333333333326,0.84999999999999998,0.80952380952380953,0.82926829268292679,0.66742381247191462,18,3,4,17,0.9138321995464852,0.8998446067994943,0.89654863609090651
codebert_balanced_ratio_preserved_noise_mcc_selected_true_pr_auc_v1,codebert_class_weight_balanced,codebert,75/25,5,heuristic_fp_10,test,60/40,test,learning_rate,2.0000000000000002e-05,2.0000000000000002e-05,4,True,3804,76,292.86215179401916,53,21,32,0.79245283018867929,0.79538690476190477,0.70833333333333337,0.80952380952380953,0.75555555555555554,0.58049869858001624,25,7,4,17,0.82961309523809523,0.6646932719914086,0.65992315426127934
codebert_balanced_ratio_preserved_noise_mcc_selected_true_pr_auc_v1,codebert_class_weight_balanced,codebert,75/25,5,heuristic_fp_10,test,70/30,test,learning_rate,2.0000000000000002e-05,2.0000000000000002e-05,4,True,3804,76,292.86215179401916,70,21,49,0.84285714285714286,0.83333333333333326,0.70833333333333337,0.80952380952380953,0.75555555555555554,0.64362349842859889,42,7,4,17,0.86540330417881439,0.73713307611739287,0.7304042266505506
codebert_balanced_ratio_preserved_noise_mcc_selected_true_pr_auc_v1,codebert_class_weight_balanced,codebert,75/25,5,heuristic_fp_10,test,75/25,test,learning_rate,2.0000000000000002e-05,2.0000000000000002e-05,4,True,3804,76,292.86215179401916,84,21,63,0.8571428571428571,0.84126984126984128,0.68000000000000005,0.80952380952380953,0.73913043478260865,0.64641558408243283,55,8,4,17,0.88888888888888884,0.62695114010454889,0.59816752159393616
codebert_balanced_ratio_preserved_noise_mcc_selected_true_pr_auc_v1,codebert_class_weight_balanced,codebert,75/25,5,heuristic_fp_10,test,80/20,test,learning_rate,2.0000000000000002e-05,2.0000000000000002e-05,4,True,3804,76,292.86215179401916,105,21,84,0.83809523809523812,0.82738095238095233,0.56666666666666665,0.80952380952380953,0.66666666666666663,0.57975090436420285,71,13,4,17,0.8636621315192744,0.51951513094370239,0.49283933559198989
codebert_balanced_ratio_preserved_noise_mcc_selected_true_pr_auc_v1,codebert_class_weight_balanced,codebert,75/25,5,heuristic_fp_10,test,90/10,test,learning_rate,2.0000000000000002e-05,2.0000000000000002e-05,4,True,3804,76,292.86215179401916,210,21,189,0.82380952380952377,0.81746031746031744,0.34000000000000002,0.80952380952380953,0.47887323943661969,0.44721359549995798,156,33,4,17,0.86596119929453264,0.41284873255610843,0.40085966854094418
codebert_balanced_ratio_preserved_noise_mcc_selected_true_pr_auc_v1,codebert_class_weight_balanced,codebert,75/25,5,heuristic_fp_20,validation,75/25,valid,learning_rate,2.0000000000000002e-05,2.0000000000000002e-05,3,True,4892,76,362.84899612201843,76,19,57,0.76315789473684215,0.78947368421052633,0.5161290322580645,0.84210526315789469,0.64000000000000001,0.51011278533618509,42,15,3,16,0.84118190212373034,0.70503979502529801,0.69785389305440071
codebert_balanced_ratio_preserved_noise_mcc_selected_true_pr_auc_v1,codebert_class_weight_balanced,codebert,75/25,5,heuristic_fp_20,test,50/50,test,learning_rate,2.0000000000000002e-05,2.0000000000000002e-05,3,True,4892,76,362.84899612201843,42,21,21,0.73809523809523814,0.73809523809523814,0.8571428571428571,0.5714285714285714,0.68571428571428572,0.50507627227610541,19,2,9,12,0.92517006802721091,0.91661584700101395,0.91400117696023564
codebert_balanced_ratio_preserved_noise_mcc_selected_true_pr_auc_v1,codebert_class_weight_balanced,codebert,75/25,5,heuristic_fp_20,test,60/40,test,learning_rate,2.0000000000000002e-05,2.0000000000000002e-05,3,True,4892,76,362.84899612201843,53,21,32,0.67924528301886788,0.6607142857142857,0.59999999999999998,0.5714285714285714,0.58536585365853655,0.32433748657040123,24,8,9,12,0.7678571428571429,0.61658996184440229,0.59215399382808553
codebert_balanced_ratio_preserved_noise_mcc_selected_true_pr_auc_v1,codebert_class_weight_balanced,codebert,75/25,5,heuristic_fp_20,test,70/30,test,learning_rate,2.0000000000000002e-05,2.0000000000000002e-05,3,True,4892,76,362.84899612201843,70,21,49,0.69999999999999996,0.66326530612244894,0.5,0.5714285714285714,0.53333333333333333,0.3152441624956403,37,12,9,12,0.82361516034985427,0.69263780107084849,0.68439655615935746
codebert_balanced_ratio_preserved_noise_mcc_selected_true_pr_auc_v1,codebert_class_weight_balanced,codebert,75/25,5,heuristic_fp_20,test,75/25,test,learning_rate,2.0000000000000002e-05,2.0000000000000002e-05,3,True,4892,76,362.84899612201843,84,21,63,0.7857142857142857,0.71428571428571419,0.5714285714285714,0.5714285714285714,0.5714285714285714,0.42857142857142855,54,9,9,12,0.86772486772486768,0.64829194517366817,0.635803899775093
codebert_balanced_ratio_preserved_noise_mcc_selected_true_pr_auc_v1,codebert_class_weight_balanced,codebert,75/25,5,heuristic_fp_20,test,80/20,test,learning_rate,2.0000000000000002e-05,2.0000000000000002e-05,3,True,4892,76,362.84899612201843,105,21,84,0.73333333333333328,0.67261904761904767,0.38709677419354838,0.5714285714285714,0.46153846153846156,0.30274103786400469,65,19,9,12,0.82397959183673475,0.45682338242609943,0.434771611766674
codebert_balanced_ratio_preserved_noise_mcc_selected_true_pr_auc_v1,codebert_class_weight_balanced,codebert,75/25,5,heuristic_fp_20,test,90/10,test,learning_rate,2.0000000000000002e-05,2.0000000000000002e-05,3,True,4892,76,362.84899612201843,210,21,189,0.80000000000000004,0.69841269841269837,0.26666666666666666,0.5714285714285714,0.36363636363636365,0.2901294265928297,156,33,9,12,0.85714285714285721,0.41554914968207862,0.39133734256144759
codebert_balanced_ratio_preserved_noise_mcc_selected_true_pr_auc_v1,codebert_class_weight_balanced,codebert,75/25,5,random_flip_10,validation,75/25,valid,learning_rate,2.0000000000000002e-05,2.0000000000000002e-05,5,True,2716,76,219.46453910297714,76,19,57,0.84210526315789469,0.77192982456140347,0.70588235294117652,0.63157894736842102,0.66666666666666663,0.56513291154400369,52,5,7,12,0.76131117266851345,0.7413410706913397,0.73771432126497727
codebert_balanced_ratio_preserved_noise_mcc_selected_true_pr_auc_v1,codebert_class_weight_balanced,codebert,75/25,5,random_flip_10,test,50/50,test,learning_rate,2.0000000000000002e-05,2.0000000000000002e-05,5,True,2716,76,219.46453910297714,42,21,21,0.59523809523809523,0.59523809523809523,0.75,0.2857142857142857,0.41379310344827586,0.24253562503633297,19,2,15,6,0.78798185941043086,0.76759409392923339,0.75897128346714715
codebert_balanced_ratio_preserved_noise_mcc_selected_true_pr_auc_v1,codebert_class_weight_balanced,codebert,75/25,5,random_flip_10,test,60/40,test,learning_rate,2.0000000000000002e-05,2.0000000000000002e-05,5,True,2716,76,219.46453910297714,53,21,32,0.67924528301886788,0.61160714285714279,0.75,0.2857142857142857,0.41379310344827586,0.3049687727964166,30,2,15,6,0.74851190476190466,0.67245007636143872,0.66058201436316866
codebert_balanced_ratio_preserved_noise_mcc_selected_true_pr_auc_v1,codebert_class_weight_balanced,codebert,75/25,5,random_flip_10,test,70/30,test,learning_rate,2.0000000000000002e-05,2.0000000000000002e-05,5,True,2716,76,219.46453910297714,70,21,49,0.75714285714285712,0.62244897959183665,0.75,0.2857142857142857,0.41379310344827586,0.35273781075132921,47,2,15,6,0.76967930029154519,0.58762804890565523,0.56164966187204912
codebert_balanced_ratio_preserved_noise_mcc_selected_true_pr_auc_v1,codebert_class_weight_balanced,codebert,75/25,5,random_flip_10,test,75/25,test,learning_rate,2.0000000000000002e-05,2.0000000000000002e-05,5,True,2716,76,219.46453910297714,84,21,63,0.7857142857142857,0.61904761904761907,0.66666666666666663,0.2857142857142857,0.40000000000000002,0.33333333333333331,60,3,15,6,0.82501889644746784,0.67090590824079044,0.66310397821077505
codebert_balanced_ratio_preserved_noise_mcc_selected_true_pr_auc_v1,codebert_class_weight_balanced,codebert,75/25,5,random_flip_10,test,80/20,test,learning_rate,2.0000000000000002e-05,2.0000000000000002e-05,5,True,2716,76,219.46453910297714,105,21,84,0.77142857142857146,0.5892857142857143,0.40000000000000002,0.2857142857142857,0.33333333333333331,0.20412414523193151,75,9,15,6,0.77862811791383224,0.41912114146370222,0.39441629633624253
codebert_balanced_ratio_preserved_noise_mcc_selected_true_pr_auc_v1,codebert_class_weight_balanced,codebert,75/25,5,random_flip_10,test,90/10,test,learning_rate,2.0000000000000002e-05,2.0000000000000002e-05,5,True,2716,76,219.46453910297714,210,21,189,0.84285714285714286,0.59523809523809523,0.25,0.2857142857142857,0.26666666666666666,0.17960530202677491,171,18,15,6,0.78306878306878303,0.2924485645047108,0.2679354217264675
codebert_balanced_ratio_preserved_noise_mcc_selected_true_pr_auc_v1,codebert_class_weight_balanced,codebert,75/25,5,random_flip_20,validation,75/25,valid,learning_rate,2.0000000000000002e-05,2.0000000000000002e-05,1,True,2716,76,219.54611104901414,76,19,57,0.67105263157894735,0.7807017543859649,0.43181818181818182,1,0.60317460317460314,0.49236596391733095,32,25,0,19,0.86334256694367495,0.6485043203005687,0.63766621757593245
codebert_balanced_ratio_preserved_noise_mcc_selected_true_pr_auc_v1,codebert_class_weight_balanced,codebert,75/25,5,random_flip_20,test,50/50,test,learning_rate,2.0000000000000002e-05,2.0000000000000002e-05,1,True,2716,76,219.54611104901414,42,21,21,0.76190476190476186,0.76190476190476186,0.76190476190476186,0.76190476190476186,0.76190476190476186,0.52380952380952384,16,5,5,16,0.86848072562358281,0.79688158432860667,0.77245231453592822
codebert_balanced_ratio_preserved_noise_mcc_selected_true_pr_auc_v1,codebert_class_weight_balanced,codebert,75/25,5,random_flip_20,test,60/40,test,learning_rate,2.0000000000000002e-05,2.0000000000000002e-05,1,True,2716,76,219.54611104901414,53,21,32,0.69811320754716977,0.70907738095238093,0.59259259259259256,0.76190476190476186,0.66666666666666663,0.40912227655397088,21,11,5,16,0.78422619047619047,0.59218004396997648,0.56698291731544737
codebert_balanced_ratio_preserved_noise_mcc_selected_true_pr_auc_v1,codebert_class_weight_balanced,codebert,75/25,5,random_flip_20,test,70/30,test,learning_rate,2.0000000000000002e-05,2.0000000000000002e-05,1,True,2716,76,219.54611104901414,70,21,49,0.7142857142857143,0.72789115646258495,0.5161290322580645,0.76190476190476186,0.61538461538461542,0.42048644951794706,34,15,5,16,0.81632653061224492,0.62477856232568341,0.59776159512478944
codebert_balanced_ratio_preserved_noise_mcc_selected_true_pr_auc_v1,codebert_class_weight_balanced,codebert,75/25,5,random_flip_20,test,75/25,test,learning_rate,2.0000000000000002e-05,2.0000000000000002e-05,1,True,2716,76,219.54611104901414,84,21,63,0.76190476190476186,0.76190476190476186,0.5161290322580645,0.76190476190476186,0.61538461538461542,0.47003968959987613,48,15,5,16,0.85109599395313684,0.64043586380353168,0.6339159873832434
codebert_balanced_ratio_preserved_noise_mcc_selected_true_pr_auc_v1,codebert_class_weight_balanced,codebert,75/25,5,random_flip_20,test,80/20,test,learning_rate,2.0000000000000002e-05,2.0000000000000002e-05,1,True,2716,76,219.54611104901414,105,21,84,0.59999999999999998,0.6607142857142857,0.30188679245283018,0.76190476190476186,0.43243243243243246,0.25715451974381753,47,37,5,16,0.76729024943310653,0.44762132071499383,0.42070098326440181
codebert_balanced_ratio_preserved_noise_mcc_selected_true_pr_auc_v1,codebert_class_weight_balanced,codebert,75/25,5,random_flip_20,test,90/10,test,learning_rate,2.0000000000000002e-05,2.0000000000000002e-05,1,True,2716,76,219.54611104901414,210,21,189,0.65714285714285714,0.70370370370370372,0.19277108433734941,0.76190476190476186,0.30769230769230771,0.24999341188127569,122,67,5,16,0.79843789367598883,0.24932700765565757,0.23181312142966548
codebert_balanced_ratio_preserved_noise_mcc_selected_true_pr_auc_v1,codebert_class_weight_balanced,codebert,75/25,5,random_fp_10,validation,75/25,valid,learning_rate,2.0000000000000002e-05,2.0000000000000002e-05,3,True,3804,76,301.67699483491015,76,19,57,0.77631578947368418,0.7807017543859649,0.5357142857142857,0.78947368421052633,0.63829787234042556,0.50395263067896967,44,13,4,15,0.86980609418282551,0.67619895758106829,0.6668591145414331
codebert_balanced_ratio_preserved_noise_mcc_selected_true_pr_auc_v1,codebert_class_weight_balanced,codebert,75/25,5,random_fp_10,test,50/50,test,learning_rate,2.0000000000000002e-05,2.0000000000000002e-05,3,True,3804,76,301.67699483491015,42,21,21,0.73809523809523814,0.73809523809523814,0.8125,0.61904761904761907,0.70270270270270274,0.49029033784546011,18,3,8,13,0.86167800453514742,0.81340338721918948,0.80068183772629342
codebert_balanced_ratio_preserved_noise_mcc_selected_true_pr_auc_v1,codebert_class_weight_balanced,codebert,75/25,5,random_fp_10,test,60/40,test,learning_rate,2.0000000000000002e-05,2.0000000000000002e-05,3,True,3804,76,301.67699483491015,53,21,32,0.71698113207547165,0.70014880952380953,0.65000000000000002,0.61904761904761907,0.63414634146341464,0.40392029577517563,25,7,8,13,0.8035714285714286,0.71515165306052375,0.70082861005606256
codebert_balanced_ratio_preserved_noise_mcc_selected_true_pr_auc_v1,codebert_class_weight_balanced,codebert,75/25,5,random_fp_10,test,70/30,test,learning_rate,2.0000000000000002e-05,2.0000000000000002e-05,3,True,3804,76,301.67699483491015,70,21,49,0.74285714285714288,0.70748299319727892,0.56521739130434778,0.61904761904761907,0.59090909090909094,0.40486230250233168,39,10,8,13,0.82798833819241979,0.7442773130171193,0.73975203474331153
codebert_balanced_ratio_preserved_noise_mcc_selected_true_pr_auc_v1,codebert_class_weight_balanced,codebert,75/25,5,random_fp_10,test,75/25,test,learning_rate,2.0000000000000002e-05,2.0000000000000002e-05,3,True,3804,76,301.67699483491015,84,21,63,0.8571428571428571,0.77777777777777779,0.76470588235294112,0.61904761904761907,0.68421052631578949,0.59875003933115822,59,4,8,13,0.86621315192743764,0.72395785643384003,0.71596379444668434
codebert_balanced_ratio_preserved_noise_mcc_selected_true_pr_auc_v1,codebert_class_weight_balanced,codebert,75/25,5,random_fp_10,test,80/20,test,learning_rate,2.0000000000000002e-05,2.0000000000000002e-05,3,True,3804,76,301.67699483491015,105,21,84,0.80952380952380953,0.73809523809523814,0.52000000000000002,0.61904761904761907,0.56521739130434778,0.44721359549995793,72,12,8,13,0.80243764172335597,0.51422077200127192,0.49862641680157865
codebert_balanced_ratio_preserved_noise_mcc_selected_true_pr_auc_v1,codebert_class_weight_balanced,codebert,75/25,5,random_fp_10,test,90/10,test,learning_rate,2.0000000000000002e-05,2.0000000000000002e-05,3,True,3804,76,301.67699483491015,210,21,189,0.81428571428571428,0.72751322751322745,0.29545454545454547,0.61904761904761907,0.40000000000000002,0.33542607032731808,158,31,8,13,0.82779037540942302,0.40155809442880691,0.38551230398271435
codebert_balanced_ratio_preserved_noise_mcc_selected_true_pr_auc_v1,codebert_class_weight_balanced,codebert,75/25,5,random_fp_20,validation,75/25,valid,learning_rate,2.0000000000000002e-05,2.0000000000000002e-05,1,True,4892,76,359.47851475304924,76,19,57,0.82894736842105265,0.76315789473684204,0.66666666666666663,0.63157894736842102,0.64864864864864868,0.53605626741889734,51,6,7,12,0.90120036934441361,0.70604286060412846,0.6934815889458612
codebert_balanced_ratio_preserved_noise_mcc_selected_true_pr_auc_v1,codebert_class_weight_balanced,codebert,75/25,5,random_fp_20,test,50/50,test,learning_rate,2.0000000000000002e-05,2.0000000000000002e-05,1,True,4892,76,359.47851475304924,42,21,21,0.73809523809523814,0.73809523809523814,0.8571428571428571,0.5714285714285714,0.68571428571428572,0.50507627227610541,19,2,9,12,0.87528344671201808,0.81994888160965118,0.80095512965818538
codebert_balanced_ratio_preserved_noise_mcc_selected_true_pr_auc_v1,codebert_class_weight_balanced,codebert,75/25,5,random_fp_20,test,60/40,test,learning_rate,2.0000000000000002e-05,2.0000000000000002e-05,1,True,4892,76,359.47851475304924,53,21,32,0.77358490566037741,0.7388392857142857,0.80000000000000004,0.5714285714285714,0.66666666666666663,0.51866025358284062,29,3,9,12,0.84077380952380953,0.74875254071852071,0.72992771735409523
codebert_balanced_ratio_preserved_noise_mcc_selected_true_pr_auc_v1,codebert_class_weight_balanced,codebert,75/25,5,random_fp_20,test,70/30,test,learning_rate,2.0000000000000002e-05,2.0000000000000002e-05,1,True,4892,76,359.47851475304924,70,21,49,0.7857142857142857,0.72448979591836737,0.66666666666666663,0.5714285714285714,0.61538461538461542,0.47075654176200421,43,6,9,12,0.82750242954324582,0.66294092325079323,0.64212435830290682
codebert_balanced_ratio_preserved_noise_mcc_selected_true_pr_auc_v1,codebert_class_weight_balanced,codebert,75/25,5,random_fp_20,test,75/25,test,learning_rate,2.0000000000000002e-05,2.0000000000000002e-05,1,True,4892,76,359.47851475304924,84,21,63,0.8214285714285714,0.73809523809523814,0.66666666666666663,0.5714285714285714,0.61538461538461542,0.50251890762960605,57,6,9,12,0.86356764928193497,0.62946386074345329,0.6065644202723568
codebert_balanced_ratio_preserved_noise_mcc_selected_true_pr_auc_v1,codebert_class_weight_balanced,codebert,75/25,5,random_fp_20,test,80/20,test,learning_rate,2.0000000000000002e-05,2.0000000000000002e-05,1,True,4892,76,359.47851475304924,105,21,84,0.80000000000000004,0.71428571428571419,0.5,0.5714285714285714,0.53333333333333333,0.40824829046386302,72,12,9,12,0.79421768707482998,0.45626925503681626,0.42129624810303623
codebert_balanced_ratio_preserved_noise_mcc_selected_true_pr_auc_v1,codebert_class_weight_balanced,codebert,75/25,5,random_fp_20,test,90/10,test,learning_rate,2.0000000000000002e-05,2.0000000000000002e-05,1,True,4892,76,359.47851475304924,210,21,189,0.83333333333333337,0.71693121693121697,0.31578947368421051,0.5714285714285714,0.40677966101694918,0.33809330893011719,163,26,9,12,0.81481481481481488,0.25995834470332307,0.23900644874667054
codebert_balanced_ratio_preserved_noise_mcc_selected_true_pr_auc_v1,codebert_class_weight_balanced,codebert,80/20,1,clean,validation,80/20,valid,learning_rate,2.0000000000000002e-05,2.0000000000000002e-05,4,True,3395,95,255.84133831702638,95,19,76,0.86315789473684212,0.69736842105263164,0.80000000000000004,0.42105263157894735,0.55172413793103448,0.51449575542752646,74,2,11,8,0.84833795013850422,0.60762026287440851,0.56011609473444779
codebert_balanced_ratio_preserved_noise_mcc_selected_true_pr_auc_v1,codebert_class_weight_balanced,codebert,80/20,1,clean,test,50/50,test,learning_rate,2.0000000000000002e-05,2.0000000000000002e-05,4,True,3395,95,255.84133831702638,42,21,21,0.69047619047619047,0.69047619047619047,1,0.38095238095238093,0.55172413793103448,0.48507125007266594,21,0,13,8,0.865079365079365,0.88291404642945259,0.88066767262206302
codebert_balanced_ratio_preserved_noise_mcc_selected_true_pr_auc_v1,codebert_class_weight_balanced,codebert,80/20,1,clean,test,60/40,test,learning_rate,2.0000000000000002e-05,2.0000000000000002e-05,4,True,3395,95,255.84133831702638,53,21,32,0.73584905660377353,0.67485119047619047,0.88888888888888884,0.38095238095238093,0.53333333333333333,0.45554956134091801,31,1,13,8,0.80803571428571441,0.75264400314986335,0.74382377784827514
codebert_balanced_ratio_preserved_noise_mcc_selected_true_pr_auc_v1,codebert_class_weight_balanced,codebert,80/20,1,clean,test,70/30,test,learning_rate,2.0000000000000002e-05,2.0000000000000002e-05,4,True,3395,95,255.84133831702638,70,21,49,0.7857142857142857,0.67006802721088432,0.80000000000000004,0.38095238095238093,0.5161290322580645,0.44543540318737396,47,2,13,8,0.86734693877551028,0.78973998021535663,0.78527975685008111
codebert_balanced_ratio_preserved_noise_mcc_selected_true_pr_auc_v1,codebert_class_weight_balanced,codebert,80/20,1,clean,test,75/25,test,learning_rate,2.0000000000000002e-05,2.0000000000000002e-05,4,True,3395,95,255.84133831702638,84,21,63,0.8214285714285714,0.67460317460317465,0.80000000000000004,0.38095238095238093,0.5161290322580645,0.46692399597580975,61,2,13,8,0.8949357520786092,0.79379265518418562,0.78961939307808016
codebert_balanced_ratio_preserved_noise_mcc_selected_true_pr_auc_v1,codebert_class_weight_balanced,codebert,80/20,1,clean,test,80/20,test,learning_rate,2.0000000000000002e-05,2.0000000000000002e-05,4,True,3395,95,255.84133831702638,105,21,84,0.84761904761904761,0.67261904761904767,0.72727272727272729,0.38095238095238093,0.5,0.45092854983906411,81,3,13,8,0.84098639455782309,0.63639737501660765,0.62790459507217089
codebert_balanced_ratio_preserved_noise_mcc_selected_true_pr_auc_v1,codebert_class_weight_balanced,codebert,80/20,1,clean,test,90/10,test,learning_rate,2.0000000000000002e-05,2.0000000000000002e-05,4,True,3395,95,255.84133831702638,210,21,189,0.90476190476190477,0.67195767195767186,0.53333333333333333,0.38095238095238093,0.44444444444444442,0.40061680838488767,182,7,13,8,0.85537918871252205,0.52089960573315308,0.51379703847027658
codebert_balanced_ratio_preserved_noise_mcc_selected_true_pr_auc_v1,codebert_class_weight_balanced,codebert,80/20,1,heuristic_fp_10,validation,80/20,valid,learning_rate,2.0000000000000002e-05,2.0000000000000002e-05,2,True,5095,95,379.28730688802898,95,19,76,0.72631578947368425,0.78947368421052633,0.41463414634146339,0.89473684210526316,0.56666666666666665,0.46755625624644809,52,24,2,17,0.85076177285318555,0.56164314369769519,0.5413459936676146
codebert_balanced_ratio_preserved_noise_mcc_selected_true_pr_auc_v1,codebert_class_weight_balanced,codebert,80/20,1,heuristic_fp_10,test,50/50,test,learning_rate,2.0000000000000002e-05,2.0000000000000002e-05,2,True,5095,95,379.28730688802898,42,21,21,0.83333333333333337,0.83333333333333326,0.84999999999999998,0.80952380952380953,0.82926829268292679,0.66742381247191462,18,3,4,17,0.88435374149659862,0.90895793615091869,0.90705936777385576
codebert_balanced_ratio_preserved_noise_mcc_selected_true_pr_auc_v1,codebert_class_weight_balanced,codebert,80/20,1,heuristic_fp_10,test,60/40,test,learning_rate,2.0000000000000002e-05,2.0000000000000002e-05,2,True,5095,95,379.28730688802898,53,21,32,0.83018867924528306,0.82663690476190477,0.77272727272727271,0.80952380952380953,0.79069767441860461,0.64846672574637432,27,5,4,17,0.88244047619047616,0.83959158122415523,0.8433408135666367
codebert_balanced_ratio_preserved_noise_mcc_selected_true_pr_auc_v1,codebert_class_weight_balanced,codebert,80/20,1,heuristic_fp_10,test,70/30,test,learning_rate,2.0000000000000002e-05,2.0000000000000002e-05,2,True,5095,95,379.28730688802898,70,21,49,0.84285714285714286,0.83333333333333326,0.70833333333333337,0.80952380952380953,0.75555555555555554,0.64362349842859889,42,7,4,17,0.89698736637512144,0.79377893462765969,0.78891088694027423
codebert_balanced_ratio_preserved_noise_mcc_selected_true_pr_auc_v1,codebert_class_weight_balanced,codebert,80/20,1,heuristic_fp_10,test,75/25,test,learning_rate,2.0000000000000002e-05,2.0000000000000002e-05,2,True,5095,95,379.28730688802898,84,21,63,0.80952380952380953,0.80952380952380953,0.58620689655172409,0.80952380952380953,0.68000000000000005,0.56379813635555209,51,12,4,17,0.9210128495842782,0.8407310470043835,0.83925140083364902
codebert_balanced_ratio_preserved_noise_mcc_selected_true_pr_auc_v1,codebert_class_weight_balanced,codebert,80/20,1,heuristic_fp_10,test,80/20,test,learning_rate,2.0000000000000002e-05,2.0000000000000002e-05,2,True,5095,95,379.28730688802898,105,21,84,0.77142857142857146,0.7857142857142857,0.45945945945945948,0.80952380952380953,0.58620689655172409,0.47847133369734002,64,20,4,17,0.88180272108843538,0.69130125112481411,0.68485965240583424
codebert_balanced_ratio_preserved_noise_mcc_selected_true_pr_auc_v1,codebert_class_weight_balanced,codebert,80/20,1,heuristic_fp_10,test,90/10,test,learning_rate,2.0000000000000002e-05,2.0000000000000002e-05,2,True,5095,95,379.28730688802898,210,21,189,0.80000000000000004,0.80423280423280419,0.30909090909090908,0.80952380952380953,0.44736842105263158,0.41517327682330979,151,38,4,17,0.87679516250944833,0.50905935264456981,0.51276356093694264
codebert_balanced_ratio_preserved_noise_mcc_selected_true_pr_auc_v1,codebert_class_weight_balanced,codebert,80/20,1,heuristic_fp_20,validation,80/20,valid,learning_rate,2.0000000000000002e-05,2.0000000000000002e-05,2,True,6790,95,498.09580061398447,95,19,76,0.65263157894736845,0.76315789473684204,0.35999999999999999,0.94736842105263153,0.52173913043478259,0.4216370213557839,44,32,1,18,0.81925207756232687,0.57438366084065695,0.5695105779022207
codebert_balanced_ratio_preserved_noise_mcc_selected_true_pr_auc_v1,codebert_class_weight_balanced,codebert,80/20,1,heuristic_fp_20,test,50/50,test,learning_rate,2.0000000000000002e-05,2.0000000000000002e-05,2,True,6790,95,498.09580061398447,42,21,21,0.76190476190476186,0.76190476190476186,0.71999999999999997,0.8571428571428571,0.78260869565217395,0.53357837507993255,14,7,3,18,0.84693877551020402,0.81446722770003821,0.81558662282345318
codebert_balanced_ratio_preserved_noise_mcc_selected_true_pr_auc_v1,codebert_class_weight_balanced,codebert,80/20,1,heuristic_fp_20,test,60/40,test,learning_rate,2.0000000000000002e-05,2.0000000000000002e-05,2,True,6790,95,498.09580061398447,53,21,32,0.79245283018867929,0.8035714285714286,0.69230769230769229,0.8571428571428571,0.76595744680851063,0.59402807414242031,24,8,3,18,0.90104166666666663,0.79008429772896094,0.78875963165092955
codebert_balanced_ratio_preserved_noise_mcc_selected_true_pr_auc_v1,codebert_class_weight_balanced,codebert,80/20,1,heuristic_fp_20,test,70/30,test,learning_rate,2.0000000000000002e-05,2.0000000000000002e-05,2,True,6790,95,498.09580061398447,70,21,49,0.7857142857142857,0.80612244897959173,0.59999999999999998,0.8571428571428571,0.70588235294117652,0.56694670951384085,37,12,3,18,0.88872691933916415,0.70428479007603451,0.67942704764090189
codebert_balanced_ratio_preserved_noise_mcc_selected_true_pr_auc_v1,codebert_class_weight_balanced,codebert,80/20,1,heuristic_fp_20,test,75/25,test,learning_rate,2.0000000000000002e-05,2.0000000000000002e-05,2,True,6790,95,498.09580061398447,84,21,63,0.79761904761904767,0.81746031746031744,0.5625,0.8571428571428571,0.67924528301886788,0.56613851707229779,49,14,3,18,0.90891912320483748,0.77260754531243236,0.76983719851356791
codebert_balanced_ratio_preserved_noise_mcc_selected_true_pr_auc_v1,codebert_class_weight_balanced,codebert,80/20,1,heuristic_fp_20,test,80/20,test,learning_rate,2.0000000000000002e-05,2.0000000000000002e-05,2,True,6790,95,498.09580061398447,105,21,84,0.70476190476190481,0.76190476190476186,0.39130434782608697,0.8571428571428571,0.53731343283582089,0.42229676950314565,56,28,3,18,0.82199546485260766,0.40871359657675904,0.3924504450963649
codebert_balanced_ratio_preserved_noise_mcc_selected_true_pr_auc_v1,codebert_class_weight_balanced,codebert,80/20,1,heuristic_fp_20,test,90/10,test,learning_rate,2.0000000000000002e-05,2.0000000000000002e-05,2,True,6790,95,498.09580061398447,210,21,189,0.74761904761904763,0.79629629629629628,0.26470588235294118,0.8571428571428571,0.4044943820224719,0.37992523380620924,139,50,3,18,0.86457545981355499,0.30616012036214246,0.29192018036709072
codebert_balanced_ratio_preserved_noise_mcc_selected_true_pr_auc_v1,codebert_class_weight_balanced,codebert,80/20,1,random_flip_10,validation,80/20,valid,learning_rate,2.0000000000000002e-05,2.0000000000000002e-05,2,True,3395,95,253.42203801102005,95,19,76,0.82105263157894737,0.80921052631578949,0.5357142857142857,0.78947368421052633,0.63829787234042556,0.54256458843404187,63,13,4,15,0.84279778393351801,0.43129746442174266,0.40790236413261705
codebert_balanced_ratio_preserved_noise_mcc_selected_true_pr_auc_v1,codebert_class_weight_balanced,codebert,80/20,1,random_flip_10,test,50/50,test,learning_rate,2.0000000000000002e-05,2.0000000000000002e-05,2,True,3395,95,253.42203801102005,42,21,21,0.73809523809523814,0.73809523809523814,0.8125,0.61904761904761907,0.70270270270270274,0.49029033784546011,18,3,8,13,0.85034013605442182,0.87335224740025508,0.87048810206104399
codebert_balanced_ratio_preserved_noise_mcc_selected_true_pr_auc_v1,codebert_class_weight_balanced,codebert,80/20,1,random_flip_10,test,60/40,test,learning_rate,2.0000000000000002e-05,2.0000000000000002e-05,2,True,3395,95,253.42203801102005,53,21,32,0.77358490566037741,0.74702380952380953,0.76470588235294112,0.61904761904761907,0.68421052631578949,0.51769948875754113,28,4,8,13,0.80952380952380953,0.76476599575339077,0.75841598000060251
codebert_balanced_ratio_preserved_noise_mcc_selected_true_pr_auc_v1,codebert_class_weight_balanced,codebert,80/20,1,random_flip_10,test,70/30,test,learning_rate,2.0000000000000002e-05,2.0000000000000002e-05,2,True,3395,95,253.42203801102005,70,21,49,0.7857142857142857,0.73809523809523814,0.65000000000000002,0.61904761904761907,0.63414634146341464,0.483045891539648,42,7,8,13,0.86783284742468425,0.77697444352182155,0.7719023473707689
codebert_balanced_ratio_preserved_noise_mcc_selected_true_pr_auc_v1,codebert_class_weight_balanced,codebert,80/20,1,random_flip_10,test,75/25,test,learning_rate,2.0000000000000002e-05,2.0000000000000002e-05,2,True,3395,95,253.42203801102005,84,21,63,0.84523809523809523,0.76984126984126977,0.72222222222222221,0.61904761904761907,0.66666666666666663,0.56952142864688693,58,5,8,13,0.88888888888888884,0.77874773716936674,0.77431502945204422
codebert_balanced_ratio_preserved_noise_mcc_selected_true_pr_auc_v1,codebert_class_weight_balanced,codebert,80/20,1,random_flip_10,test,80/20,test,learning_rate,2.0000000000000002e-05,2.0000000000000002e-05,2,True,3395,95,253.42203801102005,105,21,84,0.80000000000000004,0.73214285714285721,0.5,0.61904761904761907,0.55319148936170215,0.43026338709967066,71,13,8,13,0.81916099773242634,0.58761963717118215,0.57963738361717265
codebert_balanced_ratio_preserved_noise_mcc_selected_true_pr_auc_v1,codebert_class_weight_balanced,codebert,80/20,1,random_flip_10,test,90/10,test,learning_rate,2.0000000000000002e-05,2.0000000000000002e-05,2,True,3395,95,253.42203801102005,210,21,189,0.84285714285714286,0.74338624338624337,0.34210526315789475,0.61904761904761907,0.44067796610169491,0.3793242002630583,164,25,8,13,0.84240362811791381,0.45514450321363947,0.45127933328247333
codebert_balanced_ratio_preserved_noise_mcc_selected_true_pr_auc_v1,codebert_class_weight_balanced,codebert,80/20,1,random_flip_20,validation,80/20,valid,learning_rate,2.0000000000000002e-05,2.0000000000000002e-05,2,True,3395,95,256.03901711094659,95,19,76,0.84210526315789469,0.82236842105263164,0.57692307692307687,0.78947368421052633,0.66666666666666663,0.57843540169610996,65,11,4,15,0.86703601108033235,0.67053742917616366,0.66222557298505169
codebert_balanced_ratio_preserved_noise_mcc_selected_true_pr_auc_v1,codebert_class_weight_balanced,codebert,80/20,1,random_flip_20,test,50/50,test,learning_rate,2.0000000000000002e-05,2.0000000000000002e-05,2,True,3395,95,256.03901711094659,42,21,21,0.7142857142857143,0.7142857142857143,0.84615384615384615,0.52380952380952384,0.6470588235294118,0.4635235823621443,19,2,10,11,0.83219954648526073,0.86177663328325327,0.85852919694667751
codebert_balanced_ratio_preserved_noise_mcc_selected_true_pr_auc_v1,codebert_class_weight_balanced,codebert,80/20,1,random_flip_20,test,60/40,test,learning_rate,2.0000000000000002e-05,2.0000000000000002e-05,2,True,3395,95,256.03901711094659,53,21,32,0.75471698113207553,0.71502976190476186,0.7857142857142857,0.52380952380952384,0.62857142857142856,0.47710820449134289,29,3,10,11,0.78869047619047616,0.70055812793908023,0.67481098975553644
codebert_balanced_ratio_preserved_noise_mcc_selected_true_pr_auc_v1,codebert_class_weight_balanced,codebert,80/20,1,random_flip_20,test,70/30,test,learning_rate,2.0000000000000002e-05,2.0000000000000002e-05,2,True,3395,95,256.03901711094659,70,21,49,0.7857142857142857,0.71088435374149661,0.6875,0.52380952380952384,0.59459459459459463,0.46028324996028647,44,5,10,11,0.77551020408163263,0.61118474255432553,0.58401805651703009
codebert_balanced_ratio_preserved_noise_mcc_selected_true_pr_auc_v1,codebert_class_weight_balanced,codebert,80/20,1,random_flip_20,test,75/25,test,learning_rate,2.0000000000000002e-05,2.0000000000000002e-05,2,True,3395,95,256.03901711094659,84,21,63,0.7857142857142857,0.69841269841269837,0.57894736842105265,0.52380952380952384,0.55000000000000004,0.4107200484084535,55,8,10,11,0.80120937263794401,0.68047623076308716,0.67457105307168486
codebert_balanced_ratio_preserved_noise_mcc_selected_true_pr_auc_v1,codebert_class_weight_balanced,codebert,80/20,1,random_flip_20,test,80/20,test,learning_rate,2.0000000000000002e-05,2.0000000000000002e-05,2,True,3395,95,256.03901711094659,105,21,84,0.75238095238095237,0.66666666666666674,0.40740740740740738,0.52380952380952384,0.45833333333333331,0.30506954354828625,68,16,10,11,0.74829931972789121,0.4081126402696339,0.37884969901546339
codebert_balanced_ratio_preserved_noise_mcc_selected_true_pr_auc_v1,codebert_class_weight_balanced,codebert,80/20,1,random_flip_20,test,90/10,test,learning_rate,2.0000000000000002e-05,2.0000000000000002e-05,2,True,3395,95,256.03901711094659,210,21,189,0.80952380952380953,0.68253968253968256,0.26829268292682928,0.52380952380952384,0.35483870967741937,0.2763074248798415,159,30,10,11,0.76908541194255475,0.31770786562795722,0.29387756637928786
codebert_balanced_ratio_preserved_noise_mcc_selected_true_pr_auc_v1,codebert_class_weight_balanced,codebert,80/20,1,random_fp_10,validation,80/20,valid,learning_rate,2.0000000000000002e-05,2.0000000000000002e-05,3,True,5095,95,375.20820177695714,95,19,76,0.84210526315789469,0.80263157894736836,0.58333333333333337,0.73684210526315785,0.65116279069767447,0.55717682057823559,66,10,5,14,0.85387811634349031,0.60166455287984122,0.56970589321365861
codebert_balanced_ratio_preserved_noise_mcc_selected_true_pr_auc_v1,codebert_class_weight_balanced,codebert,80/20,1,random_fp_10,test,50/50,test,learning_rate,2.0000000000000002e-05,2.0000000000000002e-05,3,True,5095,95,375.20820177695714,42,21,21,0.7857142857142857,0.7857142857142857,0.9285714285714286,0.61904761904761907,0.74285714285714288,0.60609152673132649,20,1,8,13,0.84920634920634919,0.87434449954543281,0.87134895150617786
codebert_balanced_ratio_preserved_noise_mcc_selected_true_pr_auc_v1,codebert_class_weight_balanced,codebert,80/20,1,random_fp_10,test,60/40,test,learning_rate,2.0000000000000002e-05,2.0000000000000002e-05,3,True,5095,95,375.20820177695714,53,21,32,0.79245283018867929,0.76264880952380953,0.8125,0.61904761904761907,0.70270270270270274,0.5596663755294996,29,3,8,13,0.79092261904761907,0.76478403526540184,0.75801465223539433
codebert_balanced_ratio_preserved_noise_mcc_selected_true_pr_auc_v1,codebert_class_weight_balanced,codebert,80/20,1,random_fp_10,test,70/30,test,learning_rate,2.0000000000000002e-05,2.0000000000000002e-05,3,True,5095,95,375.20820177695714,70,21,49,0.82857142857142863,0.76870748299319724,0.76470588235294112,0.61904761904761907,0.68421052631578949,0.57432146538799334,45,4,8,13,0.82701652089407185,0.67209765102622254,0.64528856591227179
codebert_balanced_ratio_preserved_noise_mcc_selected_true_pr_auc_v1,codebert_class_weight_balanced,codebert,80/20,1,random_fp_10,test,75/25,test,learning_rate,2.0000000000000002e-05,2.0000000000000002e-05,3,True,5095,95,375.20820177695714,84,21,63,0.8571428571428571,0.77777777777777779,0.76470588235294112,0.61904761904761907,0.68421052631578949,0.59875003933115822,59,4,8,13,0.88133030990173844,0.76887653524299515,0.76338663103292537
codebert_balanced_ratio_preserved_noise_mcc_selected_true_pr_auc_v1,codebert_class_weight_balanced,codebert,80/20,1,random_fp_10,test,80/20,test,learning_rate,2.0000000000000002e-05,2.0000000000000002e-05,3,True,5095,95,375.20820177695714,105,21,84,0.82857142857142863,0.75,0.56521739130434778,0.61904761904761907,0.59090909090909094,0.48355786401142919,74,10,8,13,0.80328798185941042,0.44462740292805225,0.42260520541434504
codebert_balanced_ratio_preserved_noise_mcc_selected_true_pr_auc_v1,codebert_class_weight_balanced,codebert,80/20,1,random_fp_10,test,90/10,test,learning_rate,2.0000000000000002e-05,2.0000000000000002e-05,3,True,5095,95,375.20820177695714,210,21,189,0.8571428571428571,0.75132275132275139,0.37142857142857144,0.61904761904761907,0.4642857142857143,0.40462182449996198,167,22,8,13,0.81695641219450743,0.38982527094701847,0.36744433654004532
codebert_balanced_ratio_preserved_noise_mcc_selected_true_pr_auc_v1,codebert_class_weight_balanced,codebert,80/20,1,random_fp_20,validation,80/20,valid,learning_rate,2.0000000000000002e-05,2.0000000000000002e-05,3,True,6790,95,488.60754857410211,95,19,76,0.86315789473684212,0.79605263157894735,0.65000000000000002,0.68421052631578949,0.66666666666666663,0.58094750193111244,69,7,6,13,0.85907202216066481,0.65759321517835456,0.64598171029439899
codebert_balanced_ratio_preserved_noise_mcc_selected_true_pr_auc_v1,codebert_class_weight_balanced,codebert,80/20,1,random_fp_20,test,50/50,test,learning_rate,2.0000000000000002e-05,2.0000000000000002e-05,3,True,6790,95,488.60754857410211,42,21,21,0.7142857142857143,0.7142857142857143,1,0.42857142857142855,0.59999999999999998,0.5222329678670935,21,0,12,9,0.891156462585034,0.91894998740236833,0.91736680795916348
codebert_balanced_ratio_preserved_noise_mcc_selected_true_pr_auc_v1,codebert_class_weight_balanced,codebert,80/20,1,random_fp_20,test,60/40,test,learning_rate,2.0000000000000002e-05,2.0000000000000002e-05,3,True,6790,95,488.60754857410211,53,21,32,0.71698113207547165,0.6674107142857143,0.75,0.42857142857142855,0.54545454545454541,0.39130493959203855,29,3,12,9,0.80282738095238093,0.75466719094341705,0.74809047318347366
codebert_balanced_ratio_preserved_noise_mcc_selected_true_pr_auc_v1,codebert_class_weight_balanced,codebert,80/20,1,random_fp_20,test,70/30,test,learning_rate,2.0000000000000002e-05,2.0000000000000002e-05,3,True,6790,95,488.60754857410211,70,21,49,0.80000000000000004,0.69387755102040816,0.81818181818181823,0.42857142857142855,0.5625,0.48825068347535738,47,2,12,9,0.8620019436345967,0.7633166150587507,0.75678403948782336
codebert_balanced_ratio_preserved_noise_mcc_selected_true_pr_auc_v1,codebert_class_weight_balanced,codebert,80/20,1,random_fp_20,test,75/25,test,learning_rate,2.0000000000000002e-05,2.0000000000000002e-05,3,True,6790,95,488.60754857410211,84,21,63,0.83333333333333337,0.69841269841269837,0.81818181818181823,0.42857142857142855,0.5625,0.50935621385670504,61,2,12,9,0.88133030990173844,0.75220999804334543,0.74562454555431645
codebert_balanced_ratio_preserved_noise_mcc_selected_true_pr_auc_v1,codebert_class_weight_balanced,codebert,80/20,1,random_fp_20,test,80/20,test,learning_rate,2.0000000000000002e-05,2.0000000000000002e-05,3,True,6790,95,488.60754857410211,105,21,84,0.83809523809523812,0.68452380952380953,0.6428571428571429,0.42857142857142855,0.51428571428571423,0.43425715637740747,79,5,12,9,0.84920634920634919,0.57556228771717688,0.54926945480184619
codebert_balanced_ratio_preserved_noise_mcc_selected_true_pr_auc_v1,codebert_class_weight_balanced,codebert,80/20,1,random_fp_20,test,90/10,test,learning_rate,2.0000000000000002e-05,2.0000000000000002e-05,3,True,6790,95,488.60754857410211,210,21,189,0.88571428571428568,0.68253968253968256,0.42857142857142855,0.42857142857142855,0.42857142857142855,0.36507936507936506,177,12,12,9,0.84555303602922649,0.46664824926408449,0.45791682435364972
codebert_balanced_ratio_preserved_noise_mcc_selected_true_pr_auc_v1,codebert_class_weight_balanced,codebert,80/20,2,clean,validation,80/20,valid,learning_rate,2.0000000000000002e-05,2.0000000000000002e-05,5,True,3395,95,255.25395488098729,95,19,76,0.88421052631578945,0.75,0.83333333333333337,0.52631578947368418,0.64516129032258063,0.60203803799825406,74,2,9,10,0.91412742382271472,0.71107450671162598,0.69509487492760558
codebert_balanced_ratio_preserved_noise_mcc_selected_true_pr_auc_v1,codebert_class_weight_balanced,codebert,80/20,2,clean,test,50/50,test,learning_rate,2.0000000000000002e-05,2.0000000000000002e-05,5,True,3395,95,255.25395488098729,42,21,21,0.6428571428571429,0.64285714285714279,0.80000000000000004,0.38095238095238093,0.5161290322580645,0.33541019662496846,19,2,13,8,0.79591836734693877,0.80576782680703274,0.79973387230704684
codebert_balanced_ratio_preserved_noise_mcc_selected_true_pr_auc_v1,codebert_class_weight_balanced,codebert,80/20,2,clean,test,60/40,test,learning_rate,2.0000000000000002e-05,2.0000000000000002e-05,5,True,3395,95,255.25395488098729,53,21,32,0.71698113207547165,0.65922619047619047,0.80000000000000004,0.38095238095238093,0.5161290322580645,0.39810250381496354,30,2,13,8,0.82961309523809523,0.77584175592120141,0.76982382701394259
codebert_balanced_ratio_preserved_noise_mcc_selected_true_pr_auc_v1,codebert_class_weight_balanced,codebert,80/20,2,clean,test,70/30,test,learning_rate,2.0000000000000002e-05,2.0000000000000002e-05,5,True,3395,95,255.25395488098729,70,21,49,0.75714285714285712,0.64965986394557818,0.66666666666666663,0.38095238095238093,0.48484848484848486,0.36394722245600775,45,4,13,8,0.82604470359572391,0.60342283971708144,0.57443940492077716
codebert_balanced_ratio_preserved_noise_mcc_selected_true_pr_auc_v1,codebert_class_weight_balanced,codebert,80/20,2,clean,test,75/25,test,learning_rate,2.0000000000000002e-05,2.0000000000000002e-05,5,True,3395,95,255.25395488098729,84,21,63,0.7857142857142857,0.6507936507936507,0.61538461538461542,0.38095238095238093,0.47058823529411764,0.36107059620301118,58,5,13,8,0.78420256991685555,0.55958101144191374,0.53328736053473558
codebert_balanced_ratio_preserved_noise_mcc_selected_true_pr_auc_v1,codebert_class_weight_balanced,codebert,80/20,2,clean,test,80/20,test,learning_rate,2.0000000000000002e-05,2.0000000000000002e-05,5,True,3395,95,255.25395488098729,105,21,84,0.8571428571428571,0.6785714285714286,0.80000000000000004,0.38095238095238093,0.5161290322580645,0.48666426339228763,82,2,13,8,0.8506235827664399,0.65594061776777135,0.64926167682534275
codebert_balanced_ratio_preserved_noise_mcc_selected_true_pr_auc_v1,codebert_class_weight_balanced,codebert,80/20,2,clean,test,90/10,test,learning_rate,2.0000000000000002e-05,2.0000000000000002e-05,5,True,3395,95,255.25395488098729,210,21,189,0.87142857142857144,0.65343915343915349,0.36363636363636365,0.38095238095238093,0.37209302325581395,0.30061903322604272,175,14,13,8,0.81733434114386505,0.34529202184912589,0.31813338012939513
codebert_balanced_ratio_preserved_noise_mcc_selected_true_pr_auc_v1,codebert_class_weight_balanced,codebert,80/20,2,heuristic_fp_10,validation,80/20,valid,learning_rate,2.0000000000000002e-05,2.0000000000000002e-05,3,True,5095,95,378.69604749104474,95,19,76,0.80000000000000004,0.81578947368421051,0.5,0.84210526315789469,0.62745098039215685,0.53452248382484879,60,16,3,16,0.89369806094182824,0.71921314677111892,0.71251599060890891
codebert_balanced_ratio_preserved_noise_mcc_selected_true_pr_auc_v1,codebert_class_weight_balanced,codebert,80/20,2,heuristic_fp_10,test,50/50,test,learning_rate,2.0000000000000002e-05,2.0000000000000002e-05,3,True,5095,95,378.69604749104474,42,21,21,0.7857142857142857,0.7857142857142857,0.77272727272727271,0.80952380952380953,0.79069767441860461,0.57207755354735534,16,5,4,17,0.8537414965986394,0.78962626860320262,0.75859844750461625
codebert_balanced_ratio_preserved_noise_mcc_selected_true_pr_auc_v1,codebert_class_weight_balanced,codebert,80/20,2,heuristic_fp_10,test,60/40,test,learning_rate,2.0000000000000002e-05,2.0000000000000002e-05,3,True,5095,95,378.69604749104474,53,21,32,0.77358490566037741,0.77976190476190477,0.68000000000000005,0.80952380952380953,0.73913043478260865,0.54821913290861601,24,8,4,17,0.85788690476190477,0.72369758149475993,0.69109264420691974
codebert_balanced_ratio_preserved_noise_mcc_selected_true_pr_auc_v1,codebert_class_weight_balanced,codebert,80/20,2,heuristic_fp_10,test,70/30,test,learning_rate,2.0000000000000002e-05,2.0000000000000002e-05,3,True,5095,95,378.69604749104474,70,21,49,0.80000000000000004,0.80272108843537415,0.62962962962962965,0.80952380952380953,0.70833333333333337,0.56998607972974347,39,10,4,17,0.86540330417881439,0.64477429818697718,0.60921347946012128
codebert_balanced_ratio_preserved_noise_mcc_selected_true_pr_auc_v1,codebert_class_weight_balanced,codebert,80/20,2,heuristic_fp_10,test,75/25,test,learning_rate,2.0000000000000002e-05,2.0000000000000002e-05,3,True,5095,95,378.69604749104474,84,21,63,0.73809523809523814,0.76190476190476186,0.48571428571428571,0.80952380952380953,0.6071428571428571,0.46006717724716562,45,18,4,17,0.84051398337112615,0.58742754966142996,0.5784752413574995
codebert_balanced_ratio_preserved_noise_mcc_selected_true_pr_auc_v1,codebert_class_weight_balanced,codebert,80/20,2,heuristic_fp_10,test,80/20,test,learning_rate,2.0000000000000002e-05,2.0000000000000002e-05,3,True,5095,95,378.69604749104474,105,21,84,0.81904761904761902,0.81547619047619047,0.53125,0.80952380952380953,0.64150943396226412,0.5482889011990687,69,15,4,17,0.90136054421768708,0.6927082223267349,0.68313678529195609
codebert_balanced_ratio_preserved_noise_mcc_selected_true_pr_auc_v1,codebert_class_weight_balanced,codebert,80/20,2,heuristic_fp_10,test,90/10,test,learning_rate,2.0000000000000002e-05,2.0000000000000002e-05,3,True,5095,95,378.69604749104474,210,21,189,0.79523809523809519,0.80158730158730163,0.30357142857142855,0.80952380952380953,0.44155844155844154,0.40919396764125066,150,39,4,17,0.87452758881330317,0.37220007981854369,0.34807124214897783
codebert_balanced_ratio_preserved_noise_mcc_selected_true_pr_auc_v1,codebert_class_weight_balanced,codebert,80/20,2,heuristic_fp_20,validation,80/20,valid,learning_rate,2.0000000000000002e-05,2.0000000000000002e-05,2,True,6790,95,500.63277836400084,95,19,76,0.81052631578947365,0.78289473684210531,0.51851851851851849,0.73684210526315785,0.60869565217391308,0.50176703011003687,63,13,5,14,0.86218836565096946,0.56505265115220915,0.53453907615734664
codebert_balanced_ratio_preserved_noise_mcc_selected_true_pr_auc_v1,codebert_class_weight_balanced,codebert,80/20,2,heuristic_fp_20,test,50/50,test,learning_rate,2.0000000000000002e-05,2.0000000000000002e-05,2,True,6790,95,500.63277836400084,42,21,21,0.80952380952380953,0.80952380952380953,0.84210526315789469,0.76190476190476186,0.80000000000000004,0.6218743352054219,18,3,5,16,0.88435374149659862,0.86275569009889397,0.85740739938325783
codebert_balanced_ratio_preserved_noise_mcc_selected_true_pr_auc_v1,codebert_class_weight_balanced,codebert,80/20,2,heuristic_fp_20,test,60/40,test,learning_rate,2.0000000000000002e-05,2.0000000000000002e-05,2,True,6790,95,500.63277836400084,53,21,32,0.81132075471698117,0.80282738095238093,0.76190476190476186,0.76190476190476186,0.76190476190476186,0.60565476190476186,27,5,5,16,0.89434523809523814,0.7935824007761203,0.78045192224100179
codebert_balanced_ratio_preserved_noise_mcc_selected_true_pr_auc_v1,codebert_class_weight_balanced,codebert,80/20,2,heuristic_fp_20,test,70/30,test,learning_rate,2.0000000000000002e-05,2.0000000000000002e-05,2,True,6790,95,500.63277836400084,70,21,49,0.80000000000000004,0.78911564625850339,0.64000000000000001,0.76190476190476186,0.69565217391304346,0.55301004133750209,40,9,5,16,0.85860058309037901,0.65097611751170192,0.63779512240282688
codebert_balanced_ratio_preserved_noise_mcc_selected_true_pr_auc_v1,codebert_class_weight_balanced,codebert,80/20,2,heuristic_fp_20,test,75/25,test,learning_rate,2.0000000000000002e-05,2.0000000000000002e-05,2,True,6790,95,500.63277836400084,84,21,63,0.80952380952380953,0.79365079365079361,0.59259259259259256,0.76190476190476186,0.66666666666666663,0.54452996901562911,52,11,5,16,0.87377173091458804,0.70044139534851113,0.69256383821915923
codebert_balanced_ratio_preserved_noise_mcc_selected_true_pr_auc_v1,codebert_class_weight_balanced,codebert,80/20,2,heuristic_fp_20,test,80/20,test,learning_rate,2.0000000000000002e-05,2.0000000000000002e-05,2,True,6790,95,500.63277836400084,105,21,84,0.84761904761904761,0.81547619047619047,0.59259259259259256,0.76190476190476186,0.66666666666666663,0.57745306457354184,73,11,5,16,0.91099773242630389,0.75024959951620218,0.74515262257523762
codebert_balanced_ratio_preserved_noise_mcc_selected_true_pr_auc_v1,codebert_class_weight_balanced,codebert,80/20,2,heuristic_fp_20,test,90/10,test,learning_rate,2.0000000000000002e-05,2.0000000000000002e-05,2,True,6790,95,500.63277836400084,210,21,189,0.84285714285714286,0.80687830687830686,0.36363636363636365,0.76190476190476186,0.49230769230769234,0.45243516462754535,161,28,5,16,0.87931468883849828,0.36330945489515426,0.34016017341988891
codebert_balanced_ratio_preserved_noise_mcc_selected_true_pr_auc_v1,codebert_class_weight_balanced,codebert,80/20,2,random_flip_10,validation,80/20,valid,learning_rate,2.0000000000000002e-05,2.0000000000000002e-05,1,True,3395,95,249.99837762198877,95,19,76,0.78947368421052633,0.84868421052631571,0.48648648648648651,0.94736842105263153,0.6428571428571429,0.57204608160365789,57,19,1,18,0.84729916897506929,0.47658648094049383,0.47160143103600699
codebert_balanced_ratio_preserved_noise_mcc_selected_true_pr_auc_v1,codebert_class_weight_balanced,codebert,80/20,2,random_flip_10,test,50/50,test,learning_rate,2.0000000000000002e-05,2.0000000000000002e-05,1,True,3395,95,249.99837762198877,42,21,21,0.69047619047619047,0.69047619047619047,0.68181818181818177,0.7142857142857143,0.69767441860465118,0.38138503569823695,14,7,6,15,0.69954648526077101,0.67135418110370249,0.65837556388057661
codebert_balanced_ratio_preserved_noise_mcc_selected_true_pr_auc_v1,codebert_class_weight_balanced,codebert,80/20,2,random_flip_10,test,60/40,test,learning_rate,2.0000000000000002e-05,2.0000000000000002e-05,1,True,3395,95,249.99837762198877,53,21,32,0.75471698113207553,0.74776785714285721,0.68181818181818177,0.7142857142857143,0.69767441860465118,0.49188933866410628,25,7,6,15,0.81324404761904767,0.76353214895502775,0.76100345750652387
codebert_balanced_ratio_preserved_noise_mcc_selected_true_pr_auc_v1,codebert_class_weight_balanced,codebert,80/20,2,random_flip_10,test,70/30,test,learning_rate,2.0000000000000002e-05,2.0000000000000002e-05,1,True,3395,95,249.99837762198877,70,21,49,0.74285714285714288,0.73469387755102034,0.55555555555555558,0.7142857142857143,0.625,0.44189932023991346,37,12,6,15,0.79105928085519917,0.55446978339311737,0.55271819177507098
codebert_balanced_ratio_preserved_noise_mcc_selected_true_pr_auc_v1,codebert_class_weight_balanced,codebert,80/20,2,random_flip_10,test,75/25,test,learning_rate,2.0000000000000002e-05,2.0000000000000002e-05,1,True,3395,95,249.99837762198877,84,21,63,0.65476190476190477,0.67460317460317465,0.39473684210526316,0.7142857142857143,0.50847457627118642,0.3038024971663591,40,23,6,15,0.70899470899470896,0.37765472720474574,0.35789502904770243
codebert_balanced_ratio_preserved_noise_mcc_selected_true_pr_auc_v1,codebert_class_weight_balanced,codebert,80/20,2,random_flip_10,test,80/20,test,learning_rate,2.0000000000000002e-05,2.0000000000000002e-05,1,True,3395,95,249.99837762198877,105,21,84,0.75238095238095237,0.73809523809523814,0.42857142857142855,0.7142857142857143,0.5357142857142857,0.40406101782088433,64,20,6,15,0.79563492063492058,0.48838905365023227,0.47329642230953534
codebert_balanced_ratio_preserved_noise_mcc_selected_true_pr_auc_v1,codebert_class_weight_balanced,codebert,80/20,2,random_flip_10,test,90/10,test,learning_rate,2.0000000000000002e-05,2.0000000000000002e-05,1,True,3395,95,249.99837762198877,210,21,189,0.70476190476190481,0.70899470899470907,0.21126760563380281,0.7142857142857143,0.32608695652173914,0.26507530029917992,133,56,6,15,0.77299067775258257,0.24924450749395277,0.22930850482501314
codebert_balanced_ratio_preserved_noise_mcc_selected_true_pr_auc_v1,codebert_class_weight_balanced,codebert,80/20,2,random_flip_20,validation,80/20,valid,learning_rate,2.0000000000000002e-05,2.0000000000000002e-05,3,True,3395,95,262.61544477101415,95,19,76,0.81052631578947365,0.82236842105263164,0.5161290322580645,0.84210526315789469,0.64000000000000001,0.55004123745699818,61,15,3,16,0.85976454293628812,0.46777897100217947,0.43689889450633979
codebert_balanced_ratio_preserved_noise_mcc_selected_true_pr_auc_v1,codebert_class_weight_balanced,codebert,80/20,2,random_flip_20,test,50/50,test,learning_rate,2.0000000000000002e-05,2.0000000000000002e-05,3,True,3395,95,262.61544477101415,42,21,21,0.69047619047619047,0.69047619047619047,0.68181818181818177,0.7142857142857143,0.69767441860465118,0.38138503569823695,14,7,6,15,0.69387755102040805,0.67005814824084919,0.65333736787100061
codebert_balanced_ratio_preserved_noise_mcc_selected_true_pr_auc_v1,codebert_class_weight_balanced,codebert,80/20,2,random_flip_20,test,60/40,test,learning_rate,2.0000000000000002e-05,2.0000000000000002e-05,3,True,3395,95,262.61544477101415,53,21,32,0.77358490566037741,0.76339285714285721,0.7142857142857143,0.7142857142857143,0.7142857142857143,0.5267857142857143,26,6,6,15,0.75744047619047616,0.7076428307273952,0.69662416460912913
codebert_balanced_ratio_preserved_noise_mcc_selected_true_pr_auc_v1,codebert_class_weight_balanced,codebert,80/20,2,random_flip_20,test,70/30,test,learning_rate,2.0000000000000002e-05,2.0000000000000002e-05,3,True,3395,95,262.61544477101415,70,21,49,0.75714285714285712,0.74489795918367352,0.57692307692307687,0.7142857142857143,0.63829787234042556,0.46452579668325827,38,11,6,15,0.76482021379980558,0.64692703561432063,0.63746267512448784
codebert_balanced_ratio_preserved_noise_mcc_selected_true_pr_auc_v1,codebert_class_weight_balanced,codebert,80/20,2,random_flip_20,test,75/25,test,learning_rate,2.0000000000000002e-05,2.0000000000000002e-05,3,True,3395,95,262.61544477101415,84,21,63,0.69047619047619047,0.69841269841269837,0.42857142857142855,0.7142857142857143,0.5357142857142857,0.34853574033876183,43,20,6,15,0.70975056689342397,0.4912543927595015,0.47411920936114421
codebert_balanced_ratio_preserved_noise_mcc_selected_true_pr_auc_v1,codebert_class_weight_balanced,codebert,80/20,2,random_flip_20,test,80/20,test,learning_rate,2.0000000000000002e-05,2.0000000000000002e-05,3,True,3395,95,262.61544477101415,105,21,84,0.77142857142857146,0.75,0.45454545454545453,0.7142857142857143,0.55555555555555558,0.43082021842766455,66,18,6,15,0.78061224489795922,0.55660719836231309,0.54644963789705336
codebert_balanced_ratio_preserved_noise_mcc_selected_true_pr_auc_v1,codebert_class_weight_balanced,codebert,80/20,2,random_flip_20,test,90/10,test,learning_rate,2.0000000000000002e-05,2.0000000000000002e-05,3,True,3395,95,262.61544477101415,210,21,189,0.72857142857142854,0.72222222222222221,0.22727272727272727,0.7142857142857143,0.34482758620689657,0.2872134789517764,138,51,6,15,0.75031494079113126,0.30553437526210214,0.27863489948606529
codebert_balanced_ratio_preserved_noise_mcc_selected_true_pr_auc_v1,codebert_class_weight_balanced,codebert,80/20,2,random_fp_10,validation,80/20,valid,learning_rate,2.0000000000000002e-05,2.0000000000000002e-05,2,True,5095,95,369.46626117196865,95,19,76,0.84210526315789469,0.76315789473684204,0.59999999999999998,0.63157894736842102,0.61538461538461542,0.5163977794943222,68,8,7,12,0.88088642659279781,0.6436911485616803,0.6286189063217047
codebert_balanced_ratio_preserved_noise_mcc_selected_true_pr_auc_v1,codebert_class_weight_balanced,codebert,80/20,2,random_fp_10,test,50/50,test,learning_rate,2.0000000000000002e-05,2.0000000000000002e-05,2,True,5095,95,369.46626117196865,42,21,21,0.69047619047619047,0.69047619047619047,0.90000000000000002,0.42857142857142855,0.58064516129032262,0.44721359549995793,20,1,12,9,0.80612244897959184,0.80618102125071633,0.79940814489908729
codebert_balanced_ratio_preserved_noise_mcc_selected_true_pr_auc_v1,codebert_class_weight_balanced,codebert,80/20,2,random_fp_10,test,60/40,test,learning_rate,2.0000000000000002e-05,2.0000000000000002e-05,2,True,5095,95,369.46626117196865,53,21,32,0.71698113207547165,0.6674107142857143,0.75,0.42857142857142855,0.54545454545454541,0.39130493959203855,29,3,12,9,0.80431547619047628,0.74058362534760658,0.73333898165822919
codebert_balanced_ratio_preserved_noise_mcc_selected_true_pr_auc_v1,codebert_class_weight_balanced,codebert,80/20,2,random_fp_10,test,70/30,test,learning_rate,2.0000000000000002e-05,2.0000000000000002e-05,2,True,5095,95,369.46626117196865,70,21,49,0.7142857142857143,0.63265306122448983,0.52941176470588236,0.42857142857142855,0.47368421052631576,0.28352578671052836,41,8,12,9,0.80174927113702621,0.52780985520798773,0.50206827397994824
codebert_balanced_ratio_preserved_noise_mcc_selected_true_pr_auc_v1,codebert_class_weight_balanced,codebert,80/20,2,random_fp_10,test,75/25,test,learning_rate,2.0000000000000002e-05,2.0000000000000002e-05,2,True,5095,95,369.46626117196865,84,21,63,0.76190476190476186,0.65079365079365081,0.52941176470588236,0.42857142857142855,0.47368421052631576,0.32503573563691446,55,8,12,9,0.78420256991685555,0.56430677927633532,0.55182688527744217
codebert_balanced_ratio_preserved_noise_mcc_selected_true_pr_auc_v1,codebert_class_weight_balanced,codebert,80/20,2,random_fp_10,test,80/20,test,learning_rate,2.0000000000000002e-05,2.0000000000000002e-05,2,True,5095,95,369.46626117196865,105,21,84,0.81904761904761902,0.67261904761904756,0.5625,0.42857142857142855,0.48648648648648651,0.3842492315023055,77,7,12,9,0.82511337868480727,0.55984102310734696,0.54772580020210371
codebert_balanced_ratio_preserved_noise_mcc_selected_true_pr_auc_v1,codebert_class_weight_balanced,codebert,80/20,2,random_fp_10,test,90/10,test,learning_rate,2.0000000000000002e-05,2.0000000000000002e-05,2,True,5095,95,369.46626117196865,210,21,189,0.87142857142857144,0.67460317460317454,0.375,0.42857142857142855,0.40000000000000002,0.32927638704908735,174,15,12,9,0.82010582010582012,0.30368563612323962,0.28255354262558185
codebert_balanced_ratio_preserved_noise_mcc_selected_true_pr_auc_v1,codebert_class_weight_balanced,codebert,80/20,2,random_fp_20,validation,80/20,valid,learning_rate,2.0000000000000002e-05,2.0000000000000002e-05,2,True,6790,95,497.10257117892615,95,19,76,0.81052631578947365,0.76315789473684204,0.52000000000000002,0.68421052631578949,0.59090909090909094,0.47809144373375745,64,12,6,13,0.88434903047091418,0.63067166308648126,0.61349689568138799
codebert_balanced_ratio_preserved_noise_mcc_selected_true_pr_auc_v1,codebert_class_weight_balanced,codebert,80/20,2,random_fp_20,test,50/50,test,learning_rate,2.0000000000000002e-05,2.0000000000000002e-05,2,True,6790,95,497.10257117892615,42,21,21,0.69047619047619047,0.69047619047619047,0.75,0.5714285714285714,0.64864864864864868,0.39223227027636809,17,4,9,12,0.77210884353741494,0.74025484053679547,0.71694986531027316
codebert_balanced_ratio_preserved_noise_mcc_selected_true_pr_auc_v1,codebert_class_weight_balanced,codebert,80/20,2,random_fp_20,test,60/40,test,learning_rate,2.0000000000000002e-05,2.0000000000000002e-05,2,True,6790,95,497.10257117892615,53,21,32,0.73584905660377353,0.7075892857142857,0.70588235294117652,0.5714285714285714,0.63157894736842102,0.43505469085347587,27,5,9,12,0.78422619047619047,0.77211076825085678,0.76677797448475604
codebert_balanced_ratio_preserved_noise_mcc_selected_true_pr_auc_v1,codebert_class_weight_balanced,codebert,80/20,2,random_fp_20,test,70/30,test,learning_rate,2.0000000000000002e-05,2.0000000000000002e-05,2,True,6790,95,497.10257117892615,70,21,49,0.7857142857142857,0.72448979591836737,0.66666666666666663,0.5714285714285714,0.61538461538461542,0.47075654176200421,43,6,9,12,0.7954324586977648,0.54086499258383913,0.51995499840950909
codebert_balanced_ratio_preserved_noise_mcc_selected_true_pr_auc_v1,codebert_class_weight_balanced,codebert,80/20,2,random_fp_20,test,75/25,test,learning_rate,2.0000000000000002e-05,2.0000000000000002e-05,2,True,6790,95,497.10257117892615,84,21,63,0.72619047619047616,0.67460317460317465,0.46153846153846156,0.5714285714285714,0.51063829787234039,0.32708556839752889,49,14,9,12,0.7328042328042329,0.43688776652128536,0.41165599590819946
codebert_balanced_ratio_preserved_noise_mcc_selected_true_pr_auc_v1,codebert_class_weight_balanced,codebert,80/20,2,random_fp_20,test,80/20,test,learning_rate,2.0000000000000002e-05,2.0000000000000002e-05,2,True,6790,95,497.10257117892615,105,21,84,0.80952380952380953,0.72023809523809523,0.52173913043478259,0.5714285714285714,0.54545454545454541,0.42599145162911622,73,11,9,12,0.80952380952380953,0.56680443987551676,0.55408238078373562
codebert_balanced_ratio_preserved_noise_mcc_selected_true_pr_auc_v1,codebert_class_weight_balanced,codebert,80/20,2,random_fp_20,test,90/10,test,learning_rate,2.0000000000000002e-05,2.0000000000000002e-05,2,True,6790,95,497.10257117892615,210,21,189,0.83809523809523812,0.71957671957671954,0.32432432432432434,0.5714285714285714,0.41379310344827586,0.34580631826995317,164,25,9,12,0.77601410934744275,0.25357830438987461,0.23852866652862093
codebert_balanced_ratio_preserved_noise_mcc_selected_true_pr_auc_v1,codebert_class_weight_balanced,codebert,80/20,3,clean,validation,80/20,valid,learning_rate,2.0000000000000002e-05,2.0000000000000002e-05,2,True,3395,95,257.54648455895949,95,19,76,0.89473684210526316,0.79605263157894735,0.80000000000000004,0.63157894736842102,0.70588235294117652,0.64951905283832889,73,3,7,12,0.89335180055401653,0.77823256196208779,0.77426851349567549
codebert_balanced_ratio_preserved_noise_mcc_selected_true_pr_auc_v1,codebert_class_weight_balanced,codebert,80/20,3,clean,test,50/50,test,learning_rate,2.0000000000000002e-05,2.0000000000000002e-05,2,True,3395,95,257.54648455895949,42,21,21,0.7142857142857143,0.7142857142857143,1,0.42857142857142855,0.59999999999999998,0.5222329678670935,21,0,12,9,0.8083900226757369,0.85641128921204124,0.85500472846255549
codebert_balanced_ratio_preserved_noise_mcc_selected_true_pr_auc_v1,codebert_class_weight_balanced,codebert,80/20,3,clean,test,60/40,test,learning_rate,2.0000000000000002e-05,2.0000000000000002e-05,2,True,3395,95,257.54648455895949,53,21,32,0.75471698113207553,0.6986607142857143,0.90000000000000002,0.42857142857142855,0.58064516129032262,0.49669798373175356,31,1,12,9,0.78124999999999989,0.78864650495877964,0.78496680842470457
codebert_balanced_ratio_preserved_noise_mcc_selected_true_pr_auc_v1,codebert_class_weight_balanced,codebert,80/20,3,clean,test,70/30,test,learning_rate,2.0000000000000002e-05,2.0000000000000002e-05,2,True,3395,95,257.54648455895949,70,21,49,0.81428571428571428,0.70408163265306123,0.90000000000000002,0.42857142857142855,0.58064516129032262,0.53452248382484879,48,1,12,9,0.82604470359572402,0.73824307837648506,0.73235799081227682
codebert_balanced_ratio_preserved_noise_mcc_selected_true_pr_auc_v1,codebert_class_weight_balanced,codebert,80/20,3,clean,test,75/25,test,learning_rate,2.0000000000000002e-05,2.0000000000000002e-05,2,True,3395,95,257.54648455895949,84,21,63,0.79761904761904767,0.67460317460317454,0.6428571428571429,0.42857142857142855,0.51428571428571423,0.40574111245982464,58,5,12,9,0.81934996220710499,0.58548305133304646,0.55885581177976551
codebert_balanced_ratio_preserved_noise_mcc_selected_true_pr_auc_v1,codebert_class_weight_balanced,codebert,80/20,3,clean,test,80/20,test,learning_rate,2.0000000000000002e-05,2.0000000000000002e-05,2,True,3395,95,257.54648455895949,105,21,84,0.82857142857142863,0.6785714285714286,0.59999999999999998,0.42857142857142855,0.5,0.40824829046386302,78,6,12,9,0.78826530612244894,0.46509291279790915,0.4403315887935233
codebert_balanced_ratio_preserved_noise_mcc_selected_true_pr_auc_v1,codebert_class_weight_balanced,codebert,80/20,3,clean,test,90/10,test,learning_rate,2.0000000000000002e-05,2.0000000000000002e-05,2,True,3395,95,257.54648455895949,210,21,189,0.90476190476190477,0.69312169312169314,0.52941176470588236,0.42857142857142855,0.47368421052631576,0.42481367667915765,181,8,12,9,0.81330309901738473,0.40724414054161401,0.38324449999348886
codebert_balanced_ratio_preserved_noise_mcc_selected_true_pr_auc_v1,codebert_class_weight_balanced,codebert,80/20,3,heuristic_fp_10,validation,80/20,valid,learning_rate,2.0000000000000002e-05,2.0000000000000002e-05,1,True,5095,95,385.73733478900976,95,19,76,0.85263157894736841,0.71052631578947367,0.69230769230769229,0.47368421052631576,0.5625,0.49005111346535107,72,4,10,9,0.81717451523545714,0.64358827249936923,0.63775591580952706
codebert_balanced_ratio_preserved_noise_mcc_selected_true_pr_auc_v1,codebert_class_weight_balanced,codebert,80/20,3,heuristic_fp_10,test,50/50,test,learning_rate,2.0000000000000002e-05,2.0000000000000002e-05,1,True,5095,95,385.73733478900976,42,21,21,0.66666666666666663,0.66666666666666663,0.88888888888888884,0.38095238095238093,0.53333333333333333,0.40618119722996165,20,1,13,8,0.86961451247165533,0.85619777743837888,0.85164703369590589
codebert_balanced_ratio_preserved_noise_mcc_selected_true_pr_auc_v1,codebert_class_weight_balanced,codebert,80/20,3,heuristic_fp_10,test,60/40,test,learning_rate,2.0000000000000002e-05,2.0000000000000002e-05,1,True,5095,95,385.73733478900976,53,21,32,0.71698113207547165,0.65922619047619047,0.80000000000000004,0.38095238095238093,0.5161290322580645,0.39810250381496354,30,2,13,8,0.8415178571428571,0.76919543554881886,0.76071939932999055
codebert_balanced_ratio_preserved_noise_mcc_selected_true_pr_auc_v1,codebert_class_weight_balanced,codebert,80/20,3,heuristic_fp_10,test,70/30,test,learning_rate,2.0000000000000002e-05,2.0000000000000002e-05,1,True,5095,95,385.73733478900976,70,21,49,0.75714285714285712,0.64965986394557818,0.66666666666666663,0.38095238095238093,0.48484848484848486,0.36394722245600775,45,4,13,8,0.82993197278911568,0.57723888932857914,0.55037399733499126
codebert_balanced_ratio_preserved_noise_mcc_selected_true_pr_auc_v1,codebert_class_weight_balanced,codebert,80/20,3,heuristic_fp_10,test,75/25,test,learning_rate,2.0000000000000002e-05,2.0000000000000002e-05,1,True,5095,95,385.73733478900976,84,21,63,0.7857142857142857,0.6507936507936507,0.61538461538461542,0.38095238095238093,0.47058823529411764,0.36107059620301118,58,5,13,8,0.83446712018140579,0.51496034584711126,0.49337946565782381
codebert_balanced_ratio_preserved_noise_mcc_selected_true_pr_auc_v1,codebert_class_weight_balanced,codebert,80/20,3,heuristic_fp_10,test,80/20,test,learning_rate,2.0000000000000002e-05,2.0000000000000002e-05,1,True,5095,95,385.73733478900976,105,21,84,0.80952380952380953,0.64880952380952372,0.53333333333333333,0.38095238095238093,0.44444444444444442,0.34020690871988585,77,7,13,8,0.83361678004535145,0.44426763079457865,0.42487774877548629
codebert_balanced_ratio_preserved_noise_mcc_selected_true_pr_auc_v1,codebert_class_weight_balanced,codebert,80/20,3,heuristic_fp_10,test,90/10,test,learning_rate,2.0000000000000002e-05,2.0000000000000002e-05,1,True,5095,95,385.73733478900976,210,21,189,0.89523809523809528,0.66666666666666663,0.47058823529411764,0.38095238095238093,0.42105263157894735,0.36662002233954699,180,9,13,8,0.86192995716805243,0.38932081608904295,0.36524891820747007
codebert_balanced_ratio_preserved_noise_mcc_selected_true_pr_auc_v1,codebert_class_weight_balanced,codebert,80/20,3,heuristic_fp_20,validation,80/20,valid,learning_rate,2.0000000000000002e-05,2.0000000000000002e-05,2,True,6790,95,486.95421824697405,95,19,76,0.76842105263157889,0.77631578947368429,0.45454545454545453,0.78947368421052633,0.57692307692307687,0.46426557269965096,58,18,4,15,0.84903047091412742,0.56949072684169755,0.55565043652120294
codebert_balanced_ratio_preserved_noise_mcc_selected_true_pr_auc_v1,codebert_class_weight_balanced,codebert,80/20,3,heuristic_fp_20,test,50/50,test,learning_rate,2.0000000000000002e-05,2.0000000000000002e-05,2,True,6790,95,486.95421824697405,42,21,21,0.76190476190476186,0.76190476190476186,0.78947368421052633,0.7142857142857143,0.75,0.52620136055843392,17,4,6,15,0.91836734693877553,0.91685355048069694,0.91465396707401991
codebert_balanced_ratio_preserved_noise_mcc_selected_true_pr_auc_v1,codebert_class_weight_balanced,codebert,80/20,3,heuristic_fp_20,test,60/40,test,learning_rate,2.0000000000000002e-05,2.0000000000000002e-05,2,True,6790,95,486.95421824697405,53,21,32,0.79245283018867929,0.77901785714285721,0.75,0.7142857142857143,0.73170731707317072,0.56308591418472442,27,5,6,15,0.88988095238095233,0.84050765013954654,0.83562466026097959
codebert_balanced_ratio_preserved_noise_mcc_selected_true_pr_auc_v1,codebert_class_weight_balanced,codebert,80/20,3,heuristic_fp_20,test,70/30,test,learning_rate,2.0000000000000002e-05,2.0000000000000002e-05,2,True,6790,95,486.95421824697405,70,21,49,0.80000000000000004,0.77551020408163263,0.65217391304347827,0.7142857142857143,0.68181818181818177,0.53760404102768633,41,8,6,15,0.89212827988338195,0.77869978200884171,0.77245811144426957
codebert_balanced_ratio_preserved_noise_mcc_selected_true_pr_auc_v1,codebert_class_weight_balanced,codebert,80/20,3,heuristic_fp_20,test,75/25,test,learning_rate,2.0000000000000002e-05,2.0000000000000002e-05,2,True,6790,95,486.95421824697405,84,21,63,0.7142857142857143,0.7142857142857143,0.45454545454545453,0.7142857142857143,0.55555555555555558,0.37998029782867415,45,18,6,15,0.84845049130763417,0.60742938200921381,0.60635408999351936
codebert_balanced_ratio_preserved_noise_mcc_selected_true_pr_auc_v1,codebert_class_weight_balanced,codebert,80/20,3,heuristic_fp_20,test,80/20,test,learning_rate,2.0000000000000002e-05,2.0000000000000002e-05,2,True,6790,95,486.95421824697405,105,21,84,0.81904761904761902,0.77976190476190477,0.5357142857142857,0.7142857142857143,0.61224489795918369,0.50610832839838893,71,13,6,15,0.87755102040816324,0.5366631721989481,0.51104747325650712
codebert_balanced_ratio_preserved_noise_mcc_selected_true_pr_auc_v1,codebert_class_weight_balanced,codebert,80/20,3,heuristic_fp_20,test,90/10,test,learning_rate,2.0000000000000002e-05,2.0000000000000002e-05,2,True,6790,95,486.95421824697405,210,21,189,0.79047619047619044,0.75661375661375663,0.28301886792452829,0.7142857142857143,0.40540540540540543,0.35445631531536348,151,38,6,15,0.88523557571176625,0.58397070473112511,0.57817213680763502
codebert_balanced_ratio_preserved_noise_mcc_selected_true_pr_auc_v1,codebert_class_weight_balanced,codebert,80/20,3,random_flip_10,validation,80/20,valid,learning_rate,2.0000000000000002e-05,2.0000000000000002e-05,4,True,3395,95,259.52075314498506,95,19,76,0.91578947368421049,0.82894736842105265,0.8666666666666667,0.68421052631578949,0.76470588235294112,0.72168783648703216,74,2,6,13,0.89473684210526316,0.80960201463745585,0.80679678615163519
codebert_balanced_ratio_preserved_noise_mcc_selected_true_pr_auc_v1,codebert_class_weight_balanced,codebert,80/20,3,random_flip_10,test,50/50,test,learning_rate,2.0000000000000002e-05,2.0000000000000002e-05,4,True,3395,95,259.52075314498506,42,21,21,0.7142857142857143,0.7142857142857143,1,0.42857142857142855,0.59999999999999998,0.5222329678670935,21,0,12,9,0.83900226757369623,0.8818815682194916,0.87951728567644349
codebert_balanced_ratio_preserved_noise_mcc_selected_true_pr_auc_v1,codebert_class_weight_balanced,codebert,80/20,3,random_flip_10,test,60/40,test,learning_rate,2.0000000000000002e-05,2.0000000000000002e-05,4,True,3395,95,259.52075314498506,53,21,32,0.71698113207547165,0.6674107142857143,0.75,0.42857142857142855,0.54545454545454541,0.39130493959203855,29,3,12,9,0.80431547619047628,0.77661069118792736,0.77180109351668924
codebert_balanced_ratio_preserved_noise_mcc_selected_true_pr_auc_v1,codebert_class_weight_balanced,codebert,80/20,3,random_flip_10,test,70/30,test,learning_rate,2.0000000000000002e-05,2.0000000000000002e-05,4,True,3395,95,259.52075314498506,70,21,49,0.80000000000000004,0.69387755102040816,0.81818181818181823,0.42857142857142855,0.5625,0.48825068347535738,47,2,12,9,0.81438289601554903,0.68186425805785533,0.67189776467011431
codebert_balanced_ratio_preserved_noise_mcc_selected_true_pr_auc_v1,codebert_class_weight_balanced,codebert,80/20,3,random_flip_10,test,75/25,test,learning_rate,2.0000000000000002e-05,2.0000000000000002e-05,4,True,3395,95,259.52075314498506,84,21,63,0.80952380952380953,0.68253968253968256,0.69230769230769229,0.42857142857142855,0.52941176470588236,0.43708545856153985,59,4,12,9,0.8269085411942555,0.59745985796264267,0.56929621085848903
codebert_balanced_ratio_preserved_noise_mcc_selected_true_pr_auc_v1,codebert_class_weight_balanced,codebert,80/20,3,random_flip_10,test,80/20,test,learning_rate,2.0000000000000002e-05,2.0000000000000002e-05,4,True,3395,95,259.52075314498506,105,21,84,0.82857142857142863,0.6785714285714286,0.59999999999999998,0.42857142857142855,0.5,0.40824829046386302,78,6,12,9,0.79790249433106575,0.53058658533611269,0.51731936853992611
codebert_balanced_ratio_preserved_noise_mcc_selected_true_pr_auc_v1,codebert_class_weight_balanced,codebert,80/20,3,random_flip_10,test,90/10,test,learning_rate,2.0000000000000002e-05,2.0000000000000002e-05,4,True,3395,95,259.52075314498506,210,21,189,0.89523809523809528,0.68783068783068779,0.47368421052631576,0.42857142857142855,0.45000000000000001,0.39286524449705573,179,10,12,9,0.82539682539682535,0.42104879207683577,0.40829207527077238
codebert_balanced_ratio_preserved_noise_mcc_selected_true_pr_auc_v1,codebert_class_weight_balanced,codebert,80/20,3,random_flip_20,validation,80/20,valid,learning_rate,2.0000000000000002e-05,2.0000000000000002e-05,3,True,3395,95,264.17292954295408,95,19,76,0.67368421052631577,0.79605263157894735,0.38,1,0.55072463768115942,0.47434164902525688,45,31,0,19,0.91066481994459825,0.74546859645907704,0.73888582283149695
codebert_balanced_ratio_preserved_noise_mcc_selected_true_pr_auc_v1,codebert_class_weight_balanced,codebert,80/20,3,random_flip_20,test,50/50,test,learning_rate,2.0000000000000002e-05,2.0000000000000002e-05,3,True,3395,95,264.17292954295408,42,21,21,0.73809523809523814,0.73809523809523814,0.72727272727272729,0.76190476190476186,0.7441860465116279,0.47673129462279618,15,6,5,16,0.80498866213151932,0.83860778915671852,0.8346391281109804
codebert_balanced_ratio_preserved_noise_mcc_selected_true_pr_auc_v1,codebert_class_weight_balanced,codebert,80/20,3,random_flip_20,test,60/40,test,learning_rate,2.0000000000000002e-05,2.0000000000000002e-05,3,True,3395,95,264.17292954295408,53,21,32,0.660377358490566,0.67782738095238093,0.55172413793103448,0.76190476190476186,0.64000000000000001,0.34946898982524904,19,13,5,16,0.76413690476190477,0.70901145991589565,0.69555745752338605
codebert_balanced_ratio_preserved_noise_mcc_selected_true_pr_auc_v1,codebert_class_weight_balanced,codebert,80/20,3,random_flip_20,test,70/30,test,learning_rate,2.0000000000000002e-05,2.0000000000000002e-05,3,True,3395,95,264.17292954295408,70,21,49,0.72857142857142854,0.73809523809523814,0.53333333333333333,0.76190476190476186,0.62745098039215685,0.44095855184409843,35,14,5,16,0.80466472303206993,0.56330561232216103,0.5344164303641965
codebert_balanced_ratio_preserved_noise_mcc_selected_true_pr_auc_v1,codebert_class_weight_balanced,codebert,80/20,3,random_flip_20,test,75/25,test,learning_rate,2.0000000000000002e-05,2.0000000000000002e-05,3,True,3395,95,264.17292954295408,84,21,63,0.70238095238095233,0.72222222222222221,0.44444444444444442,0.76190476190476186,0.56140350877192979,0.3888888888888889,43,20,5,16,0.77739984882842028,0.48783208575655185,0.47122809048832848
codebert_balanced_ratio_preserved_noise_mcc_selected_true_pr_auc_v1,codebert_class_weight_balanced,codebert,80/20,3,random_flip_20,test,80/20,test,learning_rate,2.0000000000000002e-05,2.0000000000000002e-05,3,True,3395,95,264.17292954295408,105,21,84,0.65714285714285714,0.6964285714285714,0.34042553191489361,0.76190476190476186,0.47058823529411764,0.31602469325958787,53,31,5,16,0.75538548752834467,0.3657776834728188,0.3425688567928119
codebert_balanced_ratio_preserved_noise_mcc_selected_true_pr_auc_v1,codebert_class_weight_balanced,codebert,80/20,3,random_flip_20,test,90/10,test,learning_rate,2.0000000000000002e-05,2.0000000000000002e-05,3,True,3395,95,264.17292954295408,210,21,189,0.69999999999999996,0.72751322751322745,0.21621621621621623,0.76190476190476186,0.33684210526315789,0.28575371318035586,131,58,5,16,0.80398085159989918,0.28239926400966264,0.25746108908588761
codebert_balanced_ratio_preserved_noise_mcc_selected_true_pr_auc_v1,codebert_class_weight_balanced,codebert,80/20,3,random_fp_10,validation,80/20,valid,learning_rate,2.0000000000000002e-05,2.0000000000000002e-05,2,True,5095,95,373.92838896403555,95,19,76,0.85263157894736841,0.82894736842105265,0.59999999999999998,0.78947368421052633,0.68181818181818177,0.59761430466719678,66,10,4,15,0.9023545706371191,0.79169970373025955,0.78785815143027582
codebert_balanced_ratio_preserved_noise_mcc_selected_true_pr_auc_v1,codebert_class_weight_balanced,codebert,80/20,3,random_fp_10,test,50/50,test,learning_rate,2.0000000000000002e-05,2.0000000000000002e-05,2,True,5095,95,373.92838896403555,42,21,21,0.76190476190476186,0.76190476190476186,0.78947368421052633,0.7142857142857143,0.75,0.52620136055843392,17,4,6,15,0.79818594104308382,0.77391471030261849,0.76055699666856813
codebert_balanced_ratio_preserved_noise_mcc_selected_true_pr_auc_v1,codebert_class_weight_balanced,codebert,80/20,3,random_fp_10,test,60/40,test,learning_rate,2.0000000000000002e-05,2.0000000000000002e-05,2,True,5095,95,373.92838896403555,53,21,32,0.81132075471698117,0.79464285714285721,0.78947368421052633,0.7142857142857143,0.75,0.60102742638844608,28,4,6,15,0.8035714285714286,0.77831511536123688,0.77201854460186303
codebert_balanced_ratio_preserved_noise_mcc_selected_true_pr_auc_v1,codebert_class_weight_balanced,codebert,80/20,3,random_fp_10,test,70/30,test,learning_rate,2.0000000000000002e-05,2.0000000000000002e-05,2,True,5095,95,373.92838896403555,70,21,49,0.81428571428571428,0.7857142857142857,0.68181818181818177,0.7142857142857143,0.69767441860465118,0.56407607481776623,42,7,6,15,0.82701652089407185,0.63927758094033971,0.61183069370035448
codebert_balanced_ratio_preserved_noise_mcc_selected_true_pr_auc_v1,codebert_class_weight_balanced,codebert,80/20,3,random_fp_10,test,75/25,test,learning_rate,2.0000000000000002e-05,2.0000000000000002e-05,2,True,5095,95,373.92838896403555,84,21,63,0.76190476190476186,0.74603174603174605,0.51724137931034486,0.7142857142857143,0.59999999999999998,0.44814723659031064,49,14,6,15,0.79894179894179895,0.56150136158373698,0.54482430387559777
codebert_balanced_ratio_preserved_noise_mcc_selected_true_pr_auc_v1,codebert_class_weight_balanced,codebert,80/20,3,random_fp_10,test,80/20,test,learning_rate,2.0000000000000002e-05,2.0000000000000002e-05,2,True,5095,95,373.92838896403555,105,21,84,0.76190476190476186,0.74404761904761907,0.44117647058823528,0.7142857142857143,0.54545454545454541,0.41723931926931906,65,19,6,15,0.8018707482993197,0.46769362604789749,0.44247968383155589
codebert_balanced_ratio_preserved_noise_mcc_selected_true_pr_auc_v1,codebert_class_weight_balanced,codebert,80/20,3,random_fp_10,test,90/10,test,learning_rate,2.0000000000000002e-05,2.0000000000000002e-05,2,True,5095,95,373.92838896403555,210,21,189,0.81904761904761902,0.77248677248677255,0.31914893617021278,0.7142857142857143,0.44117647058823528,0.39225929081491462,157,32,6,15,0.84479717813051147,0.47697916018020498,0.46817084722394364
codebert_balanced_ratio_preserved_noise_mcc_selected_true_pr_auc_v1,codebert_class_weight_balanced,codebert,80/20,3,random_fp_20,validation,80/20,valid,learning_rate,2.0000000000000002e-05,2.0000000000000002e-05,4,True,6790,95,490.47607141500339,95,19,76,0.88421052631578945,0.80921052631578949,0.72222222222222221,0.68421052631578949,0.70270270270270274,0.63122798848654793,71,5,6,13,0.87880886426592797,0.7154741367863211,0.70646043932047875
codebert_balanced_ratio_preserved_noise_mcc_selected_true_pr_auc_v1,codebert_class_weight_balanced,codebert,80/20,3,random_fp_20,test,50/50,test,learning_rate,2.0000000000000002e-05,2.0000000000000002e-05,4,True,6790,95,490.47607141500339,42,21,21,0.7142857142857143,0.7142857142857143,0.84615384615384615,0.52380952380952384,0.6470588235294118,0.4635235823621443,19,2,10,11,0.72448979591836737,0.76952014035347371,0.76367865585061212
codebert_balanced_ratio_preserved_noise_mcc_selected_true_pr_auc_v1,codebert_class_weight_balanced,codebert,80/20,3,random_fp_20,test,60/40,test,learning_rate,2.0000000000000002e-05,2.0000000000000002e-05,4,True,6790,95,490.47607141500339,53,21,32,0.73584905660377353,0.69940476190476186,0.73333333333333328,0.52380952380952384,0.61111111111111116,0.43302476000062701,28,4,10,11,0.71279761904761896,0.66738322080040957,0.65756629230172248
codebert_balanced_ratio_preserved_noise_mcc_selected_true_pr_auc_v1,codebert_class_weight_balanced,codebert,80/20,3,random_fp_20,test,70/30,test,learning_rate,2.0000000000000002e-05,2.0000000000000002e-05,4,True,6790,95,490.47607141500339,70,21,49,0.81428571428571428,0.73129251700680276,0.7857142857142857,0.52380952380952384,0.62857142857142856,0.5299577334302672,46,3,10,11,0.78765792031098159,0.71534511234516351,0.70986559327111354
codebert_balanced_ratio_preserved_noise_mcc_selected_true_pr_auc_v1,codebert_class_weight_balanced,codebert,80/20,3,random_fp_20,test,75/25,test,learning_rate,2.0000000000000002e-05,2.0000000000000002e-05,4,True,6790,95,490.47607141500339,84,21,63,0.77380952380952384,0.69047619047619047,0.55000000000000004,0.52380952380952384,0.53658536585365857,0.3872983346207417,54,9,10,11,0.76228269085411948,0.54330518361492386,0.53035276574728463
codebert_balanced_ratio_preserved_noise_mcc_selected_true_pr_auc_v1,codebert_class_weight_balanced,codebert,80/20,3,random_fp_20,test,80/20,test,learning_rate,2.0000000000000002e-05,2.0000000000000002e-05,4,True,6790,95,490.47607141500339,105,21,84,0.76190476190476186,0.67261904761904767,0.42307692307692307,0.52380952380952384,0.46808510638297873,0.31993944168949867,69,15,10,11,0.723922902494331,0.38869397135734163,0.36021131434517623
codebert_balanced_ratio_preserved_noise_mcc_selected_true_pr_auc_v1,codebert_class_weight_balanced,codebert,80/20,3,random_fp_20,test,90/10,test,learning_rate,2.0000000000000002e-05,2.0000000000000002e-05,4,True,6790,95,490.47607141500339,210,21,189,0.87619047619047619,0.71957671957671954,0.40740740740740738,0.52380952380952384,0.45833333333333331,0.39359485312705056,173,16,10,11,0.77853363567649281,0.38055285274390255,0.36432444877502124
codebert_balanced_ratio_preserved_noise_mcc_selected_true_pr_auc_v1,codebert_class_weight_balanced,codebert,80/20,4,clean,validation,80/20,valid,learning_rate,2.0000000000000002e-05,2.0000000000000002e-05,2,True,3395,95,264.06027311901562,95,19,76,0.86315789473684212,0.83552631578947367,0.625,0.78947368421052633,0.69767441860465118,0.61773951846717423,67,9,4,15,0.89681440443213301,0.71318814393733132,0.7057615607731702
codebert_balanced_ratio_preserved_noise_mcc_selected_true_pr_auc_v1,codebert_class_weight_balanced,codebert,80/20,4,clean,test,50/50,test,learning_rate,2.0000000000000002e-05,2.0000000000000002e-05,2,True,3395,95,264.06027311901562,42,21,21,0.7857142857142857,0.7857142857142857,1,0.5714285714285714,0.72727272727272729,0.63245553203367588,21,0,9,12,0.8344671201814059,0.87193040199104277,0.86930637837556435
codebert_balanced_ratio_preserved_noise_mcc_selected_true_pr_auc_v1,codebert_class_weight_balanced,codebert,80/20,4,clean,test,60/40,test,learning_rate,2.0000000000000002e-05,2.0000000000000002e-05,2,True,3395,95,264.06027311901562,53,21,32,0.77358490566037741,0.7388392857142857,0.80000000000000004,0.5714285714285714,0.66666666666666663,0.51866025358284062,29,3,9,12,0.84077380952380953,0.75135570545234409,0.73841878092909363
codebert_balanced_ratio_preserved_noise_mcc_selected_true_pr_auc_v1,codebert_class_weight_balanced,codebert,80/20,4,clean,test,70/30,test,learning_rate,2.0000000000000002e-05,2.0000000000000002e-05,2,True,3395,95,264.06027311901562,70,21,49,0.80000000000000004,0.73469387755102034,0.70588235294117652,0.5714285714285714,0.63157894736842102,0.50162254571862708,44,5,9,12,0.82167152575315838,0.67994147064076382,0.65489009861484238
codebert_balanced_ratio_preserved_noise_mcc_selected_true_pr_auc_v1,codebert_class_weight_balanced,codebert,80/20,4,clean,test,75/25,test,learning_rate,2.0000000000000002e-05,2.0000000000000002e-05,2,True,3395,95,264.06027311901562,84,21,63,0.79761904761904767,0.72222222222222221,0.59999999999999998,0.5714285714285714,0.58536585365853655,0.45184805705753195,55,8,9,12,0.79024943310657603,0.47062447189977102,0.44854424058945502
codebert_balanced_ratio_preserved_noise_mcc_selected_true_pr_auc_v1,codebert_class_weight_balanced,codebert,80/20,4,clean,test,80/20,test,learning_rate,2.0000000000000002e-05,2.0000000000000002e-05,2,True,3395,95,264.06027311901562,105,21,84,0.84761904761904761,0.74404761904761907,0.63157894736842102,0.5714285714285714,0.59999999999999998,0.50713996339517575,77,7,9,12,0.84268707482993199,0.67098199263897174,0.66445469351840236
codebert_balanced_ratio_preserved_noise_mcc_selected_true_pr_auc_v1,codebert_class_weight_balanced,codebert,80/20,4,clean,test,90/10,test,learning_rate,2.0000000000000002e-05,2.0000000000000002e-05,2,True,3395,95,264.06027311901562,210,21,189,0.85238095238095235,0.72751322751322745,0.35294117647058826,0.5714285714285714,0.43636363636363634,0.37057951116309701,167,22,9,12,0.81292517006802723,0.3238846318285003,0.3003432237211498
codebert_balanced_ratio_preserved_noise_mcc_selected_true_pr_auc_v1,codebert_class_weight_balanced,codebert,80/20,4,heuristic_fp_10,validation,80/20,valid,learning_rate,2.0000000000000002e-05,2.0000000000000002e-05,4,True,5095,95,374.35994388104882,95,19,76,0.77894736842105261,0.68421052631578938,0.45454545454545453,0.52631578947368418,0.48780487804878048,0.3493455899541647,64,12,9,10,0.820983379501385,0.41841980069321444,0.38782134964432535
codebert_balanced_ratio_preserved_noise_mcc_selected_true_pr_auc_v1,codebert_class_weight_balanced,codebert,80/20,4,heuristic_fp_10,test,50/50,test,learning_rate,2.0000000000000002e-05,2.0000000000000002e-05,4,True,5095,95,374.35994388104882,42,21,21,0.73809523809523814,0.73809523809523814,1,0.47619047619047616,0.64516129032258063,0.55901699437494745,21,0,11,10,0.90476190476190477,0.91632579045788976,0.91610877847565642
codebert_balanced_ratio_preserved_noise_mcc_selected_true_pr_auc_v1,codebert_class_weight_balanced,codebert,80/20,4,heuristic_fp_10,test,60/40,test,learning_rate,2.0000000000000002e-05,2.0000000000000002e-05,4,True,5095,95,374.35994388104882,53,21,32,0.67924528301886788,0.64434523809523814,0.625,0.47619047619047616,0.54054054054054057,0.3075786879680536,26,6,11,10,0.82663690476190466,0.75267587305648365,0.74361826231581041
codebert_balanced_ratio_preserved_noise_mcc_selected_true_pr_auc_v1,codebert_class_weight_balanced,codebert,80/20,4,heuristic_fp_10,test,70/30,test,learning_rate,2.0000000000000002e-05,2.0000000000000002e-05,4,True,5095,95,374.35994388104882,70,21,49,0.72857142857142854,0.65646258503401356,0.55555555555555558,0.47619047619047616,0.51282051282051277,0.32810304425836656,41,8,11,10,0.80369290573372199,0.64379517260645447,0.64008638215649682
codebert_balanced_ratio_preserved_noise_mcc_selected_true_pr_auc_v1,codebert_class_weight_balanced,codebert,80/20,4,heuristic_fp_10,test,75/25,test,learning_rate,2.0000000000000002e-05,2.0000000000000002e-05,4,True,5095,95,374.35994388104882,84,21,63,0.77380952380952384,0.67460317460317465,0.55555555555555558,0.47619047619047616,0.51282051282051277,0.36851386559504445,55,8,11,10,0.85941043083900226,0.62064563719966592,0.57456717801171586
codebert_balanced_ratio_preserved_noise_mcc_selected_true_pr_auc_v1,codebert_class_weight_balanced,codebert,80/20,4,heuristic_fp_10,test,80/20,test,learning_rate,2.0000000000000002e-05,2.0000000000000002e-05,4,True,5095,95,374.35994388104882,105,21,84,0.8571428571428571,0.71428571428571419,0.7142857142857143,0.47619047619047616,0.5714285714285714,0.50429863321247326,80,4,11,10,0.89370748299319736,0.71403324346986941,0.70447358460234477
codebert_balanced_ratio_preserved_noise_mcc_selected_true_pr_auc_v1,codebert_class_weight_balanced,codebert,80/20,4,heuristic_fp_10,test,90/10,test,learning_rate,2.0000000000000002e-05,2.0000000000000002e-05,4,True,5095,95,374.35994388104882,210,21,189,0.85238095238095235,0.68518518518518512,0.33333333333333331,0.47619047619047616,0.39215686274509803,0.31752644813856012,169,20,11,10,0.86873267825648781,0.50674724391050807,0.49777790098351132
codebert_balanced_ratio_preserved_noise_mcc_selected_true_pr_auc_v1,codebert_class_weight_balanced,codebert,80/20,4,heuristic_fp_20,validation,80/20,valid,learning_rate,2.0000000000000002e-05,2.0000000000000002e-05,1,True,6790,95,498.56667829304934,95,19,76,0.74736842105263157,0.76315789473684204,0.42857142857142855,0.78947368421052633,0.55555555555555558,0.43643578047198472,56,20,4,15,0.83067867036011078,0.46815903852606588,0.43174552626320145
codebert_balanced_ratio_preserved_noise_mcc_selected_true_pr_auc_v1,codebert_class_weight_balanced,codebert,80/20,4,heuristic_fp_20,test,50/50,test,learning_rate,2.0000000000000002e-05,2.0000000000000002e-05,1,True,6790,95,498.56667829304934,42,21,21,0.8571428571428571,0.85714285714285721,0.89473684210526316,0.80952380952380953,0.84999999999999998,0.71754730985240978,19,2,4,17,0.92290249433106575,0.93405695507457054,0.93256800252602479
codebert_balanced_ratio_preserved_noise_mcc_selected_true_pr_auc_v1,codebert_class_weight_balanced,codebert,80/20,4,heuristic_fp_20,test,60/40,test,learning_rate,2.0000000000000002e-05,2.0000000000000002e-05,1,True,6790,95,498.56667829304934,53,21,32,0.81132075471698117,0.81101190476190477,0.73913043478260865,0.80952380952380953,0.77272727272727271,0.6138568406737519,26,6,4,17,0.84970238095238093,0.74001365702606092,0.72563950423084544
codebert_balanced_ratio_preserved_noise_mcc_selected_true_pr_auc_v1,codebert_class_weight_balanced,codebert,80/20,4,heuristic_fp_20,test,70/30,test,learning_rate,2.0000000000000002e-05,2.0000000000000002e-05,1,True,6790,95,498.56667829304934,70,21,49,0.77142857142857146,0.78231292517006801,0.58620689655172409,0.80952380952380953,0.68000000000000005,0.52526385619714755,37,12,4,17,0.81778425655976683,0.58458177653829835,0.55755746877710366
codebert_balanced_ratio_preserved_noise_mcc_selected_true_pr_auc_v1,codebert_class_weight_balanced,codebert,80/20,4,heuristic_fp_20,test,75/25,test,learning_rate,2.0000000000000002e-05,2.0000000000000002e-05,1,True,6790,95,498.56667829304934,84,21,63,0.7857142857142857,0.79365079365079372,0.54838709677419351,0.80952380952380953,0.65384615384615385,0.52701419743016409,49,14,4,17,0.85638699924414219,0.60293578276837412,0.585507137341432
codebert_balanced_ratio_preserved_noise_mcc_selected_true_pr_auc_v1,codebert_class_weight_balanced,codebert,80/20,4,heuristic_fp_20,test,80/20,test,learning_rate,2.0000000000000002e-05,2.0000000000000002e-05,1,True,6790,95,498.56667829304934,105,21,84,0.81904761904761902,0.81547619047619047,0.53125,0.80952380952380953,0.64150943396226412,0.5482889011990687,69,15,4,17,0.9041950113378685,0.76011528452926069,0.75544499975178558
codebert_balanced_ratio_preserved_noise_mcc_selected_true_pr_auc_v1,codebert_class_weight_balanced,codebert,80/20,4,heuristic_fp_20,test,90/10,test,learning_rate,2.0000000000000002e-05,2.0000000000000002e-05,1,True,6790,95,498.56667829304934,210,21,189,0.81904761904761902,0.81481481481481488,0.33333333333333331,0.80952380952380953,0.47222222222222221,0.44049608863155321,155,34,4,17,0.86671705719324765,0.45463553448234079,0.45032537904877773
codebert_balanced_ratio_preserved_noise_mcc_selected_true_pr_auc_v1,codebert_class_weight_balanced,codebert,80/20,4,random_flip_10,validation,80/20,valid,learning_rate,2.0000000000000002e-05,2.0000000000000002e-05,2,True,3395,95,256.98647604696453,95,19,76,0.67368421052631577,0.79605263157894735,0.38,1,0.55072463768115942,0.47434164902525688,45,31,0,19,0.86738227146814406,0.57936300103732252,0.5775770390737196
codebert_balanced_ratio_preserved_noise_mcc_selected_true_pr_auc_v1,codebert_class_weight_balanced,codebert,80/20,4,random_flip_10,test,50/50,test,learning_rate,2.0000000000000002e-05,2.0000000000000002e-05,2,True,3395,95,256.98647604696453,42,21,21,0.7142857142857143,0.7142857142857143,0.68000000000000005,0.80952380952380953,0.73913043478260865,0.43656412506539938,13,8,4,17,0.84807256235827666,0.87078469391009516,0.86778962963136852
codebert_balanced_ratio_preserved_noise_mcc_selected_true_pr_auc_v1,codebert_class_weight_balanced,codebert,80/20,4,random_flip_10,test,60/40,test,learning_rate,2.0000000000000002e-05,2.0000000000000002e-05,2,True,3395,95,256.98647604696453,53,21,32,0.69811320754716977,0.71726190476190477,0.58620689655172409,0.80952380952380953,0.68000000000000005,0.42696629719235452,20,12,4,17,0.80729166666666674,0.66492541949543083,0.65197701653535267
codebert_balanced_ratio_preserved_noise_mcc_selected_true_pr_auc_v1,codebert_class_weight_balanced,codebert,80/20,4,random_flip_10,test,70/30,test,learning_rate,2.0000000000000002e-05,2.0000000000000002e-05,2,True,3395,95,256.98647604696453,70,21,49,0.67142857142857137,0.71088435374149661,0.47222222222222221,0.80952380952380953,0.59649122807017541,0.38671528075864514,30,19,4,17,0.83673469387755106,0.71847918507005493,0.70840085226539862
codebert_balanced_ratio_preserved_noise_mcc_selected_true_pr_auc_v1,codebert_class_weight_balanced,codebert,80/20,4,random_flip_10,test,75/25,test,learning_rate,2.0000000000000002e-05,2.0000000000000002e-05,2,True,3395,95,256.98647604696453,84,21,63,0.69047619047619047,0.73015873015873023,0.4358974358974359,0.80952380952380953,0.56666666666666665,0.39966747812078279,41,22,4,17,0.82501889644746784,0.53479677352264821,0.50590278243630549
codebert_balanced_ratio_preserved_noise_mcc_selected_true_pr_auc_v1,codebert_class_weight_balanced,codebert,80/20,4,random_flip_10,test,80/20,test,learning_rate,2.0000000000000002e-05,2.0000000000000002e-05,2,True,3395,95,256.98647604696453,105,21,84,0.67619047619047623,0.72619047619047628,0.36170212765957449,0.80952380952380953,0.5,0.36390722254134361,54,30,4,17,0.85005668934240364,0.59757589977235703,0.58514217013910419
codebert_balanced_ratio_preserved_noise_mcc_selected_true_pr_auc_v1,codebert_class_weight_balanced,codebert,80/20,4,random_flip_10,test,90/10,test,learning_rate,2.0000000000000002e-05,2.0000000000000002e-05,2,True,3395,95,256.98647604696453,210,21,189,0.64761904761904765,0.71957671957671954,0.19540229885057472,0.80952380952380953,0.31481481481481483,0.26745126453864748,119,70,4,17,0.82917611489040066,0.30817244163281493,0.28522374847548754
codebert_balanced_ratio_preserved_noise_mcc_selected_true_pr_auc_v1,codebert_class_weight_balanced,codebert,80/20,4,random_flip_20,validation,80/20,valid,learning_rate,2.0000000000000002e-05,2.0000000000000002e-05,1,True,3395,95,259.34739676793106,95,19,76,0.81052631578947365,0.80263157894736836,0.51724137931034486,0.78947368421052633,0.625,0.52572286901486864,62,14,4,15,0.84903047091412742,0.4694184226983158,0.44434513087282168
codebert_balanced_ratio_preserved_noise_mcc_selected_true_pr_auc_v1,codebert_class_weight_balanced,codebert,80/20,4,random_flip_20,test,50/50,test,learning_rate,2.0000000000000002e-05,2.0000000000000002e-05,1,True,3395,95,259.34739676793106,42,21,21,0.66666666666666663,0.66666666666666674,0.73333333333333328,0.52380952380952384,0.61111111111111116,0.34783279649996729,17,4,10,11,0.75283446712018132,0.70991459897965292,0.6939721063313089
codebert_balanced_ratio_preserved_noise_mcc_selected_true_pr_auc_v1,codebert_class_weight_balanced,codebert,80/20,4,random_flip_20,test,60/40,test,learning_rate,2.0000000000000002e-05,2.0000000000000002e-05,1,True,3395,95,259.34739676793106,53,21,32,0.67924528301886788,0.65252976190476186,0.61111111111111116,0.52380952380952384,0.5641025641025641,0.31506412141766682,25,7,10,11,0.79166666666666674,0.63926308967356538,0.61074762103308655
codebert_balanced_ratio_preserved_noise_mcc_selected_true_pr_auc_v1,codebert_class_weight_balanced,codebert,80/20,4,random_flip_20,test,70/30,test,learning_rate,2.0000000000000002e-05,2.0000000000000002e-05,1,True,3395,95,259.34739676793106,70,21,49,0.74285714285714288,0.6802721088435375,0.57894736842105265,0.52380952380952384,0.55000000000000004,0.37153893656632359,41,8,10,11,0.79737609329446069,0.68761432776922038,0.68489325991189198
codebert_balanced_ratio_preserved_noise_mcc_selected_true_pr_auc_v1,codebert_class_weight_balanced,codebert,80/20,4,random_flip_20,test,75/25,test,learning_rate,2.0000000000000002e-05,2.0000000000000002e-05,1,True,3395,95,259.34739676793106,84,21,63,0.76190476190476186,0.68253968253968256,0.52380952380952384,0.52380952380952384,0.52380952380952384,0.36507936507936506,53,10,10,11,0.80347694633408917,0.61104624622170034,0.59969726951140223
codebert_balanced_ratio_preserved_noise_mcc_selected_true_pr_auc_v1,codebert_class_weight_balanced,codebert,80/20,4,random_flip_20,test,80/20,test,learning_rate,2.0000000000000002e-05,2.0000000000000002e-05,1,True,3395,95,259.34739676793106,105,21,84,0.78095238095238095,0.68452380952380953,0.45833333333333331,0.52380952380952384,0.48888888888888887,0.35154713901054868,71,13,10,11,0.82029478458049887,0.59599905198968628,0.58682111434845186
codebert_balanced_ratio_preserved_noise_mcc_selected_true_pr_auc_v1,codebert_class_weight_balanced,codebert,80/20,4,random_flip_20,test,90/10,test,learning_rate,2.0000000000000002e-05,2.0000000000000002e-05,1,True,3395,95,259.34739676793106,210,21,189,0.80952380952380953,0.68253968253968256,0.26829268292682928,0.52380952380952384,0.35483870967741937,0.2763074248798415,159,30,10,11,0.80246913580246915,0.34378662740726101,0.32791549376402507
codebert_balanced_ratio_preserved_noise_mcc_selected_true_pr_auc_v1,codebert_class_weight_balanced,codebert,80/20,4,random_fp_10,validation,80/20,valid,learning_rate,2.0000000000000002e-05,2.0000000000000002e-05,3,True,5095,95,371.71725502901245,95,19,76,0.73684210526315785,0.77631578947368418,0.42105263157894735,0.84210526315789469,0.56140350877192979,0.451221794723217,54,22,3,16,0.86461218836565101,0.59910875781417716,0.57082109851359153
codebert_balanced_ratio_preserved_noise_mcc_selected_true_pr_auc_v1,codebert_class_weight_balanced,codebert,80/20,4,random_fp_10,test,50/50,test,learning_rate,2.0000000000000002e-05,2.0000000000000002e-05,3,True,5095,95,371.71725502901245,42,21,21,0.80952380952380953,0.80952380952380953,0.80952380952380953,0.80952380952380953,0.80952380952380953,0.61904761904761907,17,4,4,17,0.87528344671201819,0.90376238214584093,0.90177610985923473
codebert_balanced_ratio_preserved_noise_mcc_selected_true_pr_auc_v1,codebert_class_weight_balanced,codebert,80/20,4,random_fp_10,test,60/40,test,learning_rate,2.0000000000000002e-05,2.0000000000000002e-05,3,True,5095,95,371.71725502901245,53,21,32,0.79245283018867929,0.79538690476190477,0.70833333333333337,0.80952380952380953,0.75555555555555554,0.58049869858001624,25,7,4,17,0.81547619047619047,0.67859707585540718,0.66213804920391639
codebert_balanced_ratio_preserved_noise_mcc_selected_true_pr_auc_v1,codebert_class_weight_balanced,codebert,80/20,4,random_fp_10,test,70/30,test,learning_rate,2.0000000000000002e-05,2.0000000000000002e-05,3,True,5095,95,371.71725502901245,70,21,49,0.7857142857142857,0.79251700680272108,0.6071428571428571,0.80952380952380953,0.69387755102040816,0.54724920963020229,38,11,4,17,0.81632653061224492,0.62714095873995301,0.61057932842170048
codebert_balanced_ratio_preserved_noise_mcc_selected_true_pr_auc_v1,codebert_class_weight_balanced,codebert,80/20,4,random_fp_10,test,75/25,test,learning_rate,2.0000000000000002e-05,2.0000000000000002e-05,3,True,5095,95,371.71725502901245,84,21,63,0.77380952380952384,0.7857142857142857,0.53125,0.80952380952380953,0.64150943396226412,0.50952466536506802,48,15,4,17,0.82426303854875282,0.55860922411008795,0.54118168338707806
codebert_balanced_ratio_preserved_noise_mcc_selected_true_pr_auc_v1,codebert_class_weight_balanced,codebert,80/20,4,random_fp_10,test,80/20,test,learning_rate,2.0000000000000002e-05,2.0000000000000002e-05,3,True,5095,95,371.71725502901245,105,21,84,0.84761904761904761,0.83333333333333326,0.58620689655172409,0.80952380952380953,0.68000000000000005,0.59642005197922698,72,12,4,17,0.87414965986394555,0.69568390082241827,0.68888139539639437
codebert_balanced_ratio_preserved_noise_mcc_selected_true_pr_auc_v1,codebert_class_weight_balanced,codebert,80/20,4,random_fp_10,test,90/10,test,learning_rate,2.0000000000000002e-05,2.0000000000000002e-05,3,True,5095,95,371.71725502901245,210,21,189,0.78095238095238095,0.79365079365079372,0.28813559322033899,0.80952380952380953,0.42499999999999999,0.39200106289986725,147,42,4,17,0.84063995968757876,0.31850208811540476,0.31629674660101659
codebert_balanced_ratio_preserved_noise_mcc_selected_true_pr_auc_v1,codebert_class_weight_balanced,codebert,80/20,4,random_fp_20,validation,80/20,valid,learning_rate,2.0000000000000002e-05,2.0000000000000002e-05,5,True,6790,95,499.88096267404035,95,19,76,0.86315789473684212,0.75657894736842102,0.6875,0.57894736842105265,0.62857142857142856,0.54848035170143672,71,5,8,11,0.7174515235457064,0.58567916377046525,0.57671374466794445
codebert_balanced_ratio_preserved_noise_mcc_selected_true_pr_auc_v1,codebert_class_weight_balanced,codebert,80/20,4,random_fp_20,test,50/50,test,learning_rate,2.0000000000000002e-05,2.0000000000000002e-05,5,True,6790,95,499.88096267404035,42,21,21,0.7857142857142857,0.7857142857142857,1,0.5714285714285714,0.72727272727272729,0.63245553203367588,21,0,9,12,0.80045351473922888,0.86679095967021658,0.86437571390955426
codebert_balanced_ratio_preserved_noise_mcc_selected_true_pr_auc_v1,codebert_class_weight_balanced,codebert,80/20,4,random_fp_20,test,60/40,test,learning_rate,2.0000000000000002e-05,2.0000000000000002e-05,5,True,6790,95,499.88096267404035,53,21,32,0.81132075471698117,0.7700892857142857,0.92307692307692313,0.5714285714285714,0.70588235294117652,0.61407344434924471,31,1,9,12,0.76488095238095244,0.77354688435634156,0.76885723147010077
codebert_balanced_ratio_preserved_noise_mcc_selected_true_pr_auc_v1,codebert_class_weight_balanced,codebert,80/20,4,random_fp_20,test,70/30,test,learning_rate,2.0000000000000002e-05,2.0000000000000002e-05,5,True,6790,95,499.88096267404035,70,21,49,0.77142857142857146,0.71428571428571419,0.63157894736842102,0.5714285714285714,0.59999999999999998,0.44164062271091298,42,7,9,12,0.73177842565597662,0.63257309348378254,0.62359890749382108
codebert_balanced_ratio_preserved_noise_mcc_selected_true_pr_auc_v1,codebert_class_weight_balanced,codebert,80/20,4,random_fp_20,test,75/25,test,learning_rate,2.0000000000000002e-05,2.0000000000000002e-05,5,True,6790,95,499.88096267404035,84,21,63,0.8214285714285714,0.73809523809523814,0.66666666666666663,0.5714285714285714,0.61538461538461542,0.50251890762960605,57,6,9,12,0.75736961451247176,0.62010465044909235,0.61166516914899227
codebert_balanced_ratio_preserved_noise_mcc_selected_true_pr_auc_v1,codebert_class_weight_balanced,codebert,80/20,4,random_fp_20,test,80/20,test,learning_rate,2.0000000000000002e-05,2.0000000000000002e-05,5,True,6790,95,499.88096267404035,105,21,84,0.84761904761904761,0.74404761904761907,0.63157894736842102,0.5714285714285714,0.59999999999999998,0.50713996339517575,77,7,9,12,0.77636054421768697,0.65252255552625882,0.64731591181654768
codebert_balanced_ratio_preserved_noise_mcc_selected_true_pr_auc_v1,codebert_class_weight_balanced,codebert,80/20,4,random_fp_20,test,90/10,test,learning_rate,2.0000000000000002e-05,2.0000000000000002e-05,5,True,6790,95,499.88096267404035,210,21,189,0.85238095238095235,0.72751322751322745,0.35294117647058826,0.5714285714285714,0.43636363636363634,0.37057951116309701,167,22,9,12,0.74943310657596374,0.40105696551189451,0.3905061965442444
codebert_balanced_ratio_preserved_noise_mcc_selected_true_pr_auc_v1,codebert_class_weight_balanced,codebert,80/20,5,clean,validation,80/20,valid,learning_rate,2.0000000000000002e-05,2.0000000000000002e-05,1,True,3395,95,265.1036759109702,95,19,76,0.73684210526315785,0.83552631578947367,0.43181818181818182,1,0.60317460317460314,0.53830542192395503,51,25,0,19,0.9078947368421052,0.62398627908520665,0.60525922211817584
codebert_balanced_ratio_preserved_noise_mcc_selected_true_pr_auc_v1,codebert_class_weight_balanced,codebert,80/20,5,clean,test,50/50,test,learning_rate,2.0000000000000002e-05,2.0000000000000002e-05,1,True,3395,95,265.1036759109702,42,21,21,0.7857142857142857,0.7857142857142857,0.77272727272727271,0.80952380952380953,0.79069767441860461,0.57207755354735534,16,5,4,17,0.85260770975056688,0.77697700686138194,0.75134560856094201
codebert_balanced_ratio_preserved_noise_mcc_selected_true_pr_auc_v1,codebert_class_weight_balanced,codebert,80/20,5,clean,test,60/40,test,learning_rate,2.0000000000000002e-05,2.0000000000000002e-05,1,True,3395,95,265.1036759109702,53,21,32,0.660377358490566,0.68601190476190477,0.54838709677419351,0.80952380952380953,0.65384615384615385,0.36928629028836807,18,14,4,17,0.76636904761904756,0.59433072847098645,0.56845562921984871
codebert_balanced_ratio_preserved_noise_mcc_selected_true_pr_auc_v1,codebert_class_weight_balanced,codebert,80/20,5,clean,test,70/30,test,learning_rate,2.0000000000000002e-05,2.0000000000000002e-05,1,True,3395,95,265.1036759109702,70,21,49,0.68571428571428572,0.72108843537414968,0.48571428571428571,0.80952380952380953,0.6071428571428571,0.40526179615255731,31,18,4,17,0.81341107871720109,0.61707311491554706,0.59954553504469676
codebert_balanced_ratio_preserved_noise_mcc_selected_true_pr_auc_v1,codebert_class_weight_balanced,codebert,80/20,5,clean,test,75/25,test,learning_rate,2.0000000000000002e-05,2.0000000000000002e-05,1,True,3395,95,265.1036759109702,84,21,63,0.7857142857142857,0.79365079365079372,0.54838709677419351,0.80952380952380953,0.65384615384615385,0.52701419743016409,49,14,4,17,0.87490551776266068,0.63334231257900719,0.61937438071079454
codebert_balanced_ratio_preserved_noise_mcc_selected_true_pr_auc_v1,codebert_class_weight_balanced,codebert,80/20,5,clean,test,80/20,test,learning_rate,2.0000000000000002e-05,2.0000000000000002e-05,1,True,3395,95,265.1036759109702,105,21,84,0.59999999999999998,0.6785714285714286,0.30909090909090908,0.80952380952380953,0.44736842105263158,0.28603877677367767,46,38,4,17,0.7857142857142857,0.41283997342575585,0.38952173010462204
codebert_balanced_ratio_preserved_noise_mcc_selected_true_pr_auc_v1,codebert_class_weight_balanced,codebert,80/20,5,clean,test,90/10,test,learning_rate,2.0000000000000002e-05,2.0000000000000002e-05,1,True,3395,95,265.1036759109702,210,21,189,0.70476190476190481,0.75132275132275139,0.22666666666666666,0.80952380952380953,0.35416666666666669,0.31470586349997037,131,58,4,17,0.81670445956160242,0.26109359034109425,0.24560615462788346
codebert_balanced_ratio_preserved_noise_mcc_selected_true_pr_auc_v1,codebert_class_weight_balanced,codebert,80/20,5,heuristic_fp_10,validation,80/20,valid,learning_rate,2.0000000000000002e-05,2.0000000000000002e-05,3,True,5095,95,474.6952690029284,95,19,76,0.82105263157894737,0.78947368421052633,0.53846153846153844,0.73684210526315785,0.62222222222222223,0.51941138111487417,64,12,5,14,0.86876731301939047,0.53075492712220396,0.49876544337538159
codebert_balanced_ratio_preserved_noise_mcc_selected_true_pr_auc_v1,codebert_class_weight_balanced,codebert,80/20,5,heuristic_fp_10,test,50/50,test,learning_rate,2.0000000000000002e-05,2.0000000000000002e-05,3,True,5095,95,474.6952690029284,42,21,21,0.83333333333333337,0.83333333333333326,0.9375,0.7142857142857143,0.81081081081081086,0.6864064729836441,20,1,6,15,0.93877551020408168,0.92389718272114507,0.92071300588835658
codebert_balanced_ratio_preserved_noise_mcc_selected_true_pr_auc_v1,codebert_class_weight_balanced,codebert,80/20,5,heuristic_fp_10,test,60/40,test,learning_rate,2.0000000000000002e-05,2.0000000000000002e-05,3,True,5095,95,474.6952690029284,53,21,32,0.81132075471698117,0.79464285714285721,0.78947368421052633,0.7142857142857143,0.75,0.60102742638844608,28,4,6,15,0.859375,0.75195222709375731,0.72677924819104978
codebert_balanced_ratio_preserved_noise_mcc_selected_true_pr_auc_v1,codebert_class_weight_balanced,codebert,80/20,5,heuristic_fp_10,test,70/30,test,learning_rate,2.0000000000000002e-05,2.0000000000000002e-05,3,True,5095,95,474.6952690029284,70,21,49,0.81428571428571428,0.7857142857142857,0.68181818181818177,0.7142857142857143,0.69767441860465118,0.56407607481776623,42,7,6,15,0.86783284742468414,0.79241661380537987,0.78774644765587043
codebert_balanced_ratio_preserved_noise_mcc_selected_true_pr_auc_v1,codebert_class_weight_balanced,codebert,80/20,5,heuristic_fp_10,test,75/25,test,learning_rate,2.0000000000000002e-05,2.0000000000000002e-05,3,True,5095,95,474.6952690029284,84,21,63,0.84523809523809523,0.80158730158730163,0.68181818181818177,0.7142857142857143,0.69767441860465118,0.59404012950668628,56,7,6,15,0.90740740740740744,0.77241375027089321,0.76641117086974386
codebert_balanced_ratio_preserved_noise_mcc_selected_true_pr_auc_v1,codebert_class_weight_balanced,codebert,80/20,5,heuristic_fp_10,test,80/20,test,learning_rate,2.0000000000000002e-05,2.0000000000000002e-05,3,True,5095,95,474.6952690029284,105,21,84,0.84761904761904761,0.79761904761904767,0.59999999999999998,0.7142857142857143,0.65217391304347827,0.55901699437494745,74,10,6,15,0.86763038548752835,0.61621639244941684,0.60113071832296883
codebert_balanced_ratio_preserved_noise_mcc_selected_true_pr_auc_v1,codebert_class_weight_balanced,codebert,80/20,5,heuristic_fp_10,test,90/10,test,learning_rate,2.0000000000000002e-05,2.0000000000000002e-05,3,True,5095,95,474.6952690029284,210,21,189,0.84761904761904761,0.78835978835978837,0.36585365853658536,0.7142857142857143,0.4838709677419355,0.43648564220148878,163,26,6,15,0.88674729150919629,0.54452946706064476,0.5328743459418992
codebert_balanced_ratio_preserved_noise_mcc_selected_true_pr_auc_v1,codebert_class_weight_balanced,codebert,80/20,5,heuristic_fp_20,validation,80/20,valid,learning_rate,2.0000000000000002e-05,2.0000000000000002e-05,2,True,6790,95,578.61615492799319,95,19,76,0.81052631578947365,0.78289473684210531,0.51851851851851849,0.73684210526315785,0.60869565217391308,0.50176703011003687,63,13,5,14,0.8642659279778393,0.55416375552703212,0.52247777251475547
codebert_balanced_ratio_preserved_noise_mcc_selected_true_pr_auc_v1,codebert_class_weight_balanced,codebert,80/20,5,heuristic_fp_20,test,50/50,test,learning_rate,2.0000000000000002e-05,2.0000000000000002e-05,2,True,6790,95,578.61615492799319,42,21,21,0.80952380952380953,0.80952380952380953,0.88235294117647056,0.7142857142857143,0.78947368421052633,0.63059262509446579,19,2,6,15,0.95011337868480727,0.94099932718353796,0.93862532591247794
codebert_balanced_ratio_preserved_noise_mcc_selected_true_pr_auc_v1,codebert_class_weight_balanced,codebert,80/20,5,heuristic_fp_20,test,60/40,test,learning_rate,2.0000000000000002e-05,2.0000000000000002e-05,2,True,6790,95,578.61615492799319,53,21,32,0.75471698113207553,0.74776785714285721,0.68181818181818177,0.7142857142857143,0.69767441860465118,0.49188933866410628,25,7,6,15,0.82738095238095233,0.65410669582315517,0.628709491787387
codebert_balanced_ratio_preserved_noise_mcc_selected_true_pr_auc_v1,codebert_class_weight_balanced,codebert,80/20,5,heuristic_fp_20,test,70/30,test,learning_rate,2.0000000000000002e-05,2.0000000000000002e-05,2,True,6790,95,578.61615492799319,70,21,49,0.75714285714285712,0.74489795918367352,0.57692307692307687,0.7142857142857143,0.63829787234042556,0.46452579668325827,38,11,6,15,0.86929057337220594,0.76039277359255575,0.7537114079492393
codebert_balanced_ratio_preserved_noise_mcc_selected_true_pr_auc_v1,codebert_class_weight_balanced,codebert,80/20,5,heuristic_fp_20,test,75/25,test,learning_rate,2.0000000000000002e-05,2.0000000000000002e-05,2,True,6790,95,578.61615492799319,84,21,63,0.8214285714285714,0.7857142857142857,0.625,0.7142857142857143,0.66666666666666663,0.54772255750516607,54,9,6,15,0.9024943310657596,0.72202835863094639,0.71658532368674277
codebert_balanced_ratio_preserved_noise_mcc_selected_true_pr_auc_v1,codebert_class_weight_balanced,codebert,80/20,5,heuristic_fp_20,test,80/20,test,learning_rate,2.0000000000000002e-05,2.0000000000000002e-05,2,True,6790,95,578.61615492799319,105,21,84,0.79047619047619044,0.76190476190476186,0.4838709677419355,0.7142857142857143,0.57692307692307687,0.45933122986262781,68,16,6,15,0.86848072562358281,0.51323190562849819,0.48875498212713492
codebert_balanced_ratio_preserved_noise_mcc_selected_true_pr_auc_v1,codebert_class_weight_balanced,codebert,80/20,5,heuristic_fp_20,test,90/10,test,learning_rate,2.0000000000000002e-05,2.0000000000000002e-05,2,True,6790,95,578.61615492799319,210,21,189,0.81904761904761902,0.77248677248677255,0.31914893617021278,0.7142857142857143,0.44117647058823528,0.39225929081491462,157,32,6,15,0.88737717309145892,0.38171394753544857,0.35859664274665393
codebert_balanced_ratio_preserved_noise_mcc_selected_true_pr_auc_v1,codebert_class_weight_balanced,codebert,80/20,5,random_flip_10,validation,80/20,valid,learning_rate,2.0000000000000002e-05,2.0000000000000002e-05,2,True,3395,95,270.18270179501269,95,19,76,0.78947368421052633,0.80921052631578938,0.48484848484848486,0.84210526315789469,0.61538461538461542,0.51953528373532365,59,17,3,16,0.86357340720221598,0.54934433786234349,0.53070185099542189
codebert_balanced_ratio_preserved_noise_mcc_selected_true_pr_auc_v1,codebert_class_weight_balanced,codebert,80/20,5,random_flip_10,test,50/50,test,learning_rate,2.0000000000000002e-05,2.0000000000000002e-05,2,True,3395,95,270.18270179501269,42,21,21,0.73809523809523814,0.73809523809523814,0.8571428571428571,0.5714285714285714,0.68571428571428572,0.50507627227610541,19,2,9,12,0.85714285714285721,0.79074050671537033,0.76620763557337723
codebert_balanced_ratio_preserved_noise_mcc_selected_true_pr_auc_v1,codebert_class_weight_balanced,codebert,80/20,5,random_flip_10,test,60/40,test,learning_rate,2.0000000000000002e-05,2.0000000000000002e-05,2,True,3395,95,270.18270179501269,53,21,32,0.69811320754716977,0.6763392857142857,0.63157894736842102,0.5714285714285714,0.59999999999999998,0.35970580821732762,25,7,9,12,0.73586309523809512,0.55423561962792078,0.52996450327310474
codebert_balanced_ratio_preserved_noise_mcc_selected_true_pr_auc_v1,codebert_class_weight_balanced,codebert,80/20,5,random_flip_10,test,70/30,test,learning_rate,2.0000000000000002e-05,2.0000000000000002e-05,2,True,3395,95,270.18270179501269,70,21,49,0.74285714285714288,0.69387755102040816,0.5714285714285714,0.5714285714285714,0.5714285714285714,0.38775510204081631,40,9,9,12,0.79300291545189494,0.62483720177027435,0.60855779918363395
codebert_balanced_ratio_preserved_noise_mcc_selected_true_pr_auc_v1,codebert_class_weight_balanced,codebert,80/20,5,random_flip_10,test,75/25,test,learning_rate,2.0000000000000002e-05,2.0000000000000002e-05,2,True,3395,95,270.18270179501269,84,21,63,0.80952380952380953,0.73015873015873012,0.63157894736842102,0.5714285714285714,0.59999999999999998,0.47643525615380605,56,7,9,12,0.84164777021919879,0.58181277512677476,0.55295670032061439
codebert_balanced_ratio_preserved_noise_mcc_selected_true_pr_auc_v1,codebert_class_weight_balanced,codebert,80/20,5,random_flip_10,test,80/20,test,learning_rate,2.0000000000000002e-05,2.0000000000000002e-05,2,True,3395,95,270.18270179501269,105,21,84,0.73333333333333328,0.67261904761904767,0.38709677419354838,0.5714285714285714,0.46153846153846156,0.30274103786400469,65,19,9,12,0.76190476190476186,0.41829508132211457,0.38914786573372961
codebert_balanced_ratio_preserved_noise_mcc_selected_true_pr_auc_v1,codebert_class_weight_balanced,codebert,80/20,5,random_flip_10,test,90/10,test,learning_rate,2.0000000000000002e-05,2.0000000000000002e-05,2,True,3395,95,270.18270179501269,210,21,189,0.76190476190476186,0.67724867724867721,0.22641509433962265,0.5714285714285714,0.32432432432432434,0.2448306507848387,148,41,9,12,0.78508440413202307,0.26225602141236676,0.24300040937257644
codebert_balanced_ratio_preserved_noise_mcc_selected_true_pr_auc_v1,codebert_class_weight_balanced,codebert,80/20,5,random_flip_20,validation,80/20,valid,learning_rate,2.0000000000000002e-05,2.0000000000000002e-05,1,True,3395,95,300.74781952402554,95,19,76,0.21052631578947367,0.50657894736842102,0.20212765957446807,1,0.33628318584070799,0.051571062312939668,1,75,0,19,0.49549861495844877,0.2096090269054493,0.20129921472919743
codebert_balanced_ratio_preserved_noise_mcc_selected_true_pr_auc_v1,codebert_class_weight_balanced,codebert,80/20,5,random_flip_20,test,50/50,test,learning_rate,2.0000000000000002e-05,2.0000000000000002e-05,1,True,3395,95,300.74781952402554,42,21,21,0.5,0.5,0.5,1,0.66666666666666663,0,0,21,0,21,0.56462585034013602,0.59465221495296672,0.63196668950382506
codebert_balanced_ratio_preserved_noise_mcc_selected_true_pr_auc_v1,codebert_class_weight_balanced,codebert,80/20,5,random_flip_20,test,60/40,test,learning_rate,2.0000000000000002e-05,2.0000000000000002e-05,1,True,3395,95,300.74781952402554,53,21,32,0.39622641509433965,0.5,0.39622641509433965,1,0.56756756756756754,0,0,32,0,21,0.57886904761904756,0.44632177149434399,0.47899854402385467
codebert_balanced_ratio_preserved_noise_mcc_selected_true_pr_auc_v1,codebert_class_weight_balanced,codebert,80/20,5,random_flip_20,test,70/30,test,learning_rate,2.0000000000000002e-05,2.0000000000000002e-05,1,True,3395,95,300.74781952402554,70,21,49,0.29999999999999999,0.5,0.29999999999999999,1,0.46153846153846156,0,0,49,0,21,0.54810495626822142,0.33440607012035584,0.3171674984574771
codebert_balanced_ratio_preserved_noise_mcc_selected_true_pr_auc_v1,codebert_class_weight_balanced,codebert,80/20,5,random_flip_20,test,75/25,test,learning_rate,2.0000000000000002e-05,2.0000000000000002e-05,1,True,3395,95,300.74781952402554,84,21,63,0.25,0.5,0.25,1,0.40000000000000002,0,0,63,0,21,0.526077097505669,0.26433590303006294,0.29579542635574035
codebert_balanced_ratio_preserved_noise_mcc_selected_true_pr_auc_v1,codebert_class_weight_balanced,codebert,80/20,5,random_flip_20,test,80/20,test,learning_rate,2.0000000000000002e-05,2.0000000000000002e-05,1,True,3395,95,300.74781952402554,105,21,84,0.20000000000000001,0.5,0.20000000000000001,1,0.33333333333333331,0,0,84,0,21,0.50085034013605434,0.20246519692033749,0.19010655773390384
codebert_balanced_ratio_preserved_noise_mcc_selected_true_pr_auc_v1,codebert_class_weight_balanced,codebert,80/20,5,random_flip_20,test,90/10,test,learning_rate,2.0000000000000002e-05,2.0000000000000002e-05,1,True,3395,95,300.74781952402554,210,21,189,0.10952380952380952,0.50529100529100535,0.10096153846153846,1,0.18340611353711792,0.032686022523030669,2,187,0,21,0.50579491055681536,0.10388683477690781,0.096455052265515484
codebert_balanced_ratio_preserved_noise_mcc_selected_true_pr_auc_v1,codebert_class_weight_balanced,codebert,80/20,5,random_fp_10,validation,80/20,valid,learning_rate,2.0000000000000002e-05,2.0000000000000002e-05,3,True,5095,95,410.74498436693102,95,19,76,0.84210526315789469,0.80263157894736836,0.58333333333333337,0.73684210526315785,0.65116279069767447,0.55717682057823559,66,10,5,14,0.88919667590027696,0.58676303930281892,0.55512330740698146
codebert_balanced_ratio_preserved_noise_mcc_selected_true_pr_auc_v1,codebert_class_weight_balanced,codebert,80/20,5,random_fp_10,test,50/50,test,learning_rate,2.0000000000000002e-05,2.0000000000000002e-05,3,True,5095,95,410.74498436693102,42,21,21,0.76190476190476186,0.76190476190476186,0.92307692307692313,0.5714285714285714,0.70588235294117652,0.5665288228870653,20,1,9,12,0.89342403628117917,0.85934501496023596,0.85140421889884665
codebert_balanced_ratio_preserved_noise_mcc_selected_true_pr_auc_v1,codebert_class_weight_balanced,codebert,80/20,5,random_fp_10,test,60/40,test,learning_rate,2.0000000000000002e-05,2.0000000000000002e-05,3,True,5095,95,410.74498436693102,53,21,32,0.75471698113207553,0.7232142857142857,0.75,0.5714285714285714,0.64864864864864868,0.47563714634235094,28,4,9,12,0.81994047619047616,0.68233289140299314,0.65456129094719562
codebert_balanced_ratio_preserved_noise_mcc_selected_true_pr_auc_v1,codebert_class_weight_balanced,codebert,80/20,5,random_fp_10,test,70/30,test,learning_rate,2.0000000000000002e-05,2.0000000000000002e-05,3,True,5095,95,410.74498436693102,70,21,49,0.80000000000000004,0.73469387755102034,0.70588235294117652,0.5714285714285714,0.63157894736842102,0.50162254571862708,44,5,9,12,0.83673469387755095,0.68483305916261861,0.67382575184502946
codebert_balanced_ratio_preserved_noise_mcc_selected_true_pr_auc_v1,codebert_class_weight_balanced,codebert,80/20,5,random_fp_10,test,75/25,test,learning_rate,2.0000000000000002e-05,2.0000000000000002e-05,3,True,5095,95,410.74498436693102,84,21,63,0.84523809523809523,0.75396825396825395,0.75,0.5714285714285714,0.64864864864864868,0.56011203361120387,59,4,9,12,0.89342403628117917,0.72250781778823092,0.71251112562252072
codebert_balanced_ratio_preserved_noise_mcc_selected_true_pr_auc_v1,codebert_class_weight_balanced,codebert,80/20,5,random_fp_10,test,80/20,test,learning_rate,2.0000000000000002e-05,2.0000000000000002e-05,3,True,5095,95,410.74498436693102,105,21,84,0.80952380952380953,0.72023809523809523,0.52173913043478259,0.5714285714285714,0.54545454545454541,0.42599145162911622,73,11,9,12,0.83418367346938771,0.47272944798191957,0.44835717770318312
codebert_balanced_ratio_preserved_noise_mcc_selected_true_pr_auc_v1,codebert_class_weight_balanced,codebert,80/20,5,random_fp_10,test,90/10,test,learning_rate,2.0000000000000002e-05,2.0000000000000002e-05,3,True,5095,95,410.74498436693102,210,21,189,0.87619047619047619,0.7407407407407407,0.41379310344827586,0.5714285714285714,0.47999999999999998,0.41867964881891812,172,17,9,12,0.86696900982615266,0.40451926100485081,0.37576734008917312
codebert_balanced_ratio_preserved_noise_mcc_selected_true_pr_auc_v1,codebert_class_weight_balanced,codebert,80/20,5,random_fp_20,validation,80/20,valid,learning_rate,2.0000000000000002e-05,2.0000000000000002e-05,1,True,6790,95,572.04250022594351,95,19,76,0.83157894736842108,0.85526315789473684,0.54838709677419351,0.89473684210526316,0.68000000000000005,0.60616789434036533,62,14,2,17,0.91378116343490301,0.6457319467045588,0.64169385980635973
codebert_balanced_ratio_preserved_noise_mcc_selected_true_pr_auc_v1,codebert_class_weight_balanced,codebert,80/20,5,random_fp_20,test,50/50,test,learning_rate,2.0000000000000002e-05,2.0000000000000002e-05,1,True,6790,95,572.04250022594351,42,21,21,0.80952380952380953,0.80952380952380953,0.88235294117647056,0.7142857142857143,0.78947368421052633,0.63059262509446579,19,2,6,15,0.90022675736961455,0.8866352643933425,0.88257020409335341
codebert_balanced_ratio_preserved_noise_mcc_selected_true_pr_auc_v1,codebert_class_weight_balanced,codebert,80/20,5,random_fp_20,test,60/40,test,learning_rate,2.0000000000000002e-05,2.0000000000000002e-05,1,True,6790,95,572.04250022594351,53,21,32,0.75471698113207553,0.74776785714285721,0.68181818181818177,0.7142857142857143,0.69767441860465118,0.49188933866410628,25,7,6,15,0.82291666666666674,0.75620983510602668,0.7478970011390127
codebert_balanced_ratio_preserved_noise_mcc_selected_true_pr_auc_v1,codebert_class_weight_balanced,codebert,80/20,5,random_fp_20,test,70/30,test,learning_rate,2.0000000000000002e-05,2.0000000000000002e-05,1,True,6790,95,572.04250022594351,70,21,49,0.72857142857142854,0.72448979591836737,0.5357142857142857,0.7142857142857143,0.61224489795918369,0.4199819515766669,36,13,6,15,0.83090379008746362,0.73177596661335076,0.72636802883263329
codebert_balanced_ratio_preserved_noise_mcc_selected_true_pr_auc_v1,codebert_class_weight_balanced,codebert,80/20,5,random_fp_20,test,75/25,test,learning_rate,2.0000000000000002e-05,2.0000000000000002e-05,1,True,6790,95,572.04250022594351,84,21,63,0.83333333333333337,0.79365079365079372,0.65217391304347827,0.7142857142857143,0.68181818181818177,0.5703116736349898,55,8,6,15,0.86810279667422519,0.65203061161224929,0.64282707895531654
codebert_balanced_ratio_preserved_noise_mcc_selected_true_pr_auc_v1,codebert_class_weight_balanced,codebert,80/20,5,random_fp_20,test,80/20,test,learning_rate,2.0000000000000002e-05,2.0000000000000002e-05,1,True,6790,95,572.04250022594351,105,21,84,0.77142857142857146,0.75,0.45454545454545453,0.7142857142857143,0.55555555555555558,0.43082021842766455,66,18,6,15,0.81065759637188206,0.56300843434816827,0.55217318156170081
codebert_balanced_ratio_preserved_noise_mcc_selected_true_pr_auc_v1,codebert_class_weight_balanced,codebert,80/20,5,random_fp_20,test,90/10,test,learning_rate,2.0000000000000002e-05,2.0000000000000002e-05,1,True,6790,95,572.04250022594351,210,21,189,0.79523809523809519,0.7592592592592593,0.28846153846153844,0.7142857142857143,0.41095890410958902,0.36039155500656173,152,37,6,15,0.84164777021919879,0.46992679895158684,0.46190948240153179
codebert_balanced_ratio_preserved_noise_mcc_selected_true_pr_auc_v1,codebert_class_weight_balanced,codebert,90/10,1,clean,validation,90/10,valid,learning_rate,2.0000000000000002e-05,2.0000000000000002e-05,4,True,6790,190,580.90222464490216,190,19,171,0.91578947368421049,0.69590643274853803,0.61538461538461542,0.42105263157894735,0.5,0.46558098913467627,166,5,11,8,0.89104339796860577,0.48186140778930342,0.4503599813866162
codebert_balanced_ratio_preserved_noise_mcc_selected_true_pr_auc_v1,codebert_class_weight_balanced,codebert,90/10,1,clean,test,50/50,test,learning_rate,2.0000000000000002e-05,2.0000000000000002e-05,4,True,6790,190,580.90222464490216,42,21,21,0.6428571428571429,0.64285714285714279,1,0.2857142857142857,0.44444444444444442,0.40824829046386302,21,0,15,6,0.85941043083900226,0.89005622143507179,0.88766882474510833
codebert_balanced_ratio_preserved_noise_mcc_selected_true_pr_auc_v1,codebert_class_weight_balanced,codebert,90/10,1,clean,test,60/40,test,learning_rate,2.0000000000000002e-05,2.0000000000000002e-05,4,True,6790,190,580.90222464490216,53,21,32,0.69811320754716977,0.62723214285714279,0.8571428571428571,0.2857142857142857,0.42857142857142855,0.36760680138690238,31,1,15,6,0.78943452380952384,0.73334248292047222,0.72681854073327323
codebert_balanced_ratio_preserved_noise_mcc_selected_true_pr_auc_v1,codebert_class_weight_balanced,codebert,90/10,1,clean,test,70/30,test,learning_rate,2.0000000000000002e-05,2.0000000000000002e-05,4,True,6790,190,580.90222464490216,70,21,49,0.75714285714285712,0.62244897959183665,0.75,0.2857142857142857,0.41379310344827586,0.35273781075132921,47,2,15,6,0.86491739552964042,0.73857289436912077,0.73049571240585376
codebert_balanced_ratio_preserved_noise_mcc_selected_true_pr_auc_v1,codebert_class_weight_balanced,codebert,90/10,1,clean,test,75/25,test,learning_rate,2.0000000000000002e-05,2.0000000000000002e-05,4,True,6790,190,580.90222464490216,84,21,63,0.79761904761904767,0.62698412698412698,0.75,0.2857142857142857,0.41379310344827586,0.3746343246326776,61,2,15,6,0.89191232048374913,0.69488713635055099,0.66862823939386762
codebert_balanced_ratio_preserved_noise_mcc_selected_true_pr_auc_v1,codebert_class_weight_balanced,codebert,90/10,1,clean,test,80/20,test,learning_rate,2.0000000000000002e-05,2.0000000000000002e-05,4,True,6790,190,580.90222464490216,105,21,84,0.81904761904761902,0.61904761904761907,0.59999999999999998,0.2857142857142857,0.38709677419354838,0.32444284226152509,80,4,15,6,0.83191609977324255,0.58533547428598331,0.57532567242138932
codebert_balanced_ratio_preserved_noise_mcc_selected_true_pr_auc_v1,codebert_class_weight_balanced,codebert,90/10,1,clean,test,90/10,test,learning_rate,2.0000000000000002e-05,2.0000000000000002e-05,4,True,6790,190,580.90222464490216,210,21,189,0.90000000000000002,0.62698412698412698,0.5,0.2857142857142857,0.36363636363636365,0.3282439759448873,183,6,15,6,0.85500125976316443,0.42853342370205821,0.40193369590986772
codebert_balanced_ratio_preserved_noise_mcc_selected_true_pr_auc_v1,codebert_class_weight_balanced,codebert,90/10,1,heuristic_fp_10,validation,90/10,valid,learning_rate,2.0000000000000002e-05,2.0000000000000002e-05,2,True,13580,190,1054.6427069529891,190,19,171,0.86842105263157898,0.71637426900584789,0.38461538461538464,0.52631578947368418,0.44444444444444442,0.37774773329620814,155,16,9,10,0.89519852262234534,0.44033965927314922,0.40987894982888023
codebert_balanced_ratio_preserved_noise_mcc_selected_true_pr_auc_v1,codebert_class_weight_balanced,codebert,90/10,1,heuristic_fp_10,test,50/50,test,learning_rate,2.0000000000000002e-05,2.0000000000000002e-05,2,True,13580,190,1054.6427069529891,42,21,21,0.7142857142857143,0.7142857142857143,0.84615384615384615,0.52380952380952384,0.6470588235294118,0.4635235823621443,19,2,10,11,0.90702947845804993,0.90970305312080146,0.90732942251574022
codebert_balanced_ratio_preserved_noise_mcc_selected_true_pr_auc_v1,codebert_class_weight_balanced,codebert,90/10,1,heuristic_fp_10,test,60/40,test,learning_rate,2.0000000000000002e-05,2.0000000000000002e-05,2,True,13580,190,1054.6427069529891,53,21,32,0.77358490566037741,0.73065476190476186,0.84615384615384615,0.52380952380952384,0.6470588235294118,0.52441533814949282,30,2,10,11,0.91220238095238093,0.87822198807750751,0.87520780455783331
codebert_balanced_ratio_preserved_noise_mcc_selected_true_pr_auc_v1,codebert_class_weight_balanced,codebert,90/10,1,heuristic_fp_10,test,70/30,test,learning_rate,2.0000000000000002e-05,2.0000000000000002e-05,2,True,13580,190,1054.6427069529891,70,21,49,0.7857142857142857,0.71088435374149661,0.6875,0.52380952380952384,0.59459459459459463,0.46028324996028647,44,5,10,11,0.91156462585034015,0.81293257487190607,0.80825763620506619
codebert_balanced_ratio_preserved_noise_mcc_selected_true_pr_auc_v1,codebert_class_weight_balanced,codebert,90/10,1,heuristic_fp_10,test,75/25,test,learning_rate,2.0000000000000002e-05,2.0000000000000002e-05,2,True,13580,190,1054.6427069529891,84,21,63,0.84523809523809523,0.73809523809523814,0.7857142857142857,0.52380952380952384,0.62857142857142856,0.55328333517248818,60,3,10,11,0.93499622071050636,0.84444564316548432,0.8410523943506909
codebert_balanced_ratio_preserved_noise_mcc_selected_true_pr_auc_v1,codebert_class_weight_balanced,codebert,90/10,1,heuristic_fp_10,test,80/20,test,learning_rate,2.0000000000000002e-05,2.0000000000000002e-05,2,True,13580,190,1054.6427069529891,105,21,84,0.82857142857142863,0.7142857142857143,0.57894736842105265,0.52380952380952384,0.55000000000000004,0.44529362639576409,76,8,10,11,0.90107709750566889,0.6659789339220179,0.65443072284460957
codebert_balanced_ratio_preserved_noise_mcc_selected_true_pr_auc_v1,codebert_class_weight_balanced,codebert,90/10,1,heuristic_fp_10,test,90/10,test,learning_rate,2.0000000000000002e-05,2.0000000000000002e-05,2,True,13580,190,1054.6427069529891,210,21,189,0.8571428571428571,0.70899470899470907,0.35483870967741937,0.52380952380952384,0.42307692307692307,0.35350737135835453,169,20,10,11,0.8873771730914588,0.46580661031867437,0.45864663685974671
codebert_balanced_ratio_preserved_noise_mcc_selected_true_pr_auc_v1,codebert_class_weight_balanced,codebert,90/10,1,heuristic_fp_20,validation,90/10,valid,learning_rate,2.0000000000000002e-05,2.0000000000000002e-05,1,True,20370,190,1527.6438842859352,190,19,171,0.91578947368421049,0.64912280701754388,0.66666666666666663,0.31578947368421051,0.42857142857142855,0.42120001620672759,168,3,13,6,0.88257925515543234,0.45032176120559037,0.42342853428907185
codebert_balanced_ratio_preserved_noise_mcc_selected_true_pr_auc_v1,codebert_class_weight_balanced,codebert,90/10,1,heuristic_fp_20,test,50/50,test,learning_rate,2.0000000000000002e-05,2.0000000000000002e-05,1,True,20370,190,1527.6438842859352,42,21,21,0.54761904761904767,0.54761904761904767,1,0.095238095238095233,0.17391304347826086,0.22360679774997896,21,0,19,2,0.8458049886621315,0.8520712801137813,0.84806747536361149
codebert_balanced_ratio_preserved_noise_mcc_selected_true_pr_auc_v1,codebert_class_weight_balanced,codebert,90/10,1,heuristic_fp_20,test,60/40,test,learning_rate,2.0000000000000002e-05,2.0000000000000002e-05,1,True,20370,190,1527.6438842859352,53,21,32,0.62264150943396224,0.53199404761904767,0.66666666666666663,0.095238095238095233,0.16666666666666666,0.13543726949497309,31,1,19,2,0.87202380952380953,0.78351975452453582,0.77044955036631735
codebert_balanced_ratio_preserved_noise_mcc_selected_true_pr_auc_v1,codebert_class_weight_balanced,codebert,90/10,1,heuristic_fp_20,test,70/30,test,learning_rate,2.0000000000000002e-05,2.0000000000000002e-05,1,True,20370,190,1527.6438842859352,70,21,49,0.72857142857142854,0.54761904761904767,1,0.095238095238095233,0.17391304347826086,0.26196841599779191,49,0,19,2,0.86686103012633631,0.76062379810739267,0.75519590043416596
codebert_balanced_ratio_preserved_noise_mcc_selected_true_pr_auc_v1,codebert_class_weight_balanced,codebert,90/10,1,heuristic_fp_20,test,75/25,test,learning_rate,2.0000000000000002e-05,2.0000000000000002e-05,1,True,20370,190,1527.6438842859352,84,21,63,0.76190476190476186,0.53968253968253965,0.66666666666666663,0.095238095238095233,0.16666666666666666,0.18518518518518517,62,1,19,2,0.90060468631897195,0.7385414146012288,0.72901572881752963
codebert_balanced_ratio_preserved_noise_mcc_selected_true_pr_auc_v1,codebert_class_weight_balanced,codebert,90/10,1,heuristic_fp_20,test,80/20,test,learning_rate,2.0000000000000002e-05,2.0000000000000002e-05,1,True,20370,190,1527.6438842859352,105,21,84,0.80952380952380953,0.54166666666666674,0.66666666666666663,0.095238095238095233,0.16666666666666666,0.20008168266626031,83,1,19,2,0.86026077097505671,0.62088542126807433,0.60620695060210106
codebert_balanced_ratio_preserved_noise_mcc_selected_true_pr_auc_v1,codebert_class_weight_balanced,codebert,90/10,1,heuristic_fp_20,test,90/10,test,learning_rate,2.0000000000000002e-05,2.0000000000000002e-05,1,True,20370,190,1527.6438842859352,210,21,189,0.89047619047619042,0.53703703703703698,0.33333333333333331,0.095238095238095233,0.14814814814814814,0.13338778844417354,185,4,19,2,0.85890652557319225,0.37740725919811868,0.35005953996355077
codebert_balanced_ratio_preserved_noise_mcc_selected_true_pr_auc_v1,codebert_class_weight_balanced,codebert,90/10,1,random_flip_10,validation,90/10,valid,learning_rate,2.0000000000000002e-05,2.0000000000000002e-05,1,True,6790,190,566.2203710519243,190,19,171,0.90000000000000002,0.5,0,0,0,0,171,0,19,0,0.87473068636503526,0.31398406441468801,0.29388654446582363
codebert_balanced_ratio_preserved_noise_mcc_selected_true_pr_auc_v1,codebert_class_weight_balanced,codebert,90/10,1,random_flip_10,test,50/50,test,learning_rate,2.0000000000000002e-05,2.0000000000000002e-05,1,True,6790,190,566.2203710519243,42,21,21,0.5,0.5,0,0,0,0,21,0,21,0,0.79591836734693888,0.82514504333469851,0.82086122342900925
codebert_balanced_ratio_preserved_noise_mcc_selected_true_pr_auc_v1,codebert_class_weight_balanced,codebert,90/10,1,random_flip_10,test,60/40,test,learning_rate,2.0000000000000002e-05,2.0000000000000002e-05,1,True,6790,190,566.2203710519243,53,21,32,0.60377358490566035,0.5,0,0,0,0,32,0,21,0,0.78125,0.72773225386668239,0.72020826570083218
codebert_balanced_ratio_preserved_noise_mcc_selected_true_pr_auc_v1,codebert_class_weight_balanced,codebert,90/10,1,random_flip_10,test,70/30,test,learning_rate,2.0000000000000002e-05,2.0000000000000002e-05,1,True,6790,190,566.2203710519243,70,21,49,0.69999999999999996,0.5,0,0,0,0,49,0,21,0,0.82021379980563658,0.64754363854833119,0.62120229630009682
codebert_balanced_ratio_preserved_noise_mcc_selected_true_pr_auc_v1,codebert_class_weight_balanced,codebert,90/10,1,random_flip_10,test,75/25,test,learning_rate,2.0000000000000002e-05,2.0000000000000002e-05,1,True,6790,190,566.2203710519243,84,21,63,0.75,0.5,0,0,0,0,63,0,21,0,0.85978835978835988,0.65134608922779758,0.64002300251853605
codebert_balanced_ratio_preserved_noise_mcc_selected_true_pr_auc_v1,codebert_class_weight_balanced,codebert,90/10,1,random_flip_10,test,80/20,test,learning_rate,2.0000000000000002e-05,2.0000000000000002e-05,1,True,6790,190,566.2203710519243,105,21,84,0.80000000000000004,0.5,0,0,0,0,84,0,21,0,0.7987528344671202,0.45435198356415107,0.42933394227153443
codebert_balanced_ratio_preserved_noise_mcc_selected_true_pr_auc_v1,codebert_class_weight_balanced,codebert,90/10,1,random_flip_10,test,90/10,test,learning_rate,2.0000000000000002e-05,2.0000000000000002e-05,1,True,6790,190,566.2203710519243,210,21,189,0.90000000000000002,0.5,0,0,0,0,189,0,21,0,0.8158226253464349,0.31993456751521132,0.29890596742017866
codebert_balanced_ratio_preserved_noise_mcc_selected_true_pr_auc_v1,codebert_class_weight_balanced,codebert,90/10,1,random_flip_20,validation,90/10,valid,learning_rate,2.0000000000000002e-05,2.0000000000000002e-05,1,True,6790,190,523.07390915800352,190,19,171,0.90000000000000002,0.5,0,0,0,0,171,0,19,0,0.37488457987072943,0.078011234309315669,0.073066012146674977
codebert_balanced_ratio_preserved_noise_mcc_selected_true_pr_auc_v1,codebert_class_weight_balanced,codebert,90/10,1,random_flip_20,test,50/50,test,learning_rate,2.0000000000000002e-05,2.0000000000000002e-05,1,True,6790,190,523.07390915800352,42,21,21,0.5,0.5,0,0,0,0,21,0,21,0,0.26190476190476192,0.3789383733444297,0.36099849081541324
codebert_balanced_ratio_preserved_noise_mcc_selected_true_pr_auc_v1,codebert_class_weight_balanced,codebert,90/10,1,random_flip_20,test,60/40,test,learning_rate,2.0000000000000002e-05,2.0000000000000002e-05,1,True,6790,190,523.07390915800352,53,21,32,0.60377358490566035,0.5,0,0,0,0,32,0,21,0,0.47470238095238088,0.38565648961424098,0.36190154406075975
codebert_balanced_ratio_preserved_noise_mcc_selected_true_pr_auc_v1,codebert_class_weight_balanced,codebert,90/10,1,random_flip_20,test,70/30,test,learning_rate,2.0000000000000002e-05,2.0000000000000002e-05,1,True,6790,190,523.07390915800352,70,21,49,0.69999999999999996,0.5,0,0,0,0,49,0,21,0,0.35908649173955293,0.24077246407425559,0.22584594113182394
codebert_balanced_ratio_preserved_noise_mcc_selected_true_pr_auc_v1,codebert_class_weight_balanced,codebert,90/10,1,random_flip_20,test,75/25,test,learning_rate,2.0000000000000002e-05,2.0000000000000002e-05,1,True,6790,190,523.07390915800352,84,21,63,0.75,0.5,0,0,0,0,63,0,21,0,0.25170068027210885,0.17304060455057227,0.16274808985030106
codebert_balanced_ratio_preserved_noise_mcc_selected_true_pr_auc_v1,codebert_class_weight_balanced,codebert,90/10,1,random_flip_20,test,80/20,test,learning_rate,2.0000000000000002e-05,2.0000000000000002e-05,1,True,6790,190,523.07390915800352,105,21,84,0.80000000000000004,0.5,0,0,0,0,84,0,21,0,0.35657596371882089,0.15866648973674219,0.14785178759116058
codebert_balanced_ratio_preserved_noise_mcc_selected_true_pr_auc_v1,codebert_class_weight_balanced,codebert,90/10,1,random_flip_20,test,90/10,test,learning_rate,2.0000000000000002e-05,2.0000000000000002e-05,1,True,6790,190,523.07390915800352,210,21,189,0.90000000000000002,0.5,0,0,0,0,189,0,21,0,0.38876291257243639,0.081571286267698134,0.075930048465666269
codebert_balanced_ratio_preserved_noise_mcc_selected_true_pr_auc_v1,codebert_class_weight_balanced,codebert,90/10,1,random_fp_10,validation,90/10,valid,learning_rate,2.0000000000000002e-05,2.0000000000000002e-05,4,True,13580,190,1015.6661622569663,190,19,171,0.91052631578947374,0.71637426900584789,0.5625,0.47368421052631576,0.51428571428571423,0.46749379354032378,164,7,10,9,0.89750692520775621,0.55296473687691272,0.54012581498677348
codebert_balanced_ratio_preserved_noise_mcc_selected_true_pr_auc_v1,codebert_class_weight_balanced,codebert,90/10,1,random_fp_10,test,50/50,test,learning_rate,2.0000000000000002e-05,2.0000000000000002e-05,4,True,13580,190,1015.6661622569663,42,21,21,0.5714285714285714,0.5714285714285714,1,0.14285714285714285,0.25,0.27735009811261457,21,0,18,3,0.8571428571428571,0.88760459692136728,0.88660455900352741
codebert_balanced_ratio_preserved_noise_mcc_selected_true_pr_auc_v1,codebert_class_weight_balanced,codebert,90/10,1,random_fp_10,test,60/40,test,learning_rate,2.0000000000000002e-05,2.0000000000000002e-05,4,True,13580,190,1015.6661622569663,53,21,32,0.64150943396226412,0.5558035714285714,0.75,0.14285714285714285,0.23999999999999999,0.20665627227065883,31,1,18,3,0.81845238095238093,0.72478285592002067,0.71344428240922331
codebert_balanced_ratio_preserved_noise_mcc_selected_true_pr_auc_v1,codebert_class_weight_balanced,codebert,90/10,1,random_fp_10,test,70/30,test,learning_rate,2.0000000000000002e-05,2.0000000000000002e-05,4,True,13580,190,1015.6661622569663,70,21,49,0.74285714285714288,0.5714285714285714,1,0.14285714285714285,0.25,0.3232299675777271,49,0,18,3,0.88921282798833812,0.80305094407253874,0.79805227744007423
codebert_balanced_ratio_preserved_noise_mcc_selected_true_pr_auc_v1,codebert_class_weight_balanced,codebert,90/10,1,random_fp_10,test,75/25,test,learning_rate,2.0000000000000002e-05,2.0000000000000002e-05,4,True,13580,190,1015.6661622569663,84,21,63,0.76190476190476186,0.55555555555555558,0.59999999999999998,0.14285714285714285,0.23076923076923078,0.20334751282094438,61,2,18,3,0.88435374149659851,0.69551300419750617,0.68357434466101763
codebert_balanced_ratio_preserved_noise_mcc_selected_true_pr_auc_v1,codebert_class_weight_balanced,codebert,90/10,1,random_fp_10,test,80/20,test,learning_rate,2.0000000000000002e-05,2.0000000000000002e-05,4,True,13580,190,1015.6661622569663,105,21,84,0.77142857142857146,0.5357142857142857,0.33333333333333331,0.14285714285714285,0.20000000000000001,0.10206207261596575,78,6,18,3,0.82653061224489799,0.52255843981958705,0.51025002538389319
codebert_balanced_ratio_preserved_noise_mcc_selected_true_pr_auc_v1,codebert_class_weight_balanced,codebert,90/10,1,random_fp_10,test,90/10,test,learning_rate,2.0000000000000002e-05,2.0000000000000002e-05,4,True,13580,190,1015.6661622569663,210,21,189,0.88095238095238093,0.55291005291005291,0.29999999999999999,0.14285714285714285,0.19354838709677419,0.14907119849998599,182,7,18,3,0.84643487024439412,0.38123546300479205,0.36616970604331273
codebert_balanced_ratio_preserved_noise_mcc_selected_true_pr_auc_v1,codebert_class_weight_balanced,codebert,90/10,1,random_fp_20,validation,90/10,valid,learning_rate,2.0000000000000002e-05,2.0000000000000002e-05,1,True,20370,190,1487.9877542000031,190,19,171,0.90000000000000002,0.5,0,0,0,0,171,0,19,0,0.5,0.10000000000000001,0.55000000000000004
codebert_balanced_ratio_preserved_noise_mcc_selected_true_pr_auc_v1,codebert_class_weight_balanced,codebert,90/10,1,random_fp_20,test,50/50,test,learning_rate,2.0000000000000002e-05,2.0000000000000002e-05,1,True,20370,190,1487.9877542000031,42,21,21,0.5,0.5,0,0,0,0,21,0,21,0,0.5,0.5,0.75
codebert_balanced_ratio_preserved_noise_mcc_selected_true_pr_auc_v1,codebert_class_weight_balanced,codebert,90/10,1,random_fp_20,test,60/40,test,learning_rate,2.0000000000000002e-05,2.0000000000000002e-05,1,True,20370,190,1487.9877542000031,53,21,32,0.60377358490566035,0.5,0,0,0,0,32,0,21,0,0.5,0.39622641509433965,0.69811320754716988
codebert_balanced_ratio_preserved_noise_mcc_selected_true_pr_auc_v1,codebert_class_weight_balanced,codebert,90/10,1,random_fp_20,test,70/30,test,learning_rate,2.0000000000000002e-05,2.0000000000000002e-05,1,True,20370,190,1487.9877542000031,70,21,49,0.69999999999999996,0.5,0,0,0,0,49,0,21,0,0.5,0.29999999999999999,0.65000000000000002
codebert_balanced_ratio_preserved_noise_mcc_selected_true_pr_auc_v1,codebert_class_weight_balanced,codebert,90/10,1,random_fp_20,test,75/25,test,learning_rate,2.0000000000000002e-05,2.0000000000000002e-05,1,True,20370,190,1487.9877542000031,84,21,63,0.75,0.5,0,0,0,0,63,0,21,0,0.5,0.25,0.625
codebert_balanced_ratio_preserved_noise_mcc_selected_true_pr_auc_v1,codebert_class_weight_balanced,codebert,90/10,1,random_fp_20,test,80/20,test,learning_rate,2.0000000000000002e-05,2.0000000000000002e-05,1,True,20370,190,1487.9877542000031,105,21,84,0.80000000000000004,0.5,0,0,0,0,84,0,21,0,0.5,0.20000000000000001,0.59999999999999998
codebert_balanced_ratio_preserved_noise_mcc_selected_true_pr_auc_v1,codebert_class_weight_balanced,codebert,90/10,1,random_fp_20,test,90/10,test,learning_rate,2.0000000000000002e-05,2.0000000000000002e-05,1,True,20370,190,1487.9877542000031,210,21,189,0.90000000000000002,0.5,0,0,0,0,189,0,21,0,0.5,0.10000000000000001,0.55000000000000004
codebert_balanced_ratio_preserved_noise_mcc_selected_true_pr_auc_v1,codebert_class_weight_balanced,codebert,90/10,2,clean,validation,90/10,valid,learning_rate,2.0000000000000002e-05,2.0000000000000002e-05,5,True,6790,190,576.13901737495326,190,19,171,0.91578947368421049,0.69590643274853803,0.61538461538461542,0.42105263157894735,0.5,0.46558098913467627,166,5,11,8,0.90458602646968289,0.5960101546566805,0.58703982295560975
codebert_balanced_ratio_preserved_noise_mcc_selected_true_pr_auc_v1,codebert_class_weight_balanced,codebert,90/10,2,clean,test,50/50,test,learning_rate,2.0000000000000002e-05,2.0000000000000002e-05,5,True,6790,190,576.13901737495326,42,21,21,0.69047619047619047,0.69047619047619047,0.83333333333333337,0.47619047619047616,0.60606060606060608,0.4216370213557839,19,2,11,10,0.81179138321995459,0.80215391711709694,0.79439383669409092
codebert_balanced_ratio_preserved_noise_mcc_selected_true_pr_auc_v1,codebert_class_weight_balanced,codebert,90/10,2,clean,test,60/40,test,learning_rate,2.0000000000000002e-05,2.0000000000000002e-05,5,True,6790,190,576.13901737495326,53,21,32,0.79245283018867929,0.73809523809523814,1,0.47619047619047616,0.64516129032258063,0.59529346364854363,32,0,11,10,0.86458333333333326,0.84925370476612749,0.845670867938215
codebert_balanced_ratio_preserved_noise_mcc_selected_true_pr_auc_v1,codebert_class_weight_balanced,codebert,90/10,2,clean,test,70/30,test,learning_rate,2.0000000000000002e-05,2.0000000000000002e-05,5,True,6790,190,576.13901737495326,70,21,49,0.75714285714285712,0.6768707482993197,0.625,0.47619047619047616,0.54054054054054057,0.38604401609572409,43,6,11,10,0.8245869776482021,0.62214353841032599,0.60837178655373236
codebert_balanced_ratio_preserved_noise_mcc_selected_true_pr_auc_v1,codebert_class_weight_balanced,codebert,90/10,2,clean,test,75/25,test,learning_rate,2.0000000000000002e-05,2.0000000000000002e-05,5,True,6790,190,576.13901737495326,84,21,63,0.84523809523809523,0.72222222222222221,0.83333333333333337,0.47619047619047616,0.60606060606060608,0.54997194092287027,61,2,11,10,0.82917611489040055,0.62714955125093375,0.60104992713633343
codebert_balanced_ratio_preserved_noise_mcc_selected_true_pr_auc_v1,codebert_class_weight_balanced,codebert,90/10,2,clean,test,80/20,test,learning_rate,2.0000000000000002e-05,2.0000000000000002e-05,5,True,6790,190,576.13901737495326,105,21,84,0.87619047619047619,0.72619047619047616,0.83333333333333337,0.47619047619047616,0.60606060606060608,0.56875012308478723,82,2,11,10,0.88095238095238093,0.73110146320079528,0.72481824679926976
codebert_balanced_ratio_preserved_noise_mcc_selected_true_pr_auc_v1,codebert_class_weight_balanced,codebert,90/10,2,clean,test,90/10,test,learning_rate,2.0000000000000002e-05,2.0000000000000002e-05,5,True,6790,190,576.13901737495326,210,21,189,0.919047619047619,0.72222222222222221,0.625,0.47619047619047616,0.54054054054054057,0.50257071103241668,183,6,11,10,0.86381960191483997,0.52420655766187618,0.51251006507789032
codebert_balanced_ratio_preserved_noise_mcc_selected_true_pr_auc_v1,codebert_class_weight_balanced,codebert,90/10,2,heuristic_fp_10,validation,90/10,valid,learning_rate,2.0000000000000002e-05,2.0000000000000002e-05,3,True,13580,190,1033.016624226002,190,19,171,0.88421052631578945,0.79532163742690054,0.44827586206896552,0.68421052631578949,0.54166666666666663,0.49270637563832587,155,16,6,13,0.91443521083410273,0.45595319662015177,0.4202435628558886
codebert_balanced_ratio_preserved_noise_mcc_selected_true_pr_auc_v1,codebert_class_weight_balanced,codebert,90/10,2,heuristic_fp_10,test,50/50,test,learning_rate,2.0000000000000002e-05,2.0000000000000002e-05,3,True,13580,190,1033.016624226002,42,21,21,0.76190476190476186,0.76190476190476186,0.8666666666666667,0.61904761904761907,0.72222222222222221,0.54659439449994862,19,2,8,13,0.89115646258503389,0.83234552945306817,0.79238350891052012
codebert_balanced_ratio_preserved_noise_mcc_selected_true_pr_auc_v1,codebert_class_weight_balanced,codebert,90/10,2,heuristic_fp_10,test,60/40,test,learning_rate,2.0000000000000002e-05,2.0000000000000002e-05,3,True,13580,190,1033.016624226002,53,21,32,0.77358490566037741,0.74702380952380953,0.76470588235294112,0.61904761904761907,0.68421052631578949,0.51769948875754113,28,4,8,13,0.89434523809523814,0.86175831311174933,0.85807062248044252
codebert_balanced_ratio_preserved_noise_mcc_selected_true_pr_auc_v1,codebert_class_weight_balanced,codebert,90/10,2,heuristic_fp_10,test,70/30,test,learning_rate,2.0000000000000002e-05,2.0000000000000002e-05,3,True,13580,190,1033.016624226002,70,21,49,0.75714285714285712,0.71768707482993199,0.59090909090909094,0.61904761904761907,0.60465116279069764,0.42977224748020282,40,9,8,13,0.86588921282798836,0.61560052076655647,0.58247446123263957
codebert_balanced_ratio_preserved_noise_mcc_selected_true_pr_auc_v1,codebert_class_weight_balanced,codebert,90/10,2,heuristic_fp_10,test,75/25,test,learning_rate,2.0000000000000002e-05,2.0000000000000002e-05,3,True,13580,190,1033.016624226002,84,21,63,0.83333333333333337,0.76190476190476186,0.68421052631578949,0.61904761904761907,0.65000000000000002,0.54215046389915855,57,6,8,13,0.86356764928193497,0.59419962626122391,0.55785469932778042
codebert_balanced_ratio_preserved_noise_mcc_selected_true_pr_auc_v1,codebert_class_weight_balanced,codebert,90/10,2,heuristic_fp_10,test,80/20,test,learning_rate,2.0000000000000002e-05,2.0000000000000002e-05,3,True,13580,190,1033.016624226002,105,21,84,0.80000000000000004,0.73214285714285721,0.5,0.61904761904761907,0.55319148936170215,0.43026338709967066,71,13,8,13,0.89682539682539686,0.71121474779737048,0.70377318284143653
codebert_balanced_ratio_preserved_noise_mcc_selected_true_pr_auc_v1,codebert_class_weight_balanced,codebert,90/10,2,heuristic_fp_10,test,90/10,test,learning_rate,2.0000000000000002e-05,2.0000000000000002e-05,3,True,13580,190,1033.016624226002,210,21,189,0.83809523809523812,0.7407407407407407,0.33333333333333331,0.61904761904761907,0.43333333333333335,0.37144094784293724,163,26,8,13,0.87868480725623577,0.4050682160437622,0.41144620802060317
codebert_balanced_ratio_preserved_noise_mcc_selected_true_pr_auc_v1,codebert_class_weight_balanced,codebert,90/10,2,heuristic_fp_20,validation,90/10,valid,learning_rate,2.0000000000000002e-05,2.0000000000000002e-05,3,True,20370,190,1492.7663086949615,190,19,171,0.87894736842105259,0.81578947368421051,0.4375,0.73684210526315785,0.5490196078431373,0.50628955541671072,153,18,5,14,0.90212373037857796,0.53688555537781801,0.5200292735186266
codebert_balanced_ratio_preserved_noise_mcc_selected_true_pr_auc_v1,codebert_class_weight_balanced,codebert,90/10,2,heuristic_fp_20,test,50/50,test,learning_rate,2.0000000000000002e-05,2.0000000000000002e-05,3,True,20370,190,1492.7663086949615,42,21,21,0.76190476190476186,0.76190476190476186,0.82352941176470584,0.66666666666666663,0.73684210526315785,0.53357837507993255,18,3,7,14,0.83900226757369611,0.78170803565908986,0.75715512307733746
codebert_balanced_ratio_preserved_noise_mcc_selected_true_pr_auc_v1,codebert_class_weight_balanced,codebert,90/10,2,heuristic_fp_20,test,60/40,test,learning_rate,2.0000000000000002e-05,2.0000000000000002e-05,3,True,20370,190,1492.7663086949615,53,21,32,0.75471698113207553,0.73958333333333326,0.69999999999999996,0.66666666666666663,0.68292682926829273,0.48350310497994997,26,6,7,14,0.84672619047619047,0.73568156884539659,0.72577394374980164
codebert_balanced_ratio_preserved_noise_mcc_selected_true_pr_auc_v1,codebert_class_weight_balanced,codebert,90/10,2,heuristic_fp_20,test,70/30,test,learning_rate,2.0000000000000002e-05,2.0000000000000002e-05,3,True,20370,190,1492.7663086949615,70,21,49,0.75714285714285712,0.73129251700680276,0.58333333333333337,0.66666666666666663,0.62222222222222223,0.44659589686882373,39,10,7,14,0.83770651117589889,0.57344168132964124,0.54797202309688453
codebert_balanced_ratio_preserved_noise_mcc_selected_true_pr_auc_v1,codebert_class_weight_balanced,codebert,90/10,2,heuristic_fp_20,test,75/25,test,learning_rate,2.0000000000000002e-05,2.0000000000000002e-05,3,True,20370,190,1492.7663086949615,84,21,63,0.73809523809523814,0.71428571428571419,0.48275862068965519,0.66666666666666663,0.56000000000000005,0.39032178670768991,48,15,7,14,0.82842025699168553,0.56334044705471475,0.54967546967225878
codebert_balanced_ratio_preserved_noise_mcc_selected_true_pr_auc_v1,codebert_class_weight_balanced,codebert,90/10,2,heuristic_fp_20,test,80/20,test,learning_rate,2.0000000000000002e-05,2.0000000000000002e-05,3,True,20370,190,1492.7663086949615,105,21,84,0.80000000000000004,0.75,0.5,0.66666666666666663,0.5714285714285714,0.45226701686664544,70,14,7,14,0.8764172335600906,0.63462706393174328,0.62549457309610723
codebert_balanced_ratio_preserved_noise_mcc_selected_true_pr_auc_v1,codebert_class_weight_balanced,codebert,90/10,2,heuristic_fp_20,test,90/10,test,learning_rate,2.0000000000000002e-05,2.0000000000000002e-05,3,True,20370,190,1492.7663086949615,210,21,189,0.80476190476190479,0.74338624338624337,0.29166666666666669,0.66666666666666663,0.40579710144927539,0.34776706224699444,155,34,7,14,0.84794658604182416,0.32006855830218994,0.29668307579124775
codebert_balanced_ratio_preserved_noise_mcc_selected_true_pr_auc_v1,codebert_class_weight_balanced,codebert,90/10,2,random_flip_10,validation,90/10,valid,learning_rate,2.0000000000000002e-05,2.0000000000000002e-05,1,True,6790,190,579.54108714603353,190,19,171,0.91578947368421049,0.76608187134502925,0.57894736842105265,0.57894736842105265,0.57894736842105265,0.53216374269005851,163,8,8,11,0.9227454601415821,0.54413227283917442,0.52575078991218449
codebert_balanced_ratio_preserved_noise_mcc_selected_true_pr_auc_v1,codebert_class_weight_balanced,codebert,90/10,2,random_flip_10,test,50/50,test,learning_rate,2.0000000000000002e-05,2.0000000000000002e-05,1,True,6790,190,579.54108714603353,42,21,21,0.7142857142857143,0.7142857142857143,0.84615384615384615,0.52380952380952384,0.6470588235294118,0.4635235823621443,19,2,10,11,0.83219954648526073,0.80241283353580584,0.79343108023980213
codebert_balanced_ratio_preserved_noise_mcc_selected_true_pr_auc_v1,codebert_class_weight_balanced,codebert,90/10,2,random_flip_10,test,60/40,test,learning_rate,2.0000000000000002e-05,2.0000000000000002e-05,1,True,6790,190,579.54108714603353,53,21,32,0.79245283018867929,0.74627976190476186,0.91666666666666663,0.52380952380952384,0.66666666666666663,0.57565304446651,31,1,10,11,0.86904761904761907,0.80099419996360632,0.79147328721809806
codebert_balanced_ratio_preserved_noise_mcc_selected_true_pr_auc_v1,codebert_class_weight_balanced,codebert,90/10,2,random_flip_10,test,70/30,test,learning_rate,2.0000000000000002e-05,2.0000000000000002e-05,1,True,6790,190,579.54108714603353,70,21,49,0.77142857142857146,0.70068027210884354,0.6470588235294118,0.52380952380952384,0.57894736842105265,0.42892362604926082,43,6,10,11,0.83624878522837709,0.59849819231549173,0.56866462702064502
codebert_balanced_ratio_preserved_noise_mcc_selected_true_pr_auc_v1,codebert_class_weight_balanced,codebert,90/10,2,random_flip_10,test,75/25,test,learning_rate,2.0000000000000002e-05,2.0000000000000002e-05,1,True,6790,190,579.54108714603353,84,21,63,0.75,0.67460317460317465,0.5,0.52380952380952384,0.51162790697674421,0.34391796971439731,52,11,10,11,0.78306878306878303,0.46924208775127324,0.44282288090712085
codebert_balanced_ratio_preserved_noise_mcc_selected_true_pr_auc_v1,codebert_class_weight_balanced,codebert,90/10,2,random_flip_10,test,80/20,test,learning_rate,2.0000000000000002e-05,2.0000000000000002e-05,1,True,6790,190,579.54108714603353,105,21,84,0.84761904761904761,0.72619047619047628,0.6470588235294118,0.52380952380952384,0.57894736842105265,0.49123330549526817,78,6,10,11,0.85600907029478468,0.57363259714733961,0.54490882874522928
codebert_balanced_ratio_preserved_noise_mcc_selected_true_pr_auc_v1,codebert_class_weight_balanced,codebert,90/10,2,random_flip_10,test,90/10,test,learning_rate,2.0000000000000002e-05,2.0000000000000002e-05,1,True,6790,190,579.54108714603353,210,21,189,0.8666666666666667,0.7142857142857143,0.37931034482758619,0.52380952380952384,0.44,0.3726708962014546,171,18,10,11,0.85021415973796921,0.37131735397024895,0.34219173147552351
codebert_balanced_ratio_preserved_noise_mcc_selected_true_pr_auc_v1,codebert_class_weight_balanced,codebert,90/10,2,random_flip_20,validation,90/10,valid,learning_rate,2.0000000000000002e-05,2.0000000000000002e-05,1,True,6790,190,581.8275431409711,190,19,171,0.90000000000000002,0.5,0,0,0,0,171,0,19,0,0.33087103724222844,0.073698619821962921,0.06852493688068928
codebert_balanced_ratio_preserved_noise_mcc_selected_true_pr_auc_v1,codebert_class_weight_balanced,codebert,90/10,2,random_flip_20,test,50/50,test,learning_rate,2.0000000000000002e-05,2.0000000000000002e-05,1,True,6790,190,581.8275431409711,42,21,21,0.5,0.5,0,0,0,0,21,0,21,0,0.30839002267573695,0.41157665747799621,0.38118973695301506
codebert_balanced_ratio_preserved_noise_mcc_selected_true_pr_auc_v1,codebert_class_weight_balanced,codebert,90/10,2,random_flip_20,test,60/40,test,learning_rate,2.0000000000000002e-05,2.0000000000000002e-05,1,True,6790,190,581.8275431409711,53,21,32,0.60377358490566035,0.5,0,0,0,0,32,0,21,0,0.33556547619047616,0.31868560396783008,0.29837982525398637
codebert_balanced_ratio_preserved_noise_mcc_selected_true_pr_auc_v1,codebert_class_weight_balanced,codebert,90/10,2,random_flip_20,test,70/30,test,learning_rate,2.0000000000000002e-05,2.0000000000000002e-05,1,True,6790,190,581.8275431409711,70,21,49,0.69999999999999996,0.5,0,0,0,0,49,0,21,0,0.33381924198250729,0.23886787292415934,0.21881036606069201
codebert_balanced_ratio_preserved_noise_mcc_selected_true_pr_auc_v1,codebert_class_weight_balanced,codebert,90/10,2,random_flip_20,test,75/25,test,learning_rate,2.0000000000000002e-05,2.0000000000000002e-05,1,True,6790,190,581.8275431409711,84,21,63,0.75,0.5,0,0,0,0,63,0,21,0,0.37717309145880573,0.21208068423288778,0.19445977789436561
codebert_balanced_ratio_preserved_noise_mcc_selected_true_pr_auc_v1,codebert_class_weight_balanced,codebert,90/10,2,random_flip_20,test,80/20,test,learning_rate,2.0000000000000002e-05,2.0000000000000002e-05,1,True,6790,190,581.8275431409711,105,21,84,0.80000000000000004,0.5,0,0,0,0,84,0,21,0,0.37443310657596374,0.16342272367915006,0.14945429765522794
codebert_balanced_ratio_preserved_noise_mcc_selected_true_pr_auc_v1,codebert_class_weight_balanced,codebert,90/10,2,random_flip_20,test,90/10,test,learning_rate,2.0000000000000002e-05,2.0000000000000002e-05,1,True,6790,190,581.8275431409711,210,21,189,0.90000000000000002,0.5,0,0,0,0,189,0,21,0,0.34089191232048377,0.075191663117826046,0.069475735567862351
codebert_balanced_ratio_preserved_noise_mcc_selected_true_pr_auc_v1,codebert_class_weight_balanced,codebert,90/10,2,random_fp_10,validation,90/10,valid,learning_rate,2.0000000000000002e-05,2.0000000000000002e-05,5,True,13580,190,1050.0990028999513,190,19,171,0.91578947368421049,0.64912280701754388,0.66666666666666663,0.31578947368421051,0.42857142857142855,0.42120001620672759,168,3,13,6,0.91889812249923053,0.57586960495942963,0.56648781710000851
codebert_balanced_ratio_preserved_noise_mcc_selected_true_pr_auc_v1,codebert_class_weight_balanced,codebert,90/10,2,random_fp_10,test,50/50,test,learning_rate,2.0000000000000002e-05,2.0000000000000002e-05,5,True,13580,190,1050.0990028999513,42,21,21,0.5714285714285714,0.5714285714285714,0.7142857142857143,0.23809523809523808,0.35714285714285715,0.19166296949998196,19,2,16,5,0.8004535147392291,0.73882662808037303,0.71440128284727977
codebert_balanced_ratio_preserved_noise_mcc_selected_true_pr_auc_v1,codebert_class_weight_balanced,codebert,90/10,2,random_fp_10,test,60/40,test,learning_rate,2.0000000000000002e-05,2.0000000000000002e-05,5,True,13580,190,1050.0990028999513,53,21,32,0.67924528301886788,0.60342261904761907,0.83333333333333337,0.23809523809523808,0.37037037037037035,0.31930491938490002,31,1,16,5,0.85639880952380953,0.79024013473234667,0.78441322405345892
codebert_balanced_ratio_preserved_noise_mcc_selected_true_pr_auc_v1,codebert_class_weight_balanced,codebert,90/10,2,random_fp_10,test,70/30,test,learning_rate,2.0000000000000002e-05,2.0000000000000002e-05,5,True,13580,190,1050.0990028999513,70,21,49,0.72857142857142854,0.58843537414965985,0.625,0.23809523809523808,0.34482758620689657,0.25475508554262666,46,3,16,5,0.82944606413994171,0.56861334242045414,0.54122955774604531
codebert_balanced_ratio_preserved_noise_mcc_selected_true_pr_auc_v1,codebert_class_weight_balanced,codebert,90/10,2,random_fp_10,test,75/25,test,learning_rate,2.0000000000000002e-05,2.0000000000000002e-05,5,True,13580,190,1050.0990028999513,84,21,63,0.76190476190476186,0.58730158730158732,0.55555555555555558,0.23809523809523808,0.33333333333333331,0.24444444444444444,59,4,16,5,0.78684807256235823,0.51853076604053849,0.5016775411669645
codebert_balanced_ratio_preserved_noise_mcc_selected_true_pr_auc_v1,codebert_class_weight_balanced,codebert,90/10,2,random_fp_10,test,80/20,test,learning_rate,2.0000000000000002e-05,2.0000000000000002e-05,5,True,13580,190,1050.0990028999513,105,21,84,0.81904761904761902,0.60119047619047616,0.625,0.23809523809523808,0.34482758620689657,0.30513221741253871,81,3,16,5,0.84835600907029485,0.53641395282859183,0.5210201096035495
codebert_balanced_ratio_preserved_noise_mcc_selected_true_pr_auc_v1,codebert_class_weight_balanced,codebert,90/10,2,random_fp_10,test,90/10,test,learning_rate,2.0000000000000002e-05,2.0000000000000002e-05,5,True,13580,190,1050.0990028999513,210,21,189,0.90000000000000002,0.60582010582010581,0.5,0.23809523809523808,0.32258064516129031,0.29814239699997197,184,5,16,5,0.8498362307886117,0.37775467798740253,0.35621792902137756
codebert_balanced_ratio_preserved_noise_mcc_selected_true_pr_auc_v1,codebert_class_weight_balanced,codebert,90/10,2,random_fp_20,validation,90/10,valid,learning_rate,2.0000000000000002e-05,2.0000000000000002e-05,1,True,20370,190,1532.0531733949902,190,19,171,0.90000000000000002,0.5,0,0,0,0,171,0,19,0,0.88042474607571564,0.32063121470704298,0.29499060956722345
codebert_balanced_ratio_preserved_noise_mcc_selected_true_pr_auc_v1,codebert_class_weight_balanced,codebert,90/10,2,random_fp_20,test,50/50,test,learning_rate,2.0000000000000002e-05,2.0000000000000002e-05,1,True,20370,190,1532.0531733949902,42,21,21,0.5,0.5,0,0,0,0,21,0,21,0,0.76757369614512472,0.6981454640506366,0.67604123401836458
codebert_balanced_ratio_preserved_noise_mcc_selected_true_pr_auc_v1,codebert_class_weight_balanced,codebert,90/10,2,random_fp_20,test,60/40,test,learning_rate,2.0000000000000002e-05,2.0000000000000002e-05,1,True,20370,190,1532.0531733949902,53,21,32,0.60377358490566035,0.5,0,0,0,0,32,0,21,0,0.84449404761904767,0.7767483000932478,0.76417553772404267
codebert_balanced_ratio_preserved_noise_mcc_selected_true_pr_auc_v1,codebert_class_weight_balanced,codebert,90/10,2,random_fp_20,test,70/30,test,learning_rate,2.0000000000000002e-05,2.0000000000000002e-05,1,True,20370,190,1532.0531733949902,70,21,49,0.69999999999999996,0.5,0,0,0,0,49,0,21,0,0.84839650145772583,0.73219917484358277,0.73791266290577773
codebert_balanced_ratio_preserved_noise_mcc_selected_true_pr_auc_v1,codebert_class_weight_balanced,codebert,90/10,2,random_fp_20,test,75/25,test,learning_rate,2.0000000000000002e-05,2.0000000000000002e-05,1,True,20370,190,1532.0531733949902,84,21,63,0.75,0.5,0,0,0,0,63,0,21,0,0.74867724867724872,0.46105748717203249,0.44220758077075456
codebert_balanced_ratio_preserved_noise_mcc_selected_true_pr_auc_v1,codebert_class_weight_balanced,codebert,90/10,2,random_fp_20,test,80/20,test,learning_rate,2.0000000000000002e-05,2.0000000000000002e-05,1,True,20370,190,1532.0531733949902,105,21,84,0.80000000000000004,0.5,0,0,0,0,84,0,21,0,0.82823129251700689,0.54756461079300278,0.5312023628055017
codebert_balanced_ratio_preserved_noise_mcc_selected_true_pr_auc_v1,codebert_class_weight_balanced,codebert,90/10,2,random_fp_20,test,90/10,test,learning_rate,2.0000000000000002e-05,2.0000000000000002e-05,1,True,20370,190,1532.0531733949902,210,21,189,0.90000000000000002,0.5,0,0,0,0,189,0,21,0,0.79113126732174344,0.29807040516639843,0.28111620789588188
codebert_balanced_ratio_preserved_noise_mcc_selected_true_pr_auc_v1,codebert_class_weight_balanced,codebert,90/10,3,clean,validation,90/10,valid,learning_rate,2.0000000000000002e-05,2.0000000000000002e-05,4,True,6790,190,584.50063049094751,190,19,171,0.9263157894736842,0.67836257309941517,0.77777777777777779,0.36842105263157893,0.5,0.50378825467863497,169,2,12,7,0.8642659279778393,0.61650445561962797,0.60997164638202817
codebert_balanced_ratio_preserved_noise_mcc_selected_true_pr_auc_v1,codebert_class_weight_balanced,codebert,90/10,3,clean,test,50/50,test,learning_rate,2.0000000000000002e-05,2.0000000000000002e-05,4,True,6790,190,584.50063049094751,42,21,21,0.69047619047619047,0.69047619047619047,1,0.38095238095238093,0.55172413793103448,0.48507125007266594,21,0,13,8,0.86054421768707479,0.88146229730331149,0.88107765802720328
codebert_balanced_ratio_preserved_noise_mcc_selected_true_pr_auc_v1,codebert_class_weight_balanced,codebert,90/10,3,clean,test,60/40,test,learning_rate,2.0000000000000002e-05,2.0000000000000002e-05,4,True,6790,190,584.50063049094751,53,21,32,0.73584905660377353,0.67485119047619047,0.88888888888888884,0.38095238095238093,0.53333333333333333,0.45554956134091801,31,1,13,8,0.78943452380952384,0.75278099177042312,0.75101048658686453
codebert_balanced_ratio_preserved_noise_mcc_selected_true_pr_auc_v1,codebert_class_weight_balanced,codebert,90/10,3,clean,test,70/30,test,learning_rate,2.0000000000000002e-05,2.0000000000000002e-05,4,True,6790,190,584.50063049094751,70,21,49,0.81428571428571428,0.69047619047619047,1,0.38095238095238093,0.55172413793103448,0.54870326116873436,49,0,13,8,0.87269193391642375,0.83485256770253713,0.83290232824842514
codebert_balanced_ratio_preserved_noise_mcc_selected_true_pr_auc_v1,codebert_class_weight_balanced,codebert,90/10,3,clean,test,75/25,test,learning_rate,2.0000000000000002e-05,2.0000000000000002e-05,4,True,6790,190,584.50063049094751,84,21,63,0.80952380952380953,0.66666666666666663,0.72727272727272729,0.38095238095238093,0.5,0.42785921963963225,60,3,13,8,0.85676492819349948,0.69131287110225847,0.68385640264951753
codebert_balanced_ratio_preserved_noise_mcc_selected_true_pr_auc_v1,codebert_class_weight_balanced,codebert,90/10,3,clean,test,80/20,test,learning_rate,2.0000000000000002e-05,2.0000000000000002e-05,4,True,6790,190,584.50063049094751,105,21,84,0.84761904761904761,0.67261904761904767,0.72727272727272729,0.38095238095238093,0.5,0.45092854983906411,81,3,13,8,0.83361678004535145,0.65996000484326678,0.65361160391720707
codebert_balanced_ratio_preserved_noise_mcc_selected_true_pr_auc_v1,codebert_class_weight_balanced,codebert,90/10,3,clean,test,90/10,test,learning_rate,2.0000000000000002e-05,2.0000000000000002e-05,4,True,6790,190,584.50063049094751,210,21,189,0.92380952380952386,0.68253968253968256,0.72727272727272729,0.38095238095238093,0.5,0.49159216811632794,186,3,13,8,0.87490551776266057,0.6275407113785918,0.62328604368269391
codebert_balanced_ratio_preserved_noise_mcc_selected_true_pr_auc_v1,codebert_class_weight_balanced,codebert,90/10,3,heuristic_fp_10,validation,90/10,valid,learning_rate,2.0000000000000002e-05,2.0000000000000002e-05,4,True,13580,190,1038.5698265279643,190,19,171,0.88421052631578945,0.72514619883040932,0.43478260869565216,0.52631578947368418,0.47619047619047616,0.41414013131672478,158,13,9,10,0.89273622653124041,0.41974403412916178,0.40219274003263727
codebert_balanced_ratio_preserved_noise_mcc_selected_true_pr_auc_v1,codebert_class_weight_balanced,codebert,90/10,3,heuristic_fp_10,test,50/50,test,learning_rate,2.0000000000000002e-05,2.0000000000000002e-05,4,True,13580,190,1038.5698265279643,42,21,21,0.73809523809523814,0.73809523809523814,0.8571428571428571,0.5714285714285714,0.68571428571428572,0.50507627227610541,19,2,9,12,0.86961451247165533,0.8693388749405313,0.8669064907997559
codebert_balanced_ratio_preserved_noise_mcc_selected_true_pr_auc_v1,codebert_class_weight_balanced,codebert,90/10,3,heuristic_fp_10,test,60/40,test,learning_rate,2.0000000000000002e-05,2.0000000000000002e-05,4,True,13580,190,1038.5698265279643,53,21,32,0.77358490566037741,0.7388392857142857,0.80000000000000004,0.5714285714285714,0.66666666666666663,0.51866025358284062,29,3,9,12,0.81994047619047628,0.7813003834432406,0.77192938017609269
codebert_balanced_ratio_preserved_noise_mcc_selected_true_pr_auc_v1,codebert_class_weight_balanced,codebert,90/10,3,heuristic_fp_10,test,70/30,test,learning_rate,2.0000000000000002e-05,2.0000000000000002e-05,4,True,13580,190,1038.5698265279643,70,21,49,0.82857142857142863,0.75510204081632648,0.80000000000000004,0.5714285714285714,0.66666666666666663,0.56980288229818976,46,3,9,12,0.88726919339164234,0.80189288013086624,0.8081550588280908
codebert_balanced_ratio_preserved_noise_mcc_selected_true_pr_auc_v1,codebert_class_weight_balanced,codebert,90/10,3,heuristic_fp_10,test,75/25,test,learning_rate,2.0000000000000002e-05,2.0000000000000002e-05,4,True,13580,190,1038.5698265279643,84,21,63,0.7857142857142857,0.71428571428571419,0.5714285714285714,0.5714285714285714,0.5714285714285714,0.42857142857142855,54,9,9,12,0.86696900982615266,0.69058159020118248,0.69075697953808834
codebert_balanced_ratio_preserved_noise_mcc_selected_true_pr_auc_v1,codebert_class_weight_balanced,codebert,90/10,3,heuristic_fp_10,test,80/20,test,learning_rate,2.0000000000000002e-05,2.0000000000000002e-05,4,True,13580,190,1038.5698265279643,105,21,84,0.83809523809523812,0.73809523809523814,0.59999999999999998,0.5714285714285714,0.58536585365853655,0.48507125007266599,76,8,9,12,0.85856009070294781,0.58076883452795114,0.56377664565079932
codebert_balanced_ratio_preserved_noise_mcc_selected_true_pr_auc_v1,codebert_class_weight_balanced,codebert,90/10,3,heuristic_fp_10,test,90/10,test,learning_rate,2.0000000000000002e-05,2.0000000000000002e-05,4,True,13580,190,1038.5698265279643,210,21,189,0.88571428571428568,0.74603174603174605,0.44444444444444442,0.5714285714285714,0.5,0.4410159197688639,174,15,9,12,0.87326782564877803,0.45242575226825521,0.42863792401151446
codebert_balanced_ratio_preserved_noise_mcc_selected_true_pr_auc_v1,codebert_class_weight_balanced,codebert,90/10,3,heuristic_fp_20,validation,90/10,valid,learning_rate,2.0000000000000002e-05,2.0000000000000002e-05,3,True,20370,190,1540.711661037989,190,19,171,0.90000000000000002,0.75730994152046782,0.5,0.57894736842105265,0.53658536585365857,0.48249790963716394,160,11,8,11,0.90150815635580184,0.49991960874198166,0.49114050641785023
codebert_balanced_ratio_preserved_noise_mcc_selected_true_pr_auc_v1,codebert_class_weight_balanced,codebert,90/10,3,heuristic_fp_20,test,50/50,test,learning_rate,2.0000000000000002e-05,2.0000000000000002e-05,3,True,20370,190,1540.711661037989,42,21,21,0.76190476190476186,0.76190476190476186,0.8666666666666667,0.61904761904761907,0.72222222222222221,0.54659439449994862,19,2,8,13,0.87074829931972786,0.82637553352656323,0.81500330786862341
codebert_balanced_ratio_preserved_noise_mcc_selected_true_pr_auc_v1,codebert_class_weight_balanced,codebert,90/10,3,heuristic_fp_20,test,60/40,test,learning_rate,2.0000000000000002e-05,2.0000000000000002e-05,3,True,20370,190,1540.711661037989,53,21,32,0.77358490566037741,0.74702380952380953,0.76470588235294112,0.61904761904761907,0.68421052631578949,0.51769948875754113,28,4,8,13,0.85416666666666663,0.74966859317714918,0.73961856248431479
codebert_balanced_ratio_preserved_noise_mcc_selected_true_pr_auc_v1,codebert_class_weight_balanced,codebert,90/10,3,heuristic_fp_20,test,70/30,test,learning_rate,2.0000000000000002e-05,2.0000000000000002e-05,3,True,20370,190,1540.711661037989,70,21,49,0.82857142857142863,0.76870748299319724,0.76470588235294112,0.61904761904761907,0.68421052631578949,0.57432146538799334,45,4,8,13,0.90281827016520888,0.73464456380570198,0.71973910177291067
codebert_balanced_ratio_preserved_noise_mcc_selected_true_pr_auc_v1,codebert_class_weight_balanced,codebert,90/10,3,heuristic_fp_20,test,75/25,test,learning_rate,2.0000000000000002e-05,2.0000000000000002e-05,3,True,20370,190,1540.711661037989,84,21,63,0.80952380952380953,0.74603174603174605,0.61904761904761907,0.61904761904761907,0.61904761904761907,0.49206349206349204,55,8,8,13,0.84882842025699168,0.57755885647560978,0.56104636241097539
codebert_balanced_ratio_preserved_noise_mcc_selected_true_pr_auc_v1,codebert_class_weight_balanced,codebert,90/10,3,heuristic_fp_20,test,80/20,test,learning_rate,2.0000000000000002e-05,2.0000000000000002e-05,3,True,20370,190,1540.711661037989,105,21,84,0.82857142857142863,0.75,0.56521739130434778,0.61904761904761907,0.59090909090909094,0.48355786401142919,74,10,8,13,0.87244897959183676,0.60744569888325717,0.59306012239892403
codebert_balanced_ratio_preserved_noise_mcc_selected_true_pr_auc_v1,codebert_class_weight_balanced,codebert,90/10,3,heuristic_fp_20,test,90/10,test,learning_rate,2.0000000000000002e-05,2.0000000000000002e-05,3,True,20370,190,1540.711661037989,210,21,189,0.87142857142857144,0.7592592592592593,0.40625,0.61904761904761907,0.49056603773584906,0.4328324676692637,170,19,8,13,0.87931468883849839,0.42730275428783027,0.41156368350719463
codebert_balanced_ratio_preserved_noise_mcc_selected_true_pr_auc_v1,codebert_class_weight_balanced,codebert,90/10,3,random_flip_10,validation,90/10,valid,learning_rate,2.0000000000000002e-05,2.0000000000000002e-05,5,True,6790,190,588.36032923206221,190,19,171,0.91578947368421049,0.67251461988304095,0.63636363636363635,0.36842105263157893,0.46666666666666667,0.44320831427380852,167,4,12,7,0.86349646044936912,0.50919765360858371,0.50667823269446277
codebert_balanced_ratio_preserved_noise_mcc_selected_true_pr_auc_v1,codebert_class_weight_balanced,codebert,90/10,3,random_flip_10,test,50/50,test,learning_rate,2.0000000000000002e-05,2.0000000000000002e-05,5,True,6790,190,588.36032923206221,42,21,21,0.61904761904761907,0.61904761904761907,1,0.23809523809523808,0.38461538461538464,0.36760731104690386,21,0,16,5,0.7970521541950113,0.83389567003344089,0.83039676512666849
codebert_balanced_ratio_preserved_noise_mcc_selected_true_pr_auc_v1,codebert_class_weight_balanced,codebert,90/10,3,random_flip_10,test,60/40,test,learning_rate,2.0000000000000002e-05,2.0000000000000002e-05,5,True,6790,190,588.36032923206221,53,21,32,0.660377358490566,0.58779761904761907,0.7142857142857143,0.23809523809523808,0.35714285714285715,0.25367019043072797,30,2,16,5,0.80952380952380953,0.67850318697418521,0.65158376065199375
codebert_balanced_ratio_preserved_noise_mcc_selected_true_pr_auc_v1,codebert_class_weight_balanced,codebert,90/10,3,random_flip_10,test,70/30,test,learning_rate,2.0000000000000002e-05,2.0000000000000002e-05,5,True,6790,190,588.36032923206221,70,21,49,0.75714285714285712,0.608843537414966,0.83333333333333337,0.23809523809523808,0.37037037037037035,0.35634832254989918,48,1,16,5,0.86783284742468414,0.75468743665878169,0.74902767533167092
codebert_balanced_ratio_preserved_noise_mcc_selected_true_pr_auc_v1,codebert_class_weight_balanced,codebert,90/10,3,random_flip_10,test,75/25,test,learning_rate,2.0000000000000002e-05,2.0000000000000002e-05,5,True,6790,190,588.36032923206221,84,21,63,0.76190476190476186,0.58730158730158732,0.55555555555555558,0.23809523809523808,0.33333333333333331,0.24444444444444444,59,4,16,5,0.8117913832199547,0.50811863679003966,0.48370072510601569
codebert_balanced_ratio_preserved_noise_mcc_selected_true_pr_auc_v1,codebert_class_weight_balanced,codebert,90/10,3,random_flip_10,test,80/20,test,learning_rate,2.0000000000000002e-05,2.0000000000000002e-05,5,True,6790,190,588.36032923206221,105,21,84,0.80952380952380953,0.59523809523809523,0.55555555555555558,0.23809523809523808,0.33333333333333331,0.27216552697590868,80,4,16,5,0.82539682539682535,0.49326283804542898,0.47166227924704196
codebert_balanced_ratio_preserved_noise_mcc_selected_true_pr_auc_v1,codebert_class_weight_balanced,codebert,90/10,3,random_flip_10,test,90/10,test,learning_rate,2.0000000000000002e-05,2.0000000000000002e-05,5,True,6790,190,588.36032923206221,210,21,189,0.90952380952380951,0.61111111111111105,0.625,0.23809523809523808,0.34482758620689657,0.34826301657349623,186,3,16,5,0.8455530360292266,0.42515791782689871,0.39773038941619748
codebert_balanced_ratio_preserved_noise_mcc_selected_true_pr_auc_v1,codebert_class_weight_balanced,codebert,90/10,3,random_flip_20,validation,90/10,valid,learning_rate,2.0000000000000002e-05,2.0000000000000002e-05,1,True,6790,190,568.39385968400165,190,19,171,0.90000000000000002,0.5,0,0,0,0,171,0,19,0,0.42813173284087414,0.089906206881766398,0.082625154796037173
codebert_balanced_ratio_preserved_noise_mcc_selected_true_pr_auc_v1,codebert_class_weight_balanced,codebert,90/10,3,random_flip_20,test,50/50,test,learning_rate,2.0000000000000002e-05,2.0000000000000002e-05,1,True,6790,190,568.39385968400165,42,21,21,0.5,0.5,0,0,0,0,21,0,21,0,0.39342403628117911,0.43644418429709864,0.41420501665531673
codebert_balanced_ratio_preserved_noise_mcc_selected_true_pr_auc_v1,codebert_class_weight_balanced,codebert,90/10,3,random_flip_20,test,60/40,test,learning_rate,2.0000000000000002e-05,2.0000000000000002e-05,1,True,6790,190,568.39385968400165,53,21,32,0.60377358490566035,0.5,0,0,0,0,32,0,21,0,0.34523809523809529,0.32822509055145344,0.30921159539791776
codebert_balanced_ratio_preserved_noise_mcc_selected_true_pr_auc_v1,codebert_class_weight_balanced,codebert,90/10,3,random_flip_20,test,70/30,test,learning_rate,2.0000000000000002e-05,2.0000000000000002e-05,1,True,6790,190,568.39385968400165,70,21,49,0.69999999999999996,0.5,0,0,0,0,49,0,21,0,0.28862973760932942,0.22734232978596977,0.21156465307706177
codebert_balanced_ratio_preserved_noise_mcc_selected_true_pr_auc_v1,codebert_class_weight_balanced,codebert,90/10,3,random_flip_20,test,75/25,test,learning_rate,2.0000000000000002e-05,2.0000000000000002e-05,1,True,6790,190,568.39385968400165,84,21,63,0.75,0.5,0,0,0,0,63,0,21,0,0.34845049130763406,0.20308003121155843,0.18961954731149003
codebert_balanced_ratio_preserved_noise_mcc_selected_true_pr_auc_v1,codebert_class_weight_balanced,codebert,90/10,3,random_flip_20,test,80/20,test,learning_rate,2.0000000000000002e-05,2.0000000000000002e-05,1,True,6790,190,568.39385968400165,105,21,84,0.80000000000000004,0.5,0,0,0,0,84,0,21,0,0.28656462585034009,0.14764992321851123,0.13753106864039993
codebert_balanced_ratio_preserved_noise_mcc_selected_true_pr_auc_v1,codebert_class_weight_balanced,codebert,90/10,3,random_flip_20,test,90/10,test,learning_rate,2.0000000000000002e-05,2.0000000000000002e-05,1,True,6790,190,568.39385968400165,210,21,189,0.90000000000000002,0.5,0,0,0,0,189,0,21,0,0.34971025447215925,0.08029925994563937,0.074230724399035886
codebert_balanced_ratio_preserved_noise_mcc_selected_true_pr_auc_v1,codebert_class_weight_balanced,codebert,90/10,3,random_fp_10,validation,90/10,valid,learning_rate,2.0000000000000002e-05,2.0000000000000002e-05,2,True,13580,190,1077.7041251460323,190,19,171,0.88947368421052631,0.70467836257309935,0.45000000000000001,0.47368421052631576,0.46153846153846156,0.40016336533252062,160,11,10,9,0.90473991997537695,0.53139089075799106,0.51975591376652863
codebert_balanced_ratio_preserved_noise_mcc_selected_true_pr_auc_v1,codebert_class_weight_balanced,codebert,90/10,3,random_fp_10,test,50/50,test,learning_rate,2.0000000000000002e-05,2.0000000000000002e-05,2,True,13580,190,1077.7041251460323,42,21,21,0.61904761904761907,0.61904761904761907,0.77777777777777779,0.33333333333333331,0.46666666666666667,0.29012942659282975,19,2,14,7,0.77891156462585043,0.75593335674653095,0.74232076174667594
codebert_balanced_ratio_preserved_noise_mcc_selected_true_pr_auc_v1,codebert_class_weight_balanced,codebert,90/10,3,random_fp_10,test,60/40,test,learning_rate,2.0000000000000002e-05,2.0000000000000002e-05,2,True,13580,190,1077.7041251460323,53,21,32,0.71698113207547165,0.65104166666666663,0.875,0.33333333333333331,0.48275862068965519,0.4127244058511505,31,1,14,7,0.75,0.66697600125638756,0.64184101035679719
codebert_balanced_ratio_preserved_noise_mcc_selected_true_pr_auc_v1,codebert_class_weight_balanced,codebert,90/10,3,random_fp_10,test,70/30,test,learning_rate,2.0000000000000002e-05,2.0000000000000002e-05,2,True,13580,190,1077.7041251460323,70,21,49,0.7857142857142857,0.65646258503401356,0.875,0.33333333333333331,0.48275862068965519,0.45072053596003175,48,1,14,7,0.82021379980563658,0.71383680790277482,0.70682319979603303
codebert_balanced_ratio_preserved_noise_mcc_selected_true_pr_auc_v1,codebert_class_weight_balanced,codebert,90/10,3,random_fp_10,test,75/25,test,learning_rate,2.0000000000000002e-05,2.0000000000000002e-05,2,True,13580,190,1077.7041251460323,84,21,63,0.76190476190476186,0.61904761904761907,0.53846153846153844,0.33333333333333331,0.41176470588235292,0.28505573384448252,57,6,14,7,0.78835978835978837,0.55390404271118454,0.54050574623223258
codebert_balanced_ratio_preserved_noise_mcc_selected_true_pr_auc_v1,codebert_class_weight_balanced,codebert,90/10,3,random_fp_10,test,80/20,test,learning_rate,2.0000000000000002e-05,2.0000000000000002e-05,2,True,13580,190,1077.7041251460323,105,21,84,0.80952380952380953,0.63095238095238093,0.53846153846153844,0.33333333333333331,0.41176470588235292,0.31807321258143212,78,6,14,7,0.77239229024943301,0.42117239328479616,0.39704930140618239
codebert_balanced_ratio_preserved_noise_mcc_selected_true_pr_auc_v1,codebert_class_weight_balanced,codebert,90/10,3,random_fp_10,test,90/10,test,learning_rate,2.0000000000000002e-05,2.0000000000000002e-05,2,True,13580,190,1077.7041251460323,210,21,189,0.88095238095238093,0.63756613756613756,0.3888888888888889,0.33333333333333331,0.35897435897435898,0.2948459875572344,178,11,14,7,0.80675233056185436,0.31803627354023106,0.29480178997834255
codebert_balanced_ratio_preserved_noise_mcc_selected_true_pr_auc_v1,codebert_class_weight_balanced,codebert,90/10,3,random_fp_20,validation,90/10,valid,learning_rate,2.0000000000000002e-05,2.0000000000000002e-05,5,True,20370,190,1512.1211704879533,190,19,171,0.90000000000000002,0.5935672514619883,0.5,0.21052631578947367,0.29629629629629628,0.27954262312584488,167,4,15,4,0.91335795629424432,0.48401770789364917,0.46711243199227392
codebert_balanced_ratio_preserved_noise_mcc_selected_true_pr_auc_v1,codebert_class_weight_balanced,codebert,90/10,3,random_fp_20,test,50/50,test,learning_rate,2.0000000000000002e-05,2.0000000000000002e-05,5,True,20370,190,1512.1211704879533,42,21,21,0.54761904761904767,0.54761904761904767,1,0.095238095238095233,0.17391304347826086,0.22360679774997896,21,0,19,2,0.78004535147392295,0.78562778258156407,0.77645858700584003
codebert_balanced_ratio_preserved_noise_mcc_selected_true_pr_auc_v1,codebert_class_weight_balanced,codebert,90/10,3,random_fp_20,test,60/40,test,learning_rate,2.0000000000000002e-05,2.0000000000000002e-05,5,True,20370,190,1512.1211704879533,53,21,32,0.62264150943396224,0.53199404761904767,0.66666666666666663,0.095238095238095233,0.16666666666666666,0.13543726949497309,31,1,19,2,0.75,0.6899571581725652,0.67864757071064052
codebert_balanced_ratio_preserved_noise_mcc_selected_true_pr_auc_v1,codebert_class_weight_balanced,codebert,90/10,3,random_fp_20,test,70/30,test,learning_rate,2.0000000000000002e-05,2.0000000000000002e-05,5,True,20370,190,1512.1211704879533,70,21,49,0.72857142857142854,0.54761904761904767,1,0.095238095238095233,0.17391304347826086,0.26196841599779191,49,0,19,2,0.83965014577259467,0.70590372225374054,0.69514999387722209
codebert_balanced_ratio_preserved_noise_mcc_selected_true_pr_auc_v1,codebert_class_weight_balanced,codebert,90/10,3,random_fp_20,test,75/25,test,learning_rate,2.0000000000000002e-05,2.0000000000000002e-05,5,True,20370,190,1512.1211704879533,84,21,63,0.76190476190476186,0.53968253968253965,0.66666666666666663,0.095238095238095233,0.16666666666666666,0.18518518518518517,62,1,19,2,0.80952380952380953,0.56046494531564961,0.54709024582002641
codebert_balanced_ratio_preserved_noise_mcc_selected_true_pr_auc_v1,codebert_class_weight_balanced,codebert,90/10,3,random_fp_20,test,80/20,test,learning_rate,2.0000000000000002e-05,2.0000000000000002e-05,5,True,20370,190,1512.1211704879533,105,21,84,0.80000000000000004,0.5357142857142857,0.5,0.095238095238095233,0.16,0.14925557853149837,82,2,19,2,0.77862811791383213,0.46359017167436056,0.45089414224807572
codebert_balanced_ratio_preserved_noise_mcc_selected_true_pr_auc_v1,codebert_class_weight_balanced,codebert,90/10,3,random_fp_20,test,90/10,test,learning_rate,2.0000000000000002e-05,2.0000000000000002e-05,5,True,20370,190,1512.1211704879533,210,21,189,0.90476190476190477,0.54497354497354489,0.66666666666666663,0.095238095238095233,0.16666666666666666,0.22739550027311961,188,1,19,2,0.82980599647266318,0.40660362832706831,0.39568547173185564
codebert_balanced_ratio_preserved_noise_mcc_selected_true_pr_auc_v1,codebert_class_weight_balanced,codebert,90/10,4,clean,validation,90/10,valid,learning_rate,2.0000000000000002e-05,2.0000000000000002e-05,5,True,6790,190,588.11955300404225,190,19,171,0.89473684210526316,0.66081871345029242,0.46666666666666667,0.36842105263157893,0.41176470588235292,0.35783002674779546,163,8,12,7,0.8184056632810095,0.38086135315620318,0.36351508415780148
codebert_balanced_ratio_preserved_noise_mcc_selected_true_pr_auc_v1,codebert_class_weight_balanced,codebert,90/10,4,clean,test,50/50,test,learning_rate,2.0000000000000002e-05,2.0000000000000002e-05,5,True,6790,190,588.11955300404225,42,21,21,0.6428571428571429,0.64285714285714279,1,0.2857142857142857,0.44444444444444442,0.40824829046386302,21,0,15,6,0.81065759637188206,0.85224890352464744,0.84931319762184754
codebert_balanced_ratio_preserved_noise_mcc_selected_true_pr_auc_v1,codebert_class_weight_balanced,codebert,90/10,4,clean,test,60/40,test,learning_rate,2.0000000000000002e-05,2.0000000000000002e-05,5,True,6790,190,588.11955300404225,53,21,32,0.71698113207547165,0.64285714285714279,1,0.2857142857142857,0.44444444444444442,0.441054277135977,32,0,15,6,0.86681547619047616,0.84834857260965646,0.84675613024081153
codebert_balanced_ratio_preserved_noise_mcc_selected_true_pr_auc_v1,codebert_class_weight_balanced,codebert,90/10,4,clean,test,70/30,test,learning_rate,2.0000000000000002e-05,2.0000000000000002e-05,5,True,6790,190,588.11955300404225,70,21,49,0.75714285714285712,0.62244897959183665,0.75,0.2857142857142857,0.41379310344827586,0.35273781075132921,47,2,15,6,0.82896015549076774,0.71783793321832112,0.71133337476369585
codebert_balanced_ratio_preserved_noise_mcc_selected_true_pr_auc_v1,codebert_class_weight_balanced,codebert,90/10,4,clean,test,75/25,test,learning_rate,2.0000000000000002e-05,2.0000000000000002e-05,5,True,6790,190,588.11955300404225,84,21,63,0.80952380952380953,0.63492063492063489,0.8571428571428571,0.2857142857142857,0.42857142857142855,0.42276002160669474,62,1,15,6,0.8306878306878307,0.69007626445394599,0.68397415610826462
codebert_balanced_ratio_preserved_noise_mcc_selected_true_pr_auc_v1,codebert_class_weight_balanced,codebert,90/10,4,clean,test,80/20,test,learning_rate,2.0000000000000002e-05,2.0000000000000002e-05,5,True,6790,190,588.11955300404225,105,21,84,0.8571428571428571,0.64285714285714279,1,0.2857142857142857,0.44444444444444442,0.49236596391733095,84,0,15,6,0.87358276643990929,0.75571036763444788,0.75213464646853545
codebert_balanced_ratio_preserved_noise_mcc_selected_true_pr_auc_v1,codebert_class_weight_balanced,codebert,90/10,4,clean,test,90/10,test,learning_rate,2.0000000000000002e-05,2.0000000000000002e-05,5,True,6790,190,588.11955300404225,210,21,189,0.90000000000000002,0.62698412698412698,0.5,0.2857142857142857,0.36363636363636365,0.3282439759448873,183,6,15,6,0.83975812547241113,0.45863736404122285,0.45047131831816667
codebert_balanced_ratio_preserved_noise_mcc_selected_true_pr_auc_v1,codebert_class_weight_balanced,codebert,90/10,4,heuristic_fp_10,validation,90/10,valid,learning_rate,2.0000000000000002e-05,2.0000000000000002e-05,2,True,13580,190,1045.5696267000167,190,19,171,0.81052631578947365,0.70760233918128657,0.28205128205128205,0.57894736842105265,0.37931034482758619,0.30840138292849417,143,28,8,11,0.84148968913511857,0.33828593866666479,0.30319558182654072
codebert_balanced_ratio_preserved_noise_mcc_selected_true_pr_auc_v1,codebert_class_weight_balanced,codebert,90/10,4,heuristic_fp_10,test,50/50,test,learning_rate,2.0000000000000002e-05,2.0000000000000002e-05,2,True,13580,190,1045.5696267000167,42,21,21,0.76190476190476186,0.76190476190476186,0.92307692307692313,0.5714285714285714,0.70588235294117652,0.5665288228870653,20,1,9,12,0.91836734693877553,0.92256012166450019,0.92051700813642423
codebert_balanced_ratio_preserved_noise_mcc_selected_true_pr_auc_v1,codebert_class_weight_balanced,codebert,90/10,4,heuristic_fp_10,test,60/40,test,learning_rate,2.0000000000000002e-05,2.0000000000000002e-05,2,True,13580,190,1045.5696267000167,53,21,32,0.71698113207547165,0.6919642857142857,0.66666666666666663,0.5714285714285714,0.61538461538461542,0.39651972354028314,26,6,9,12,0.85416666666666663,0.74852131149392842,0.72967994865153241
codebert_balanced_ratio_preserved_noise_mcc_selected_true_pr_auc_v1,codebert_class_weight_balanced,codebert,90/10,4,heuristic_fp_10,test,70/30,test,learning_rate,2.0000000000000002e-05,2.0000000000000002e-05,2,True,13580,190,1045.5696267000167,70,21,49,0.72857142857142854,0.68367346938775508,0.54545454545454541,0.5714285714285714,0.55813953488372092,0.36262033381142111,39,10,9,12,0.82021379980563647,0.65117667569419124,0.62060245825398563
codebert_balanced_ratio_preserved_noise_mcc_selected_true_pr_auc_v1,codebert_class_weight_balanced,codebert,90/10,4,heuristic_fp_10,test,75/25,test,learning_rate,2.0000000000000002e-05,2.0000000000000002e-05,2,True,13580,190,1045.5696267000167,84,21,63,0.76190476190476186,0.69841269841269837,0.52173913043478259,0.5714285714285714,0.54545454545454541,0.38534572542904716,52,11,9,12,0.84391534391534395,0.57384384034685465,0.55011418338389562
codebert_balanced_ratio_preserved_noise_mcc_selected_true_pr_auc_v1,codebert_class_weight_balanced,codebert,90/10,4,heuristic_fp_10,test,80/20,test,learning_rate,2.0000000000000002e-05,2.0000000000000002e-05,2,True,13580,190,1045.5696267000167,105,21,84,0.8666666666666667,0.75595238095238093,0.70588235294117652,0.5714285714285714,0.63157894736842102,0.55586926674464554,79,5,9,12,0.89455782312925169,0.71257934056177286,0.70428016914899239
codebert_balanced_ratio_preserved_noise_mcc_selected_true_pr_auc_v1,codebert_class_weight_balanced,codebert,90/10,4,heuristic_fp_10,test,90/10,test,learning_rate,2.0000000000000002e-05,2.0000000000000002e-05,2,True,13580,190,1045.5696267000167,210,21,189,0.83809523809523812,0.71957671957671954,0.32432432432432434,0.5714285714285714,0.41379310344827586,0.34580631826995317,164,25,9,12,0.85122197026958935,0.35863238163614886,0.32842783743104087
codebert_balanced_ratio_preserved_noise_mcc_selected_true_pr_auc_v1,codebert_class_weight_balanced,codebert,90/10,4,heuristic_fp_20,validation,90/10,valid,learning_rate,2.0000000000000002e-05,2.0000000000000002e-05,4,True,20370,190,1497.3782835069578,190,19,171,0.87368421052631584,0.69590643274853803,0.39130434782608697,0.47368421052631576,0.42857142857142855,0.36035569867818906,157,14,10,9,0.86303477993228683,0.37228256891390804,0.34565292365975075
codebert_balanced_ratio_preserved_noise_mcc_selected_true_pr_auc_v1,codebert_class_weight_balanced,codebert,90/10,4,heuristic_fp_20,test,50/50,test,learning_rate,2.0000000000000002e-05,2.0000000000000002e-05,4,True,20370,190,1497.3782835069578,42,21,21,0.73809523809523814,0.73809523809523814,1,0.47619047619047616,0.64516129032258063,0.55901699437494745,21,0,11,10,0.94331065759637189,0.95272735114368934,0.95171719239945118
codebert_balanced_ratio_preserved_noise_mcc_selected_true_pr_auc_v1,codebert_class_weight_balanced,codebert,90/10,4,heuristic_fp_20,test,60/40,test,learning_rate,2.0000000000000002e-05,2.0000000000000002e-05,4,True,20370,190,1497.3782835069578,53,21,32,0.75471698113207553,0.70684523809523814,0.83333333333333337,0.47619047619047616,0.60606060606060608,0.4834789920292743,30,2,11,10,0.87202380952380953,0.8284330902291881,0.82380135561382684
codebert_balanced_ratio_preserved_noise_mcc_selected_true_pr_auc_v1,codebert_class_weight_balanced,codebert,90/10,4,heuristic_fp_20,test,70/30,test,learning_rate,2.0000000000000002e-05,2.0000000000000002e-05,4,True,20370,190,1497.3782835069578,70,21,49,0.80000000000000004,0.70748299319727892,0.76923076923076927,0.47619047619047616,0.58823529411764708,0.48900250474794649,46,3,11,10,0.84985422740524785,0.67977110496959825,0.65348892592980412
codebert_balanced_ratio_preserved_noise_mcc_selected_true_pr_auc_v1,codebert_class_weight_balanced,codebert,90/10,4,heuristic_fp_20,test,75/25,test,learning_rate,2.0000000000000002e-05,2.0000000000000002e-05,4,True,20370,190,1497.3782835069578,84,21,63,0.79761904761904767,0.69047619047619047,0.625,0.47619047619047616,0.54054054054054057,0.42008402520840293,57,6,11,10,0.87301587301587302,0.60957300185726881,0.58061521093766411
codebert_balanced_ratio_preserved_noise_mcc_selected_true_pr_auc_v1,codebert_class_weight_balanced,codebert,90/10,4,heuristic_fp_20,test,80/20,test,learning_rate,2.0000000000000002e-05,2.0000000000000002e-05,4,True,20370,190,1497.3782835069578,105,21,84,0.87619047619047619,0.72619047619047616,0.83333333333333337,0.47619047619047616,0.60606060606060608,0.56875012308478723,82,2,11,10,0.90816326530612235,0.77199742346663491,0.76678193343132617
codebert_balanced_ratio_preserved_noise_mcc_selected_true_pr_auc_v1,codebert_class_weight_balanced,codebert,90/10,4,heuristic_fp_20,test,90/10,test,learning_rate,2.0000000000000002e-05,2.0000000000000002e-05,4,True,20370,190,1497.3782835069578,210,21,189,0.90000000000000002,0.71164021164021163,0.5,0.47619047619047616,0.48780487804878048,0.43259045634870008,179,10,11,10,0.87805492567397325,0.43452982187355965,0.40543622523325673
codebert_balanced_ratio_preserved_noise_mcc_selected_true_pr_auc_v1,codebert_class_weight_balanced,codebert,90/10,4,random_flip_10,validation,90/10,valid,learning_rate,2.0000000000000002e-05,2.0000000000000002e-05,1,True,6790,190,570.89604534197133,190,19,171,0.90000000000000002,0.5,0,0,0,0,171,0,19,0,0.34210526315789475,0.084537500049965408,0.064009705283943522
codebert_balanced_ratio_preserved_noise_mcc_selected_true_pr_auc_v1,codebert_class_weight_balanced,codebert,90/10,4,random_flip_10,test,50/50,test,learning_rate,2.0000000000000002e-05,2.0000000000000002e-05,1,True,6790,190,570.89604534197133,42,21,21,0.5,0.5,0,0,0,0,21,0,21,0,0.55442176870748294,0.52723577235772368,0.54933217189314754
codebert_balanced_ratio_preserved_noise_mcc_selected_true_pr_auc_v1,codebert_class_weight_balanced,codebert,90/10,4,random_flip_10,test,60/40,test,learning_rate,2.0000000000000002e-05,2.0000000000000002e-05,1,True,6790,190,570.89604534197133,53,21,32,0.60377358490566035,0.5,0,0,0,0,32,0,21,0,0.61235119047619047,0.46190476190476187,0.50476190476190474
codebert_balanced_ratio_preserved_noise_mcc_selected_true_pr_auc_v1,codebert_class_weight_balanced,codebert,90/10,4,random_flip_10,test,70/30,test,learning_rate,2.0000000000000002e-05,2.0000000000000002e-05,1,True,6790,190,570.89604534197133,70,21,49,0.69999999999999996,0.5,0,0,0,0,49,0,21,0,0.60738581146744408,0.351828231292517,0.37829506802721086
codebert_balanced_ratio_preserved_noise_mcc_selected_true_pr_auc_v1,codebert_class_weight_balanced,codebert,90/10,4,random_flip_10,test,75/25,test,learning_rate,2.0000000000000002e-05,2.0000000000000002e-05,1,True,6790,190,570.89604534197133,84,21,63,0.75,0.5,0,0,0,0,63,0,21,0,0.58541194255479967,0.28572802858517143,0.26531299388442242
codebert_balanced_ratio_preserved_noise_mcc_selected_true_pr_auc_v1,codebert_class_weight_balanced,codebert,90/10,4,random_flip_10,test,80/20,test,learning_rate,2.0000000000000002e-05,2.0000000000000002e-05,1,True,6790,190,570.89604534197133,105,21,84,0.80000000000000004,0.5,0,0,0,0,84,0,21,0,0.54251700680272108,0.21310439560439559,0.19190018315018315
codebert_balanced_ratio_preserved_noise_mcc_selected_true_pr_auc_v1,codebert_class_weight_balanced,codebert,90/10,4,random_flip_10,test,90/10,test,learning_rate,2.0000000000000002e-05,2.0000000000000002e-05,1,True,6790,190,570.89604534197133,210,21,189,0.90000000000000002,0.5,0,0,0,0,189,0,21,0,0.53640715545477446,0.10649648175421372,0.094534446080837831
codebert_balanced_ratio_preserved_noise_mcc_selected_true_pr_auc_v1,codebert_class_weight_balanced,codebert,90/10,4,random_flip_20,validation,90/10,valid,learning_rate,2.0000000000000002e-05,2.0000000000000002e-05,1,True,6790,190,561.50657133094501,190,19,171,0.90000000000000002,0.5,0,0,0,0,171,0,19,0,0.22622345337026778,0.068361664989871049,0.062548205754493325
codebert_balanced_ratio_preserved_noise_mcc_selected_true_pr_auc_v1,codebert_class_weight_balanced,codebert,90/10,4,random_flip_20,test,50/50,test,learning_rate,2.0000000000000002e-05,2.0000000000000002e-05,1,True,6790,190,561.50657133094501,42,21,21,0.5,0.5,0,0,0,0,21,0,21,0,0.19614512471655329,0.37262898094858421,0.3453636300796174
codebert_balanced_ratio_preserved_noise_mcc_selected_true_pr_auc_v1,codebert_class_weight_balanced,codebert,90/10,4,random_flip_20,test,60/40,test,learning_rate,2.0000000000000002e-05,2.0000000000000002e-05,1,True,6790,190,561.50657133094501,53,21,32,0.60377358490566035,0.5,0,0,0,0,32,0,21,0,0.16592261904761901,0.27252289075849273,0.25223261632428484
codebert_balanced_ratio_preserved_noise_mcc_selected_true_pr_auc_v1,codebert_class_weight_balanced,codebert,90/10,4,random_flip_20,test,70/30,test,learning_rate,2.0000000000000002e-05,2.0000000000000002e-05,1,True,6790,190,561.50657133094501,70,21,49,0.69999999999999996,0.5,0,0,0,0,49,0,21,0,0.18901846452866858,0.20266629523808805,0.18648733537049483
codebert_balanced_ratio_preserved_noise_mcc_selected_true_pr_auc_v1,codebert_class_weight_balanced,codebert,90/10,4,random_flip_20,test,75/25,test,learning_rate,2.0000000000000002e-05,2.0000000000000002e-05,1,True,6790,190,561.50657133094501,84,21,63,0.75,0.5,0,0,0,0,63,0,21,0,0.22675736961451246,0.1719794655190387,0.15855736529948966
codebert_balanced_ratio_preserved_noise_mcc_selected_true_pr_auc_v1,codebert_class_weight_balanced,codebert,90/10,4,random_flip_20,test,80/20,test,learning_rate,2.0000000000000002e-05,2.0000000000000002e-05,1,True,6790,190,561.50657133094501,105,21,84,0.80000000000000004,0.5,0,0,0,0,84,0,21,0,0.21343537414965985,0.13422316523224848,0.12320272901070745
codebert_balanced_ratio_preserved_noise_mcc_selected_true_pr_auc_v1,codebert_class_weight_balanced,codebert,90/10,4,random_flip_20,test,90/10,test,learning_rate,2.0000000000000002e-05,2.0000000000000002e-05,1,True,6790,190,561.50657133094501,210,21,189,0.90000000000000002,0.5,0,0,0,0,189,0,21,0,0.19727891156462588,0.063589897068074774,0.058330690046513776
codebert_balanced_ratio_preserved_noise_mcc_selected_true_pr_auc_v1,codebert_class_weight_balanced,codebert,90/10,4,random_fp_10,validation,90/10,valid,learning_rate,2.0000000000000002e-05,2.0000000000000002e-05,1,True,13580,190,1086.5289292959496,190,19,171,0.90000000000000002,0.5,0,0,0,0,171,0,19,0,0.43459526008002458,0.089671593790586923,0.12944214237120413
codebert_balanced_ratio_preserved_noise_mcc_selected_true_pr_auc_v1,codebert_class_weight_balanced,codebert,90/10,4,random_fp_10,test,50/50,test,learning_rate,2.0000000000000002e-05,2.0000000000000002e-05,1,True,13580,190,1086.5289292959496,42,21,21,0.5,0.5,0,0,0,0,21,0,21,0,0.45691609977324266,0.48268398268398266,0.50324675324675328
codebert_balanced_ratio_preserved_noise_mcc_selected_true_pr_auc_v1,codebert_class_weight_balanced,codebert,90/10,4,random_fp_10,test,60/40,test,learning_rate,2.0000000000000002e-05,2.0000000000000002e-05,1,True,13580,190,1086.5289292959496,53,21,32,0.60377358490566035,0.5,0,0,0,0,32,0,21,0,0.42410714285714285,0.36264921062764727,0.36057630599409574
codebert_balanced_ratio_preserved_noise_mcc_selected_true_pr_auc_v1,codebert_class_weight_balanced,codebert,90/10,4,random_fp_10,test,70/30,test,learning_rate,2.0000000000000002e-05,2.0000000000000002e-05,1,True,13580,190,1086.5289292959496,70,21,49,0.69999999999999996,0.5,0,0,0,0,49,0,21,0,0.36540330417881439,0.25764119601328905,0.26115725359911401
codebert_balanced_ratio_preserved_noise_mcc_selected_true_pr_auc_v1,codebert_class_weight_balanced,codebert,90/10,4,random_fp_10,test,75/25,test,learning_rate,2.0000000000000002e-05,2.0000000000000002e-05,1,True,13580,190,1086.5289292959496,84,21,63,0.75,0.5,0,0,0,0,63,0,21,0,0.48185941043083902,0.24281934996220711,0.2737150415721844
codebert_balanced_ratio_preserved_noise_mcc_selected_true_pr_auc_v1,codebert_class_weight_balanced,codebert,90/10,4,random_fp_10,test,80/20,test,learning_rate,2.0000000000000002e-05,2.0000000000000002e-05,1,True,13580,190,1086.5289292959496,105,21,84,0.80000000000000004,0.5,0,0,0,0,84,0,21,0,0.42035147392290251,0.17840039970790578,0.19935047465313807
codebert_balanced_ratio_preserved_noise_mcc_selected_true_pr_auc_v1,codebert_class_weight_balanced,codebert,90/10,4,random_fp_10,test,90/10,test,learning_rate,2.0000000000000002e-05,2.0000000000000002e-05,1,True,13580,190,1086.5289292959496,210,21,189,0.90000000000000002,0.5,0,0,0,0,189,0,21,0,0.46245905769715301,0.093449231544469644,0.1318373645754598
codebert_balanced_ratio_preserved_noise_mcc_selected_true_pr_auc_v1,codebert_class_weight_balanced,codebert,90/10,4,random_fp_20,validation,90/10,valid,learning_rate,2.0000000000000002e-05,2.0000000000000002e-05,1,True,20370,190,1557.8826290320139,190,19,171,0.90000000000000002,0.5,0,0,0,0,171,0,19,0,0.4706063404124346,0.094673643885656966,0.38049699554308536
codebert_balanced_ratio_preserved_noise_mcc_selected_true_pr_auc_v1,codebert_class_weight_balanced,codebert,90/10,4,random_fp_20,test,50/50,test,learning_rate,2.0000000000000002e-05,2.0000000000000002e-05,1,True,20370,190,1557.8826290320139,42,21,21,0.5,0.5,0,0,0,0,21,0,21,0,0.52834467120181405,0.51567632035767363,0.69983744000266424
codebert_balanced_ratio_preserved_noise_mcc_selected_true_pr_auc_v1,codebert_class_weight_balanced,codebert,90/10,4,random_fp_20,test,60/40,test,learning_rate,2.0000000000000002e-05,2.0000000000000002e-05,1,True,20370,190,1557.8826290320139,53,21,32,0.60377358490566035,0.5,0,0,0,0,32,0,21,0,0.50520833333333337,0.39677749693709591,0.62740031619314107
codebert_balanced_ratio_preserved_noise_mcc_selected_true_pr_auc_v1,codebert_class_weight_balanced,codebert,90/10,4,random_fp_20,test,70/30,test,learning_rate,2.0000000000000002e-05,2.0000000000000002e-05,1,True,20370,190,1557.8826290320139,70,21,49,0.69999999999999996,0.5,0,0,0,0,49,0,21,0,0.51846452866861026,0.30786645048940131,0.5716057166876839
codebert_balanced_ratio_preserved_noise_mcc_selected_true_pr_auc_v1,codebert_class_weight_balanced,codebert,90/10,4,random_fp_20,test,75/25,test,learning_rate,2.0000000000000002e-05,2.0000000000000002e-05,1,True,20370,190,1557.8826290320139,84,21,63,0.75,0.5,0,0,0,0,63,0,21,0,0.50453514739229022,0.25127050127050127,0.53666303666303661
codebert_balanced_ratio_preserved_noise_mcc_selected_true_pr_auc_v1,codebert_class_weight_balanced,codebert,90/10,4,random_fp_20,test,80/20,test,learning_rate,2.0000000000000002e-05,2.0000000000000002e-05,1,True,20370,190,1557.8826290320139,105,21,84,0.80000000000000004,0.5,0,0,0,0,84,0,21,0,0.48554421768707479,0.19501239891353522,0.50180701208203105
codebert_balanced_ratio_preserved_noise_mcc_selected_true_pr_auc_v1,codebert_class_weight_balanced,codebert,90/10,4,random_fp_20,test,90/10,test,learning_rate,2.0000000000000002e-05,2.0000000000000002e-05,1,True,20370,190,1557.8826290320139,210,21,189,0.90000000000000002,0.5,0,0,0,0,189,0,21,0,0.48047367094986138,0.096249738681500469,0.4406528266329755
codebert_balanced_ratio_preserved_noise_mcc_selected_true_pr_auc_v1,codebert_class_weight_balanced,codebert,90/10,5,clean,validation,90/10,valid,learning_rate,2.0000000000000002e-05,2.0000000000000002e-05,5,True,6790,190,549.04636797506828,190,19,171,0.88947368421052631,0.6578947368421052,0.4375,0.36842105263157893,0.40000000000000002,0.34114411961050656,162,9,12,7,0.87657740843336418,0.39147041697115503,0.36902221297433618
codebert_balanced_ratio_preserved_noise_mcc_selected_true_pr_auc_v1,codebert_class_weight_balanced,codebert,90/10,5,clean,test,50/50,test,learning_rate,2.0000000000000002e-05,2.0000000000000002e-05,5,True,6790,190,549.04636797506828,42,21,21,0.73809523809523814,0.73809523809523814,1,0.47619047619047616,0.64516129032258063,0.55901699437494745,21,0,11,10,0.92857142857142849,0.93139090468996155,0.93056486773610492
codebert_balanced_ratio_preserved_noise_mcc_selected_true_pr_auc_v1,codebert_class_weight_balanced,codebert,90/10,5,clean,test,60/40,test,learning_rate,2.0000000000000002e-05,2.0000000000000002e-05,5,True,6790,190,549.04636797506828,53,21,32,0.73584905660377353,0.69122023809523814,0.76923076923076927,0.47619047619047616,0.58823529411764708,0.43475723194974081,29,3,11,10,0.84077380952380953,0.7581352281710918,0.74930408819686822
codebert_balanced_ratio_preserved_noise_mcc_selected_true_pr_auc_v1,codebert_class_weight_balanced,codebert,90/10,5,clean,test,70/30,test,learning_rate,2.0000000000000002e-05,2.0000000000000002e-05,5,True,6790,190,549.04636797506828,70,21,49,0.84285714285714286,0.73809523809523814,1,0.47619047619047616,0.64516129032258063,0.62360956446232352,49,0,11,10,0.87706511175898927,0.81575850583859766,0.81231690747324903
codebert_balanced_ratio_preserved_noise_mcc_selected_true_pr_auc_v1,codebert_class_weight_balanced,codebert,90/10,5,clean,test,75/25,test,learning_rate,2.0000000000000002e-05,2.0000000000000002e-05,5,True,6790,190,549.04636797506828,84,21,63,0.83333333333333337,0.71428571428571419,0.76923076923076927,0.47619047619047616,0.58823529411764708,0.51310032092006852,60,3,11,10,0.90060468631897206,0.76934992447275641,0.76444531243211244
codebert_balanced_ratio_preserved_noise_mcc_selected_true_pr_auc_v1,codebert_class_weight_balanced,codebert,90/10,5,clean,test,80/20,test,learning_rate,2.0000000000000002e-05,2.0000000000000002e-05,5,True,6790,190,549.04636797506828,105,21,84,0.8666666666666667,0.72023809523809523,0.76923076923076927,0.47619047619047616,0.58823529411764708,0.53494131206877227,81,3,11,10,0.8458049886621315,0.59778749545839682,0.59353208936432278
codebert_balanced_ratio_preserved_noise_mcc_selected_true_pr_auc_v1,codebert_class_weight_balanced,codebert,90/10,5,clean,test,90/10,test,learning_rate,2.0000000000000002e-05,2.0000000000000002e-05,5,True,6790,190,549.04636797506828,210,21,189,0.9285714285714286,0.72751322751322745,0.7142857142857143,0.47619047619047616,0.5714285714285714,0.54724920963020229,185,4,11,10,0.88120433358528594,0.56186244014267905,0.55302065100702413
codebert_balanced_ratio_preserved_noise_mcc_selected_true_pr_auc_v1,codebert_class_weight_balanced,codebert,90/10,5,heuristic_fp_10,validation,90/10,valid,learning_rate,2.0000000000000002e-05,2.0000000000000002e-05,3,True,13580,190,1068.8615597980097,190,19,171,0.90000000000000002,0.71052631578947367,0.5,0.47368421052631576,0.48648648648648651,0.4313310928137537,162,9,10,9,0.89781471221914433,0.44135592212014529,0.43827764832229066
codebert_balanced_ratio_preserved_noise_mcc_selected_true_pr_auc_v1,codebert_class_weight_balanced,codebert,90/10,5,heuristic_fp_10,test,50/50,test,learning_rate,2.0000000000000002e-05,2.0000000000000002e-05,3,True,13580,190,1068.8615597980097,42,21,21,0.73809523809523814,0.73809523809523814,1,0.47619047619047616,0.64516129032258063,0.55901699437494745,21,0,11,10,0.95011337868480727,0.95384472952473853,0.95272644175378973
codebert_balanced_ratio_preserved_noise_mcc_selected_true_pr_auc_v1,codebert_class_weight_balanced,codebert,90/10,5,heuristic_fp_10,test,60/40,test,learning_rate,2.0000000000000002e-05,2.0000000000000002e-05,3,True,13580,190,1068.8615597980097,53,21,32,0.79245283018867929,0.73809523809523814,1,0.47619047619047616,0.64516129032258063,0.59529346364854363,32,0,11,10,0.90029761904761907,0.86787811804065673,0.86476105683782989
codebert_balanced_ratio_preserved_noise_mcc_selected_true_pr_auc_v1,codebert_class_weight_balanced,codebert,90/10,5,heuristic_fp_10,test,70/30,test,learning_rate,2.0000000000000002e-05,2.0000000000000002e-05,3,True,13580,190,1068.8615597980097,70,21,49,0.81428571428571428,0.71768707482993199,0.83333333333333337,0.47619047619047616,0.60606060606060608,0.52937777811782949,47,2,11,10,0.86880466472303208,0.76253887634439499,0.75695705557546833
codebert_balanced_ratio_preserved_noise_mcc_selected_true_pr_auc_v1,codebert_class_weight_balanced,codebert,90/10,5,heuristic_fp_10,test,75/25,test,learning_rate,2.0000000000000002e-05,2.0000000000000002e-05,3,True,13580,190,1068.8615597980097,84,21,63,0.8214285714285714,0.70634920634920628,0.7142857142857143,0.47619047619047616,0.5714285714285714,0.47951222381615638,59,4,11,10,0.89304610733182166,0.61197660607933357,0.57922344552505256
codebert_balanced_ratio_preserved_noise_mcc_selected_true_pr_auc_v1,codebert_class_weight_balanced,codebert,90/10,5,heuristic_fp_10,test,80/20,test,learning_rate,2.0000000000000002e-05,2.0000000000000002e-05,3,True,13580,190,1068.8615597980097,105,21,84,0.83809523809523812,0.70238095238095233,0.625,0.47619047619047616,0.54054054054054057,0.45049909900270296,78,6,11,10,0.86252834467120187,0.50721319337230519,0.47715524850973701
codebert_balanced_ratio_preserved_noise_mcc_selected_true_pr_auc_v1,codebert_class_weight_balanced,codebert,90/10,5,heuristic_fp_10,test,90/10,test,learning_rate,2.0000000000000002e-05,2.0000000000000002e-05,3,True,13580,190,1068.8615597980097,210,21,189,0.90952380952380951,0.71693121693121697,0.55555555555555558,0.47619047619047616,0.51282051282051277,0.4649494419171773,181,8,11,10,0.88410178886369373,0.39645543662095212,0.36885975094434359
codebert_balanced_ratio_preserved_noise_mcc_selected_true_pr_auc_v1,codebert_class_weight_balanced,codebert,90/10,5,heuristic_fp_20,validation,90/10,valid,learning_rate,2.0000000000000002e-05,2.0000000000000002e-05,1,True,20370,190,1521.1981747449609,190,19,171,0.82631578947368423,0.78654970760233911,0.33333333333333331,0.73684210526315785,0.45901639344262296,0.41433280303600356,143,28,5,14,0.88334872268390274,0.40803265558757962,0.37646474815468539
codebert_balanced_ratio_preserved_noise_mcc_selected_true_pr_auc_v1,codebert_class_weight_balanced,codebert,90/10,5,heuristic_fp_20,test,50/50,test,learning_rate,2.0000000000000002e-05,2.0000000000000002e-05,1,True,20370,190,1521.1981747449609,42,21,21,0.80952380952380953,0.80952380952380953,0.93333333333333335,0.66666666666666663,0.77777777777777779,0.64597519349993926,20,1,7,14,0.94557823129251695,0.94672371921641241,0.94532553226902638
codebert_balanced_ratio_preserved_noise_mcc_selected_true_pr_auc_v1,codebert_class_weight_balanced,codebert,90/10,5,heuristic_fp_20,test,60/40,test,learning_rate,2.0000000000000002e-05,2.0000000000000002e-05,1,True,20370,190,1521.1981747449609,53,21,32,0.79245283018867929,0.77083333333333326,0.77777777777777779,0.66666666666666663,0.71794871794871795,0.55943092778551573,28,4,7,14,0.87351190476190477,0.78612030765937346,0.77239347512452938
codebert_balanced_ratio_preserved_noise_mcc_selected_true_pr_auc_v1,codebert_class_weight_balanced,codebert,90/10,5,heuristic_fp_20,test,70/30,test,learning_rate,2.0000000000000002e-05,2.0000000000000002e-05,1,True,20370,190,1521.1981747449609,70,21,49,0.75714285714285712,0.73129251700680276,0.58333333333333337,0.66666666666666663,0.62222222222222223,0.44659589686882373,39,10,7,14,0.85762876579203107,0.64639228070331711,0.61819686295520637
codebert_balanced_ratio_preserved_noise_mcc_selected_true_pr_auc_v1,codebert_class_weight_balanced,codebert,90/10,5,heuristic_fp_20,test,75/25,test,learning_rate,2.0000000000000002e-05,2.0000000000000002e-05,1,True,20370,190,1521.1981747449609,84,21,63,0.8214285714285714,0.76984126984126977,0.63636363636363635,0.66666666666666663,0.65116279069767447,0.53150958955861405,55,8,7,14,0.87755102040816324,0.57910962365915841,0.55327776763465031
codebert_balanced_ratio_preserved_noise_mcc_selected_true_pr_auc_v1,codebert_class_weight_balanced,codebert,90/10,5,heuristic_fp_20,test,80/20,test,learning_rate,2.0000000000000002e-05,2.0000000000000002e-05,1,True,20370,190,1521.1981747449609,105,21,84,0.78095238095238095,0.73809523809523814,0.46666666666666667,0.66666666666666663,0.5490196078431373,0.4216370213557839,68,16,7,14,0.84722222222222221,0.46701853232997909,0.44386784761482279
codebert_balanced_ratio_preserved_noise_mcc_selected_true_pr_auc_v1,codebert_class_weight_balanced,codebert,90/10,5,heuristic_fp_20,test,90/10,test,learning_rate,2.0000000000000002e-05,2.0000000000000002e-05,1,True,20370,190,1521.1981747449609,210,21,189,0.83809523809523812,0.76190476190476186,0.34146341463414637,0.66666666666666663,0.45161290322580644,0.39644108787107696,162,27,7,14,0.87767699672461574,0.3494172792056488,0.33028538638101235
codebert_balanced_ratio_preserved_noise_mcc_selected_true_pr_auc_v1,codebert_class_weight_balanced,codebert,90/10,5,random_flip_10,validation,90/10,valid,learning_rate,2.0000000000000002e-05,2.0000000000000002e-05,3,True,6790,190,639.26152332499623,190,19,171,0.90526315789473688,0.52631578947368418,1,0.052631578947368418,0.10000000000000001,0.21821789023599239,171,0,18,1,0.91474299784549085,0.58572674272272884,0.57576934141823477
codebert_balanced_ratio_preserved_noise_mcc_selected_true_pr_auc_v1,codebert_class_weight_balanced,codebert,90/10,5,random_flip_10,test,50/50,test,learning_rate,2.0000000000000002e-05,2.0000000000000002e-05,3,True,6790,190,639.26152332499623,42,21,21,0.5,0.5,0,0,0,0,21,0,21,0,0.88321995464852598,0.84429493938007871,0.83673224316752504
codebert_balanced_ratio_preserved_noise_mcc_selected_true_pr_auc_v1,codebert_class_weight_balanced,codebert,90/10,5,random_flip_10,test,60/40,test,learning_rate,2.0000000000000002e-05,2.0000000000000002e-05,3,True,6790,190,639.26152332499623,53,21,32,0.60377358490566035,0.5,0,0,0,0,32,0,21,0,0.75223214285714279,0.57987733574217215,0.55612793389026649
codebert_balanced_ratio_preserved_noise_mcc_selected_true_pr_auc_v1,codebert_class_weight_balanced,codebert,90/10,5,random_flip_10,test,70/30,test,learning_rate,2.0000000000000002e-05,2.0000000000000002e-05,3,True,6790,190,639.26152332499623,70,21,49,0.69999999999999996,0.5,0,0,0,0,49,0,21,0,0.80126336248785224,0.65519287020421801,0.64472894591790642
codebert_balanced_ratio_preserved_noise_mcc_selected_true_pr_auc_v1,codebert_class_weight_balanced,codebert,90/10,5,random_flip_10,test,75/25,test,learning_rate,2.0000000000000002e-05,2.0000000000000002e-05,3,True,6790,190,639.26152332499623,84,21,63,0.75,0.5,0,0,0,0,63,0,21,0,0.86394557823129248,0.5950872953657248,0.56587206582139948
codebert_balanced_ratio_preserved_noise_mcc_selected_true_pr_auc_v1,codebert_class_weight_balanced,codebert,90/10,5,random_flip_10,test,80/20,test,learning_rate,2.0000000000000002e-05,2.0000000000000002e-05,3,True,6790,190,639.26152332499623,105,21,84,0.80000000000000004,0.5,0,0,0,0,84,0,21,0,0.81434240362811794,0.46665167473280805,0.44317709577715236
codebert_balanced_ratio_preserved_noise_mcc_selected_true_pr_auc_v1,codebert_class_weight_balanced,codebert,90/10,5,random_flip_10,test,90/10,test,learning_rate,2.0000000000000002e-05,2.0000000000000002e-05,3,True,6790,190,639.26152332499623,210,21,189,0.90000000000000002,0.5,0,0,0,0,189,0,21,0,0.83257747543461835,0.33348183062266851,0.30602040194890101
codebert_balanced_ratio_preserved_noise_mcc_selected_true_pr_auc_v1,codebert_class_weight_balanced,codebert,90/10,5,random_flip_20,validation,90/10,valid,learning_rate,2.0000000000000002e-05,2.0000000000000002e-05,1,True,6790,190,577.56554312899243,190,19,171,0.10000000000000001,0.5,0.10000000000000001,1,0.18181818181818182,0,0,171,0,19,0.12219144352108342,0.065931994943950883,0.055600417628550017
codebert_balanced_ratio_preserved_noise_mcc_selected_true_pr_auc_v1,codebert_class_weight_balanced,codebert,90/10,5,random_flip_20,test,50/50,test,learning_rate,2.0000000000000002e-05,2.0000000000000002e-05,1,True,6790,190,577.56554312899243,42,21,21,0.5,0.5,0.5,1,0.66666666666666663,0,0,21,0,21,0.17573696145124715,0.36264746671450065,0.33893287528856103
codebert_balanced_ratio_preserved_noise_mcc_selected_true_pr_auc_v1,codebert_class_weight_balanced,codebert,90/10,5,random_flip_20,test,60/40,test,learning_rate,2.0000000000000002e-05,2.0000000000000002e-05,1,True,6790,190,577.56554312899243,53,21,32,0.39622641509433965,0.5,0.39622641509433965,1,0.56756756756756754,0,0,32,0,21,0.25148809523809523,0.29221054487308357,0.27157874022167106
codebert_balanced_ratio_preserved_noise_mcc_selected_true_pr_auc_v1,codebert_class_weight_balanced,codebert,90/10,5,random_flip_20,test,70/30,test,learning_rate,2.0000000000000002e-05,2.0000000000000002e-05,1,True,6790,190,577.56554312899243,70,21,49,0.29999999999999999,0.5,0.29999999999999999,1,0.46153846153846156,0,0,49,0,21,0.23129251700680273,0.21044679104392827,0.19453062517559069
codebert_balanced_ratio_preserved_noise_mcc_selected_true_pr_auc_v1,codebert_class_weight_balanced,codebert,90/10,5,random_flip_20,test,75/25,test,learning_rate,2.0000000000000002e-05,2.0000000000000002e-05,1,True,6790,190,577.56554312899243,84,21,63,0.26190476190476192,0.50793650793650791,0.25301204819277107,1,0.40384615384615385,0.063372425052447792,1,62,0,21,0.15041572184429328,0.16101776490881967,0.14871847433325577
codebert_balanced_ratio_preserved_noise_mcc_selected_true_pr_auc_v1,codebert_class_weight_balanced,codebert,90/10,5,random_flip_20,test,80/20,test,learning_rate,2.0000000000000002e-05,2.0000000000000002e-05,1,True,6790,190,577.56554312899243,105,21,84,0.20000000000000001,0.5,0.20000000000000001,1,0.33333333333333331,0,0,84,0,21,0.24489795918367346,0.13792083143136835,0.12766440686616221
codebert_balanced_ratio_preserved_noise_mcc_selected_true_pr_auc_v1,codebert_class_weight_balanced,codebert,90/10,5,random_flip_20,test,90/10,test,learning_rate,2.0000000000000002e-05,2.0000000000000002e-05,1,True,6790,190,577.56554312899243,210,21,189,0.10000000000000001,0.5,0.10000000000000001,1,0.18181818181818182,0,0,189,0,21,0.20924666162761404,0.064751815041169919,0.059711792747335929
codebert_balanced_ratio_preserved_noise_mcc_selected_true_pr_auc_v1,codebert_class_weight_balanced,codebert,90/10,5,random_fp_10,validation,90/10,valid,learning_rate,2.0000000000000002e-05,2.0000000000000002e-05,1,True,13580,190,1073.1318441119511,190,19,171,0.90000000000000002,0.5,0,0,0,0,171,0,19,0,0.92536164973838109,0.50960259812210218,0.48957536287854553
codebert_balanced_ratio_preserved_noise_mcc_selected_true_pr_auc_v1,codebert_class_weight_balanced,codebert,90/10,5,random_fp_10,test,50/50,test,learning_rate,2.0000000000000002e-05,2.0000000000000002e-05,1,True,13580,190,1073.1318441119511,42,21,21,0.5,0.5,0,0,0,0,21,0,21,0,0.90476190476190477,0.90338352279528777,0.90024536934353061
codebert_balanced_ratio_preserved_noise_mcc_selected_true_pr_auc_v1,codebert_class_weight_balanced,codebert,90/10,5,random_fp_10,test,60/40,test,learning_rate,2.0000000000000002e-05,2.0000000000000002e-05,1,True,13580,190,1073.1318441119511,53,21,32,0.60377358490566035,0.5,0,0,0,0,32,0,21,0,0.85416666666666663,0.78633948303235379,0.7786679870835469
codebert_balanced_ratio_preserved_noise_mcc_selected_true_pr_auc_v1,codebert_class_weight_balanced,codebert,90/10,5,random_fp_10,test,70/30,test,learning_rate,2.0000000000000002e-05,2.0000000000000002e-05,1,True,13580,190,1073.1318441119511,70,21,49,0.69999999999999996,0.5,0,0,0,0,49,0,21,0,0.84888241010689991,0.67510719486799986,0.64902352107846162
codebert_balanced_ratio_preserved_noise_mcc_selected_true_pr_auc_v1,codebert_class_weight_balanced,codebert,90/10,5,random_fp_10,test,75/25,test,learning_rate,2.0000000000000002e-05,2.0000000000000002e-05,1,True,13580,190,1073.1318441119511,84,21,63,0.75,0.5,0,0,0,0,63,0,21,0,0.8718820861678005,0.65481694240810606,0.63926902192519308
codebert_balanced_ratio_preserved_noise_mcc_selected_true_pr_auc_v1,codebert_class_weight_balanced,codebert,90/10,5,random_fp_10,test,80/20,test,learning_rate,2.0000000000000002e-05,2.0000000000000002e-05,1,True,13580,190,1073.1318441119511,105,21,84,0.80000000000000004,0.5,0,0,0,0,84,0,21,0,0.80470521541950113,0.45804878020643658,0.43006779330243911
codebert_balanced_ratio_preserved_noise_mcc_selected_true_pr_auc_v1,codebert_class_weight_balanced,codebert,90/10,5,random_fp_10,test,90/10,test,learning_rate,2.0000000000000002e-05,2.0000000000000002e-05,1,True,13580,190,1073.1318441119511,210,21,189,0.90000000000000002,0.5,0,0,0,0,189,0,21,0,0.83723859914336107,0.31546609058002256,0.29368848146015836
codebert_balanced_ratio_preserved_noise_mcc_selected_true_pr_auc_v1,codebert_class_weight_balanced,codebert,90/10,5,random_fp_20,validation,90/10,valid,learning_rate,2.0000000000000002e-05,2.0000000000000002e-05,1,True,20370,190,1523.0665837390115,190,19,171,0.90000000000000002,0.5,0,0,0,0,171,0,19,0,0.51461988304093564,0.10382513661202186,0.051912568306010931
codebert_balanced_ratio_preserved_noise_mcc_selected_true_pr_auc_v1,codebert_class_weight_balanced,codebert,90/10,5,random_fp_20,test,50/50,test,learning_rate,2.0000000000000002e-05,2.0000000000000002e-05,1,True,20370,190,1523.0665837390115,42,21,21,0.5,0.5,0,0,0,0,21,0,21,0,0.5,0.5,0.75
codebert_balanced_ratio_preserved_noise_mcc_selected_true_pr_auc_v1,codebert_class_weight_balanced,codebert,90/10,5,random_fp_20,test,60/40,test,learning_rate,2.0000000000000002e-05,2.0000000000000002e-05,1,True,20370,190,1523.0665837390115,53,21,32,0.60377358490566035,0.5,0,0,0,0,32,0,21,0,0.53125,0.41176470588235292,0.70588235294117641
codebert_balanced_ratio_preserved_noise_mcc_selected_true_pr_auc_v1,codebert_class_weight_balanced,codebert,90/10,5,random_fp_20,test,70/30,test,learning_rate,2.0000000000000002e-05,2.0000000000000002e-05,1,True,20370,190,1523.0665837390115,70,21,49,0.69999999999999996,0.5,0,0,0,0,49,0,21,0,0.52040816326530615,0.30882352941176472,0.65441176470588236
codebert_balanced_ratio_preserved_noise_mcc_selected_true_pr_auc_v1,codebert_class_weight_balanced,codebert,90/10,5,random_fp_20,test,75/25,test,learning_rate,2.0000000000000002e-05,2.0000000000000002e-05,1,True,20370,190,1523.0665837390115,84,21,63,0.75,0.5,0,0,0,0,63,0,21,0,0.53968253968253965,0.26582278481012656,0.63291139240506333
codebert_balanced_ratio_preserved_noise_mcc_selected_true_pr_auc_v1,codebert_class_weight_balanced,codebert,90/10,5,random_fp_20,test,80/20,test,learning_rate,2.0000000000000002e-05,2.0000000000000002e-05,1,True,20370,190,1523.0665837390115,105,21,84,0.80000000000000004,0.5,0,0,0,0,84,0,21,0,0.51190476190476186,0.20388349514563106,0.60194174757281549
codebert_balanced_ratio_preserved_noise_mcc_selected_true_pr_auc_v1,codebert_class_weight_balanced,codebert,90/10,5,random_fp_20,test,90/10,test,learning_rate,2.0000000000000002e-05,2.0000000000000002e-05,1,True,20370,190,1523.0665837390115,210,21,189,0.90000000000000002,0.5,0,0,0,0,189,0,21,0,0.51587301587301593,0.10344827586206896,0.051724137931034482
