run_name,model,model_family,hyperparameter_name,train_ratio,seed,condition,stage,eval_ratio,split,C,selected_hyperparams,train_rows,valid_rows,elapsed_seconds,n_rows,positive_rows,benign_rows,accuracy,balanced_accuracy,precision,recall,f1,mcc,tn,fp,fn,tp,roc_auc,average_precision,pr_auc
lightgbm_balanced_ratio_preserved_noise_mcc_selected_v1,lightgbm_class_weight_balanced,lightgbm,num_leaves,60/40,1,clean,validation_grid,60/40,valid,15.000000,False,1698,48,7.985104,48,19,29,0.875000,0.878403,0.809524,0.894737,0.850000,0.746051,25,4,2,17,0.909256,0.815261,0.815261
lightgbm_balanced_ratio_preserved_noise_mcc_selected_v1,lightgbm_class_weight_balanced,lightgbm,num_leaves,60/40,1,clean,validation_grid,60/40,valid,31.000000,False,1698,48,12.274370,48,19,29,0.875000,0.878403,0.809524,0.894737,0.850000,0.746051,25,4,2,17,0.931034,0.836362,0.836362
lightgbm_balanced_ratio_preserved_noise_mcc_selected_v1,lightgbm_class_weight_balanced,lightgbm,num_leaves,60/40,1,clean,validation_grid,60/40,valid,63.000000,True,1698,48,17.525356,48,19,29,0.895833,0.895644,0.850000,0.894737,0.871795,0.784904,26,3,2,17,0.909256,0.821894,0.821894
lightgbm_balanced_ratio_preserved_noise_mcc_selected_v1,lightgbm_class_weight_balanced,lightgbm,num_leaves,60/40,1,clean,test,50/50,test,63.000000,True,1698,48,17.608042,42,21,21,0.809524,0.809524,0.842105,0.761905,0.800000,0.621874,18,3,5,16,0.909297,0.916767,0.916767
lightgbm_balanced_ratio_preserved_noise_mcc_selected_v1,lightgbm_class_weight_balanced,lightgbm,num_leaves,60/40,1,clean,test,60/40,test,63.000000,True,1698,48,17.699615,53,21,32,0.830189,0.818452,0.800000,0.761905,0.780488,0.642669,28,4,5,16,0.928571,0.909587,0.909587
lightgbm_balanced_ratio_preserved_noise_mcc_selected_v1,lightgbm_class_weight_balanced,lightgbm,num_leaves,60/40,1,clean,test,70/30,test,63.000000,True,1698,48,17.794046,70,21,49,0.842857,0.819728,0.727273,0.761905,0.744186,0.631228,43,6,5,16,0.931001,0.867349,0.867349
lightgbm_balanced_ratio_preserved_noise_mcc_selected_v1,lightgbm_class_weight_balanced,lightgbm,num_leaves,60/40,1,clean,test,75/25,test,63.000000,True,1698,48,17.907130,84,21,63,0.809524,0.793651,0.592593,0.761905,0.666667,0.544530,52,11,5,16,0.889645,0.669652,0.669652
lightgbm_balanced_ratio_preserved_noise_mcc_selected_v1,lightgbm_class_weight_balanced,lightgbm,num_leaves,60/40,1,clean,test,80/20,test,63.000000,True,1698,48,18.065357,105,21,84,0.809524,0.791667,0.516129,0.761905,0.615385,0.511528,69,15,5,16,0.910998,0.752733,0.752733
lightgbm_balanced_ratio_preserved_noise_mcc_selected_v1,lightgbm_class_weight_balanced,lightgbm,num_leaves,60/40,1,clean,test,90/10,test,63.000000,True,1698,48,18.334094,210,21,189,0.804762,0.785714,0.307692,0.761905,0.438356,0.397166,153,36,5,16,0.903124,0.562251,0.562251
lightgbm_balanced_ratio_preserved_noise_mcc_selected_v1,lightgbm_class_weight_balanced,lightgbm,num_leaves,60/40,1,random_flip_10,validation_grid,60/40,valid,15.000000,True,1698,48,7.756323,48,19,29,0.854167,0.870236,0.750000,0.947368,0.837209,0.724224,23,6,1,18,0.901996,0.819837,0.819837
lightgbm_balanced_ratio_preserved_noise_mcc_selected_v1,lightgbm_class_weight_balanced,lightgbm,num_leaves,60/40,1,random_flip_10,validation_grid,60/40,valid,31.000000,False,1698,48,13.341276,48,19,29,0.791667,0.782214,0.736842,0.736842,0.736842,0.564428,24,5,5,14,0.898367,0.846546,0.846546
lightgbm_balanced_ratio_preserved_noise_mcc_selected_v1,lightgbm_class_weight_balanced,lightgbm,num_leaves,60/40,1,random_flip_10,validation_grid,60/40,valid,63.000000,False,1698,48,19.901015,48,19,29,0.833333,0.825771,0.789474,0.789474,0.789474,0.651543,25,4,4,15,0.894737,0.854803,0.854803
lightgbm_balanced_ratio_preserved_noise_mcc_selected_v1,lightgbm_class_weight_balanced,lightgbm,num_leaves,60/40,1,random_flip_10,test,50/50,test,15.000000,True,1698,48,19.993381,42,21,21,0.809524,0.809524,0.782609,0.857143,0.818182,0.621874,16,5,3,18,0.900227,0.906840,0.906840
lightgbm_balanced_ratio_preserved_noise_mcc_selected_v1,lightgbm_class_weight_balanced,lightgbm,num_leaves,60/40,1,random_flip_10,test,60/40,test,15.000000,True,1698,48,20.094225,53,21,32,0.792453,0.803571,0.692308,0.857143,0.765957,0.594028,24,8,3,18,0.888393,0.839886,0.839886
lightgbm_balanced_ratio_preserved_noise_mcc_selected_v1,lightgbm_class_weight_balanced,lightgbm,num_leaves,60/40,1,random_flip_10,test,70/30,test,15.000000,True,1698,48,20.203900,70,21,49,0.785714,0.806122,0.600000,0.857143,0.705882,0.566947,37,12,3,18,0.899903,0.796933,0.796933
lightgbm_balanced_ratio_preserved_noise_mcc_selected_v1,lightgbm_class_weight_balanced,lightgbm,num_leaves,60/40,1,random_flip_10,test,75/25,test,15.000000,True,1698,48,20.322985,84,21,63,0.785714,0.809524,0.545455,0.857143,0.666667,0.548860,48,15,3,18,0.916100,0.795718,0.795718
lightgbm_balanced_ratio_preserved_noise_mcc_selected_v1,lightgbm_class_weight_balanced,lightgbm,num_leaves,60/40,1,random_flip_10,test,80/20,test,15.000000,True,1698,48,20.490901,105,21,84,0.819048,0.833333,0.529412,0.857143,0.654545,0.569888,68,16,3,18,0.893991,0.657443,0.657443
lightgbm_balanced_ratio_preserved_noise_mcc_selected_v1,lightgbm_class_weight_balanced,lightgbm,num_leaves,60/40,1,random_flip_10,test,90/10,test,15.000000,True,1698,48,20.749188,210,21,189,0.752381,0.798942,0.268657,0.857143,0.409091,0.384815,140,49,3,18,0.879189,0.431985,0.431985
lightgbm_balanced_ratio_preserved_noise_mcc_selected_v1,lightgbm_class_weight_balanced,lightgbm,num_leaves,60/40,1,random_flip_20,validation_grid,60/40,valid,15.000000,False,1698,48,7.715603,48,19,29,0.729167,0.712341,0.666667,0.631579,0.648649,0.428986,23,6,7,12,0.869328,0.788134,0.788134
lightgbm_balanced_ratio_preserved_noise_mcc_selected_v1,lightgbm_class_weight_balanced,lightgbm,num_leaves,60/40,1,random_flip_20,validation_grid,60/40,valid,31.000000,True,1698,48,12.522444,48,19,29,0.770833,0.755898,0.722222,0.684211,0.702703,0.516983,24,5,6,13,0.854809,0.768417,0.768417
lightgbm_balanced_ratio_preserved_noise_mcc_selected_v1,lightgbm_class_weight_balanced,lightgbm,num_leaves,60/40,1,random_flip_20,validation_grid,60/40,valid,63.000000,False,1698,48,18.689363,48,19,29,0.770833,0.737750,0.785714,0.578947,0.666667,0.511590,26,3,8,11,0.834846,0.709982,0.709982
lightgbm_balanced_ratio_preserved_noise_mcc_selected_v1,lightgbm_class_weight_balanced,lightgbm,num_leaves,60/40,1,random_flip_20,test,50/50,test,31.000000,True,1698,48,18.788644,42,21,21,0.690476,0.690476,0.700000,0.666667,0.682927,0.381385,15,6,7,14,0.820862,0.846272,0.846272
lightgbm_balanced_ratio_preserved_noise_mcc_selected_v1,lightgbm_class_weight_balanced,lightgbm,num_leaves,60/40,1,random_flip_20,test,60/40,test,31.000000,True,1698,48,18.893516,53,21,32,0.716981,0.708333,0.636364,0.666667,0.651163,0.413601,24,8,7,14,0.837798,0.730184,0.730184
lightgbm_balanced_ratio_preserved_noise_mcc_selected_v1,lightgbm_class_weight_balanced,lightgbm,num_leaves,60/40,1,random_flip_20,test,70/30,test,31.000000,True,1698,48,19.019313,70,21,49,0.742857,0.721088,0.560000,0.666667,0.608696,0.422890,38,11,7,14,0.845481,0.705092,0.705092
lightgbm_balanced_ratio_preserved_noise_mcc_selected_v1,lightgbm_class_weight_balanced,lightgbm,num_leaves,60/40,1,random_flip_20,test,75/25,test,31.000000,True,1698,48,19.138213,84,21,63,0.809524,0.761905,0.608696,0.666667,0.636364,0.508656,54,9,7,14,0.887377,0.755174,0.755174
lightgbm_balanced_ratio_preserved_noise_mcc_selected_v1,lightgbm_class_weight_balanced,lightgbm,num_leaves,60/40,1,random_flip_20,test,80/20,test,31.000000,True,1698,48,19.348600,105,21,84,0.704762,0.690476,0.368421,0.666667,0.474576,0.317096,60,24,7,14,0.834467,0.604734,0.604734
lightgbm_balanced_ratio_preserved_noise_mcc_selected_v1,lightgbm_class_weight_balanced,lightgbm,num_leaves,60/40,1,random_flip_20,test,90/10,test,31.000000,True,1698,48,19.601512,210,21,189,0.733333,0.703704,0.222222,0.666667,0.333333,0.266711,140,49,7,14,0.837113,0.350435,0.350435
lightgbm_balanced_ratio_preserved_noise_mcc_selected_v1,lightgbm_class_weight_balanced,lightgbm,num_leaves,60/40,1,random_fp_10,validation_grid,60/40,valid,15.000000,False,2124,48,8.637641,48,19,29,0.833333,0.834846,0.761905,0.842105,0.800000,0.660175,24,5,3,16,0.905626,0.820126,0.820126
lightgbm_balanced_ratio_preserved_noise_mcc_selected_v1,lightgbm_class_weight_balanced,lightgbm,num_leaves,60/40,1,random_fp_10,validation_grid,60/40,valid,31.000000,True,2124,48,12.990662,48,19,29,0.833333,0.843920,0.739130,0.894737,0.809524,0.673332,23,6,2,17,0.901996,0.827013,0.827013
lightgbm_balanced_ratio_preserved_noise_mcc_selected_v1,lightgbm_class_weight_balanced,lightgbm,num_leaves,60/40,1,random_fp_10,validation_grid,60/40,valid,63.000000,False,2124,48,19.642476,48,19,29,0.812500,0.808530,0.750000,0.789474,0.769231,0.612081,24,5,4,15,0.896552,0.829641,0.829641
lightgbm_balanced_ratio_preserved_noise_mcc_selected_v1,lightgbm_class_weight_balanced,lightgbm,num_leaves,60/40,1,random_fp_10,test,50/50,test,31.000000,True,2124,48,19.724216,42,21,21,0.809524,0.809524,0.809524,0.809524,0.809524,0.619048,17,4,4,17,0.888889,0.906982,0.906982
lightgbm_balanced_ratio_preserved_noise_mcc_selected_v1,lightgbm_class_weight_balanced,lightgbm,num_leaves,60/40,1,random_fp_10,test,60/40,test,31.000000,True,2124,48,19.817458,53,21,32,0.811321,0.811012,0.739130,0.809524,0.772727,0.613857,26,6,4,17,0.921131,0.921534,0.921534
lightgbm_balanced_ratio_preserved_noise_mcc_selected_v1,lightgbm_class_weight_balanced,lightgbm,num_leaves,60/40,1,random_fp_10,test,70/30,test,31.000000,True,2124,48,19.912223,70,21,49,0.814286,0.812925,0.653846,0.809524,0.723404,0.593561,40,9,4,17,0.911565,0.864021,0.864021
lightgbm_balanced_ratio_preserved_noise_mcc_selected_v1,lightgbm_class_weight_balanced,lightgbm,num_leaves,60/40,1,random_fp_10,test,75/25,test,31.000000,True,2124,48,20.016630,84,21,63,0.821429,0.817460,0.607143,0.809524,0.693878,0.583212,52,11,4,17,0.928193,0.883930,0.883930
lightgbm_balanced_ratio_preserved_noise_mcc_selected_v1,lightgbm_class_weight_balanced,lightgbm,num_leaves,60/40,1,random_fp_10,test,80/20,test,31.000000,True,2124,48,20.158278,105,21,84,0.771429,0.785714,0.459459,0.809524,0.586207,0.478471,64,20,4,17,0.887188,0.759147,0.759147
lightgbm_balanced_ratio_preserved_noise_mcc_selected_v1,lightgbm_class_weight_balanced,lightgbm,num_leaves,60/40,1,random_fp_10,test,90/10,test,31.000000,True,2124,48,20.402008,210,21,189,0.780952,0.793651,0.288136,0.809524,0.425000,0.392001,147,42,4,17,0.899345,0.536481,0.536481
lightgbm_balanced_ratio_preserved_noise_mcc_selected_v1,lightgbm_class_weight_balanced,lightgbm,num_leaves,60/40,1,random_fp_20,validation_grid,60/40,valid,15.000000,False,2549,48,9.208032,48,19,29,0.812500,0.817604,0.727273,0.842105,0.780488,0.623439,23,6,3,16,0.901996,0.816648,0.816648
lightgbm_balanced_ratio_preserved_noise_mcc_selected_v1,lightgbm_class_weight_balanced,lightgbm,num_leaves,60/40,1,random_fp_20,validation_grid,60/40,valid,31.000000,True,2549,48,16.477197,48,19,29,0.833333,0.843920,0.739130,0.894737,0.809524,0.673332,23,6,2,17,0.901996,0.843658,0.843658
lightgbm_balanced_ratio_preserved_noise_mcc_selected_v1,lightgbm_class_weight_balanced,lightgbm,num_leaves,60/40,1,random_fp_20,validation_grid,60/40,valid,63.000000,False,2549,48,24.265642,48,19,29,0.812500,0.808530,0.750000,0.789474,0.769231,0.612081,24,5,4,15,0.923775,0.888242,0.888242
lightgbm_balanced_ratio_preserved_noise_mcc_selected_v1,lightgbm_class_weight_balanced,lightgbm,num_leaves,60/40,1,random_fp_20,test,50/50,test,31.000000,True,2549,48,24.352953,42,21,21,0.738095,0.738095,0.727273,0.761905,0.744186,0.476731,15,6,5,16,0.829932,0.879923,0.879923
lightgbm_balanced_ratio_preserved_noise_mcc_selected_v1,lightgbm_class_weight_balanced,lightgbm,num_leaves,60/40,1,random_fp_20,test,60/40,test,31.000000,True,2549,48,24.449805,53,21,32,0.698113,0.709077,0.592593,0.761905,0.666667,0.409122,21,11,5,16,0.825893,0.805712,0.805712
lightgbm_balanced_ratio_preserved_noise_mcc_selected_v1,lightgbm_class_weight_balanced,lightgbm,num_leaves,60/40,1,random_fp_20,test,70/30,test,31.000000,True,2549,48,24.548602,70,21,49,0.800000,0.789116,0.640000,0.761905,0.695652,0.553010,40,9,5,16,0.846453,0.786492,0.786492
lightgbm_balanced_ratio_preserved_noise_mcc_selected_v1,lightgbm_class_weight_balanced,lightgbm,num_leaves,60/40,1,random_fp_20,test,75/25,test,31.000000,True,2549,48,24.660482,84,21,63,0.809524,0.793651,0.592593,0.761905,0.666667,0.544530,52,11,5,16,0.869992,0.807770,0.807770
lightgbm_balanced_ratio_preserved_noise_mcc_selected_v1,lightgbm_class_weight_balanced,lightgbm,num_leaves,60/40,1,random_fp_20,test,80/20,test,31.000000,True,2549,48,24.804635,105,21,84,0.752381,0.755952,0.432432,0.761905,0.551724,0.428631,63,21,5,16,0.836735,0.614101,0.614101
lightgbm_balanced_ratio_preserved_noise_mcc_selected_v1,lightgbm_class_weight_balanced,lightgbm,num_leaves,60/40,1,random_fp_20,test,90/10,test,31.000000,True,2549,48,25.119964,210,21,189,0.719048,0.738095,0.228571,0.761905,0.351648,0.303046,135,54,5,16,0.839632,0.614891,0.614891
lightgbm_balanced_ratio_preserved_noise_mcc_selected_v1,lightgbm_class_weight_balanced,lightgbm,num_leaves,60/40,1,heuristic_fp_10,validation_grid,60/40,valid,15.000000,False,2124,48,9.721007,48,19,29,0.791667,0.818512,0.666667,0.947368,0.782609,0.627971,20,9,1,18,0.863884,0.746606,0.746606
lightgbm_balanced_ratio_preserved_noise_mcc_selected_v1,lightgbm_class_weight_balanced,lightgbm,num_leaves,60/40,1,heuristic_fp_10,validation_grid,60/40,valid,31.000000,False,2124,48,15.277550,48,19,29,0.791667,0.818512,0.666667,0.947368,0.782609,0.627971,20,9,1,18,0.874773,0.740910,0.740910
lightgbm_balanced_ratio_preserved_noise_mcc_selected_v1,lightgbm_class_weight_balanced,lightgbm,num_leaves,60/40,1,heuristic_fp_10,validation_grid,60/40,valid,63.000000,True,2124,48,21.939958,48,19,29,0.812500,0.835753,0.692308,0.947368,0.800000,0.659064,21,8,1,18,0.900181,0.807153,0.807153
lightgbm_balanced_ratio_preserved_noise_mcc_selected_v1,lightgbm_class_weight_balanced,lightgbm,num_leaves,60/40,1,heuristic_fp_10,test,50/50,test,63.000000,True,2124,48,22.038689,42,21,21,0.833333,0.833333,0.818182,0.857143,0.837209,0.667424,17,4,3,18,0.931973,0.932310,0.932310
lightgbm_balanced_ratio_preserved_noise_mcc_selected_v1,lightgbm_class_weight_balanced,lightgbm,num_leaves,60/40,1,heuristic_fp_10,test,60/40,test,63.000000,True,2124,48,22.147579,53,21,32,0.792453,0.803571,0.692308,0.857143,0.765957,0.594028,24,8,3,18,0.910714,0.856878,0.856878
lightgbm_balanced_ratio_preserved_noise_mcc_selected_v1,lightgbm_class_weight_balanced,lightgbm,num_leaves,60/40,1,heuristic_fp_10,test,70/30,test,63.000000,True,2124,48,22.284365,70,21,49,0.828571,0.836735,0.666667,0.857143,0.750000,0.634029,40,9,3,18,0.934888,0.789720,0.789720
lightgbm_balanced_ratio_preserved_noise_mcc_selected_v1,lightgbm_class_weight_balanced,lightgbm,num_leaves,60/40,1,heuristic_fp_10,test,75/25,test,63.000000,True,2124,48,22.429484,84,21,63,0.857143,0.857143,0.666667,0.857143,0.750000,0.662266,54,9,3,18,0.956916,0.894612,0.894612
lightgbm_balanced_ratio_preserved_noise_mcc_selected_v1,lightgbm_class_weight_balanced,lightgbm,num_leaves,60/40,1,heuristic_fp_10,test,80/20,test,63.000000,True,2124,48,22.620748,105,21,84,0.828571,0.839286,0.545455,0.857143,0.666667,0.584685,69,15,3,18,0.920635,0.656052,0.656052
lightgbm_balanced_ratio_preserved_noise_mcc_selected_v1,lightgbm_class_weight_balanced,lightgbm,num_leaves,60/40,1,heuristic_fp_10,test,90/10,test,63.000000,True,2124,48,22.867679,210,21,189,0.804762,0.828042,0.321429,0.857143,0.467532,0.445088,151,38,3,18,0.932099,0.650722,0.650722
lightgbm_balanced_ratio_preserved_noise_mcc_selected_v1,lightgbm_class_weight_balanced,lightgbm,num_leaves,60/40,1,heuristic_fp_20,validation_grid,60/40,valid,15.000000,False,2549,48,9.213210,48,19,29,0.750000,0.774955,0.629630,0.894737,0.739130,0.542095,19,10,2,17,0.909256,0.867638,0.867638
lightgbm_balanced_ratio_preserved_noise_mcc_selected_v1,lightgbm_class_weight_balanced,lightgbm,num_leaves,60/40,1,heuristic_fp_20,validation_grid,60/40,valid,31.000000,False,2549,48,14.260081,48,19,29,0.812500,0.826679,0.708333,0.894737,0.790698,0.639021,22,7,2,17,0.907441,0.861962,0.861962
lightgbm_balanced_ratio_preserved_noise_mcc_selected_v1,lightgbm_class_weight_balanced,lightgbm,num_leaves,60/40,1,heuristic_fp_20,validation_grid,60/40,valid,63.000000,True,2549,48,21.371994,48,19,29,0.812500,0.835753,0.692308,0.947368,0.800000,0.659064,21,8,1,18,0.927405,0.883167,0.883167
lightgbm_balanced_ratio_preserved_noise_mcc_selected_v1,lightgbm_class_weight_balanced,lightgbm,num_leaves,60/40,1,heuristic_fp_20,test,50/50,test,63.000000,True,2549,48,21.477348,42,21,21,0.857143,0.857143,0.826087,0.904762,0.863636,0.717547,17,4,2,19,0.947846,0.949445,0.949445
lightgbm_balanced_ratio_preserved_noise_mcc_selected_v1,lightgbm_class_weight_balanced,lightgbm,num_leaves,60/40,1,heuristic_fp_20,test,60/40,test,63.000000,True,2549,48,21.590283,53,21,32,0.792453,0.811756,0.678571,0.904762,0.775510,0.610914,23,9,2,19,0.889881,0.821019,0.821019
lightgbm_balanced_ratio_preserved_noise_mcc_selected_v1,lightgbm_class_weight_balanced,lightgbm,num_leaves,60/40,1,heuristic_fp_20,test,70/30,test,63.000000,True,2549,48,21.704944,70,21,49,0.800000,0.829932,0.612903,0.904762,0.730769,0.608764,37,12,2,19,0.927114,0.843158,0.843158
lightgbm_balanced_ratio_preserved_noise_mcc_selected_v1,lightgbm_class_weight_balanced,lightgbm,num_leaves,60/40,1,heuristic_fp_20,test,75/25,test,63.000000,True,2549,48,21.829300,84,21,63,0.821429,0.849206,0.593750,0.904762,0.716981,0.622752,50,13,2,19,0.919123,0.789500,0.789500
lightgbm_balanced_ratio_preserved_noise_mcc_selected_v1,lightgbm_class_weight_balanced,lightgbm,num_leaves,60/40,1,heuristic_fp_20,test,80/20,test,63.000000,True,2549,48,22.002576,105,21,84,0.752381,0.809524,0.441860,0.904762,0.593750,0.503551,60,24,2,19,0.903061,0.734202,0.734202
lightgbm_balanced_ratio_preserved_noise_mcc_selected_v1,lightgbm_class_weight_balanced,lightgbm,num_leaves,60/40,1,heuristic_fp_20,test,90/10,test,63.000000,True,2549,48,22.268652,210,21,189,0.766667,0.828042,0.287879,0.904762,0.436782,0.423982,142,47,2,19,0.917737,0.636245,0.636245
lightgbm_balanced_ratio_preserved_noise_mcc_selected_v1,lightgbm_class_weight_balanced,lightgbm,num_leaves,60/40,2,clean,validation_grid,60/40,valid,15.000000,True,1698,48,8.019247,48,19,29,0.895833,0.895644,0.850000,0.894737,0.871795,0.784904,26,3,2,17,0.945554,0.937318,0.937318
lightgbm_balanced_ratio_preserved_noise_mcc_selected_v1,lightgbm_class_weight_balanced,lightgbm,num_leaves,60/40,2,clean,validation_grid,60/40,valid,31.000000,False,1698,48,12.663120,48,19,29,0.854167,0.852087,0.800000,0.842105,0.820513,0.698493,25,4,3,16,0.945554,0.931366,0.931366
lightgbm_balanced_ratio_preserved_noise_mcc_selected_v1,lightgbm_class_weight_balanced,lightgbm,num_leaves,60/40,2,clean,validation_grid,60/40,valid,63.000000,False,1698,48,18.254208,48,19,29,0.854167,0.852087,0.800000,0.842105,0.820513,0.698493,25,4,3,16,0.941924,0.930844,0.930844
lightgbm_balanced_ratio_preserved_noise_mcc_selected_v1,lightgbm_class_weight_balanced,lightgbm,num_leaves,60/40,2,clean,test,50/50,test,15.000000,True,1698,48,18.363864,42,21,21,0.785714,0.785714,0.750000,0.857143,0.800000,0.577350,15,6,3,18,0.857143,0.846961,0.846961
lightgbm_balanced_ratio_preserved_noise_mcc_selected_v1,lightgbm_class_weight_balanced,lightgbm,num_leaves,60/40,2,clean,test,60/40,test,15.000000,True,1698,48,18.467701,53,21,32,0.773585,0.787946,0.666667,0.857143,0.750000,0.563453,23,9,3,18,0.895833,0.845440,0.845440
lightgbm_balanced_ratio_preserved_noise_mcc_selected_v1,lightgbm_class_weight_balanced,lightgbm,num_leaves,60/40,2,clean,test,70/30,test,15.000000,True,1698,48,18.658055,70,21,49,0.800000,0.816327,0.620690,0.857143,0.720000,0.588549,38,11,3,18,0.889213,0.764407,0.764407
lightgbm_balanced_ratio_preserved_noise_mcc_selected_v1,lightgbm_class_weight_balanced,lightgbm,num_leaves,60/40,2,clean,test,75/25,test,15.000000,True,1698,48,18.795573,84,21,63,0.738095,0.777778,0.486486,0.857143,0.620690,0.484571,44,19,3,18,0.872260,0.660712,0.660712
lightgbm_balanced_ratio_preserved_noise_mcc_selected_v1,lightgbm_class_weight_balanced,lightgbm,num_leaves,60/40,2,clean,test,80/20,test,15.000000,True,1698,48,18.924451,105,21,84,0.828571,0.839286,0.545455,0.857143,0.666667,0.584685,69,15,3,18,0.908730,0.640327,0.640327
lightgbm_balanced_ratio_preserved_noise_mcc_selected_v1,lightgbm_class_weight_balanced,lightgbm,num_leaves,60/40,2,clean,test,90/10,test,15.000000,True,1698,48,19.157900,210,21,189,0.790476,0.820106,0.305085,0.857143,0.450000,0.427316,148,41,3,18,0.902242,0.460729,0.460729
lightgbm_balanced_ratio_preserved_noise_mcc_selected_v1,lightgbm_class_weight_balanced,lightgbm,num_leaves,60/40,2,random_flip_10,validation_grid,60/40,valid,15.000000,True,1698,48,8.162101,48,19,29,0.833333,0.843920,0.739130,0.894737,0.809524,0.673332,23,6,2,17,0.887477,0.831194,0.831194
lightgbm_balanced_ratio_preserved_noise_mcc_selected_v1,lightgbm_class_weight_balanced,lightgbm,num_leaves,60/40,2,random_flip_10,validation_grid,60/40,valid,31.000000,False,1698,48,12.955963,48,19,29,0.791667,0.791289,0.714286,0.789474,0.750000,0.574299,23,6,4,15,0.898367,0.850178,0.850178
lightgbm_balanced_ratio_preserved_noise_mcc_selected_v1,lightgbm_class_weight_balanced,lightgbm,num_leaves,60/40,2,random_flip_10,validation_grid,60/40,valid,63.000000,False,1698,48,21.335098,48,19,29,0.812500,0.808530,0.750000,0.789474,0.769231,0.612081,24,5,4,15,0.874773,0.840973,0.840973
lightgbm_balanced_ratio_preserved_noise_mcc_selected_v1,lightgbm_class_weight_balanced,lightgbm,num_leaves,60/40,2,random_flip_10,test,50/50,test,15.000000,True,1698,48,21.478484,42,21,21,0.738095,0.738095,0.727273,0.761905,0.744186,0.476731,15,6,5,16,0.829932,0.774641,0.774641
lightgbm_balanced_ratio_preserved_noise_mcc_selected_v1,lightgbm_class_weight_balanced,lightgbm,num_leaves,60/40,2,random_flip_10,test,60/40,test,15.000000,True,1698,48,21.574242,53,21,32,0.773585,0.771577,0.695652,0.761905,0.727273,0.536023,25,7,5,16,0.903274,0.887164,0.887164
lightgbm_balanced_ratio_preserved_noise_mcc_selected_v1,lightgbm_class_weight_balanced,lightgbm,num_leaves,60/40,2,random_flip_10,test,70/30,test,15.000000,True,1698,48,21.711297,70,21,49,0.771429,0.768707,0.592593,0.761905,0.666667,0.505943,38,11,5,16,0.865889,0.660587,0.660587
lightgbm_balanced_ratio_preserved_noise_mcc_selected_v1,lightgbm_class_weight_balanced,lightgbm,num_leaves,60/40,2,random_flip_10,test,75/25,test,15.000000,True,1698,48,21.839403,84,21,63,0.726190,0.738095,0.470588,0.761905,0.581818,0.420084,45,18,5,16,0.848073,0.616097,0.616097
lightgbm_balanced_ratio_preserved_noise_mcc_selected_v1,lightgbm_class_weight_balanced,lightgbm,num_leaves,60/40,2,random_flip_10,test,80/20,test,15.000000,True,1698,48,21.966495,105,21,84,0.838095,0.809524,0.571429,0.761905,0.653061,0.559950,72,12,5,16,0.902494,0.674141,0.674141
lightgbm_balanced_ratio_preserved_noise_mcc_selected_v1,lightgbm_class_weight_balanced,lightgbm,num_leaves,60/40,2,random_flip_10,test,90/10,test,15.000000,True,1698,48,22.217603,210,21,189,0.804762,0.785714,0.307692,0.761905,0.438356,0.397166,153,36,5,16,0.880071,0.427626,0.427626
lightgbm_balanced_ratio_preserved_noise_mcc_selected_v1,lightgbm_class_weight_balanced,lightgbm,num_leaves,60/40,2,random_flip_20,validation_grid,60/40,valid,15.000000,False,1698,48,9.429405,48,19,29,0.770833,0.774047,0.681818,0.789474,0.731707,0.537939,22,7,4,15,0.863884,0.800888,0.800888
lightgbm_balanced_ratio_preserved_noise_mcc_selected_v1,lightgbm_class_weight_balanced,lightgbm,num_leaves,60/40,2,random_flip_20,validation_grid,60/40,valid,31.000000,True,1698,48,13.678129,48,19,29,0.791667,0.791289,0.714286,0.789474,0.750000,0.574299,23,6,4,15,0.871143,0.834418,0.834418
lightgbm_balanced_ratio_preserved_noise_mcc_selected_v1,lightgbm_class_weight_balanced,lightgbm,num_leaves,60/40,2,random_flip_20,validation_grid,60/40,valid,63.000000,False,1698,48,19.719461,48,19,29,0.750000,0.738657,0.684211,0.684211,0.684211,0.477314,23,6,6,13,0.858439,0.798328,0.798328
lightgbm_balanced_ratio_preserved_noise_mcc_selected_v1,lightgbm_class_weight_balanced,lightgbm,num_leaves,60/40,2,random_flip_20,test,50/50,test,31.000000,True,1698,48,19.868036,42,21,21,0.785714,0.785714,0.800000,0.761905,0.780488,0.572078,17,4,5,16,0.907029,0.901596,0.901596
lightgbm_balanced_ratio_preserved_noise_mcc_selected_v1,lightgbm_class_weight_balanced,lightgbm,num_leaves,60/40,2,random_flip_20,test,60/40,test,31.000000,True,1698,48,20.026335,53,21,32,0.735849,0.740327,0.640000,0.761905,0.695652,0.470944,23,9,5,16,0.875000,0.833473,0.833473
lightgbm_balanced_ratio_preserved_noise_mcc_selected_v1,lightgbm_class_weight_balanced,lightgbm,num_leaves,60/40,2,random_flip_20,test,70/30,test,31.000000,True,1698,48,20.218810,70,21,49,0.728571,0.738095,0.533333,0.761905,0.627451,0.440959,35,14,5,16,0.829932,0.644454,0.644454
lightgbm_balanced_ratio_preserved_noise_mcc_selected_v1,lightgbm_class_weight_balanced,lightgbm,num_leaves,60/40,2,random_flip_20,test,75/25,test,31.000000,True,1698,48,20.348925,84,21,63,0.738095,0.746032,0.484848,0.761905,0.592593,0.436274,46,17,5,16,0.863190,0.732268,0.732268
lightgbm_balanced_ratio_preserved_noise_mcc_selected_v1,lightgbm_class_weight_balanced,lightgbm,num_leaves,60/40,2,random_flip_20,test,80/20,test,31.000000,True,1698,48,20.502057,105,21,84,0.790476,0.779762,0.484848,0.761905,0.592593,0.482108,67,17,5,16,0.879252,0.667732,0.667732
lightgbm_balanced_ratio_preserved_noise_mcc_selected_v1,lightgbm_class_weight_balanced,lightgbm,num_leaves,60/40,2,random_flip_20,test,90/10,test,31.000000,True,1698,48,20.764287,210,21,189,0.804762,0.785714,0.307692,0.761905,0.438356,0.397166,153,36,5,16,0.881582,0.502707,0.502707
lightgbm_balanced_ratio_preserved_noise_mcc_selected_v1,lightgbm_class_weight_balanced,lightgbm,num_leaves,60/40,2,random_fp_10,validation_grid,60/40,valid,15.000000,False,2124,48,8.806303,48,19,29,0.833333,0.843920,0.739130,0.894737,0.809524,0.673332,23,6,2,17,0.927405,0.901939,0.901939
lightgbm_balanced_ratio_preserved_noise_mcc_selected_v1,lightgbm_class_weight_balanced,lightgbm,num_leaves,60/40,2,random_fp_10,validation_grid,60/40,valid,31.000000,True,2124,48,13.662542,48,19,29,0.833333,0.852995,0.720000,0.947368,0.818182,0.691098,22,7,1,18,0.920145,0.879650,0.879650
lightgbm_balanced_ratio_preserved_noise_mcc_selected_v1,lightgbm_class_weight_balanced,lightgbm,num_leaves,60/40,2,random_fp_10,validation_grid,60/40,valid,63.000000,False,2124,48,19.841470,48,19,29,0.791667,0.791289,0.714286,0.789474,0.750000,0.574299,23,6,4,15,0.903811,0.862228,0.862228
lightgbm_balanced_ratio_preserved_noise_mcc_selected_v1,lightgbm_class_weight_balanced,lightgbm,num_leaves,60/40,2,random_fp_10,test,50/50,test,31.000000,True,2124,48,19.951588,42,21,21,0.785714,0.785714,0.772727,0.809524,0.790698,0.572078,16,5,4,17,0.852608,0.862321,0.862321
lightgbm_balanced_ratio_preserved_noise_mcc_selected_v1,lightgbm_class_weight_balanced,lightgbm,num_leaves,60/40,2,random_fp_10,test,60/40,test,31.000000,True,2124,48,20.076271,53,21,32,0.754717,0.764137,0.653846,0.809524,0.723404,0.516863,23,9,4,17,0.880952,0.862411,0.862411
lightgbm_balanced_ratio_preserved_noise_mcc_selected_v1,lightgbm_class_weight_balanced,lightgbm,num_leaves,60/40,2,random_fp_10,test,70/30,test,31.000000,True,2124,48,20.236899,70,21,49,0.785714,0.792517,0.607143,0.809524,0.693878,0.547249,38,11,4,17,0.882410,0.787877,0.787877
lightgbm_balanced_ratio_preserved_noise_mcc_selected_v1,lightgbm_class_weight_balanced,lightgbm,num_leaves,60/40,2,random_fp_10,test,75/25,test,31.000000,True,2124,48,20.385968,84,21,63,0.738095,0.761905,0.485714,0.809524,0.607143,0.460067,45,18,4,17,0.857899,0.752059,0.752059
lightgbm_balanced_ratio_preserved_noise_mcc_selected_v1,lightgbm_class_weight_balanced,lightgbm,num_leaves,60/40,2,random_fp_10,test,80/20,test,31.000000,True,2124,48,20.535568,105,21,84,0.838095,0.827381,0.566667,0.809524,0.666667,0.579751,71,13,4,17,0.904762,0.766283,0.766283
lightgbm_balanced_ratio_preserved_noise_mcc_selected_v1,lightgbm_class_weight_balanced,lightgbm,num_leaves,60/40,2,random_fp_10,test,90/10,test,31.000000,True,2124,48,20.756705,210,21,189,0.766667,0.785714,0.274194,0.809524,0.409639,0.375816,144,45,4,17,0.874276,0.544621,0.544621
lightgbm_balanced_ratio_preserved_noise_mcc_selected_v1,lightgbm_class_weight_balanced,lightgbm,num_leaves,60/40,2,random_fp_20,validation_grid,60/40,valid,15.000000,False,2549,48,10.466828,48,19,29,0.833333,0.843920,0.739130,0.894737,0.809524,0.673332,23,6,2,17,0.916515,0.888230,0.888230
lightgbm_balanced_ratio_preserved_noise_mcc_selected_v1,lightgbm_class_weight_balanced,lightgbm,num_leaves,60/40,2,random_fp_20,validation_grid,60/40,valid,31.000000,False,2549,48,16.743381,48,19,29,0.854167,0.870236,0.750000,0.947368,0.837209,0.724224,23,6,1,18,0.949183,0.917585,0.917585
lightgbm_balanced_ratio_preserved_noise_mcc_selected_v1,lightgbm_class_weight_balanced,lightgbm,num_leaves,60/40,2,random_fp_20,validation_grid,60/40,valid,63.000000,True,2549,48,23.846341,48,19,29,0.895833,0.904719,0.818182,0.947368,0.878049,0.794440,25,4,1,18,0.949183,0.879217,0.879217
lightgbm_balanced_ratio_preserved_noise_mcc_selected_v1,lightgbm_class_weight_balanced,lightgbm,num_leaves,60/40,2,random_fp_20,test,50/50,test,63.000000,True,2549,48,23.955538,42,21,21,0.690476,0.690476,0.700000,0.666667,0.682927,0.381385,15,6,7,14,0.777778,0.765436,0.765436
lightgbm_balanced_ratio_preserved_noise_mcc_selected_v1,lightgbm_class_weight_balanced,lightgbm,num_leaves,60/40,2,random_fp_20,test,60/40,test,63.000000,True,2549,48,24.046873,53,21,32,0.698113,0.692708,0.608696,0.666667,0.636364,0.380356,23,9,7,14,0.802083,0.769821,0.769821
lightgbm_balanced_ratio_preserved_noise_mcc_selected_v1,lightgbm_class_weight_balanced,lightgbm,num_leaves,60/40,2,random_fp_20,test,70/30,test,63.000000,True,2549,48,24.180705,70,21,49,0.742857,0.721088,0.560000,0.666667,0.608696,0.422890,38,11,7,14,0.792031,0.568302,0.568302
lightgbm_balanced_ratio_preserved_noise_mcc_selected_v1,lightgbm_class_weight_balanced,lightgbm,num_leaves,60/40,2,random_fp_20,test,75/25,test,63.000000,True,2549,48,24.298379,84,21,63,0.714286,0.698413,0.451613,0.666667,0.538462,0.356091,46,17,7,14,0.795918,0.562817,0.562817
lightgbm_balanced_ratio_preserved_noise_mcc_selected_v1,lightgbm_class_weight_balanced,lightgbm,num_leaves,60/40,2,random_fp_20,test,80/20,test,63.000000,True,2549,48,24.422258,105,21,84,0.780952,0.738095,0.466667,0.666667,0.549020,0.421637,68,16,7,14,0.823129,0.591900,0.591900
lightgbm_balanced_ratio_preserved_noise_mcc_selected_v1,lightgbm_class_weight_balanced,lightgbm,num_leaves,60/40,2,random_fp_20,test,90/10,test,63.000000,True,2549,48,24.644322,210,21,189,0.747619,0.711640,0.233333,0.666667,0.345679,0.281091,143,46,7,14,0.804233,0.411260,0.411260
lightgbm_balanced_ratio_preserved_noise_mcc_selected_v1,lightgbm_class_weight_balanced,lightgbm,num_leaves,60/40,2,heuristic_fp_10,validation_grid,60/40,valid,15.000000,False,2124,48,8.542429,48,19,29,0.791667,0.809437,0.680000,0.894737,0.772727,0.605821,21,8,2,17,0.900181,0.841333,0.841333
lightgbm_balanced_ratio_preserved_noise_mcc_selected_v1,lightgbm_class_weight_balanced,lightgbm,num_leaves,60/40,2,heuristic_fp_10,validation_grid,60/40,valid,31.000000,True,2124,48,16.292345,48,19,29,0.833333,0.852995,0.720000,0.947368,0.818182,0.691098,22,7,1,18,0.911071,0.864230,0.864230
lightgbm_balanced_ratio_preserved_noise_mcc_selected_v1,lightgbm_class_weight_balanced,lightgbm,num_leaves,60/40,2,heuristic_fp_10,validation_grid,60/40,valid,63.000000,False,2124,48,23.138917,48,19,29,0.812500,0.826679,0.708333,0.894737,0.790698,0.639021,22,7,2,17,0.900181,0.846779,0.846779
lightgbm_balanced_ratio_preserved_noise_mcc_selected_v1,lightgbm_class_weight_balanced,lightgbm,num_leaves,60/40,2,heuristic_fp_10,test,50/50,test,31.000000,True,2124,48,23.248485,42,21,21,0.833333,0.833333,0.791667,0.904762,0.844444,0.673575,16,5,2,19,0.918367,0.912148,0.912148
lightgbm_balanced_ratio_preserved_noise_mcc_selected_v1,lightgbm_class_weight_balanced,lightgbm,num_leaves,60/40,2,heuristic_fp_10,test,60/40,test,31.000000,True,2124,48,23.357510,53,21,32,0.830189,0.843006,0.730769,0.904762,0.808511,0.671193,25,7,2,19,0.892857,0.807101,0.807101
lightgbm_balanced_ratio_preserved_noise_mcc_selected_v1,lightgbm_class_weight_balanced,lightgbm,num_leaves,60/40,2,heuristic_fp_10,test,70/30,test,31.000000,True,2124,48,23.488678,70,21,49,0.771429,0.809524,0.575758,0.904762,0.703704,0.568295,35,14,2,19,0.881438,0.720196,0.720196
lightgbm_balanced_ratio_preserved_noise_mcc_selected_v1,lightgbm_class_weight_balanced,lightgbm,num_leaves,60/40,2,heuristic_fp_10,test,75/25,test,31.000000,True,2124,48,23.656633,84,21,63,0.773810,0.817460,0.527778,0.904762,0.666667,0.555556,46,17,2,19,0.866213,0.622713,0.622713
lightgbm_balanced_ratio_preserved_noise_mcc_selected_v1,lightgbm_class_weight_balanced,lightgbm,num_leaves,60/40,2,heuristic_fp_10,test,80/20,test,31.000000,True,2124,48,23.810669,105,21,84,0.828571,0.857143,0.542857,0.904762,0.678571,0.606092,68,16,2,19,0.918367,0.673066,0.673066
lightgbm_balanced_ratio_preserved_noise_mcc_selected_v1,lightgbm_class_weight_balanced,lightgbm,num_leaves,60/40,2,heuristic_fp_10,test,90/10,test,31.000000,True,2124,48,24.042400,210,21,189,0.752381,0.820106,0.275362,0.904762,0.422222,0.408912,139,50,2,19,0.882086,0.427538,0.427538
lightgbm_balanced_ratio_preserved_noise_mcc_selected_v1,lightgbm_class_weight_balanced,lightgbm,num_leaves,60/40,2,heuristic_fp_20,validation_grid,60/40,valid,15.000000,False,2549,48,9.454195,48,19,29,0.812500,0.835753,0.692308,0.947368,0.800000,0.659064,21,8,1,18,0.909256,0.839555,0.839555
lightgbm_balanced_ratio_preserved_noise_mcc_selected_v1,lightgbm_class_weight_balanced,lightgbm,num_leaves,60/40,2,heuristic_fp_20,validation_grid,60/40,valid,31.000000,False,2549,48,15.207876,48,19,29,0.812500,0.835753,0.692308,0.947368,0.800000,0.659064,21,8,1,18,0.914701,0.849223,0.849223
lightgbm_balanced_ratio_preserved_noise_mcc_selected_v1,lightgbm_class_weight_balanced,lightgbm,num_leaves,60/40,2,heuristic_fp_20,validation_grid,60/40,valid,63.000000,True,2549,48,22.480026,48,19,29,0.833333,0.852995,0.720000,0.947368,0.818182,0.691098,22,7,1,18,0.929220,0.885636,0.885636
lightgbm_balanced_ratio_preserved_noise_mcc_selected_v1,lightgbm_class_weight_balanced,lightgbm,num_leaves,60/40,2,heuristic_fp_20,test,50/50,test,63.000000,True,2549,48,22.610516,42,21,21,0.738095,0.738095,0.708333,0.809524,0.755556,0.481125,14,7,4,17,0.873016,0.867863,0.867863
lightgbm_balanced_ratio_preserved_noise_mcc_selected_v1,lightgbm_class_weight_balanced,lightgbm,num_leaves,60/40,2,heuristic_fp_20,test,60/40,test,63.000000,True,2549,48,22.728997,53,21,32,0.773585,0.779762,0.680000,0.809524,0.739130,0.548219,24,8,4,17,0.903274,0.873657,0.873657
lightgbm_balanced_ratio_preserved_noise_mcc_selected_v1,lightgbm_class_weight_balanced,lightgbm,num_leaves,60/40,2,heuristic_fp_20,test,70/30,test,63.000000,True,2549,48,22.900765,70,21,49,0.728571,0.751701,0.531250,0.809524,0.641509,0.463079,34,15,4,17,0.860058,0.688017,0.688017
lightgbm_balanced_ratio_preserved_noise_mcc_selected_v1,lightgbm_class_weight_balanced,lightgbm,num_leaves,60/40,2,heuristic_fp_20,test,75/25,test,63.000000,True,2549,48,23.047516,84,21,63,0.690476,0.730159,0.435897,0.809524,0.566667,0.399667,41,22,4,17,0.871504,0.708630,0.708630
lightgbm_balanced_ratio_preserved_noise_mcc_selected_v1,lightgbm_class_weight_balanced,lightgbm,num_leaves,60/40,2,heuristic_fp_20,test,80/20,test,63.000000,True,2549,48,23.211569,105,21,84,0.761905,0.779762,0.447368,0.809524,0.576271,0.465735,63,21,4,17,0.909297,0.689915,0.689915
lightgbm_balanced_ratio_preserved_noise_mcc_selected_v1,lightgbm_class_weight_balanced,lightgbm,num_leaves,60/40,2,heuristic_fp_20,test,90/10,test,63.000000,True,2549,48,23.466410,210,21,189,0.657143,0.724868,0.200000,0.809524,0.320755,0.274874,121,68,4,17,0.863946,0.465064,0.465064
lightgbm_balanced_ratio_preserved_noise_mcc_selected_v1,lightgbm_class_weight_balanced,lightgbm,num_leaves,60/40,3,clean,validation_grid,60/40,valid,15.000000,False,1698,48,7.722954,48,19,29,0.854167,0.861162,0.772727,0.894737,0.829268,0.708940,24,5,2,17,0.952813,0.952855,0.952855
lightgbm_balanced_ratio_preserved_noise_mcc_selected_v1,lightgbm_class_weight_balanced,lightgbm,num_leaves,60/40,3,clean,validation_grid,60/40,valid,31.000000,True,1698,48,12.532096,48,19,29,0.875000,0.878403,0.809524,0.894737,0.850000,0.746051,25,4,2,17,0.949183,0.945450,0.945450
lightgbm_balanced_ratio_preserved_noise_mcc_selected_v1,lightgbm_class_weight_balanced,lightgbm,num_leaves,60/40,3,clean,validation_grid,60/40,valid,63.000000,False,1698,48,18.080799,48,19,29,0.875000,0.869328,0.842105,0.842105,0.842105,0.738657,26,3,3,16,0.952813,0.942962,0.942962
lightgbm_balanced_ratio_preserved_noise_mcc_selected_v1,lightgbm_class_weight_balanced,lightgbm,num_leaves,60/40,3,clean,test,50/50,test,31.000000,True,1698,48,18.192670,42,21,21,0.785714,0.785714,0.772727,0.809524,0.790698,0.572078,16,5,4,17,0.916100,0.934444,0.934444
lightgbm_balanced_ratio_preserved_noise_mcc_selected_v1,lightgbm_class_weight_balanced,lightgbm,num_leaves,60/40,3,clean,test,60/40,test,31.000000,True,1698,48,18.306626,53,21,32,0.773585,0.779762,0.680000,0.809524,0.739130,0.548219,24,8,4,17,0.849702,0.765274,0.765274
lightgbm_balanced_ratio_preserved_noise_mcc_selected_v1,lightgbm_class_weight_balanced,lightgbm,num_leaves,60/40,3,clean,test,70/30,test,31.000000,True,1698,48,18.462074,70,21,49,0.828571,0.823129,0.680000,0.809524,0.739130,0.618070,41,8,4,17,0.897959,0.824645,0.824645
lightgbm_balanced_ratio_preserved_noise_mcc_selected_v1,lightgbm_class_weight_balanced,lightgbm,num_leaves,60/40,3,clean,test,75/25,test,31.000000,True,1698,48,18.591226,84,21,63,0.809524,0.809524,0.586207,0.809524,0.680000,0.563798,51,12,4,17,0.891912,0.754715,0.754715
lightgbm_balanced_ratio_preserved_noise_mcc_selected_v1,lightgbm_class_weight_balanced,lightgbm,num_leaves,60/40,3,clean,test,80/20,test,31.000000,True,1698,48,18.731128,105,21,84,0.752381,0.773810,0.435897,0.809524,0.566667,0.453340,62,22,4,17,0.872449,0.700415,0.700415
lightgbm_balanced_ratio_preserved_noise_mcc_selected_v1,lightgbm_class_weight_balanced,lightgbm,num_leaves,60/40,3,clean,test,90/10,test,31.000000,True,1698,48,18.954055,210,21,189,0.823810,0.817460,0.340000,0.809524,0.478873,0.447214,156,33,4,17,0.906778,0.513984,0.513984
lightgbm_balanced_ratio_preserved_noise_mcc_selected_v1,lightgbm_class_weight_balanced,lightgbm,num_leaves,60/40,3,random_flip_10,validation_grid,60/40,valid,15.000000,True,1698,48,8.159521,48,19,29,0.833333,0.843920,0.739130,0.894737,0.809524,0.673332,23,6,2,17,0.923775,0.897297,0.897297
lightgbm_balanced_ratio_preserved_noise_mcc_selected_v1,lightgbm_class_weight_balanced,lightgbm,num_leaves,60/40,3,random_flip_10,validation_grid,60/40,valid,31.000000,False,1698,48,12.829180,48,19,29,0.729167,0.730490,0.636364,0.736842,0.682927,0.452439,21,8,5,14,0.887477,0.860241,0.860241
lightgbm_balanced_ratio_preserved_noise_mcc_selected_v1,lightgbm_class_weight_balanced,lightgbm,num_leaves,60/40,3,random_flip_10,validation_grid,60/40,valid,63.000000,False,1698,48,18.717764,48,19,29,0.791667,0.800363,0.695652,0.842105,0.761905,0.588055,22,7,3,16,0.883848,0.850088,0.850088
lightgbm_balanced_ratio_preserved_noise_mcc_selected_v1,lightgbm_class_weight_balanced,lightgbm,num_leaves,60/40,3,random_flip_10,test,50/50,test,15.000000,True,1698,48,18.804725,42,21,21,0.761905,0.761905,0.761905,0.761905,0.761905,0.523810,16,5,5,16,0.863946,0.896329,0.896329
lightgbm_balanced_ratio_preserved_noise_mcc_selected_v1,lightgbm_class_weight_balanced,lightgbm,num_leaves,60/40,3,random_flip_10,test,60/40,test,15.000000,True,1698,48,18.907746,53,21,32,0.716981,0.724702,0.615385,0.761905,0.680851,0.439697,22,10,5,16,0.818452,0.807566,0.807566
lightgbm_balanced_ratio_preserved_noise_mcc_selected_v1,lightgbm_class_weight_balanced,lightgbm,num_leaves,60/40,3,random_flip_10,test,70/30,test,15.000000,True,1698,48,19.023542,70,21,49,0.728571,0.738095,0.533333,0.761905,0.627451,0.440959,35,14,5,16,0.863946,0.812737,0.812737
lightgbm_balanced_ratio_preserved_noise_mcc_selected_v1,lightgbm_class_weight_balanced,lightgbm,num_leaves,60/40,3,random_flip_10,test,75/25,test,15.000000,True,1698,48,19.144432,84,21,63,0.797619,0.785714,0.571429,0.761905,0.653061,0.524891,51,12,5,16,0.845049,0.653413,0.653413
lightgbm_balanced_ratio_preserved_noise_mcc_selected_v1,lightgbm_class_weight_balanced,lightgbm,num_leaves,60/40,3,random_flip_10,test,80/20,test,15.000000,True,1698,48,19.274663,105,21,84,0.695238,0.720238,0.372093,0.761905,0.500000,0.358296,57,27,5,16,0.842404,0.612089,0.612089
lightgbm_balanced_ratio_preserved_noise_mcc_selected_v1,lightgbm_class_weight_balanced,lightgbm,num_leaves,60/40,3,random_flip_10,test,90/10,test,15.000000,True,1698,48,19.493819,210,21,189,0.795238,0.780423,0.296296,0.761905,0.426667,0.384969,151,38,5,16,0.867725,0.575548,0.575548
lightgbm_balanced_ratio_preserved_noise_mcc_selected_v1,lightgbm_class_weight_balanced,lightgbm,num_leaves,60/40,3,random_flip_20,validation_grid,60/40,valid,15.000000,False,1698,48,7.927118,48,19,29,0.854167,0.852087,0.800000,0.842105,0.820513,0.698493,25,4,3,16,0.900181,0.854035,0.854035
lightgbm_balanced_ratio_preserved_noise_mcc_selected_v1,lightgbm_class_weight_balanced,lightgbm,num_leaves,60/40,3,random_flip_20,validation_grid,60/40,valid,31.000000,False,1698,48,12.406569,48,19,29,0.791667,0.773140,0.764706,0.684211,0.722222,0.558580,25,4,6,13,0.867514,0.857746,0.857746
lightgbm_balanced_ratio_preserved_noise_mcc_selected_v1,lightgbm_class_weight_balanced,lightgbm,num_leaves,60/40,3,random_flip_20,validation_grid,60/40,valid,63.000000,True,1698,48,18.562252,48,19,29,0.875000,0.869328,0.842105,0.842105,0.842105,0.738657,26,3,3,16,0.891107,0.848294,0.848294
lightgbm_balanced_ratio_preserved_noise_mcc_selected_v1,lightgbm_class_weight_balanced,lightgbm,num_leaves,60/40,3,random_flip_20,test,50/50,test,63.000000,True,1698,48,18.640960,42,21,21,0.666667,0.666667,0.684211,0.619048,0.650000,0.334855,15,6,8,13,0.818594,0.825695,0.825695
lightgbm_balanced_ratio_preserved_noise_mcc_selected_v1,lightgbm_class_weight_balanced,lightgbm,num_leaves,60/40,3,random_flip_20,test,60/40,test,63.000000,True,1698,48,18.760799,53,21,32,0.679245,0.668899,0.590909,0.619048,0.604651,0.335312,23,9,8,13,0.752976,0.696527,0.696527
lightgbm_balanced_ratio_preserved_noise_mcc_selected_v1,lightgbm_class_weight_balanced,lightgbm,num_leaves,60/40,3,random_flip_20,test,70/30,test,63.000000,True,1698,48,18.949794,70,21,49,0.742857,0.707483,0.565217,0.619048,0.590909,0.404862,39,10,8,13,0.787172,0.633276,0.633276
lightgbm_balanced_ratio_preserved_noise_mcc_selected_v1,lightgbm_class_weight_balanced,lightgbm,num_leaves,60/40,3,random_flip_20,test,75/25,test,63.000000,True,1698,48,19.077787,84,21,63,0.750000,0.706349,0.500000,0.619048,0.553191,0.386556,50,13,8,13,0.785336,0.566265,0.566265
lightgbm_balanced_ratio_preserved_noise_mcc_selected_v1,lightgbm_class_weight_balanced,lightgbm,num_leaves,60/40,3,random_flip_20,test,80/20,test,63.000000,True,1698,48,19.241029,105,21,84,0.790476,0.726190,0.481481,0.619048,0.541667,0.414023,70,14,8,13,0.831066,0.651338,0.651338
lightgbm_balanced_ratio_preserved_noise_mcc_selected_v1,lightgbm_class_weight_balanced,lightgbm,num_leaves,60/40,3,random_flip_20,test,90/10,test,63.000000,True,1698,48,19.459579,210,21,189,0.747619,0.690476,0.224138,0.619048,0.329114,0.255609,144,45,8,13,0.803729,0.366722,0.366722
lightgbm_balanced_ratio_preserved_noise_mcc_selected_v1,lightgbm_class_weight_balanced,lightgbm,num_leaves,60/40,3,random_fp_10,validation_grid,60/40,valid,15.000000,False,2124,48,9.033614,48,19,29,0.875000,0.878403,0.809524,0.894737,0.850000,0.746051,25,4,2,17,0.969147,0.963353,0.963353
lightgbm_balanced_ratio_preserved_noise_mcc_selected_v1,lightgbm_class_weight_balanced,lightgbm,num_leaves,60/40,3,random_fp_10,validation_grid,60/40,valid,31.000000,False,2124,48,14.263622,48,19,29,0.854167,0.861162,0.772727,0.894737,0.829268,0.708940,24,5,2,17,0.963702,0.957220,0.957220
lightgbm_balanced_ratio_preserved_noise_mcc_selected_v1,lightgbm_class_weight_balanced,lightgbm,num_leaves,60/40,3,random_fp_10,validation_grid,60/40,valid,63.000000,True,2124,48,20.674641,48,19,29,0.937500,0.930127,0.944444,0.894737,0.918919,0.868972,28,1,2,17,0.947368,0.951963,0.951963
lightgbm_balanced_ratio_preserved_noise_mcc_selected_v1,lightgbm_class_weight_balanced,lightgbm,num_leaves,60/40,3,random_fp_10,test,50/50,test,63.000000,True,2124,48,20.753907,42,21,21,0.809524,0.809524,0.842105,0.761905,0.800000,0.621874,18,3,5,16,0.900227,0.909576,0.909576
lightgbm_balanced_ratio_preserved_noise_mcc_selected_v1,lightgbm_class_weight_balanced,lightgbm,num_leaves,60/40,3,random_fp_10,test,60/40,test,63.000000,True,2124,48,20.858007,53,21,32,0.754717,0.755952,0.666667,0.761905,0.711111,0.503001,24,8,5,16,0.840774,0.780361,0.780361
lightgbm_balanced_ratio_preserved_noise_mcc_selected_v1,lightgbm_class_weight_balanced,lightgbm,num_leaves,60/40,3,random_fp_10,test,70/30,test,63.000000,True,2124,48,20.972448,70,21,49,0.785714,0.778912,0.615385,0.761905,0.680851,0.529043,39,10,5,16,0.899903,0.836129,0.836129
lightgbm_balanced_ratio_preserved_noise_mcc_selected_v1,lightgbm_class_weight_balanced,lightgbm,num_leaves,60/40,3,random_fp_10,test,75/25,test,63.000000,True,2124,48,21.093279,84,21,63,0.785714,0.777778,0.551724,0.761905,0.640000,0.505973,50,13,5,16,0.885110,0.748784,0.748784
lightgbm_balanced_ratio_preserved_noise_mcc_selected_v1,lightgbm_class_weight_balanced,lightgbm,num_leaves,60/40,3,random_fp_10,test,80/20,test,63.000000,True,2124,48,21.235421,105,21,84,0.771429,0.767857,0.457143,0.761905,0.571429,0.454569,65,19,5,16,0.867914,0.708393,0.708393
lightgbm_balanced_ratio_preserved_noise_mcc_selected_v1,lightgbm_class_weight_balanced,lightgbm,num_leaves,60/40,3,random_fp_10,test,90/10,test,63.000000,True,2124,48,21.457050,210,21,189,0.838095,0.804233,0.355556,0.761905,0.484848,0.444865,160,29,5,16,0.899219,0.575819,0.575819
lightgbm_balanced_ratio_preserved_noise_mcc_selected_v1,lightgbm_class_weight_balanced,lightgbm,num_leaves,60/40,3,random_fp_20,validation_grid,60/40,valid,15.000000,True,2549,48,9.587304,48,19,29,0.833333,0.852995,0.720000,0.947368,0.818182,0.691098,22,7,1,18,0.965517,0.967150,0.967150
lightgbm_balanced_ratio_preserved_noise_mcc_selected_v1,lightgbm_class_weight_balanced,lightgbm,num_leaves,60/40,3,random_fp_20,validation_grid,60/40,valid,31.000000,False,2549,48,14.659259,48,19,29,0.833333,0.852995,0.720000,0.947368,0.818182,0.691098,22,7,1,18,0.947368,0.933882,0.933882
lightgbm_balanced_ratio_preserved_noise_mcc_selected_v1,lightgbm_class_weight_balanced,lightgbm,num_leaves,60/40,3,random_fp_20,validation_grid,60/40,valid,63.000000,False,2549,48,22.025849,48,19,29,0.833333,0.843920,0.739130,0.894737,0.809524,0.673332,23,6,2,17,0.920145,0.897424,0.897424
lightgbm_balanced_ratio_preserved_noise_mcc_selected_v1,lightgbm_class_weight_balanced,lightgbm,num_leaves,60/40,3,random_fp_20,test,50/50,test,15.000000,True,2549,48,22.106265,42,21,21,0.785714,0.785714,0.750000,0.857143,0.800000,0.577350,15,6,3,18,0.891156,0.905014,0.905014
lightgbm_balanced_ratio_preserved_noise_mcc_selected_v1,lightgbm_class_weight_balanced,lightgbm,num_leaves,60/40,3,random_fp_20,test,60/40,test,15.000000,True,2549,48,22.212335,53,21,32,0.679245,0.709821,0.562500,0.857143,0.679245,0.419643,18,14,3,18,0.861607,0.837916,0.837916
lightgbm_balanced_ratio_preserved_noise_mcc_selected_v1,lightgbm_class_weight_balanced,lightgbm,num_leaves,60/40,3,random_fp_20,test,70/30,test,15.000000,True,2549,48,22.328587,70,21,49,0.757143,0.785714,0.562500,0.857143,0.679245,0.525657,35,14,3,18,0.886297,0.797004,0.797004
lightgbm_balanced_ratio_preserved_noise_mcc_selected_v1,lightgbm_class_weight_balanced,lightgbm,num_leaves,60/40,3,random_fp_20,test,75/25,test,15.000000,True,2549,48,22.488318,84,21,63,0.797619,0.817460,0.562500,0.857143,0.679245,0.566139,49,14,3,18,0.891156,0.769156,0.769156
lightgbm_balanced_ratio_preserved_noise_mcc_selected_v1,lightgbm_class_weight_balanced,lightgbm,num_leaves,60/40,3,random_fp_20,test,80/20,test,15.000000,True,2549,48,22.630058,105,21,84,0.733333,0.779762,0.418605,0.857143,0.562500,0.455132,59,25,3,18,0.875283,0.670401,0.670401
lightgbm_balanced_ratio_preserved_noise_mcc_selected_v1,lightgbm_class_weight_balanced,lightgbm,num_leaves,60/40,3,random_fp_20,test,90/10,test,15.000000,True,2549,48,22.845120,210,21,189,0.728571,0.785714,0.250000,0.857143,0.387097,0.361158,135,54,3,18,0.898463,0.605730,0.605730
lightgbm_balanced_ratio_preserved_noise_mcc_selected_v1,lightgbm_class_weight_balanced,lightgbm,num_leaves,60/40,3,heuristic_fp_10,validation_grid,60/40,valid,15.000000,False,2124,48,9.090104,48,19,29,0.791667,0.818512,0.666667,0.947368,0.782609,0.627971,20,9,1,18,0.914701,0.879491,0.879491
lightgbm_balanced_ratio_preserved_noise_mcc_selected_v1,lightgbm_class_weight_balanced,lightgbm,num_leaves,60/40,3,heuristic_fp_10,validation_grid,60/40,valid,31.000000,True,2124,48,13.997323,48,19,29,0.812500,0.826679,0.708333,0.894737,0.790698,0.639021,22,7,2,17,0.949183,0.941846,0.941846
lightgbm_balanced_ratio_preserved_noise_mcc_selected_v1,lightgbm_class_weight_balanced,lightgbm,num_leaves,60/40,3,heuristic_fp_10,validation_grid,60/40,valid,63.000000,False,2124,48,20.546954,48,19,29,0.791667,0.809437,0.680000,0.894737,0.772727,0.605821,21,8,2,17,0.882033,0.828307,0.828307
lightgbm_balanced_ratio_preserved_noise_mcc_selected_v1,lightgbm_class_weight_balanced,lightgbm,num_leaves,60/40,3,heuristic_fp_10,test,50/50,test,31.000000,True,2124,48,20.624617,42,21,21,0.857143,0.857143,0.826087,0.904762,0.863636,0.717547,17,4,2,19,0.918367,0.882517,0.882517
lightgbm_balanced_ratio_preserved_noise_mcc_selected_v1,lightgbm_class_weight_balanced,lightgbm,num_leaves,60/40,3,heuristic_fp_10,test,60/40,test,31.000000,True,2124,48,20.727873,53,21,32,0.811321,0.827381,0.703704,0.904762,0.791667,0.640619,24,8,2,19,0.876488,0.782964,0.782964
lightgbm_balanced_ratio_preserved_noise_mcc_selected_v1,lightgbm_class_weight_balanced,lightgbm,num_leaves,60/40,3,heuristic_fp_10,test,70/30,test,31.000000,True,2124,48,20.839847,70,21,49,0.800000,0.829932,0.612903,0.904762,0.730769,0.608764,37,12,2,19,0.910593,0.830358,0.830358
lightgbm_balanced_ratio_preserved_noise_mcc_selected_v1,lightgbm_class_weight_balanced,lightgbm,num_leaves,60/40,3,heuristic_fp_10,test,75/25,test,31.000000,True,2124,48,20.963900,84,21,63,0.833333,0.857143,0.612903,0.904762,0.730769,0.640963,51,12,2,19,0.923658,0.783946,0.783946
lightgbm_balanced_ratio_preserved_noise_mcc_selected_v1,lightgbm_class_weight_balanced,lightgbm,num_leaves,60/40,3,heuristic_fp_10,test,80/20,test,31.000000,True,2124,48,21.095320,105,21,84,0.819048,0.851190,0.527778,0.904762,0.666667,0.591897,67,17,2,19,0.917234,0.732000,0.732000
lightgbm_balanced_ratio_preserved_noise_mcc_selected_v1,lightgbm_class_weight_balanced,lightgbm,num_leaves,60/40,3,heuristic_fp_10,test,90/10,test,31.000000,True,2124,48,21.311326,210,21,189,0.776190,0.833333,0.296875,0.904762,0.447059,0.434493,144,45,2,19,0.915092,0.593660,0.593660
lightgbm_balanced_ratio_preserved_noise_mcc_selected_v1,lightgbm_class_weight_balanced,lightgbm,num_leaves,60/40,3,heuristic_fp_20,validation_grid,60/40,valid,15.000000,False,2549,48,9.472146,48,19,29,0.770833,0.801270,0.642857,0.947368,0.765957,0.597679,19,10,1,18,0.892922,0.862016,0.862016
lightgbm_balanced_ratio_preserved_noise_mcc_selected_v1,lightgbm_class_weight_balanced,lightgbm,num_leaves,60/40,3,heuristic_fp_20,validation_grid,60/40,valid,31.000000,True,2549,48,15.762625,48,19,29,0.791667,0.818512,0.666667,0.947368,0.782609,0.627971,20,9,1,18,0.876588,0.802945,0.802945
lightgbm_balanced_ratio_preserved_noise_mcc_selected_v1,lightgbm_class_weight_balanced,lightgbm,num_leaves,60/40,3,heuristic_fp_20,validation_grid,60/40,valid,63.000000,False,2549,48,22.395268,48,19,29,0.791667,0.818512,0.666667,0.947368,0.782609,0.627971,20,9,1,18,0.885662,0.808061,0.808061
lightgbm_balanced_ratio_preserved_noise_mcc_selected_v1,lightgbm_class_weight_balanced,lightgbm,num_leaves,60/40,3,heuristic_fp_20,test,50/50,test,31.000000,True,2549,48,22.475424,42,21,21,0.880952,0.880952,0.863636,0.904762,0.883721,0.762770,18,3,2,19,0.920635,0.898071,0.898071
lightgbm_balanced_ratio_preserved_noise_mcc_selected_v1,lightgbm_class_weight_balanced,lightgbm,num_leaves,60/40,3,heuristic_fp_20,test,60/40,test,31.000000,True,2549,48,22.591268,53,21,32,0.735849,0.764881,0.612903,0.904762,0.730769,0.525864,20,12,2,19,0.828869,0.678570,0.678570
lightgbm_balanced_ratio_preserved_noise_mcc_selected_v1,lightgbm_class_weight_balanced,lightgbm,num_leaves,60/40,3,heuristic_fp_20,test,70/30,test,31.000000,True,2549,48,22.733055,70,21,49,0.728571,0.778912,0.527778,0.904762,0.666667,0.511462,32,17,2,19,0.839650,0.661477,0.661477
lightgbm_balanced_ratio_preserved_noise_mcc_selected_v1,lightgbm_class_weight_balanced,lightgbm,num_leaves,60/40,3,heuristic_fp_20,test,75/25,test,31.000000,True,2549,48,22.866889,84,21,63,0.750000,0.801587,0.500000,0.904762,0.644068,0.524750,44,19,2,19,0.871504,0.603393,0.603393
lightgbm_balanced_ratio_preserved_noise_mcc_selected_v1,lightgbm_class_weight_balanced,lightgbm,num_leaves,60/40,3,heuristic_fp_20,test,80/20,test,31.000000,True,2549,48,23.001249,105,21,84,0.752381,0.809524,0.441860,0.904762,0.593750,0.503551,60,24,2,19,0.875850,0.627792,0.627792
lightgbm_balanced_ratio_preserved_noise_mcc_selected_v1,lightgbm_class_weight_balanced,lightgbm,num_leaves,60/40,3,heuristic_fp_20,test,90/10,test,31.000000,True,2549,48,23.210337,210,21,189,0.714286,0.798942,0.246753,0.904762,0.387755,0.372208,131,58,2,19,0.880574,0.433712,0.433712
lightgbm_balanced_ratio_preserved_noise_mcc_selected_v1,lightgbm_class_weight_balanced,lightgbm,num_leaves,60/40,4,clean,validation_grid,60/40,valid,15.000000,False,1698,48,8.101672,48,19,29,0.729167,0.757713,0.607143,0.894737,0.723404,0.511268,18,11,2,17,0.825771,0.751997,0.751997
lightgbm_balanced_ratio_preserved_noise_mcc_selected_v1,lightgbm_class_weight_balanced,lightgbm,num_leaves,60/40,4,clean,validation_grid,60/40,valid,31.000000,False,1698,48,12.794089,48,19,29,0.770833,0.792196,0.653846,0.894737,0.755556,0.573564,20,9,2,17,0.858439,0.785391,0.785391
lightgbm_balanced_ratio_preserved_noise_mcc_selected_v1,lightgbm_class_weight_balanced,lightgbm,num_leaves,60/40,4,clean,validation_grid,60/40,valid,63.000000,True,1698,48,18.813286,48,19,29,0.833333,0.852995,0.720000,0.947368,0.818182,0.691098,22,7,1,18,0.852995,0.793003,0.793003
lightgbm_balanced_ratio_preserved_noise_mcc_selected_v1,lightgbm_class_weight_balanced,lightgbm,num_leaves,60/40,4,clean,test,50/50,test,63.000000,True,1698,48,18.908634,42,21,21,0.809524,0.809524,0.809524,0.809524,0.809524,0.619048,17,4,4,17,0.936508,0.947537,0.947537
lightgbm_balanced_ratio_preserved_noise_mcc_selected_v1,lightgbm_class_weight_balanced,lightgbm,num_leaves,60/40,4,clean,test,60/40,test,63.000000,True,1698,48,19.081554,53,21,32,0.849057,0.842262,0.809524,0.809524,0.809524,0.684524,28,4,4,17,0.924107,0.908239,0.908239
lightgbm_balanced_ratio_preserved_noise_mcc_selected_v1,lightgbm_class_weight_balanced,lightgbm,num_leaves,60/40,4,clean,test,70/30,test,63.000000,True,1698,48,19.199066,70,21,49,0.728571,0.751701,0.531250,0.809524,0.641509,0.463079,34,15,4,17,0.889213,0.841594,0.841594
lightgbm_balanced_ratio_preserved_noise_mcc_selected_v1,lightgbm_class_weight_balanced,lightgbm,num_leaves,60/40,4,clean,test,75/25,test,63.000000,True,1698,48,19.352566,84,21,63,0.821429,0.817460,0.607143,0.809524,0.693878,0.583212,52,11,4,17,0.912320,0.822916,0.822916
lightgbm_balanced_ratio_preserved_noise_mcc_selected_v1,lightgbm_class_weight_balanced,lightgbm,num_leaves,60/40,4,clean,test,80/20,test,63.000000,True,1698,48,19.485229,105,21,84,0.876190,0.851190,0.653846,0.809524,0.723404,0.650911,75,9,4,17,0.931406,0.867456,0.867456
lightgbm_balanced_ratio_preserved_noise_mcc_selected_v1,lightgbm_class_weight_balanced,lightgbm,num_leaves,60/40,4,clean,test,90/10,test,63.000000,True,1698,48,19.755698,210,21,189,0.795238,0.801587,0.303571,0.809524,0.441558,0.409194,150,39,4,17,0.906526,0.665370,0.665370
lightgbm_balanced_ratio_preserved_noise_mcc_selected_v1,lightgbm_class_weight_balanced,lightgbm,num_leaves,60/40,4,random_flip_10,validation_grid,60/40,valid,15.000000,True,1698,48,8.051554,48,19,29,0.750000,0.774955,0.629630,0.894737,0.739130,0.542095,19,10,2,17,0.807623,0.631909,0.631909
lightgbm_balanced_ratio_preserved_noise_mcc_selected_v1,lightgbm_class_weight_balanced,lightgbm,num_leaves,60/40,4,random_flip_10,validation_grid,60/40,valid,31.000000,False,1698,48,13.217044,48,19,29,0.708333,0.713249,0.608696,0.736842,0.666667,0.417502,20,9,5,14,0.800363,0.661874,0.661874
lightgbm_balanced_ratio_preserved_noise_mcc_selected_v1,lightgbm_class_weight_balanced,lightgbm,num_leaves,60/40,4,random_flip_10,validation_grid,60/40,valid,63.000000,False,1698,48,19.384492,48,19,29,0.770833,0.774047,0.681818,0.789474,0.731707,0.537939,22,7,4,15,0.809437,0.710614,0.710614
lightgbm_balanced_ratio_preserved_noise_mcc_selected_v1,lightgbm_class_weight_balanced,lightgbm,num_leaves,60/40,4,random_flip_10,test,50/50,test,15.000000,True,1698,48,19.473436,42,21,21,0.785714,0.785714,0.772727,0.809524,0.790698,0.572078,16,5,4,17,0.902494,0.921571,0.921571
lightgbm_balanced_ratio_preserved_noise_mcc_selected_v1,lightgbm_class_weight_balanced,lightgbm,num_leaves,60/40,4,random_flip_10,test,60/40,test,15.000000,True,1698,48,19.632189,53,21,32,0.773585,0.779762,0.680000,0.809524,0.739130,0.548219,24,8,4,17,0.851190,0.808706,0.808706
lightgbm_balanced_ratio_preserved_noise_mcc_selected_v1,lightgbm_class_weight_balanced,lightgbm,num_leaves,60/40,4,random_flip_10,test,70/30,test,15.000000,True,1698,48,19.774628,70,21,49,0.742857,0.761905,0.548387,0.809524,0.653846,0.483246,35,14,4,17,0.844509,0.670833,0.670833
lightgbm_balanced_ratio_preserved_noise_mcc_selected_v1,lightgbm_class_weight_balanced,lightgbm,num_leaves,60/40,4,random_flip_10,test,75/25,test,15.000000,True,1698,48,19.907726,84,21,63,0.761905,0.777778,0.515152,0.809524,0.629630,0.492567,47,16,4,17,0.846561,0.593552,0.593552
lightgbm_balanced_ratio_preserved_noise_mcc_selected_v1,lightgbm_class_weight_balanced,lightgbm,num_leaves,60/40,4,random_flip_10,test,80/20,test,15.000000,True,1698,48,20.034508,105,21,84,0.780952,0.791667,0.472222,0.809524,0.596491,0.491576,65,19,4,17,0.880385,0.649286,0.649286
lightgbm_balanced_ratio_preserved_noise_mcc_selected_v1,lightgbm_class_weight_balanced,lightgbm,num_leaves,60/40,4,random_flip_10,test,90/10,test,15.000000,True,1698,48,20.273061,210,21,189,0.771429,0.788360,0.278689,0.809524,0.414634,0.381107,145,44,4,17,0.862938,0.462646,0.462646
lightgbm_balanced_ratio_preserved_noise_mcc_selected_v1,lightgbm_class_weight_balanced,lightgbm,num_leaves,60/40,4,random_flip_20,validation_grid,60/40,valid,15.000000,False,1698,48,8.245898,48,19,29,0.666667,0.678766,0.560000,0.736842,0.636364,0.349991,18,11,5,14,0.756806,0.638471,0.638471
lightgbm_balanced_ratio_preserved_noise_mcc_selected_v1,lightgbm_class_weight_balanced,lightgbm,num_leaves,60/40,4,random_flip_20,validation_grid,60/40,valid,31.000000,True,1698,48,13.596909,48,19,29,0.750000,0.774955,0.629630,0.894737,0.739130,0.542095,19,10,2,17,0.802178,0.686621,0.686621
lightgbm_balanced_ratio_preserved_noise_mcc_selected_v1,lightgbm_class_weight_balanced,lightgbm,num_leaves,60/40,4,random_flip_20,validation_grid,60/40,valid,63.000000,False,1698,48,19.954375,48,19,29,0.666667,0.678766,0.560000,0.736842,0.636364,0.349991,18,11,5,14,0.798548,0.725712,0.725712
lightgbm_balanced_ratio_preserved_noise_mcc_selected_v1,lightgbm_class_weight_balanced,lightgbm,num_leaves,60/40,4,random_flip_20,test,50/50,test,31.000000,True,1698,48,20.044504,42,21,21,0.785714,0.785714,0.833333,0.714286,0.769231,0.577350,18,3,6,15,0.836735,0.847605,0.847605
lightgbm_balanced_ratio_preserved_noise_mcc_selected_v1,lightgbm_class_weight_balanced,lightgbm,num_leaves,60/40,4,random_flip_20,test,60/40,test,31.000000,True,1698,48,20.202591,53,21,32,0.660377,0.669643,0.555556,0.714286,0.625000,0.331957,20,12,6,15,0.750000,0.657767,0.657767
lightgbm_balanced_ratio_preserved_noise_mcc_selected_v1,lightgbm_class_weight_balanced,lightgbm,num_leaves,60/40,4,random_flip_20,test,70/30,test,31.000000,True,1698,48,20.324803,70,21,49,0.700000,0.704082,0.500000,0.714286,0.588235,0.377964,34,15,6,15,0.790087,0.613096,0.613096
lightgbm_balanced_ratio_preserved_noise_mcc_selected_v1,lightgbm_class_weight_balanced,lightgbm,num_leaves,60/40,4,random_flip_20,test,75/25,test,31.000000,True,1698,48,20.481687,84,21,63,0.702381,0.706349,0.441176,0.714286,0.545455,0.364073,44,19,6,15,0.749811,0.462853,0.462853
lightgbm_balanced_ratio_preserved_noise_mcc_selected_v1,lightgbm_class_weight_balanced,lightgbm,num_leaves,60/40,4,random_flip_20,test,80/20,test,31.000000,True,1698,48,20.620622,105,21,84,0.847619,0.797619,0.600000,0.714286,0.652174,0.559017,74,10,6,15,0.866213,0.688922,0.688922
lightgbm_balanced_ratio_preserved_noise_mcc_selected_v1,lightgbm_class_weight_balanced,lightgbm,num_leaves,60/40,4,random_flip_20,test,90/10,test,31.000000,True,1698,48,20.884782,210,21,189,0.771429,0.746032,0.263158,0.714286,0.384615,0.331954,147,42,6,15,0.800454,0.279284,0.279284
lightgbm_balanced_ratio_preserved_noise_mcc_selected_v1,lightgbm_class_weight_balanced,lightgbm,num_leaves,60/40,4,random_fp_10,validation_grid,60/40,valid,15.000000,False,2124,48,9.068270,48,19,29,0.770833,0.801270,0.642857,0.947368,0.765957,0.597679,19,10,1,18,0.811252,0.681519,0.681519
lightgbm_balanced_ratio_preserved_noise_mcc_selected_v1,lightgbm_class_weight_balanced,lightgbm,num_leaves,60/40,4,random_fp_10,validation_grid,60/40,valid,31.000000,True,2124,48,14.040781,48,19,29,0.791667,0.818512,0.666667,0.947368,0.782609,0.627971,20,9,1,18,0.854809,0.786693,0.786693
lightgbm_balanced_ratio_preserved_noise_mcc_selected_v1,lightgbm_class_weight_balanced,lightgbm,num_leaves,60/40,4,random_fp_10,validation_grid,60/40,valid,63.000000,False,2124,48,20.289946,48,19,29,0.729167,0.748639,0.615385,0.842105,0.711111,0.488064,19,10,3,16,0.822142,0.729673,0.729673
lightgbm_balanced_ratio_preserved_noise_mcc_selected_v1,lightgbm_class_weight_balanced,lightgbm,num_leaves,60/40,4,random_fp_10,test,50/50,test,31.000000,True,2124,48,20.383496,42,21,21,0.809524,0.809524,0.842105,0.761905,0.800000,0.621874,18,3,5,16,0.861678,0.885751,0.885751
lightgbm_balanced_ratio_preserved_noise_mcc_selected_v1,lightgbm_class_weight_balanced,lightgbm,num_leaves,60/40,4,random_fp_10,test,60/40,test,31.000000,True,2124,48,20.554594,53,21,32,0.754717,0.755952,0.666667,0.761905,0.711111,0.503001,24,8,5,16,0.849702,0.822124,0.822124
lightgbm_balanced_ratio_preserved_noise_mcc_selected_v1,lightgbm_class_weight_balanced,lightgbm,num_leaves,60/40,4,random_fp_10,test,70/30,test,31.000000,True,2124,48,20.683329,70,21,49,0.657143,0.687075,0.457143,0.761905,0.571429,0.342914,30,19,5,16,0.813411,0.731276,0.731276
lightgbm_balanced_ratio_preserved_noise_mcc_selected_v1,lightgbm_class_weight_balanced,lightgbm,num_leaves,60/40,4,random_fp_10,test,75/25,test,31.000000,True,2124,48,20.823717,84,21,63,0.773810,0.769841,0.533333,0.761905,0.627451,0.487709,49,14,5,16,0.860922,0.693413,0.693413
lightgbm_balanced_ratio_preserved_noise_mcc_selected_v1,lightgbm_class_weight_balanced,lightgbm,num_leaves,60/40,4,random_fp_10,test,80/20,test,31.000000,True,2124,48,20.953515,105,21,84,0.761905,0.761905,0.444444,0.761905,0.561404,0.441415,64,20,5,16,0.868481,0.710962,0.710962
lightgbm_balanced_ratio_preserved_noise_mcc_selected_v1,lightgbm_class_weight_balanced,lightgbm,num_leaves,60/40,4,random_fp_10,test,90/10,test,31.000000,True,2124,48,21.202053,210,21,189,0.780952,0.772487,0.280702,0.761905,0.410256,0.367649,148,41,5,16,0.866213,0.530916,0.530916
lightgbm_balanced_ratio_preserved_noise_mcc_selected_v1,lightgbm_class_weight_balanced,lightgbm,num_leaves,60/40,4,random_fp_20,validation_grid,60/40,valid,15.000000,True,2549,48,10.366157,48,19,29,0.750000,0.784029,0.620690,0.947368,0.750000,0.568058,18,11,1,18,0.791289,0.649650,0.649650
lightgbm_balanced_ratio_preserved_noise_mcc_selected_v1,lightgbm_class_weight_balanced,lightgbm,num_leaves,60/40,4,random_fp_20,validation_grid,60/40,valid,31.000000,False,2549,48,15.853199,48,19,29,0.708333,0.740472,0.586207,0.894737,0.708333,0.480944,17,12,2,17,0.798548,0.663760,0.663760
lightgbm_balanced_ratio_preserved_noise_mcc_selected_v1,lightgbm_class_weight_balanced,lightgbm,num_leaves,60/40,4,random_fp_20,validation_grid,60/40,valid,63.000000,False,2549,48,22.778718,48,19,29,0.729167,0.748639,0.615385,0.842105,0.711111,0.488064,19,10,3,16,0.778584,0.636962,0.636962
lightgbm_balanced_ratio_preserved_noise_mcc_selected_v1,lightgbm_class_weight_balanced,lightgbm,num_leaves,60/40,4,random_fp_20,test,50/50,test,15.000000,True,2549,48,22.886916,42,21,21,0.833333,0.833333,0.850000,0.809524,0.829268,0.667424,18,3,4,17,0.936508,0.950770,0.950770
lightgbm_balanced_ratio_preserved_noise_mcc_selected_v1,lightgbm_class_weight_balanced,lightgbm,num_leaves,60/40,4,random_fp_20,test,60/40,test,15.000000,True,2549,48,23.090040,53,21,32,0.716981,0.732887,0.607143,0.809524,0.693878,0.456363,21,11,4,17,0.872024,0.822789,0.822789
lightgbm_balanced_ratio_preserved_noise_mcc_selected_v1,lightgbm_class_weight_balanced,lightgbm,num_leaves,60/40,4,random_fp_20,test,70/30,test,15.000000,True,2549,48,23.239634,70,21,49,0.700000,0.731293,0.500000,0.809524,0.618182,0.424139,32,17,4,17,0.863946,0.784657,0.784657
lightgbm_balanced_ratio_preserved_noise_mcc_selected_v1,lightgbm_class_weight_balanced,lightgbm,num_leaves,60/40,4,random_fp_20,test,75/25,test,15.000000,True,2549,48,23.433937,84,21,63,0.761905,0.777778,0.515152,0.809524,0.629630,0.492567,47,16,4,17,0.862434,0.621986,0.621986
lightgbm_balanced_ratio_preserved_noise_mcc_selected_v1,lightgbm_class_weight_balanced,lightgbm,num_leaves,60/40,4,random_fp_20,test,80/20,test,15.000000,True,2549,48,23.614263,105,21,84,0.780952,0.791667,0.472222,0.809524,0.596491,0.491576,65,19,4,17,0.908163,0.786855,0.786855
lightgbm_balanced_ratio_preserved_noise_mcc_selected_v1,lightgbm_class_weight_balanced,lightgbm,num_leaves,60/40,4,random_fp_20,test,90/10,test,15.000000,True,2549,48,23.891286,210,21,189,0.766667,0.785714,0.274194,0.809524,0.409639,0.375816,144,45,4,17,0.889897,0.541422,0.541422
lightgbm_balanced_ratio_preserved_noise_mcc_selected_v1,lightgbm_class_weight_balanced,lightgbm,num_leaves,60/40,4,heuristic_fp_10,validation_grid,60/40,valid,15.000000,False,2124,48,8.664462,48,19,29,0.729167,0.766788,0.600000,0.947368,0.734694,0.538982,17,12,1,18,0.827586,0.757012,0.757012
lightgbm_balanced_ratio_preserved_noise_mcc_selected_v1,lightgbm_class_weight_balanced,lightgbm,num_leaves,60/40,4,heuristic_fp_10,validation_grid,60/40,valid,31.000000,False,2124,48,15.185746,48,19,29,0.729167,0.766788,0.600000,0.947368,0.734694,0.538982,17,12,1,18,0.813067,0.667541,0.667541
lightgbm_balanced_ratio_preserved_noise_mcc_selected_v1,lightgbm_class_weight_balanced,lightgbm,num_leaves,60/40,4,heuristic_fp_10,validation_grid,60/40,valid,63.000000,True,2124,48,21.908937,48,19,29,0.750000,0.784029,0.620690,0.947368,0.750000,0.568058,18,11,1,18,0.813067,0.689744,0.689744
lightgbm_balanced_ratio_preserved_noise_mcc_selected_v1,lightgbm_class_weight_balanced,lightgbm,num_leaves,60/40,4,heuristic_fp_10,test,50/50,test,63.000000,True,2124,48,22.021543,42,21,21,0.857143,0.857143,0.826087,0.904762,0.863636,0.717547,17,4,2,19,0.934240,0.919658,0.919658
lightgbm_balanced_ratio_preserved_noise_mcc_selected_v1,lightgbm_class_weight_balanced,lightgbm,num_leaves,60/40,4,heuristic_fp_10,test,60/40,test,63.000000,True,2124,48,22.213355,53,21,32,0.811321,0.827381,0.703704,0.904762,0.791667,0.640619,24,8,2,19,0.913690,0.900790,0.900790
lightgbm_balanced_ratio_preserved_noise_mcc_selected_v1,lightgbm_class_weight_balanced,lightgbm,num_leaves,60/40,4,heuristic_fp_10,test,70/30,test,63.000000,True,2124,48,22.376658,70,21,49,0.742857,0.789116,0.542857,0.904762,0.678571,0.529958,33,16,2,19,0.841594,0.622877,0.622877
lightgbm_balanced_ratio_preserved_noise_mcc_selected_v1,lightgbm_class_weight_balanced,lightgbm,num_leaves,60/40,4,heuristic_fp_10,test,75/25,test,63.000000,True,2124,48,22.546010,84,21,63,0.833333,0.857143,0.612903,0.904762,0.730769,0.640963,51,12,2,19,0.907785,0.685856,0.685856
lightgbm_balanced_ratio_preserved_noise_mcc_selected_v1,lightgbm_class_weight_balanced,lightgbm,num_leaves,60/40,4,heuristic_fp_10,test,80/20,test,63.000000,True,2124,48,22.689089,105,21,84,0.847619,0.869048,0.575758,0.904762,0.703704,0.635973,70,14,2,19,0.932540,0.755500,0.755500
lightgbm_balanced_ratio_preserved_noise_mcc_selected_v1,lightgbm_class_weight_balanced,lightgbm,num_leaves,60/40,4,heuristic_fp_10,test,90/10,test,63.000000,True,2124,48,22.967310,210,21,189,0.761905,0.825397,0.283582,0.904762,0.431818,0.418869,141,48,2,19,0.906274,0.543605,0.543605
lightgbm_balanced_ratio_preserved_noise_mcc_selected_v1,lightgbm_class_weight_balanced,lightgbm,num_leaves,60/40,4,heuristic_fp_20,validation_grid,60/40,valid,15.000000,False,2549,48,9.737518,48,19,29,0.687500,0.732305,0.562500,0.947368,0.705882,0.481980,15,14,1,18,0.807623,0.705507,0.705507
lightgbm_balanced_ratio_preserved_noise_mcc_selected_v1,lightgbm_class_weight_balanced,lightgbm,num_leaves,60/40,4,heuristic_fp_20,validation_grid,60/40,valid,31.000000,False,2549,48,14.777241,48,19,29,0.687500,0.723230,0.566667,0.894737,0.693878,0.450985,16,13,2,17,0.796733,0.685367,0.685367
lightgbm_balanced_ratio_preserved_noise_mcc_selected_v1,lightgbm_class_weight_balanced,lightgbm,num_leaves,60/40,4,heuristic_fp_20,validation_grid,60/40,valid,63.000000,True,2549,48,22.679560,48,19,29,0.708333,0.749546,0.580645,0.947368,0.720000,0.510331,16,13,1,18,0.867514,0.797679,0.797679
lightgbm_balanced_ratio_preserved_noise_mcc_selected_v1,lightgbm_class_weight_balanced,lightgbm,num_leaves,60/40,4,heuristic_fp_20,test,50/50,test,63.000000,True,2549,48,22.790210,42,21,21,0.904762,0.904762,0.840000,1.000000,0.913043,0.824621,17,4,0,21,0.909297,0.876160,0.876160
lightgbm_balanced_ratio_preserved_noise_mcc_selected_v1,lightgbm_class_weight_balanced,lightgbm,num_leaves,60/40,4,heuristic_fp_20,test,60/40,test,63.000000,True,2549,48,23.002802,53,21,32,0.792453,0.828125,0.656250,1.000000,0.792453,0.656250,21,11,0,21,0.903274,0.832147,0.832147
lightgbm_balanced_ratio_preserved_noise_mcc_selected_v1,lightgbm_class_weight_balanced,lightgbm,num_leaves,60/40,4,heuristic_fp_20,test,70/30,test,63.000000,True,2549,48,23.120667,70,21,49,0.742857,0.816327,0.538462,1.000000,0.700000,0.583660,31,18,0,21,0.837707,0.621211,0.621211
lightgbm_balanced_ratio_preserved_noise_mcc_selected_v1,lightgbm_class_weight_balanced,lightgbm,num_leaves,60/40,4,heuristic_fp_20,test,75/25,test,63.000000,True,2549,48,23.290536,84,21,63,0.821429,0.880952,0.583333,1.000000,0.736842,0.666667,48,15,0,21,0.917611,0.749154,0.749154
lightgbm_balanced_ratio_preserved_noise_mcc_selected_v1,lightgbm_class_weight_balanced,lightgbm,num_leaves,60/40,4,heuristic_fp_20,test,80/20,test,63.000000,True,2549,48,23.457471,105,21,84,0.761905,0.851190,0.456522,1.000000,0.626866,0.566262,59,25,0,21,0.925170,0.747787,0.747787
lightgbm_balanced_ratio_preserved_noise_mcc_selected_v1,lightgbm_class_weight_balanced,lightgbm,num_leaves,60/40,4,heuristic_fp_20,test,90/10,test,63.000000,True,2549,48,23.714983,210,21,189,0.714286,0.841270,0.259259,1.000000,0.411765,0.420660,129,60,0,21,0.880071,0.375337,0.375337
lightgbm_balanced_ratio_preserved_noise_mcc_selected_v1,lightgbm_class_weight_balanced,lightgbm,num_leaves,60/40,5,clean,validation_grid,60/40,valid,15.000000,False,1698,48,7.792772,48,19,29,0.708333,0.731397,0.592593,0.842105,0.695652,0.456218,18,11,3,16,0.811252,0.735142,0.735142
lightgbm_balanced_ratio_preserved_noise_mcc_selected_v1,lightgbm_class_weight_balanced,lightgbm,num_leaves,60/40,5,clean,validation_grid,60/40,valid,31.000000,True,1698,48,12.117167,48,19,29,0.770833,0.792196,0.653846,0.894737,0.755556,0.573564,20,9,2,17,0.767695,0.627696,0.627696
lightgbm_balanced_ratio_preserved_noise_mcc_selected_v1,lightgbm_class_weight_balanced,lightgbm,num_leaves,60/40,5,clean,validation_grid,60/40,valid,63.000000,False,1698,48,18.002085,48,19,29,0.687500,0.705082,0.576923,0.789474,0.666667,0.402564,18,11,4,15,0.773140,0.646561,0.646561
lightgbm_balanced_ratio_preserved_noise_mcc_selected_v1,lightgbm_class_weight_balanced,lightgbm,num_leaves,60/40,5,clean,test,50/50,test,31.000000,True,1698,48,18.102937,42,21,21,0.833333,0.833333,0.850000,0.809524,0.829268,0.667424,18,3,4,17,0.902494,0.894922,0.894922
lightgbm_balanced_ratio_preserved_noise_mcc_selected_v1,lightgbm_class_weight_balanced,lightgbm,num_leaves,60/40,5,clean,test,60/40,test,31.000000,True,1698,48,18.204678,53,21,32,0.792453,0.795387,0.708333,0.809524,0.755556,0.580499,25,7,4,17,0.898810,0.864315,0.864315
lightgbm_balanced_ratio_preserved_noise_mcc_selected_v1,lightgbm_class_weight_balanced,lightgbm,num_leaves,60/40,5,clean,test,70/30,test,31.000000,True,1698,48,18.309840,70,21,49,0.814286,0.812925,0.653846,0.809524,0.723404,0.593561,40,9,4,17,0.893100,0.829563,0.829563
lightgbm_balanced_ratio_preserved_noise_mcc_selected_v1,lightgbm_class_weight_balanced,lightgbm,num_leaves,60/40,5,clean,test,75/25,test,31.000000,True,1698,48,18.425753,84,21,63,0.869048,0.849206,0.708333,0.809524,0.755556,0.669439,56,7,4,17,0.910053,0.792231,0.792231
lightgbm_balanced_ratio_preserved_noise_mcc_selected_v1,lightgbm_class_weight_balanced,lightgbm,num_leaves,60/40,5,clean,test,80/20,test,31.000000,True,1698,48,18.598847,105,21,84,0.780952,0.791667,0.472222,0.809524,0.596491,0.491576,65,19,4,17,0.868481,0.607347,0.607347
lightgbm_balanced_ratio_preserved_noise_mcc_selected_v1,lightgbm_class_weight_balanced,lightgbm,num_leaves,60/40,5,clean,test,90/10,test,31.000000,True,1698,48,18.892797,210,21,189,0.833333,0.822751,0.354167,0.809524,0.492754,0.461169,158,31,4,17,0.894180,0.550267,0.550267
lightgbm_balanced_ratio_preserved_noise_mcc_selected_v1,lightgbm_class_weight_balanced,lightgbm,num_leaves,60/40,5,random_flip_10,validation_grid,60/40,valid,15.000000,True,1698,48,10.003316,48,19,29,0.708333,0.749546,0.580645,0.947368,0.720000,0.510331,16,13,1,18,0.830309,0.732522,0.732522
lightgbm_balanced_ratio_preserved_noise_mcc_selected_v1,lightgbm_class_weight_balanced,lightgbm,num_leaves,60/40,5,random_flip_10,validation_grid,60/40,valid,31.000000,False,1698,48,15.070593,48,19,29,0.687500,0.732305,0.562500,0.947368,0.705882,0.481980,15,14,1,18,0.793103,0.644421,0.644421
lightgbm_balanced_ratio_preserved_noise_mcc_selected_v1,lightgbm_class_weight_balanced,lightgbm,num_leaves,60/40,5,random_flip_10,validation_grid,60/40,valid,63.000000,False,1698,48,21.305239,48,19,29,0.666667,0.696915,0.551724,0.842105,0.666667,0.393829,16,13,3,16,0.720508,0.618233,0.618233
lightgbm_balanced_ratio_preserved_noise_mcc_selected_v1,lightgbm_class_weight_balanced,lightgbm,num_leaves,60/40,5,random_flip_10,test,50/50,test,15.000000,True,1698,48,21.414083,42,21,21,0.857143,0.857143,0.857143,0.857143,0.857143,0.714286,18,3,3,18,0.897959,0.851897,0.851897
lightgbm_balanced_ratio_preserved_noise_mcc_selected_v1,lightgbm_class_weight_balanced,lightgbm,num_leaves,60/40,5,random_flip_10,test,60/40,test,15.000000,True,1698,48,21.534197,53,21,32,0.830189,0.834821,0.750000,0.857143,0.800000,0.657996,26,6,3,18,0.912202,0.870921,0.870921
lightgbm_balanced_ratio_preserved_noise_mcc_selected_v1,lightgbm_class_weight_balanced,lightgbm,num_leaves,60/40,5,random_flip_10,test,70/30,test,15.000000,True,1698,48,21.655404,70,21,49,0.814286,0.826531,0.642857,0.857143,0.734694,0.610883,39,10,3,18,0.915452,0.852015,0.852015
lightgbm_balanced_ratio_preserved_noise_mcc_selected_v1,lightgbm_class_weight_balanced,lightgbm,num_leaves,60/40,5,random_flip_10,test,75/25,test,15.000000,True,1698,48,21.802070,84,21,63,0.845238,0.849206,0.642857,0.857143,0.734694,0.641533,53,10,3,18,0.927438,0.780515,0.780515
lightgbm_balanced_ratio_preserved_noise_mcc_selected_v1,lightgbm_class_weight_balanced,lightgbm,num_leaves,60/40,5,random_flip_10,test,80/20,test,15.000000,True,1698,48,21.997544,105,21,84,0.771429,0.803571,0.461538,0.857143,0.600000,0.502616,63,21,3,18,0.891156,0.670890,0.670890
lightgbm_balanced_ratio_preserved_noise_mcc_selected_v1,lightgbm_class_weight_balanced,lightgbm,num_leaves,60/40,5,random_flip_10,test,90/10,test,15.000000,True,1698,48,22.309587,210,21,189,0.804762,0.828042,0.321429,0.857143,0.467532,0.445088,151,38,3,18,0.911565,0.542086,0.542086
lightgbm_balanced_ratio_preserved_noise_mcc_selected_v1,lightgbm_class_weight_balanced,lightgbm,num_leaves,60/40,5,random_flip_20,validation_grid,60/40,valid,15.000000,True,1698,48,9.928926,48,19,29,0.666667,0.687840,0.555556,0.789474,0.652174,0.370342,17,12,4,15,0.840290,0.781669,0.781669
lightgbm_balanced_ratio_preserved_noise_mcc_selected_v1,lightgbm_class_weight_balanced,lightgbm,num_leaves,60/40,5,random_flip_20,validation_grid,60/40,valid,31.000000,False,1698,48,14.862114,48,19,29,0.645833,0.652450,0.541667,0.684211,0.604651,0.298210,18,11,6,13,0.811252,0.790313,0.790313
lightgbm_balanced_ratio_preserved_noise_mcc_selected_v1,lightgbm_class_weight_balanced,lightgbm,num_leaves,60/40,5,random_flip_20,validation_grid,60/40,valid,63.000000,False,1698,48,20.728639,48,19,29,0.687500,0.668784,0.611111,0.578947,0.594595,0.340989,22,7,8,11,0.807623,0.756145,0.756145
lightgbm_balanced_ratio_preserved_noise_mcc_selected_v1,lightgbm_class_weight_balanced,lightgbm,num_leaves,60/40,5,random_flip_20,test,50/50,test,15.000000,True,1698,48,20.813716,42,21,21,0.761905,0.761905,0.823529,0.666667,0.736842,0.533578,18,3,7,14,0.907029,0.904654,0.904654
lightgbm_balanced_ratio_preserved_noise_mcc_selected_v1,lightgbm_class_weight_balanced,lightgbm,num_leaves,60/40,5,random_flip_20,test,60/40,test,15.000000,True,1698,48,20.906036,53,21,32,0.754717,0.739583,0.700000,0.666667,0.682927,0.483503,26,6,7,14,0.860119,0.798605,0.798605
lightgbm_balanced_ratio_preserved_noise_mcc_selected_v1,lightgbm_class_weight_balanced,lightgbm,num_leaves,60/40,5,random_flip_20,test,70/30,test,15.000000,True,1698,48,21.001914,70,21,49,0.728571,0.710884,0.538462,0.666667,0.595745,0.400008,37,12,7,14,0.841594,0.688377,0.688377
lightgbm_balanced_ratio_preserved_noise_mcc_selected_v1,lightgbm_class_weight_balanced,lightgbm,num_leaves,60/40,5,random_flip_20,test,75/25,test,15.000000,True,1698,48,21.109663,84,21,63,0.809524,0.761905,0.608696,0.666667,0.636364,0.508656,54,9,7,14,0.894180,0.734447,0.734447
lightgbm_balanced_ratio_preserved_noise_mcc_selected_v1,lightgbm_class_weight_balanced,lightgbm,num_leaves,60/40,5,random_flip_20,test,80/20,test,15.000000,True,1698,48,21.265733,105,21,84,0.790476,0.744048,0.482759,0.666667,0.560000,0.436665,69,15,7,14,0.841270,0.484194,0.484194
lightgbm_balanced_ratio_preserved_noise_mcc_selected_v1,lightgbm_class_weight_balanced,lightgbm,num_leaves,60/40,5,random_flip_20,test,90/10,test,15.000000,True,1698,48,21.539319,210,21,189,0.771429,0.724868,0.254545,0.666667,0.368421,0.306867,148,41,7,14,0.845301,0.394787,0.394787
lightgbm_balanced_ratio_preserved_noise_mcc_selected_v1,lightgbm_class_weight_balanced,lightgbm,num_leaves,60/40,5,random_fp_10,validation_grid,60/40,valid,15.000000,False,2124,48,8.379296,48,19,29,0.708333,0.749546,0.580645,0.947368,0.720000,0.510331,16,13,1,18,0.788566,0.656185,0.656185
lightgbm_balanced_ratio_preserved_noise_mcc_selected_v1,lightgbm_class_weight_balanced,lightgbm,num_leaves,60/40,5,random_fp_10,validation_grid,60/40,valid,31.000000,False,2124,48,13.339158,48,19,29,0.729167,0.757713,0.607143,0.894737,0.723404,0.511268,18,11,2,17,0.847550,0.739061,0.739061
lightgbm_balanced_ratio_preserved_noise_mcc_selected_v1,lightgbm_class_weight_balanced,lightgbm,num_leaves,60/40,5,random_fp_10,validation_grid,60/40,valid,63.000000,True,2124,48,19.955722,48,19,29,0.750000,0.774955,0.629630,0.894737,0.739130,0.542095,19,10,2,17,0.838475,0.688487,0.688487
lightgbm_balanced_ratio_preserved_noise_mcc_selected_v1,lightgbm_class_weight_balanced,lightgbm,num_leaves,60/40,5,random_fp_10,test,50/50,test,63.000000,True,2124,48,20.059878,42,21,21,0.785714,0.785714,0.800000,0.761905,0.780488,0.572078,17,4,5,16,0.863946,0.854318,0.854318
lightgbm_balanced_ratio_preserved_noise_mcc_selected_v1,lightgbm_class_weight_balanced,lightgbm,num_leaves,60/40,5,random_fp_10,test,60/40,test,63.000000,True,2124,48,20.173227,53,21,32,0.792453,0.787202,0.727273,0.761905,0.744186,0.570178,26,6,5,16,0.889881,0.850557,0.850557
lightgbm_balanced_ratio_preserved_noise_mcc_selected_v1,lightgbm_class_weight_balanced,lightgbm,num_leaves,60/40,5,random_fp_10,test,70/30,test,63.000000,True,2124,48,20.298377,70,21,49,0.771429,0.768707,0.592593,0.761905,0.666667,0.505943,38,11,5,16,0.880466,0.817406,0.817406
lightgbm_balanced_ratio_preserved_noise_mcc_selected_v1,lightgbm_class_weight_balanced,lightgbm,num_leaves,60/40,5,random_fp_10,test,75/25,test,63.000000,True,2124,48,20.426364,84,21,63,0.845238,0.817460,0.666667,0.761905,0.711111,0.608581,55,8,5,16,0.900983,0.730132,0.730132
lightgbm_balanced_ratio_preserved_noise_mcc_selected_v1,lightgbm_class_weight_balanced,lightgbm,num_leaves,60/40,5,random_fp_10,test,80/20,test,63.000000,True,2124,48,20.617458,105,21,84,0.800000,0.785714,0.500000,0.761905,0.603774,0.496564,68,16,5,16,0.867347,0.606095,0.606095
lightgbm_balanced_ratio_preserved_noise_mcc_selected_v1,lightgbm_class_weight_balanced,lightgbm,num_leaves,60/40,5,random_fp_10,test,90/10,test,63.000000,True,2124,48,20.924165,210,21,189,0.823810,0.796296,0.333333,0.761905,0.463768,0.423369,157,32,5,16,0.896699,0.634285,0.634285
lightgbm_balanced_ratio_preserved_noise_mcc_selected_v1,lightgbm_class_weight_balanced,lightgbm,num_leaves,60/40,5,random_fp_20,validation_grid,60/40,valid,15.000000,True,2549,48,9.705785,48,19,29,0.750000,0.765880,0.640000,0.842105,0.727273,0.520545,20,9,3,16,0.780399,0.635224,0.635224
lightgbm_balanced_ratio_preserved_noise_mcc_selected_v1,lightgbm_class_weight_balanced,lightgbm,num_leaves,60/40,5,random_fp_20,validation_grid,60/40,valid,31.000000,False,2549,48,14.557942,48,19,29,0.687500,0.705082,0.576923,0.789474,0.666667,0.402564,18,11,4,15,0.767695,0.617567,0.617567
lightgbm_balanced_ratio_preserved_noise_mcc_selected_v1,lightgbm_class_weight_balanced,lightgbm,num_leaves,60/40,5,random_fp_20,validation_grid,60/40,valid,63.000000,False,2549,48,23.161012,48,19,29,0.708333,0.740472,0.586207,0.894737,0.708333,0.480944,17,12,2,17,0.800363,0.677376,0.677376
lightgbm_balanced_ratio_preserved_noise_mcc_selected_v1,lightgbm_class_weight_balanced,lightgbm,num_leaves,60/40,5,random_fp_20,test,50/50,test,15.000000,True,2549,48,23.264390,42,21,21,0.857143,0.857143,0.826087,0.904762,0.863636,0.717547,17,4,2,19,0.900227,0.891716,0.891716
lightgbm_balanced_ratio_preserved_noise_mcc_selected_v1,lightgbm_class_weight_balanced,lightgbm,num_leaves,60/40,5,random_fp_20,test,60/40,test,15.000000,True,2549,48,23.383915,53,21,32,0.792453,0.811756,0.678571,0.904762,0.775510,0.610914,23,9,2,19,0.872024,0.814331,0.814331
lightgbm_balanced_ratio_preserved_noise_mcc_selected_v1,lightgbm_class_weight_balanced,lightgbm,num_leaves,60/40,5,random_fp_20,test,70/30,test,15.000000,True,2549,48,23.505912,70,21,49,0.800000,0.829932,0.612903,0.904762,0.730769,0.608764,37,12,2,19,0.915452,0.841023,0.841023
lightgbm_balanced_ratio_preserved_noise_mcc_selected_v1,lightgbm_class_weight_balanced,lightgbm,num_leaves,60/40,5,random_fp_20,test,75/25,test,15.000000,True,2549,48,23.623907,84,21,63,0.845238,0.865079,0.633333,0.904762,0.745098,0.659842,52,11,2,19,0.916100,0.767703,0.767703
lightgbm_balanced_ratio_preserved_noise_mcc_selected_v1,lightgbm_class_weight_balanced,lightgbm,num_leaves,60/40,5,random_fp_20,test,80/20,test,15.000000,True,2549,48,23.815002,105,21,84,0.761905,0.815476,0.452381,0.904762,0.603175,0.515170,61,23,2,19,0.897392,0.658286,0.658286
lightgbm_balanced_ratio_preserved_noise_mcc_selected_v1,lightgbm_class_weight_balanced,lightgbm,num_leaves,60/40,5,random_fp_20,test,90/10,test,15.000000,True,2549,48,24.104657,210,21,189,0.766667,0.828042,0.287879,0.904762,0.436782,0.423982,142,47,2,19,0.898463,0.491439,0.491439
lightgbm_balanced_ratio_preserved_noise_mcc_selected_v1,lightgbm_class_weight_balanced,lightgbm,num_leaves,60/40,5,heuristic_fp_10,validation_grid,60/40,valid,15.000000,False,2124,48,8.550859,48,19,29,0.708333,0.749546,0.580645,0.947368,0.720000,0.510331,16,13,1,18,0.789474,0.641097,0.641097
lightgbm_balanced_ratio_preserved_noise_mcc_selected_v1,lightgbm_class_weight_balanced,lightgbm,num_leaves,60/40,5,heuristic_fp_10,validation_grid,60/40,valid,31.000000,False,2124,48,14.283004,48,19,29,0.729167,0.757713,0.607143,0.894737,0.723404,0.511268,18,11,2,17,0.767695,0.599042,0.599042
lightgbm_balanced_ratio_preserved_noise_mcc_selected_v1,lightgbm_class_weight_balanced,lightgbm,num_leaves,60/40,5,heuristic_fp_10,validation_grid,60/40,valid,63.000000,True,2124,48,20.717047,48,19,29,0.770833,0.810345,0.633333,1.000000,0.775510,0.626980,18,11,0,19,0.834846,0.715328,0.715328
lightgbm_balanced_ratio_preserved_noise_mcc_selected_v1,lightgbm_class_weight_balanced,lightgbm,num_leaves,60/40,5,heuristic_fp_10,test,50/50,test,63.000000,True,2124,48,20.830853,42,21,21,0.880952,0.880952,0.863636,0.904762,0.883721,0.762770,18,3,2,19,0.927438,0.903716,0.903716
lightgbm_balanced_ratio_preserved_noise_mcc_selected_v1,lightgbm_class_weight_balanced,lightgbm,num_leaves,60/40,5,heuristic_fp_10,test,60/40,test,63.000000,True,2124,48,20.945036,53,21,32,0.849057,0.858631,0.760000,0.904762,0.826087,0.702770,26,6,2,19,0.918155,0.825724,0.825724
lightgbm_balanced_ratio_preserved_noise_mcc_selected_v1,lightgbm_class_weight_balanced,lightgbm,num_leaves,60/40,5,heuristic_fp_10,test,70/30,test,63.000000,True,2124,48,21.067239,70,21,49,0.857143,0.870748,0.703704,0.904762,0.791667,0.698073,41,8,2,19,0.935860,0.864749,0.864749
lightgbm_balanced_ratio_preserved_noise_mcc_selected_v1,lightgbm_class_weight_balanced,lightgbm,num_leaves,60/40,5,heuristic_fp_10,test,75/25,test,63.000000,True,2124,48,21.192433,84,21,63,0.869048,0.880952,0.678571,0.904762,0.775510,0.699854,54,9,2,19,0.942555,0.789930,0.789930
lightgbm_balanced_ratio_preserved_noise_mcc_selected_v1,lightgbm_class_weight_balanced,lightgbm,num_leaves,60/40,5,heuristic_fp_10,test,80/20,test,63.000000,True,2124,48,21.387924,105,21,84,0.780952,0.827381,0.475000,0.904762,0.622951,0.539319,63,21,2,19,0.908163,0.638738,0.638738
lightgbm_balanced_ratio_preserved_noise_mcc_selected_v1,lightgbm_class_weight_balanced,lightgbm,num_leaves,60/40,5,heuristic_fp_10,test,90/10,test,63.000000,True,2124,48,21.682194,210,21,189,0.809524,0.851852,0.333333,0.904762,0.487179,0.474731,151,38,2,19,0.927942,0.598793,0.598793
lightgbm_balanced_ratio_preserved_noise_mcc_selected_v1,lightgbm_class_weight_balanced,lightgbm,num_leaves,60/40,5,heuristic_fp_20,validation_grid,60/40,valid,15.000000,False,2549,48,9.581491,48,19,29,0.687500,0.732305,0.562500,0.947368,0.705882,0.481980,15,14,1,18,0.831216,0.682043,0.682043
lightgbm_balanced_ratio_preserved_noise_mcc_selected_v1,lightgbm_class_weight_balanced,lightgbm,num_leaves,60/40,5,heuristic_fp_20,validation_grid,60/40,valid,31.000000,True,2549,48,14.692722,48,19,29,0.708333,0.749546,0.580645,0.947368,0.720000,0.510331,16,13,1,18,0.823956,0.745769,0.745769
lightgbm_balanced_ratio_preserved_noise_mcc_selected_v1,lightgbm_class_weight_balanced,lightgbm,num_leaves,60/40,5,heuristic_fp_20,validation_grid,60/40,valid,63.000000,False,2549,48,22.345367,48,19,29,0.708333,0.749546,0.580645,0.947368,0.720000,0.510331,16,13,1,18,0.851180,0.793985,0.793985
lightgbm_balanced_ratio_preserved_noise_mcc_selected_v1,lightgbm_class_weight_balanced,lightgbm,num_leaves,60/40,5,heuristic_fp_20,test,50/50,test,31.000000,True,2549,48,22.431978,42,21,21,0.833333,0.833333,0.791667,0.904762,0.844444,0.673575,16,5,2,19,0.866213,0.802862,0.802862
lightgbm_balanced_ratio_preserved_noise_mcc_selected_v1,lightgbm_class_weight_balanced,lightgbm,num_leaves,60/40,5,heuristic_fp_20,test,60/40,test,31.000000,True,2549,48,22.526144,53,21,32,0.716981,0.749256,0.593750,0.904762,0.716981,0.498512,19,13,2,19,0.843750,0.720315,0.720315
lightgbm_balanced_ratio_preserved_noise_mcc_selected_v1,lightgbm_class_weight_balanced,lightgbm,num_leaves,60/40,5,heuristic_fp_20,test,70/30,test,31.000000,True,2549,48,22.641244,70,21,49,0.685714,0.748299,0.487179,0.904762,0.633333,0.458142,29,20,2,19,0.851312,0.723737,0.723737
lightgbm_balanced_ratio_preserved_noise_mcc_selected_v1,lightgbm_class_weight_balanced,lightgbm,num_leaves,60/40,5,heuristic_fp_20,test,75/25,test,31.000000,True,2549,48,22.745365,84,21,63,0.785714,0.825397,0.542857,0.904762,0.678571,0.571599,47,16,2,19,0.891156,0.691897,0.691897
lightgbm_balanced_ratio_preserved_noise_mcc_selected_v1,lightgbm_class_weight_balanced,lightgbm,num_leaves,60/40,5,heuristic_fp_20,test,80/20,test,31.000000,True,2549,48,22.913459,105,21,84,0.714286,0.785714,0.404255,0.904762,0.558824,0.459672,56,28,2,19,0.863379,0.531675,0.531675
lightgbm_balanced_ratio_preserved_noise_mcc_selected_v1,lightgbm_class_weight_balanced,lightgbm,num_leaves,60/40,5,heuristic_fp_20,test,90/10,test,31.000000,True,2549,48,23.194051,210,21,189,0.747619,0.817460,0.271429,0.904762,0.417582,0.404061,138,51,2,19,0.877551,0.394267,0.394267
lightgbm_balanced_ratio_preserved_noise_mcc_selected_v1,lightgbm_class_weight_balanced,lightgbm,num_leaves,70/30,1,clean,validation_grid,70/30,valid,15.000000,True,2264,64,9.311738,64,19,45,0.843750,0.873684,0.666667,0.947368,0.782609,0.691409,36,9,1,18,0.854971,0.669268,0.669268
lightgbm_balanced_ratio_preserved_noise_mcc_selected_v1,lightgbm_class_weight_balanced,lightgbm,num_leaves,70/30,1,clean,validation_grid,70/30,valid,31.000000,False,2264,64,14.573326,64,19,45,0.828125,0.847368,0.653846,0.894737,0.755556,0.646286,36,9,2,17,0.888889,0.751198,0.751198
lightgbm_balanced_ratio_preserved_noise_mcc_selected_v1,lightgbm_class_weight_balanced,lightgbm,num_leaves,70/30,1,clean,validation_grid,70/30,valid,63.000000,False,2264,64,21.975821,64,19,45,0.828125,0.832164,0.666667,0.842105,0.744186,0.626945,37,8,3,16,0.888889,0.718175,0.718175
lightgbm_balanced_ratio_preserved_noise_mcc_selected_v1,lightgbm_class_weight_balanced,lightgbm,num_leaves,70/30,1,clean,test,50/50,test,15.000000,True,2264,64,22.088906,42,21,21,0.833333,0.833333,0.818182,0.857143,0.837209,0.667424,17,4,3,18,0.904762,0.917791,0.917791
lightgbm_balanced_ratio_preserved_noise_mcc_selected_v1,lightgbm_class_weight_balanced,lightgbm,num_leaves,70/30,1,clean,test,60/40,test,15.000000,True,2264,64,22.225088,53,21,32,0.830189,0.834821,0.750000,0.857143,0.800000,0.657996,26,6,3,18,0.872024,0.797798,0.797798
lightgbm_balanced_ratio_preserved_noise_mcc_selected_v1,lightgbm_class_weight_balanced,lightgbm,num_leaves,70/30,1,clean,test,70/30,test,15.000000,True,2264,64,22.381727,70,21,49,0.871429,0.867347,0.750000,0.857143,0.800000,0.709299,43,6,3,18,0.919339,0.828824,0.828824
lightgbm_balanced_ratio_preserved_noise_mcc_selected_v1,lightgbm_class_weight_balanced,lightgbm,num_leaves,70/30,1,clean,test,75/25,test,15.000000,True,2264,64,22.556498,84,21,63,0.845238,0.849206,0.642857,0.857143,0.734694,0.641533,53,10,3,18,0.918367,0.775061,0.775061
lightgbm_balanced_ratio_preserved_noise_mcc_selected_v1,lightgbm_class_weight_balanced,lightgbm,num_leaves,70/30,1,clean,test,80/20,test,15.000000,True,2264,64,22.776239,105,21,84,0.828571,0.839286,0.545455,0.857143,0.666667,0.584685,69,15,3,18,0.877551,0.593731,0.593731
lightgbm_balanced_ratio_preserved_noise_mcc_selected_v1,lightgbm_class_weight_balanced,lightgbm,num_leaves,70/30,1,clean,test,90/10,test,15.000000,True,2264,64,23.032500,210,21,189,0.776190,0.812169,0.290323,0.857143,0.433735,0.410614,145,44,3,18,0.877173,0.418348,0.418348
lightgbm_balanced_ratio_preserved_noise_mcc_selected_v1,lightgbm_class_weight_balanced,lightgbm,num_leaves,70/30,1,random_flip_10,validation_grid,70/30,valid,15.000000,True,2264,64,9.121243,64,19,45,0.843750,0.873684,0.666667,0.947368,0.782609,0.691409,36,9,1,18,0.919298,0.830719,0.830719
lightgbm_balanced_ratio_preserved_noise_mcc_selected_v1,lightgbm_class_weight_balanced,lightgbm,num_leaves,70/30,1,random_flip_10,validation_grid,70/30,valid,31.000000,False,2264,64,14.273632,64,19,45,0.843750,0.843275,0.695652,0.842105,0.761905,0.653731,38,7,3,16,0.922807,0.836111,0.836111
lightgbm_balanced_ratio_preserved_noise_mcc_selected_v1,lightgbm_class_weight_balanced,lightgbm,num_leaves,70/30,1,random_flip_10,validation_grid,70/30,valid,63.000000,False,2264,64,21.292861,64,19,45,0.843750,0.797661,0.764706,0.684211,0.722222,0.615831,41,4,6,13,0.922807,0.820248,0.820248
lightgbm_balanced_ratio_preserved_noise_mcc_selected_v1,lightgbm_class_weight_balanced,lightgbm,num_leaves,70/30,1,random_flip_10,test,50/50,test,15.000000,True,2264,64,21.402923,42,21,21,0.761905,0.761905,0.761905,0.761905,0.761905,0.523810,16,5,5,16,0.861678,0.875155,0.875155
lightgbm_balanced_ratio_preserved_noise_mcc_selected_v1,lightgbm_class_weight_balanced,lightgbm,num_leaves,70/30,1,random_flip_10,test,60/40,test,15.000000,True,2264,64,21.517719,53,21,32,0.773585,0.771577,0.695652,0.761905,0.727273,0.536023,25,7,5,16,0.857143,0.813374,0.813374
lightgbm_balanced_ratio_preserved_noise_mcc_selected_v1,lightgbm_class_weight_balanced,lightgbm,num_leaves,70/30,1,random_flip_10,test,70/30,test,15.000000,True,2264,64,21.640264,70,21,49,0.814286,0.799320,0.666667,0.761905,0.711111,0.577948,41,8,5,16,0.872692,0.653624,0.653624
lightgbm_balanced_ratio_preserved_noise_mcc_selected_v1,lightgbm_class_weight_balanced,lightgbm,num_leaves,70/30,1,random_flip_10,test,75/25,test,15.000000,True,2264,64,21.821885,84,21,63,0.845238,0.817460,0.666667,0.761905,0.711111,0.608581,55,8,5,16,0.911565,0.711843,0.711843
lightgbm_balanced_ratio_preserved_noise_mcc_selected_v1,lightgbm_class_weight_balanced,lightgbm,num_leaves,70/30,1,random_flip_10,test,80/20,test,15.000000,True,2264,64,21.968494,105,21,84,0.809524,0.791667,0.516129,0.761905,0.615385,0.511528,69,15,5,16,0.871882,0.541747,0.541747
lightgbm_balanced_ratio_preserved_noise_mcc_selected_v1,lightgbm_class_weight_balanced,lightgbm,num_leaves,70/30,1,random_flip_10,test,90/10,test,15.000000,True,2264,64,22.224837,210,21,189,0.790476,0.777778,0.290909,0.761905,0.421053,0.379071,150,39,5,16,0.864827,0.355279,0.355279
lightgbm_balanced_ratio_preserved_noise_mcc_selected_v1,lightgbm_class_weight_balanced,lightgbm,num_leaves,70/30,1,random_flip_20,validation_grid,70/30,valid,15.000000,False,2264,64,10.282545,64,19,45,0.765625,0.757310,0.583333,0.736842,0.651163,0.485662,35,10,5,14,0.854971,0.709653,0.709653
lightgbm_balanced_ratio_preserved_noise_mcc_selected_v1,lightgbm_class_weight_balanced,lightgbm,num_leaves,70/30,1,random_flip_20,validation_grid,70/30,valid,31.000000,True,2264,64,15.809611,64,19,45,0.828125,0.786550,0.722222,0.684211,0.702703,0.582368,40,5,6,13,0.883041,0.814026,0.814026
lightgbm_balanced_ratio_preserved_noise_mcc_selected_v1,lightgbm_class_weight_balanced,lightgbm,num_leaves,70/30,1,random_flip_20,validation_grid,70/30,valid,63.000000,False,2264,64,22.708055,64,19,45,0.828125,0.771345,0.750000,0.631579,0.685714,0.572604,41,4,7,12,0.921637,0.828731,0.828731
lightgbm_balanced_ratio_preserved_noise_mcc_selected_v1,lightgbm_class_weight_balanced,lightgbm,num_leaves,70/30,1,random_flip_20,test,50/50,test,31.000000,True,2264,64,22.815189,42,21,21,0.785714,0.785714,0.833333,0.714286,0.769231,0.577350,18,3,6,15,0.836735,0.874708,0.874708
lightgbm_balanced_ratio_preserved_noise_mcc_selected_v1,lightgbm_class_weight_balanced,lightgbm,num_leaves,70/30,1,random_flip_20,test,60/40,test,31.000000,True,2264,64,22.925106,53,21,32,0.773585,0.763393,0.714286,0.714286,0.714286,0.526786,26,6,6,15,0.784226,0.724527,0.724527
lightgbm_balanced_ratio_preserved_noise_mcc_selected_v1,lightgbm_class_weight_balanced,lightgbm,num_leaves,70/30,1,random_flip_20,test,70/30,test,31.000000,True,2264,64,23.042030,70,21,49,0.800000,0.775510,0.652174,0.714286,0.681818,0.537604,41,8,6,15,0.815355,0.692250,0.692250
lightgbm_balanced_ratio_preserved_noise_mcc_selected_v1,lightgbm_class_weight_balanced,lightgbm,num_leaves,70/30,1,random_flip_20,test,75/25,test,31.000000,True,2264,64,23.165738,84,21,63,0.845238,0.801587,0.681818,0.714286,0.697674,0.594040,56,7,6,15,0.850340,0.728139,0.728139
lightgbm_balanced_ratio_preserved_noise_mcc_selected_v1,lightgbm_class_weight_balanced,lightgbm,num_leaves,70/30,1,random_flip_20,test,80/20,test,31.000000,True,2264,64,23.329331,105,21,84,0.780952,0.755952,0.468750,0.714286,0.566038,0.444838,67,17,6,15,0.818027,0.644131,0.644131
lightgbm_balanced_ratio_preserved_noise_mcc_selected_v1,lightgbm_class_weight_balanced,lightgbm,num_leaves,70/30,1,random_flip_20,test,90/10,test,31.000000,True,2264,64,23.595869,210,21,189,0.823810,0.775132,0.326087,0.714286,0.447761,0.399127,158,31,6,15,0.826783,0.471432,0.471432
lightgbm_balanced_ratio_preserved_noise_mcc_selected_v1,lightgbm_class_weight_balanced,lightgbm,num_leaves,70/30,1,random_fp_10,validation_grid,70/30,valid,15.000000,True,3021,64,10.490003,64,19,45,0.781250,0.768421,0.608696,0.736842,0.666667,0.511180,36,9,5,14,0.863158,0.713454,0.713454
lightgbm_balanced_ratio_preserved_noise_mcc_selected_v1,lightgbm_class_weight_balanced,lightgbm,num_leaves,70/30,1,random_fp_10,validation_grid,70/30,valid,31.000000,False,3021,64,16.641936,64,19,45,0.765625,0.757310,0.583333,0.736842,0.651163,0.485662,35,10,5,14,0.874854,0.728624,0.728624
lightgbm_balanced_ratio_preserved_noise_mcc_selected_v1,lightgbm_class_weight_balanced,lightgbm,num_leaves,70/30,1,random_fp_10,validation_grid,70/30,valid,63.000000,False,3021,64,24.396974,64,19,45,0.734375,0.704678,0.545455,0.631579,0.585366,0.393776,35,10,7,12,0.844444,0.692788,0.692788
lightgbm_balanced_ratio_preserved_noise_mcc_selected_v1,lightgbm_class_weight_balanced,lightgbm,num_leaves,70/30,1,random_fp_10,test,50/50,test,15.000000,True,3021,64,24.517641,42,21,21,0.809524,0.809524,0.782609,0.857143,0.818182,0.621874,16,5,3,18,0.879819,0.913963,0.913963
lightgbm_balanced_ratio_preserved_noise_mcc_selected_v1,lightgbm_class_weight_balanced,lightgbm,num_leaves,70/30,1,random_fp_10,test,60/40,test,15.000000,True,3021,64,24.616972,53,21,32,0.849057,0.850446,0.782609,0.857143,0.818182,0.691690,27,5,3,18,0.866071,0.831163,0.831163
lightgbm_balanced_ratio_preserved_noise_mcc_selected_v1,lightgbm_class_weight_balanced,lightgbm,num_leaves,70/30,1,random_fp_10,test,70/30,test,15.000000,True,3021,64,24.714690,70,21,49,0.828571,0.836735,0.666667,0.857143,0.750000,0.634029,40,9,3,18,0.888241,0.832152,0.832152
lightgbm_balanced_ratio_preserved_noise_mcc_selected_v1,lightgbm_class_weight_balanced,lightgbm,num_leaves,70/30,1,random_fp_10,test,75/25,test,15.000000,True,3021,64,24.833907,84,21,63,0.833333,0.841270,0.620690,0.857143,0.720000,0.621624,52,11,3,18,0.902494,0.837632,0.837632
lightgbm_balanced_ratio_preserved_noise_mcc_selected_v1,lightgbm_class_weight_balanced,lightgbm,num_leaves,70/30,1,random_fp_10,test,80/20,test,15.000000,True,3021,64,24.984993,105,21,84,0.771429,0.803571,0.461538,0.857143,0.600000,0.502616,63,21,3,18,0.839002,0.539040,0.539040
lightgbm_balanced_ratio_preserved_noise_mcc_selected_v1,lightgbm_class_weight_balanced,lightgbm,num_leaves,70/30,1,random_fp_10,test,90/10,test,15.000000,True,3021,64,25.234941,210,21,189,0.785714,0.817460,0.300000,0.857143,0.444444,0.421637,147,42,3,18,0.866087,0.455634,0.455634
lightgbm_balanced_ratio_preserved_noise_mcc_selected_v1,lightgbm_class_weight_balanced,lightgbm,num_leaves,70/30,1,random_fp_20,validation_grid,70/30,valid,15.000000,False,3775,64,11.826435,64,19,45,0.781250,0.798830,0.592593,0.842105,0.695652,0.552911,34,11,3,16,0.879532,0.740271,0.740271
lightgbm_balanced_ratio_preserved_noise_mcc_selected_v1,lightgbm_class_weight_balanced,lightgbm,num_leaves,70/30,1,random_fp_20,validation_grid,70/30,valid,31.000000,False,3775,64,18.847052,64,19,45,0.812500,0.836257,0.629630,0.894737,0.739130,0.622160,35,10,2,17,0.884211,0.770559,0.770559
lightgbm_balanced_ratio_preserved_noise_mcc_selected_v1,lightgbm_class_weight_balanced,lightgbm,num_leaves,70/30,1,random_fp_20,validation_grid,70/30,valid,63.000000,True,3775,64,29.038351,64,19,45,0.890625,0.907018,0.750000,0.947368,0.837209,0.768229,39,6,1,18,0.906433,0.802160,0.802160
lightgbm_balanced_ratio_preserved_noise_mcc_selected_v1,lightgbm_class_weight_balanced,lightgbm,num_leaves,70/30,1,random_fp_20,test,50/50,test,63.000000,True,3775,64,29.146956,42,21,21,0.904762,0.904762,1.000000,0.809524,0.894737,0.824621,21,0,4,17,0.907029,0.937930,0.937930
lightgbm_balanced_ratio_preserved_noise_mcc_selected_v1,lightgbm_class_weight_balanced,lightgbm,num_leaves,70/30,1,random_fp_20,test,60/40,test,63.000000,True,3775,64,29.260637,53,21,32,0.830189,0.826637,0.772727,0.809524,0.790698,0.648467,27,5,4,17,0.875000,0.864259,0.864259
lightgbm_balanced_ratio_preserved_noise_mcc_selected_v1,lightgbm_class_weight_balanced,lightgbm,num_leaves,70/30,1,random_fp_20,test,70/30,test,63.000000,True,3775,64,29.374705,70,21,49,0.857143,0.843537,0.739130,0.809524,0.772727,0.670346,43,6,4,17,0.891156,0.840384,0.840384
lightgbm_balanced_ratio_preserved_noise_mcc_selected_v1,lightgbm_class_weight_balanced,lightgbm,num_leaves,70/30,1,random_fp_20,test,75/25,test,63.000000,True,3775,64,29.504348,84,21,63,0.880952,0.857143,0.739130,0.809524,0.772727,0.693622,57,6,4,17,0.900983,0.866598,0.866598
lightgbm_balanced_ratio_preserved_noise_mcc_selected_v1,lightgbm_class_weight_balanced,lightgbm,num_leaves,70/30,1,random_fp_20,test,80/20,test,63.000000,True,3775,64,29.690652,105,21,84,0.790476,0.797619,0.485714,0.809524,0.607143,0.505076,66,18,4,17,0.844104,0.625736,0.625736
lightgbm_balanced_ratio_preserved_noise_mcc_selected_v1,lightgbm_class_weight_balanced,lightgbm,num_leaves,70/30,1,random_fp_20,test,90/10,test,63.000000,True,3775,64,29.964812,210,21,189,0.809524,0.809524,0.320755,0.809524,0.459459,0.427540,153,36,4,17,0.854497,0.555043,0.555043
lightgbm_balanced_ratio_preserved_noise_mcc_selected_v1,lightgbm_class_weight_balanced,lightgbm,num_leaves,70/30,1,heuristic_fp_10,validation_grid,70/30,valid,15.000000,False,3021,64,10.860913,64,19,45,0.781250,0.814035,0.586207,0.894737,0.708333,0.576445,33,12,2,17,0.886550,0.749203,0.749203
lightgbm_balanced_ratio_preserved_noise_mcc_selected_v1,lightgbm_class_weight_balanced,lightgbm,num_leaves,70/30,1,heuristic_fp_10,validation_grid,70/30,valid,31.000000,False,3021,64,17.605206,64,19,45,0.781250,0.814035,0.586207,0.894737,0.708333,0.576445,33,12,2,17,0.904094,0.842791,0.842791
lightgbm_balanced_ratio_preserved_noise_mcc_selected_v1,lightgbm_class_weight_balanced,lightgbm,num_leaves,70/30,1,heuristic_fp_10,validation_grid,70/30,valid,63.000000,True,3021,64,25.902515,64,19,45,0.796875,0.809942,0.615385,0.842105,0.711111,0.576653,35,10,3,16,0.886550,0.817132,0.817132
lightgbm_balanced_ratio_preserved_noise_mcc_selected_v1,lightgbm_class_weight_balanced,lightgbm,num_leaves,70/30,1,heuristic_fp_10,test,50/50,test,63.000000,True,3021,64,25.997589,42,21,21,0.833333,0.833333,0.818182,0.857143,0.837209,0.667424,17,4,3,18,0.900227,0.884267,0.884267
lightgbm_balanced_ratio_preserved_noise_mcc_selected_v1,lightgbm_class_weight_balanced,lightgbm,num_leaves,70/30,1,heuristic_fp_10,test,60/40,test,63.000000,True,3021,64,26.100593,53,21,32,0.830189,0.834821,0.750000,0.857143,0.800000,0.657996,26,6,3,18,0.925595,0.853386,0.853386
lightgbm_balanced_ratio_preserved_noise_mcc_selected_v1,lightgbm_class_weight_balanced,lightgbm,num_leaves,70/30,1,heuristic_fp_10,test,70/30,test,63.000000,True,3021,64,26.206232,70,21,49,0.857143,0.857143,0.720000,0.857143,0.782609,0.683130,42,7,3,18,0.930029,0.798484,0.798484
lightgbm_balanced_ratio_preserved_noise_mcc_selected_v1,lightgbm_class_weight_balanced,lightgbm,num_leaves,70/30,1,heuristic_fp_10,test,75/25,test,63.000000,True,3021,64,26.325087,84,21,63,0.869048,0.865079,0.692308,0.857143,0.765957,0.683906,55,8,3,18,0.938020,0.808872,0.808872
lightgbm_balanced_ratio_preserved_noise_mcc_selected_v1,lightgbm_class_weight_balanced,lightgbm,num_leaves,70/30,1,heuristic_fp_10,test,80/20,test,63.000000,True,3021,64,26.482799,105,21,84,0.828571,0.839286,0.545455,0.857143,0.666667,0.584685,69,15,3,18,0.913832,0.683743,0.683743
lightgbm_balanced_ratio_preserved_noise_mcc_selected_v1,lightgbm_class_weight_balanced,lightgbm,num_leaves,70/30,1,heuristic_fp_10,test,90/10,test,63.000000,True,3021,64,26.750003,210,21,189,0.819048,0.835979,0.339623,0.857143,0.486486,0.464082,154,35,3,18,0.910431,0.519048,0.519048
lightgbm_balanced_ratio_preserved_noise_mcc_selected_v1,lightgbm_class_weight_balanced,lightgbm,num_leaves,70/30,1,heuristic_fp_20,validation_grid,70/30,valid,15.000000,False,3775,64,13.085603,64,19,45,0.781250,0.829240,0.580645,0.947368,0.720000,0.601988,32,13,1,18,0.863158,0.667224,0.667224
lightgbm_balanced_ratio_preserved_noise_mcc_selected_v1,lightgbm_class_weight_balanced,lightgbm,num_leaves,70/30,1,heuristic_fp_20,validation_grid,70/30,valid,31.000000,True,3775,64,19.383705,64,19,45,0.796875,0.840351,0.600000,0.947368,0.734694,0.623218,33,12,1,18,0.879532,0.680837,0.680837
lightgbm_balanced_ratio_preserved_noise_mcc_selected_v1,lightgbm_class_weight_balanced,lightgbm,num_leaves,70/30,1,heuristic_fp_20,validation_grid,70/30,valid,63.000000,False,3775,64,27.965377,64,19,45,0.796875,0.840351,0.600000,0.947368,0.734694,0.623218,33,12,1,18,0.911111,0.807257,0.807257
lightgbm_balanced_ratio_preserved_noise_mcc_selected_v1,lightgbm_class_weight_balanced,lightgbm,num_leaves,70/30,1,heuristic_fp_20,test,50/50,test,31.000000,True,3775,64,28.070763,42,21,21,0.857143,0.857143,0.826087,0.904762,0.863636,0.717547,17,4,2,19,0.916100,0.913928,0.913928
lightgbm_balanced_ratio_preserved_noise_mcc_selected_v1,lightgbm_class_weight_balanced,lightgbm,num_leaves,70/30,1,heuristic_fp_20,test,60/40,test,31.000000,True,3775,64,28.166163,53,21,32,0.792453,0.811756,0.678571,0.904762,0.775510,0.610914,23,9,2,19,0.904762,0.874001,0.874001
lightgbm_balanced_ratio_preserved_noise_mcc_selected_v1,lightgbm_class_weight_balanced,lightgbm,num_leaves,70/30,1,heuristic_fp_20,test,70/30,test,31.000000,True,3775,64,28.266460,70,21,49,0.828571,0.850340,0.655172,0.904762,0.760000,0.651833,39,10,2,19,0.904762,0.775731,0.775731
lightgbm_balanced_ratio_preserved_noise_mcc_selected_v1,lightgbm_class_weight_balanced,lightgbm,num_leaves,70/30,1,heuristic_fp_20,test,75/25,test,31.000000,True,3775,64,28.373996,84,21,63,0.797619,0.833333,0.558824,0.904762,0.690909,0.588118,48,15,2,19,0.922902,0.830361,0.830361
lightgbm_balanced_ratio_preserved_noise_mcc_selected_v1,lightgbm_class_weight_balanced,lightgbm,num_leaves,70/30,1,heuristic_fp_20,test,80/20,test,31.000000,True,3775,64,28.512887,105,21,84,0.819048,0.851190,0.527778,0.904762,0.666667,0.591897,67,17,2,19,0.897959,0.639624,0.639624
lightgbm_balanced_ratio_preserved_noise_mcc_selected_v1,lightgbm_class_weight_balanced,lightgbm,num_leaves,70/30,1,heuristic_fp_20,test,90/10,test,31.000000,True,3775,64,28.761787,210,21,189,0.785714,0.838624,0.306452,0.904762,0.457831,0.445412,146,43,2,19,0.897077,0.522735,0.522735
lightgbm_balanced_ratio_preserved_noise_mcc_selected_v1,lightgbm_class_weight_balanced,lightgbm,num_leaves,70/30,2,clean,validation_grid,70/30,valid,15.000000,False,2264,64,8.806133,64,19,45,0.843750,0.873684,0.666667,0.947368,0.782609,0.691409,36,9,1,18,0.935673,0.834765,0.834765
lightgbm_balanced_ratio_preserved_noise_mcc_selected_v1,lightgbm_class_weight_balanced,lightgbm,num_leaves,70/30,2,clean,validation_grid,70/30,valid,31.000000,True,2264,64,13.851742,64,19,45,0.906250,0.918129,0.782609,0.947368,0.857143,0.796282,40,5,1,18,0.933333,0.871472,0.871472
lightgbm_balanced_ratio_preserved_noise_mcc_selected_v1,lightgbm_class_weight_balanced,lightgbm,num_leaves,70/30,2,clean,validation_grid,70/30,valid,63.000000,False,2264,64,20.612362,64,19,45,0.859375,0.854386,0.727273,0.842105,0.780488,0.681795,39,6,3,16,0.945029,0.873094,0.873094
lightgbm_balanced_ratio_preserved_noise_mcc_selected_v1,lightgbm_class_weight_balanced,lightgbm,num_leaves,70/30,2,clean,test,50/50,test,31.000000,True,2264,64,20.729911,42,21,21,0.785714,0.785714,0.772727,0.809524,0.790698,0.572078,16,5,4,17,0.836735,0.763710,0.763710
lightgbm_balanced_ratio_preserved_noise_mcc_selected_v1,lightgbm_class_weight_balanced,lightgbm,num_leaves,70/30,2,clean,test,60/40,test,31.000000,True,2264,64,20.831932,53,21,32,0.830189,0.826637,0.772727,0.809524,0.790698,0.648467,27,5,4,17,0.918155,0.894674,0.894674
lightgbm_balanced_ratio_preserved_noise_mcc_selected_v1,lightgbm_class_weight_balanced,lightgbm,num_leaves,70/30,2,clean,test,70/30,test,31.000000,True,2264,64,20.995461,70,21,49,0.814286,0.812925,0.653846,0.809524,0.723404,0.593561,40,9,4,17,0.853256,0.626051,0.626051
lightgbm_balanced_ratio_preserved_noise_mcc_selected_v1,lightgbm_class_weight_balanced,lightgbm,num_leaves,70/30,2,clean,test,75/25,test,31.000000,True,2264,64,21.131542,84,21,63,0.773810,0.785714,0.531250,0.809524,0.641509,0.509525,48,15,4,17,0.877551,0.709881,0.709881
lightgbm_balanced_ratio_preserved_noise_mcc_selected_v1,lightgbm_class_weight_balanced,lightgbm,num_leaves,70/30,2,clean,test,80/20,test,31.000000,True,2264,64,21.313948,105,21,84,0.828571,0.821429,0.548387,0.809524,0.653846,0.563725,70,14,4,17,0.899660,0.659547,0.659547
lightgbm_balanced_ratio_preserved_noise_mcc_selected_v1,lightgbm_class_weight_balanced,lightgbm,num_leaves,70/30,2,clean,test,90/10,test,31.000000,True,2264,64,21.551140,210,21,189,0.833333,0.822751,0.354167,0.809524,0.492754,0.461169,158,31,4,17,0.885362,0.424510,0.424510
lightgbm_balanced_ratio_preserved_noise_mcc_selected_v1,lightgbm_class_weight_balanced,lightgbm,num_leaves,70/30,2,random_flip_10,validation_grid,70/30,valid,15.000000,False,2264,64,8.765744,64,19,45,0.828125,0.832164,0.666667,0.842105,0.744186,0.626945,37,8,3,16,0.915789,0.816919,0.816919
lightgbm_balanced_ratio_preserved_noise_mcc_selected_v1,lightgbm_class_weight_balanced,lightgbm,num_leaves,70/30,2,random_flip_10,validation_grid,70/30,valid,31.000000,True,2264,64,13.831908,64,19,45,0.843750,0.843275,0.695652,0.842105,0.761905,0.653731,38,7,3,16,0.926316,0.822612,0.822612
lightgbm_balanced_ratio_preserved_noise_mcc_selected_v1,lightgbm_class_weight_balanced,lightgbm,num_leaves,70/30,2,random_flip_10,validation_grid,70/30,valid,63.000000,False,2264,64,20.567573,64,19,45,0.843750,0.828070,0.714286,0.789474,0.750000,0.638463,39,6,4,15,0.908772,0.765069,0.765069
lightgbm_balanced_ratio_preserved_noise_mcc_selected_v1,lightgbm_class_weight_balanced,lightgbm,num_leaves,70/30,2,random_flip_10,test,50/50,test,31.000000,True,2264,64,20.674945,42,21,21,0.809524,0.809524,0.842105,0.761905,0.800000,0.621874,18,3,5,16,0.870748,0.884557,0.884557
lightgbm_balanced_ratio_preserved_noise_mcc_selected_v1,lightgbm_class_weight_balanced,lightgbm,num_leaves,70/30,2,random_flip_10,test,60/40,test,31.000000,True,2264,64,20.767029,53,21,32,0.792453,0.787202,0.727273,0.761905,0.744186,0.570178,26,6,5,16,0.877976,0.844860,0.844860
lightgbm_balanced_ratio_preserved_noise_mcc_selected_v1,lightgbm_class_weight_balanced,lightgbm,num_leaves,70/30,2,random_flip_10,test,70/30,test,31.000000,True,2264,64,20.901342,70,21,49,0.800000,0.789116,0.640000,0.761905,0.695652,0.553010,40,9,5,16,0.872692,0.768382,0.768382
lightgbm_balanced_ratio_preserved_noise_mcc_selected_v1,lightgbm_class_weight_balanced,lightgbm,num_leaves,70/30,2,random_flip_10,test,75/25,test,31.000000,True,2264,64,21.054748,84,21,63,0.833333,0.809524,0.640000,0.761905,0.695652,0.586284,54,9,5,16,0.866969,0.693606,0.693606
lightgbm_balanced_ratio_preserved_noise_mcc_selected_v1,lightgbm_class_weight_balanced,lightgbm,num_leaves,70/30,2,random_flip_10,test,80/20,test,31.000000,True,2264,64,21.177836,105,21,84,0.828571,0.803571,0.551724,0.761905,0.640000,0.543168,71,13,5,16,0.887755,0.725292,0.725292
lightgbm_balanced_ratio_preserved_noise_mcc_selected_v1,lightgbm_class_weight_balanced,lightgbm,num_leaves,70/30,2,random_flip_10,test,90/10,test,31.000000,True,2264,64,21.396053,210,21,189,0.819048,0.793651,0.326531,0.761905,0.457143,0.416573,156,33,5,16,0.874024,0.522506,0.522506
lightgbm_balanced_ratio_preserved_noise_mcc_selected_v1,lightgbm_class_weight_balanced,lightgbm,num_leaves,70/30,2,random_flip_20,validation_grid,70/30,valid,15.000000,True,2264,64,9.263546,64,19,45,0.859375,0.869591,0.708333,0.894737,0.790698,0.697587,38,7,2,17,0.925146,0.832533,0.832533
lightgbm_balanced_ratio_preserved_noise_mcc_selected_v1,lightgbm_class_weight_balanced,lightgbm,num_leaves,70/30,2,random_flip_20,validation_grid,70/30,valid,31.000000,False,2264,64,14.711375,64,19,45,0.843750,0.828070,0.714286,0.789474,0.750000,0.638463,39,6,4,15,0.913450,0.867422,0.867422
lightgbm_balanced_ratio_preserved_noise_mcc_selected_v1,lightgbm_class_weight_balanced,lightgbm,num_leaves,70/30,2,random_flip_20,validation_grid,70/30,valid,63.000000,False,2264,64,21.519898,64,19,45,0.796875,0.749123,0.666667,0.631579,0.648649,0.506304,39,6,7,12,0.886550,0.771841,0.771841
lightgbm_balanced_ratio_preserved_noise_mcc_selected_v1,lightgbm_class_weight_balanced,lightgbm,num_leaves,70/30,2,random_flip_20,test,50/50,test,15.000000,True,2264,64,21.626225,42,21,21,0.809524,0.809524,0.882353,0.714286,0.789474,0.630593,19,2,6,15,0.839002,0.865080,0.865080
lightgbm_balanced_ratio_preserved_noise_mcc_selected_v1,lightgbm_class_weight_balanced,lightgbm,num_leaves,70/30,2,random_flip_20,test,60/40,test,15.000000,True,2264,64,21.718990,53,21,32,0.792453,0.779018,0.750000,0.714286,0.731707,0.563086,27,5,6,15,0.852679,0.851321,0.851321
lightgbm_balanced_ratio_preserved_noise_mcc_selected_v1,lightgbm_class_weight_balanced,lightgbm,num_leaves,70/30,2,random_flip_20,test,70/30,test,15.000000,True,2264,64,21.852038,70,21,49,0.800000,0.775510,0.652174,0.714286,0.681818,0.537604,41,8,6,15,0.813411,0.690675,0.690675
lightgbm_balanced_ratio_preserved_noise_mcc_selected_v1,lightgbm_class_weight_balanced,lightgbm,num_leaves,70/30,2,random_flip_20,test,75/25,test,15.000000,True,2264,64,21.980338,84,21,63,0.761905,0.746032,0.517241,0.714286,0.600000,0.448147,49,14,6,15,0.785336,0.566882,0.566882
lightgbm_balanced_ratio_preserved_noise_mcc_selected_v1,lightgbm_class_weight_balanced,lightgbm,num_leaves,70/30,2,random_flip_20,test,80/20,test,15.000000,True,2264,64,22.100910,105,21,84,0.847619,0.797619,0.600000,0.714286,0.652174,0.559017,74,10,6,15,0.838435,0.670638,0.670638
lightgbm_balanced_ratio_preserved_noise_mcc_selected_v1,lightgbm_class_weight_balanced,lightgbm,num_leaves,70/30,2,random_flip_20,test,90/10,test,15.000000,True,2264,64,22.314805,210,21,189,0.833333,0.780423,0.340909,0.714286,0.461538,0.413432,160,29,6,15,0.844041,0.437774,0.437774
lightgbm_balanced_ratio_preserved_noise_mcc_selected_v1,lightgbm_class_weight_balanced,lightgbm,num_leaves,70/30,2,random_fp_10,validation_grid,70/30,valid,15.000000,False,3021,64,10.285353,64,19,45,0.812500,0.851462,0.620690,0.947368,0.750000,0.645147,34,11,1,18,0.920468,0.822747,0.822747
lightgbm_balanced_ratio_preserved_noise_mcc_selected_v1,lightgbm_class_weight_balanced,lightgbm,num_leaves,70/30,2,random_fp_10,validation_grid,70/30,valid,31.000000,False,3021,64,16.038456,64,19,45,0.796875,0.794737,0.625000,0.789474,0.697674,0.556304,36,9,4,15,0.893567,0.799438,0.799438
lightgbm_balanced_ratio_preserved_noise_mcc_selected_v1,lightgbm_class_weight_balanced,lightgbm,num_leaves,70/30,2,random_fp_10,validation_grid,70/30,valid,63.000000,True,3021,64,24.594222,64,19,45,0.843750,0.858480,0.680000,0.894737,0.772727,0.671390,37,8,2,17,0.906433,0.811178,0.811178
lightgbm_balanced_ratio_preserved_noise_mcc_selected_v1,lightgbm_class_weight_balanced,lightgbm,num_leaves,70/30,2,random_fp_10,test,50/50,test,63.000000,True,3021,64,24.715011,42,21,21,0.785714,0.785714,0.833333,0.714286,0.769231,0.577350,18,3,6,15,0.798186,0.829929,0.829929
lightgbm_balanced_ratio_preserved_noise_mcc_selected_v1,lightgbm_class_weight_balanced,lightgbm,num_leaves,70/30,2,random_fp_10,test,60/40,test,63.000000,True,3021,64,24.811994,53,21,32,0.754717,0.747768,0.681818,0.714286,0.697674,0.491889,25,7,6,15,0.867560,0.853399,0.853399
lightgbm_balanced_ratio_preserved_noise_mcc_selected_v1,lightgbm_class_weight_balanced,lightgbm,num_leaves,70/30,2,random_fp_10,test,70/30,test,63.000000,True,3021,64,24.947377,70,21,49,0.742857,0.734694,0.555556,0.714286,0.625000,0.441899,37,12,6,15,0.842566,0.725975,0.725975
lightgbm_balanced_ratio_preserved_noise_mcc_selected_v1,lightgbm_class_weight_balanced,lightgbm,num_leaves,70/30,2,random_fp_10,test,75/25,test,63.000000,True,3021,64,25.102667,84,21,63,0.773810,0.753968,0.535714,0.714286,0.612245,0.466569,50,13,6,15,0.846561,0.741996,0.741996
lightgbm_balanced_ratio_preserved_noise_mcc_selected_v1,lightgbm_class_weight_balanced,lightgbm,num_leaves,70/30,2,random_fp_10,test,80/20,test,63.000000,True,3021,64,25.235343,105,21,84,0.857143,0.803571,0.625000,0.714286,0.666667,0.578352,75,9,6,15,0.885488,0.753457,0.753457
lightgbm_balanced_ratio_preserved_noise_mcc_selected_v1,lightgbm_class_weight_balanced,lightgbm,num_leaves,70/30,2,random_fp_10,test,90/10,test,63.000000,True,3021,64,25.529133,210,21,189,0.828571,0.777778,0.333333,0.714286,0.454545,0.406181,159,30,6,15,0.863946,0.466481,0.466481
lightgbm_balanced_ratio_preserved_noise_mcc_selected_v1,lightgbm_class_weight_balanced,lightgbm,num_leaves,70/30,2,random_fp_20,validation_grid,70/30,valid,15.000000,True,3775,64,12.622277,64,19,45,0.812500,0.851462,0.620690,0.947368,0.750000,0.645147,34,11,1,18,0.876023,0.700692,0.700692
lightgbm_balanced_ratio_preserved_noise_mcc_selected_v1,lightgbm_class_weight_balanced,lightgbm,num_leaves,70/30,2,random_fp_20,validation_grid,70/30,valid,31.000000,False,3775,64,18.665458,64,19,45,0.765625,0.757310,0.583333,0.736842,0.651163,0.485662,35,10,5,14,0.860819,0.701756,0.701756
lightgbm_balanced_ratio_preserved_noise_mcc_selected_v1,lightgbm_class_weight_balanced,lightgbm,num_leaves,70/30,2,random_fp_20,validation_grid,70/30,valid,63.000000,False,3775,64,27.721072,64,19,45,0.781250,0.753216,0.619048,0.684211,0.650000,0.492789,37,8,6,13,0.857310,0.667897,0.667897
lightgbm_balanced_ratio_preserved_noise_mcc_selected_v1,lightgbm_class_weight_balanced,lightgbm,num_leaves,70/30,2,random_fp_20,test,50/50,test,15.000000,True,3775,64,27.833660,42,21,21,0.785714,0.785714,0.772727,0.809524,0.790698,0.572078,16,5,4,17,0.845805,0.787378,0.787378
lightgbm_balanced_ratio_preserved_noise_mcc_selected_v1,lightgbm_class_weight_balanced,lightgbm,num_leaves,70/30,2,random_fp_20,test,60/40,test,15.000000,True,3775,64,27.933214,53,21,32,0.754717,0.764137,0.653846,0.809524,0.723404,0.516863,23,9,4,17,0.876488,0.808342,0.808342
lightgbm_balanced_ratio_preserved_noise_mcc_selected_v1,lightgbm_class_weight_balanced,lightgbm,num_leaves,70/30,2,random_fp_20,test,70/30,test,15.000000,True,3775,64,28.084372,70,21,49,0.757143,0.772109,0.566667,0.809524,0.666667,0.503953,36,13,4,17,0.851312,0.659942,0.659942
lightgbm_balanced_ratio_preserved_noise_mcc_selected_v1,lightgbm_class_weight_balanced,lightgbm,num_leaves,70/30,2,random_fp_20,test,75/25,test,15.000000,True,3775,64,28.213625,84,21,63,0.714286,0.746032,0.459459,0.809524,0.586207,0.429192,43,20,4,17,0.859410,0.683623,0.683623
lightgbm_balanced_ratio_preserved_noise_mcc_selected_v1,lightgbm_class_weight_balanced,lightgbm,num_leaves,70/30,2,random_fp_20,test,80/20,test,15.000000,True,3775,64,28.355714,105,21,84,0.780952,0.791667,0.472222,0.809524,0.596491,0.491576,65,19,4,17,0.906463,0.708691,0.708691
lightgbm_balanced_ratio_preserved_noise_mcc_selected_v1,lightgbm_class_weight_balanced,lightgbm,num_leaves,70/30,2,random_fp_20,test,90/10,test,15.000000,True,3775,64,28.611370,210,21,189,0.738095,0.769841,0.250000,0.809524,0.382022,0.346003,138,51,4,17,0.873772,0.388561,0.388561
lightgbm_balanced_ratio_preserved_noise_mcc_selected_v1,lightgbm_class_weight_balanced,lightgbm,num_leaves,70/30,2,heuristic_fp_10,validation_grid,70/30,valid,15.000000,False,3021,64,10.951780,64,19,45,0.812500,0.836257,0.629630,0.894737,0.739130,0.622160,35,10,2,17,0.906433,0.801915,0.801915
lightgbm_balanced_ratio_preserved_noise_mcc_selected_v1,lightgbm_class_weight_balanced,lightgbm,num_leaves,70/30,2,heuristic_fp_10,validation_grid,70/30,valid,31.000000,False,3021,64,17.191394,64,19,45,0.859375,0.869591,0.708333,0.894737,0.790698,0.697587,38,7,2,17,0.932164,0.876779,0.876779
lightgbm_balanced_ratio_preserved_noise_mcc_selected_v1,lightgbm_class_weight_balanced,lightgbm,num_leaves,70/30,2,heuristic_fp_10,validation_grid,70/30,valid,63.000000,True,3021,64,25.259261,64,19,45,0.875000,0.880702,0.739130,0.894737,0.809524,0.725007,39,6,2,17,0.935673,0.879558,0.879558
lightgbm_balanced_ratio_preserved_noise_mcc_selected_v1,lightgbm_class_weight_balanced,lightgbm,num_leaves,70/30,2,heuristic_fp_10,test,50/50,test,63.000000,True,3021,64,25.369286,42,21,21,0.928571,0.928571,0.875000,1.000000,0.933333,0.866025,18,3,0,21,0.950113,0.941443,0.941443
lightgbm_balanced_ratio_preserved_noise_mcc_selected_v1,lightgbm_class_weight_balanced,lightgbm,num_leaves,70/30,2,heuristic_fp_10,test,60/40,test,63.000000,True,3021,64,25.481273,53,21,32,0.886792,0.906250,0.777778,1.000000,0.875000,0.794949,26,6,0,21,0.915179,0.830345,0.830345
lightgbm_balanced_ratio_preserved_noise_mcc_selected_v1,lightgbm_class_weight_balanced,lightgbm,num_leaves,70/30,2,heuristic_fp_10,test,70/30,test,63.000000,True,3021,64,25.625522,70,21,49,0.857143,0.897959,0.677419,1.000000,0.807692,0.734282,39,10,0,21,0.913508,0.772041,0.772041
lightgbm_balanced_ratio_preserved_noise_mcc_selected_v1,lightgbm_class_weight_balanced,lightgbm,num_leaves,70/30,2,heuristic_fp_10,test,75/25,test,63.000000,True,3021,64,25.755732,84,21,63,0.797619,0.865079,0.552632,1.000000,0.711864,0.635223,46,17,0,21,0.872260,0.625107,0.625107
lightgbm_balanced_ratio_preserved_noise_mcc_selected_v1,lightgbm_class_weight_balanced,lightgbm,num_leaves,70/30,2,heuristic_fp_10,test,80/20,test,63.000000,True,3021,64,25.889687,105,21,84,0.885714,0.928571,0.636364,1.000000,0.777778,0.738549,72,12,0,21,0.940476,0.792258,0.792258
lightgbm_balanced_ratio_preserved_noise_mcc_selected_v1,lightgbm_class_weight_balanced,lightgbm,num_leaves,70/30,2,heuristic_fp_10,test,90/10,test,63.000000,True,3021,64,26.122895,210,21,189,0.819048,0.899471,0.355932,1.000000,0.525000,0.533263,151,38,0,21,0.919879,0.598284,0.598284
lightgbm_balanced_ratio_preserved_noise_mcc_selected_v1,lightgbm_class_weight_balanced,lightgbm,num_leaves,70/30,2,heuristic_fp_20,validation_grid,70/30,valid,15.000000,False,3775,64,11.466887,64,19,45,0.812500,0.851462,0.620690,0.947368,0.750000,0.645147,34,11,1,18,0.919298,0.806812,0.806812
lightgbm_balanced_ratio_preserved_noise_mcc_selected_v1,lightgbm_class_weight_balanced,lightgbm,num_leaves,70/30,2,heuristic_fp_20,validation_grid,70/30,valid,31.000000,False,3775,64,20.076566,64,19,45,0.796875,0.840351,0.600000,0.947368,0.734694,0.623218,33,12,1,18,0.907602,0.782822,0.782822
lightgbm_balanced_ratio_preserved_noise_mcc_selected_v1,lightgbm_class_weight_balanced,lightgbm,num_leaves,70/30,2,heuristic_fp_20,validation_grid,70/30,valid,63.000000,True,3775,64,28.049964,64,19,45,0.843750,0.873684,0.666667,0.947368,0.782609,0.691409,36,9,1,18,0.921637,0.769348,0.769348
lightgbm_balanced_ratio_preserved_noise_mcc_selected_v1,lightgbm_class_weight_balanced,lightgbm,num_leaves,70/30,2,heuristic_fp_20,test,50/50,test,63.000000,True,3775,64,28.156251,42,21,21,0.785714,0.785714,0.714286,0.952381,0.816327,0.606092,13,8,1,20,0.875283,0.838858,0.838858
lightgbm_balanced_ratio_preserved_noise_mcc_selected_v1,lightgbm_class_weight_balanced,lightgbm,num_leaves,70/30,2,heuristic_fp_20,test,60/40,test,63.000000,True,3775,64,28.250076,53,21,32,0.830189,0.851190,0.714286,0.952381,0.816327,0.688190,24,8,1,20,0.864583,0.754086,0.754086
lightgbm_balanced_ratio_preserved_noise_mcc_selected_v1,lightgbm_class_weight_balanced,lightgbm,num_leaves,70/30,2,heuristic_fp_20,test,70/30,test,63.000000,True,3775,64,28.420822,70,21,49,0.771429,0.823129,0.571429,0.952381,0.714286,0.592306,34,15,1,20,0.863946,0.659788,0.659788
lightgbm_balanced_ratio_preserved_noise_mcc_selected_v1,lightgbm_class_weight_balanced,lightgbm,num_leaves,70/30,2,heuristic_fp_20,test,75/25,test,63.000000,True,3775,64,28.546358,84,21,63,0.785714,0.841270,0.540541,0.952381,0.689655,0.595330,46,17,1,20,0.869237,0.612229,0.612229
lightgbm_balanced_ratio_preserved_noise_mcc_selected_v1,lightgbm_class_weight_balanced,lightgbm,num_leaves,70/30,2,heuristic_fp_20,test,80/20,test,63.000000,True,3775,64,28.676099,105,21,84,0.780952,0.845238,0.476190,0.952381,0.634921,0.563771,62,22,1,20,0.899093,0.615309,0.615309
lightgbm_balanced_ratio_preserved_noise_mcc_selected_v1,lightgbm_class_weight_balanced,lightgbm,num_leaves,70/30,2,heuristic_fp_20,test,90/10,test,63.000000,True,3775,64,28.892309,210,21,189,0.738095,0.833333,0.270270,0.952381,0.421053,0.418662,135,54,1,20,0.858151,0.309723,0.309723
lightgbm_balanced_ratio_preserved_noise_mcc_selected_v1,lightgbm_class_weight_balanced,lightgbm,num_leaves,70/30,3,clean,validation_grid,70/30,valid,15.000000,False,2264,64,8.841640,64,19,45,0.796875,0.840351,0.600000,0.947368,0.734694,0.623218,33,12,1,18,0.918129,0.843023,0.843023
lightgbm_balanced_ratio_preserved_noise_mcc_selected_v1,lightgbm_class_weight_balanced,lightgbm,num_leaves,70/30,3,clean,validation_grid,70/30,valid,31.000000,True,2264,64,13.535971,64,19,45,0.828125,0.862573,0.642857,0.947368,0.765957,0.667849,35,10,1,18,0.912281,0.788730,0.788730
lightgbm_balanced_ratio_preserved_noise_mcc_selected_v1,lightgbm_class_weight_balanced,lightgbm,num_leaves,70/30,3,clean,validation_grid,70/30,valid,63.000000,False,2264,64,20.645997,64,19,45,0.843750,0.843275,0.695652,0.842105,0.761905,0.653731,38,7,3,16,0.922807,0.841867,0.841867
lightgbm_balanced_ratio_preserved_noise_mcc_selected_v1,lightgbm_class_weight_balanced,lightgbm,num_leaves,70/30,3,clean,test,50/50,test,31.000000,True,2264,64,20.735262,42,21,21,0.857143,0.857143,0.894737,0.809524,0.850000,0.717547,19,2,4,17,0.893424,0.875535,0.875535
lightgbm_balanced_ratio_preserved_noise_mcc_selected_v1,lightgbm_class_weight_balanced,lightgbm,num_leaves,70/30,3,clean,test,60/40,test,31.000000,True,2264,64,20.856928,53,21,32,0.811321,0.811012,0.739130,0.809524,0.772727,0.613857,26,6,4,17,0.886905,0.795708,0.795708
lightgbm_balanced_ratio_preserved_noise_mcc_selected_v1,lightgbm_class_weight_balanced,lightgbm,num_leaves,70/30,3,clean,test,70/30,test,31.000000,True,2264,64,20.973662,70,21,49,0.814286,0.812925,0.653846,0.809524,0.723404,0.593561,40,9,4,17,0.886297,0.793295,0.793295
lightgbm_balanced_ratio_preserved_noise_mcc_selected_v1,lightgbm_class_weight_balanced,lightgbm,num_leaves,70/30,3,clean,test,75/25,test,31.000000,True,2264,64,21.130588,84,21,63,0.833333,0.825397,0.629630,0.809524,0.708333,0.603398,53,10,4,17,0.886621,0.664329,0.664329
lightgbm_balanced_ratio_preserved_noise_mcc_selected_v1,lightgbm_class_weight_balanced,lightgbm,num_leaves,70/30,3,clean,test,80/20,test,31.000000,True,2264,64,21.270151,105,21,84,0.790476,0.797619,0.485714,0.809524,0.607143,0.505076,66,18,4,17,0.896259,0.708134,0.708134
lightgbm_balanced_ratio_preserved_noise_mcc_selected_v1,lightgbm_class_weight_balanced,lightgbm,num_leaves,70/30,3,clean,test,90/10,test,31.000000,True,2264,64,21.556614,210,21,189,0.838095,0.825397,0.361702,0.809524,0.500000,0.468426,159,30,4,17,0.917108,0.590847,0.590847
lightgbm_balanced_ratio_preserved_noise_mcc_selected_v1,lightgbm_class_weight_balanced,lightgbm,num_leaves,70/30,3,random_flip_10,validation_grid,70/30,valid,15.000000,True,2264,64,8.685727,64,19,45,0.812500,0.836257,0.629630,0.894737,0.739130,0.622160,35,10,2,17,0.935673,0.876955,0.876955
lightgbm_balanced_ratio_preserved_noise_mcc_selected_v1,lightgbm_class_weight_balanced,lightgbm,num_leaves,70/30,3,random_flip_10,validation_grid,70/30,valid,31.000000,False,2264,64,14.225424,64,19,45,0.765625,0.772515,0.576923,0.789474,0.666667,0.507019,34,11,4,15,0.908772,0.816091,0.816091
lightgbm_balanced_ratio_preserved_noise_mcc_selected_v1,lightgbm_class_weight_balanced,lightgbm,num_leaves,70/30,3,random_flip_10,validation_grid,70/30,valid,63.000000,False,2264,64,21.001707,64,19,45,0.828125,0.816959,0.681818,0.789474,0.731707,0.609790,38,7,4,15,0.918129,0.828535,0.828535
lightgbm_balanced_ratio_preserved_noise_mcc_selected_v1,lightgbm_class_weight_balanced,lightgbm,num_leaves,70/30,3,random_flip_10,test,50/50,test,15.000000,True,2264,64,21.083220,42,21,21,0.857143,0.857143,0.894737,0.809524,0.850000,0.717547,19,2,4,17,0.911565,0.884769,0.884769
lightgbm_balanced_ratio_preserved_noise_mcc_selected_v1,lightgbm_class_weight_balanced,lightgbm,num_leaves,70/30,3,random_flip_10,test,60/40,test,15.000000,True,2264,64,21.190991,53,21,32,0.792453,0.795387,0.708333,0.809524,0.755556,0.580499,25,7,4,17,0.869048,0.811098,0.811098
lightgbm_balanced_ratio_preserved_noise_mcc_selected_v1,lightgbm_class_weight_balanced,lightgbm,num_leaves,70/30,3,random_flip_10,test,70/30,test,15.000000,True,2264,64,21.313861,70,21,49,0.771429,0.782313,0.586207,0.809524,0.680000,0.525264,37,12,4,17,0.845481,0.630860,0.630860
lightgbm_balanced_ratio_preserved_noise_mcc_selected_v1,lightgbm_class_weight_balanced,lightgbm,num_leaves,70/30,3,random_flip_10,test,75/25,test,15.000000,True,2264,64,21.440014,84,21,63,0.761905,0.777778,0.515152,0.809524,0.629630,0.492567,47,16,4,17,0.855631,0.607093,0.607093
lightgbm_balanced_ratio_preserved_noise_mcc_selected_v1,lightgbm_class_weight_balanced,lightgbm,num_leaves,70/30,3,random_flip_10,test,80/20,test,15.000000,True,2264,64,21.598277,105,21,84,0.761905,0.779762,0.447368,0.809524,0.576271,0.465735,63,21,4,17,0.858844,0.567114,0.567114
lightgbm_balanced_ratio_preserved_noise_mcc_selected_v1,lightgbm_class_weight_balanced,lightgbm,num_leaves,70/30,3,random_flip_10,test,90/10,test,15.000000,True,2264,64,21.802366,210,21,189,0.800000,0.804233,0.309091,0.809524,0.447368,0.415173,151,38,4,17,0.881582,0.427205,0.427205
lightgbm_balanced_ratio_preserved_noise_mcc_selected_v1,lightgbm_class_weight_balanced,lightgbm,num_leaves,70/30,3,random_flip_20,validation_grid,70/30,valid,15.000000,True,2264,64,8.890199,64,19,45,0.828125,0.771345,0.750000,0.631579,0.685714,0.572604,41,4,7,12,0.823392,0.655566,0.655566
lightgbm_balanced_ratio_preserved_noise_mcc_selected_v1,lightgbm_class_weight_balanced,lightgbm,num_leaves,70/30,3,random_flip_20,validation_grid,70/30,valid,31.000000,False,2264,64,15.524094,64,19,45,0.781250,0.738012,0.631579,0.631579,0.631579,0.476023,38,7,7,12,0.858480,0.713603,0.713603
lightgbm_balanced_ratio_preserved_noise_mcc_selected_v1,lightgbm_class_weight_balanced,lightgbm,num_leaves,70/30,3,random_flip_20,validation_grid,70/30,valid,63.000000,False,2264,64,22.841523,64,19,45,0.781250,0.692398,0.692308,0.473684,0.562500,0.436974,41,4,10,9,0.819883,0.657116,0.657116
lightgbm_balanced_ratio_preserved_noise_mcc_selected_v1,lightgbm_class_weight_balanced,lightgbm,num_leaves,70/30,3,random_flip_20,test,50/50,test,15.000000,True,2264,64,22.934853,42,21,21,0.761905,0.761905,0.866667,0.619048,0.722222,0.546594,19,2,8,13,0.870748,0.892226,0.892226
lightgbm_balanced_ratio_preserved_noise_mcc_selected_v1,lightgbm_class_weight_balanced,lightgbm,num_leaves,70/30,3,random_flip_20,test,60/40,test,15.000000,True,2264,64,23.064097,53,21,32,0.754717,0.731399,0.722222,0.619048,0.666667,0.477975,27,5,8,13,0.839286,0.781644,0.781644
lightgbm_balanced_ratio_preserved_noise_mcc_selected_v1,lightgbm_class_weight_balanced,lightgbm,num_leaves,70/30,3,random_flip_20,test,70/30,test,15.000000,True,2264,64,23.217518,70,21,49,0.714286,0.687075,0.520000,0.619048,0.565217,0.357830,37,12,8,13,0.805637,0.640107,0.640107
lightgbm_balanced_ratio_preserved_noise_mcc_selected_v1,lightgbm_class_weight_balanced,lightgbm,num_leaves,70/30,3,random_flip_20,test,75/25,test,15.000000,True,2264,64,23.340428,84,21,63,0.761905,0.714286,0.520000,0.619048,0.565217,0.405889,51,12,8,13,0.801965,0.577186,0.577186
lightgbm_balanced_ratio_preserved_noise_mcc_selected_v1,lightgbm_class_weight_balanced,lightgbm,num_leaves,70/30,3,random_flip_20,test,80/20,test,15.000000,True,2264,64,23.481241,105,21,84,0.733333,0.690476,0.393939,0.619048,0.481481,0.328244,64,20,8,13,0.806122,0.584162,0.584162
lightgbm_balanced_ratio_preserved_noise_mcc_selected_v1,lightgbm_class_weight_balanced,lightgbm,num_leaves,70/30,3,random_flip_20,test,90/10,test,15.000000,True,2264,64,23.691891,210,21,189,0.809524,0.724868,0.288889,0.619048,0.393939,0.328813,157,32,8,13,0.834215,0.418174,0.418174
lightgbm_balanced_ratio_preserved_noise_mcc_selected_v1,lightgbm_class_weight_balanced,lightgbm,num_leaves,70/30,3,random_fp_10,validation_grid,70/30,valid,15.000000,False,3021,64,9.995636,64,19,45,0.875000,0.895906,0.720000,0.947368,0.818182,0.741487,38,7,1,18,0.897076,0.719784,0.719784
lightgbm_balanced_ratio_preserved_noise_mcc_selected_v1,lightgbm_class_weight_balanced,lightgbm,num_leaves,70/30,3,random_fp_10,validation_grid,70/30,valid,31.000000,False,3021,64,15.485705,64,19,45,0.828125,0.862573,0.642857,0.947368,0.765957,0.667849,35,10,1,18,0.952047,0.914734,0.914734
lightgbm_balanced_ratio_preserved_noise_mcc_selected_v1,lightgbm_class_weight_balanced,lightgbm,num_leaves,70/30,3,random_fp_10,validation_grid,70/30,valid,63.000000,True,3021,64,23.524403,64,19,45,0.890625,0.907018,0.750000,0.947368,0.837209,0.768229,39,6,1,18,0.962573,0.927675,0.927675
lightgbm_balanced_ratio_preserved_noise_mcc_selected_v1,lightgbm_class_weight_balanced,lightgbm,num_leaves,70/30,3,random_fp_10,test,50/50,test,63.000000,True,3021,64,23.608391,42,21,21,0.785714,0.785714,0.800000,0.761905,0.780488,0.572078,17,4,5,16,0.909297,0.916452,0.916452
lightgbm_balanced_ratio_preserved_noise_mcc_selected_v1,lightgbm_class_weight_balanced,lightgbm,num_leaves,70/30,3,random_fp_10,test,60/40,test,63.000000,True,3021,64,23.713360,53,21,32,0.754717,0.755952,0.666667,0.761905,0.711111,0.503001,24,8,5,16,0.851190,0.825223,0.825223
lightgbm_balanced_ratio_preserved_noise_mcc_selected_v1,lightgbm_class_weight_balanced,lightgbm,num_leaves,70/30,3,random_fp_10,test,70/30,test,63.000000,True,3021,64,23.830533,70,21,49,0.842857,0.819728,0.727273,0.761905,0.744186,0.631228,43,6,5,16,0.908649,0.861110,0.861110
lightgbm_balanced_ratio_preserved_noise_mcc_selected_v1,lightgbm_class_weight_balanced,lightgbm,num_leaves,70/30,3,random_fp_10,test,75/25,test,63.000000,True,3021,64,23.953565,84,21,63,0.785714,0.777778,0.551724,0.761905,0.640000,0.505973,50,13,5,16,0.895692,0.744267,0.744267
lightgbm_balanced_ratio_preserved_noise_mcc_selected_v1,lightgbm_class_weight_balanced,lightgbm,num_leaves,70/30,3,random_fp_10,test,80/20,test,63.000000,True,3021,64,24.092123,105,21,84,0.752381,0.755952,0.432432,0.761905,0.551724,0.428631,63,21,5,16,0.882086,0.733110,0.733110
lightgbm_balanced_ratio_preserved_noise_mcc_selected_v1,lightgbm_class_weight_balanced,lightgbm,num_leaves,70/30,3,random_fp_10,test,90/10,test,63.000000,True,3021,64,24.302974,210,21,189,0.828571,0.798942,0.340426,0.761905,0.470588,0.430343,158,31,5,16,0.902242,0.575671,0.575671
lightgbm_balanced_ratio_preserved_noise_mcc_selected_v1,lightgbm_class_weight_balanced,lightgbm,num_leaves,70/30,3,random_fp_20,validation_grid,70/30,valid,15.000000,False,3775,64,12.153816,64,19,45,0.765625,0.802924,0.566667,0.894737,0.693878,0.554685,32,13,2,17,0.908772,0.822999,0.822999
lightgbm_balanced_ratio_preserved_noise_mcc_selected_v1,lightgbm_class_weight_balanced,lightgbm,num_leaves,70/30,3,random_fp_20,validation_grid,70/30,valid,31.000000,False,3775,64,18.455589,64,19,45,0.796875,0.809942,0.615385,0.842105,0.711111,0.576653,35,10,3,16,0.911111,0.863331,0.863331
lightgbm_balanced_ratio_preserved_noise_mcc_selected_v1,lightgbm_class_weight_balanced,lightgbm,num_leaves,70/30,3,random_fp_20,validation_grid,70/30,valid,63.000000,True,3775,64,27.760130,64,19,45,0.812500,0.805848,0.652174,0.789474,0.714286,0.582456,37,8,4,15,0.846784,0.802885,0.802885
lightgbm_balanced_ratio_preserved_noise_mcc_selected_v1,lightgbm_class_weight_balanced,lightgbm,num_leaves,70/30,3,random_fp_20,test,50/50,test,63.000000,True,3775,64,27.858782,42,21,21,0.761905,0.761905,0.823529,0.666667,0.736842,0.533578,18,3,7,14,0.893424,0.911886,0.911886
lightgbm_balanced_ratio_preserved_noise_mcc_selected_v1,lightgbm_class_weight_balanced,lightgbm,num_leaves,70/30,3,random_fp_20,test,60/40,test,63.000000,True,3775,64,27.985664,53,21,32,0.698113,0.692708,0.608696,0.666667,0.636364,0.380356,23,9,7,14,0.821429,0.798804,0.798804
lightgbm_balanced_ratio_preserved_noise_mcc_selected_v1,lightgbm_class_weight_balanced,lightgbm,num_leaves,70/30,3,random_fp_20,test,70/30,test,63.000000,True,3775,64,28.143902,70,21,49,0.771429,0.741497,0.608696,0.666667,0.636364,0.471233,40,9,7,14,0.869776,0.783756,0.783756
lightgbm_balanced_ratio_preserved_noise_mcc_selected_v1,lightgbm_class_weight_balanced,lightgbm,num_leaves,70/30,3,random_fp_20,test,75/25,test,63.000000,True,3775,64,28.283318,84,21,63,0.785714,0.746032,0.560000,0.666667,0.608696,0.466021,52,11,7,14,0.857899,0.728562,0.728562
lightgbm_balanced_ratio_preserved_noise_mcc_selected_v1,lightgbm_class_weight_balanced,lightgbm,num_leaves,70/30,3,random_fp_20,test,80/20,test,63.000000,True,3775,64,28.458663,105,21,84,0.704762,0.690476,0.368421,0.666667,0.474576,0.317096,60,24,7,14,0.823129,0.620522,0.620522
lightgbm_balanced_ratio_preserved_noise_mcc_selected_v1,lightgbm_class_weight_balanced,lightgbm,num_leaves,70/30,3,random_fp_20,test,90/10,test,63.000000,True,3775,64,28.707899,210,21,189,0.833333,0.759259,0.333333,0.666667,0.444444,0.388889,161,28,7,14,0.873520,0.616376,0.616376
lightgbm_balanced_ratio_preserved_noise_mcc_selected_v1,lightgbm_class_weight_balanced,lightgbm,num_leaves,70/30,3,heuristic_fp_10,validation_grid,70/30,valid,15.000000,False,3021,64,10.675672,64,19,45,0.703125,0.743275,0.500000,0.842105,0.627451,0.444591,29,16,3,16,0.847953,0.726617,0.726617
lightgbm_balanced_ratio_preserved_noise_mcc_selected_v1,lightgbm_class_weight_balanced,lightgbm,num_leaves,70/30,3,heuristic_fp_10,validation_grid,70/30,valid,31.000000,False,3021,64,16.351959,64,19,45,0.765625,0.787719,0.571429,0.842105,0.680851,0.529971,33,12,3,16,0.867836,0.745929,0.745929
lightgbm_balanced_ratio_preserved_noise_mcc_selected_v1,lightgbm_class_weight_balanced,lightgbm,num_leaves,70/30,3,heuristic_fp_10,validation_grid,70/30,valid,63.000000,True,3021,64,23.538590,64,19,45,0.796875,0.825146,0.607143,0.894737,0.723404,0.598910,34,11,2,17,0.866667,0.710960,0.710960
lightgbm_balanced_ratio_preserved_noise_mcc_selected_v1,lightgbm_class_weight_balanced,lightgbm,num_leaves,70/30,3,heuristic_fp_10,test,50/50,test,63.000000,True,3021,64,23.626926,42,21,21,0.904762,0.904762,0.904762,0.904762,0.904762,0.809524,19,2,2,19,0.934240,0.910644,0.910644
lightgbm_balanced_ratio_preserved_noise_mcc_selected_v1,lightgbm_class_weight_balanced,lightgbm,num_leaves,70/30,3,heuristic_fp_10,test,60/40,test,63.000000,True,3021,64,23.738627,53,21,32,0.811321,0.827381,0.703704,0.904762,0.791667,0.640619,24,8,2,19,0.857143,0.707410,0.707410
lightgbm_balanced_ratio_preserved_noise_mcc_selected_v1,lightgbm_class_weight_balanced,lightgbm,num_leaves,70/30,3,heuristic_fp_10,test,70/30,test,63.000000,True,3021,64,23.856583,70,21,49,0.771429,0.809524,0.575758,0.904762,0.703704,0.568295,35,14,2,19,0.891156,0.759641,0.759641
lightgbm_balanced_ratio_preserved_noise_mcc_selected_v1,lightgbm_class_weight_balanced,lightgbm,num_leaves,70/30,3,heuristic_fp_10,test,75/25,test,63.000000,True,3021,64,23.983070,84,21,63,0.845238,0.865079,0.633333,0.904762,0.745098,0.659842,52,11,2,19,0.899471,0.627801,0.627801
lightgbm_balanced_ratio_preserved_noise_mcc_selected_v1,lightgbm_class_weight_balanced,lightgbm,num_leaves,70/30,3,heuristic_fp_10,test,80/20,test,63.000000,True,3021,64,24.125504,105,21,84,0.819048,0.851190,0.527778,0.904762,0.666667,0.591897,67,17,2,19,0.912132,0.642814,0.642814
lightgbm_balanced_ratio_preserved_noise_mcc_selected_v1,lightgbm_class_weight_balanced,lightgbm,num_leaves,70/30,3,heuristic_fp_10,test,90/10,test,63.000000,True,3021,64,24.344088,210,21,189,0.819048,0.857143,0.345455,0.904762,0.500000,0.487377,153,36,2,19,0.925926,0.590744,0.590744
lightgbm_balanced_ratio_preserved_noise_mcc_selected_v1,lightgbm_class_weight_balanced,lightgbm,num_leaves,70/30,3,heuristic_fp_20,validation_grid,70/30,valid,15.000000,False,3775,64,11.239679,64,19,45,0.703125,0.773684,0.500000,0.947368,0.654545,0.504118,27,18,1,18,0.842105,0.720090,0.720090
lightgbm_balanced_ratio_preserved_noise_mcc_selected_v1,lightgbm_class_weight_balanced,lightgbm,num_leaves,70/30,3,heuristic_fp_20,validation_grid,70/30,valid,31.000000,True,3775,64,17.289503,64,19,45,0.718750,0.784795,0.514286,0.947368,0.666667,0.522773,28,17,1,18,0.859649,0.753590,0.753590
lightgbm_balanced_ratio_preserved_noise_mcc_selected_v1,lightgbm_class_weight_balanced,lightgbm,num_leaves,70/30,3,heuristic_fp_20,validation_grid,70/30,valid,63.000000,False,3775,64,26.325506,64,19,45,0.703125,0.773684,0.500000,0.947368,0.654545,0.504118,27,18,1,18,0.887719,0.781191,0.781191
lightgbm_balanced_ratio_preserved_noise_mcc_selected_v1,lightgbm_class_weight_balanced,lightgbm,num_leaves,70/30,3,heuristic_fp_20,test,50/50,test,31.000000,True,3775,64,26.419147,42,21,21,0.857143,0.857143,0.826087,0.904762,0.863636,0.717547,17,4,2,19,0.938776,0.934941,0.934941
lightgbm_balanced_ratio_preserved_noise_mcc_selected_v1,lightgbm_class_weight_balanced,lightgbm,num_leaves,70/30,3,heuristic_fp_20,test,60/40,test,31.000000,True,3775,64,26.529513,53,21,32,0.754717,0.780506,0.633333,0.904762,0.745098,0.553646,21,11,2,19,0.843750,0.759287,0.759287
lightgbm_balanced_ratio_preserved_noise_mcc_selected_v1,lightgbm_class_weight_balanced,lightgbm,num_leaves,70/30,3,heuristic_fp_20,test,70/30,test,31.000000,True,3775,64,26.645373,70,21,49,0.728571,0.778912,0.527778,0.904762,0.666667,0.511462,32,17,2,19,0.866861,0.746362,0.746362
lightgbm_balanced_ratio_preserved_noise_mcc_selected_v1,lightgbm_class_weight_balanced,lightgbm,num_leaves,70/30,3,heuristic_fp_20,test,75/25,test,31.000000,True,3775,64,26.767363,84,21,63,0.761905,0.809524,0.513514,0.904762,0.655172,0.539951,45,18,2,19,0.893424,0.731888,0.731888
lightgbm_balanced_ratio_preserved_noise_mcc_selected_v1,lightgbm_class_weight_balanced,lightgbm,num_leaves,70/30,3,heuristic_fp_20,test,80/20,test,31.000000,True,3775,64,26.906322,105,21,84,0.780952,0.827381,0.475000,0.904762,0.622951,0.539319,63,21,2,19,0.901927,0.717827,0.717827
lightgbm_balanced_ratio_preserved_noise_mcc_selected_v1,lightgbm_class_weight_balanced,lightgbm,num_leaves,70/30,3,heuristic_fp_20,test,90/10,test,31.000000,True,3775,64,27.110887,210,21,189,0.709524,0.796296,0.243590,0.904762,0.383838,0.367928,130,59,2,19,0.904258,0.625839,0.625839
lightgbm_balanced_ratio_preserved_noise_mcc_selected_v1,lightgbm_class_weight_balanced,lightgbm,num_leaves,70/30,4,clean,validation_grid,70/30,valid,15.000000,True,2264,64,9.119786,64,19,45,0.828125,0.862573,0.642857,0.947368,0.765957,0.667849,35,10,1,18,0.843275,0.627310,0.627310
lightgbm_balanced_ratio_preserved_noise_mcc_selected_v1,lightgbm_class_weight_balanced,lightgbm,num_leaves,70/30,4,clean,validation_grid,70/30,valid,31.000000,False,2264,64,15.262907,64,19,45,0.765625,0.772515,0.576923,0.789474,0.666667,0.507019,34,11,4,15,0.832749,0.597078,0.597078
lightgbm_balanced_ratio_preserved_noise_mcc_selected_v1,lightgbm_class_weight_balanced,lightgbm,num_leaves,70/30,4,clean,validation_grid,70/30,valid,63.000000,False,2264,64,21.734698,64,19,45,0.765625,0.757310,0.583333,0.736842,0.651163,0.485662,35,10,5,14,0.863158,0.716120,0.716120
lightgbm_balanced_ratio_preserved_noise_mcc_selected_v1,lightgbm_class_weight_balanced,lightgbm,num_leaves,70/30,4,clean,test,50/50,test,15.000000,True,2264,64,21.825084,42,21,21,0.833333,0.833333,0.850000,0.809524,0.829268,0.667424,18,3,4,17,0.927438,0.934121,0.934121
lightgbm_balanced_ratio_preserved_noise_mcc_selected_v1,lightgbm_class_weight_balanced,lightgbm,num_leaves,70/30,4,clean,test,60/40,test,15.000000,True,2264,64,22.014461,53,21,32,0.811321,0.811012,0.739130,0.809524,0.772727,0.613857,26,6,4,17,0.903274,0.832705,0.832705
lightgbm_balanced_ratio_preserved_noise_mcc_selected_v1,lightgbm_class_weight_balanced,lightgbm,num_leaves,70/30,4,clean,test,70/30,test,15.000000,True,2264,64,22.156124,70,21,49,0.728571,0.751701,0.531250,0.809524,0.641509,0.463079,34,15,4,17,0.872692,0.751437,0.751437
lightgbm_balanced_ratio_preserved_noise_mcc_selected_v1,lightgbm_class_weight_balanced,lightgbm,num_leaves,70/30,4,clean,test,75/25,test,15.000000,True,2264,64,22.329018,84,21,63,0.785714,0.793651,0.548387,0.809524,0.653846,0.527014,49,14,4,17,0.892668,0.707388,0.707388
lightgbm_balanced_ratio_preserved_noise_mcc_selected_v1,lightgbm_class_weight_balanced,lightgbm,num_leaves,70/30,4,clean,test,80/20,test,15.000000,True,2264,64,22.492626,105,21,84,0.809524,0.809524,0.515152,0.809524,0.629630,0.533396,68,16,4,17,0.917234,0.771574,0.771574
lightgbm_balanced_ratio_preserved_noise_mcc_selected_v1,lightgbm_class_weight_balanced,lightgbm,num_leaves,70/30,4,clean,test,90/10,test,15.000000,True,2264,64,22.753679,210,21,189,0.771429,0.788360,0.278689,0.809524,0.414634,0.381107,145,44,4,17,0.892920,0.559865,0.559865
lightgbm_balanced_ratio_preserved_noise_mcc_selected_v1,lightgbm_class_weight_balanced,lightgbm,num_leaves,70/30,4,random_flip_10,validation_grid,70/30,valid,15.000000,False,2264,64,9.525352,64,19,45,0.750000,0.791813,0.548387,0.894737,0.680000,0.533556,31,14,2,17,0.892398,0.772411,0.772411
lightgbm_balanced_ratio_preserved_noise_mcc_selected_v1,lightgbm_class_weight_balanced,lightgbm,num_leaves,70/30,4,random_flip_10,validation_grid,70/30,valid,31.000000,False,2264,64,14.697149,64,19,45,0.781250,0.783626,0.600000,0.789474,0.681818,0.531198,35,10,4,15,0.867836,0.710125,0.710125
lightgbm_balanced_ratio_preserved_noise_mcc_selected_v1,lightgbm_class_weight_balanced,lightgbm,num_leaves,70/30,4,random_flip_10,validation_grid,70/30,valid,63.000000,True,2264,64,21.562992,64,19,45,0.796875,0.779532,0.636364,0.736842,0.682927,0.537785,37,8,5,14,0.884211,0.722718,0.722718
lightgbm_balanced_ratio_preserved_noise_mcc_selected_v1,lightgbm_class_weight_balanced,lightgbm,num_leaves,70/30,4,random_flip_10,test,50/50,test,63.000000,True,2264,64,21.652135,42,21,21,0.738095,0.738095,0.857143,0.571429,0.685714,0.505076,19,2,9,12,0.834467,0.829770,0.829770
lightgbm_balanced_ratio_preserved_noise_mcc_selected_v1,lightgbm_class_weight_balanced,lightgbm,num_leaves,70/30,4,random_flip_10,test,60/40,test,63.000000,True,2264,64,21.818864,53,21,32,0.773585,0.738839,0.800000,0.571429,0.666667,0.518660,29,3,9,12,0.857143,0.796542,0.796542
lightgbm_balanced_ratio_preserved_noise_mcc_selected_v1,lightgbm_class_weight_balanced,lightgbm,num_leaves,70/30,4,random_flip_10,test,70/30,test,63.000000,True,2264,64,21.937741,70,21,49,0.728571,0.683673,0.545455,0.571429,0.558140,0.362620,39,10,9,12,0.798834,0.649640,0.649640
lightgbm_balanced_ratio_preserved_noise_mcc_selected_v1,lightgbm_class_weight_balanced,lightgbm,num_leaves,70/30,4,random_flip_10,test,75/25,test,63.000000,True,2264,64,22.073940,84,21,63,0.821429,0.738095,0.666667,0.571429,0.615385,0.502519,57,6,9,12,0.854875,0.711983,0.711983
lightgbm_balanced_ratio_preserved_noise_mcc_selected_v1,lightgbm_class_weight_balanced,lightgbm,num_leaves,70/30,4,random_flip_10,test,80/20,test,63.000000,True,2264,64,22.202736,105,21,84,0.809524,0.720238,0.521739,0.571429,0.545455,0.425991,73,11,9,12,0.858277,0.731684,0.731684
lightgbm_balanced_ratio_preserved_noise_mcc_selected_v1,lightgbm_class_weight_balanced,lightgbm,num_leaves,70/30,4,random_flip_10,test,90/10,test,63.000000,True,2264,64,22.443740,210,21,189,0.828571,0.714286,0.307692,0.571429,0.400000,0.330623,162,27,9,12,0.844797,0.496308,0.496308
lightgbm_balanced_ratio_preserved_noise_mcc_selected_v1,lightgbm_class_weight_balanced,lightgbm,num_leaves,70/30,4,random_flip_20,validation_grid,70/30,valid,15.000000,True,2264,64,9.131483,64,19,45,0.750000,0.791813,0.548387,0.894737,0.680000,0.533556,31,14,2,17,0.823392,0.615418,0.615418
lightgbm_balanced_ratio_preserved_noise_mcc_selected_v1,lightgbm_class_weight_balanced,lightgbm,num_leaves,70/30,4,random_flip_20,validation_grid,70/30,valid,31.000000,False,2264,64,15.710767,64,19,45,0.734375,0.750292,0.535714,0.789474,0.638298,0.461031,32,13,4,15,0.842105,0.680960,0.680960
lightgbm_balanced_ratio_preserved_noise_mcc_selected_v1,lightgbm_class_weight_balanced,lightgbm,num_leaves,70/30,4,random_flip_20,validation_grid,70/30,valid,63.000000,False,2264,64,23.578083,64,19,45,0.765625,0.787719,0.571429,0.842105,0.680851,0.529971,33,12,3,16,0.828070,0.630212,0.630212
lightgbm_balanced_ratio_preserved_noise_mcc_selected_v1,lightgbm_class_weight_balanced,lightgbm,num_leaves,70/30,4,random_flip_20,test,50/50,test,15.000000,True,2264,64,23.667536,42,21,21,0.738095,0.738095,0.812500,0.619048,0.702703,0.490290,18,3,8,13,0.857143,0.886484,0.886484
lightgbm_balanced_ratio_preserved_noise_mcc_selected_v1,lightgbm_class_weight_balanced,lightgbm,num_leaves,70/30,4,random_flip_20,test,60/40,test,15.000000,True,2264,64,23.826505,53,21,32,0.679245,0.668899,0.590909,0.619048,0.604651,0.335312,23,9,8,13,0.812500,0.809775,0.809775
lightgbm_balanced_ratio_preserved_noise_mcc_selected_v1,lightgbm_class_weight_balanced,lightgbm,num_leaves,70/30,4,random_flip_20,test,70/30,test,15.000000,True,2264,64,23.938799,70,21,49,0.700000,0.676871,0.500000,0.619048,0.553191,0.335491,36,13,8,13,0.819242,0.750352,0.750352
lightgbm_balanced_ratio_preserved_noise_mcc_selected_v1,lightgbm_class_weight_balanced,lightgbm,num_leaves,70/30,4,random_flip_20,test,75/25,test,15.000000,True,2264,64,24.077304,84,21,63,0.750000,0.706349,0.500000,0.619048,0.553191,0.386556,50,13,8,13,0.816327,0.545435,0.545435
lightgbm_balanced_ratio_preserved_noise_mcc_selected_v1,lightgbm_class_weight_balanced,lightgbm,num_leaves,70/30,4,random_flip_20,test,80/20,test,15.000000,True,2264,64,24.209674,105,21,84,0.771429,0.714286,0.448276,0.619048,0.520000,0.383413,68,16,8,13,0.836168,0.554224,0.554224
lightgbm_balanced_ratio_preserved_noise_mcc_selected_v1,lightgbm_class_weight_balanced,lightgbm,num_leaves,70/30,4,random_flip_20,test,90/10,test,15.000000,True,2264,64,24.490706,210,21,189,0.728571,0.679894,0.209677,0.619048,0.313253,0.236625,140,49,8,13,0.817838,0.407283,0.407283
lightgbm_balanced_ratio_preserved_noise_mcc_selected_v1,lightgbm_class_weight_balanced,lightgbm,num_leaves,70/30,4,random_fp_10,validation_grid,70/30,valid,15.000000,True,3021,64,10.409176,64,19,45,0.781250,0.814035,0.586207,0.894737,0.708333,0.576445,33,12,2,17,0.853801,0.644039,0.644039
lightgbm_balanced_ratio_preserved_noise_mcc_selected_v1,lightgbm_class_weight_balanced,lightgbm,num_leaves,70/30,4,random_fp_10,validation_grid,70/30,valid,31.000000,False,3021,64,15.974722,64,19,45,0.765625,0.802924,0.566667,0.894737,0.693878,0.554685,32,13,2,17,0.869006,0.740146,0.740146
lightgbm_balanced_ratio_preserved_noise_mcc_selected_v1,lightgbm_class_weight_balanced,lightgbm,num_leaves,70/30,4,random_fp_10,validation_grid,70/30,valid,63.000000,False,3021,64,24.264333,64,19,45,0.781250,0.798830,0.592593,0.842105,0.695652,0.552911,34,11,3,16,0.866667,0.655279,0.655279
lightgbm_balanced_ratio_preserved_noise_mcc_selected_v1,lightgbm_class_weight_balanced,lightgbm,num_leaves,70/30,4,random_fp_10,test,50/50,test,15.000000,True,3021,64,24.356042,42,21,21,0.833333,0.833333,0.818182,0.857143,0.837209,0.667424,17,4,3,18,0.888889,0.909875,0.909875
lightgbm_balanced_ratio_preserved_noise_mcc_selected_v1,lightgbm_class_weight_balanced,lightgbm,num_leaves,70/30,4,random_fp_10,test,60/40,test,15.000000,True,3021,64,24.519893,53,21,32,0.811321,0.819196,0.720000,0.857143,0.782609,0.625495,25,7,3,18,0.852679,0.807387,0.807387
lightgbm_balanced_ratio_preserved_noise_mcc_selected_v1,lightgbm_class_weight_balanced,lightgbm,num_leaves,70/30,4,random_fp_10,test,70/30,test,15.000000,True,3021,64,24.636032,70,21,49,0.757143,0.785714,0.562500,0.857143,0.679245,0.525657,35,14,3,18,0.851312,0.714713,0.714713
lightgbm_balanced_ratio_preserved_noise_mcc_selected_v1,lightgbm_class_weight_balanced,lightgbm,num_leaves,70/30,4,random_fp_10,test,75/25,test,15.000000,True,3021,64,24.773994,84,21,63,0.773810,0.801587,0.529412,0.857143,0.654545,0.532106,47,16,3,18,0.874528,0.719440,0.719440
lightgbm_balanced_ratio_preserved_noise_mcc_selected_v1,lightgbm_class_weight_balanced,lightgbm,num_leaves,70/30,4,random_fp_10,test,80/20,test,15.000000,True,3021,64,24.924188,105,21,84,0.800000,0.821429,0.500000,0.857143,0.631579,0.541736,66,18,3,18,0.899660,0.771055,0.771055
lightgbm_balanced_ratio_preserved_noise_mcc_selected_v1,lightgbm_class_weight_balanced,lightgbm,num_leaves,70/30,4,random_fp_10,test,90/10,test,15.000000,True,3021,64,25.170742,210,21,189,0.747619,0.796296,0.264706,0.857143,0.404494,0.379925,139,50,3,18,0.884858,0.590324,0.590324
lightgbm_balanced_ratio_preserved_noise_mcc_selected_v1,lightgbm_class_weight_balanced,lightgbm,num_leaves,70/30,4,random_fp_20,validation_grid,70/30,valid,15.000000,True,3775,64,11.851350,64,19,45,0.765625,0.818129,0.562500,0.947368,0.705882,0.581388,31,14,1,18,0.836257,0.678160,0.678160
lightgbm_balanced_ratio_preserved_noise_mcc_selected_v1,lightgbm_class_weight_balanced,lightgbm,num_leaves,70/30,4,random_fp_20,validation_grid,70/30,valid,31.000000,False,3775,64,20.884605,64,19,45,0.718750,0.739181,0.517241,0.789474,0.625000,0.439043,31,14,4,15,0.838596,0.685449,0.685449
lightgbm_balanced_ratio_preserved_noise_mcc_selected_v1,lightgbm_class_weight_balanced,lightgbm,num_leaves,70/30,4,random_fp_20,validation_grid,70/30,valid,63.000000,False,3775,64,30.158736,64,19,45,0.718750,0.723977,0.518519,0.736842,0.608696,0.414413,32,13,5,14,0.850292,0.686259,0.686259
lightgbm_balanced_ratio_preserved_noise_mcc_selected_v1,lightgbm_class_weight_balanced,lightgbm,num_leaves,70/30,4,random_fp_20,test,50/50,test,15.000000,True,3775,64,30.256887,42,21,21,0.809524,0.809524,0.809524,0.809524,0.809524,0.619048,17,4,4,17,0.895692,0.910317,0.910317
lightgbm_balanced_ratio_preserved_noise_mcc_selected_v1,lightgbm_class_weight_balanced,lightgbm,num_leaves,70/30,4,random_fp_20,test,60/40,test,15.000000,True,3775,64,30.459791,53,21,32,0.773585,0.779762,0.680000,0.809524,0.739130,0.548219,24,8,4,17,0.854167,0.813731,0.813731
lightgbm_balanced_ratio_preserved_noise_mcc_selected_v1,lightgbm_class_weight_balanced,lightgbm,num_leaves,70/30,4,random_fp_20,test,70/30,test,15.000000,True,3775,64,30.614842,70,21,49,0.700000,0.731293,0.500000,0.809524,0.618182,0.424139,32,17,4,17,0.855199,0.761247,0.761247
lightgbm_balanced_ratio_preserved_noise_mcc_selected_v1,lightgbm_class_weight_balanced,lightgbm,num_leaves,70/30,4,random_fp_20,test,75/25,test,15.000000,True,3775,64,30.771786,84,21,63,0.761905,0.777778,0.515152,0.809524,0.629630,0.492567,47,16,4,17,0.865457,0.715122,0.715122
lightgbm_balanced_ratio_preserved_noise_mcc_selected_v1,lightgbm_class_weight_balanced,lightgbm,num_leaves,70/30,4,random_fp_20,test,80/20,test,15.000000,True,3775,64,30.922962,105,21,84,0.780952,0.791667,0.472222,0.809524,0.596491,0.491576,65,19,4,17,0.897959,0.800222,0.800222
lightgbm_balanced_ratio_preserved_noise_mcc_selected_v1,lightgbm_class_weight_balanced,lightgbm,num_leaves,70/30,4,random_fp_20,test,90/10,test,15.000000,True,3775,64,31.210507,210,21,189,0.752381,0.777778,0.261538,0.809524,0.395349,0.360518,141,48,4,17,0.874528,0.578061,0.578061
lightgbm_balanced_ratio_preserved_noise_mcc_selected_v1,lightgbm_class_weight_balanced,lightgbm,num_leaves,70/30,4,heuristic_fp_10,validation_grid,70/30,valid,15.000000,True,3021,64,10.732671,64,19,45,0.750000,0.807018,0.545455,0.947368,0.692308,0.561356,30,15,1,18,0.837427,0.657712,0.657712
lightgbm_balanced_ratio_preserved_noise_mcc_selected_v1,lightgbm_class_weight_balanced,lightgbm,num_leaves,70/30,4,heuristic_fp_10,validation_grid,70/30,valid,31.000000,False,3021,64,16.472425,64,19,45,0.750000,0.791813,0.548387,0.894737,0.680000,0.533556,31,14,2,17,0.854971,0.690675,0.690675
lightgbm_balanced_ratio_preserved_noise_mcc_selected_v1,lightgbm_class_weight_balanced,lightgbm,num_leaves,70/30,4,heuristic_fp_10,validation_grid,70/30,valid,63.000000,False,3021,64,25.174880,64,19,45,0.765625,0.802924,0.566667,0.894737,0.693878,0.554685,32,13,2,17,0.866667,0.680093,0.680093
lightgbm_balanced_ratio_preserved_noise_mcc_selected_v1,lightgbm_class_weight_balanced,lightgbm,num_leaves,70/30,4,heuristic_fp_10,test,50/50,test,15.000000,True,3021,64,25.263939,42,21,21,0.857143,0.857143,0.857143,0.857143,0.857143,0.714286,18,3,3,18,0.897959,0.845291,0.845291
lightgbm_balanced_ratio_preserved_noise_mcc_selected_v1,lightgbm_class_weight_balanced,lightgbm,num_leaves,70/30,4,heuristic_fp_10,test,60/40,test,15.000000,True,3021,64,25.435649,53,21,32,0.792453,0.803571,0.692308,0.857143,0.765957,0.594028,24,8,3,18,0.900298,0.846054,0.846054
lightgbm_balanced_ratio_preserved_noise_mcc_selected_v1,lightgbm_class_weight_balanced,lightgbm,num_leaves,70/30,4,heuristic_fp_10,test,70/30,test,15.000000,True,3021,64,25.564189,70,21,49,0.728571,0.765306,0.529412,0.857143,0.654545,0.486513,33,16,3,18,0.855199,0.618187,0.618187
lightgbm_balanced_ratio_preserved_noise_mcc_selected_v1,lightgbm_class_weight_balanced,lightgbm,num_leaves,70/30,4,heuristic_fp_10,test,75/25,test,15.000000,True,3021,64,25.707420,84,21,63,0.809524,0.825397,0.580645,0.857143,0.692308,0.583989,50,13,3,18,0.893424,0.635302,0.635302
lightgbm_balanced_ratio_preserved_noise_mcc_selected_v1,lightgbm_class_weight_balanced,lightgbm,num_leaves,70/30,4,heuristic_fp_10,test,80/20,test,15.000000,True,3021,64,25.835300,105,21,84,0.790476,0.815476,0.486486,0.857143,0.620690,0.528312,65,19,3,18,0.930272,0.787811,0.787811
lightgbm_balanced_ratio_preserved_noise_mcc_selected_v1,lightgbm_class_weight_balanced,lightgbm,num_leaves,70/30,4,heuristic_fp_10,test,90/10,test,15.000000,True,3021,64,26.076684,210,21,189,0.747619,0.796296,0.264706,0.857143,0.404494,0.379925,139,50,3,18,0.898967,0.425893,0.425893
lightgbm_balanced_ratio_preserved_noise_mcc_selected_v1,lightgbm_class_weight_balanced,lightgbm,num_leaves,70/30,4,heuristic_fp_20,validation_grid,70/30,valid,15.000000,False,3775,64,12.213936,64,19,45,0.687500,0.747368,0.485714,0.894737,0.629630,0.454072,27,18,2,17,0.839766,0.695203,0.695203
lightgbm_balanced_ratio_preserved_noise_mcc_selected_v1,lightgbm_class_weight_balanced,lightgbm,num_leaves,70/30,4,heuristic_fp_20,validation_grid,70/30,valid,31.000000,True,3775,64,18.109347,64,19,45,0.718750,0.769591,0.515152,0.894737,0.653846,0.492924,29,16,2,17,0.849123,0.706657,0.706657
lightgbm_balanced_ratio_preserved_noise_mcc_selected_v1,lightgbm_class_weight_balanced,lightgbm,num_leaves,70/30,4,heuristic_fp_20,validation_grid,70/30,valid,63.000000,False,3775,64,26.335611,64,19,45,0.703125,0.743275,0.500000,0.842105,0.627451,0.444591,29,16,3,16,0.858480,0.726781,0.726781
lightgbm_balanced_ratio_preserved_noise_mcc_selected_v1,lightgbm_class_weight_balanced,lightgbm,num_leaves,70/30,4,heuristic_fp_20,test,50/50,test,31.000000,True,3775,64,26.446565,42,21,21,0.880952,0.880952,0.833333,0.952381,0.888889,0.769800,17,4,1,20,0.931973,0.926777,0.926777
lightgbm_balanced_ratio_preserved_noise_mcc_selected_v1,lightgbm_class_weight_balanced,lightgbm,num_leaves,70/30,4,heuristic_fp_20,test,60/40,test,31.000000,True,3775,64,26.629093,53,21,32,0.773585,0.804315,0.645161,0.952381,0.769231,0.604152,21,11,1,20,0.870536,0.761490,0.761490
lightgbm_balanced_ratio_preserved_noise_mcc_selected_v1,lightgbm_class_weight_balanced,lightgbm,num_leaves,70/30,4,heuristic_fp_20,test,70/30,test,31.000000,True,3775,64,26.774641,70,21,49,0.728571,0.792517,0.526316,0.952381,0.677966,0.538173,31,18,1,20,0.862002,0.664012,0.664012
lightgbm_balanced_ratio_preserved_noise_mcc_selected_v1,lightgbm_class_weight_balanced,lightgbm,num_leaves,70/30,4,heuristic_fp_20,test,75/25,test,31.000000,True,3775,64,26.917493,84,21,63,0.809524,0.857143,0.571429,0.952381,0.714286,0.627364,48,15,1,20,0.889645,0.626214,0.626214
lightgbm_balanced_ratio_preserved_noise_mcc_selected_v1,lightgbm_class_weight_balanced,lightgbm,num_leaves,70/30,4,heuristic_fp_20,test,80/20,test,31.000000,True,3775,64,27.054361,105,21,84,0.800000,0.857143,0.500000,0.952381,0.655738,0.588348,64,20,1,20,0.911565,0.666171,0.666171
lightgbm_balanced_ratio_preserved_noise_mcc_selected_v1,lightgbm_class_weight_balanced,lightgbm,num_leaves,70/30,4,heuristic_fp_20,test,90/10,test,31.000000,True,3775,64,27.297586,210,21,189,0.704762,0.814815,0.246914,0.952381,0.392157,0.388051,128,61,1,20,0.885865,0.378419,0.378419
lightgbm_balanced_ratio_preserved_noise_mcc_selected_v1,lightgbm_class_weight_balanced,lightgbm,num_leaves,70/30,5,clean,validation_grid,70/30,valid,15.000000,False,2264,64,11.831175,64,19,45,0.781250,0.798830,0.592593,0.842105,0.695652,0.552911,34,11,3,16,0.850292,0.617204,0.617204
lightgbm_balanced_ratio_preserved_noise_mcc_selected_v1,lightgbm_class_weight_balanced,lightgbm,num_leaves,70/30,5,clean,validation_grid,70/30,valid,31.000000,False,2264,64,16.658800,64,19,45,0.796875,0.794737,0.625000,0.789474,0.697674,0.556304,36,9,4,15,0.874854,0.713870,0.713870
lightgbm_balanced_ratio_preserved_noise_mcc_selected_v1,lightgbm_class_weight_balanced,lightgbm,num_leaves,70/30,5,clean,validation_grid,70/30,valid,63.000000,True,2264,64,23.252202,64,19,45,0.812500,0.790643,0.666667,0.736842,0.700000,0.565626,38,7,5,14,0.892398,0.668821,0.668821
lightgbm_balanced_ratio_preserved_noise_mcc_selected_v1,lightgbm_class_weight_balanced,lightgbm,num_leaves,70/30,5,clean,test,50/50,test,63.000000,True,2264,64,23.342565,42,21,21,0.857143,0.857143,0.894737,0.809524,0.850000,0.717547,19,2,4,17,0.931973,0.926593,0.926593
lightgbm_balanced_ratio_preserved_noise_mcc_selected_v1,lightgbm_class_weight_balanced,lightgbm,num_leaves,70/30,5,clean,test,60/40,test,63.000000,True,2264,64,23.451537,53,21,32,0.849057,0.842262,0.809524,0.809524,0.809524,0.684524,28,4,4,17,0.910714,0.899180,0.899180
lightgbm_balanced_ratio_preserved_noise_mcc_selected_v1,lightgbm_class_weight_balanced,lightgbm,num_leaves,70/30,5,clean,test,70/30,test,63.000000,True,2264,64,23.566847,70,21,49,0.857143,0.843537,0.739130,0.809524,0.772727,0.670346,43,6,4,17,0.895044,0.839479,0.839479
lightgbm_balanced_ratio_preserved_noise_mcc_selected_v1,lightgbm_class_weight_balanced,lightgbm,num_leaves,70/30,5,clean,test,75/25,test,63.000000,True,2264,64,23.671774,84,21,63,0.857143,0.841270,0.680000,0.809524,0.739130,0.646416,55,8,4,17,0.900227,0.734187,0.734187
lightgbm_balanced_ratio_preserved_noise_mcc_selected_v1,lightgbm_class_weight_balanced,lightgbm,num_leaves,70/30,5,clean,test,80/20,test,63.000000,True,2264,64,23.830014,105,21,84,0.838095,0.827381,0.566667,0.809524,0.666667,0.579751,71,13,4,17,0.880385,0.616288,0.616288
lightgbm_balanced_ratio_preserved_noise_mcc_selected_v1,lightgbm_class_weight_balanced,lightgbm,num_leaves,70/30,5,clean,test,90/10,test,63.000000,True,2264,64,24.106821,210,21,189,0.852381,0.833333,0.386364,0.809524,0.523077,0.491438,162,27,4,17,0.908289,0.624483,0.624483
lightgbm_balanced_ratio_preserved_noise_mcc_selected_v1,lightgbm_class_weight_balanced,lightgbm,num_leaves,70/30,5,random_flip_10,validation_grid,70/30,valid,15.000000,True,2264,64,8.857767,64,19,45,0.812500,0.851462,0.620690,0.947368,0.750000,0.645147,34,11,1,18,0.914620,0.825515,0.825515
lightgbm_balanced_ratio_preserved_noise_mcc_selected_v1,lightgbm_class_weight_balanced,lightgbm,num_leaves,70/30,5,random_flip_10,validation_grid,70/30,valid,31.000000,False,2264,64,14.419307,64,19,45,0.812500,0.821053,0.640000,0.842105,0.727273,0.601294,36,9,3,16,0.890058,0.748097,0.748097
lightgbm_balanced_ratio_preserved_noise_mcc_selected_v1,lightgbm_class_weight_balanced,lightgbm,num_leaves,70/30,5,random_flip_10,validation_grid,70/30,valid,63.000000,False,2264,64,21.076581,64,19,45,0.812500,0.790643,0.666667,0.736842,0.700000,0.565626,38,7,5,14,0.922807,0.781020,0.781020
lightgbm_balanced_ratio_preserved_noise_mcc_selected_v1,lightgbm_class_weight_balanced,lightgbm,num_leaves,70/30,5,random_flip_10,test,50/50,test,15.000000,True,2264,64,21.163046,42,21,21,0.833333,0.833333,0.888889,0.761905,0.820513,0.673575,19,2,5,16,0.913832,0.903516,0.903516
lightgbm_balanced_ratio_preserved_noise_mcc_selected_v1,lightgbm_class_weight_balanced,lightgbm,num_leaves,70/30,5,random_flip_10,test,60/40,test,15.000000,True,2264,64,21.257554,53,21,32,0.811321,0.802827,0.761905,0.761905,0.761905,0.605655,27,5,5,16,0.900298,0.871410,0.871410
lightgbm_balanced_ratio_preserved_noise_mcc_selected_v1,lightgbm_class_weight_balanced,lightgbm,num_leaves,70/30,5,random_flip_10,test,70/30,test,15.000000,True,2264,64,21.371053,70,21,49,0.814286,0.799320,0.666667,0.761905,0.711111,0.577948,41,8,5,16,0.883382,0.791228,0.791228
lightgbm_balanced_ratio_preserved_noise_mcc_selected_v1,lightgbm_class_weight_balanced,lightgbm,num_leaves,70/30,5,random_flip_10,test,75/25,test,15.000000,True,2264,64,21.477400,84,21,63,0.833333,0.809524,0.640000,0.761905,0.695652,0.586284,54,9,5,16,0.893424,0.751918,0.751918
lightgbm_balanced_ratio_preserved_noise_mcc_selected_v1,lightgbm_class_weight_balanced,lightgbm,num_leaves,70/30,5,random_flip_10,test,80/20,test,15.000000,True,2264,64,21.639633,105,21,84,0.780952,0.773810,0.470588,0.761905,0.581818,0.468122,66,18,5,16,0.857710,0.605434,0.605434
lightgbm_balanced_ratio_preserved_noise_mcc_selected_v1,lightgbm_class_weight_balanced,lightgbm,num_leaves,70/30,5,random_flip_10,test,90/10,test,15.000000,True,2264,64,21.926407,210,21,189,0.819048,0.793651,0.326531,0.761905,0.457143,0.416573,156,33,5,16,0.887881,0.548257,0.548257
lightgbm_balanced_ratio_preserved_noise_mcc_selected_v1,lightgbm_class_weight_balanced,lightgbm,num_leaves,70/30,5,random_flip_20,validation_grid,70/30,valid,15.000000,True,2264,64,8.841540,64,19,45,0.718750,0.754386,0.516129,0.842105,0.640000,0.465124,30,15,3,16,0.850292,0.758848,0.758848
lightgbm_balanced_ratio_preserved_noise_mcc_selected_v1,lightgbm_class_weight_balanced,lightgbm,num_leaves,70/30,5,random_flip_20,validation_grid,70/30,valid,31.000000,False,2264,64,13.836599,64,19,45,0.750000,0.685380,0.588235,0.526316,0.555556,0.383533,38,7,9,10,0.791813,0.700344,0.700344
lightgbm_balanced_ratio_preserved_noise_mcc_selected_v1,lightgbm_class_weight_balanced,lightgbm,num_leaves,70/30,5,random_flip_20,validation_grid,70/30,valid,63.000000,False,2264,64,21.325665,64,19,45,0.718750,0.678363,0.523810,0.578947,0.550000,0.347115,35,10,8,11,0.832749,0.772300,0.772300
lightgbm_balanced_ratio_preserved_noise_mcc_selected_v1,lightgbm_class_weight_balanced,lightgbm,num_leaves,70/30,5,random_flip_20,test,50/50,test,15.000000,True,2264,64,21.423952,42,21,21,0.833333,0.833333,0.850000,0.809524,0.829268,0.667424,18,3,4,17,0.893424,0.876016,0.876016
lightgbm_balanced_ratio_preserved_noise_mcc_selected_v1,lightgbm_class_weight_balanced,lightgbm,num_leaves,70/30,5,random_flip_20,test,60/40,test,15.000000,True,2264,64,21.524456,53,21,32,0.830189,0.826637,0.772727,0.809524,0.790698,0.648467,27,5,4,17,0.900298,0.886332,0.886332
lightgbm_balanced_ratio_preserved_noise_mcc_selected_v1,lightgbm_class_weight_balanced,lightgbm,num_leaves,70/30,5,random_flip_20,test,70/30,test,15.000000,True,2264,64,21.633975,70,21,49,0.828571,0.823129,0.680000,0.809524,0.739130,0.618070,41,8,4,17,0.881438,0.701797,0.701797
lightgbm_balanced_ratio_preserved_noise_mcc_selected_v1,lightgbm_class_weight_balanced,lightgbm,num_leaves,70/30,5,random_flip_20,test,75/25,test,15.000000,True,2264,64,21.824789,84,21,63,0.833333,0.825397,0.629630,0.809524,0.708333,0.603398,53,10,4,17,0.909297,0.786928,0.786928
lightgbm_balanced_ratio_preserved_noise_mcc_selected_v1,lightgbm_class_weight_balanced,lightgbm,num_leaves,70/30,5,random_flip_20,test,80/20,test,15.000000,True,2264,64,22.007221,105,21,84,0.733333,0.761905,0.414634,0.809524,0.548387,0.429478,60,24,4,17,0.873016,0.647827,0.647827
lightgbm_balanced_ratio_preserved_noise_mcc_selected_v1,lightgbm_class_weight_balanced,lightgbm,num_leaves,70/30,5,random_flip_20,test,90/10,test,15.000000,True,2264,64,22.315372,210,21,189,0.785714,0.796296,0.293103,0.809524,0.430380,0.397613,148,41,4,17,0.878811,0.533830,0.533830
lightgbm_balanced_ratio_preserved_noise_mcc_selected_v1,lightgbm_class_weight_balanced,lightgbm,num_leaves,70/30,5,random_fp_10,validation_grid,70/30,valid,15.000000,False,3021,64,10.509705,64,19,45,0.750000,0.746199,0.560000,0.736842,0.636364,0.461102,34,11,5,14,0.850292,0.672126,0.672126
lightgbm_balanced_ratio_preserved_noise_mcc_selected_v1,lightgbm_class_weight_balanced,lightgbm,num_leaves,70/30,5,random_fp_10,validation_grid,70/30,valid,31.000000,True,3021,64,17.191340,64,19,45,0.796875,0.809942,0.615385,0.842105,0.711111,0.576653,35,10,3,16,0.839766,0.676437,0.676437
lightgbm_balanced_ratio_preserved_noise_mcc_selected_v1,lightgbm_class_weight_balanced,lightgbm,num_leaves,70/30,5,random_fp_10,validation_grid,70/30,valid,63.000000,False,3021,64,25.715610,64,19,45,0.718750,0.708772,0.520000,0.684211,0.590909,0.391005,33,12,6,13,0.837427,0.714274,0.714274
lightgbm_balanced_ratio_preserved_noise_mcc_selected_v1,lightgbm_class_weight_balanced,lightgbm,num_leaves,70/30,5,random_fp_10,test,50/50,test,31.000000,True,3021,64,25.813388,42,21,21,0.857143,0.857143,0.894737,0.809524,0.850000,0.717547,19,2,4,17,0.918367,0.863335,0.863335
lightgbm_balanced_ratio_preserved_noise_mcc_selected_v1,lightgbm_class_weight_balanced,lightgbm,num_leaves,70/30,5,random_fp_10,test,60/40,test,31.000000,True,3021,64,25.972477,53,21,32,0.811321,0.811012,0.739130,0.809524,0.772727,0.613857,26,6,4,17,0.888393,0.811853,0.811853
lightgbm_balanced_ratio_preserved_noise_mcc_selected_v1,lightgbm_class_weight_balanced,lightgbm,num_leaves,70/30,5,random_fp_10,test,70/30,test,31.000000,True,3021,64,26.090871,70,21,49,0.814286,0.812925,0.653846,0.809524,0.723404,0.593561,40,9,4,17,0.900875,0.830697,0.830697
lightgbm_balanced_ratio_preserved_noise_mcc_selected_v1,lightgbm_class_weight_balanced,lightgbm,num_leaves,70/30,5,random_fp_10,test,75/25,test,31.000000,True,3021,64,26.240339,84,21,63,0.857143,0.841270,0.680000,0.809524,0.739130,0.646416,55,8,4,17,0.925926,0.804010,0.804010
lightgbm_balanced_ratio_preserved_noise_mcc_selected_v1,lightgbm_class_weight_balanced,lightgbm,num_leaves,70/30,5,random_fp_10,test,80/20,test,31.000000,True,3021,64,26.425798,105,21,84,0.847619,0.833333,0.586207,0.809524,0.680000,0.596420,72,12,4,17,0.904195,0.682834,0.682834
lightgbm_balanced_ratio_preserved_noise_mcc_selected_v1,lightgbm_class_weight_balanced,lightgbm,num_leaves,70/30,5,random_fp_10,test,90/10,test,31.000000,True,3021,64,26.732142,210,21,189,0.828571,0.820106,0.346939,0.809524,0.485714,0.454102,157,32,4,17,0.899975,0.550298,0.550298
lightgbm_balanced_ratio_preserved_noise_mcc_selected_v1,lightgbm_class_weight_balanced,lightgbm,num_leaves,70/30,5,random_fp_20,validation_grid,70/30,valid,15.000000,False,3775,64,12.569946,64,19,45,0.781250,0.814035,0.586207,0.894737,0.708333,0.576445,33,12,2,17,0.878363,0.773406,0.773406
lightgbm_balanced_ratio_preserved_noise_mcc_selected_v1,lightgbm_class_weight_balanced,lightgbm,num_leaves,70/30,5,random_fp_20,validation_grid,70/30,valid,31.000000,False,3775,64,18.915107,64,19,45,0.734375,0.765497,0.533333,0.842105,0.653061,0.486153,31,14,3,16,0.851462,0.731511,0.731511
lightgbm_balanced_ratio_preserved_noise_mcc_selected_v1,lightgbm_class_weight_balanced,lightgbm,num_leaves,70/30,5,random_fp_20,validation_grid,70/30,valid,63.000000,True,3775,64,28.144667,64,19,45,0.812500,0.836257,0.629630,0.894737,0.739130,0.622160,35,10,2,17,0.894737,0.767675,0.767675
lightgbm_balanced_ratio_preserved_noise_mcc_selected_v1,lightgbm_class_weight_balanced,lightgbm,num_leaves,70/30,5,random_fp_20,test,50/50,test,63.000000,True,3775,64,28.249962,42,21,21,0.833333,0.833333,0.818182,0.857143,0.837209,0.667424,17,4,3,18,0.839002,0.852784,0.852784
lightgbm_balanced_ratio_preserved_noise_mcc_selected_v1,lightgbm_class_weight_balanced,lightgbm,num_leaves,70/30,5,random_fp_20,test,60/40,test,63.000000,True,3775,64,28.361079,53,21,32,0.849057,0.850446,0.782609,0.857143,0.818182,0.691690,27,5,3,18,0.864583,0.838012,0.838012
lightgbm_balanced_ratio_preserved_noise_mcc_selected_v1,lightgbm_class_weight_balanced,lightgbm,num_leaves,70/30,5,random_fp_20,test,70/30,test,63.000000,True,3775,64,28.477624,70,21,49,0.857143,0.857143,0.720000,0.857143,0.782609,0.683130,42,7,3,18,0.870748,0.812727,0.812727
lightgbm_balanced_ratio_preserved_noise_mcc_selected_v1,lightgbm_class_weight_balanced,lightgbm,num_leaves,70/30,5,random_fp_20,test,75/25,test,63.000000,True,3775,64,28.603622,84,21,63,0.857143,0.857143,0.666667,0.857143,0.750000,0.662266,54,9,3,18,0.876039,0.777189,0.777189
lightgbm_balanced_ratio_preserved_noise_mcc_selected_v1,lightgbm_class_weight_balanced,lightgbm,num_leaves,70/30,5,random_fp_20,test,80/20,test,63.000000,True,3775,64,28.840639,105,21,84,0.838095,0.845238,0.562500,0.857143,0.679245,0.600014,70,14,3,18,0.875283,0.677519,0.677519
lightgbm_balanced_ratio_preserved_noise_mcc_selected_v1,lightgbm_class_weight_balanced,lightgbm,num_leaves,70/30,5,random_fp_20,test,90/10,test,63.000000,True,3775,64,29.153210,210,21,189,0.828571,0.841270,0.352941,0.857143,0.500000,0.477513,156,33,3,18,0.865457,0.565097,0.565097
lightgbm_balanced_ratio_preserved_noise_mcc_selected_v1,lightgbm_class_weight_balanced,lightgbm,num_leaves,70/30,5,heuristic_fp_10,validation_grid,70/30,valid,15.000000,False,3021,64,12.000369,64,19,45,0.750000,0.791813,0.548387,0.894737,0.680000,0.533556,31,14,2,17,0.851462,0.691332,0.691332
lightgbm_balanced_ratio_preserved_noise_mcc_selected_v1,lightgbm_class_weight_balanced,lightgbm,num_leaves,70/30,5,heuristic_fp_10,validation_grid,70/30,valid,31.000000,False,3021,64,17.692861,64,19,45,0.750000,0.776608,0.551724,0.842105,0.666667,0.507744,32,13,3,16,0.852632,0.721174,0.721174
lightgbm_balanced_ratio_preserved_noise_mcc_selected_v1,lightgbm_class_weight_balanced,lightgbm,num_leaves,70/30,5,heuristic_fp_10,validation_grid,70/30,valid,63.000000,True,3021,64,27.218315,64,19,45,0.781250,0.814035,0.586207,0.894737,0.708333,0.576445,33,12,2,17,0.871345,0.726181,0.726181
lightgbm_balanced_ratio_preserved_noise_mcc_selected_v1,lightgbm_class_weight_balanced,lightgbm,num_leaves,70/30,5,heuristic_fp_10,test,50/50,test,63.000000,True,3021,64,27.307243,42,21,21,0.833333,0.833333,0.888889,0.761905,0.820513,0.673575,19,2,5,16,0.936508,0.903712,0.903712
lightgbm_balanced_ratio_preserved_noise_mcc_selected_v1,lightgbm_class_weight_balanced,lightgbm,num_leaves,70/30,5,heuristic_fp_10,test,60/40,test,63.000000,True,3021,64,27.408548,53,21,32,0.811321,0.802827,0.761905,0.761905,0.761905,0.605655,27,5,5,16,0.901786,0.790304,0.790304
lightgbm_balanced_ratio_preserved_noise_mcc_selected_v1,lightgbm_class_weight_balanced,lightgbm,num_leaves,70/30,5,heuristic_fp_10,test,70/30,test,63.000000,True,3021,64,27.515529,70,21,49,0.814286,0.799320,0.666667,0.761905,0.711111,0.577948,41,8,5,16,0.923226,0.854349,0.854349
lightgbm_balanced_ratio_preserved_noise_mcc_selected_v1,lightgbm_class_weight_balanced,lightgbm,num_leaves,70/30,5,heuristic_fp_10,test,75/25,test,63.000000,True,3021,64,27.621261,84,21,63,0.833333,0.809524,0.640000,0.761905,0.695652,0.586284,54,9,5,16,0.912320,0.662122,0.662122
lightgbm_balanced_ratio_preserved_noise_mcc_selected_v1,lightgbm_class_weight_balanced,lightgbm,num_leaves,70/30,5,heuristic_fp_10,test,80/20,test,63.000000,True,3021,64,27.826836,105,21,84,0.809524,0.791667,0.516129,0.761905,0.615385,0.511528,69,15,5,16,0.896825,0.619306,0.619306
lightgbm_balanced_ratio_preserved_noise_mcc_selected_v1,lightgbm_class_weight_balanced,lightgbm,num_leaves,70/30,5,heuristic_fp_10,test,90/10,test,63.000000,True,3021,64,28.109209,210,21,189,0.842857,0.806878,0.363636,0.761905,0.492308,0.452435,161,28,5,16,0.915596,0.544607,0.544607
lightgbm_balanced_ratio_preserved_noise_mcc_selected_v1,lightgbm_class_weight_balanced,lightgbm,num_leaves,70/30,5,heuristic_fp_20,validation_grid,70/30,valid,15.000000,True,3775,64,12.128195,64,19,45,0.781250,0.829240,0.580645,0.947368,0.720000,0.601988,32,13,1,18,0.871345,0.766665,0.766665
lightgbm_balanced_ratio_preserved_noise_mcc_selected_v1,lightgbm_class_weight_balanced,lightgbm,num_leaves,70/30,5,heuristic_fp_20,validation_grid,70/30,valid,31.000000,False,3775,64,18.161923,64,19,45,0.781250,0.829240,0.580645,0.947368,0.720000,0.601988,32,13,1,18,0.894737,0.801925,0.801925
lightgbm_balanced_ratio_preserved_noise_mcc_selected_v1,lightgbm_class_weight_balanced,lightgbm,num_leaves,70/30,5,heuristic_fp_20,validation_grid,70/30,valid,63.000000,False,3775,64,27.012361,64,19,45,0.781250,0.829240,0.580645,0.947368,0.720000,0.601988,32,13,1,18,0.898246,0.809073,0.809073
lightgbm_balanced_ratio_preserved_noise_mcc_selected_v1,lightgbm_class_weight_balanced,lightgbm,num_leaves,70/30,5,heuristic_fp_20,test,50/50,test,15.000000,True,3775,64,27.113553,42,21,21,0.880952,0.880952,0.833333,0.952381,0.888889,0.769800,17,4,1,20,0.925170,0.914389,0.914389
lightgbm_balanced_ratio_preserved_noise_mcc_selected_v1,lightgbm_class_weight_balanced,lightgbm,num_leaves,70/30,5,heuristic_fp_20,test,60/40,test,15.000000,True,3775,64,27.257721,53,21,32,0.830189,0.851190,0.714286,0.952381,0.816327,0.688190,24,8,1,20,0.915179,0.869093,0.869093
lightgbm_balanced_ratio_preserved_noise_mcc_selected_v1,lightgbm_class_weight_balanced,lightgbm,num_leaves,70/30,5,heuristic_fp_20,test,70/30,test,15.000000,True,3775,64,27.372311,70,21,49,0.742857,0.802721,0.540541,0.952381,0.689655,0.555805,32,17,1,20,0.884354,0.783663,0.783663
lightgbm_balanced_ratio_preserved_noise_mcc_selected_v1,lightgbm_class_weight_balanced,lightgbm,num_leaves,70/30,5,heuristic_fp_20,test,75/25,test,15.000000,True,3775,64,27.483761,84,21,63,0.773810,0.833333,0.526316,0.952381,0.677966,0.579987,45,18,1,20,0.911565,0.757261,0.757261
lightgbm_balanced_ratio_preserved_noise_mcc_selected_v1,lightgbm_class_weight_balanced,lightgbm,num_leaves,70/30,5,heuristic_fp_20,test,80/20,test,15.000000,True,3775,64,27.683254,105,21,84,0.733333,0.815476,0.425532,0.952381,0.588235,0.507555,57,27,1,20,0.884921,0.611761,0.611761
lightgbm_balanced_ratio_preserved_noise_mcc_selected_v1,lightgbm_class_weight_balanced,lightgbm,num_leaves,70/30,5,heuristic_fp_20,test,90/10,test,15.000000,True,3775,64,27.968558,210,21,189,0.723810,0.825397,0.259740,0.952381,0.408163,0.405147,132,57,1,20,0.890401,0.437446,0.437446
lightgbm_balanced_ratio_preserved_noise_mcc_selected_v1,lightgbm_class_weight_balanced,lightgbm,num_leaves,75/25,1,clean,validation_grid,75/25,valid,15.000000,False,2716,76,9.917505,76,19,57,0.802632,0.815789,0.571429,0.842105,0.680851,0.566947,45,12,3,16,0.918744,0.814643,0.814643
lightgbm_balanced_ratio_preserved_noise_mcc_selected_v1,lightgbm_class_weight_balanced,lightgbm,num_leaves,75/25,1,clean,validation_grid,75/25,valid,31.000000,False,2716,76,16.754671,76,19,57,0.828947,0.833333,0.615385,0.842105,0.711111,0.608487,47,10,3,16,0.915974,0.779833,0.779833
lightgbm_balanced_ratio_preserved_noise_mcc_selected_v1,lightgbm_class_weight_balanced,lightgbm,num_leaves,75/25,1,clean,validation_grid,75/25,valid,63.000000,True,2716,76,24.016995,76,19,57,0.868421,0.824561,0.736842,0.736842,0.736842,0.649123,52,5,5,14,0.919668,0.769717,0.769717
lightgbm_balanced_ratio_preserved_noise_mcc_selected_v1,lightgbm_class_weight_balanced,lightgbm,num_leaves,75/25,1,clean,test,50/50,test,63.000000,True,2716,76,24.135710,42,21,21,0.857143,0.857143,1.000000,0.714286,0.833333,0.745356,21,0,6,15,0.907029,0.931132,0.931132
lightgbm_balanced_ratio_preserved_noise_mcc_selected_v1,lightgbm_class_weight_balanced,lightgbm,num_leaves,75/25,1,clean,test,60/40,test,63.000000,True,2716,76,24.233298,53,21,32,0.811321,0.794643,0.789474,0.714286,0.750000,0.601027,28,4,6,15,0.909226,0.884957,0.884957
lightgbm_balanced_ratio_preserved_noise_mcc_selected_v1,lightgbm_class_weight_balanced,lightgbm,num_leaves,75/25,1,clean,test,70/30,test,63.000000,True,2716,76,24.334524,70,21,49,0.814286,0.785714,0.681818,0.714286,0.697674,0.564076,42,7,6,15,0.913508,0.852171,0.852171
lightgbm_balanced_ratio_preserved_noise_mcc_selected_v1,lightgbm_class_weight_balanced,lightgbm,num_leaves,75/25,1,clean,test,75/25,test,63.000000,True,2716,76,24.439931,84,21,63,0.821429,0.785714,0.625000,0.714286,0.666667,0.547723,54,9,6,15,0.926682,0.845546,0.845546
lightgbm_balanced_ratio_preserved_noise_mcc_selected_v1,lightgbm_class_weight_balanced,lightgbm,num_leaves,75/25,1,clean,test,80/20,test,63.000000,True,2716,76,24.582288,105,21,84,0.828571,0.785714,0.555556,0.714286,0.625000,0.522976,72,12,6,15,0.896259,0.690547,0.690547
lightgbm_balanced_ratio_preserved_noise_mcc_selected_v1,lightgbm_class_weight_balanced,lightgbm,num_leaves,75/25,1,clean,test,90/10,test,63.000000,True,2716,76,24.835533,210,21,189,0.861905,0.796296,0.394737,0.714286,0.508475,0.461786,166,23,6,15,0.910179,0.683927,0.683927
lightgbm_balanced_ratio_preserved_noise_mcc_selected_v1,lightgbm_class_weight_balanced,lightgbm,num_leaves,75/25,1,random_flip_10,validation_grid,75/25,valid,15.000000,True,2716,76,10.285007,76,19,57,0.828947,0.833333,0.615385,0.842105,0.711111,0.608487,47,10,3,16,0.894737,0.760452,0.760452
lightgbm_balanced_ratio_preserved_noise_mcc_selected_v1,lightgbm_class_weight_balanced,lightgbm,num_leaves,75/25,1,random_flip_10,validation_grid,75/25,valid,31.000000,False,2716,76,15.885684,76,19,57,0.802632,0.780702,0.583333,0.736842,0.651163,0.522976,47,10,5,14,0.860572,0.746128,0.746128
lightgbm_balanced_ratio_preserved_noise_mcc_selected_v1,lightgbm_class_weight_balanced,lightgbm,num_leaves,75/25,1,random_flip_10,validation_grid,75/25,valid,63.000000,False,2716,76,23.653430,76,19,57,0.828947,0.763158,0.666667,0.631579,0.648649,0.536056,51,6,7,12,0.881810,0.734546,0.734546
lightgbm_balanced_ratio_preserved_noise_mcc_selected_v1,lightgbm_class_weight_balanced,lightgbm,num_leaves,75/25,1,random_flip_10,test,50/50,test,15.000000,True,2716,76,23.738899,42,21,21,0.785714,0.785714,0.800000,0.761905,0.780488,0.572078,17,4,5,16,0.873016,0.896928,0.896928
lightgbm_balanced_ratio_preserved_noise_mcc_selected_v1,lightgbm_class_weight_balanced,lightgbm,num_leaves,75/25,1,random_flip_10,test,60/40,test,15.000000,True,2716,76,23.843059,53,21,32,0.792453,0.787202,0.727273,0.761905,0.744186,0.570178,26,6,5,16,0.834821,0.769379,0.769379
lightgbm_balanced_ratio_preserved_noise_mcc_selected_v1,lightgbm_class_weight_balanced,lightgbm,num_leaves,75/25,1,random_flip_10,test,70/30,test,15.000000,True,2716,76,23.942467,70,21,49,0.814286,0.799320,0.666667,0.761905,0.711111,0.577948,41,8,5,16,0.883382,0.832532,0.832532
lightgbm_balanced_ratio_preserved_noise_mcc_selected_v1,lightgbm_class_weight_balanced,lightgbm,num_leaves,75/25,1,random_flip_10,test,75/25,test,15.000000,True,2716,76,24.053260,84,21,63,0.809524,0.793651,0.592593,0.761905,0.666667,0.544530,52,11,5,16,0.878307,0.756830,0.756830
lightgbm_balanced_ratio_preserved_noise_mcc_selected_v1,lightgbm_class_weight_balanced,lightgbm,num_leaves,75/25,1,random_flip_10,test,80/20,test,15.000000,True,2716,76,24.189996,105,21,84,0.790476,0.779762,0.484848,0.761905,0.592593,0.482108,67,17,5,16,0.826531,0.527923,0.527923
lightgbm_balanced_ratio_preserved_noise_mcc_selected_v1,lightgbm_class_weight_balanced,lightgbm,num_leaves,75/25,1,random_flip_10,test,90/10,test,15.000000,True,2716,76,24.427749,210,21,189,0.790476,0.777778,0.290909,0.761905,0.421053,0.379071,150,39,5,16,0.848702,0.424666,0.424666
lightgbm_balanced_ratio_preserved_noise_mcc_selected_v1,lightgbm_class_weight_balanced,lightgbm,num_leaves,75/25,1,random_flip_20,validation_grid,75/25,valid,15.000000,False,2716,76,11.784995,76,19,57,0.776316,0.745614,0.541667,0.684211,0.604651,0.457604,46,11,6,13,0.834718,0.636526,0.636526
lightgbm_balanced_ratio_preserved_noise_mcc_selected_v1,lightgbm_class_weight_balanced,lightgbm,num_leaves,75/25,1,random_flip_20,validation_grid,75/25,valid,31.000000,False,2716,76,17.321049,76,19,57,0.776316,0.745614,0.541667,0.684211,0.604651,0.457604,46,11,6,13,0.793167,0.588409,0.588409
lightgbm_balanced_ratio_preserved_noise_mcc_selected_v1,lightgbm_class_weight_balanced,lightgbm,num_leaves,75/25,1,random_flip_20,validation_grid,75/25,valid,63.000000,True,2716,76,25.669598,76,19,57,0.828947,0.780702,0.650000,0.684211,0.666667,0.552052,50,7,6,13,0.837488,0.678801,0.678801
lightgbm_balanced_ratio_preserved_noise_mcc_selected_v1,lightgbm_class_weight_balanced,lightgbm,num_leaves,75/25,1,random_flip_20,test,50/50,test,63.000000,True,2716,76,25.766566,42,21,21,0.690476,0.690476,0.833333,0.476190,0.606061,0.421637,19,2,11,10,0.800454,0.834608,0.834608
lightgbm_balanced_ratio_preserved_noise_mcc_selected_v1,lightgbm_class_weight_balanced,lightgbm,num_leaves,75/25,1,random_flip_20,test,60/40,test,63.000000,True,2716,76,25.892320,53,21,32,0.792453,0.738095,1.000000,0.476190,0.645161,0.595293,32,0,11,10,0.870536,0.870538,0.870538
lightgbm_balanced_ratio_preserved_noise_mcc_selected_v1,lightgbm_class_weight_balanced,lightgbm,num_leaves,75/25,1,random_flip_20,test,70/30,test,63.000000,True,2716,76,26.012815,70,21,49,0.757143,0.676871,0.625000,0.476190,0.540541,0.386044,43,6,11,10,0.819242,0.736211,0.736211
lightgbm_balanced_ratio_preserved_noise_mcc_selected_v1,lightgbm_class_weight_balanced,lightgbm,num_leaves,75/25,1,random_flip_20,test,75/25,test,63.000000,True,2716,76,26.132746,84,21,63,0.809524,0.698413,0.666667,0.476190,0.555556,0.448652,58,5,11,10,0.838246,0.717100,0.717100
lightgbm_balanced_ratio_preserved_noise_mcc_selected_v1,lightgbm_class_weight_balanced,lightgbm,num_leaves,75/25,1,random_flip_20,test,80/20,test,63.000000,True,2716,76,26.290720,105,21,84,0.847619,0.708333,0.666667,0.476190,0.555556,0.476290,79,5,11,10,0.833900,0.681113,0.681113
lightgbm_balanced_ratio_preserved_noise_mcc_selected_v1,lightgbm_class_weight_balanced,lightgbm,num_leaves,75/25,1,random_flip_20,test,90/10,test,63.000000,True,2716,76,26.568294,210,21,189,0.871429,0.695767,0.384615,0.476190,0.425532,0.356628,173,16,11,10,0.816201,0.537922,0.537922
lightgbm_balanced_ratio_preserved_noise_mcc_selected_v1,lightgbm_class_weight_balanced,lightgbm,num_leaves,75/25,1,random_fp_10,validation_grid,75/25,valid,15.000000,False,3804,76,12.053960,76,19,57,0.815789,0.824561,0.592593,0.842105,0.695652,0.587302,46,11,3,16,0.860572,0.727162,0.727162
lightgbm_balanced_ratio_preserved_noise_mcc_selected_v1,lightgbm_class_weight_balanced,lightgbm,num_leaves,75/25,1,random_fp_10,validation_grid,75/25,valid,31.000000,True,3804,76,18.153713,76,19,57,0.828947,0.833333,0.615385,0.842105,0.711111,0.608487,47,10,3,16,0.875346,0.732239,0.732239
lightgbm_balanced_ratio_preserved_noise_mcc_selected_v1,lightgbm_class_weight_balanced,lightgbm,num_leaves,75/25,1,random_fp_10,validation_grid,75/25,valid,63.000000,False,3804,76,28.093964,76,19,57,0.802632,0.798246,0.576923,0.789474,0.666667,0.544436,46,11,4,15,0.864266,0.718493,0.718493
lightgbm_balanced_ratio_preserved_noise_mcc_selected_v1,lightgbm_class_weight_balanced,lightgbm,num_leaves,75/25,1,random_fp_10,test,50/50,test,31.000000,True,3804,76,28.190969,42,21,21,0.833333,0.833333,0.888889,0.761905,0.820513,0.673575,19,2,5,16,0.931973,0.936156,0.936156
lightgbm_balanced_ratio_preserved_noise_mcc_selected_v1,lightgbm_class_weight_balanced,lightgbm,num_leaves,75/25,1,random_fp_10,test,60/40,test,31.000000,True,3804,76,28.297351,53,21,32,0.811321,0.802827,0.761905,0.761905,0.761905,0.605655,27,5,5,16,0.903274,0.795166,0.795166
lightgbm_balanced_ratio_preserved_noise_mcc_selected_v1,lightgbm_class_weight_balanced,lightgbm,num_leaves,75/25,1,random_fp_10,test,70/30,test,31.000000,True,3804,76,28.416157,70,21,49,0.842857,0.819728,0.727273,0.761905,0.744186,0.631228,43,6,5,16,0.918367,0.793833,0.793833
lightgbm_balanced_ratio_preserved_noise_mcc_selected_v1,lightgbm_class_weight_balanced,lightgbm,num_leaves,75/25,1,random_fp_10,test,75/25,test,31.000000,True,3804,76,28.543033,84,21,63,0.821429,0.801587,0.615385,0.761905,0.680851,0.564966,53,10,5,16,0.926682,0.830193,0.830193
lightgbm_balanced_ratio_preserved_noise_mcc_selected_v1,lightgbm_class_weight_balanced,lightgbm,num_leaves,75/25,1,random_fp_10,test,80/20,test,31.000000,True,3804,76,28.711213,105,21,84,0.771429,0.767857,0.457143,0.761905,0.571429,0.454569,65,19,5,16,0.875850,0.550959,0.550959
lightgbm_balanced_ratio_preserved_noise_mcc_selected_v1,lightgbm_class_weight_balanced,lightgbm,num_leaves,75/25,1,random_fp_10,test,90/10,test,31.000000,True,3804,76,29.004020,210,21,189,0.800000,0.783069,0.301887,0.761905,0.432432,0.390998,152,37,5,16,0.893046,0.500907,0.500907
lightgbm_balanced_ratio_preserved_noise_mcc_selected_v1,lightgbm_class_weight_balanced,lightgbm,num_leaves,75/25,1,random_fp_20,validation_grid,75/25,valid,15.000000,True,4892,76,13.244767,76,19,57,0.881579,0.903509,0.692308,0.947368,0.800000,0.736590,49,8,1,18,0.911357,0.806400,0.806400
lightgbm_balanced_ratio_preserved_noise_mcc_selected_v1,lightgbm_class_weight_balanced,lightgbm,num_leaves,75/25,1,random_fp_20,validation_grid,75/25,valid,31.000000,False,4892,76,20.430014,76,19,57,0.855263,0.885965,0.642857,0.947368,0.765957,0.692935,47,10,1,18,0.906741,0.807535,0.807535
lightgbm_balanced_ratio_preserved_noise_mcc_selected_v1,lightgbm_class_weight_balanced,lightgbm,num_leaves,75/25,1,random_fp_20,validation_grid,75/25,valid,63.000000,False,4892,76,32.591498,76,19,57,0.842105,0.859649,0.629630,0.894737,0.739130,0.650794,47,10,2,17,0.893813,0.787757,0.787757
lightgbm_balanced_ratio_preserved_noise_mcc_selected_v1,lightgbm_class_weight_balanced,lightgbm,num_leaves,75/25,1,random_fp_20,test,50/50,test,15.000000,True,4892,76,32.690058,42,21,21,0.833333,0.833333,0.850000,0.809524,0.829268,0.667424,18,3,4,17,0.938776,0.951351,0.951351
lightgbm_balanced_ratio_preserved_noise_mcc_selected_v1,lightgbm_class_weight_balanced,lightgbm,num_leaves,75/25,1,random_fp_20,test,60/40,test,15.000000,True,4892,76,32.794912,53,21,32,0.773585,0.779762,0.680000,0.809524,0.739130,0.548219,24,8,4,17,0.888393,0.857413,0.857413
lightgbm_balanced_ratio_preserved_noise_mcc_selected_v1,lightgbm_class_weight_balanced,lightgbm,num_leaves,75/25,1,random_fp_20,test,70/30,test,15.000000,True,4892,76,32.899721,70,21,49,0.800000,0.802721,0.629630,0.809524,0.708333,0.569986,39,10,4,17,0.902818,0.788750,0.788750
lightgbm_balanced_ratio_preserved_noise_mcc_selected_v1,lightgbm_class_weight_balanced,lightgbm,num_leaves,75/25,1,random_fp_20,test,75/25,test,15.000000,True,4892,76,33.016110,84,21,63,0.809524,0.809524,0.586207,0.809524,0.680000,0.563798,51,12,4,17,0.942555,0.878731,0.878731
lightgbm_balanced_ratio_preserved_noise_mcc_selected_v1,lightgbm_class_weight_balanced,lightgbm,num_leaves,75/25,1,random_fp_20,test,80/20,test,15.000000,True,4892,76,33.164243,105,21,84,0.790476,0.797619,0.485714,0.809524,0.607143,0.505076,66,18,4,17,0.893424,0.637351,0.637351
lightgbm_balanced_ratio_preserved_noise_mcc_selected_v1,lightgbm_class_weight_balanced,lightgbm,num_leaves,75/25,1,random_fp_20,test,90/10,test,15.000000,True,4892,76,33.431703,210,21,189,0.771429,0.788360,0.278689,0.809524,0.414634,0.381107,145,44,4,17,0.908163,0.497047,0.497047
lightgbm_balanced_ratio_preserved_noise_mcc_selected_v1,lightgbm_class_weight_balanced,lightgbm,num_leaves,75/25,1,heuristic_fp_10,validation_grid,75/25,valid,15.000000,True,3804,76,11.443002,76,19,57,0.868421,0.877193,0.680000,0.894737,0.772727,0.695269,49,8,2,17,0.905817,0.756137,0.756137
lightgbm_balanced_ratio_preserved_noise_mcc_selected_v1,lightgbm_class_weight_balanced,lightgbm,num_leaves,75/25,1,heuristic_fp_10,validation_grid,75/25,valid,31.000000,False,3804,76,18.001545,76,19,57,0.842105,0.842105,0.640000,0.842105,0.727273,0.630593,48,9,3,16,0.898430,0.747443,0.747443
lightgbm_balanced_ratio_preserved_noise_mcc_selected_v1,lightgbm_class_weight_balanced,lightgbm,num_leaves,75/25,1,heuristic_fp_10,validation_grid,75/25,valid,63.000000,False,3804,76,26.697778,76,19,57,0.815789,0.789474,0.608696,0.736842,0.666667,0.545697,48,9,5,14,0.884580,0.693498,0.693498
lightgbm_balanced_ratio_preserved_noise_mcc_selected_v1,lightgbm_class_weight_balanced,lightgbm,num_leaves,75/25,1,heuristic_fp_10,test,50/50,test,15.000000,True,3804,76,26.786396,42,21,21,0.833333,0.833333,0.791667,0.904762,0.844444,0.673575,16,5,2,19,0.922902,0.925447,0.925447
lightgbm_balanced_ratio_preserved_noise_mcc_selected_v1,lightgbm_class_weight_balanced,lightgbm,num_leaves,75/25,1,heuristic_fp_10,test,60/40,test,15.000000,True,3804,76,26.884267,53,21,32,0.849057,0.858631,0.760000,0.904762,0.826087,0.702770,26,6,2,19,0.927083,0.869970,0.869970
lightgbm_balanced_ratio_preserved_noise_mcc_selected_v1,lightgbm_class_weight_balanced,lightgbm,num_leaves,75/25,1,heuristic_fp_10,test,70/30,test,15.000000,True,3804,76,26.980571,70,21,49,0.842857,0.860544,0.678571,0.904762,0.775510,0.674516,40,9,2,19,0.923226,0.799431,0.799431
lightgbm_balanced_ratio_preserved_noise_mcc_selected_v1,lightgbm_class_weight_balanced,lightgbm,num_leaves,75/25,1,heuristic_fp_10,test,75/25,test,15.000000,True,3804,76,27.097315,84,21,63,0.845238,0.865079,0.633333,0.904762,0.745098,0.659842,52,11,2,19,0.938020,0.818746,0.818746
lightgbm_balanced_ratio_preserved_noise_mcc_selected_v1,lightgbm_class_weight_balanced,lightgbm,num_leaves,75/25,1,heuristic_fp_10,test,80/20,test,15.000000,True,3804,76,27.240748,105,21,84,0.800000,0.839286,0.500000,0.904762,0.644068,0.564827,65,19,2,19,0.901927,0.651140,0.651140
lightgbm_balanced_ratio_preserved_noise_mcc_selected_v1,lightgbm_class_weight_balanced,lightgbm,num_leaves,75/25,1,heuristic_fp_10,test,90/10,test,15.000000,True,3804,76,27.498453,210,21,189,0.795238,0.843915,0.316667,0.904762,0.469136,0.456773,148,41,2,19,0.893298,0.426636,0.426636
lightgbm_balanced_ratio_preserved_noise_mcc_selected_v1,lightgbm_class_weight_balanced,lightgbm,num_leaves,75/25,1,heuristic_fp_20,validation_grid,75/25,valid,15.000000,False,4892,76,13.512842,76,19,57,0.736842,0.807018,0.486486,0.947368,0.642857,0.531954,38,19,1,18,0.902124,0.729717,0.729717
lightgbm_balanced_ratio_preserved_noise_mcc_selected_v1,lightgbm_class_weight_balanced,lightgbm,num_leaves,75/25,1,heuristic_fp_20,validation_grid,75/25,valid,31.000000,False,4892,76,20.208896,76,19,57,0.763158,0.807018,0.515152,0.894737,0.653846,0.536434,41,16,2,17,0.896584,0.712326,0.712326
lightgbm_balanced_ratio_preserved_noise_mcc_selected_v1,lightgbm_class_weight_balanced,lightgbm,num_leaves,75/25,1,heuristic_fp_20,validation_grid,75/25,valid,63.000000,True,4892,76,30.382818,76,19,57,0.789474,0.807018,0.551724,0.842105,0.666667,0.547343,44,13,3,16,0.895660,0.667824,0.667824
lightgbm_balanced_ratio_preserved_noise_mcc_selected_v1,lightgbm_class_weight_balanced,lightgbm,num_leaves,75/25,1,heuristic_fp_20,test,50/50,test,63.000000,True,4892,76,30.473958,42,21,21,0.857143,0.857143,0.777778,1.000000,0.875000,0.745356,15,6,0,21,0.909297,0.897093,0.897093
lightgbm_balanced_ratio_preserved_noise_mcc_selected_v1,lightgbm_class_weight_balanced,lightgbm,num_leaves,75/25,1,heuristic_fp_20,test,60/40,test,63.000000,True,4892,76,30.573230,53,21,32,0.867925,0.890625,0.750000,1.000000,0.857143,0.765466,25,7,0,21,0.940476,0.894868,0.894868
lightgbm_balanced_ratio_preserved_noise_mcc_selected_v1,lightgbm_class_weight_balanced,lightgbm,num_leaves,75/25,1,heuristic_fp_20,test,70/30,test,63.000000,True,4892,76,30.678213,70,21,49,0.857143,0.897959,0.677419,1.000000,0.807692,0.734282,39,10,0,21,0.928086,0.763076,0.763076
lightgbm_balanced_ratio_preserved_noise_mcc_selected_v1,lightgbm_class_weight_balanced,lightgbm,num_leaves,75/25,1,heuristic_fp_20,test,75/25,test,63.000000,True,4892,76,30.823208,84,21,63,0.857143,0.904762,0.636364,1.000000,0.777778,0.717741,51,12,0,21,0.953137,0.866444,0.866444
lightgbm_balanced_ratio_preserved_noise_mcc_selected_v1,lightgbm_class_weight_balanced,lightgbm,num_leaves,75/25,1,heuristic_fp_20,test,80/20,test,63.000000,True,4892,76,30.999969,105,21,84,0.828571,0.892857,0.538462,1.000000,0.700000,0.650444,66,18,0,21,0.930839,0.694156,0.694156
lightgbm_balanced_ratio_preserved_noise_mcc_selected_v1,lightgbm_class_weight_balanced,lightgbm,num_leaves,75/25,1,heuristic_fp_20,test,90/10,test,63.000000,True,4892,76,31.286303,210,21,189,0.819048,0.899471,0.355932,1.000000,0.525000,0.533263,151,38,0,21,0.925044,0.470828,0.470828
lightgbm_balanced_ratio_preserved_noise_mcc_selected_v1,lightgbm_class_weight_balanced,lightgbm,num_leaves,75/25,2,clean,validation_grid,75/25,valid,15.000000,False,2716,76,9.563601,76,19,57,0.815789,0.842105,0.586207,0.894737,0.708333,0.609896,45,12,2,17,0.916898,0.807079,0.807079
lightgbm_balanced_ratio_preserved_noise_mcc_selected_v1,lightgbm_class_weight_balanced,lightgbm,num_leaves,75/25,2,clean,validation_grid,75/25,valid,31.000000,False,2716,76,14.649917,76,19,57,0.802632,0.798246,0.576923,0.789474,0.666667,0.544436,46,11,4,15,0.897507,0.788179,0.788179
lightgbm_balanced_ratio_preserved_noise_mcc_selected_v1,lightgbm_class_weight_balanced,lightgbm,num_leaves,75/25,2,clean,validation_grid,75/25,valid,63.000000,True,2716,76,22.153470,76,19,57,0.868421,0.842105,0.714286,0.789474,0.750000,0.662541,51,6,4,15,0.931671,0.865800,0.865800
lightgbm_balanced_ratio_preserved_noise_mcc_selected_v1,lightgbm_class_weight_balanced,lightgbm,num_leaves,75/25,2,clean,test,50/50,test,63.000000,True,2716,76,22.288566,42,21,21,0.785714,0.785714,0.800000,0.761905,0.780488,0.572078,17,4,5,16,0.902494,0.894125,0.894125
lightgbm_balanced_ratio_preserved_noise_mcc_selected_v1,lightgbm_class_weight_balanced,lightgbm,num_leaves,75/25,2,clean,test,60/40,test,63.000000,True,2716,76,22.444056,53,21,32,0.792453,0.787202,0.727273,0.761905,0.744186,0.570178,26,6,5,16,0.924107,0.908132,0.908132
lightgbm_balanced_ratio_preserved_noise_mcc_selected_v1,lightgbm_class_weight_balanced,lightgbm,num_leaves,75/25,2,clean,test,70/30,test,63.000000,True,2716,76,22.650225,70,21,49,0.842857,0.819728,0.727273,0.761905,0.744186,0.631228,43,6,5,16,0.899903,0.694336,0.694336
lightgbm_balanced_ratio_preserved_noise_mcc_selected_v1,lightgbm_class_weight_balanced,lightgbm,num_leaves,75/25,2,clean,test,75/25,test,63.000000,True,2716,76,22.772305,84,21,63,0.833333,0.809524,0.640000,0.761905,0.695652,0.586284,54,9,5,16,0.904762,0.745773,0.745773
lightgbm_balanced_ratio_preserved_noise_mcc_selected_v1,lightgbm_class_weight_balanced,lightgbm,num_leaves,75/25,2,clean,test,80/20,test,63.000000,True,2716,76,22.918617,105,21,84,0.819048,0.797619,0.533333,0.761905,0.627451,0.527046,70,14,5,16,0.918367,0.767613,0.767613
lightgbm_balanced_ratio_preserved_noise_mcc_selected_v1,lightgbm_class_weight_balanced,lightgbm,num_leaves,75/25,2,clean,test,90/10,test,63.000000,True,2716,76,23.138304,210,21,189,0.866667,0.820106,0.410256,0.761905,0.533333,0.493894,166,23,5,16,0.918619,0.568196,0.568196
lightgbm_balanced_ratio_preserved_noise_mcc_selected_v1,lightgbm_class_weight_balanced,lightgbm,num_leaves,75/25,2,random_flip_10,validation_grid,75/25,valid,15.000000,True,2716,76,9.963551,76,19,57,0.855263,0.885965,0.642857,0.947368,0.765957,0.692935,47,10,1,18,0.954755,0.898834,0.898834
lightgbm_balanced_ratio_preserved_noise_mcc_selected_v1,lightgbm_class_weight_balanced,lightgbm,num_leaves,75/25,2,random_flip_10,validation_grid,75/25,valid,31.000000,False,2716,76,15.354663,76,19,57,0.828947,0.815789,0.625000,0.789474,0.697674,0.588348,48,9,4,15,0.931671,0.843091,0.843091
lightgbm_balanced_ratio_preserved_noise_mcc_selected_v1,lightgbm_class_weight_balanced,lightgbm,num_leaves,75/25,2,random_flip_10,validation_grid,75/25,valid,63.000000,False,2716,76,22.016818,76,19,57,0.815789,0.719298,0.666667,0.526316,0.588235,0.477165,52,5,9,10,0.893813,0.778598,0.778598
lightgbm_balanced_ratio_preserved_noise_mcc_selected_v1,lightgbm_class_weight_balanced,lightgbm,num_leaves,75/25,2,random_flip_10,test,50/50,test,15.000000,True,2716,76,22.124550,42,21,21,0.761905,0.761905,0.739130,0.809524,0.772727,0.526201,15,6,4,17,0.857143,0.856230,0.856230
lightgbm_balanced_ratio_preserved_noise_mcc_selected_v1,lightgbm_class_weight_balanced,lightgbm,num_leaves,75/25,2,random_flip_10,test,60/40,test,15.000000,True,2716,76,22.260988,53,21,32,0.792453,0.795387,0.708333,0.809524,0.755556,0.580499,25,7,4,17,0.901786,0.851744,0.851744
lightgbm_balanced_ratio_preserved_noise_mcc_selected_v1,lightgbm_class_weight_balanced,lightgbm,num_leaves,75/25,2,random_flip_10,test,70/30,test,15.000000,True,2716,76,22.432736,70,21,49,0.800000,0.802721,0.629630,0.809524,0.708333,0.569986,39,10,4,17,0.851312,0.635905,0.635905
lightgbm_balanced_ratio_preserved_noise_mcc_selected_v1,lightgbm_class_weight_balanced,lightgbm,num_leaves,75/25,2,random_flip_10,test,75/25,test,15.000000,True,2716,76,22.584951,84,21,63,0.761905,0.777778,0.515152,0.809524,0.629630,0.492567,47,16,4,17,0.845049,0.645804,0.645804
lightgbm_balanced_ratio_preserved_noise_mcc_selected_v1,lightgbm_class_weight_balanced,lightgbm,num_leaves,75/25,2,random_flip_10,test,80/20,test,15.000000,True,2716,76,22.707545,105,21,84,0.809524,0.809524,0.515152,0.809524,0.629630,0.533396,68,16,4,17,0.903628,0.682700,0.682700
lightgbm_balanced_ratio_preserved_noise_mcc_selected_v1,lightgbm_class_weight_balanced,lightgbm,num_leaves,75/25,2,random_flip_10,test,90/10,test,15.000000,True,2716,76,22.916249,210,21,189,0.776190,0.791005,0.283333,0.809524,0.419753,0.386501,146,43,4,17,0.879315,0.527741,0.527741
lightgbm_balanced_ratio_preserved_noise_mcc_selected_v1,lightgbm_class_weight_balanced,lightgbm,num_leaves,75/25,2,random_flip_20,validation_grid,75/25,valid,15.000000,False,2716,76,12.190841,76,19,57,0.842105,0.842105,0.640000,0.842105,0.727273,0.630593,48,9,3,16,0.907664,0.789072,0.789072
lightgbm_balanced_ratio_preserved_noise_mcc_selected_v1,lightgbm_class_weight_balanced,lightgbm,num_leaves,75/25,2,random_flip_20,validation_grid,75/25,valid,31.000000,True,2716,76,18.012874,76,19,57,0.868421,0.842105,0.714286,0.789474,0.750000,0.662541,51,6,4,15,0.921514,0.845817,0.845817
lightgbm_balanced_ratio_preserved_noise_mcc_selected_v1,lightgbm_class_weight_balanced,lightgbm,num_leaves,75/25,2,random_flip_20,validation_grid,75/25,valid,63.000000,False,2716,76,25.605411,76,19,57,0.815789,0.719298,0.666667,0.526316,0.588235,0.477165,52,5,9,10,0.896584,0.725951,0.725951
lightgbm_balanced_ratio_preserved_noise_mcc_selected_v1,lightgbm_class_weight_balanced,lightgbm,num_leaves,75/25,2,random_flip_20,test,50/50,test,31.000000,True,2716,76,25.738354,42,21,21,0.642857,0.642857,0.666667,0.571429,0.615385,0.288675,15,6,9,12,0.757370,0.812416,0.812416
lightgbm_balanced_ratio_preserved_noise_mcc_selected_v1,lightgbm_class_weight_balanced,lightgbm,num_leaves,75/25,2,random_flip_20,test,60/40,test,31.000000,True,2716,76,25.848904,53,21,32,0.735849,0.707589,0.705882,0.571429,0.631579,0.435055,27,5,9,12,0.834821,0.812858,0.812858
lightgbm_balanced_ratio_preserved_noise_mcc_selected_v1,lightgbm_class_weight_balanced,lightgbm,num_leaves,75/25,2,random_flip_20,test,70/30,test,31.000000,True,2716,76,26.047415,70,21,49,0.700000,0.663265,0.500000,0.571429,0.533333,0.315244,37,12,9,12,0.809524,0.608211,0.608211
lightgbm_balanced_ratio_preserved_noise_mcc_selected_v1,lightgbm_class_weight_balanced,lightgbm,num_leaves,75/25,2,random_flip_20,test,75/25,test,31.000000,True,2716,76,26.211765,84,21,63,0.738095,0.682540,0.480000,0.571429,0.521739,0.345757,50,13,9,12,0.777778,0.584907,0.584907
lightgbm_balanced_ratio_preserved_noise_mcc_selected_v1,lightgbm_class_weight_balanced,lightgbm,num_leaves,75/25,2,random_flip_20,test,80/20,test,31.000000,True,2716,76,26.343690,105,21,84,0.819048,0.726190,0.545455,0.571429,0.558140,0.444635,74,10,9,12,0.845805,0.672363,0.672363
lightgbm_balanced_ratio_preserved_noise_mcc_selected_v1,lightgbm_class_weight_balanced,lightgbm,num_leaves,75/25,2,random_flip_20,test,90/10,test,31.000000,True,2716,76,26.576298,210,21,189,0.828571,0.714286,0.307692,0.571429,0.400000,0.330623,162,27,9,12,0.825397,0.479016,0.479016
lightgbm_balanced_ratio_preserved_noise_mcc_selected_v1,lightgbm_class_weight_balanced,lightgbm,num_leaves,75/25,2,random_fp_10,validation_grid,75/25,valid,15.000000,False,3804,76,11.507698,76,19,57,0.776316,0.780702,0.535714,0.789474,0.638298,0.503953,44,13,4,15,0.901200,0.773429,0.773429
lightgbm_balanced_ratio_preserved_noise_mcc_selected_v1,lightgbm_class_weight_balanced,lightgbm,num_leaves,75/25,2,random_fp_10,validation_grid,75/25,valid,31.000000,False,3804,76,17.989321,76,19,57,0.828947,0.833333,0.615385,0.842105,0.711111,0.608487,47,10,3,16,0.905817,0.824861,0.824861
lightgbm_balanced_ratio_preserved_noise_mcc_selected_v1,lightgbm_class_weight_balanced,lightgbm,num_leaves,75/25,2,random_fp_10,validation_grid,75/25,valid,63.000000,True,3804,76,27.004361,76,19,57,0.881579,0.868421,0.727273,0.842105,0.780488,0.703526,51,6,3,16,0.914127,0.832676,0.832676
lightgbm_balanced_ratio_preserved_noise_mcc_selected_v1,lightgbm_class_weight_balanced,lightgbm,num_leaves,75/25,2,random_fp_10,test,50/50,test,63.000000,True,3804,76,27.137421,42,21,21,0.738095,0.738095,0.750000,0.714286,0.731707,0.476731,16,5,6,15,0.879819,0.900111,0.900111
lightgbm_balanced_ratio_preserved_noise_mcc_selected_v1,lightgbm_class_weight_balanced,lightgbm,num_leaves,75/25,2,random_fp_10,test,60/40,test,63.000000,True,3804,76,27.251384,53,21,32,0.754717,0.747768,0.681818,0.714286,0.697674,0.491889,25,7,6,15,0.872024,0.840866,0.840866
lightgbm_balanced_ratio_preserved_noise_mcc_selected_v1,lightgbm_class_weight_balanced,lightgbm,num_leaves,75/25,2,random_fp_10,test,70/30,test,63.000000,True,3804,76,27.425095,70,21,49,0.814286,0.785714,0.681818,0.714286,0.697674,0.564076,42,7,6,15,0.854227,0.630591,0.630591
lightgbm_balanced_ratio_preserved_noise_mcc_selected_v1,lightgbm_class_weight_balanced,lightgbm,num_leaves,75/25,2,random_fp_10,test,75/25,test,63.000000,True,3804,76,27.597365,84,21,63,0.785714,0.761905,0.555556,0.714286,0.625000,0.485662,51,12,6,15,0.859410,0.658795,0.658795
lightgbm_balanced_ratio_preserved_noise_mcc_selected_v1,lightgbm_class_weight_balanced,lightgbm,num_leaves,75/25,2,random_fp_10,test,80/20,test,63.000000,True,3804,76,27.802243,105,21,84,0.838095,0.791667,0.576923,0.714286,0.638298,0.540587,73,11,6,15,0.894558,0.611402,0.611402
lightgbm_balanced_ratio_preserved_noise_mcc_selected_v1,lightgbm_class_weight_balanced,lightgbm,num_leaves,75/25,2,random_fp_10,test,90/10,test,63.000000,True,3804,76,28.054094,210,21,189,0.842857,0.785714,0.357143,0.714286,0.476190,0.428571,162,27,6,15,0.889393,0.493722,0.493722
lightgbm_balanced_ratio_preserved_noise_mcc_selected_v1,lightgbm_class_weight_balanced,lightgbm,num_leaves,75/25,2,random_fp_20,validation_grid,75/25,valid,15.000000,False,4892,76,13.357447,76,19,57,0.802632,0.815789,0.571429,0.842105,0.680851,0.566947,45,12,3,16,0.895660,0.786499,0.786499
lightgbm_balanced_ratio_preserved_noise_mcc_selected_v1,lightgbm_class_weight_balanced,lightgbm,num_leaves,75/25,2,random_fp_20,validation_grid,75/25,valid,31.000000,True,4892,76,22.218628,76,19,57,0.828947,0.798246,0.636364,0.736842,0.682927,0.569521,49,8,5,14,0.875346,0.806499,0.806499
lightgbm_balanced_ratio_preserved_noise_mcc_selected_v1,lightgbm_class_weight_balanced,lightgbm,num_leaves,75/25,2,random_fp_20,validation_grid,75/25,valid,63.000000,False,4892,76,31.777649,76,19,57,0.789474,0.736842,0.571429,0.631579,0.600000,0.458682,48,9,7,12,0.845799,0.754012,0.754012
lightgbm_balanced_ratio_preserved_noise_mcc_selected_v1,lightgbm_class_weight_balanced,lightgbm,num_leaves,75/25,2,random_fp_20,test,50/50,test,31.000000,True,4892,76,31.887711,42,21,21,0.738095,0.738095,0.727273,0.761905,0.744186,0.476731,15,6,5,16,0.843537,0.858384,0.858384
lightgbm_balanced_ratio_preserved_noise_mcc_selected_v1,lightgbm_class_weight_balanced,lightgbm,num_leaves,75/25,2,random_fp_20,test,60/40,test,31.000000,True,4892,76,31.982259,53,21,32,0.716981,0.724702,0.615385,0.761905,0.680851,0.439697,22,10,5,16,0.848214,0.812596,0.812596
lightgbm_balanced_ratio_preserved_noise_mcc_selected_v1,lightgbm_class_weight_balanced,lightgbm,num_leaves,75/25,2,random_fp_20,test,70/30,test,31.000000,True,4892,76,32.118329,70,21,49,0.742857,0.748299,0.551724,0.761905,0.640000,0.461979,36,13,5,16,0.859086,0.753658,0.753658
lightgbm_balanced_ratio_preserved_noise_mcc_selected_v1,lightgbm_class_weight_balanced,lightgbm,num_leaves,75/25,2,random_fp_20,test,75/25,test,31.000000,True,4892,76,32.241145,84,21,63,0.702381,0.722222,0.444444,0.761905,0.561404,0.388889,43,20,5,16,0.839002,0.643030,0.643030
lightgbm_balanced_ratio_preserved_noise_mcc_selected_v1,lightgbm_class_weight_balanced,lightgbm,num_leaves,75/25,2,random_fp_20,test,80/20,test,31.000000,True,4892,76,32.395831,105,21,84,0.790476,0.779762,0.484848,0.761905,0.592593,0.482108,67,17,5,16,0.893424,0.735334,0.735334
lightgbm_balanced_ratio_preserved_noise_mcc_selected_v1,lightgbm_class_weight_balanced,lightgbm,num_leaves,75/25,2,random_fp_20,test,90/10,test,31.000000,True,4892,76,32.616546,210,21,189,0.819048,0.793651,0.326531,0.761905,0.457143,0.416573,156,33,5,16,0.882842,0.509671,0.509671
lightgbm_balanced_ratio_preserved_noise_mcc_selected_v1,lightgbm_class_weight_balanced,lightgbm,num_leaves,75/25,2,heuristic_fp_10,validation_grid,75/25,valid,15.000000,False,3804,76,12.226417,76,19,57,0.802632,0.833333,0.566667,0.894737,0.693878,0.590586,44,13,2,17,0.905817,0.806879,0.806879
lightgbm_balanced_ratio_preserved_noise_mcc_selected_v1,lightgbm_class_weight_balanced,lightgbm,num_leaves,75/25,2,heuristic_fp_10,validation_grid,75/25,valid,31.000000,False,3804,76,18.425094,76,19,57,0.802632,0.815789,0.571429,0.842105,0.680851,0.566947,45,12,3,16,0.920591,0.839676,0.839676
lightgbm_balanced_ratio_preserved_noise_mcc_selected_v1,lightgbm_class_weight_balanced,lightgbm,num_leaves,75/25,2,heuristic_fp_10,validation_grid,75/25,valid,63.000000,True,3804,76,28.582707,76,19,57,0.868421,0.859649,0.695652,0.842105,0.761905,0.677987,50,7,3,16,0.918744,0.848647,0.848647
lightgbm_balanced_ratio_preserved_noise_mcc_selected_v1,lightgbm_class_weight_balanced,lightgbm,num_leaves,75/25,2,heuristic_fp_10,test,50/50,test,63.000000,True,3804,76,28.715201,42,21,21,0.880952,0.880952,0.900000,0.857143,0.878049,0.762770,19,2,3,18,0.943311,0.939061,0.939061
lightgbm_balanced_ratio_preserved_noise_mcc_selected_v1,lightgbm_class_weight_balanced,lightgbm,num_leaves,75/25,2,heuristic_fp_10,test,60/40,test,63.000000,True,3804,76,28.813473,53,21,32,0.849057,0.850446,0.782609,0.857143,0.818182,0.691690,27,5,3,18,0.894345,0.743305,0.743305
lightgbm_balanced_ratio_preserved_noise_mcc_selected_v1,lightgbm_class_weight_balanced,lightgbm,num_leaves,75/25,2,heuristic_fp_10,test,70/30,test,63.000000,True,3804,76,28.970968,70,21,49,0.814286,0.826531,0.642857,0.857143,0.734694,0.610883,39,10,3,18,0.906706,0.720916,0.720916
lightgbm_balanced_ratio_preserved_noise_mcc_selected_v1,lightgbm_class_weight_balanced,lightgbm,num_leaves,75/25,2,heuristic_fp_10,test,75/25,test,63.000000,True,3804,76,29.103138,84,21,63,0.821429,0.833333,0.600000,0.857143,0.705882,0.602464,51,12,3,18,0.915344,0.757192,0.757192
lightgbm_balanced_ratio_preserved_noise_mcc_selected_v1,lightgbm_class_weight_balanced,lightgbm,num_leaves,75/25,2,heuristic_fp_10,test,80/20,test,63.000000,True,3804,76,29.232102,105,21,84,0.800000,0.821429,0.500000,0.857143,0.631579,0.541736,66,18,3,18,0.921769,0.701574,0.701574
lightgbm_balanced_ratio_preserved_noise_mcc_selected_v1,lightgbm_class_weight_balanced,lightgbm,num_leaves,75/25,2,heuristic_fp_10,test,90/10,test,63.000000,True,3804,76,29.478862,210,21,189,0.814286,0.833333,0.333333,0.857143,0.480000,0.457604,153,36,3,18,0.907029,0.435007,0.435007
lightgbm_balanced_ratio_preserved_noise_mcc_selected_v1,lightgbm_class_weight_balanced,lightgbm,num_leaves,75/25,2,heuristic_fp_20,validation_grid,75/25,valid,15.000000,False,4892,76,15.028079,76,19,57,0.723684,0.798246,0.473684,0.947368,0.631579,0.516577,37,20,1,18,0.890120,0.785793,0.785793
lightgbm_balanced_ratio_preserved_noise_mcc_selected_v1,lightgbm_class_weight_balanced,lightgbm,num_leaves,75/25,2,heuristic_fp_20,validation_grid,75/25,valid,31.000000,True,4892,76,21.841682,76,19,57,0.776316,0.833333,0.529412,0.947368,0.679245,0.580576,41,16,1,18,0.880886,0.735162,0.735162
lightgbm_balanced_ratio_preserved_noise_mcc_selected_v1,lightgbm_class_weight_balanced,lightgbm,num_leaves,75/25,2,heuristic_fp_20,validation_grid,75/25,valid,63.000000,False,4892,76,31.019841,76,19,57,0.776316,0.798246,0.533333,0.842105,0.653061,0.528419,43,14,3,16,0.914127,0.844348,0.844348
lightgbm_balanced_ratio_preserved_noise_mcc_selected_v1,lightgbm_class_weight_balanced,lightgbm,num_leaves,75/25,2,heuristic_fp_20,test,50/50,test,31.000000,True,4892,76,31.161642,42,21,21,0.761905,0.761905,0.703704,0.904762,0.791667,0.546594,13,8,2,19,0.920635,0.922639,0.922639
lightgbm_balanced_ratio_preserved_noise_mcc_selected_v1,lightgbm_class_weight_balanced,lightgbm,num_leaves,75/25,2,heuristic_fp_20,test,60/40,test,31.000000,True,4892,76,31.261225,53,21,32,0.792453,0.811756,0.678571,0.904762,0.775510,0.610914,23,9,2,19,0.901786,0.841883,0.841883
lightgbm_balanced_ratio_preserved_noise_mcc_selected_v1,lightgbm_class_weight_balanced,lightgbm,num_leaves,75/25,2,heuristic_fp_20,test,70/30,test,31.000000,True,4892,76,31.402557,70,21,49,0.742857,0.789116,0.542857,0.904762,0.678571,0.529958,33,16,2,19,0.858115,0.644738,0.644738
lightgbm_balanced_ratio_preserved_noise_mcc_selected_v1,lightgbm_class_weight_balanced,lightgbm,num_leaves,75/25,2,heuristic_fp_20,test,75/25,test,31.000000,True,4892,76,31.530474,84,21,63,0.738095,0.793651,0.487179,0.904762,0.633333,0.509921,43,20,2,19,0.869992,0.608346,0.608346
lightgbm_balanced_ratio_preserved_noise_mcc_selected_v1,lightgbm_class_weight_balanced,lightgbm,num_leaves,75/25,2,heuristic_fp_20,test,80/20,test,31.000000,True,4892,76,31.656974,105,21,84,0.761905,0.815476,0.452381,0.904762,0.603175,0.515170,61,23,2,19,0.910431,0.682822,0.682822
lightgbm_balanced_ratio_preserved_noise_mcc_selected_v1,lightgbm_class_weight_balanced,lightgbm,num_leaves,75/25,2,heuristic_fp_20,test,90/10,test,31.000000,True,4892,76,31.878736,210,21,189,0.685714,0.783069,0.228916,0.904762,0.365385,0.347393,125,64,2,19,0.876291,0.456112,0.456112
lightgbm_balanced_ratio_preserved_noise_mcc_selected_v1,lightgbm_class_weight_balanced,lightgbm,num_leaves,75/25,3,clean,validation_grid,75/25,valid,15.000000,False,2716,76,10.915848,76,19,57,0.842105,0.859649,0.629630,0.894737,0.739130,0.650794,47,10,2,17,0.903970,0.751237,0.751237
lightgbm_balanced_ratio_preserved_noise_mcc_selected_v1,lightgbm_class_weight_balanced,lightgbm,num_leaves,75/25,3,clean,validation_grid,75/25,valid,31.000000,False,2716,76,16.322318,76,19,57,0.868421,0.842105,0.714286,0.789474,0.750000,0.662541,51,6,4,15,0.912281,0.763096,0.763096
lightgbm_balanced_ratio_preserved_noise_mcc_selected_v1,lightgbm_class_weight_balanced,lightgbm,num_leaves,75/25,3,clean,validation_grid,75/25,valid,63.000000,True,2716,76,25.756927,76,19,57,0.881579,0.833333,0.777778,0.736842,0.756757,0.679005,53,4,5,14,0.913204,0.774860,0.774860
lightgbm_balanced_ratio_preserved_noise_mcc_selected_v1,lightgbm_class_weight_balanced,lightgbm,num_leaves,75/25,3,clean,test,50/50,test,63.000000,True,2716,76,25.840689,42,21,21,0.785714,0.785714,0.875000,0.666667,0.756757,0.588348,19,2,7,14,0.925170,0.934208,0.934208
lightgbm_balanced_ratio_preserved_noise_mcc_selected_v1,lightgbm_class_weight_balanced,lightgbm,num_leaves,75/25,3,clean,test,60/40,test,63.000000,True,2716,76,25.945303,53,21,32,0.773585,0.755208,0.736842,0.666667,0.700000,0.520587,27,5,7,14,0.867560,0.796466,0.796466
lightgbm_balanced_ratio_preserved_noise_mcc_selected_v1,lightgbm_class_weight_balanced,lightgbm,num_leaves,75/25,3,clean,test,70/30,test,63.000000,True,2716,76,26.057456,70,21,49,0.814286,0.772109,0.700000,0.666667,0.682927,0.552052,43,6,7,14,0.915452,0.855667,0.855667
lightgbm_balanced_ratio_preserved_noise_mcc_selected_v1,lightgbm_class_weight_balanced,lightgbm,num_leaves,75/25,3,clean,test,75/25,test,63.000000,True,2716,76,26.182771,84,21,63,0.833333,0.777778,0.666667,0.666667,0.666667,0.555556,56,7,7,14,0.896447,0.696228,0.696228
lightgbm_balanced_ratio_preserved_noise_mcc_selected_v1,lightgbm_class_weight_balanced,lightgbm,num_leaves,75/25,3,clean,test,80/20,test,63.000000,True,2716,76,26.315993,105,21,84,0.809524,0.755952,0.518519,0.666667,0.583333,0.468500,71,13,7,14,0.900794,0.774666,0.774666
lightgbm_balanced_ratio_preserved_noise_mcc_selected_v1,lightgbm_class_weight_balanced,lightgbm,num_leaves,75/25,3,clean,test,90/10,test,63.000000,True,2716,76,26.528794,210,21,189,0.857143,0.772487,0.378378,0.666667,0.482759,0.429133,166,23,7,14,0.907533,0.572296,0.572296
lightgbm_balanced_ratio_preserved_noise_mcc_selected_v1,lightgbm_class_weight_balanced,lightgbm,num_leaves,75/25,3,random_flip_10,validation_grid,75/25,valid,15.000000,False,2716,76,11.316619,76,19,57,0.789474,0.807018,0.551724,0.842105,0.666667,0.547343,44,13,3,16,0.891967,0.660651,0.660651
lightgbm_balanced_ratio_preserved_noise_mcc_selected_v1,lightgbm_class_weight_balanced,lightgbm,num_leaves,75/25,3,random_flip_10,validation_grid,75/25,valid,31.000000,True,2716,76,16.859301,76,19,57,0.828947,0.798246,0.636364,0.736842,0.682927,0.569521,49,8,5,14,0.909511,0.770773,0.770773
lightgbm_balanced_ratio_preserved_noise_mcc_selected_v1,lightgbm_class_weight_balanced,lightgbm,num_leaves,75/25,3,random_flip_10,validation_grid,75/25,valid,63.000000,False,2716,76,24.523387,76,19,57,0.802632,0.728070,0.611111,0.578947,0.594595,0.464582,50,7,8,11,0.899354,0.719621,0.719621
lightgbm_balanced_ratio_preserved_noise_mcc_selected_v1,lightgbm_class_weight_balanced,lightgbm,num_leaves,75/25,3,random_flip_10,test,50/50,test,31.000000,True,2716,76,24.603986,42,21,21,0.785714,0.785714,0.800000,0.761905,0.780488,0.572078,17,4,5,16,0.900227,0.894569,0.894569
lightgbm_balanced_ratio_preserved_noise_mcc_selected_v1,lightgbm_class_weight_balanced,lightgbm,num_leaves,75/25,3,random_flip_10,test,60/40,test,31.000000,True,2716,76,24.713755,53,21,32,0.811321,0.802827,0.761905,0.761905,0.761905,0.605655,27,5,5,16,0.897321,0.862170,0.862170
lightgbm_balanced_ratio_preserved_noise_mcc_selected_v1,lightgbm_class_weight_balanced,lightgbm,num_leaves,75/25,3,random_flip_10,test,70/30,test,31.000000,True,2716,76,24.828202,70,21,49,0.800000,0.789116,0.640000,0.761905,0.695652,0.553010,40,9,5,16,0.910593,0.860495,0.860495
lightgbm_balanced_ratio_preserved_noise_mcc_selected_v1,lightgbm_class_weight_balanced,lightgbm,num_leaves,75/25,3,random_flip_10,test,75/25,test,31.000000,True,2716,76,24.958009,84,21,63,0.833333,0.809524,0.640000,0.761905,0.695652,0.586284,54,9,5,16,0.914588,0.807674,0.807674
lightgbm_balanced_ratio_preserved_noise_mcc_selected_v1,lightgbm_class_weight_balanced,lightgbm,num_leaves,75/25,3,random_flip_10,test,80/20,test,31.000000,True,2716,76,25.092040,105,21,84,0.828571,0.803571,0.551724,0.761905,0.640000,0.543168,71,13,5,16,0.916667,0.753378,0.753378
lightgbm_balanced_ratio_preserved_noise_mcc_selected_v1,lightgbm_class_weight_balanced,lightgbm,num_leaves,75/25,3,random_flip_10,test,90/10,test,31.000000,True,2716,76,25.308397,210,21,189,0.852381,0.812169,0.380952,0.761905,0.507937,0.468254,163,26,5,16,0.918619,0.580205,0.580205
lightgbm_balanced_ratio_preserved_noise_mcc_selected_v1,lightgbm_class_weight_balanced,lightgbm,num_leaves,75/25,3,random_flip_20,validation_grid,75/25,valid,15.000000,False,2716,76,10.625465,76,19,57,0.763158,0.719298,0.521739,0.631579,0.571429,0.413407,46,11,7,12,0.871653,0.715567,0.715567
lightgbm_balanced_ratio_preserved_noise_mcc_selected_v1,lightgbm_class_weight_balanced,lightgbm,num_leaves,75/25,3,random_flip_20,validation_grid,75/25,valid,31.000000,False,2716,76,16.600620,76,19,57,0.750000,0.710526,0.500000,0.631579,0.558140,0.392232,45,12,7,12,0.868883,0.718538,0.718538
lightgbm_balanced_ratio_preserved_noise_mcc_selected_v1,lightgbm_class_weight_balanced,lightgbm,num_leaves,75/25,3,random_flip_20,validation_grid,75/25,valid,63.000000,True,2716,76,23.635870,76,19,57,0.842105,0.771930,0.705882,0.631579,0.666667,0.565133,52,5,7,12,0.877193,0.773814,0.773814
lightgbm_balanced_ratio_preserved_noise_mcc_selected_v1,lightgbm_class_weight_balanced,lightgbm,num_leaves,75/25,3,random_flip_20,test,50/50,test,63.000000,True,2716,76,23.720500,42,21,21,0.761905,0.761905,0.923077,0.571429,0.705882,0.566529,20,1,9,12,0.841270,0.871282,0.871282
lightgbm_balanced_ratio_preserved_noise_mcc_selected_v1,lightgbm_class_weight_balanced,lightgbm,num_leaves,75/25,3,random_flip_20,test,60/40,test,63.000000,True,2716,76,23.838459,53,21,32,0.716981,0.691964,0.666667,0.571429,0.615385,0.396520,26,6,9,12,0.739583,0.710487,0.710487
lightgbm_balanced_ratio_preserved_noise_mcc_selected_v1,lightgbm_class_weight_balanced,lightgbm,num_leaves,75/25,3,random_flip_20,test,70/30,test,63.000000,True,2716,76,23.958209,70,21,49,0.771429,0.714286,0.631579,0.571429,0.600000,0.441641,42,7,9,12,0.788144,0.678900,0.678900
lightgbm_balanced_ratio_preserved_noise_mcc_selected_v1,lightgbm_class_weight_balanced,lightgbm,num_leaves,75/25,3,random_flip_20,test,75/25,test,63.000000,True,2716,76,24.087580,84,21,63,0.773810,0.706349,0.545455,0.571429,0.558140,0.406449,53,10,9,12,0.813303,0.627046,0.627046
lightgbm_balanced_ratio_preserved_noise_mcc_selected_v1,lightgbm_class_weight_balanced,lightgbm,num_leaves,75/25,3,random_flip_20,test,80/20,test,63.000000,True,2716,76,24.226150,105,21,84,0.838095,0.738095,0.600000,0.571429,0.585366,0.485071,76,8,9,12,0.817460,0.617996,0.617996
lightgbm_balanced_ratio_preserved_noise_mcc_selected_v1,lightgbm_class_weight_balanced,lightgbm,num_leaves,75/25,3,random_flip_20,test,90/10,test,63.000000,True,2716,76,24.466568,210,21,189,0.885714,0.746032,0.444444,0.571429,0.500000,0.441016,174,15,9,12,0.825649,0.499431,0.499431
lightgbm_balanced_ratio_preserved_noise_mcc_selected_v1,lightgbm_class_weight_balanced,lightgbm,num_leaves,75/25,3,random_fp_10,validation_grid,75/25,valid,15.000000,False,3804,76,11.846762,76,19,57,0.815789,0.842105,0.586207,0.894737,0.708333,0.609896,45,12,2,17,0.909511,0.784135,0.784135
lightgbm_balanced_ratio_preserved_noise_mcc_selected_v1,lightgbm_class_weight_balanced,lightgbm,num_leaves,75/25,3,random_fp_10,validation_grid,75/25,valid,31.000000,False,3804,76,18.637557,76,19,57,0.828947,0.850877,0.607143,0.894737,0.723404,0.629941,46,11,2,17,0.921514,0.822449,0.822449
lightgbm_balanced_ratio_preserved_noise_mcc_selected_v1,lightgbm_class_weight_balanced,lightgbm,num_leaves,75/25,3,random_fp_10,validation_grid,75/25,valid,63.000000,True,3804,76,27.640358,76,19,57,0.855263,0.850877,0.666667,0.842105,0.744186,0.653720,49,8,3,16,0.908587,0.803850,0.803850
lightgbm_balanced_ratio_preserved_noise_mcc_selected_v1,lightgbm_class_weight_balanced,lightgbm,num_leaves,75/25,3,random_fp_10,test,50/50,test,63.000000,True,3804,76,27.722155,42,21,21,0.785714,0.785714,0.875000,0.666667,0.756757,0.588348,19,2,7,14,0.913832,0.913580,0.913580
lightgbm_balanced_ratio_preserved_noise_mcc_selected_v1,lightgbm_class_weight_balanced,lightgbm,num_leaves,75/25,3,random_fp_10,test,60/40,test,63.000000,True,3804,76,27.829676,53,21,32,0.792453,0.770833,0.777778,0.666667,0.717949,0.559431,28,4,7,14,0.860119,0.743291,0.743291
lightgbm_balanced_ratio_preserved_noise_mcc_selected_v1,lightgbm_class_weight_balanced,lightgbm,num_leaves,75/25,3,random_fp_10,test,70/30,test,63.000000,True,3804,76,27.946130,70,21,49,0.771429,0.741497,0.608696,0.666667,0.636364,0.471233,40,9,7,14,0.877551,0.767939,0.767939
lightgbm_balanced_ratio_preserved_noise_mcc_selected_v1,lightgbm_class_weight_balanced,lightgbm,num_leaves,75/25,3,random_fp_10,test,75/25,test,63.000000,True,3804,76,28.067330,84,21,63,0.821429,0.769841,0.636364,0.666667,0.651163,0.531510,55,8,7,14,0.906274,0.730788,0.730788
lightgbm_balanced_ratio_preserved_noise_mcc_selected_v1,lightgbm_class_weight_balanced,lightgbm,num_leaves,75/25,3,random_fp_10,test,80/20,test,63.000000,True,3804,76,28.205665,105,21,84,0.800000,0.750000,0.500000,0.666667,0.571429,0.452267,70,14,7,14,0.888322,0.738923,0.738923
lightgbm_balanced_ratio_preserved_noise_mcc_selected_v1,lightgbm_class_weight_balanced,lightgbm,num_leaves,75/25,3,random_fp_10,test,90/10,test,63.000000,True,3804,76,28.415639,210,21,189,0.819048,0.751323,0.311111,0.666667,0.424242,0.367497,158,31,7,14,0.898463,0.566127,0.566127
lightgbm_balanced_ratio_preserved_noise_mcc_selected_v1,lightgbm_class_weight_balanced,lightgbm,num_leaves,75/25,3,random_fp_20,validation_grid,75/25,valid,15.000000,False,4892,76,14.724468,76,19,57,0.750000,0.763158,0.500000,0.789474,0.612245,0.466252,42,15,4,15,0.879963,0.717277,0.717277
lightgbm_balanced_ratio_preserved_noise_mcc_selected_v1,lightgbm_class_weight_balanced,lightgbm,num_leaves,75/25,3,random_fp_20,validation_grid,75/25,valid,31.000000,True,4892,76,22.079259,76,19,57,0.776316,0.798246,0.533333,0.842105,0.653061,0.528419,43,14,3,16,0.835642,0.650555,0.650555
lightgbm_balanced_ratio_preserved_noise_mcc_selected_v1,lightgbm_class_weight_balanced,lightgbm,num_leaves,75/25,3,random_fp_20,validation_grid,75/25,valid,63.000000,False,4892,76,31.576052,76,19,57,0.789474,0.754386,0.565217,0.684211,0.619048,0.479552,47,10,6,13,0.862419,0.737571,0.737571
lightgbm_balanced_ratio_preserved_noise_mcc_selected_v1,lightgbm_class_weight_balanced,lightgbm,num_leaves,75/25,3,random_fp_20,test,50/50,test,31.000000,True,4892,76,31.655753,42,21,21,0.761905,0.761905,0.761905,0.761905,0.761905,0.523810,16,5,5,16,0.823129,0.858859,0.858859
lightgbm_balanced_ratio_preserved_noise_mcc_selected_v1,lightgbm_class_weight_balanced,lightgbm,num_leaves,75/25,3,random_fp_20,test,60/40,test,31.000000,True,4892,76,31.796942,53,21,32,0.735849,0.740327,0.640000,0.761905,0.695652,0.470944,23,9,5,16,0.809524,0.796586,0.796586
lightgbm_balanced_ratio_preserved_noise_mcc_selected_v1,lightgbm_class_weight_balanced,lightgbm,num_leaves,75/25,3,random_fp_20,test,70/30,test,31.000000,True,4892,76,31.936902,70,21,49,0.757143,0.758503,0.571429,0.761905,0.653061,0.483616,37,12,5,16,0.837707,0.753746,0.753746
lightgbm_balanced_ratio_preserved_noise_mcc_selected_v1,lightgbm_class_weight_balanced,lightgbm,num_leaves,75/25,3,random_fp_20,test,75/25,test,31.000000,True,4892,76,32.066823,84,21,63,0.773810,0.769841,0.533333,0.761905,0.627451,0.487709,49,14,5,16,0.848073,0.655558,0.655558
lightgbm_balanced_ratio_preserved_noise_mcc_selected_v1,lightgbm_class_weight_balanced,lightgbm,num_leaves,75/25,3,random_fp_20,test,80/20,test,31.000000,True,4892,76,32.229406,105,21,84,0.771429,0.767857,0.457143,0.761905,0.571429,0.454569,65,19,5,16,0.846939,0.695469,0.695469
lightgbm_balanced_ratio_preserved_noise_mcc_selected_v1,lightgbm_class_weight_balanced,lightgbm,num_leaves,75/25,3,random_fp_20,test,90/10,test,31.000000,True,4892,76,32.457928,210,21,189,0.771429,0.767196,0.271186,0.761905,0.400000,0.356686,146,43,5,16,0.854119,0.528895,0.528895
lightgbm_balanced_ratio_preserved_noise_mcc_selected_v1,lightgbm_class_weight_balanced,lightgbm,num_leaves,75/25,3,heuristic_fp_10,validation_grid,75/25,valid,15.000000,False,3804,76,11.907224,76,19,57,0.789474,0.824561,0.548387,0.894737,0.680000,0.571945,43,14,2,17,0.850416,0.594068,0.594068
lightgbm_balanced_ratio_preserved_noise_mcc_selected_v1,lightgbm_class_weight_balanced,lightgbm,num_leaves,75/25,3,heuristic_fp_10,validation_grid,75/25,valid,31.000000,False,3804,76,18.622724,76,19,57,0.776316,0.815789,0.531250,0.894737,0.666667,0.553912,42,15,2,17,0.862419,0.624016,0.624016
lightgbm_balanced_ratio_preserved_noise_mcc_selected_v1,lightgbm_class_weight_balanced,lightgbm,num_leaves,75/25,3,heuristic_fp_10,validation_grid,75/25,valid,63.000000,True,3804,76,26.997297,76,19,57,0.802632,0.833333,0.566667,0.894737,0.693878,0.590586,44,13,2,17,0.862419,0.674501,0.674501
lightgbm_balanced_ratio_preserved_noise_mcc_selected_v1,lightgbm_class_weight_balanced,lightgbm,num_leaves,75/25,3,heuristic_fp_10,test,50/50,test,63.000000,True,3804,76,27.085256,42,21,21,0.880952,0.880952,0.900000,0.857143,0.878049,0.762770,19,2,3,18,0.927438,0.910550,0.910550
lightgbm_balanced_ratio_preserved_noise_mcc_selected_v1,lightgbm_class_weight_balanced,lightgbm,num_leaves,75/25,3,heuristic_fp_10,test,60/40,test,63.000000,True,3804,76,27.195027,53,21,32,0.811321,0.819196,0.720000,0.857143,0.782609,0.625495,25,7,3,18,0.883929,0.739387,0.739387
lightgbm_balanced_ratio_preserved_noise_mcc_selected_v1,lightgbm_class_weight_balanced,lightgbm,num_leaves,75/25,3,heuristic_fp_10,test,70/30,test,63.000000,True,3804,76,27.311281,70,21,49,0.800000,0.816327,0.620690,0.857143,0.720000,0.588549,38,11,3,18,0.894072,0.718772,0.718772
lightgbm_balanced_ratio_preserved_noise_mcc_selected_v1,lightgbm_class_weight_balanced,lightgbm,num_leaves,75/25,3,heuristic_fp_10,test,75/25,test,63.000000,True,3804,76,27.433859,84,21,63,0.857143,0.857143,0.666667,0.857143,0.750000,0.662266,54,9,3,18,0.904006,0.672653,0.672653
lightgbm_balanced_ratio_preserved_noise_mcc_selected_v1,lightgbm_class_weight_balanced,lightgbm,num_leaves,75/25,3,heuristic_fp_10,test,80/20,test,63.000000,True,3804,76,27.571944,105,21,84,0.828571,0.839286,0.545455,0.857143,0.666667,0.584685,69,15,3,18,0.920068,0.727898,0.727898
lightgbm_balanced_ratio_preserved_noise_mcc_selected_v1,lightgbm_class_weight_balanced,lightgbm,num_leaves,75/25,3,heuristic_fp_10,test,90/10,test,63.000000,True,3804,76,27.783652,210,21,189,0.833333,0.843915,0.360000,0.857143,0.507042,0.484481,157,32,3,18,0.927438,0.606500,0.606500
lightgbm_balanced_ratio_preserved_noise_mcc_selected_v1,lightgbm_class_weight_balanced,lightgbm,num_leaves,75/25,3,heuristic_fp_20,validation_grid,75/25,valid,15.000000,False,4892,76,13.471366,76,19,57,0.697368,0.780702,0.450000,0.947368,0.610169,0.486864,35,22,1,18,0.866113,0.714159,0.714159
lightgbm_balanced_ratio_preserved_noise_mcc_selected_v1,lightgbm_class_weight_balanced,lightgbm,num_leaves,75/25,3,heuristic_fp_20,validation_grid,75/25,valid,31.000000,False,4892,76,21.215054,76,19,57,0.736842,0.807018,0.486486,0.947368,0.642857,0.531954,38,19,1,18,0.850416,0.588245,0.588245
lightgbm_balanced_ratio_preserved_noise_mcc_selected_v1,lightgbm_class_weight_balanced,lightgbm,num_leaves,75/25,3,heuristic_fp_20,validation_grid,75/25,valid,63.000000,True,4892,76,33.300005,76,19,57,0.776316,0.833333,0.529412,0.947368,0.679245,0.580576,41,16,1,18,0.902124,0.685455,0.685455
lightgbm_balanced_ratio_preserved_noise_mcc_selected_v1,lightgbm_class_weight_balanced,lightgbm,num_leaves,75/25,3,heuristic_fp_20,test,50/50,test,63.000000,True,4892,76,33.386046,42,21,21,0.785714,0.785714,0.800000,0.761905,0.780488,0.572078,17,4,5,16,0.902494,0.883262,0.883262
lightgbm_balanced_ratio_preserved_noise_mcc_selected_v1,lightgbm_class_weight_balanced,lightgbm,num_leaves,75/25,3,heuristic_fp_20,test,60/40,test,63.000000,True,4892,76,33.498285,53,21,32,0.735849,0.740327,0.640000,0.761905,0.695652,0.470944,23,9,5,16,0.831845,0.719528,0.719528
lightgbm_balanced_ratio_preserved_noise_mcc_selected_v1,lightgbm_class_weight_balanced,lightgbm,num_leaves,75/25,3,heuristic_fp_20,test,70/30,test,63.000000,True,4892,76,33.650849,70,21,49,0.742857,0.748299,0.551724,0.761905,0.640000,0.461979,36,13,5,16,0.848397,0.707622,0.707622
lightgbm_balanced_ratio_preserved_noise_mcc_selected_v1,lightgbm_class_weight_balanced,lightgbm,num_leaves,75/25,3,heuristic_fp_20,test,75/25,test,63.000000,True,4892,76,33.774135,84,21,63,0.738095,0.746032,0.484848,0.761905,0.592593,0.436274,46,17,5,16,0.843537,0.630178,0.630178
lightgbm_balanced_ratio_preserved_noise_mcc_selected_v1,lightgbm_class_weight_balanced,lightgbm,num_leaves,75/25,3,heuristic_fp_20,test,80/20,test,63.000000,True,4892,76,33.912034,105,21,84,0.742857,0.750000,0.421053,0.761905,0.542373,0.416189,62,22,5,16,0.873016,0.661111,0.661111
lightgbm_balanced_ratio_preserved_noise_mcc_selected_v1,lightgbm_class_weight_balanced,lightgbm,num_leaves,75/25,3,heuristic_fp_20,test,90/10,test,63.000000,True,4892,76,34.126519,210,21,189,0.723810,0.740741,0.231884,0.761905,0.355556,0.307529,136,53,5,16,0.860670,0.484639,0.484639
lightgbm_balanced_ratio_preserved_noise_mcc_selected_v1,lightgbm_class_weight_balanced,lightgbm,num_leaves,75/25,4,clean,validation_grid,75/25,valid,15.000000,False,2716,76,10.185692,76,19,57,0.815789,0.859649,0.580645,0.947368,0.720000,0.633776,44,13,1,18,0.911357,0.774727,0.774727
lightgbm_balanced_ratio_preserved_noise_mcc_selected_v1,lightgbm_class_weight_balanced,lightgbm,num_leaves,75/25,4,clean,validation_grid,75/25,valid,31.000000,False,2716,76,16.108259,76,19,57,0.855263,0.868421,0.653846,0.894737,0.755556,0.672538,48,9,2,17,0.930748,0.820949,0.820949
lightgbm_balanced_ratio_preserved_noise_mcc_selected_v1,lightgbm_class_weight_balanced,lightgbm,num_leaves,75/25,4,clean,validation_grid,75/25,valid,63.000000,True,2716,76,23.678437,76,19,57,0.881579,0.850877,0.750000,0.789474,0.769231,0.690066,52,5,4,15,0.932595,0.832813,0.832813
lightgbm_balanced_ratio_preserved_noise_mcc_selected_v1,lightgbm_class_weight_balanced,lightgbm,num_leaves,75/25,4,clean,test,50/50,test,63.000000,True,2716,76,23.770709,42,21,21,0.857143,0.857143,0.941176,0.761905,0.842105,0.727607,20,1,5,16,0.895692,0.903645,0.903645
lightgbm_balanced_ratio_preserved_noise_mcc_selected_v1,lightgbm_class_weight_balanced,lightgbm,num_leaves,75/25,4,clean,test,60/40,test,63.000000,True,2716,76,23.960499,53,21,32,0.811321,0.802827,0.761905,0.761905,0.761905,0.605655,27,5,5,16,0.880952,0.833533,0.833533
lightgbm_balanced_ratio_preserved_noise_mcc_selected_v1,lightgbm_class_weight_balanced,lightgbm,num_leaves,75/25,4,clean,test,70/30,test,63.000000,True,2716,76,24.086822,70,21,49,0.800000,0.789116,0.640000,0.761905,0.695652,0.553010,40,9,5,16,0.848397,0.745170,0.745170
lightgbm_balanced_ratio_preserved_noise_mcc_selected_v1,lightgbm_class_weight_balanced,lightgbm,num_leaves,75/25,4,clean,test,75/25,test,63.000000,True,2716,76,24.231568,84,21,63,0.857143,0.825397,0.695652,0.761905,0.727273,0.631967,56,7,5,16,0.884354,0.712866,0.712866
lightgbm_balanced_ratio_preserved_noise_mcc_selected_v1,lightgbm_class_weight_balanced,lightgbm,num_leaves,75/25,4,clean,test,80/20,test,63.000000,True,2716,76,24.373499,105,21,84,0.876190,0.833333,0.666667,0.761905,0.711111,0.635053,76,8,5,16,0.908163,0.794899,0.794899
lightgbm_balanced_ratio_preserved_noise_mcc_selected_v1,lightgbm_class_weight_balanced,lightgbm,num_leaves,75/25,4,clean,test,90/10,test,63.000000,True,2716,76,24.632186,210,21,189,0.866667,0.820106,0.410256,0.761905,0.533333,0.493894,166,23,5,16,0.880071,0.582720,0.582720
lightgbm_balanced_ratio_preserved_noise_mcc_selected_v1,lightgbm_class_weight_balanced,lightgbm,num_leaves,75/25,4,random_flip_10,validation_grid,75/25,valid,15.000000,False,2716,76,10.033639,76,19,57,0.789474,0.824561,0.548387,0.894737,0.680000,0.571945,43,14,2,17,0.909511,0.804211,0.804211
lightgbm_balanced_ratio_preserved_noise_mcc_selected_v1,lightgbm_class_weight_balanced,lightgbm,num_leaves,75/25,4,random_flip_10,validation_grid,75/25,valid,31.000000,True,2716,76,15.544784,76,19,57,0.868421,0.877193,0.680000,0.894737,0.772727,0.695269,49,8,2,17,0.939982,0.860193,0.860193
lightgbm_balanced_ratio_preserved_noise_mcc_selected_v1,lightgbm_class_weight_balanced,lightgbm,num_leaves,75/25,4,random_flip_10,validation_grid,75/25,valid,63.000000,False,2716,76,23.142260,76,19,57,0.881579,0.850877,0.750000,0.789474,0.769231,0.690066,52,5,4,15,0.937211,0.836975,0.836975
lightgbm_balanced_ratio_preserved_noise_mcc_selected_v1,lightgbm_class_weight_balanced,lightgbm,num_leaves,75/25,4,random_flip_10,test,50/50,test,31.000000,True,2716,76,23.237251,42,21,21,0.809524,0.809524,0.782609,0.857143,0.818182,0.621874,16,5,3,18,0.875283,0.908446,0.908446
lightgbm_balanced_ratio_preserved_noise_mcc_selected_v1,lightgbm_class_weight_balanced,lightgbm,num_leaves,75/25,4,random_flip_10,test,60/40,test,31.000000,True,2716,76,23.413002,53,21,32,0.830189,0.834821,0.750000,0.857143,0.800000,0.657996,26,6,3,18,0.813988,0.742752,0.742752
lightgbm_balanced_ratio_preserved_noise_mcc_selected_v1,lightgbm_class_weight_balanced,lightgbm,num_leaves,75/25,4,random_flip_10,test,70/30,test,31.000000,True,2716,76,23.557251,70,21,49,0.757143,0.785714,0.562500,0.857143,0.679245,0.525657,35,14,3,18,0.806608,0.704757,0.704757
lightgbm_balanced_ratio_preserved_noise_mcc_selected_v1,lightgbm_class_weight_balanced,lightgbm,num_leaves,75/25,4,random_flip_10,test,75/25,test,31.000000,True,2716,76,23.764367,84,21,63,0.857143,0.857143,0.666667,0.857143,0.750000,0.662266,54,9,3,18,0.844293,0.591167,0.591167
lightgbm_balanced_ratio_preserved_noise_mcc_selected_v1,lightgbm_class_weight_balanced,lightgbm,num_leaves,75/25,4,random_flip_10,test,80/20,test,31.000000,True,2716,76,23.907172,105,21,84,0.914286,0.892857,0.750000,0.857143,0.800000,0.748455,78,6,3,18,0.886054,0.790717,0.790717
lightgbm_balanced_ratio_preserved_noise_mcc_selected_v1,lightgbm_class_weight_balanced,lightgbm,num_leaves,75/25,4,random_flip_10,test,90/10,test,31.000000,True,2716,76,24.189454,210,21,189,0.838095,0.846561,0.367347,0.857143,0.514286,0.491631,158,31,3,18,0.850844,0.423369,0.423369
lightgbm_balanced_ratio_preserved_noise_mcc_selected_v1,lightgbm_class_weight_balanced,lightgbm,num_leaves,75/25,4,random_flip_20,validation_grid,75/25,valid,15.000000,True,2716,76,10.035138,76,19,57,0.776316,0.780702,0.535714,0.789474,0.638298,0.503953,44,13,4,15,0.821791,0.601010,0.601010
lightgbm_balanced_ratio_preserved_noise_mcc_selected_v1,lightgbm_class_weight_balanced,lightgbm,num_leaves,75/25,4,random_flip_20,validation_grid,75/25,valid,31.000000,False,2716,76,18.229925,76,19,57,0.776316,0.728070,0.545455,0.631579,0.585366,0.435516,47,10,7,12,0.795937,0.617362,0.617362
lightgbm_balanced_ratio_preserved_noise_mcc_selected_v1,lightgbm_class_weight_balanced,lightgbm,num_leaves,75/25,4,random_flip_20,validation_grid,75/25,valid,63.000000,False,2716,76,25.622775,76,19,57,0.815789,0.684211,0.727273,0.421053,0.533333,0.453425,54,3,11,8,0.742382,0.609169,0.609169
lightgbm_balanced_ratio_preserved_noise_mcc_selected_v1,lightgbm_class_weight_balanced,lightgbm,num_leaves,75/25,4,random_flip_20,test,50/50,test,15.000000,True,2716,76,25.713468,42,21,21,0.809524,0.809524,0.882353,0.714286,0.789474,0.630593,19,2,6,15,0.904762,0.911565,0.911565
lightgbm_balanced_ratio_preserved_noise_mcc_selected_v1,lightgbm_class_weight_balanced,lightgbm,num_leaves,75/25,4,random_flip_20,test,60/40,test,15.000000,True,2716,76,25.874255,53,21,32,0.773585,0.763393,0.714286,0.714286,0.714286,0.526786,26,6,6,15,0.843750,0.752859,0.752859
lightgbm_balanced_ratio_preserved_noise_mcc_selected_v1,lightgbm_class_weight_balanced,lightgbm,num_leaves,75/25,4,random_flip_20,test,70/30,test,15.000000,True,2716,76,25.999550,70,21,49,0.685714,0.693878,0.483871,0.714286,0.576923,0.357727,33,16,6,15,0.786200,0.605855,0.605855
lightgbm_balanced_ratio_preserved_noise_mcc_selected_v1,lightgbm_class_weight_balanced,lightgbm,num_leaves,75/25,4,random_flip_20,test,75/25,test,15.000000,True,2716,76,26.165842,84,21,63,0.797619,0.769841,0.576923,0.714286,0.638298,0.505496,52,11,6,15,0.854119,0.596556,0.596556
lightgbm_balanced_ratio_preserved_noise_mcc_selected_v1,lightgbm_class_weight_balanced,lightgbm,num_leaves,75/25,4,random_flip_20,test,80/20,test,15.000000,True,2716,76,26.324782,105,21,84,0.800000,0.767857,0.500000,0.714286,0.588235,0.474342,69,15,6,15,0.871882,0.618880,0.618880
lightgbm_balanced_ratio_preserved_noise_mcc_selected_v1,lightgbm_class_weight_balanced,lightgbm,num_leaves,75/25,4,random_flip_20,test,90/10,test,15.000000,True,2716,76,26.617763,210,21,189,0.804762,0.764550,0.300000,0.714286,0.422535,0.372678,154,35,6,15,0.849332,0.375847,0.375847
lightgbm_balanced_ratio_preserved_noise_mcc_selected_v1,lightgbm_class_weight_balanced,lightgbm,num_leaves,75/25,4,random_fp_10,validation_grid,75/25,valid,15.000000,False,3804,76,12.597573,76,19,57,0.815789,0.859649,0.580645,0.947368,0.720000,0.633776,44,13,1,18,0.914127,0.715874,0.715874
lightgbm_balanced_ratio_preserved_noise_mcc_selected_v1,lightgbm_class_weight_balanced,lightgbm,num_leaves,75/25,4,random_fp_10,validation_grid,75/25,valid,31.000000,True,3804,76,19.020034,76,19,57,0.868421,0.877193,0.680000,0.894737,0.772727,0.695269,49,8,2,17,0.925208,0.819439,0.819439
lightgbm_balanced_ratio_preserved_noise_mcc_selected_v1,lightgbm_class_weight_balanced,lightgbm,num_leaves,75/25,4,random_fp_10,validation_grid,75/25,valid,63.000000,False,3804,76,28.049960,76,19,57,0.855263,0.868421,0.653846,0.894737,0.755556,0.672538,48,9,2,17,0.928901,0.820598,0.820598
lightgbm_balanced_ratio_preserved_noise_mcc_selected_v1,lightgbm_class_weight_balanced,lightgbm,num_leaves,75/25,4,random_fp_10,test,50/50,test,31.000000,True,3804,76,28.144952,42,21,21,0.857143,0.857143,0.857143,0.857143,0.857143,0.714286,18,3,3,18,0.936508,0.952918,0.952918
lightgbm_balanced_ratio_preserved_noise_mcc_selected_v1,lightgbm_class_weight_balanced,lightgbm,num_leaves,75/25,4,random_fp_10,test,60/40,test,31.000000,True,3804,76,28.328347,53,21,32,0.792453,0.803571,0.692308,0.857143,0.765957,0.594028,24,8,3,18,0.870536,0.809502,0.809502
lightgbm_balanced_ratio_preserved_noise_mcc_selected_v1,lightgbm_class_weight_balanced,lightgbm,num_leaves,75/25,4,random_fp_10,test,70/30,test,31.000000,True,3804,76,28.491165,70,21,49,0.742857,0.775510,0.545455,0.857143,0.666667,0.505845,34,15,3,18,0.864917,0.777070,0.777070
lightgbm_balanced_ratio_preserved_noise_mcc_selected_v1,lightgbm_class_weight_balanced,lightgbm,num_leaves,75/25,4,random_fp_10,test,75/25,test,31.000000,True,3804,76,28.665105,84,21,63,0.797619,0.817460,0.562500,0.857143,0.679245,0.566139,49,14,3,18,0.883598,0.651416,0.651416
lightgbm_balanced_ratio_preserved_noise_mcc_selected_v1,lightgbm_class_weight_balanced,lightgbm,num_leaves,75/25,4,random_fp_10,test,80/20,test,31.000000,True,3804,76,28.812821,105,21,84,0.847619,0.851190,0.580645,0.857143,0.692308,0.615921,71,13,3,18,0.921202,0.819530,0.819530
lightgbm_balanced_ratio_preserved_noise_mcc_selected_v1,lightgbm_class_weight_balanced,lightgbm,num_leaves,75/25,4,random_fp_10,test,90/10,test,31.000000,True,3804,76,29.078475,210,21,189,0.819048,0.835979,0.339623,0.857143,0.486486,0.464082,154,35,3,18,0.895188,0.520647,0.520647
lightgbm_balanced_ratio_preserved_noise_mcc_selected_v1,lightgbm_class_weight_balanced,lightgbm,num_leaves,75/25,4,random_fp_20,validation_grid,75/25,valid,15.000000,True,4892,76,19.392993,76,19,57,0.789474,0.824561,0.548387,0.894737,0.680000,0.571945,43,14,2,17,0.861496,0.717799,0.717799
lightgbm_balanced_ratio_preserved_noise_mcc_selected_v1,lightgbm_class_weight_balanced,lightgbm,num_leaves,75/25,4,random_fp_20,validation_grid,75/25,valid,31.000000,False,4892,76,27.756579,76,19,57,0.776316,0.780702,0.535714,0.789474,0.638298,0.503953,44,13,4,15,0.878116,0.723882,0.723882
lightgbm_balanced_ratio_preserved_noise_mcc_selected_v1,lightgbm_class_weight_balanced,lightgbm,num_leaves,75/25,4,random_fp_20,validation_grid,75/25,valid,63.000000,False,4892,76,39.184205,76,19,57,0.828947,0.798246,0.636364,0.736842,0.682927,0.569521,49,8,5,14,0.886427,0.781993,0.781993
lightgbm_balanced_ratio_preserved_noise_mcc_selected_v1,lightgbm_class_weight_balanced,lightgbm,num_leaves,75/25,4,random_fp_20,test,50/50,test,15.000000,True,4892,76,39.275414,42,21,21,0.785714,0.785714,0.800000,0.761905,0.780488,0.572078,17,4,5,16,0.877551,0.898801,0.898801
lightgbm_balanced_ratio_preserved_noise_mcc_selected_v1,lightgbm_class_weight_balanced,lightgbm,num_leaves,75/25,4,random_fp_20,test,60/40,test,15.000000,True,4892,76,39.439481,53,21,32,0.735849,0.740327,0.640000,0.761905,0.695652,0.470944,23,9,5,16,0.833333,0.781044,0.781044
lightgbm_balanced_ratio_preserved_noise_mcc_selected_v1,lightgbm_class_weight_balanced,lightgbm,num_leaves,75/25,4,random_fp_20,test,70/30,test,15.000000,True,4892,76,39.573686,70,21,49,0.700000,0.717687,0.500000,0.761905,0.603774,0.400501,33,16,5,16,0.821186,0.713914,0.713914
lightgbm_balanced_ratio_preserved_noise_mcc_selected_v1,lightgbm_class_weight_balanced,lightgbm,num_leaves,75/25,4,random_fp_20,test,75/25,test,15.000000,True,4892,76,39.718315,84,21,63,0.750000,0.753968,0.500000,0.761905,0.603774,0.452911,47,16,5,16,0.839758,0.659704,0.659704
lightgbm_balanced_ratio_preserved_noise_mcc_selected_v1,lightgbm_class_weight_balanced,lightgbm,num_leaves,75/25,4,random_fp_20,test,80/20,test,15.000000,True,4892,76,39.849066,105,21,84,0.809524,0.791667,0.516129,0.761905,0.615385,0.511528,69,15,5,16,0.895125,0.805056,0.805056
lightgbm_balanced_ratio_preserved_noise_mcc_selected_v1,lightgbm_class_weight_balanced,lightgbm,num_leaves,75/25,4,random_fp_20,test,90/10,test,15.000000,True,4892,76,40.105205,210,21,189,0.766667,0.764550,0.266667,0.761905,0.395062,0.351364,145,44,5,16,0.863694,0.501054,0.501054
lightgbm_balanced_ratio_preserved_noise_mcc_selected_v1,lightgbm_class_weight_balanced,lightgbm,num_leaves,75/25,4,heuristic_fp_10,validation_grid,75/25,valid,15.000000,False,3804,76,11.618999,76,19,57,0.802632,0.833333,0.566667,0.894737,0.693878,0.590586,44,13,2,17,0.890120,0.760546,0.760546
lightgbm_balanced_ratio_preserved_noise_mcc_selected_v1,lightgbm_class_weight_balanced,lightgbm,num_leaves,75/25,4,heuristic_fp_10,validation_grid,75/25,valid,31.000000,True,3804,76,17.647456,76,19,57,0.815789,0.842105,0.586207,0.894737,0.708333,0.609896,45,12,2,17,0.896584,0.782513,0.782513
lightgbm_balanced_ratio_preserved_noise_mcc_selected_v1,lightgbm_class_weight_balanced,lightgbm,num_leaves,75/25,4,heuristic_fp_10,validation_grid,75/25,valid,63.000000,False,3804,76,26.794343,76,19,57,0.815789,0.824561,0.592593,0.842105,0.695652,0.587302,46,11,3,16,0.904894,0.769351,0.769351
lightgbm_balanced_ratio_preserved_noise_mcc_selected_v1,lightgbm_class_weight_balanced,lightgbm,num_leaves,75/25,4,heuristic_fp_10,test,50/50,test,31.000000,True,3804,76,26.886375,42,21,21,0.857143,0.857143,0.857143,0.857143,0.857143,0.714286,18,3,3,18,0.909297,0.870565,0.870565
lightgbm_balanced_ratio_preserved_noise_mcc_selected_v1,lightgbm_class_weight_balanced,lightgbm,num_leaves,75/25,4,heuristic_fp_10,test,60/40,test,31.000000,True,3804,76,27.053050,53,21,32,0.811321,0.819196,0.720000,0.857143,0.782609,0.625495,25,7,3,18,0.888393,0.802446,0.802446
lightgbm_balanced_ratio_preserved_noise_mcc_selected_v1,lightgbm_class_weight_balanced,lightgbm,num_leaves,75/25,4,heuristic_fp_10,test,70/30,test,31.000000,True,3804,76,27.169394,70,21,49,0.757143,0.785714,0.562500,0.857143,0.679245,0.525657,35,14,3,18,0.871720,0.700303,0.700303
lightgbm_balanced_ratio_preserved_noise_mcc_selected_v1,lightgbm_class_weight_balanced,lightgbm,num_leaves,75/25,4,heuristic_fp_10,test,75/25,test,31.000000,True,3804,76,27.316008,84,21,63,0.857143,0.857143,0.666667,0.857143,0.750000,0.662266,54,9,3,18,0.914588,0.684880,0.684880
lightgbm_balanced_ratio_preserved_noise_mcc_selected_v1,lightgbm_class_weight_balanced,lightgbm,num_leaves,75/25,4,heuristic_fp_10,test,80/20,test,31.000000,True,3804,76,27.455405,105,21,84,0.847619,0.851190,0.580645,0.857143,0.692308,0.615921,71,13,3,18,0.942744,0.761225,0.761225
lightgbm_balanced_ratio_preserved_noise_mcc_selected_v1,lightgbm_class_weight_balanced,lightgbm,num_leaves,75/25,4,heuristic_fp_10,test,90/10,test,31.000000,True,3804,76,27.702663,210,21,189,0.800000,0.825397,0.315789,0.857143,0.461538,0.439037,150,39,3,18,0.907785,0.472154,0.472154
lightgbm_balanced_ratio_preserved_noise_mcc_selected_v1,lightgbm_class_weight_balanced,lightgbm,num_leaves,75/25,4,heuristic_fp_20,validation_grid,75/25,valid,15.000000,False,4892,76,13.743365,76,19,57,0.750000,0.815789,0.500000,0.947368,0.654545,0.547723,39,18,1,18,0.823638,0.585308,0.585308
lightgbm_balanced_ratio_preserved_noise_mcc_selected_v1,lightgbm_class_weight_balanced,lightgbm,num_leaves,75/25,4,heuristic_fp_20,validation_grid,75/25,valid,31.000000,True,4892,76,20.866740,76,19,57,0.776316,0.833333,0.529412,0.947368,0.679245,0.580576,41,16,1,18,0.842105,0.593113,0.593113
lightgbm_balanced_ratio_preserved_noise_mcc_selected_v1,lightgbm_class_weight_balanced,lightgbm,num_leaves,75/25,4,heuristic_fp_20,validation_grid,75/25,valid,63.000000,False,4892,76,30.904071,76,19,57,0.776316,0.798246,0.533333,0.842105,0.653061,0.528419,43,14,3,16,0.859649,0.683896,0.683896
lightgbm_balanced_ratio_preserved_noise_mcc_selected_v1,lightgbm_class_weight_balanced,lightgbm,num_leaves,75/25,4,heuristic_fp_20,test,50/50,test,31.000000,True,4892,76,30.998497,42,21,21,0.880952,0.880952,0.833333,0.952381,0.888889,0.769800,17,4,1,20,0.927438,0.926079,0.926079
lightgbm_balanced_ratio_preserved_noise_mcc_selected_v1,lightgbm_class_weight_balanced,lightgbm,num_leaves,75/25,4,heuristic_fp_20,test,60/40,test,31.000000,True,4892,76,31.175354,53,21,32,0.830189,0.851190,0.714286,0.952381,0.816327,0.688190,24,8,1,20,0.864583,0.759430,0.759430
lightgbm_balanced_ratio_preserved_noise_mcc_selected_v1,lightgbm_class_weight_balanced,lightgbm,num_leaves,75/25,4,heuristic_fp_20,test,70/30,test,31.000000,True,4892,76,31.295675,70,21,49,0.742857,0.802721,0.540541,0.952381,0.689655,0.555805,32,17,1,20,0.880466,0.746402,0.746402
lightgbm_balanced_ratio_preserved_noise_mcc_selected_v1,lightgbm_class_weight_balanced,lightgbm,num_leaves,75/25,4,heuristic_fp_20,test,75/25,test,31.000000,True,4892,76,31.439998,84,21,63,0.797619,0.849206,0.555556,0.952381,0.701754,0.611111,47,16,1,20,0.874528,0.573706,0.573706
lightgbm_balanced_ratio_preserved_noise_mcc_selected_v1,lightgbm_class_weight_balanced,lightgbm,num_leaves,75/25,4,heuristic_fp_20,test,80/20,test,31.000000,True,4892,76,31.575084,105,21,84,0.780952,0.845238,0.476190,0.952381,0.634921,0.563771,62,22,1,20,0.930272,0.724144,0.724144
lightgbm_balanced_ratio_preserved_noise_mcc_selected_v1,lightgbm_class_weight_balanced,lightgbm,num_leaves,75/25,4,heuristic_fp_20,test,90/10,test,31.000000,True,4892,76,31.875047,210,21,189,0.738095,0.833333,0.270270,0.952381,0.421053,0.418662,135,54,1,20,0.897455,0.445557,0.445557
lightgbm_balanced_ratio_preserved_noise_mcc_selected_v1,lightgbm_class_weight_balanced,lightgbm,num_leaves,75/25,5,clean,validation_grid,75/25,valid,15.000000,False,2716,76,10.474973,76,19,57,0.763158,0.824561,0.514286,0.947368,0.666667,0.563917,40,17,1,18,0.902124,0.730806,0.730806
lightgbm_balanced_ratio_preserved_noise_mcc_selected_v1,lightgbm_class_weight_balanced,lightgbm,num_leaves,75/25,5,clean,validation_grid,75/25,valid,31.000000,True,2716,76,18.270149,76,19,57,0.828947,0.850877,0.607143,0.894737,0.723404,0.629941,46,11,2,17,0.897507,0.736019,0.736019
lightgbm_balanced_ratio_preserved_noise_mcc_selected_v1,lightgbm_class_weight_balanced,lightgbm,num_leaves,75/25,5,clean,validation_grid,75/25,valid,63.000000,False,2716,76,27.382021,76,19,57,0.855263,0.815789,0.700000,0.736842,0.717949,0.621059,51,6,5,14,0.906741,0.779095,0.779095
lightgbm_balanced_ratio_preserved_noise_mcc_selected_v1,lightgbm_class_weight_balanced,lightgbm,num_leaves,75/25,5,clean,test,50/50,test,31.000000,True,2716,76,27.468690,42,21,21,0.857143,0.857143,0.894737,0.809524,0.850000,0.717547,19,2,4,17,0.886621,0.826664,0.826664
lightgbm_balanced_ratio_preserved_noise_mcc_selected_v1,lightgbm_class_weight_balanced,lightgbm,num_leaves,75/25,5,clean,test,60/40,test,31.000000,True,2716,76,27.566727,53,21,32,0.811321,0.811012,0.739130,0.809524,0.772727,0.613857,26,6,4,17,0.875000,0.794314,0.794314
lightgbm_balanced_ratio_preserved_noise_mcc_selected_v1,lightgbm_class_weight_balanced,lightgbm,num_leaves,75/25,5,clean,test,70/30,test,31.000000,True,2716,76,27.665639,70,21,49,0.828571,0.823129,0.680000,0.809524,0.739130,0.618070,41,8,4,17,0.898931,0.824952,0.824952
lightgbm_balanced_ratio_preserved_noise_mcc_selected_v1,lightgbm_class_weight_balanced,lightgbm,num_leaves,75/25,5,clean,test,75/25,test,31.000000,True,2716,76,27.772162,84,21,63,0.857143,0.841270,0.680000,0.809524,0.739130,0.646416,55,8,4,17,0.907785,0.731341,0.731341
lightgbm_balanced_ratio_preserved_noise_mcc_selected_v1,lightgbm_class_weight_balanced,lightgbm,num_leaves,75/25,5,clean,test,80/20,test,31.000000,True,2716,76,27.941182,105,21,84,0.780952,0.791667,0.472222,0.809524,0.596491,0.491576,65,19,4,17,0.884921,0.662624,0.662624
lightgbm_balanced_ratio_preserved_noise_mcc_selected_v1,lightgbm_class_weight_balanced,lightgbm,num_leaves,75/25,5,clean,test,90/10,test,31.000000,True,2716,76,28.228750,210,21,189,0.861905,0.838624,0.404762,0.809524,0.539683,0.507937,164,25,4,17,0.894180,0.499955,0.499955
lightgbm_balanced_ratio_preserved_noise_mcc_selected_v1,lightgbm_class_weight_balanced,lightgbm,num_leaves,75/25,5,random_flip_10,validation_grid,75/25,valid,15.000000,True,2716,76,9.748788,76,19,57,0.763158,0.807018,0.515152,0.894737,0.653846,0.536434,41,16,2,17,0.861496,0.656819,0.656819
lightgbm_balanced_ratio_preserved_noise_mcc_selected_v1,lightgbm_class_weight_balanced,lightgbm,num_leaves,75/25,5,random_flip_10,validation_grid,75/25,valid,31.000000,False,2716,76,15.139354,76,19,57,0.736842,0.719298,0.481481,0.684211,0.565217,0.396825,43,14,6,13,0.836565,0.607684,0.607684
lightgbm_balanced_ratio_preserved_noise_mcc_selected_v1,lightgbm_class_weight_balanced,lightgbm,num_leaves,75/25,5,random_flip_10,validation_grid,75/25,valid,63.000000,False,2716,76,23.804116,76,19,57,0.776316,0.710526,0.550000,0.578947,0.564103,0.414039,48,9,8,11,0.864266,0.693922,0.693922
lightgbm_balanced_ratio_preserved_noise_mcc_selected_v1,lightgbm_class_weight_balanced,lightgbm,num_leaves,75/25,5,random_flip_10,test,50/50,test,15.000000,True,2716,76,23.929119,42,21,21,0.833333,0.833333,0.818182,0.857143,0.837209,0.667424,17,4,3,18,0.870748,0.806277,0.806277
lightgbm_balanced_ratio_preserved_noise_mcc_selected_v1,lightgbm_class_weight_balanced,lightgbm,num_leaves,75/25,5,random_flip_10,test,60/40,test,15.000000,True,2716,76,24.044015,53,21,32,0.830189,0.834821,0.750000,0.857143,0.800000,0.657996,26,6,3,18,0.919643,0.865301,0.865301
lightgbm_balanced_ratio_preserved_noise_mcc_selected_v1,lightgbm_class_weight_balanced,lightgbm,num_leaves,75/25,5,random_flip_10,test,70/30,test,15.000000,True,2716,76,24.170718,70,21,49,0.871429,0.867347,0.750000,0.857143,0.800000,0.709299,43,6,3,18,0.915452,0.803889,0.803889
lightgbm_balanced_ratio_preserved_noise_mcc_selected_v1,lightgbm_class_weight_balanced,lightgbm,num_leaves,75/25,5,random_flip_10,test,75/25,test,15.000000,True,2716,76,24.299420,84,21,63,0.880952,0.873016,0.720000,0.857143,0.782609,0.706547,56,7,3,18,0.938776,0.805961,0.805961
lightgbm_balanced_ratio_preserved_noise_mcc_selected_v1,lightgbm_class_weight_balanced,lightgbm,num_leaves,75/25,5,random_flip_10,test,80/20,test,15.000000,True,2716,76,24.519695,105,21,84,0.771429,0.803571,0.461538,0.857143,0.600000,0.502616,63,21,3,18,0.870748,0.581727,0.581727
lightgbm_balanced_ratio_preserved_noise_mcc_selected_v1,lightgbm_class_weight_balanced,lightgbm,num_leaves,75/25,5,random_flip_10,test,90/10,test,15.000000,True,2716,76,24.829802,210,21,189,0.814286,0.833333,0.333333,0.857143,0.480000,0.457604,153,36,3,18,0.895440,0.490083,0.490083
lightgbm_balanced_ratio_preserved_noise_mcc_selected_v1,lightgbm_class_weight_balanced,lightgbm,num_leaves,75/25,5,random_flip_20,validation_grid,75/25,valid,15.000000,False,2716,76,9.717378,76,19,57,0.736842,0.754386,0.483871,0.789474,0.600000,0.448281,41,16,4,15,0.845799,0.673733,0.673733
lightgbm_balanced_ratio_preserved_noise_mcc_selected_v1,lightgbm_class_weight_balanced,lightgbm,num_leaves,75/25,5,random_flip_20,validation_grid,75/25,valid,31.000000,True,2716,76,15.374156,76,19,57,0.802632,0.780702,0.583333,0.736842,0.651163,0.522976,47,10,5,14,0.829178,0.682442,0.682442
lightgbm_balanced_ratio_preserved_noise_mcc_selected_v1,lightgbm_class_weight_balanced,lightgbm,num_leaves,75/25,5,random_flip_20,validation_grid,75/25,valid,63.000000,False,2716,76,23.058545,76,19,57,0.828947,0.728070,0.714286,0.526316,0.606061,0.509510,53,4,9,10,0.804247,0.681315,0.681315
lightgbm_balanced_ratio_preserved_noise_mcc_selected_v1,lightgbm_class_weight_balanced,lightgbm,num_leaves,75/25,5,random_flip_20,test,50/50,test,31.000000,True,2716,76,23.177823,42,21,21,0.738095,0.738095,0.812500,0.619048,0.702703,0.490290,18,3,8,13,0.839002,0.795749,0.795749
lightgbm_balanced_ratio_preserved_noise_mcc_selected_v1,lightgbm_class_weight_balanced,lightgbm,num_leaves,75/25,5,random_flip_20,test,60/40,test,31.000000,True,2716,76,23.323321,53,21,32,0.716981,0.700149,0.650000,0.619048,0.634146,0.403920,25,7,8,13,0.831845,0.788238,0.788238
lightgbm_balanced_ratio_preserved_noise_mcc_selected_v1,lightgbm_class_weight_balanced,lightgbm,num_leaves,75/25,5,random_flip_20,test,70/30,test,31.000000,True,2716,76,23.443280,70,21,49,0.757143,0.717687,0.590909,0.619048,0.604651,0.429772,40,9,8,13,0.816327,0.719521,0.719521
lightgbm_balanced_ratio_preserved_noise_mcc_selected_v1,lightgbm_class_weight_balanced,lightgbm,num_leaves,75/25,5,random_flip_20,test,75/25,test,31.000000,True,2716,76,23.572360,84,21,63,0.785714,0.730159,0.565217,0.619048,0.590909,0.447001,53,10,8,13,0.834467,0.660241,0.660241
lightgbm_balanced_ratio_preserved_noise_mcc_selected_v1,lightgbm_class_weight_balanced,lightgbm,num_leaves,75/25,5,random_flip_20,test,80/20,test,31.000000,True,2716,76,23.765278,105,21,84,0.780952,0.720238,0.464286,0.619048,0.530612,0.398426,69,15,8,13,0.827664,0.569408,0.569408
lightgbm_balanced_ratio_preserved_noise_mcc_selected_v1,lightgbm_class_weight_balanced,lightgbm,num_leaves,75/25,5,random_flip_20,test,90/10,test,31.000000,True,2716,76,24.069406,210,21,189,0.785714,0.711640,0.260000,0.619048,0.366197,0.298142,152,37,8,13,0.813303,0.359321,0.359321
lightgbm_balanced_ratio_preserved_noise_mcc_selected_v1,lightgbm_class_weight_balanced,lightgbm,num_leaves,75/25,5,random_fp_10,validation_grid,75/25,valid,15.000000,True,3804,76,11.461860,76,19,57,0.776316,0.833333,0.529412,0.947368,0.679245,0.580576,41,16,1,18,0.901200,0.773212,0.773212
lightgbm_balanced_ratio_preserved_noise_mcc_selected_v1,lightgbm_class_weight_balanced,lightgbm,num_leaves,75/25,5,random_fp_10,validation_grid,75/25,valid,31.000000,False,3804,76,17.486347,76,19,57,0.776316,0.798246,0.533333,0.842105,0.653061,0.528419,43,14,3,16,0.898430,0.735663,0.735663
lightgbm_balanced_ratio_preserved_noise_mcc_selected_v1,lightgbm_class_weight_balanced,lightgbm,num_leaves,75/25,5,random_fp_10,validation_grid,75/25,valid,63.000000,False,3804,76,26.117202,76,19,57,0.776316,0.780702,0.535714,0.789474,0.638298,0.503953,44,13,4,15,0.873500,0.746644,0.746644
lightgbm_balanced_ratio_preserved_noise_mcc_selected_v1,lightgbm_class_weight_balanced,lightgbm,num_leaves,75/25,5,random_fp_10,test,50/50,test,15.000000,True,3804,76,26.212044,42,21,21,0.809524,0.809524,0.882353,0.714286,0.789474,0.630593,19,2,6,15,0.886621,0.846790,0.846790
lightgbm_balanced_ratio_preserved_noise_mcc_selected_v1,lightgbm_class_weight_balanced,lightgbm,num_leaves,75/25,5,random_fp_10,test,60/40,test,15.000000,True,3804,76,26.320329,53,21,32,0.773585,0.763393,0.714286,0.714286,0.714286,0.526786,26,6,6,15,0.876488,0.843347,0.843347
lightgbm_balanced_ratio_preserved_noise_mcc_selected_v1,lightgbm_class_weight_balanced,lightgbm,num_leaves,75/25,5,random_fp_10,test,70/30,test,15.000000,True,3804,76,26.420774,70,21,49,0.742857,0.734694,0.555556,0.714286,0.625000,0.441899,37,12,6,15,0.868805,0.783572,0.783572
lightgbm_balanced_ratio_preserved_noise_mcc_selected_v1,lightgbm_class_weight_balanced,lightgbm,num_leaves,75/25,5,random_fp_10,test,75/25,test,15.000000,True,3804,76,26.537512,84,21,63,0.821429,0.785714,0.625000,0.714286,0.666667,0.547723,54,9,6,15,0.895692,0.718603,0.718603
lightgbm_balanced_ratio_preserved_noise_mcc_selected_v1,lightgbm_class_weight_balanced,lightgbm,num_leaves,75/25,5,random_fp_10,test,80/20,test,15.000000,True,3804,76,26.697154,105,21,84,0.752381,0.738095,0.428571,0.714286,0.535714,0.404061,64,20,6,15,0.856009,0.553566,0.553566
lightgbm_balanced_ratio_preserved_noise_mcc_selected_v1,lightgbm_class_weight_balanced,lightgbm,num_leaves,75/25,5,random_fp_10,test,90/10,test,15.000000,True,3804,76,26.983076,210,21,189,0.795238,0.759259,0.288462,0.714286,0.410959,0.360392,152,37,6,15,0.873772,0.447428,0.447428
lightgbm_balanced_ratio_preserved_noise_mcc_selected_v1,lightgbm_class_weight_balanced,lightgbm,num_leaves,75/25,5,random_fp_20,validation_grid,75/25,valid,15.000000,False,4892,76,13.778526,76,19,57,0.697368,0.763158,0.447368,0.894737,0.596491,0.455803,36,21,2,17,0.833795,0.669447,0.669447
lightgbm_balanced_ratio_preserved_noise_mcc_selected_v1,lightgbm_class_weight_balanced,lightgbm,num_leaves,75/25,5,random_fp_20,validation_grid,75/25,valid,31.000000,False,4892,76,21.443429,76,19,57,0.723684,0.728070,0.466667,0.736842,0.571429,0.404085,41,16,5,14,0.827331,0.630757,0.630757
lightgbm_balanced_ratio_preserved_noise_mcc_selected_v1,lightgbm_class_weight_balanced,lightgbm,num_leaves,75/25,5,random_fp_20,validation_grid,75/25,valid,63.000000,True,4892,76,31.413642,76,19,57,0.750000,0.763158,0.500000,0.789474,0.612245,0.466252,42,15,4,15,0.819945,0.658969,0.658969
lightgbm_balanced_ratio_preserved_noise_mcc_selected_v1,lightgbm_class_weight_balanced,lightgbm,num_leaves,75/25,5,random_fp_20,test,50/50,test,63.000000,True,4892,76,31.522525,42,21,21,0.761905,0.761905,0.823529,0.666667,0.736842,0.533578,18,3,7,14,0.854875,0.849611,0.849611
lightgbm_balanced_ratio_preserved_noise_mcc_selected_v1,lightgbm_class_weight_balanced,lightgbm,num_leaves,75/25,5,random_fp_20,test,60/40,test,63.000000,True,4892,76,31.636736,53,21,32,0.811321,0.786458,0.823529,0.666667,0.736842,0.600344,29,3,7,14,0.867560,0.802304,0.802304
lightgbm_balanced_ratio_preserved_noise_mcc_selected_v1,lightgbm_class_weight_balanced,lightgbm,num_leaves,75/25,5,random_fp_20,test,70/30,test,63.000000,True,4892,76,31.756146,70,21,49,0.814286,0.772109,0.700000,0.666667,0.682927,0.552052,43,6,7,14,0.873664,0.802317,0.802317
lightgbm_balanced_ratio_preserved_noise_mcc_selected_v1,lightgbm_class_weight_balanced,lightgbm,num_leaves,75/25,5,random_fp_20,test,75/25,test,63.000000,True,4892,76,31.891295,84,21,63,0.809524,0.761905,0.608696,0.666667,0.636364,0.508656,54,9,7,14,0.870748,0.753692,0.753692
lightgbm_balanced_ratio_preserved_noise_mcc_selected_v1,lightgbm_class_weight_balanced,lightgbm,num_leaves,75/25,5,random_fp_20,test,80/20,test,63.000000,True,4892,76,32.086130,105,21,84,0.733333,0.708333,0.400000,0.666667,0.500000,0.353553,63,21,7,14,0.829365,0.565706,0.565706
lightgbm_balanced_ratio_preserved_noise_mcc_selected_v1,lightgbm_class_weight_balanced,lightgbm,num_leaves,75/25,5,random_fp_20,test,90/10,test,63.000000,True,4892,76,32.380568,210,21,189,0.838095,0.761905,0.341463,0.666667,0.451613,0.396441,162,27,7,14,0.858655,0.455285,0.455285
lightgbm_balanced_ratio_preserved_noise_mcc_selected_v1,lightgbm_class_weight_balanced,lightgbm,num_leaves,75/25,5,heuristic_fp_10,validation_grid,75/25,valid,15.000000,False,3804,76,12.022892,76,19,57,0.710526,0.754386,0.457143,0.842105,0.592593,0.441989,38,19,3,16,0.840259,0.634234,0.634234
lightgbm_balanced_ratio_preserved_noise_mcc_selected_v1,lightgbm_class_weight_balanced,lightgbm,num_leaves,75/25,5,heuristic_fp_10,validation_grid,75/25,valid,31.000000,False,3804,76,18.759584,76,19,57,0.723684,0.763158,0.470588,0.842105,0.603774,0.458349,39,18,3,16,0.850416,0.652447,0.652447
lightgbm_balanced_ratio_preserved_noise_mcc_selected_v1,lightgbm_class_weight_balanced,lightgbm,num_leaves,75/25,5,heuristic_fp_10,validation_grid,75/25,valid,63.000000,True,3804,76,28.667207,76,19,57,0.736842,0.771930,0.484848,0.842105,0.615385,0.475127,40,17,3,16,0.846722,0.631350,0.631350
lightgbm_balanced_ratio_preserved_noise_mcc_selected_v1,lightgbm_class_weight_balanced,lightgbm,num_leaves,75/25,5,heuristic_fp_10,test,50/50,test,63.000000,True,3804,76,28.760888,42,21,21,0.857143,0.857143,0.894737,0.809524,0.850000,0.717547,19,2,4,17,0.925170,0.886646,0.886646
lightgbm_balanced_ratio_preserved_noise_mcc_selected_v1,lightgbm_class_weight_balanced,lightgbm,num_leaves,75/25,5,heuristic_fp_10,test,60/40,test,63.000000,True,3804,76,28.859554,53,21,32,0.811321,0.811012,0.739130,0.809524,0.772727,0.613857,26,6,4,17,0.872024,0.723884,0.723884
lightgbm_balanced_ratio_preserved_noise_mcc_selected_v1,lightgbm_class_weight_balanced,lightgbm,num_leaves,75/25,5,heuristic_fp_10,test,70/30,test,63.000000,True,3804,76,28.961834,70,21,49,0.814286,0.812925,0.653846,0.809524,0.723404,0.593561,40,9,4,17,0.889213,0.759107,0.759107
lightgbm_balanced_ratio_preserved_noise_mcc_selected_v1,lightgbm_class_weight_balanced,lightgbm,num_leaves,75/25,5,heuristic_fp_10,test,75/25,test,63.000000,True,3804,76,29.072881,84,21,63,0.845238,0.833333,0.653846,0.809524,0.723404,0.624436,54,9,4,17,0.907785,0.700253,0.700253
lightgbm_balanced_ratio_preserved_noise_mcc_selected_v1,lightgbm_class_weight_balanced,lightgbm,num_leaves,75/25,5,heuristic_fp_10,test,80/20,test,63.000000,True,3804,76,29.255676,105,21,84,0.790476,0.797619,0.485714,0.809524,0.607143,0.505076,66,18,4,17,0.886621,0.594508,0.594508
lightgbm_balanced_ratio_preserved_noise_mcc_selected_v1,lightgbm_class_weight_balanced,lightgbm,num_leaves,75/25,5,heuristic_fp_10,test,90/10,test,63.000000,True,3804,76,29.581888,210,21,189,0.833333,0.822751,0.354167,0.809524,0.492754,0.461169,158,31,4,17,0.901487,0.458298,0.458298
lightgbm_balanced_ratio_preserved_noise_mcc_selected_v1,lightgbm_class_weight_balanced,lightgbm,num_leaves,75/25,5,heuristic_fp_20,validation_grid,75/25,valid,15.000000,False,4892,76,14.326069,76,19,57,0.671053,0.763158,0.428571,0.947368,0.590164,0.458349,33,24,1,18,0.813481,0.572749,0.572749
lightgbm_balanced_ratio_preserved_noise_mcc_selected_v1,lightgbm_class_weight_balanced,lightgbm,num_leaves,75/25,5,heuristic_fp_20,validation_grid,75/25,valid,31.000000,False,4892,76,21.470363,76,19,57,0.684211,0.754386,0.435897,0.894737,0.586207,0.440762,35,22,2,17,0.831025,0.563199,0.563199
lightgbm_balanced_ratio_preserved_noise_mcc_selected_v1,lightgbm_class_weight_balanced,lightgbm,num_leaves,75/25,5,heuristic_fp_20,validation_grid,75/25,valid,63.000000,True,4892,76,31.497662,76,19,57,0.684211,0.771930,0.439024,0.947368,0.600000,0.472471,34,23,1,18,0.850416,0.649127,0.649127
lightgbm_balanced_ratio_preserved_noise_mcc_selected_v1,lightgbm_class_weight_balanced,lightgbm,num_leaves,75/25,5,heuristic_fp_20,test,50/50,test,63.000000,True,4892,76,31.633822,42,21,21,0.952381,0.952381,0.913043,1.000000,0.954545,0.908893,19,2,0,21,0.956916,0.950363,0.950363
lightgbm_balanced_ratio_preserved_noise_mcc_selected_v1,lightgbm_class_weight_balanced,lightgbm,num_leaves,75/25,5,heuristic_fp_20,test,60/40,test,63.000000,True,4892,76,31.745966,53,21,32,0.830189,0.859375,0.700000,1.000000,0.823529,0.709313,23,9,0,21,0.900298,0.780323,0.780323
lightgbm_balanced_ratio_preserved_noise_mcc_selected_v1,lightgbm_class_weight_balanced,lightgbm,num_leaves,75/25,5,heuristic_fp_20,test,70/30,test,63.000000,True,4892,76,31.860478,70,21,49,0.871429,0.908163,0.700000,1.000000,0.823529,0.755929,40,9,0,21,0.915452,0.804179,0.804179
lightgbm_balanced_ratio_preserved_noise_mcc_selected_v1,lightgbm_class_weight_balanced,lightgbm,num_leaves,75/25,5,heuristic_fp_20,test,75/25,test,63.000000,True,4892,76,31.982697,84,21,63,0.880952,0.920635,0.677419,1.000000,0.807692,0.754912,53,10,0,21,0.920635,0.745528,0.745528
lightgbm_balanced_ratio_preserved_noise_mcc_selected_v1,lightgbm_class_weight_balanced,lightgbm,num_leaves,75/25,5,heuristic_fp_20,test,80/20,test,63.000000,True,4892,76,32.175223,105,21,84,0.800000,0.875000,0.500000,1.000000,0.666667,0.612372,63,21,0,21,0.910431,0.610020,0.610020
lightgbm_balanced_ratio_preserved_noise_mcc_selected_v1,lightgbm_class_weight_balanced,lightgbm,num_leaves,75/25,5,heuristic_fp_20,test,90/10,test,63.000000,True,4892,76,32.474859,210,21,189,0.795238,0.886243,0.328125,1.000000,0.494118,0.503460,146,43,0,21,0.901738,0.387088,0.387088
lightgbm_balanced_ratio_preserved_noise_mcc_selected_v1,lightgbm_class_weight_balanced,lightgbm,num_leaves,80/20,1,clean,validation_grid,80/20,valid,15.000000,True,3395,95,11.561808,95,19,76,0.768421,0.815789,0.459459,0.894737,0.607143,0.518079,56,20,2,17,0.873615,0.594142,0.594142
lightgbm_balanced_ratio_preserved_noise_mcc_selected_v1,lightgbm_class_weight_balanced,lightgbm,num_leaves,80/20,1,clean,validation_grid,80/20,valid,31.000000,False,3395,95,17.385488,95,19,76,0.789474,0.789474,0.483871,0.789474,0.600000,0.493915,60,16,4,15,0.901316,0.698120,0.698120
lightgbm_balanced_ratio_preserved_noise_mcc_selected_v1,lightgbm_class_weight_balanced,lightgbm,num_leaves,80/20,1,clean,validation_grid,80/20,valid,63.000000,False,3395,95,25.060357,95,19,76,0.810526,0.782895,0.518519,0.736842,0.608696,0.501767,63,13,5,14,0.887465,0.718319,0.718319
lightgbm_balanced_ratio_preserved_noise_mcc_selected_v1,lightgbm_class_weight_balanced,lightgbm,num_leaves,80/20,1,clean,test,50/50,test,15.000000,True,3395,95,25.160627,42,21,21,0.833333,0.833333,0.888889,0.761905,0.820513,0.673575,19,2,5,16,0.943311,0.950718,0.950718
lightgbm_balanced_ratio_preserved_noise_mcc_selected_v1,lightgbm_class_weight_balanced,lightgbm,num_leaves,80/20,1,clean,test,60/40,test,15.000000,True,3395,95,25.272007,53,21,32,0.792453,0.787202,0.727273,0.761905,0.744186,0.570178,26,6,5,16,0.904762,0.854816,0.854816
lightgbm_balanced_ratio_preserved_noise_mcc_selected_v1,lightgbm_class_weight_balanced,lightgbm,num_leaves,80/20,1,clean,test,70/30,test,15.000000,True,3395,95,25.387770,70,21,49,0.842857,0.819728,0.727273,0.761905,0.744186,0.631228,43,6,5,16,0.923226,0.841800,0.841800
lightgbm_balanced_ratio_preserved_noise_mcc_selected_v1,lightgbm_class_weight_balanced,lightgbm,num_leaves,80/20,1,clean,test,75/25,test,15.000000,True,3395,95,25.513797,84,21,63,0.785714,0.777778,0.551724,0.761905,0.640000,0.505973,50,13,5,16,0.924414,0.836894,0.836894
lightgbm_balanced_ratio_preserved_noise_mcc_selected_v1,lightgbm_class_weight_balanced,lightgbm,num_leaves,80/20,1,clean,test,80/20,test,15.000000,True,3395,95,25.678390,105,21,84,0.761905,0.761905,0.444444,0.761905,0.561404,0.441415,64,20,5,16,0.887755,0.611374,0.611374
lightgbm_balanced_ratio_preserved_noise_mcc_selected_v1,lightgbm_class_weight_balanced,lightgbm,num_leaves,80/20,1,clean,test,90/10,test,15.000000,True,3395,95,25.955021,210,21,189,0.790476,0.777778,0.290909,0.761905,0.421053,0.379071,150,39,5,16,0.893298,0.433109,0.433109
lightgbm_balanced_ratio_preserved_noise_mcc_selected_v1,lightgbm_class_weight_balanced,lightgbm,num_leaves,80/20,1,random_flip_10,validation_grid,80/20,valid,15.000000,False,3395,95,13.138687,95,19,76,0.768421,0.796053,0.457143,0.842105,0.592593,0.490990,57,19,3,16,0.894737,0.736849,0.736849
lightgbm_balanced_ratio_preserved_noise_mcc_selected_v1,lightgbm_class_weight_balanced,lightgbm,num_leaves,80/20,1,random_flip_10,validation_grid,80/20,valid,31.000000,True,3395,95,19.722945,95,19,76,0.831579,0.855263,0.548387,0.894737,0.680000,0.606168,62,14,2,17,0.912396,0.763801,0.763801
lightgbm_balanced_ratio_preserved_noise_mcc_selected_v1,lightgbm_class_weight_balanced,lightgbm,num_leaves,80/20,1,random_flip_10,validation_grid,80/20,valid,63.000000,False,3395,95,28.305691,95,19,76,0.842105,0.763158,0.600000,0.631579,0.615385,0.516398,68,8,7,12,0.893006,0.726244,0.726244
lightgbm_balanced_ratio_preserved_noise_mcc_selected_v1,lightgbm_class_weight_balanced,lightgbm,num_leaves,80/20,1,random_flip_10,test,50/50,test,31.000000,True,3395,95,28.417899,42,21,21,0.809524,0.809524,0.842105,0.761905,0.800000,0.621874,18,3,5,16,0.877551,0.873017,0.873017
lightgbm_balanced_ratio_preserved_noise_mcc_selected_v1,lightgbm_class_weight_balanced,lightgbm,num_leaves,80/20,1,random_flip_10,test,60/40,test,31.000000,True,3395,95,28.522797,53,21,32,0.849057,0.834077,0.842105,0.761905,0.800000,0.681468,29,3,5,16,0.904762,0.901389,0.901389
lightgbm_balanced_ratio_preserved_noise_mcc_selected_v1,lightgbm_class_weight_balanced,lightgbm,num_leaves,80/20,1,random_flip_10,test,70/30,test,31.000000,True,3395,95,28.629248,70,21,49,0.828571,0.809524,0.695652,0.761905,0.727273,0.603975,42,7,5,16,0.878523,0.736912,0.736912
lightgbm_balanced_ratio_preserved_noise_mcc_selected_v1,lightgbm_class_weight_balanced,lightgbm,num_leaves,80/20,1,random_flip_10,test,75/25,test,31.000000,True,3395,95,28.758870,84,21,63,0.880952,0.841270,0.761905,0.761905,0.761905,0.682540,58,5,5,16,0.926682,0.861808,0.861808
lightgbm_balanced_ratio_preserved_noise_mcc_selected_v1,lightgbm_class_weight_balanced,lightgbm,num_leaves,80/20,1,random_flip_10,test,80/20,test,31.000000,True,3395,95,28.914067,105,21,84,0.828571,0.803571,0.551724,0.761905,0.640000,0.543168,71,13,5,16,0.846372,0.548596,0.548596
lightgbm_balanced_ratio_preserved_noise_mcc_selected_v1,lightgbm_class_weight_balanced,lightgbm,num_leaves,80/20,1,random_flip_10,test,90/10,test,31.000000,True,3395,95,29.161892,210,21,189,0.809524,0.788360,0.313725,0.761905,0.444444,0.403480,154,35,5,16,0.876669,0.449348,0.449348
lightgbm_balanced_ratio_preserved_noise_mcc_selected_v1,lightgbm_class_weight_balanced,lightgbm,num_leaves,80/20,1,random_flip_20,validation_grid,80/20,valid,15.000000,True,3395,95,11.697951,95,19,76,0.789474,0.730263,0.480000,0.631579,0.545455,0.418330,63,13,7,12,0.796053,0.496143,0.496143
lightgbm_balanced_ratio_preserved_noise_mcc_selected_v1,lightgbm_class_weight_balanced,lightgbm,num_leaves,80/20,1,random_flip_20,validation_grid,80/20,valid,31.000000,False,3395,95,17.505466,95,19,76,0.800000,0.677632,0.500000,0.473684,0.486486,0.362620,67,9,10,9,0.700485,0.436170,0.436170
lightgbm_balanced_ratio_preserved_noise_mcc_selected_v1,lightgbm_class_weight_balanced,lightgbm,num_leaves,80/20,1,random_flip_20,validation_grid,80/20,valid,63.000000,False,3395,95,25.665413,95,19,76,0.821053,0.671053,0.571429,0.421053,0.484848,0.386044,70,6,11,8,0.739266,0.479640,0.479640
lightgbm_balanced_ratio_preserved_noise_mcc_selected_v1,lightgbm_class_weight_balanced,lightgbm,num_leaves,80/20,1,random_flip_20,test,50/50,test,15.000000,True,3395,95,25.752240,42,21,21,0.857143,0.857143,1.000000,0.714286,0.833333,0.745356,21,0,6,15,0.870748,0.918911,0.918911
lightgbm_balanced_ratio_preserved_noise_mcc_selected_v1,lightgbm_class_weight_balanced,lightgbm,num_leaves,80/20,1,random_flip_20,test,60/40,test,15.000000,True,3395,95,25.854653,53,21,32,0.792453,0.779018,0.750000,0.714286,0.731707,0.563086,27,5,6,15,0.790179,0.702283,0.702283
lightgbm_balanced_ratio_preserved_noise_mcc_selected_v1,lightgbm_class_weight_balanced,lightgbm,num_leaves,80/20,1,random_flip_20,test,70/30,test,15.000000,True,3395,95,25.956694,70,21,49,0.814286,0.785714,0.681818,0.714286,0.697674,0.564076,42,7,6,15,0.797862,0.745505,0.745505
lightgbm_balanced_ratio_preserved_noise_mcc_selected_v1,lightgbm_class_weight_balanced,lightgbm,num_leaves,80/20,1,random_flip_20,test,75/25,test,15.000000,True,3395,95,26.087653,84,21,63,0.845238,0.801587,0.681818,0.714286,0.697674,0.594040,56,7,6,15,0.829932,0.752416,0.752416
lightgbm_balanced_ratio_preserved_noise_mcc_selected_v1,lightgbm_class_weight_balanced,lightgbm,num_leaves,80/20,1,random_flip_20,test,80/20,test,15.000000,True,3395,95,26.275844,105,21,84,0.819048,0.779762,0.535714,0.714286,0.612245,0.506108,71,13,6,15,0.802721,0.598989,0.598989
lightgbm_balanced_ratio_preserved_noise_mcc_selected_v1,lightgbm_class_weight_balanced,lightgbm,num_leaves,80/20,1,random_flip_20,test,90/10,test,15.000000,True,3395,95,26.577267,210,21,189,0.819048,0.772487,0.319149,0.714286,0.441176,0.392259,157,32,6,15,0.803855,0.467924,0.467924
lightgbm_balanced_ratio_preserved_noise_mcc_selected_v1,lightgbm_class_weight_balanced,lightgbm,num_leaves,80/20,1,random_fp_10,validation_grid,80/20,valid,15.000000,True,5095,95,14.260585,95,19,76,0.800000,0.855263,0.500000,0.947368,0.654545,0.585850,58,18,1,18,0.878463,0.635710,0.635710
lightgbm_balanced_ratio_preserved_noise_mcc_selected_v1,lightgbm_class_weight_balanced,lightgbm,num_leaves,80/20,1,random_fp_10,validation_grid,80/20,valid,31.000000,False,5095,95,21.555059,95,19,76,0.778947,0.782895,0.468750,0.789474,0.588235,0.478843,59,17,4,15,0.864612,0.645076,0.645076
lightgbm_balanced_ratio_preserved_noise_mcc_selected_v1,lightgbm_class_weight_balanced,lightgbm,num_leaves,80/20,1,random_fp_10,validation_grid,80/20,valid,63.000000,False,5095,95,34.025555,95,19,76,0.831579,0.796053,0.560000,0.736842,0.636364,0.537853,65,11,5,14,0.872230,0.672026,0.672026
lightgbm_balanced_ratio_preserved_noise_mcc_selected_v1,lightgbm_class_weight_balanced,lightgbm,num_leaves,80/20,1,random_fp_10,test,50/50,test,15.000000,True,5095,95,34.119992,42,21,21,0.809524,0.809524,0.782609,0.857143,0.818182,0.621874,16,5,3,18,0.913832,0.934180,0.934180
lightgbm_balanced_ratio_preserved_noise_mcc_selected_v1,lightgbm_class_weight_balanced,lightgbm,num_leaves,80/20,1,random_fp_10,test,60/40,test,15.000000,True,5095,95,34.228386,53,21,32,0.811321,0.819196,0.720000,0.857143,0.782609,0.625495,25,7,3,18,0.858631,0.780997,0.780997
lightgbm_balanced_ratio_preserved_noise_mcc_selected_v1,lightgbm_class_weight_balanced,lightgbm,num_leaves,80/20,1,random_fp_10,test,70/30,test,15.000000,True,5095,95,34.338817,70,21,49,0.842857,0.846939,0.692308,0.857143,0.765957,0.658078,41,8,3,18,0.918367,0.802159,0.802159
lightgbm_balanced_ratio_preserved_noise_mcc_selected_v1,lightgbm_class_weight_balanced,lightgbm,num_leaves,80/20,1,random_fp_10,test,75/25,test,15.000000,True,5095,95,34.460834,84,21,63,0.845238,0.849206,0.642857,0.857143,0.734694,0.641533,53,10,3,18,0.934240,0.873906,0.873906
lightgbm_balanced_ratio_preserved_noise_mcc_selected_v1,lightgbm_class_weight_balanced,lightgbm,num_leaves,80/20,1,random_fp_10,test,80/20,test,15.000000,True,5095,95,34.655152,105,21,84,0.800000,0.821429,0.500000,0.857143,0.631579,0.541736,66,18,3,18,0.870181,0.513923,0.513923
lightgbm_balanced_ratio_preserved_noise_mcc_selected_v1,lightgbm_class_weight_balanced,lightgbm,num_leaves,80/20,1,random_fp_10,test,90/10,test,15.000000,True,5095,95,34.935615,210,21,189,0.757143,0.801587,0.272727,0.857143,0.413793,0.389790,141,48,3,18,0.882464,0.436458,0.436458
lightgbm_balanced_ratio_preserved_noise_mcc_selected_v1,lightgbm_class_weight_balanced,lightgbm,num_leaves,80/20,1,random_fp_20,validation_grid,80/20,valid,15.000000,False,6790,95,16.508779,95,19,76,0.778947,0.802632,0.470588,0.842105,0.603774,0.505037,58,18,3,16,0.884695,0.649188,0.649188
lightgbm_balanced_ratio_preserved_noise_mcc_selected_v1,lightgbm_class_weight_balanced,lightgbm,num_leaves,80/20,1,random_fp_20,validation_grid,80/20,valid,31.000000,False,6790,95,24.484945,95,19,76,0.789474,0.789474,0.483871,0.789474,0.600000,0.493915,60,16,4,15,0.852839,0.679084,0.679084
lightgbm_balanced_ratio_preserved_noise_mcc_selected_v1,lightgbm_class_weight_balanced,lightgbm,num_leaves,80/20,1,random_fp_20,validation_grid,80/20,valid,63.000000,True,6790,95,35.641564,95,19,76,0.831579,0.776316,0.565217,0.684211,0.619048,0.516047,66,10,6,13,0.840374,0.663277,0.663277
lightgbm_balanced_ratio_preserved_noise_mcc_selected_v1,lightgbm_class_weight_balanced,lightgbm,num_leaves,80/20,1,random_fp_20,test,50/50,test,63.000000,True,6790,95,35.730717,42,21,21,0.761905,0.761905,0.789474,0.714286,0.750000,0.526201,17,4,6,15,0.852608,0.872215,0.872215
lightgbm_balanced_ratio_preserved_noise_mcc_selected_v1,lightgbm_class_weight_balanced,lightgbm,num_leaves,80/20,1,random_fp_20,test,60/40,test,63.000000,True,6790,95,35.826689,53,21,32,0.792453,0.779018,0.750000,0.714286,0.731707,0.563086,27,5,6,15,0.860119,0.831742,0.831742
lightgbm_balanced_ratio_preserved_noise_mcc_selected_v1,lightgbm_class_weight_balanced,lightgbm,num_leaves,80/20,1,random_fp_20,test,70/30,test,63.000000,True,6790,95,35.927835,70,21,49,0.857143,0.816327,0.789474,0.714286,0.750000,0.651946,45,4,6,15,0.859086,0.747080,0.747080
lightgbm_balanced_ratio_preserved_noise_mcc_selected_v1,lightgbm_class_weight_balanced,lightgbm,num_leaves,80/20,1,random_fp_20,test,75/25,test,63.000000,True,6790,95,36.065774,84,21,63,0.892857,0.833333,0.833333,0.714286,0.769231,0.703526,60,3,6,15,0.869992,0.804969,0.804969
lightgbm_balanced_ratio_preserved_noise_mcc_selected_v1,lightgbm_class_weight_balanced,lightgbm,num_leaves,80/20,1,random_fp_20,test,80/20,test,63.000000,True,6790,95,36.221834,105,21,84,0.780952,0.755952,0.468750,0.714286,0.566038,0.444838,67,17,6,15,0.830499,0.572746,0.572746
lightgbm_balanced_ratio_preserved_noise_mcc_selected_v1,lightgbm_class_weight_balanced,lightgbm,num_leaves,80/20,1,random_fp_20,test,90/10,test,63.000000,True,6790,95,36.470490,210,21,189,0.819048,0.772487,0.319149,0.714286,0.441176,0.392259,157,32,6,15,0.837617,0.428473,0.428473
lightgbm_balanced_ratio_preserved_noise_mcc_selected_v1,lightgbm_class_weight_balanced,lightgbm,num_leaves,80/20,1,heuristic_fp_10,validation_grid,80/20,valid,15.000000,False,5095,95,14.309673,95,19,76,0.684211,0.763158,0.377778,0.894737,0.531250,0.421637,48,28,2,17,0.834141,0.568671,0.568671
lightgbm_balanced_ratio_preserved_noise_mcc_selected_v1,lightgbm_class_weight_balanced,lightgbm,num_leaves,80/20,1,heuristic_fp_10,validation_grid,80/20,valid,31.000000,True,5095,95,22.088572,95,19,76,0.694737,0.769737,0.386364,0.894737,0.539683,0.432755,49,27,2,17,0.842452,0.619696,0.619696
lightgbm_balanced_ratio_preserved_noise_mcc_selected_v1,lightgbm_class_weight_balanced,lightgbm,num_leaves,80/20,1,heuristic_fp_10,validation_grid,80/20,valid,63.000000,False,5095,95,32.397682,95,19,76,0.736842,0.756579,0.416667,0.789474,0.545455,0.423114,55,21,4,15,0.833449,0.556434,0.556434
lightgbm_balanced_ratio_preserved_noise_mcc_selected_v1,lightgbm_class_weight_balanced,lightgbm,num_leaves,80/20,1,heuristic_fp_10,test,50/50,test,31.000000,True,5095,95,32.485071,42,21,21,0.857143,0.857143,0.826087,0.904762,0.863636,0.717547,17,4,2,19,0.904762,0.895557,0.895557
lightgbm_balanced_ratio_preserved_noise_mcc_selected_v1,lightgbm_class_weight_balanced,lightgbm,num_leaves,80/20,1,heuristic_fp_10,test,60/40,test,31.000000,True,5095,95,32.582250,53,21,32,0.886792,0.889881,0.826087,0.904762,0.863636,0.769524,28,4,2,19,0.937500,0.862476,0.862476
lightgbm_balanced_ratio_preserved_noise_mcc_selected_v1,lightgbm_class_weight_balanced,lightgbm,num_leaves,80/20,1,heuristic_fp_10,test,70/30,test,31.000000,True,5095,95,32.680293,70,21,49,0.871429,0.880952,0.730769,0.904762,0.808511,0.722596,42,7,2,19,0.919339,0.773357,0.773357
lightgbm_balanced_ratio_preserved_noise_mcc_selected_v1,lightgbm_class_weight_balanced,lightgbm,num_leaves,80/20,1,heuristic_fp_10,test,75/25,test,31.000000,True,5095,95,32.790072,84,21,63,0.916667,0.912698,0.791667,0.904762,0.844444,0.791155,58,5,2,19,0.962963,0.855140,0.855140
lightgbm_balanced_ratio_preserved_noise_mcc_selected_v1,lightgbm_class_weight_balanced,lightgbm,num_leaves,80/20,1,heuristic_fp_10,test,80/20,test,31.000000,True,5095,95,32.930318,105,21,84,0.857143,0.875000,0.593750,0.904762,0.716981,0.651740,71,13,2,19,0.925737,0.674460,0.674460
lightgbm_balanced_ratio_preserved_noise_mcc_selected_v1,lightgbm_class_weight_balanced,lightgbm,num_leaves,80/20,1,heuristic_fp_10,test,90/10,test,31.000000,True,5095,95,33.172003,210,21,189,0.814286,0.854497,0.339286,0.904762,0.493506,0.480982,152,37,2,19,0.897329,0.376802,0.376802
lightgbm_balanced_ratio_preserved_noise_mcc_selected_v1,lightgbm_class_weight_balanced,lightgbm,num_leaves,80/20,1,heuristic_fp_20,validation_grid,80/20,valid,15.000000,False,6790,95,16.704472,95,19,76,0.610526,0.717105,0.326923,0.894737,0.478873,0.348938,41,35,2,17,0.807133,0.513226,0.513226
lightgbm_balanced_ratio_preserved_noise_mcc_selected_v1,lightgbm_class_weight_balanced,lightgbm,num_leaves,80/20,1,heuristic_fp_20,validation_grid,80/20,valid,31.000000,False,6790,95,25.175557,95,19,76,0.642105,0.756579,0.352941,0.947368,0.514286,0.411645,43,33,1,18,0.850069,0.553286,0.553286
lightgbm_balanced_ratio_preserved_noise_mcc_selected_v1,lightgbm_class_weight_balanced,lightgbm,num_leaves,80/20,1,heuristic_fp_20,validation_grid,80/20,valid,63.000000,True,6790,95,36.924474,95,19,76,0.673684,0.776316,0.375000,0.947368,0.537313,0.442130,46,30,1,18,0.893698,0.720715,0.720715
lightgbm_balanced_ratio_preserved_noise_mcc_selected_v1,lightgbm_class_weight_balanced,lightgbm,num_leaves,80/20,1,heuristic_fp_20,test,50/50,test,63.000000,True,6790,95,37.020798,42,21,21,0.857143,0.857143,0.777778,1.000000,0.875000,0.745356,15,6,0,21,0.918367,0.866700,0.866700
lightgbm_balanced_ratio_preserved_noise_mcc_selected_v1,lightgbm_class_weight_balanced,lightgbm,num_leaves,80/20,1,heuristic_fp_20,test,60/40,test,63.000000,True,6790,95,37.127125,53,21,32,0.867925,0.890625,0.750000,1.000000,0.857143,0.765466,25,7,0,21,0.936012,0.895293,0.895293
lightgbm_balanced_ratio_preserved_noise_mcc_selected_v1,lightgbm_class_weight_balanced,lightgbm,num_leaves,80/20,1,heuristic_fp_20,test,70/30,test,63.000000,True,6790,95,37.237269,70,21,49,0.871429,0.908163,0.700000,1.000000,0.823529,0.755929,40,9,0,21,0.949466,0.854904,0.854904
lightgbm_balanced_ratio_preserved_noise_mcc_selected_v1,lightgbm_class_weight_balanced,lightgbm,num_leaves,80/20,1,heuristic_fp_20,test,75/25,test,63.000000,True,6790,95,37.358174,84,21,63,0.892857,0.928571,0.700000,1.000000,0.823529,0.774597,54,9,0,21,0.969766,0.911488,0.911488
lightgbm_balanced_ratio_preserved_noise_mcc_selected_v1,lightgbm_class_weight_balanced,lightgbm,num_leaves,80/20,1,heuristic_fp_20,test,80/20,test,63.000000,True,6790,95,37.514376,105,21,84,0.809524,0.880952,0.512195,1.000000,0.677419,0.624695,64,20,0,21,0.929138,0.735456,0.735456
lightgbm_balanced_ratio_preserved_noise_mcc_selected_v1,lightgbm_class_weight_balanced,lightgbm,num_leaves,80/20,1,heuristic_fp_20,test,90/10,test,63.000000,True,6790,95,37.786983,210,21,189,0.800000,0.888889,0.333333,1.000000,0.500000,0.509175,147,42,0,21,0.929579,0.524003,0.524003
lightgbm_balanced_ratio_preserved_noise_mcc_selected_v1,lightgbm_class_weight_balanced,lightgbm,num_leaves,80/20,2,clean,validation_grid,80/20,valid,15.000000,False,3395,95,11.581958,95,19,76,0.852632,0.868421,0.586207,0.894737,0.708333,0.640010,64,12,2,17,0.923823,0.742099,0.742099
lightgbm_balanced_ratio_preserved_noise_mcc_selected_v1,lightgbm_class_weight_balanced,lightgbm,num_leaves,80/20,2,clean,validation_grid,80/20,valid,31.000000,False,3395,95,19.494830,95,19,76,0.831579,0.815789,0.555556,0.789474,0.652174,0.560112,64,12,4,15,0.923130,0.749853,0.749853
lightgbm_balanced_ratio_preserved_noise_mcc_selected_v1,lightgbm_class_weight_balanced,lightgbm,num_leaves,80/20,2,clean,validation_grid,80/20,valid,63.000000,True,3395,95,28.566136,95,19,76,0.884211,0.828947,0.700000,0.736842,0.717949,0.645497,70,6,5,14,0.918975,0.760345,0.760345
lightgbm_balanced_ratio_preserved_noise_mcc_selected_v1,lightgbm_class_weight_balanced,lightgbm,num_leaves,80/20,2,clean,test,50/50,test,63.000000,True,3395,95,28.675259,42,21,21,0.690476,0.690476,0.785714,0.523810,0.628571,0.404061,18,3,10,11,0.839002,0.795420,0.795420
lightgbm_balanced_ratio_preserved_noise_mcc_selected_v1,lightgbm_class_weight_balanced,lightgbm,num_leaves,80/20,2,clean,test,60/40,test,63.000000,True,3395,95,28.774243,53,21,32,0.773585,0.730655,0.846154,0.523810,0.647059,0.524415,30,2,10,11,0.888393,0.843223,0.843223
lightgbm_balanced_ratio_preserved_noise_mcc_selected_v1,lightgbm_class_weight_balanced,lightgbm,num_leaves,80/20,2,clean,test,70/30,test,63.000000,True,3395,95,28.914137,70,21,49,0.800000,0.721088,0.733333,0.523810,0.611111,0.493829,45,4,10,11,0.881438,0.699390,0.699390
lightgbm_balanced_ratio_preserved_noise_mcc_selected_v1,lightgbm_class_weight_balanced,lightgbm,num_leaves,80/20,2,clean,test,75/25,test,63.000000,True,3395,95,29.075650,84,21,63,0.773810,0.690476,0.550000,0.523810,0.536585,0.387298,54,9,10,11,0.843537,0.630809,0.630809
lightgbm_balanced_ratio_preserved_noise_mcc_selected_v1,lightgbm_class_weight_balanced,lightgbm,num_leaves,80/20,2,clean,test,80/20,test,63.000000,True,3395,95,29.203403,105,21,84,0.828571,0.714286,0.578947,0.523810,0.550000,0.445294,76,8,10,11,0.893991,0.677597,0.677597
lightgbm_balanced_ratio_preserved_noise_mcc_selected_v1,lightgbm_class_weight_balanced,lightgbm,num_leaves,80/20,2,clean,test,90/10,test,63.000000,True,3395,95,29.416289,210,21,189,0.866667,0.714286,0.379310,0.523810,0.440000,0.372671,171,18,10,11,0.879315,0.469750,0.469750
lightgbm_balanced_ratio_preserved_noise_mcc_selected_v1,lightgbm_class_weight_balanced,lightgbm,num_leaves,80/20,2,random_flip_10,validation_grid,80/20,valid,15.000000,True,3395,95,11.484886,95,19,76,0.852632,0.828947,0.600000,0.789474,0.681818,0.597614,66,10,4,15,0.912050,0.732331,0.732331
lightgbm_balanced_ratio_preserved_noise_mcc_selected_v1,lightgbm_class_weight_balanced,lightgbm,num_leaves,80/20,2,random_flip_10,validation_grid,80/20,valid,31.000000,False,3395,95,18.206085,95,19,76,0.831579,0.756579,0.571429,0.631579,0.600000,0.494663,67,9,7,12,0.888504,0.740900,0.740900
lightgbm_balanced_ratio_preserved_noise_mcc_selected_v1,lightgbm_class_weight_balanced,lightgbm,num_leaves,80/20,2,random_flip_10,validation_grid,80/20,valid,63.000000,False,3395,95,30.010747,95,19,76,0.842105,0.684211,0.666667,0.421053,0.516129,0.443607,72,4,11,8,0.857341,0.687031,0.687031
lightgbm_balanced_ratio_preserved_noise_mcc_selected_v1,lightgbm_class_weight_balanced,lightgbm,num_leaves,80/20,2,random_flip_10,test,50/50,test,15.000000,True,3395,95,30.140394,42,21,21,0.785714,0.785714,0.750000,0.857143,0.800000,0.577350,15,6,3,18,0.870748,0.859829,0.859829
lightgbm_balanced_ratio_preserved_noise_mcc_selected_v1,lightgbm_class_weight_balanced,lightgbm,num_leaves,80/20,2,random_flip_10,test,60/40,test,15.000000,True,3395,95,30.284966,53,21,32,0.811321,0.819196,0.720000,0.857143,0.782609,0.625495,25,7,3,18,0.930060,0.911671,0.911671
lightgbm_balanced_ratio_preserved_noise_mcc_selected_v1,lightgbm_class_weight_balanced,lightgbm,num_leaves,80/20,2,random_flip_10,test,70/30,test,15.000000,True,3395,95,30.446025,70,21,49,0.785714,0.806122,0.600000,0.857143,0.705882,0.566947,37,12,3,18,0.896987,0.781870,0.781870
lightgbm_balanced_ratio_preserved_noise_mcc_selected_v1,lightgbm_class_weight_balanced,lightgbm,num_leaves,80/20,2,random_flip_10,test,75/25,test,15.000000,True,3395,95,30.602169,84,21,63,0.773810,0.801587,0.529412,0.857143,0.654545,0.532106,47,16,3,18,0.890401,0.708715,0.708715
lightgbm_balanced_ratio_preserved_noise_mcc_selected_v1,lightgbm_class_weight_balanced,lightgbm,num_leaves,80/20,2,random_flip_10,test,80/20,test,15.000000,True,3395,95,30.748915,105,21,84,0.819048,0.833333,0.529412,0.857143,0.654545,0.569888,68,16,3,18,0.926871,0.767750,0.767750
lightgbm_balanced_ratio_preserved_noise_mcc_selected_v1,lightgbm_class_weight_balanced,lightgbm,num_leaves,80/20,2,random_flip_10,test,90/10,test,15.000000,True,3395,95,31.015324,210,21,189,0.780952,0.814815,0.295082,0.857143,0.439024,0.416071,146,43,3,18,0.909549,0.570403,0.570403
lightgbm_balanced_ratio_preserved_noise_mcc_selected_v1,lightgbm_class_weight_balanced,lightgbm,num_leaves,80/20,2,random_flip_20,validation_grid,80/20,valid,15.000000,True,3395,95,11.540004,95,19,76,0.821053,0.789474,0.538462,0.736842,0.622222,0.519411,64,12,5,14,0.894044,0.664446,0.664446
lightgbm_balanced_ratio_preserved_noise_mcc_selected_v1,lightgbm_class_weight_balanced,lightgbm,num_leaves,80/20,2,random_flip_20,validation_grid,80/20,valid,31.000000,False,3395,95,17.848744,95,19,76,0.821053,0.710526,0.555556,0.526316,0.540541,0.429772,68,8,9,10,0.814404,0.632509,0.632509
lightgbm_balanced_ratio_preserved_noise_mcc_selected_v1,lightgbm_class_weight_balanced,lightgbm,num_leaves,80/20,2,random_flip_20,validation_grid,80/20,valid,63.000000,False,3395,95,27.202512,95,19,76,0.821053,0.690789,0.562500,0.473684,0.514286,0.407844,69,7,10,9,0.821330,0.581636,0.581636
lightgbm_balanced_ratio_preserved_noise_mcc_selected_v1,lightgbm_class_weight_balanced,lightgbm,num_leaves,80/20,2,random_flip_20,test,50/50,test,15.000000,True,3395,95,27.316571,42,21,21,0.809524,0.809524,0.809524,0.809524,0.809524,0.619048,17,4,4,17,0.884354,0.850117,0.850117
lightgbm_balanced_ratio_preserved_noise_mcc_selected_v1,lightgbm_class_weight_balanced,lightgbm,num_leaves,80/20,2,random_flip_20,test,60/40,test,15.000000,True,3395,95,27.408865,53,21,32,0.867925,0.857887,0.850000,0.809524,0.829268,0.722252,29,3,4,17,0.940476,0.909968,0.909968
lightgbm_balanced_ratio_preserved_noise_mcc_selected_v1,lightgbm_class_weight_balanced,lightgbm,num_leaves,80/20,2,random_flip_20,test,70/30,test,15.000000,True,3395,95,27.544442,70,21,49,0.785714,0.792517,0.607143,0.809524,0.693878,0.547249,38,11,4,17,0.892128,0.729190,0.729190
lightgbm_balanced_ratio_preserved_noise_mcc_selected_v1,lightgbm_class_weight_balanced,lightgbm,num_leaves,80/20,2,random_flip_20,test,75/25,test,15.000000,True,3395,95,27.668371,84,21,63,0.773810,0.785714,0.531250,0.809524,0.641509,0.509525,48,15,4,17,0.873016,0.673617,0.673617
lightgbm_balanced_ratio_preserved_noise_mcc_selected_v1,lightgbm_class_weight_balanced,lightgbm,num_leaves,80/20,2,random_flip_20,test,80/20,test,15.000000,True,3395,95,27.794289,105,21,84,0.828571,0.821429,0.548387,0.809524,0.653846,0.563725,70,14,4,17,0.918934,0.688979,0.688979
lightgbm_balanced_ratio_preserved_noise_mcc_selected_v1,lightgbm_class_weight_balanced,lightgbm,num_leaves,80/20,2,random_flip_20,test,90/10,test,15.000000,True,3395,95,28.024955,210,21,189,0.809524,0.809524,0.320755,0.809524,0.459459,0.427540,153,36,4,17,0.894936,0.460125,0.460125
lightgbm_balanced_ratio_preserved_noise_mcc_selected_v1,lightgbm_class_weight_balanced,lightgbm,num_leaves,80/20,2,random_fp_10,validation_grid,80/20,valid,15.000000,True,5095,95,14.144270,95,19,76,0.831579,0.855263,0.548387,0.894737,0.680000,0.606168,62,14,2,17,0.889197,0.673461,0.673461
lightgbm_balanced_ratio_preserved_noise_mcc_selected_v1,lightgbm_class_weight_balanced,lightgbm,num_leaves,80/20,2,random_fp_10,validation_grid,80/20,valid,31.000000,False,5095,95,22.043574,95,19,76,0.821053,0.828947,0.533333,0.842105,0.653061,0.566139,62,14,3,16,0.862881,0.622666,0.622666
lightgbm_balanced_ratio_preserved_noise_mcc_selected_v1,lightgbm_class_weight_balanced,lightgbm,num_leaves,80/20,2,random_fp_10,validation_grid,80/20,valid,63.000000,False,5095,95,32.127177,95,19,76,0.842105,0.763158,0.600000,0.631579,0.615385,0.516398,68,8,7,12,0.861496,0.640133,0.640133
lightgbm_balanced_ratio_preserved_noise_mcc_selected_v1,lightgbm_class_weight_balanced,lightgbm,num_leaves,80/20,2,random_fp_10,test,50/50,test,15.000000,True,5095,95,32.234930,42,21,21,0.714286,0.714286,0.695652,0.761905,0.727273,0.430528,14,7,5,16,0.829932,0.838241,0.838241
lightgbm_balanced_ratio_preserved_noise_mcc_selected_v1,lightgbm_class_weight_balanced,lightgbm,num_leaves,80/20,2,random_fp_10,test,60/40,test,15.000000,True,5095,95,32.328665,53,21,32,0.754717,0.755952,0.666667,0.761905,0.711111,0.503001,24,8,5,16,0.869048,0.820273,0.820273
lightgbm_balanced_ratio_preserved_noise_mcc_selected_v1,lightgbm_class_weight_balanced,lightgbm,num_leaves,80/20,2,random_fp_10,test,70/30,test,15.000000,True,5095,95,32.464164,70,21,49,0.742857,0.748299,0.551724,0.761905,0.640000,0.461979,36,13,5,16,0.846453,0.684039,0.684039
lightgbm_balanced_ratio_preserved_noise_mcc_selected_v1,lightgbm_class_weight_balanced,lightgbm,num_leaves,80/20,2,random_fp_10,test,75/25,test,15.000000,True,5095,95,32.610555,84,21,63,0.690476,0.714286,0.432432,0.761905,0.551724,0.373812,42,21,5,16,0.815571,0.595827,0.595827
lightgbm_balanced_ratio_preserved_noise_mcc_selected_v1,lightgbm_class_weight_balanced,lightgbm,num_leaves,80/20,2,random_fp_10,test,80/20,test,15.000000,True,5095,95,32.741127,105,21,84,0.771429,0.767857,0.457143,0.761905,0.571429,0.454569,65,19,5,16,0.870181,0.611141,0.611141
lightgbm_balanced_ratio_preserved_noise_mcc_selected_v1,lightgbm_class_weight_balanced,lightgbm,num_leaves,80/20,2,random_fp_10,test,90/10,test,15.000000,True,5095,95,32.964740,210,21,189,0.761905,0.761905,0.262295,0.761905,0.390244,0.346143,144,45,5,16,0.860670,0.518046,0.518046
lightgbm_balanced_ratio_preserved_noise_mcc_selected_v1,lightgbm_class_weight_balanced,lightgbm,num_leaves,80/20,2,random_fp_20,validation_grid,80/20,valid,15.000000,False,6790,95,16.942648,95,19,76,0.821053,0.809211,0.535714,0.789474,0.638298,0.542565,63,13,4,15,0.899584,0.779586,0.779586
lightgbm_balanced_ratio_preserved_noise_mcc_selected_v1,lightgbm_class_weight_balanced,lightgbm,num_leaves,80/20,2,random_fp_20,validation_grid,80/20,valid,31.000000,False,6790,95,25.733352,95,19,76,0.831579,0.875000,0.545455,0.947368,0.692308,0.630075,61,15,1,18,0.898892,0.788394,0.788394
lightgbm_balanced_ratio_preserved_noise_mcc_selected_v1,lightgbm_class_weight_balanced,lightgbm,num_leaves,80/20,2,random_fp_20,validation_grid,80/20,valid,63.000000,True,6790,95,38.804104,95,19,76,0.863158,0.875000,0.607143,0.894737,0.723404,0.658004,65,11,2,17,0.901662,0.780002,0.780002
lightgbm_balanced_ratio_preserved_noise_mcc_selected_v1,lightgbm_class_weight_balanced,lightgbm,num_leaves,80/20,2,random_fp_20,test,50/50,test,63.000000,True,6790,95,38.982696,42,21,21,0.809524,0.809524,0.882353,0.714286,0.789474,0.630593,19,2,6,15,0.845805,0.865533,0.865533
lightgbm_balanced_ratio_preserved_noise_mcc_selected_v1,lightgbm_class_weight_balanced,lightgbm,num_leaves,80/20,2,random_fp_20,test,60/40,test,63.000000,True,6790,95,39.129684,53,21,32,0.773585,0.763393,0.714286,0.714286,0.714286,0.526786,26,6,6,15,0.845238,0.849646,0.849646
lightgbm_balanced_ratio_preserved_noise_mcc_selected_v1,lightgbm_class_weight_balanced,lightgbm,num_leaves,80/20,2,random_fp_20,test,70/30,test,63.000000,True,6790,95,39.339690,70,21,49,0.771429,0.755102,0.600000,0.714286,0.652174,0.487950,39,10,6,15,0.817298,0.705326,0.705326
lightgbm_balanced_ratio_preserved_noise_mcc_selected_v1,lightgbm_class_weight_balanced,lightgbm,num_leaves,80/20,2,random_fp_20,test,75/25,test,63.000000,True,6790,95,39.489021,84,21,63,0.809524,0.777778,0.600000,0.714286,0.652174,0.526152,53,10,6,15,0.820862,0.687916,0.687916
lightgbm_balanced_ratio_preserved_noise_mcc_selected_v1,lightgbm_class_weight_balanced,lightgbm,num_leaves,80/20,2,random_fp_20,test,80/20,test,63.000000,True,6790,95,39.662946,105,21,84,0.819048,0.779762,0.535714,0.714286,0.612245,0.506108,71,13,6,15,0.849206,0.724608,0.724608
lightgbm_balanced_ratio_preserved_noise_mcc_selected_v1,lightgbm_class_weight_balanced,lightgbm,num_leaves,80/20,2,random_fp_20,test,90/10,test,63.000000,True,6790,95,39.926761,210,21,189,0.847619,0.788360,0.365854,0.714286,0.483871,0.436486,163,26,6,15,0.846813,0.512413,0.512413
lightgbm_balanced_ratio_preserved_noise_mcc_selected_v1,lightgbm_class_weight_balanced,lightgbm,num_leaves,80/20,2,heuristic_fp_10,validation_grid,80/20,valid,15.000000,False,5095,95,15.804239,95,19,76,0.736842,0.756579,0.416667,0.789474,0.545455,0.423114,55,21,4,15,0.900277,0.743727,0.743727
lightgbm_balanced_ratio_preserved_noise_mcc_selected_v1,lightgbm_class_weight_balanced,lightgbm,num_leaves,80/20,2,heuristic_fp_10,validation_grid,80/20,valid,31.000000,False,5095,95,23.149439,95,19,76,0.747368,0.763158,0.428571,0.789474,0.555556,0.436436,56,20,4,15,0.898199,0.725621,0.725621
lightgbm_balanced_ratio_preserved_noise_mcc_selected_v1,lightgbm_class_weight_balanced,lightgbm,num_leaves,80/20,2,heuristic_fp_10,validation_grid,80/20,valid,63.000000,True,5095,95,33.185962,95,19,76,0.852632,0.868421,0.586207,0.894737,0.708333,0.640010,64,12,2,17,0.929363,0.797742,0.797742
lightgbm_balanced_ratio_preserved_noise_mcc_selected_v1,lightgbm_class_weight_balanced,lightgbm,num_leaves,80/20,2,heuristic_fp_10,test,50/50,test,63.000000,True,5095,95,33.296132,42,21,21,0.809524,0.809524,0.809524,0.809524,0.809524,0.619048,17,4,4,17,0.902494,0.881254,0.881254
lightgbm_balanced_ratio_preserved_noise_mcc_selected_v1,lightgbm_class_weight_balanced,lightgbm,num_leaves,80/20,2,heuristic_fp_10,test,60/40,test,63.000000,True,5095,95,33.389411,53,21,32,0.811321,0.811012,0.739130,0.809524,0.772727,0.613857,26,6,4,17,0.910714,0.839308,0.839308
lightgbm_balanced_ratio_preserved_noise_mcc_selected_v1,lightgbm_class_weight_balanced,lightgbm,num_leaves,80/20,2,heuristic_fp_10,test,70/30,test,63.000000,True,5095,95,33.525057,70,21,49,0.814286,0.812925,0.653846,0.809524,0.723404,0.593561,40,9,4,17,0.891156,0.676809,0.676809
lightgbm_balanced_ratio_preserved_noise_mcc_selected_v1,lightgbm_class_weight_balanced,lightgbm,num_leaves,80/20,2,heuristic_fp_10,test,75/25,test,63.000000,True,5095,95,33.664218,84,21,63,0.809524,0.809524,0.586207,0.809524,0.680000,0.563798,51,12,4,17,0.901738,0.740648,0.740648
lightgbm_balanced_ratio_preserved_noise_mcc_selected_v1,lightgbm_class_weight_balanced,lightgbm,num_leaves,80/20,2,heuristic_fp_10,test,80/20,test,63.000000,True,5095,95,33.799837,105,21,84,0.866667,0.845238,0.629630,0.809524,0.708333,0.631930,74,10,4,17,0.931406,0.738474,0.738474
lightgbm_balanced_ratio_preserved_noise_mcc_selected_v1,lightgbm_class_weight_balanced,lightgbm,num_leaves,80/20,2,heuristic_fp_10,test,90/10,test,63.000000,True,5095,95,34.030453,210,21,189,0.819048,0.814815,0.333333,0.809524,0.472222,0.440496,155,34,4,17,0.905014,0.472267,0.472267
lightgbm_balanced_ratio_preserved_noise_mcc_selected_v1,lightgbm_class_weight_balanced,lightgbm,num_leaves,80/20,2,heuristic_fp_20,validation_grid,80/20,valid,15.000000,False,6790,95,17.266348,95,19,76,0.778947,0.842105,0.473684,0.947368,0.631579,0.558656,56,20,1,18,0.903047,0.706291,0.706291
lightgbm_balanced_ratio_preserved_noise_mcc_selected_v1,lightgbm_class_weight_balanced,lightgbm,num_leaves,80/20,2,heuristic_fp_20,validation_grid,80/20,valid,31.000000,True,6790,95,25.040182,95,19,76,0.789474,0.848684,0.486486,0.947368,0.642857,0.572046,57,19,1,18,0.916205,0.739641,0.739641
lightgbm_balanced_ratio_preserved_noise_mcc_selected_v1,lightgbm_class_weight_balanced,lightgbm,num_leaves,80/20,2,heuristic_fp_20,validation_grid,80/20,valid,63.000000,False,6790,95,36.228324,95,19,76,0.768421,0.776316,0.454545,0.789474,0.576923,0.464266,58,18,4,15,0.896814,0.693025,0.693025
lightgbm_balanced_ratio_preserved_noise_mcc_selected_v1,lightgbm_class_weight_balanced,lightgbm,num_leaves,80/20,2,heuristic_fp_20,test,50/50,test,31.000000,True,6790,95,36.363210,42,21,21,0.809524,0.809524,0.760000,0.904762,0.826087,0.630593,15,6,2,19,0.879819,0.824432,0.824432
lightgbm_balanced_ratio_preserved_noise_mcc_selected_v1,lightgbm_class_weight_balanced,lightgbm,num_leaves,80/20,2,heuristic_fp_20,test,60/40,test,31.000000,True,6790,95,36.479841,53,21,32,0.830189,0.843006,0.730769,0.904762,0.808511,0.671193,25,7,2,19,0.891369,0.772622,0.772622
lightgbm_balanced_ratio_preserved_noise_mcc_selected_v1,lightgbm_class_weight_balanced,lightgbm,num_leaves,80/20,2,heuristic_fp_20,test,70/30,test,31.000000,True,6790,95,36.678407,70,21,49,0.728571,0.778912,0.527778,0.904762,0.666667,0.511462,32,17,2,19,0.876579,0.637533,0.637533
lightgbm_balanced_ratio_preserved_noise_mcc_selected_v1,lightgbm_class_weight_balanced,lightgbm,num_leaves,80/20,2,heuristic_fp_20,test,75/25,test,31.000000,True,6790,95,36.834683,84,21,63,0.785714,0.825397,0.542857,0.904762,0.678571,0.571599,47,16,2,19,0.884354,0.612275,0.612275
lightgbm_balanced_ratio_preserved_noise_mcc_selected_v1,lightgbm_class_weight_balanced,lightgbm,num_leaves,80/20,2,heuristic_fp_20,test,80/20,test,31.000000,True,6790,95,37.005035,105,21,84,0.809524,0.845238,0.513514,0.904762,0.655172,0.578153,66,18,2,19,0.908730,0.641685,0.641685
lightgbm_balanced_ratio_preserved_noise_mcc_selected_v1,lightgbm_class_weight_balanced,lightgbm,num_leaves,80/20,2,heuristic_fp_20,test,90/10,test,31.000000,True,6790,95,37.261356,210,21,189,0.723810,0.804233,0.253333,0.904762,0.395833,0.380960,133,56,2,19,0.885362,0.402945,0.402945
lightgbm_balanced_ratio_preserved_noise_mcc_selected_v1,lightgbm_class_weight_balanced,lightgbm,num_leaves,80/20,3,clean,validation_grid,80/20,valid,15.000000,True,3395,95,10.686572,95,19,76,0.810526,0.822368,0.516129,0.842105,0.640000,0.550041,61,15,3,16,0.895429,0.695071,0.695071
lightgbm_balanced_ratio_preserved_noise_mcc_selected_v1,lightgbm_class_weight_balanced,lightgbm,num_leaves,80/20,3,clean,validation_grid,80/20,valid,31.000000,False,3395,95,16.281591,95,19,76,0.810526,0.802632,0.517241,0.789474,0.625000,0.525723,62,14,4,15,0.901662,0.677964,0.677964
lightgbm_balanced_ratio_preserved_noise_mcc_selected_v1,lightgbm_class_weight_balanced,lightgbm,num_leaves,80/20,3,clean,validation_grid,80/20,valid,63.000000,False,3395,95,24.550486,95,19,76,0.831579,0.776316,0.565217,0.684211,0.619048,0.516047,66,10,6,13,0.903740,0.725943,0.725943
lightgbm_balanced_ratio_preserved_noise_mcc_selected_v1,lightgbm_class_weight_balanced,lightgbm,num_leaves,80/20,3,clean,test,50/50,test,15.000000,True,3395,95,24.629513,42,21,21,0.833333,0.833333,0.850000,0.809524,0.829268,0.667424,18,3,4,17,0.897959,0.898331,0.898331
lightgbm_balanced_ratio_preserved_noise_mcc_selected_v1,lightgbm_class_weight_balanced,lightgbm,num_leaves,80/20,3,clean,test,60/40,test,15.000000,True,3395,95,24.735862,53,21,32,0.773585,0.779762,0.680000,0.809524,0.739130,0.548219,24,8,4,17,0.855655,0.792405,0.792405
lightgbm_balanced_ratio_preserved_noise_mcc_selected_v1,lightgbm_class_weight_balanced,lightgbm,num_leaves,80/20,3,clean,test,70/30,test,15.000000,True,3395,95,24.851810,70,21,49,0.800000,0.802721,0.629630,0.809524,0.708333,0.569986,39,10,4,17,0.889213,0.809544,0.809544
lightgbm_balanced_ratio_preserved_noise_mcc_selected_v1,lightgbm_class_weight_balanced,lightgbm,num_leaves,80/20,3,clean,test,75/25,test,15.000000,True,3395,95,24.976305,84,21,63,0.809524,0.809524,0.586207,0.809524,0.680000,0.563798,51,12,4,17,0.883598,0.735775,0.735775
lightgbm_balanced_ratio_preserved_noise_mcc_selected_v1,lightgbm_class_weight_balanced,lightgbm,num_leaves,80/20,3,clean,test,80/20,test,15.000000,True,3395,95,25.110644,105,21,84,0.790476,0.797619,0.485714,0.809524,0.607143,0.505076,66,18,4,17,0.885488,0.726533,0.726533
lightgbm_balanced_ratio_preserved_noise_mcc_selected_v1,lightgbm_class_weight_balanced,lightgbm,num_leaves,80/20,3,clean,test,90/10,test,15.000000,True,3395,95,25.332640,210,21,189,0.795238,0.801587,0.303571,0.809524,0.441558,0.409194,150,39,4,17,0.895440,0.562182,0.562182
lightgbm_balanced_ratio_preserved_noise_mcc_selected_v1,lightgbm_class_weight_balanced,lightgbm,num_leaves,80/20,3,random_flip_10,validation_grid,80/20,valid,15.000000,False,3395,95,12.689522,95,19,76,0.768421,0.796053,0.457143,0.842105,0.592593,0.490990,57,19,3,16,0.879501,0.625811,0.625811
lightgbm_balanced_ratio_preserved_noise_mcc_selected_v1,lightgbm_class_weight_balanced,lightgbm,num_leaves,80/20,3,random_flip_10,validation_grid,80/20,valid,31.000000,True,3395,95,19.052117,95,19,76,0.831579,0.835526,0.551724,0.842105,0.666667,0.582867,63,13,3,16,0.878809,0.656516,0.656516
lightgbm_balanced_ratio_preserved_noise_mcc_selected_v1,lightgbm_class_weight_balanced,lightgbm,num_leaves,80/20,3,random_flip_10,validation_grid,80/20,valid,63.000000,False,3395,95,27.348936,95,19,76,0.852632,0.789474,0.619048,0.684211,0.650000,0.558081,68,8,6,13,0.914127,0.773669,0.773669
lightgbm_balanced_ratio_preserved_noise_mcc_selected_v1,lightgbm_class_weight_balanced,lightgbm,num_leaves,80/20,3,random_flip_10,test,50/50,test,31.000000,True,3395,95,27.441103,42,21,21,0.738095,0.738095,0.777778,0.666667,0.717949,0.481125,17,4,7,14,0.841270,0.868718,0.868718
lightgbm_balanced_ratio_preserved_noise_mcc_selected_v1,lightgbm_class_weight_balanced,lightgbm,num_leaves,80/20,3,random_flip_10,test,60/40,test,31.000000,True,3395,95,27.556570,53,21,32,0.735849,0.723958,0.666667,0.666667,0.666667,0.447917,25,7,7,14,0.800595,0.761652,0.761652
lightgbm_balanced_ratio_preserved_noise_mcc_selected_v1,lightgbm_class_weight_balanced,lightgbm,num_leaves,80/20,3,random_flip_10,test,70/30,test,31.000000,True,3395,95,27.676211,70,21,49,0.757143,0.731293,0.583333,0.666667,0.622222,0.446596,39,10,7,14,0.827017,0.736449,0.736449
lightgbm_balanced_ratio_preserved_noise_mcc_selected_v1,lightgbm_class_weight_balanced,lightgbm,num_leaves,80/20,3,random_flip_10,test,75/25,test,31.000000,True,3395,95,27.802058,84,21,63,0.821429,0.769841,0.636364,0.666667,0.651163,0.531510,55,8,7,14,0.866969,0.715868,0.715868
lightgbm_balanced_ratio_preserved_noise_mcc_selected_v1,lightgbm_class_weight_balanced,lightgbm,num_leaves,80/20,3,random_flip_10,test,80/20,test,31.000000,True,3395,95,27.968170,105,21,84,0.761905,0.726190,0.437500,0.666667,0.528302,0.393113,66,18,7,14,0.836168,0.656168,0.656168
lightgbm_balanced_ratio_preserved_noise_mcc_selected_v1,lightgbm_class_weight_balanced,lightgbm,num_leaves,80/20,3,random_flip_10,test,90/10,test,31.000000,True,3395,95,28.181878,210,21,189,0.785714,0.732804,0.269231,0.666667,0.383562,0.323617,151,38,7,14,0.846057,0.539817,0.539817
lightgbm_balanced_ratio_preserved_noise_mcc_selected_v1,lightgbm_class_weight_balanced,lightgbm,num_leaves,80/20,3,random_flip_20,validation_grid,80/20,valid,15.000000,True,3395,95,13.337103,95,19,76,0.789474,0.769737,0.482759,0.736842,0.583333,0.468579,61,15,5,14,0.834488,0.597663,0.597663
lightgbm_balanced_ratio_preserved_noise_mcc_selected_v1,lightgbm_class_weight_balanced,lightgbm,num_leaves,80/20,3,random_flip_20,validation_grid,80/20,valid,31.000000,False,3395,95,19.218137,95,19,76,0.726316,0.651316,0.370370,0.526316,0.434783,0.268387,59,17,9,10,0.738920,0.448947,0.448947
lightgbm_balanced_ratio_preserved_noise_mcc_selected_v1,lightgbm_class_weight_balanced,lightgbm,num_leaves,80/20,3,random_flip_20,validation_grid,80/20,valid,63.000000,False,3395,95,27.521153,95,19,76,0.789474,0.611842,0.461538,0.315789,0.375000,0.260340,69,7,13,6,0.791551,0.522058,0.522058
lightgbm_balanced_ratio_preserved_noise_mcc_selected_v1,lightgbm_class_weight_balanced,lightgbm,num_leaves,80/20,3,random_flip_20,test,50/50,test,15.000000,True,3395,95,27.645600,42,21,21,0.785714,0.785714,0.833333,0.714286,0.769231,0.577350,18,3,6,15,0.818594,0.834303,0.834303
lightgbm_balanced_ratio_preserved_noise_mcc_selected_v1,lightgbm_class_weight_balanced,lightgbm,num_leaves,80/20,3,random_flip_20,test,60/40,test,15.000000,True,3395,95,27.821877,53,21,32,0.754717,0.747768,0.681818,0.714286,0.697674,0.491889,25,7,6,15,0.811012,0.744960,0.744960
lightgbm_balanced_ratio_preserved_noise_mcc_selected_v1,lightgbm_class_weight_balanced,lightgbm,num_leaves,80/20,3,random_flip_20,test,70/30,test,15.000000,True,3395,95,27.941286,70,21,49,0.785714,0.765306,0.625000,0.714286,0.666667,0.512272,40,9,6,15,0.837707,0.765983,0.765983
lightgbm_balanced_ratio_preserved_noise_mcc_selected_v1,lightgbm_class_weight_balanced,lightgbm,num_leaves,80/20,3,random_flip_20,test,75/25,test,15.000000,True,3395,95,28.069980,84,21,63,0.785714,0.761905,0.555556,0.714286,0.625000,0.485662,51,12,6,15,0.817082,0.637566,0.637566
lightgbm_balanced_ratio_preserved_noise_mcc_selected_v1,lightgbm_class_weight_balanced,lightgbm,num_leaves,80/20,3,random_flip_20,test,80/20,test,15.000000,True,3395,95,28.211591,105,21,84,0.780952,0.755952,0.468750,0.714286,0.566038,0.444838,67,17,6,15,0.825964,0.666720,0.666720
lightgbm_balanced_ratio_preserved_noise_mcc_selected_v1,lightgbm_class_weight_balanced,lightgbm,num_leaves,80/20,3,random_flip_20,test,90/10,test,15.000000,True,3395,95,28.452506,210,21,189,0.828571,0.777778,0.333333,0.714286,0.454545,0.406181,159,30,6,15,0.837743,0.547550,0.547550
lightgbm_balanced_ratio_preserved_noise_mcc_selected_v1,lightgbm_class_weight_balanced,lightgbm,num_leaves,80/20,3,random_fp_10,validation_grid,80/20,valid,15.000000,False,5095,95,14.195256,95,19,76,0.747368,0.782895,0.432432,0.842105,0.571429,0.464113,55,21,3,16,0.880886,0.681632,0.681632
lightgbm_balanced_ratio_preserved_noise_mcc_selected_v1,lightgbm_class_weight_balanced,lightgbm,num_leaves,80/20,3,random_fp_10,validation_grid,80/20,valid,31.000000,False,5095,95,24.801622,95,19,76,0.821053,0.828947,0.533333,0.842105,0.653061,0.566139,62,14,3,16,0.894737,0.775074,0.775074
lightgbm_balanced_ratio_preserved_noise_mcc_selected_v1,lightgbm_class_weight_balanced,lightgbm,num_leaves,80/20,3,random_fp_10,validation_grid,80/20,valid,63.000000,True,5095,95,34.881466,95,19,76,0.842105,0.822368,0.576923,0.789474,0.666667,0.578435,65,11,4,15,0.902355,0.706693,0.706693
lightgbm_balanced_ratio_preserved_noise_mcc_selected_v1,lightgbm_class_weight_balanced,lightgbm,num_leaves,80/20,3,random_fp_10,test,50/50,test,63.000000,True,5095,95,34.964589,42,21,21,0.857143,0.857143,0.894737,0.809524,0.850000,0.717547,19,2,4,17,0.943311,0.952540,0.952540
lightgbm_balanced_ratio_preserved_noise_mcc_selected_v1,lightgbm_class_weight_balanced,lightgbm,num_leaves,80/20,3,random_fp_10,test,60/40,test,63.000000,True,5095,95,35.070851,53,21,32,0.867925,0.857887,0.850000,0.809524,0.829268,0.722252,29,3,4,17,0.924107,0.844362,0.844362
lightgbm_balanced_ratio_preserved_noise_mcc_selected_v1,lightgbm_class_weight_balanced,lightgbm,num_leaves,80/20,3,random_fp_10,test,70/30,test,63.000000,True,5095,95,35.185762,70,21,49,0.828571,0.823129,0.680000,0.809524,0.739130,0.618070,41,8,4,17,0.905734,0.799473,0.799473
lightgbm_balanced_ratio_preserved_noise_mcc_selected_v1,lightgbm_class_weight_balanced,lightgbm,num_leaves,80/20,3,random_fp_10,test,75/25,test,63.000000,True,5095,95,35.326048,84,21,63,0.809524,0.809524,0.586207,0.809524,0.680000,0.563798,51,12,4,17,0.914588,0.803043,0.803043
lightgbm_balanced_ratio_preserved_noise_mcc_selected_v1,lightgbm_class_weight_balanced,lightgbm,num_leaves,80/20,3,random_fp_10,test,80/20,test,63.000000,True,5095,95,35.464848,105,21,84,0.800000,0.803571,0.500000,0.809524,0.618182,0.519005,67,17,4,17,0.911565,0.759627,0.759627
lightgbm_balanced_ratio_preserved_noise_mcc_selected_v1,lightgbm_class_weight_balanced,lightgbm,num_leaves,80/20,3,random_fp_10,test,90/10,test,63.000000,True,5095,95,35.702556,210,21,189,0.866667,0.841270,0.414634,0.809524,0.548387,0.516575,165,24,4,17,0.927690,0.596207,0.596207
lightgbm_balanced_ratio_preserved_noise_mcc_selected_v1,lightgbm_class_weight_balanced,lightgbm,num_leaves,80/20,3,random_fp_20,validation_grid,80/20,valid,15.000000,True,6790,95,16.813040,95,19,76,0.810526,0.842105,0.515152,0.894737,0.653846,0.574805,60,16,2,17,0.885734,0.660615,0.660615
lightgbm_balanced_ratio_preserved_noise_mcc_selected_v1,lightgbm_class_weight_balanced,lightgbm,num_leaves,80/20,3,random_fp_20,validation_grid,80/20,valid,31.000000,False,6790,95,24.484827,95,19,76,0.800000,0.815789,0.500000,0.842105,0.627451,0.534522,60,16,3,16,0.849723,0.621334,0.621334
lightgbm_balanced_ratio_preserved_noise_mcc_selected_v1,lightgbm_class_weight_balanced,lightgbm,num_leaves,80/20,3,random_fp_20,validation_grid,80/20,valid,63.000000,False,6790,95,36.328321,95,19,76,0.768421,0.717105,0.444444,0.631579,0.521739,0.385077,61,15,7,12,0.797091,0.608588,0.608588
lightgbm_balanced_ratio_preserved_noise_mcc_selected_v1,lightgbm_class_weight_balanced,lightgbm,num_leaves,80/20,3,random_fp_20,test,50/50,test,15.000000,True,6790,95,36.414623,42,21,21,0.738095,0.738095,0.708333,0.809524,0.755556,0.481125,14,7,4,17,0.861678,0.877071,0.877071
lightgbm_balanced_ratio_preserved_noise_mcc_selected_v1,lightgbm_class_weight_balanced,lightgbm,num_leaves,80/20,3,random_fp_20,test,60/40,test,15.000000,True,6790,95,36.531674,53,21,32,0.716981,0.732887,0.607143,0.809524,0.693878,0.456363,21,11,4,17,0.879464,0.880124,0.880124
lightgbm_balanced_ratio_preserved_noise_mcc_selected_v1,lightgbm_class_weight_balanced,lightgbm,num_leaves,80/20,3,random_fp_20,test,70/30,test,15.000000,True,6790,95,36.659806,70,21,49,0.714286,0.741497,0.515152,0.809524,0.629630,0.443395,33,16,4,17,0.895044,0.863089,0.863089
lightgbm_balanced_ratio_preserved_noise_mcc_selected_v1,lightgbm_class_weight_balanced,lightgbm,num_leaves,80/20,3,random_fp_20,test,75/25,test,15.000000,True,6790,95,36.783623,84,21,63,0.785714,0.793651,0.548387,0.809524,0.653846,0.527014,49,14,4,17,0.863190,0.684947,0.684947
lightgbm_balanced_ratio_preserved_noise_mcc_selected_v1,lightgbm_class_weight_balanced,lightgbm,num_leaves,80/20,3,random_fp_20,test,80/20,test,15.000000,True,6790,95,36.983480,105,21,84,0.742857,0.767857,0.425000,0.809524,0.557377,0.441261,61,23,4,17,0.863379,0.657364,0.657364
lightgbm_balanced_ratio_preserved_noise_mcc_selected_v1,lightgbm_class_weight_balanced,lightgbm,num_leaves,80/20,3,random_fp_20,test,90/10,test,15.000000,True,6790,95,37.211303,210,21,189,0.747619,0.775132,0.257576,0.809524,0.390805,0.355598,140,49,4,17,0.876291,0.539213,0.539213
lightgbm_balanced_ratio_preserved_noise_mcc_selected_v1,lightgbm_class_weight_balanced,lightgbm,num_leaves,80/20,3,heuristic_fp_10,validation_grid,80/20,valid,15.000000,False,5095,95,13.486918,95,19,76,0.726316,0.789474,0.414634,0.894737,0.566667,0.467556,52,24,2,17,0.847992,0.521975,0.521975
lightgbm_balanced_ratio_preserved_noise_mcc_selected_v1,lightgbm_class_weight_balanced,lightgbm,num_leaves,80/20,3,heuristic_fp_10,validation_grid,80/20,valid,31.000000,True,5095,95,20.767851,95,19,76,0.778947,0.822368,0.472222,0.894737,0.618182,0.531605,57,19,2,17,0.871191,0.625322,0.625322
lightgbm_balanced_ratio_preserved_noise_mcc_selected_v1,lightgbm_class_weight_balanced,lightgbm,num_leaves,80/20,3,heuristic_fp_10,validation_grid,80/20,valid,63.000000,False,5095,95,30.584085,95,19,76,0.778947,0.802632,0.470588,0.842105,0.603774,0.505037,58,18,3,16,0.892659,0.630777,0.630777
lightgbm_balanced_ratio_preserved_noise_mcc_selected_v1,lightgbm_class_weight_balanced,lightgbm,num_leaves,80/20,3,heuristic_fp_10,test,50/50,test,31.000000,True,5095,95,30.666209,42,21,21,0.880952,0.880952,0.833333,0.952381,0.888889,0.769800,17,4,1,20,0.909297,0.831168,0.831168
lightgbm_balanced_ratio_preserved_noise_mcc_selected_v1,lightgbm_class_weight_balanced,lightgbm,num_leaves,80/20,3,heuristic_fp_10,test,60/40,test,31.000000,True,5095,95,30.800959,53,21,32,0.849057,0.866815,0.740741,0.952381,0.833333,0.717784,25,7,1,20,0.876488,0.777418,0.777418
lightgbm_balanced_ratio_preserved_noise_mcc_selected_v1,lightgbm_class_weight_balanced,lightgbm,num_leaves,80/20,3,heuristic_fp_10,test,70/30,test,31.000000,True,5095,95,30.916106,70,21,49,0.785714,0.833333,0.588235,0.952381,0.727273,0.611260,35,14,1,20,0.866861,0.738335,0.738335
lightgbm_balanced_ratio_preserved_noise_mcc_selected_v1,lightgbm_class_weight_balanced,lightgbm,num_leaves,80/20,3,heuristic_fp_10,test,75/25,test,31.000000,True,5095,95,31.038807,84,21,63,0.833333,0.873016,0.606061,0.952381,0.740741,0.661447,50,13,1,20,0.891156,0.612986,0.612986
lightgbm_balanced_ratio_preserved_noise_mcc_selected_v1,lightgbm_class_weight_balanced,lightgbm,num_leaves,80/20,3,heuristic_fp_10,test,80/20,test,31.000000,True,5095,95,31.176160,105,21,84,0.819048,0.869048,0.526316,0.952381,0.677966,0.614374,66,18,1,20,0.899660,0.618375,0.618375
lightgbm_balanced_ratio_preserved_noise_mcc_selected_v1,lightgbm_class_weight_balanced,lightgbm,num_leaves,80/20,3,heuristic_fp_10,test,90/10,test,31.000000,True,5095,95,31.391522,210,21,189,0.804762,0.870370,0.333333,0.952381,0.493827,0.491910,149,40,1,20,0.924162,0.545001,0.545001
lightgbm_balanced_ratio_preserved_noise_mcc_selected_v1,lightgbm_class_weight_balanced,lightgbm,num_leaves,80/20,3,heuristic_fp_20,validation_grid,80/20,valid,15.000000,False,6790,95,17.166518,95,19,76,0.684211,0.782895,0.382979,0.947368,0.545455,0.452657,47,29,1,18,0.844183,0.536798,0.536798
lightgbm_balanced_ratio_preserved_noise_mcc_selected_v1,lightgbm_class_weight_balanced,lightgbm,num_leaves,80/20,3,heuristic_fp_20,validation_grid,80/20,valid,31.000000,True,6790,95,25.197650,95,19,76,0.715789,0.802632,0.409091,0.947368,0.571429,0.485530,50,26,1,18,0.839335,0.557876,0.557876
lightgbm_balanced_ratio_preserved_noise_mcc_selected_v1,lightgbm_class_weight_balanced,lightgbm,num_leaves,80/20,3,heuristic_fp_20,validation_grid,80/20,valid,63.000000,False,6790,95,36.783449,95,19,76,0.715789,0.782895,0.404762,0.894737,0.557377,0.455697,51,25,2,17,0.837258,0.590679,0.590679
lightgbm_balanced_ratio_preserved_noise_mcc_selected_v1,lightgbm_class_weight_balanced,lightgbm,num_leaves,80/20,3,heuristic_fp_20,test,50/50,test,31.000000,True,6790,95,36.883371,42,21,21,0.904762,0.904762,0.840000,1.000000,0.913043,0.824621,17,4,0,21,0.965986,0.967334,0.967334
lightgbm_balanced_ratio_preserved_noise_mcc_selected_v1,lightgbm_class_weight_balanced,lightgbm,num_leaves,80/20,3,heuristic_fp_20,test,60/40,test,31.000000,True,6790,95,37.002623,53,21,32,0.773585,0.812500,0.636364,1.000000,0.777778,0.630656,20,12,0,21,0.891369,0.806391,0.806391
lightgbm_balanced_ratio_preserved_noise_mcc_selected_v1,lightgbm_class_weight_balanced,lightgbm,num_leaves,80/20,3,heuristic_fp_20,test,70/30,test,31.000000,True,6790,95,37.179652,70,21,49,0.771429,0.836735,0.567568,1.000000,0.724138,0.618255,33,16,0,21,0.909621,0.822750,0.822750
lightgbm_balanced_ratio_preserved_noise_mcc_selected_v1,lightgbm_class_weight_balanced,lightgbm,num_leaves,80/20,3,heuristic_fp_20,test,75/25,test,31.000000,True,6790,95,37.323370,84,21,63,0.809524,0.873016,0.567568,1.000000,0.724138,0.650710,47,16,0,21,0.892668,0.673114,0.673114
lightgbm_balanced_ratio_preserved_noise_mcc_selected_v1,lightgbm_class_weight_balanced,lightgbm,num_leaves,80/20,3,heuristic_fp_20,test,80/20,test,31.000000,True,6790,95,37.480828,105,21,84,0.780952,0.863095,0.477273,1.000000,0.646154,0.588720,61,23,0,21,0.916100,0.699008,0.699008
lightgbm_balanced_ratio_preserved_noise_mcc_selected_v1,lightgbm_class_weight_balanced,lightgbm,num_leaves,80/20,3,heuristic_fp_20,test,90/10,test,31.000000,True,6790,95,37.725426,210,21,189,0.723810,0.846561,0.265823,1.000000,0.420000,0.429241,131,58,0,21,0.927186,0.620064,0.620064
lightgbm_balanced_ratio_preserved_noise_mcc_selected_v1,lightgbm_class_weight_balanced,lightgbm,num_leaves,80/20,4,clean,validation_grid,80/20,valid,15.000000,True,3395,95,11.380508,95,19,76,0.768421,0.815789,0.459459,0.894737,0.607143,0.518079,56,20,2,17,0.862881,0.599395,0.599395
lightgbm_balanced_ratio_preserved_noise_mcc_selected_v1,lightgbm_class_weight_balanced,lightgbm,num_leaves,80/20,4,clean,validation_grid,80/20,valid,31.000000,False,3395,95,17.058536,95,19,76,0.778947,0.763158,0.466667,0.736842,0.571429,0.452911,60,16,5,14,0.849030,0.601835,0.601835
lightgbm_balanced_ratio_preserved_noise_mcc_selected_v1,lightgbm_class_weight_balanced,lightgbm,num_leaves,80/20,4,clean,validation_grid,80/20,valid,63.000000,False,3395,95,25.517592,95,19,76,0.800000,0.717105,0.500000,0.578947,0.536585,0.411729,65,11,8,11,0.868421,0.635046,0.635046
lightgbm_balanced_ratio_preserved_noise_mcc_selected_v1,lightgbm_class_weight_balanced,lightgbm,num_leaves,80/20,4,clean,test,50/50,test,15.000000,True,3395,95,25.615901,42,21,21,0.809524,0.809524,0.842105,0.761905,0.800000,0.621874,18,3,5,16,0.938776,0.940553,0.940553
lightgbm_balanced_ratio_preserved_noise_mcc_selected_v1,lightgbm_class_weight_balanced,lightgbm,num_leaves,80/20,4,clean,test,60/40,test,15.000000,True,3395,95,25.783922,53,21,32,0.792453,0.787202,0.727273,0.761905,0.744186,0.570178,26,6,5,16,0.894345,0.778187,0.778187
lightgbm_balanced_ratio_preserved_noise_mcc_selected_v1,lightgbm_class_weight_balanced,lightgbm,num_leaves,80/20,4,clean,test,70/30,test,15.000000,True,3395,95,25.900938,70,21,49,0.728571,0.738095,0.533333,0.761905,0.627451,0.440959,35,14,5,16,0.862002,0.685847,0.685847
lightgbm_balanced_ratio_preserved_noise_mcc_selected_v1,lightgbm_class_weight_balanced,lightgbm,num_leaves,80/20,4,clean,test,75/25,test,15.000000,True,3395,95,26.056014,84,21,63,0.809524,0.793651,0.592593,0.761905,0.666667,0.544530,52,11,5,16,0.887377,0.627521,0.627521
lightgbm_balanced_ratio_preserved_noise_mcc_selected_v1,lightgbm_class_weight_balanced,lightgbm,num_leaves,80/20,4,clean,test,80/20,test,15.000000,True,3395,95,26.226738,105,21,84,0.809524,0.791667,0.516129,0.761905,0.615385,0.511528,69,15,5,16,0.918934,0.779949,0.779949
lightgbm_balanced_ratio_preserved_noise_mcc_selected_v1,lightgbm_class_weight_balanced,lightgbm,num_leaves,80/20,4,clean,test,90/10,test,15.000000,True,3395,95,26.473195,210,21,189,0.761905,0.761905,0.262295,0.761905,0.390244,0.346143,144,45,5,16,0.875787,0.382015,0.382015
lightgbm_balanced_ratio_preserved_noise_mcc_selected_v1,lightgbm_class_weight_balanced,lightgbm,num_leaves,80/20,4,random_flip_10,validation_grid,80/20,valid,15.000000,False,3395,95,12.077779,95,19,76,0.747368,0.763158,0.428571,0.789474,0.555556,0.436436,56,20,4,15,0.863573,0.625530,0.625530
lightgbm_balanced_ratio_preserved_noise_mcc_selected_v1,lightgbm_class_weight_balanced,lightgbm,num_leaves,80/20,4,random_flip_10,validation_grid,80/20,valid,31.000000,True,3395,95,17.887727,95,19,76,0.842105,0.802632,0.583333,0.736842,0.651163,0.557177,66,10,5,14,0.865651,0.661241,0.661241
lightgbm_balanced_ratio_preserved_noise_mcc_selected_v1,lightgbm_class_weight_balanced,lightgbm,num_leaves,80/20,4,random_flip_10,validation_grid,80/20,valid,63.000000,False,3395,95,26.095398,95,19,76,0.821053,0.789474,0.538462,0.736842,0.622222,0.519411,64,12,5,14,0.862881,0.661012,0.661012
lightgbm_balanced_ratio_preserved_noise_mcc_selected_v1,lightgbm_class_weight_balanced,lightgbm,num_leaves,80/20,4,random_flip_10,test,50/50,test,31.000000,True,3395,95,26.200850,42,21,21,0.880952,0.880952,0.900000,0.857143,0.878049,0.762770,19,2,3,18,0.877551,0.860311,0.860311
lightgbm_balanced_ratio_preserved_noise_mcc_selected_v1,lightgbm_class_weight_balanced,lightgbm,num_leaves,80/20,4,random_flip_10,test,60/40,test,31.000000,True,3395,95,26.367527,53,21,32,0.849057,0.850446,0.782609,0.857143,0.818182,0.691690,27,5,3,18,0.834821,0.721283,0.721283
lightgbm_balanced_ratio_preserved_noise_mcc_selected_v1,lightgbm_class_weight_balanced,lightgbm,num_leaves,80/20,4,random_flip_10,test,70/30,test,31.000000,True,3395,95,26.487394,70,21,49,0.828571,0.836735,0.666667,0.857143,0.750000,0.634029,40,9,3,18,0.837707,0.722188,0.722188
lightgbm_balanced_ratio_preserved_noise_mcc_selected_v1,lightgbm_class_weight_balanced,lightgbm,num_leaves,80/20,4,random_flip_10,test,75/25,test,31.000000,True,3395,95,26.631495,84,21,63,0.845238,0.849206,0.642857,0.857143,0.734694,0.641533,53,10,3,18,0.851852,0.637593,0.637593
lightgbm_balanced_ratio_preserved_noise_mcc_selected_v1,lightgbm_class_weight_balanced,lightgbm,num_leaves,80/20,4,random_flip_10,test,80/20,test,31.000000,True,3395,95,26.770405,105,21,84,0.857143,0.857143,0.600000,0.857143,0.705882,0.632456,72,12,3,18,0.869048,0.688758,0.688758
lightgbm_balanced_ratio_preserved_noise_mcc_selected_v1,lightgbm_class_weight_balanced,lightgbm,num_leaves,80/20,4,random_flip_10,test,90/10,test,31.000000,True,3395,95,27.041175,210,21,189,0.833333,0.843915,0.360000,0.857143,0.507042,0.484481,157,32,3,18,0.851096,0.421532,0.421532
lightgbm_balanced_ratio_preserved_noise_mcc_selected_v1,lightgbm_class_weight_balanced,lightgbm,num_leaves,80/20,4,random_flip_20,validation_grid,80/20,valid,15.000000,True,3395,95,11.158617,95,19,76,0.768421,0.756579,0.451613,0.736842,0.560000,0.437788,59,17,5,14,0.833102,0.651010,0.651010
lightgbm_balanced_ratio_preserved_noise_mcc_selected_v1,lightgbm_class_weight_balanced,lightgbm,num_leaves,80/20,4,random_flip_20,validation_grid,80/20,valid,31.000000,False,3395,95,16.885679,95,19,76,0.757895,0.651316,0.409091,0.473684,0.439024,0.286962,63,13,10,9,0.749307,0.458927,0.458927
lightgbm_balanced_ratio_preserved_noise_mcc_selected_v1,lightgbm_class_weight_balanced,lightgbm,num_leaves,80/20,4,random_flip_20,validation_grid,80/20,valid,63.000000,False,3395,95,26.286481,95,19,76,0.821053,0.671053,0.571429,0.421053,0.484848,0.386044,70,6,11,8,0.779778,0.498603,0.498603
lightgbm_balanced_ratio_preserved_noise_mcc_selected_v1,lightgbm_class_weight_balanced,lightgbm,num_leaves,80/20,4,random_flip_20,test,50/50,test,15.000000,True,3395,95,26.375117,42,21,21,0.714286,0.714286,0.800000,0.571429,0.666667,0.447214,18,3,9,12,0.836735,0.852592,0.852592
lightgbm_balanced_ratio_preserved_noise_mcc_selected_v1,lightgbm_class_weight_balanced,lightgbm,num_leaves,80/20,4,random_flip_20,test,60/40,test,15.000000,True,3395,95,26.536602,53,21,32,0.716981,0.691964,0.666667,0.571429,0.615385,0.396520,26,6,9,12,0.764881,0.708057,0.708057
lightgbm_balanced_ratio_preserved_noise_mcc_selected_v1,lightgbm_class_weight_balanced,lightgbm,num_leaves,80/20,4,random_flip_20,test,70/30,test,15.000000,True,3395,95,26.656241,70,21,49,0.685714,0.653061,0.480000,0.571429,0.521739,0.292770,36,13,9,12,0.770651,0.657792,0.657792
lightgbm_balanced_ratio_preserved_noise_mcc_selected_v1,lightgbm_class_weight_balanced,lightgbm,num_leaves,80/20,4,random_flip_20,test,75/25,test,15.000000,True,3395,95,26.800783,84,21,63,0.773810,0.706349,0.545455,0.571429,0.558140,0.406449,53,10,9,12,0.786848,0.529568,0.529568
lightgbm_balanced_ratio_preserved_noise_mcc_selected_v1,lightgbm_class_weight_balanced,lightgbm,num_leaves,80/20,4,random_flip_20,test,80/20,test,15.000000,True,3395,95,26.956381,105,21,84,0.752381,0.684524,0.413793,0.571429,0.480000,0.330161,67,17,9,12,0.802154,0.602557,0.602557
lightgbm_balanced_ratio_preserved_noise_mcc_selected_v1,lightgbm_class_weight_balanced,lightgbm,num_leaves,80/20,4,random_flip_20,test,90/10,test,15.000000,True,3395,95,27.199531,210,21,189,0.766667,0.679894,0.230769,0.571429,0.328767,0.250068,149,40,9,12,0.797682,0.423994,0.423994
lightgbm_balanced_ratio_preserved_noise_mcc_selected_v1,lightgbm_class_weight_balanced,lightgbm,num_leaves,80/20,4,random_fp_10,validation_grid,80/20,valid,15.000000,False,5095,95,14.830277,95,19,76,0.757895,0.789474,0.444444,0.842105,0.581818,0.477359,56,20,3,16,0.895429,0.641221,0.641221
lightgbm_balanced_ratio_preserved_noise_mcc_selected_v1,lightgbm_class_weight_balanced,lightgbm,num_leaves,80/20,4,random_fp_10,validation_grid,80/20,valid,31.000000,False,5095,95,22.572692,95,19,76,0.757895,0.789474,0.444444,0.842105,0.581818,0.477359,56,20,3,16,0.901662,0.722399,0.722399
lightgbm_balanced_ratio_preserved_noise_mcc_selected_v1,lightgbm_class_weight_balanced,lightgbm,num_leaves,80/20,4,random_fp_10,validation_grid,80/20,valid,63.000000,True,5095,95,34.127563,95,19,76,0.821053,0.809211,0.535714,0.789474,0.638298,0.542565,63,13,4,15,0.886427,0.700820,0.700820
lightgbm_balanced_ratio_preserved_noise_mcc_selected_v1,lightgbm_class_weight_balanced,lightgbm,num_leaves,80/20,4,random_fp_10,test,50/50,test,63.000000,True,5095,95,34.224021,42,21,21,0.857143,0.857143,0.941176,0.761905,0.842105,0.727607,20,1,5,16,0.938776,0.950831,0.950831
lightgbm_balanced_ratio_preserved_noise_mcc_selected_v1,lightgbm_class_weight_balanced,lightgbm,num_leaves,80/20,4,random_fp_10,test,60/40,test,63.000000,True,5095,95,34.435698,53,21,32,0.792453,0.787202,0.727273,0.761905,0.744186,0.570178,26,6,5,16,0.885417,0.803974,0.803974
lightgbm_balanced_ratio_preserved_noise_mcc_selected_v1,lightgbm_class_weight_balanced,lightgbm,num_leaves,80/20,4,random_fp_10,test,70/30,test,63.000000,True,5095,95,34.558862,70,21,49,0.842857,0.819728,0.727273,0.761905,0.744186,0.631228,43,6,5,16,0.918367,0.876769,0.876769
lightgbm_balanced_ratio_preserved_noise_mcc_selected_v1,lightgbm_class_weight_balanced,lightgbm,num_leaves,80/20,4,random_fp_10,test,75/25,test,63.000000,True,5095,95,34.708923,84,21,63,0.821429,0.801587,0.615385,0.761905,0.680851,0.564966,53,10,5,16,0.899471,0.782728,0.782728
lightgbm_balanced_ratio_preserved_noise_mcc_selected_v1,lightgbm_class_weight_balanced,lightgbm,num_leaves,80/20,4,random_fp_10,test,80/20,test,63.000000,True,5095,95,34.847805,105,21,84,0.876190,0.833333,0.666667,0.761905,0.711111,0.635053,76,8,5,16,0.921202,0.823737,0.823737
lightgbm_balanced_ratio_preserved_noise_mcc_selected_v1,lightgbm_class_weight_balanced,lightgbm,num_leaves,80/20,4,random_fp_10,test,90/10,test,63.000000,True,5095,95,35.125387,210,21,189,0.814286,0.791005,0.320000,0.761905,0.450704,0.409946,155,34,5,16,0.899723,0.658126,0.658126
lightgbm_balanced_ratio_preserved_noise_mcc_selected_v1,lightgbm_class_weight_balanced,lightgbm,num_leaves,80/20,4,random_fp_20,validation_grid,80/20,valid,15.000000,True,6790,95,16.915377,95,19,76,0.768421,0.815789,0.459459,0.894737,0.607143,0.518079,56,20,2,17,0.835873,0.633138,0.633138
lightgbm_balanced_ratio_preserved_noise_mcc_selected_v1,lightgbm_class_weight_balanced,lightgbm,num_leaves,80/20,4,random_fp_20,validation_grid,80/20,valid,31.000000,False,6790,95,25.979370,95,19,76,0.778947,0.743421,0.464286,0.684211,0.553191,0.427125,61,15,6,13,0.828947,0.573572,0.573572
lightgbm_balanced_ratio_preserved_noise_mcc_selected_v1,lightgbm_class_weight_balanced,lightgbm,num_leaves,80/20,4,random_fp_20,validation_grid,80/20,valid,63.000000,False,6790,95,37.762456,95,19,76,0.715789,0.664474,0.366667,0.578947,0.448980,0.283069,57,19,8,11,0.800554,0.558300,0.558300
lightgbm_balanced_ratio_preserved_noise_mcc_selected_v1,lightgbm_class_weight_balanced,lightgbm,num_leaves,80/20,4,random_fp_20,test,50/50,test,15.000000,True,6790,95,37.862289,42,21,21,0.833333,0.833333,0.850000,0.809524,0.829268,0.667424,18,3,4,17,0.918367,0.928164,0.928164
lightgbm_balanced_ratio_preserved_noise_mcc_selected_v1,lightgbm_class_weight_balanced,lightgbm,num_leaves,80/20,4,random_fp_20,test,60/40,test,15.000000,True,6790,95,38.045832,53,21,32,0.792453,0.795387,0.708333,0.809524,0.755556,0.580499,25,7,4,17,0.842262,0.751530,0.751530
lightgbm_balanced_ratio_preserved_noise_mcc_selected_v1,lightgbm_class_weight_balanced,lightgbm,num_leaves,80/20,4,random_fp_20,test,70/30,test,15.000000,True,6790,95,38.182820,70,21,49,0.714286,0.741497,0.515152,0.809524,0.629630,0.443395,33,16,4,17,0.854227,0.733893,0.733893
lightgbm_balanced_ratio_preserved_noise_mcc_selected_v1,lightgbm_class_weight_balanced,lightgbm,num_leaves,80/20,4,random_fp_20,test,75/25,test,15.000000,True,6790,95,38.360603,84,21,63,0.821429,0.817460,0.607143,0.809524,0.693878,0.583212,52,11,4,17,0.894936,0.750453,0.750453
lightgbm_balanced_ratio_preserved_noise_mcc_selected_v1,lightgbm_class_weight_balanced,lightgbm,num_leaves,80/20,4,random_fp_20,test,80/20,test,15.000000,True,6790,95,38.532951,105,21,84,0.790476,0.797619,0.485714,0.809524,0.607143,0.505076,66,18,4,17,0.892857,0.731014,0.731014
lightgbm_balanced_ratio_preserved_noise_mcc_selected_v1,lightgbm_class_weight_balanced,lightgbm,num_leaves,80/20,4,random_fp_20,test,90/10,test,15.000000,True,6790,95,38.813869,210,21,189,0.761905,0.783069,0.269841,0.809524,0.404762,0.370624,143,46,4,17,0.863190,0.498069,0.498069
lightgbm_balanced_ratio_preserved_noise_mcc_selected_v1,lightgbm_class_weight_balanced,lightgbm,num_leaves,80/20,4,heuristic_fp_10,validation_grid,80/20,valid,15.000000,False,5095,95,15.520182,95,19,76,0.726316,0.789474,0.414634,0.894737,0.566667,0.467556,52,24,2,17,0.867729,0.634250,0.634250
lightgbm_balanced_ratio_preserved_noise_mcc_selected_v1,lightgbm_class_weight_balanced,lightgbm,num_leaves,80/20,4,heuristic_fp_10,validation_grid,80/20,valid,31.000000,False,5095,95,26.153180,95,19,76,0.778947,0.822368,0.472222,0.894737,0.618182,0.531605,57,19,2,17,0.894737,0.674093,0.674093
lightgbm_balanced_ratio_preserved_noise_mcc_selected_v1,lightgbm_class_weight_balanced,lightgbm,num_leaves,80/20,4,heuristic_fp_10,validation_grid,80/20,valid,63.000000,True,5095,95,36.424171,95,19,76,0.810526,0.842105,0.515152,0.894737,0.653846,0.574805,60,16,2,17,0.885734,0.673113,0.673113
lightgbm_balanced_ratio_preserved_noise_mcc_selected_v1,lightgbm_class_weight_balanced,lightgbm,num_leaves,80/20,4,heuristic_fp_10,test,50/50,test,63.000000,True,5095,95,36.522173,42,21,21,0.833333,0.833333,0.850000,0.809524,0.829268,0.667424,18,3,4,17,0.922902,0.891275,0.891275
lightgbm_balanced_ratio_preserved_noise_mcc_selected_v1,lightgbm_class_weight_balanced,lightgbm,num_leaves,80/20,4,heuristic_fp_10,test,60/40,test,63.000000,True,5095,95,36.689788,53,21,32,0.830189,0.826637,0.772727,0.809524,0.790698,0.648467,27,5,4,17,0.897321,0.825762,0.825762
lightgbm_balanced_ratio_preserved_noise_mcc_selected_v1,lightgbm_class_weight_balanced,lightgbm,num_leaves,80/20,4,heuristic_fp_10,test,70/30,test,63.000000,True,5095,95,36.809314,70,21,49,0.771429,0.782313,0.586207,0.809524,0.680000,0.525264,37,12,4,17,0.838678,0.600340,0.600340
lightgbm_balanced_ratio_preserved_noise_mcc_selected_v1,lightgbm_class_weight_balanced,lightgbm,num_leaves,80/20,4,heuristic_fp_10,test,75/25,test,63.000000,True,5095,95,36.957977,84,21,63,0.857143,0.841270,0.680000,0.809524,0.739130,0.646416,55,8,4,17,0.934996,0.766781,0.766781
lightgbm_balanced_ratio_preserved_noise_mcc_selected_v1,lightgbm_class_weight_balanced,lightgbm,num_leaves,80/20,4,heuristic_fp_10,test,80/20,test,63.000000,True,5095,95,37.096832,105,21,84,0.933333,0.886905,0.850000,0.809524,0.829268,0.788241,81,3,4,17,0.950113,0.797081,0.797081
lightgbm_balanced_ratio_preserved_noise_mcc_selected_v1,lightgbm_class_weight_balanced,lightgbm,num_leaves,80/20,4,heuristic_fp_10,test,90/10,test,63.000000,True,5095,95,37.350091,210,21,189,0.885714,0.851852,0.459459,0.809524,0.586207,0.554123,169,20,4,17,0.923910,0.517886,0.517886
lightgbm_balanced_ratio_preserved_noise_mcc_selected_v1,lightgbm_class_weight_balanced,lightgbm,num_leaves,80/20,4,heuristic_fp_20,validation_grid,80/20,valid,15.000000,True,6790,95,18.045866,95,19,76,0.705263,0.796053,0.400000,0.947368,0.562500,0.474342,49,27,1,18,0.838989,0.589512,0.589512
lightgbm_balanced_ratio_preserved_noise_mcc_selected_v1,lightgbm_class_weight_balanced,lightgbm,num_leaves,80/20,4,heuristic_fp_20,validation_grid,80/20,valid,31.000000,False,6790,95,26.210206,95,19,76,0.684211,0.782895,0.382979,0.947368,0.545455,0.452657,47,29,1,18,0.865651,0.626390,0.626390
lightgbm_balanced_ratio_preserved_noise_mcc_selected_v1,lightgbm_class_weight_balanced,lightgbm,num_leaves,80/20,4,heuristic_fp_20,validation_grid,80/20,valid,63.000000,False,6790,95,38.283921,95,19,76,0.715789,0.763158,0.400000,0.842105,0.542373,0.426401,52,24,3,16,0.867036,0.639826,0.639826
lightgbm_balanced_ratio_preserved_noise_mcc_selected_v1,lightgbm_class_weight_balanced,lightgbm,num_leaves,80/20,4,heuristic_fp_20,test,50/50,test,15.000000,True,6790,95,38.378662,42,21,21,0.809524,0.809524,0.760000,0.904762,0.826087,0.630593,15,6,2,19,0.902494,0.831374,0.831374
lightgbm_balanced_ratio_preserved_noise_mcc_selected_v1,lightgbm_class_weight_balanced,lightgbm,num_leaves,80/20,4,heuristic_fp_20,test,60/40,test,15.000000,True,6790,95,38.547756,53,21,32,0.754717,0.780506,0.633333,0.904762,0.745098,0.553646,21,11,2,19,0.864583,0.775951,0.775951
lightgbm_balanced_ratio_preserved_noise_mcc_selected_v1,lightgbm_class_weight_balanced,lightgbm,num_leaves,80/20,4,heuristic_fp_20,test,70/30,test,15.000000,True,6790,95,38.669554,70,21,49,0.714286,0.768707,0.513514,0.904762,0.655172,0.493355,31,18,2,19,0.840622,0.644102,0.644102
lightgbm_balanced_ratio_preserved_noise_mcc_selected_v1,lightgbm_class_weight_balanced,lightgbm,num_leaves,80/20,4,heuristic_fp_20,test,75/25,test,15.000000,True,6790,95,38.817291,84,21,63,0.797619,0.833333,0.558824,0.904762,0.690909,0.588118,48,15,2,19,0.885865,0.602113,0.602113
lightgbm_balanced_ratio_preserved_noise_mcc_selected_v1,lightgbm_class_weight_balanced,lightgbm,num_leaves,80/20,4,heuristic_fp_20,test,80/20,test,15.000000,True,6790,95,38.975388,105,21,84,0.733333,0.797619,0.422222,0.904762,0.575758,0.481125,58,26,2,19,0.921769,0.764043,0.764043
lightgbm_balanced_ratio_preserved_noise_mcc_selected_v1,lightgbm_class_weight_balanced,lightgbm,num_leaves,80/20,4,heuristic_fp_20,test,90/10,test,15.000000,True,6790,95,39.252285,210,21,189,0.719048,0.801587,0.250000,0.904762,0.391753,0.376552,132,57,2,19,0.872386,0.344180,0.344180
lightgbm_balanced_ratio_preserved_noise_mcc_selected_v1,lightgbm_class_weight_balanced,lightgbm,num_leaves,80/20,5,clean,validation_grid,80/20,valid,15.000000,False,3395,95,11.554302,95,19,76,0.821053,0.848684,0.531250,0.894737,0.666667,0.590202,61,15,2,17,0.898892,0.644687,0.644687
lightgbm_balanced_ratio_preserved_noise_mcc_selected_v1,lightgbm_class_weight_balanced,lightgbm,num_leaves,80/20,5,clean,validation_grid,80/20,valid,31.000000,True,3395,95,17.061207,95,19,76,0.842105,0.842105,0.571429,0.842105,0.680851,0.600284,64,12,3,16,0.896122,0.610504,0.610504
lightgbm_balanced_ratio_preserved_noise_mcc_selected_v1,lightgbm_class_weight_balanced,lightgbm,num_leaves,80/20,5,clean,validation_grid,80/20,valid,63.000000,False,3395,95,26.328287,95,19,76,0.863158,0.796053,0.650000,0.684211,0.666667,0.580948,69,7,6,13,0.917590,0.731449,0.731449
lightgbm_balanced_ratio_preserved_noise_mcc_selected_v1,lightgbm_class_weight_balanced,lightgbm,num_leaves,80/20,5,clean,test,50/50,test,31.000000,True,3395,95,26.484570,42,21,21,0.785714,0.785714,0.800000,0.761905,0.780488,0.572078,17,4,5,16,0.913832,0.906005,0.906005
lightgbm_balanced_ratio_preserved_noise_mcc_selected_v1,lightgbm_class_weight_balanced,lightgbm,num_leaves,80/20,5,clean,test,60/40,test,31.000000,True,3395,95,26.617613,53,21,32,0.811321,0.802827,0.761905,0.761905,0.761905,0.605655,27,5,5,16,0.909226,0.871878,0.871878
lightgbm_balanced_ratio_preserved_noise_mcc_selected_v1,lightgbm_class_weight_balanced,lightgbm,num_leaves,80/20,5,clean,test,70/30,test,31.000000,True,3395,95,26.779018,70,21,49,0.842857,0.819728,0.727273,0.761905,0.744186,0.631228,43,6,5,16,0.913508,0.847328,0.847328
lightgbm_balanced_ratio_preserved_noise_mcc_selected_v1,lightgbm_class_weight_balanced,lightgbm,num_leaves,80/20,5,clean,test,75/25,test,31.000000,True,3395,95,26.900672,84,21,63,0.857143,0.825397,0.695652,0.761905,0.727273,0.631967,56,7,5,16,0.934996,0.762532,0.762532
lightgbm_balanced_ratio_preserved_noise_mcc_selected_v1,lightgbm_class_weight_balanced,lightgbm,num_leaves,80/20,5,clean,test,80/20,test,31.000000,True,3395,95,27.083887,105,21,84,0.828571,0.803571,0.551724,0.761905,0.640000,0.543168,71,13,5,16,0.890590,0.617198,0.617198
lightgbm_balanced_ratio_preserved_noise_mcc_selected_v1,lightgbm_class_weight_balanced,lightgbm,num_leaves,80/20,5,clean,test,90/10,test,31.000000,True,3395,95,27.385340,210,21,189,0.847619,0.809524,0.372093,0.761905,0.500000,0.460227,162,27,5,16,0.906022,0.451274,0.451274
lightgbm_balanced_ratio_preserved_noise_mcc_selected_v1,lightgbm_class_weight_balanced,lightgbm,num_leaves,80/20,5,random_flip_10,validation_grid,80/20,valid,15.000000,False,3395,95,11.392050,95,19,76,0.800000,0.815789,0.500000,0.842105,0.627451,0.534522,60,16,3,16,0.864266,0.522334,0.522334
lightgbm_balanced_ratio_preserved_noise_mcc_selected_v1,lightgbm_class_weight_balanced,lightgbm,num_leaves,80/20,5,random_flip_10,validation_grid,80/20,valid,31.000000,True,3395,95,17.503481,95,19,76,0.852632,0.828947,0.600000,0.789474,0.681818,0.597614,66,10,4,15,0.889197,0.592341,0.592341
lightgbm_balanced_ratio_preserved_noise_mcc_selected_v1,lightgbm_class_weight_balanced,lightgbm,num_leaves,80/20,5,random_flip_10,validation_grid,80/20,valid,63.000000,False,3395,95,27.075624,95,19,76,0.842105,0.743421,0.611111,0.578947,0.594595,0.496924,69,7,8,11,0.861496,0.581514,0.581514
lightgbm_balanced_ratio_preserved_noise_mcc_selected_v1,lightgbm_class_weight_balanced,lightgbm,num_leaves,80/20,5,random_flip_10,test,50/50,test,31.000000,True,3395,95,27.178191,42,21,21,0.761905,0.761905,0.866667,0.619048,0.722222,0.546594,19,2,8,13,0.891156,0.863043,0.863043
lightgbm_balanced_ratio_preserved_noise_mcc_selected_v1,lightgbm_class_weight_balanced,lightgbm,num_leaves,80/20,5,random_flip_10,test,60/40,test,31.000000,True,3395,95,27.280597,53,21,32,0.735849,0.715774,0.684211,0.619048,0.650000,0.440146,26,6,8,13,0.864583,0.829739,0.829739
lightgbm_balanced_ratio_preserved_noise_mcc_selected_v1,lightgbm_class_weight_balanced,lightgbm,num_leaves,80/20,5,random_flip_10,test,70/30,test,31.000000,True,3395,95,27.406511,70,21,49,0.800000,0.748299,0.684211,0.619048,0.650000,0.511742,43,6,8,13,0.872692,0.763320,0.763320
lightgbm_balanced_ratio_preserved_noise_mcc_selected_v1,lightgbm_class_weight_balanced,lightgbm,num_leaves,80/20,5,random_flip_10,test,75/25,test,31.000000,True,3395,95,27.557266,84,21,63,0.821429,0.753968,0.650000,0.619048,0.634146,0.516398,56,7,8,13,0.912320,0.773453,0.773453
lightgbm_balanced_ratio_preserved_noise_mcc_selected_v1,lightgbm_class_weight_balanced,lightgbm,num_leaves,80/20,5,random_flip_10,test,80/20,test,31.000000,True,3395,95,27.733107,105,21,84,0.780952,0.720238,0.464286,0.619048,0.530612,0.398426,69,15,8,13,0.871315,0.595229,0.595229
lightgbm_balanced_ratio_preserved_noise_mcc_selected_v1,lightgbm_class_weight_balanced,lightgbm,num_leaves,80/20,5,random_flip_10,test,90/10,test,31.000000,True,3395,95,28.071655,210,21,189,0.852381,0.748677,0.361111,0.619048,0.456140,0.395896,166,23,8,13,0.891660,0.475134,0.475134
lightgbm_balanced_ratio_preserved_noise_mcc_selected_v1,lightgbm_class_weight_balanced,lightgbm,num_leaves,80/20,5,random_flip_20,validation_grid,80/20,valid,15.000000,False,3395,95,11.505181,95,19,76,0.768421,0.717105,0.444444,0.631579,0.521739,0.385077,61,15,7,12,0.840028,0.593573,0.593573
lightgbm_balanced_ratio_preserved_noise_mcc_selected_v1,lightgbm_class_weight_balanced,lightgbm,num_leaves,80/20,5,random_flip_20,validation_grid,80/20,valid,31.000000,False,3395,95,17.657074,95,19,76,0.800000,0.717105,0.500000,0.578947,0.536585,0.411729,65,11,8,11,0.845568,0.524153,0.524153
lightgbm_balanced_ratio_preserved_noise_mcc_selected_v1,lightgbm_class_weight_balanced,lightgbm,num_leaves,80/20,5,random_flip_20,validation_grid,80/20,valid,63.000000,True,3395,95,25.866243,95,19,76,0.831579,0.697368,0.600000,0.473684,0.529412,0.433013,70,6,10,9,0.840028,0.626871,0.626871
lightgbm_balanced_ratio_preserved_noise_mcc_selected_v1,lightgbm_class_weight_balanced,lightgbm,num_leaves,80/20,5,random_flip_20,test,50/50,test,63.000000,True,3395,95,25.957227,42,21,21,0.642857,0.642857,0.800000,0.380952,0.516129,0.335410,19,2,13,8,0.798186,0.800219,0.800219
lightgbm_balanced_ratio_preserved_noise_mcc_selected_v1,lightgbm_class_weight_balanced,lightgbm,num_leaves,80/20,5,random_flip_20,test,60/40,test,63.000000,True,3395,95,26.054331,53,21,32,0.716981,0.659226,0.800000,0.380952,0.516129,0.398103,30,2,13,8,0.794643,0.753281,0.753281
lightgbm_balanced_ratio_preserved_noise_mcc_selected_v1,lightgbm_class_weight_balanced,lightgbm,num_leaves,80/20,5,random_flip_20,test,70/30,test,63.000000,True,3395,95,26.158100,70,21,49,0.757143,0.649660,0.666667,0.380952,0.484848,0.363947,45,4,13,8,0.826045,0.674232,0.674232
lightgbm_balanced_ratio_preserved_noise_mcc_selected_v1,lightgbm_class_weight_balanced,lightgbm,num_leaves,80/20,5,random_flip_20,test,75/25,test,63.000000,True,3395,95,26.316575,84,21,63,0.761905,0.634921,0.533333,0.380952,0.444444,0.305083,56,7,13,8,0.786092,0.601915,0.601915
lightgbm_balanced_ratio_preserved_noise_mcc_selected_v1,lightgbm_class_weight_balanced,lightgbm,num_leaves,80/20,5,random_flip_20,test,80/20,test,63.000000,True,3395,95,26.487973,105,21,84,0.819048,0.654762,0.571429,0.380952,0.457143,0.364216,78,6,13,8,0.818594,0.606982,0.606982
lightgbm_balanced_ratio_preserved_noise_mcc_selected_v1,lightgbm_class_weight_balanced,lightgbm,num_leaves,80/20,5,random_flip_20,test,90/10,test,63.000000,True,3395,95,26.778369,210,21,189,0.866667,0.650794,0.347826,0.380952,0.363636,0.289714,174,15,13,8,0.812295,0.422726,0.422726
lightgbm_balanced_ratio_preserved_noise_mcc_selected_v1,lightgbm_class_weight_balanced,lightgbm,num_leaves,80/20,5,random_fp_10,validation_grid,80/20,valid,15.000000,False,5095,95,13.908009,95,19,76,0.800000,0.855263,0.500000,0.947368,0.654545,0.585850,58,18,1,18,0.908587,0.644698,0.644698
lightgbm_balanced_ratio_preserved_noise_mcc_selected_v1,lightgbm_class_weight_balanced,lightgbm,num_leaves,80/20,5,random_fp_10,validation_grid,80/20,valid,31.000000,False,5095,95,20.978856,95,19,76,0.821053,0.848684,0.531250,0.894737,0.666667,0.590202,61,15,2,17,0.911357,0.665634,0.665634
lightgbm_balanced_ratio_preserved_noise_mcc_selected_v1,lightgbm_class_weight_balanced,lightgbm,num_leaves,80/20,5,random_fp_10,validation_grid,80/20,valid,63.000000,True,5095,95,31.276207,95,19,76,0.842105,0.842105,0.571429,0.842105,0.680851,0.600284,64,12,3,16,0.891274,0.585602,0.585602
lightgbm_balanced_ratio_preserved_noise_mcc_selected_v1,lightgbm_class_weight_balanced,lightgbm,num_leaves,80/20,5,random_fp_10,test,50/50,test,63.000000,True,5095,95,31.367369,42,21,21,0.809524,0.809524,0.882353,0.714286,0.789474,0.630593,19,2,6,15,0.929705,0.930175,0.930175
lightgbm_balanced_ratio_preserved_noise_mcc_selected_v1,lightgbm_class_weight_balanced,lightgbm,num_leaves,80/20,5,random_fp_10,test,60/40,test,63.000000,True,5095,95,31.514968,53,21,32,0.830189,0.810268,0.833333,0.714286,0.769231,0.640887,29,3,6,15,0.924107,0.900611,0.900611
lightgbm_balanced_ratio_preserved_noise_mcc_selected_v1,lightgbm_class_weight_balanced,lightgbm,num_leaves,80/20,5,random_fp_10,test,70/30,test,63.000000,True,5095,95,31.622781,70,21,49,0.857143,0.816327,0.789474,0.714286,0.750000,0.651946,45,4,6,15,0.893100,0.803424,0.803424
lightgbm_balanced_ratio_preserved_noise_mcc_selected_v1,lightgbm_class_weight_balanced,lightgbm,num_leaves,80/20,5,random_fp_10,test,75/25,test,63.000000,True,5095,95,31.730945,84,21,63,0.833333,0.793651,0.652174,0.714286,0.681818,0.570312,55,8,6,15,0.916856,0.827628,0.827628
lightgbm_balanced_ratio_preserved_noise_mcc_selected_v1,lightgbm_class_weight_balanced,lightgbm,num_leaves,80/20,5,random_fp_10,test,80/20,test,63.000000,True,5095,95,31.918034,105,21,84,0.828571,0.785714,0.555556,0.714286,0.625000,0.522976,72,12,6,15,0.867914,0.578353,0.578353
lightgbm_balanced_ratio_preserved_noise_mcc_selected_v1,lightgbm_class_weight_balanced,lightgbm,num_leaves,80/20,5,random_fp_10,test,90/10,test,63.000000,True,5095,95,32.233740,210,21,189,0.861905,0.796296,0.394737,0.714286,0.508475,0.461786,166,23,6,15,0.895944,0.577704,0.577704
lightgbm_balanced_ratio_preserved_noise_mcc_selected_v1,lightgbm_class_weight_balanced,lightgbm,num_leaves,80/20,5,random_fp_20,validation_grid,80/20,valid,15.000000,False,6790,95,17.022184,95,19,76,0.768421,0.796053,0.457143,0.842105,0.592593,0.490990,57,19,3,16,0.867729,0.561389,0.561389
lightgbm_balanced_ratio_preserved_noise_mcc_selected_v1,lightgbm_class_weight_balanced,lightgbm,num_leaves,80/20,5,random_fp_20,validation_grid,80/20,valid,31.000000,False,6790,95,25.201593,95,19,76,0.789474,0.769737,0.482759,0.736842,0.583333,0.468579,61,15,5,14,0.872576,0.606050,0.606050
lightgbm_balanced_ratio_preserved_noise_mcc_selected_v1,lightgbm_class_weight_balanced,lightgbm,num_leaves,80/20,5,random_fp_20,validation_grid,80/20,valid,63.000000,True,6790,95,39.548585,95,19,76,0.831579,0.796053,0.560000,0.736842,0.636364,0.537853,65,11,5,14,0.887812,0.641236,0.641236
lightgbm_balanced_ratio_preserved_noise_mcc_selected_v1,lightgbm_class_weight_balanced,lightgbm,num_leaves,80/20,5,random_fp_20,test,50/50,test,63.000000,True,6790,95,39.654744,42,21,21,0.761905,0.761905,0.823529,0.666667,0.736842,0.533578,18,3,7,14,0.868481,0.865697,0.865697
lightgbm_balanced_ratio_preserved_noise_mcc_selected_v1,lightgbm_class_weight_balanced,lightgbm,num_leaves,80/20,5,random_fp_20,test,60/40,test,63.000000,True,6790,95,39.764951,53,21,32,0.830189,0.802083,0.875000,0.666667,0.756757,0.643696,30,2,7,14,0.855655,0.769823,0.769823
lightgbm_balanced_ratio_preserved_noise_mcc_selected_v1,lightgbm_class_weight_balanced,lightgbm,num_leaves,80/20,5,random_fp_20,test,70/30,test,63.000000,True,6790,95,39.888850,70,21,49,0.757143,0.731293,0.583333,0.666667,0.622222,0.446596,39,10,7,14,0.866861,0.806513,0.806513
lightgbm_balanced_ratio_preserved_noise_mcc_selected_v1,lightgbm_class_weight_balanced,lightgbm,num_leaves,80/20,5,random_fp_20,test,75/25,test,63.000000,True,6790,95,40.015468,84,21,63,0.833333,0.777778,0.666667,0.666667,0.666667,0.555556,56,7,7,14,0.887377,0.804647,0.804647
lightgbm_balanced_ratio_preserved_noise_mcc_selected_v1,lightgbm_class_weight_balanced,lightgbm,num_leaves,80/20,5,random_fp_20,test,80/20,test,63.000000,True,6790,95,40.212612,105,21,84,0.819048,0.761905,0.538462,0.666667,0.595745,0.485425,72,12,7,14,0.866213,0.647784,0.647784
lightgbm_balanced_ratio_preserved_noise_mcc_selected_v1,lightgbm_class_weight_balanced,lightgbm,num_leaves,80/20,5,random_fp_20,test,90/10,test,63.000000,True,6790,95,40.511688,210,21,189,0.838095,0.761905,0.341463,0.666667,0.451613,0.396441,162,27,7,14,0.877299,0.600723,0.600723
lightgbm_balanced_ratio_preserved_noise_mcc_selected_v1,lightgbm_class_weight_balanced,lightgbm,num_leaves,80/20,5,heuristic_fp_10,validation_grid,80/20,valid,15.000000,True,5095,95,13.925331,95,19,76,0.800000,0.835526,0.500000,0.894737,0.641509,0.559933,59,17,2,17,0.857341,0.526069,0.526069
lightgbm_balanced_ratio_preserved_noise_mcc_selected_v1,lightgbm_class_weight_balanced,lightgbm,num_leaves,80/20,5,heuristic_fp_10,validation_grid,80/20,valid,31.000000,False,5095,95,20.957508,95,19,76,0.789474,0.789474,0.483871,0.789474,0.600000,0.493915,60,16,4,15,0.867729,0.568328,0.568328
lightgbm_balanced_ratio_preserved_noise_mcc_selected_v1,lightgbm_class_weight_balanced,lightgbm,num_leaves,80/20,5,heuristic_fp_10,validation_grid,80/20,valid,63.000000,False,5095,95,31.189558,95,19,76,0.800000,0.815789,0.500000,0.842105,0.627451,0.534522,60,16,3,16,0.862188,0.560875,0.560875
lightgbm_balanced_ratio_preserved_noise_mcc_selected_v1,lightgbm_class_weight_balanced,lightgbm,num_leaves,80/20,5,heuristic_fp_10,test,50/50,test,15.000000,True,5095,95,31.306265,42,21,21,0.904762,0.904762,0.869565,0.952381,0.909091,0.813220,18,3,1,20,0.933107,0.873751,0.873751
lightgbm_balanced_ratio_preserved_noise_mcc_selected_v1,lightgbm_class_weight_balanced,lightgbm,num_leaves,80/20,5,heuristic_fp_10,test,60/40,test,15.000000,True,5095,95,31.411680,53,21,32,0.867925,0.882440,0.769231,0.952381,0.851064,0.748359,26,6,1,20,0.909226,0.831396,0.831396
lightgbm_balanced_ratio_preserved_noise_mcc_selected_v1,lightgbm_class_weight_balanced,lightgbm,num_leaves,80/20,5,heuristic_fp_10,test,70/30,test,15.000000,True,5095,95,31.528985,70,21,49,0.800000,0.843537,0.606061,0.952381,0.740741,0.630745,36,13,1,20,0.899903,0.795395,0.795395
lightgbm_balanced_ratio_preserved_noise_mcc_selected_v1,lightgbm_class_weight_balanced,lightgbm,num_leaves,80/20,5,heuristic_fp_10,test,75/25,test,15.000000,True,5095,95,31.671052,84,21,63,0.857143,0.888889,0.645161,0.952381,0.769231,0.697938,52,11,1,20,0.907785,0.634840,0.634840
lightgbm_balanced_ratio_preserved_noise_mcc_selected_v1,lightgbm_class_weight_balanced,lightgbm,num_leaves,80/20,5,heuristic_fp_10,test,80/20,test,15.000000,True,5095,95,31.890695,105,21,84,0.780952,0.845238,0.476190,0.952381,0.634921,0.563771,62,22,1,20,0.892857,0.628937,0.628937
lightgbm_balanced_ratio_preserved_noise_mcc_selected_v1,lightgbm_class_weight_balanced,lightgbm,num_leaves,80/20,5,heuristic_fp_10,test,90/10,test,15.000000,True,5095,95,32.206500,210,21,189,0.842857,0.891534,0.384615,0.952381,0.547945,0.544265,157,32,1,20,0.910809,0.512912,0.512912
lightgbm_balanced_ratio_preserved_noise_mcc_selected_v1,lightgbm_class_weight_balanced,lightgbm,num_leaves,80/20,5,heuristic_fp_20,validation_grid,80/20,valid,15.000000,False,6790,95,16.722692,95,19,76,0.757895,0.828947,0.450000,0.947368,0.610169,0.533002,54,22,1,18,0.864958,0.573170,0.573170
lightgbm_balanced_ratio_preserved_noise_mcc_selected_v1,lightgbm_class_weight_balanced,lightgbm,num_leaves,80/20,5,heuristic_fp_20,validation_grid,80/20,valid,31.000000,True,6790,95,25.742868,95,19,76,0.789474,0.848684,0.486486,0.947368,0.642857,0.572046,57,19,1,18,0.875346,0.568986,0.568986
lightgbm_balanced_ratio_preserved_noise_mcc_selected_v1,lightgbm_class_weight_balanced,lightgbm,num_leaves,80/20,5,heuristic_fp_20,validation_grid,80/20,valid,63.000000,False,6790,95,37.364408,95,19,76,0.789474,0.828947,0.485714,0.894737,0.629630,0.545545,58,18,2,17,0.864266,0.571561,0.571561
lightgbm_balanced_ratio_preserved_noise_mcc_selected_v1,lightgbm_class_weight_balanced,lightgbm,num_leaves,80/20,5,heuristic_fp_20,test,50/50,test,31.000000,True,6790,95,37.492937,42,21,21,0.880952,0.880952,0.863636,0.904762,0.883721,0.762770,18,3,2,19,0.911565,0.862169,0.862169
lightgbm_balanced_ratio_preserved_noise_mcc_selected_v1,lightgbm_class_weight_balanced,lightgbm,num_leaves,80/20,5,heuristic_fp_20,test,60/40,test,31.000000,True,6790,95,37.635395,53,21,32,0.773585,0.796131,0.655172,0.904762,0.760000,0.581961,22,10,2,19,0.885417,0.775240,0.775240
lightgbm_balanced_ratio_preserved_noise_mcc_selected_v1,lightgbm_class_weight_balanced,lightgbm,num_leaves,80/20,5,heuristic_fp_20,test,70/30,test,31.000000,True,6790,95,37.778502,70,21,49,0.757143,0.799320,0.558824,0.904762,0.690909,0.548886,34,15,2,19,0.915452,0.858176,0.858176
lightgbm_balanced_ratio_preserved_noise_mcc_selected_v1,lightgbm_class_weight_balanced,lightgbm,num_leaves,80/20,5,heuristic_fp_20,test,75/25,test,31.000000,True,6790,95,37.904589,84,21,63,0.785714,0.825397,0.542857,0.904762,0.678571,0.571599,47,16,2,19,0.925926,0.767809,0.767809
lightgbm_balanced_ratio_preserved_noise_mcc_selected_v1,lightgbm_class_weight_balanced,lightgbm,num_leaves,80/20,5,heuristic_fp_20,test,80/20,test,31.000000,True,6790,95,38.087536,105,21,84,0.752381,0.809524,0.441860,0.904762,0.593750,0.503551,60,24,2,19,0.920068,0.711950,0.711950
lightgbm_balanced_ratio_preserved_noise_mcc_selected_v1,lightgbm_class_weight_balanced,lightgbm,num_leaves,80/20,5,heuristic_fp_20,test,90/10,test,31.000000,True,6790,95,38.397255,210,21,189,0.776190,0.833333,0.296875,0.904762,0.447059,0.434493,144,45,2,19,0.903376,0.451644,0.451644
lightgbm_balanced_ratio_preserved_noise_mcc_selected_v1,lightgbm_class_weight_balanced,lightgbm,num_leaves,90/10,1,clean,validation_grid,90/10,valid,15.000000,False,6790,190,16.291195,190,19,171,0.800000,0.842105,0.320755,0.894737,0.472222,0.457685,135,36,2,17,0.903047,0.462467,0.462467
lightgbm_balanced_ratio_preserved_noise_mcc_selected_v1,lightgbm_class_weight_balanced,lightgbm,num_leaves,90/10,1,clean,validation_grid,90/10,valid,31.000000,True,6790,190,26.042871,190,19,171,0.863158,0.853801,0.410256,0.842105,0.551724,0.525585,148,23,3,16,0.913512,0.479213,0.479213
lightgbm_balanced_ratio_preserved_noise_mcc_selected_v1,lightgbm_class_weight_balanced,lightgbm,num_leaves,90/10,1,clean,validation_grid,90/10,valid,63.000000,False,6790,190,37.200903,190,19,171,0.878947,0.769006,0.428571,0.631579,0.510638,0.455334,155,16,7,12,0.919052,0.560244,0.560244
lightgbm_balanced_ratio_preserved_noise_mcc_selected_v1,lightgbm_class_weight_balanced,lightgbm,num_leaves,90/10,1,clean,test,50/50,test,31.000000,True,6790,190,37.313331,42,21,21,0.857143,0.857143,0.894737,0.809524,0.850000,0.717547,19,2,4,17,0.934240,0.938807,0.938807
lightgbm_balanced_ratio_preserved_noise_mcc_selected_v1,lightgbm_class_weight_balanced,lightgbm,num_leaves,90/10,1,clean,test,60/40,test,31.000000,True,6790,190,37.433010,53,21,32,0.867925,0.857887,0.850000,0.809524,0.829268,0.722252,29,3,4,17,0.915179,0.900713,0.900713
lightgbm_balanced_ratio_preserved_noise_mcc_selected_v1,lightgbm_class_weight_balanced,lightgbm,num_leaves,90/10,1,clean,test,70/30,test,31.000000,True,6790,190,37.543346,70,21,49,0.871429,0.853741,0.772727,0.809524,0.790698,0.698380,44,5,4,17,0.928086,0.838911,0.838911
lightgbm_balanced_ratio_preserved_noise_mcc_selected_v1,lightgbm_class_weight_balanced,lightgbm,num_leaves,90/10,1,clean,test,75/25,test,31.000000,True,6790,190,37.660796,84,21,63,0.857143,0.841270,0.680000,0.809524,0.739130,0.646416,55,8,4,17,0.933485,0.845685,0.845685
lightgbm_balanced_ratio_preserved_noise_mcc_selected_v1,lightgbm_class_weight_balanced,lightgbm,num_leaves,90/10,1,clean,test,80/20,test,31.000000,True,6790,190,37.811993,105,21,84,0.847619,0.833333,0.586207,0.809524,0.680000,0.596420,72,12,4,17,0.912132,0.703971,0.703971
lightgbm_balanced_ratio_preserved_noise_mcc_selected_v1,lightgbm_class_weight_balanced,lightgbm,num_leaves,90/10,1,clean,test,90/10,test,31.000000,True,6790,190,38.079317,210,21,189,0.819048,0.814815,0.333333,0.809524,0.472222,0.440496,155,34,4,17,0.903628,0.587924,0.587924
lightgbm_balanced_ratio_preserved_noise_mcc_selected_v1,lightgbm_class_weight_balanced,lightgbm,num_leaves,90/10,1,random_flip_10,validation_grid,90/10,valid,15.000000,False,6790,190,16.474800,190,19,171,0.810526,0.824561,0.326531,0.842105,0.470588,0.445137,138,33,3,16,0.911357,0.473723,0.473723
lightgbm_balanced_ratio_preserved_noise_mcc_selected_v1,lightgbm_class_weight_balanced,lightgbm,num_leaves,90/10,1,random_flip_10,validation_grid,90/10,valid,31.000000,True,6790,190,24.706774,190,19,171,0.878947,0.792398,0.433333,0.684211,0.530612,0.481125,154,17,6,13,0.885195,0.382565,0.382565
lightgbm_balanced_ratio_preserved_noise_mcc_selected_v1,lightgbm_class_weight_balanced,lightgbm,num_leaves,90/10,1,random_flip_10,validation_grid,90/10,valid,63.000000,False,6790,190,37.124020,190,19,171,0.894737,0.707602,0.473684,0.473684,0.473684,0.415205,161,10,10,9,0.900585,0.482789,0.482789
lightgbm_balanced_ratio_preserved_noise_mcc_selected_v1,lightgbm_class_weight_balanced,lightgbm,num_leaves,90/10,1,random_flip_10,test,50/50,test,31.000000,True,6790,190,37.209891,42,21,21,0.761905,0.761905,0.823529,0.666667,0.736842,0.533578,18,3,7,14,0.893424,0.870826,0.870826
lightgbm_balanced_ratio_preserved_noise_mcc_selected_v1,lightgbm_class_weight_balanced,lightgbm,num_leaves,90/10,1,random_flip_10,test,60/40,test,31.000000,True,6790,190,37.304546,53,21,32,0.792453,0.770833,0.777778,0.666667,0.717949,0.559431,28,4,7,14,0.919643,0.898642,0.898642
lightgbm_balanced_ratio_preserved_noise_mcc_selected_v1,lightgbm_class_weight_balanced,lightgbm,num_leaves,90/10,1,random_flip_10,test,70/30,test,31.000000,True,6790,190,37.410397,70,21,49,0.842857,0.792517,0.777778,0.666667,0.717949,0.613410,45,4,7,14,0.906706,0.810355,0.810355
lightgbm_balanced_ratio_preserved_noise_mcc_selected_v1,lightgbm_class_weight_balanced,lightgbm,num_leaves,90/10,1,random_flip_10,test,75/25,test,31.000000,True,6790,190,37.518830,84,21,63,0.869048,0.801587,0.777778,0.666667,0.717949,0.636524,59,4,7,14,0.951625,0.855158,0.855158
lightgbm_balanced_ratio_preserved_noise_mcc_selected_v1,lightgbm_class_weight_balanced,lightgbm,num_leaves,90/10,1,random_flip_10,test,80/20,test,31.000000,True,6790,190,37.660404,105,21,84,0.895238,0.809524,0.777778,0.666667,0.717949,0.657018,80,4,7,14,0.930272,0.788827,0.788827
lightgbm_balanced_ratio_preserved_noise_mcc_selected_v1,lightgbm_class_weight_balanced,lightgbm,num_leaves,90/10,1,random_flip_10,test,90/10,test,31.000000,True,6790,190,37.916498,210,21,189,0.861905,0.775132,0.388889,0.666667,0.491228,0.438012,167,22,7,14,0.907659,0.587523,0.587523
lightgbm_balanced_ratio_preserved_noise_mcc_selected_v1,lightgbm_class_weight_balanced,lightgbm,num_leaves,90/10,1,random_flip_20,validation_grid,90/10,valid,15.000000,False,6790,190,15.841138,190,19,171,0.668421,0.418129,0.041667,0.105263,0.059701,-0.113050,125,46,17,2,0.288396,0.072121,0.072121
lightgbm_balanced_ratio_preserved_noise_mcc_selected_v1,lightgbm_class_weight_balanced,lightgbm,num_leaves,90/10,1,random_flip_20,validation_grid,90/10,valid,31.000000,False,6790,190,26.450402,190,19,171,0.710526,0.394737,0.000000,0.000000,0.000000,-0.161165,135,36,19,0,0.277932,0.068464,0.068464
lightgbm_balanced_ratio_preserved_noise_mcc_selected_v1,lightgbm_class_weight_balanced,lightgbm,num_leaves,90/10,1,random_flip_20,validation_grid,90/10,valid,63.000000,True,6790,190,37.311957,190,19,171,0.826316,0.482456,0.062500,0.052632,0.057143,-0.037905,156,15,18,1,0.337027,0.079752,0.079752
lightgbm_balanced_ratio_preserved_noise_mcc_selected_v1,lightgbm_class_weight_balanced,lightgbm,num_leaves,90/10,1,random_flip_20,test,50/50,test,63.000000,True,6790,190,37.438117,42,21,21,0.476190,0.476190,0.333333,0.047619,0.083333,-0.092450,19,2,20,1,0.260771,0.384436,0.384436
lightgbm_balanced_ratio_preserved_noise_mcc_selected_v1,lightgbm_class_weight_balanced,lightgbm,num_leaves,90/10,1,random_flip_20,test,60/40,test,63.000000,True,6790,190,37.542174,53,21,32,0.584906,0.492560,0.333333,0.047619,0.083333,-0.031497,30,2,20,1,0.357143,0.327475,0.327475
lightgbm_balanced_ratio_preserved_noise_mcc_selected_v1,lightgbm_class_weight_balanced,lightgbm,num_leaves,90/10,1,random_flip_20,test,70/30,test,63.000000,True,6790,190,37.645062,70,21,49,0.628571,0.462585,0.142857,0.047619,0.071429,-0.114305,43,6,20,1,0.311953,0.225171,0.225171
lightgbm_balanced_ratio_preserved_noise_mcc_selected_v1,lightgbm_class_weight_balanced,lightgbm,num_leaves,90/10,1,random_flip_20,test,75/25,test,63.000000,True,6790,190,37.757556,84,21,63,0.714286,0.492063,0.200000,0.047619,0.076923,-0.029050,59,4,20,1,0.306878,0.187703,0.187703
lightgbm_balanced_ratio_preserved_noise_mcc_selected_v1,lightgbm_class_weight_balanced,lightgbm,num_leaves,90/10,1,random_flip_20,test,80/20,test,63.000000,True,6790,190,37.903284,105,21,84,0.704762,0.458333,0.083333,0.047619,0.060606,-0.104770,73,11,20,1,0.298753,0.143585,0.143585
lightgbm_balanced_ratio_preserved_noise_mcc_selected_v1,lightgbm_class_weight_balanced,lightgbm,num_leaves,90/10,1,random_flip_20,test,90/10,test,63.000000,True,6790,190,38.180597,210,21,189,0.828571,0.481481,0.058824,0.047619,0.052632,-0.040736,173,16,20,1,0.333963,0.073912,0.073912
lightgbm_balanced_ratio_preserved_noise_mcc_selected_v1,lightgbm_class_weight_balanced,lightgbm,num_leaves,90/10,1,random_fp_10,validation_grid,90/10,valid,15.000000,False,13580,190,25.157240,190,19,171,0.810526,0.801170,0.319149,0.789474,0.454545,0.418793,139,32,4,15,0.910126,0.549982,0.549982
lightgbm_balanced_ratio_preserved_noise_mcc_selected_v1,lightgbm_class_weight_balanced,lightgbm,num_leaves,90/10,1,random_fp_10,validation_grid,90/10,valid,31.000000,False,13580,190,35.795600,190,19,171,0.831579,0.812865,0.348837,0.789474,0.483871,0.448611,143,28,4,15,0.905509,0.582578,0.582578
lightgbm_balanced_ratio_preserved_noise_mcc_selected_v1,lightgbm_class_weight_balanced,lightgbm,num_leaves,90/10,1,random_fp_10,validation_grid,90/10,valid,63.000000,True,13580,190,51.068643,190,19,171,0.873684,0.812865,0.424242,0.736842,0.538462,0.495514,152,19,5,14,0.889197,0.597504,0.597504
lightgbm_balanced_ratio_preserved_noise_mcc_selected_v1,lightgbm_class_weight_balanced,lightgbm,num_leaves,90/10,1,random_fp_10,test,50/50,test,63.000000,True,13580,190,51.161596,42,21,21,0.809524,0.809524,0.882353,0.714286,0.789474,0.630593,19,2,6,15,0.845805,0.890560,0.890560
lightgbm_balanced_ratio_preserved_noise_mcc_selected_v1,lightgbm_class_weight_balanced,lightgbm,num_leaves,90/10,1,random_fp_10,test,60/40,test,63.000000,True,13580,190,51.269947,53,21,32,0.830189,0.810268,0.833333,0.714286,0.769231,0.640887,29,3,6,15,0.888393,0.893929,0.893929
lightgbm_balanced_ratio_preserved_noise_mcc_selected_v1,lightgbm_class_weight_balanced,lightgbm,num_leaves,90/10,1,random_fp_10,test,70/30,test,63.000000,True,13580,190,51.373801,70,21,49,0.828571,0.795918,0.714286,0.714286,0.714286,0.591837,43,6,6,15,0.887269,0.850727,0.850727
lightgbm_balanced_ratio_preserved_noise_mcc_selected_v1,lightgbm_class_weight_balanced,lightgbm,num_leaves,90/10,1,random_fp_10,test,75/25,test,63.000000,True,13580,190,51.518892,84,21,63,0.845238,0.801587,0.681818,0.714286,0.697674,0.594040,56,7,6,15,0.889645,0.791972,0.791972
lightgbm_balanced_ratio_preserved_noise_mcc_selected_v1,lightgbm_class_weight_balanced,lightgbm,num_leaves,90/10,1,random_fp_10,test,80/20,test,63.000000,True,13580,190,51.671003,105,21,84,0.809524,0.773810,0.517241,0.714286,0.600000,0.489916,70,14,6,15,0.856576,0.552231,0.552231
lightgbm_balanced_ratio_preserved_noise_mcc_selected_v1,lightgbm_class_weight_balanced,lightgbm,num_leaves,90/10,1,random_fp_10,test,90/10,test,63.000000,True,13580,190,51.931589,210,21,189,0.861905,0.796296,0.394737,0.714286,0.508475,0.461786,166,23,6,15,0.874654,0.620539,0.620539
lightgbm_balanced_ratio_preserved_noise_mcc_selected_v1,lightgbm_class_weight_balanced,lightgbm,num_leaves,90/10,1,random_fp_20,validation_grid,90/10,valid,15.000000,True,20370,190,34.678919,190,19,171,0.773684,0.850877,0.300000,0.947368,0.455696,0.452911,129,42,1,18,0.898122,0.466166,0.466166
lightgbm_balanced_ratio_preserved_noise_mcc_selected_v1,lightgbm_class_weight_balanced,lightgbm,num_leaves,90/10,1,random_fp_20,validation_grid,90/10,valid,31.000000,False,20370,190,47.700725,190,19,171,0.815789,0.757310,0.309524,0.684211,0.426230,0.372054,142,29,6,13,0.850416,0.492549,0.492549
lightgbm_balanced_ratio_preserved_noise_mcc_selected_v1,lightgbm_class_weight_balanced,lightgbm,num_leaves,90/10,1,random_fp_20,validation_grid,90/10,valid,63.000000,False,20370,190,66.801372,190,19,171,0.831579,0.766082,0.333333,0.684211,0.448276,0.395275,145,26,6,13,0.824869,0.475119,0.475119
lightgbm_balanced_ratio_preserved_noise_mcc_selected_v1,lightgbm_class_weight_balanced,lightgbm,num_leaves,90/10,1,random_fp_20,test,50/50,test,15.000000,True,20370,190,66.901088,42,21,21,0.833333,0.833333,0.888889,0.761905,0.820513,0.673575,19,2,5,16,0.870748,0.909296,0.909296
lightgbm_balanced_ratio_preserved_noise_mcc_selected_v1,lightgbm_class_weight_balanced,lightgbm,num_leaves,90/10,1,random_fp_20,test,60/40,test,15.000000,True,20370,190,67.010269,53,21,32,0.830189,0.818452,0.800000,0.761905,0.780488,0.642669,28,4,5,16,0.846726,0.791436,0.791436
lightgbm_balanced_ratio_preserved_noise_mcc_selected_v1,lightgbm_class_weight_balanced,lightgbm,num_leaves,90/10,1,random_fp_20,test,70/30,test,15.000000,True,20370,190,67.119544,70,21,49,0.800000,0.789116,0.640000,0.761905,0.695652,0.553010,40,9,5,16,0.857143,0.749165,0.749165
lightgbm_balanced_ratio_preserved_noise_mcc_selected_v1,lightgbm_class_weight_balanced,lightgbm,num_leaves,90/10,1,random_fp_20,test,75/25,test,15.000000,True,20370,190,67.280437,84,21,63,0.833333,0.809524,0.640000,0.761905,0.695652,0.586284,54,9,5,16,0.880574,0.816718,0.816718
lightgbm_balanced_ratio_preserved_noise_mcc_selected_v1,lightgbm_class_weight_balanced,lightgbm,num_leaves,90/10,1,random_fp_20,test,80/20,test,15.000000,True,20370,190,67.437369,105,21,84,0.771429,0.767857,0.457143,0.761905,0.571429,0.454569,65,19,5,16,0.841270,0.601951,0.601951
lightgbm_balanced_ratio_preserved_noise_mcc_selected_v1,lightgbm_class_weight_balanced,lightgbm,num_leaves,90/10,1,random_fp_20,test,90/10,test,15.000000,True,20370,190,67.712898,210,21,189,0.776190,0.769841,0.275862,0.761905,0.405063,0.362112,147,42,5,16,0.842908,0.485473,0.485473
lightgbm_balanced_ratio_preserved_noise_mcc_selected_v1,lightgbm_class_weight_balanced,lightgbm,num_leaves,90/10,1,heuristic_fp_10,validation_grid,90/10,valid,15.000000,False,13580,190,26.668522,190,19,171,0.805263,0.821637,0.320000,0.842105,0.463768,0.438250,137,34,3,16,0.878886,0.422122,0.422122
lightgbm_balanced_ratio_preserved_noise_mcc_selected_v1,lightgbm_class_weight_balanced,lightgbm,num_leaves,90/10,1,heuristic_fp_10,validation_grid,90/10,valid,31.000000,False,13580,190,38.371679,190,19,171,0.821053,0.853801,0.346939,0.894737,0.500000,0.485240,139,32,2,17,0.888273,0.424481,0.424481
lightgbm_balanced_ratio_preserved_noise_mcc_selected_v1,lightgbm_class_weight_balanced,lightgbm,num_leaves,90/10,1,heuristic_fp_10,validation_grid,90/10,valid,63.000000,True,13580,190,55.316247,190,19,171,0.852632,0.847953,0.390244,0.842105,0.533333,0.507505,146,25,3,16,0.878116,0.406690,0.406690
lightgbm_balanced_ratio_preserved_noise_mcc_selected_v1,lightgbm_class_weight_balanced,lightgbm,num_leaves,90/10,1,heuristic_fp_10,test,50/50,test,63.000000,True,13580,190,55.416648,42,21,21,0.761905,0.761905,0.789474,0.714286,0.750000,0.526201,17,4,6,15,0.884354,0.855155,0.855155
lightgbm_balanced_ratio_preserved_noise_mcc_selected_v1,lightgbm_class_weight_balanced,lightgbm,num_leaves,90/10,1,heuristic_fp_10,test,60/40,test,63.000000,True,13580,190,55.524678,53,21,32,0.849057,0.825893,0.882353,0.714286,0.789474,0.682989,30,2,6,15,0.943452,0.873417,0.873417
lightgbm_balanced_ratio_preserved_noise_mcc_selected_v1,lightgbm_class_weight_balanced,lightgbm,num_leaves,90/10,1,heuristic_fp_10,test,70/30,test,63.000000,True,13580,190,55.639667,70,21,49,0.828571,0.795918,0.714286,0.714286,0.714286,0.591837,43,6,6,15,0.927114,0.783930,0.783930
lightgbm_balanced_ratio_preserved_noise_mcc_selected_v1,lightgbm_class_weight_balanced,lightgbm,num_leaves,90/10,1,heuristic_fp_10,test,75/25,test,63.000000,True,13580,190,55.762997,84,21,63,0.845238,0.801587,0.681818,0.714286,0.697674,0.594040,56,7,6,15,0.947090,0.848649,0.848649
lightgbm_balanced_ratio_preserved_noise_mcc_selected_v1,lightgbm_class_weight_balanced,lightgbm,num_leaves,90/10,1,heuristic_fp_10,test,80/20,test,63.000000,True,13580,190,55.925970,105,21,84,0.866667,0.809524,0.652174,0.714286,0.681818,0.598691,76,8,6,15,0.914399,0.598804,0.598804
lightgbm_balanced_ratio_preserved_noise_mcc_selected_v1,lightgbm_class_weight_balanced,lightgbm,num_leaves,90/10,1,heuristic_fp_10,test,90/10,test,63.000000,True,13580,190,56.194713,210,21,189,0.852381,0.791005,0.375000,0.714286,0.491803,0.444649,164,25,6,15,0.911439,0.428416,0.428416
lightgbm_balanced_ratio_preserved_noise_mcc_selected_v1,lightgbm_class_weight_balanced,lightgbm,num_leaves,90/10,1,heuristic_fp_20,validation_grid,90/10,valid,15.000000,False,20370,190,35.242903,190,19,171,0.694737,0.760234,0.225352,0.842105,0.355556,0.322750,116,55,3,16,0.841182,0.382814,0.382814
lightgbm_balanced_ratio_preserved_noise_mcc_selected_v1,lightgbm_class_weight_balanced,lightgbm,num_leaves,90/10,1,heuristic_fp_20,validation_grid,90/10,valid,31.000000,False,20370,190,48.251307,190,19,171,0.726316,0.801170,0.253731,0.894737,0.395349,0.378204,121,50,2,17,0.856879,0.433762,0.433762
lightgbm_balanced_ratio_preserved_noise_mcc_selected_v1,lightgbm_class_weight_balanced,lightgbm,num_leaves,90/10,1,heuristic_fp_20,validation_grid,90/10,valid,63.000000,True,20370,190,67.533520,190,19,171,0.784211,0.809942,0.296296,0.842105,0.438356,0.412305,133,38,3,16,0.873807,0.515647,0.515647
lightgbm_balanced_ratio_preserved_noise_mcc_selected_v1,lightgbm_class_weight_balanced,lightgbm,num_leaves,90/10,1,heuristic_fp_20,test,50/50,test,63.000000,True,20370,190,67.667047,42,21,21,0.857143,0.857143,0.800000,0.952381,0.869565,0.727607,16,5,1,20,0.863946,0.839153,0.839153
lightgbm_balanced_ratio_preserved_noise_mcc_selected_v1,lightgbm_class_weight_balanced,lightgbm,num_leaves,90/10,1,heuristic_fp_20,test,60/40,test,63.000000,True,20370,190,67.794389,53,21,32,0.867925,0.882440,0.769231,0.952381,0.851064,0.748359,26,6,1,20,0.919643,0.860923,0.860923
lightgbm_balanced_ratio_preserved_noise_mcc_selected_v1,lightgbm_class_weight_balanced,lightgbm,num_leaves,90/10,1,heuristic_fp_20,test,70/30,test,63.000000,True,20370,190,67.950106,70,21,49,0.871429,0.894558,0.714286,0.952381,0.816327,0.738150,41,8,1,20,0.909621,0.751602,0.751602
lightgbm_balanced_ratio_preserved_noise_mcc_selected_v1,lightgbm_class_weight_balanced,lightgbm,num_leaves,90/10,1,heuristic_fp_20,test,75/25,test,63.000000,True,20370,190,68.087274,84,21,63,0.857143,0.888889,0.645161,0.952381,0.769231,0.697938,52,11,1,20,0.947090,0.779149,0.779149
lightgbm_balanced_ratio_preserved_noise_mcc_selected_v1,lightgbm_class_weight_balanced,lightgbm,num_leaves,90/10,1,heuristic_fp_20,test,80/20,test,63.000000,True,20370,190,68.253521,105,21,84,0.847619,0.886905,0.571429,0.952381,0.714286,0.656599,69,15,1,20,0.919501,0.712024,0.712024
lightgbm_balanced_ratio_preserved_noise_mcc_selected_v1,lightgbm_class_weight_balanced,lightgbm,num_leaves,90/10,1,heuristic_fp_20,test,90/10,test,63.000000,True,20370,190,68.526269,210,21,189,0.823810,0.880952,0.357143,0.952381,0.519481,0.516877,153,36,1,20,0.906400,0.435797,0.435797
lightgbm_balanced_ratio_preserved_noise_mcc_selected_v1,lightgbm_class_weight_balanced,lightgbm,num_leaves,90/10,2,clean,validation_grid,90/10,valid,15.000000,False,6790,190,16.532988,190,19,171,0.805263,0.774854,0.304348,0.736842,0.430769,0.384987,139,32,5,14,0.913050,0.510017,0.510017
lightgbm_balanced_ratio_preserved_noise_mcc_selected_v1,lightgbm_class_weight_balanced,lightgbm,num_leaves,90/10,2,clean,validation_grid,90/10,valid,31.000000,False,6790,190,25.056591,190,19,171,0.873684,0.836257,0.428571,0.789474,0.555556,0.520447,151,20,4,15,0.931825,0.635294,0.635294
lightgbm_balanced_ratio_preserved_noise_mcc_selected_v1,lightgbm_class_weight_balanced,lightgbm,num_leaves,90/10,2,clean,validation_grid,90/10,valid,63.000000,True,6790,190,36.232832,190,19,171,0.915789,0.836257,0.560000,0.736842,0.636364,0.596849,160,11,5,14,0.929363,0.647614,0.647614
lightgbm_balanced_ratio_preserved_noise_mcc_selected_v1,lightgbm_class_weight_balanced,lightgbm,num_leaves,90/10,2,clean,test,50/50,test,63.000000,True,6790,190,36.383994,42,21,21,0.761905,0.761905,0.866667,0.619048,0.722222,0.546594,19,2,8,13,0.879819,0.882064,0.882064
lightgbm_balanced_ratio_preserved_noise_mcc_selected_v1,lightgbm_class_weight_balanced,lightgbm,num_leaves,90/10,2,clean,test,60/40,test,63.000000,True,6790,190,36.489764,53,21,32,0.773585,0.747024,0.764706,0.619048,0.684211,0.517699,28,4,8,13,0.870536,0.775351,0.775351
lightgbm_balanced_ratio_preserved_noise_mcc_selected_v1,lightgbm_class_weight_balanced,lightgbm,num_leaves,90/10,2,clean,test,70/30,test,63.000000,True,6790,190,36.626403,70,21,49,0.771429,0.727891,0.619048,0.619048,0.619048,0.455782,41,8,8,13,0.883382,0.768883,0.768883
lightgbm_balanced_ratio_preserved_noise_mcc_selected_v1,lightgbm_class_weight_balanced,lightgbm,num_leaves,90/10,2,clean,test,75/25,test,63.000000,True,6790,190,36.749930,84,21,63,0.833333,0.761905,0.684211,0.619048,0.650000,0.542150,57,6,8,13,0.871504,0.717200,0.717200
lightgbm_balanced_ratio_preserved_noise_mcc_selected_v1,lightgbm_class_weight_balanced,lightgbm,num_leaves,90/10,2,clean,test,80/20,test,63.000000,True,6790,190,36.881392,105,21,84,0.866667,0.773810,0.684211,0.619048,0.650000,0.568986,78,6,8,13,0.921769,0.786739,0.786739
lightgbm_balanced_ratio_preserved_noise_mcc_selected_v1,lightgbm_class_weight_balanced,lightgbm,num_leaves,90/10,2,clean,test,90/10,test,63.000000,True,6790,190,37.136707,210,21,189,0.900000,0.775132,0.500000,0.619048,0.553191,0.501206,176,13,8,13,0.894432,0.550992,0.550992
lightgbm_balanced_ratio_preserved_noise_mcc_selected_v1,lightgbm_class_weight_balanced,lightgbm,num_leaves,90/10,2,random_flip_10,validation_grid,90/10,valid,15.000000,True,6790,190,16.729652,190,19,171,0.868421,0.786550,0.406250,0.684211,0.509804,0.459411,152,19,6,13,0.834872,0.372103,0.372103
lightgbm_balanced_ratio_preserved_noise_mcc_selected_v1,lightgbm_class_weight_balanced,lightgbm,num_leaves,90/10,2,random_flip_10,validation_grid,90/10,valid,31.000000,False,6790,190,24.848380,190,19,171,0.868421,0.716374,0.384615,0.526316,0.444444,0.377748,155,16,9,10,0.743921,0.359710,0.359710
lightgbm_balanced_ratio_preserved_noise_mcc_selected_v1,lightgbm_class_weight_balanced,lightgbm,num_leaves,90/10,2,random_flip_10,validation_grid,90/10,valid,63.000000,False,6790,190,36.613202,190,19,171,0.873684,0.602339,0.333333,0.263158,0.294118,0.227710,161,10,14,5,0.754386,0.364524,0.364524
lightgbm_balanced_ratio_preserved_noise_mcc_selected_v1,lightgbm_class_weight_balanced,lightgbm,num_leaves,90/10,2,random_flip_10,test,50/50,test,15.000000,True,6790,190,36.725838,42,21,21,0.761905,0.761905,0.823529,0.666667,0.736842,0.533578,18,3,7,14,0.891156,0.879663,0.879663
lightgbm_balanced_ratio_preserved_noise_mcc_selected_v1,lightgbm_class_weight_balanced,lightgbm,num_leaves,90/10,2,random_flip_10,test,60/40,test,15.000000,True,6790,190,36.822108,53,21,32,0.792453,0.770833,0.777778,0.666667,0.717949,0.559431,28,4,7,14,0.869048,0.759864,0.759864
lightgbm_balanced_ratio_preserved_noise_mcc_selected_v1,lightgbm_class_weight_balanced,lightgbm,num_leaves,90/10,2,random_flip_10,test,70/30,test,15.000000,True,6790,190,36.968283,70,21,49,0.728571,0.710884,0.538462,0.666667,0.595745,0.400008,37,12,7,14,0.831876,0.638277,0.638277
lightgbm_balanced_ratio_preserved_noise_mcc_selected_v1,lightgbm_class_weight_balanced,lightgbm,num_leaves,90/10,2,random_flip_10,test,75/25,test,15.000000,True,6790,190,37.100805,84,21,63,0.761905,0.730159,0.518519,0.666667,0.583333,0.426794,50,13,7,14,0.835223,0.601339,0.601339
lightgbm_balanced_ratio_preserved_noise_mcc_selected_v1,lightgbm_class_weight_balanced,lightgbm,num_leaves,90/10,2,random_flip_10,test,80/20,test,15.000000,True,6790,190,37.231824,105,21,84,0.800000,0.750000,0.500000,0.666667,0.571429,0.452267,70,14,7,14,0.849206,0.485411,0.485411
lightgbm_balanced_ratio_preserved_noise_mcc_selected_v1,lightgbm_class_weight_balanced,lightgbm,num_leaves,90/10,2,random_flip_10,test,90/10,test,15.000000,True,6790,190,37.460074,210,21,189,0.780952,0.730159,0.264151,0.666667,0.378378,0.317914,150,39,7,14,0.844545,0.378741,0.378741
lightgbm_balanced_ratio_preserved_noise_mcc_selected_v1,lightgbm_class_weight_balanced,lightgbm,num_leaves,90/10,2,random_flip_20,validation_grid,90/10,valid,15.000000,False,6790,190,20.237357,190,19,171,0.636842,0.400585,0.037037,0.105263,0.054795,-0.132249,119,52,17,2,0.281163,0.119070,0.119070
lightgbm_balanced_ratio_preserved_noise_mcc_selected_v1,lightgbm_class_weight_balanced,lightgbm,num_leaves,90/10,2,random_flip_20,validation_grid,90/10,valid,31.000000,False,6790,190,28.712026,190,19,171,0.721053,0.400585,0.000000,0.000000,0.000000,-0.155617,137,34,19,0,0.249461,0.065743,0.065743
lightgbm_balanced_ratio_preserved_noise_mcc_selected_v1,lightgbm_class_weight_balanced,lightgbm,num_leaves,90/10,2,random_flip_20,validation_grid,90/10,valid,63.000000,True,6790,190,40.370048,190,19,171,0.847368,0.494152,0.083333,0.052632,0.064516,-0.014425,160,11,18,1,0.300554,0.075659,0.075659
lightgbm_balanced_ratio_preserved_noise_mcc_selected_v1,lightgbm_class_weight_balanced,lightgbm,num_leaves,90/10,2,random_flip_20,test,50/50,test,63.000000,True,6790,190,40.480123,42,21,21,0.476190,0.476190,0.000000,0.000000,0.000000,-0.156174,20,1,21,0,0.321995,0.409603,0.409603
lightgbm_balanced_ratio_preserved_noise_mcc_selected_v1,lightgbm_class_weight_balanced,lightgbm,num_leaves,90/10,2,random_flip_20,test,60/40,test,63.000000,True,6790,190,40.594909,53,21,32,0.547170,0.453125,0.000000,0.000000,0.000000,-0.198431,29,3,21,0,0.279762,0.295919,0.295919
lightgbm_balanced_ratio_preserved_noise_mcc_selected_v1,lightgbm_class_weight_balanced,lightgbm,num_leaves,90/10,2,random_flip_20,test,70/30,test,63.000000,True,6790,190,40.735671,70,21,49,0.542857,0.387755,0.000000,0.000000,0.000000,-0.282671,38,11,21,0,0.277940,0.215490,0.215490
lightgbm_balanced_ratio_preserved_noise_mcc_selected_v1,lightgbm_class_weight_balanced,lightgbm,num_leaves,90/10,2,random_flip_20,test,75/25,test,63.000000,True,6790,190,40.861908,84,21,63,0.726190,0.484127,0.000000,0.000000,0.000000,-0.090167,61,2,21,0,0.323507,0.189651,0.189651
lightgbm_balanced_ratio_preserved_noise_mcc_selected_v1,lightgbm_class_weight_balanced,lightgbm,num_leaves,90/10,2,random_flip_20,test,80/20,test,63.000000,True,6790,190,40.987812,105,21,84,0.685714,0.428571,0.000000,0.000000,0.000000,-0.179605,72,12,21,0,0.284014,0.140416,0.140416
lightgbm_balanced_ratio_preserved_noise_mcc_selected_v1,lightgbm_class_weight_balanced,lightgbm,num_leaves,90/10,2,random_flip_20,test,90/10,test,63.000000,True,6790,190,41.210349,210,21,189,0.804762,0.447090,0.000000,0.000000,0.000000,-0.108148,169,20,21,0,0.301839,0.069925,0.069925
lightgbm_balanced_ratio_preserved_noise_mcc_selected_v1,lightgbm_class_weight_balanced,lightgbm,num_leaves,90/10,2,random_fp_10,validation_grid,90/10,valid,15.000000,False,13580,190,25.662173,190,19,171,0.826316,0.856725,0.354167,0.894737,0.507463,0.492577,140,31,2,17,0.905048,0.523485,0.523485
lightgbm_balanced_ratio_preserved_noise_mcc_selected_v1,lightgbm_class_weight_balanced,lightgbm,num_leaves,90/10,2,random_fp_10,validation_grid,90/10,valid,31.000000,True,13580,190,35.995026,190,19,171,0.878947,0.885965,0.447368,0.894737,0.596491,0.578947,150,21,2,17,0.916436,0.568925,0.568925
lightgbm_balanced_ratio_preserved_noise_mcc_selected_v1,lightgbm_class_weight_balanced,lightgbm,num_leaves,90/10,2,random_fp_10,validation_grid,90/10,valid,63.000000,False,13580,190,51.929865,190,19,171,0.878947,0.815789,0.437500,0.736842,0.549020,0.506290,153,18,5,14,0.931517,0.617207,0.617207
lightgbm_balanced_ratio_preserved_noise_mcc_selected_v1,lightgbm_class_weight_balanced,lightgbm,num_leaves,90/10,2,random_fp_10,test,50/50,test,31.000000,True,13580,190,52.038149,42,21,21,0.809524,0.809524,0.782609,0.857143,0.818182,0.621874,16,5,3,18,0.859410,0.860335,0.860335
lightgbm_balanced_ratio_preserved_noise_mcc_selected_v1,lightgbm_class_weight_balanced,lightgbm,num_leaves,90/10,2,random_fp_10,test,60/40,test,31.000000,True,13580,190,52.136973,53,21,32,0.811321,0.819196,0.720000,0.857143,0.782609,0.625495,25,7,3,18,0.883929,0.854763,0.854763
lightgbm_balanced_ratio_preserved_noise_mcc_selected_v1,lightgbm_class_weight_balanced,lightgbm,num_leaves,90/10,2,random_fp_10,test,70/30,test,31.000000,True,13580,190,52.274072,70,21,49,0.828571,0.836735,0.666667,0.857143,0.750000,0.634029,40,9,3,18,0.866861,0.708657,0.708657
lightgbm_balanced_ratio_preserved_noise_mcc_selected_v1,lightgbm_class_weight_balanced,lightgbm,num_leaves,90/10,2,random_fp_10,test,75/25,test,31.000000,True,13580,190,52.425434,84,21,63,0.761905,0.793651,0.514286,0.857143,0.642857,0.515833,46,17,3,18,0.869992,0.768833,0.768833
lightgbm_balanced_ratio_preserved_noise_mcc_selected_v1,lightgbm_class_weight_balanced,lightgbm,num_leaves,90/10,2,random_fp_10,test,80/20,test,31.000000,True,13580,190,52.553095,105,21,84,0.838095,0.845238,0.562500,0.857143,0.679245,0.600014,70,14,3,18,0.895692,0.694872,0.694872
lightgbm_balanced_ratio_preserved_noise_mcc_selected_v1,lightgbm_class_weight_balanced,lightgbm,num_leaves,90/10,2,random_fp_10,test,90/10,test,31.000000,True,13580,190,52.778726,210,21,189,0.809524,0.830688,0.327273,0.857143,0.473684,0.451275,152,37,3,18,0.885110,0.509247,0.509247
lightgbm_balanced_ratio_preserved_noise_mcc_selected_v1,lightgbm_class_weight_balanced,lightgbm,num_leaves,90/10,2,random_fp_20,validation_grid,90/10,valid,15.000000,False,20370,190,34.650559,190,19,171,0.800000,0.818713,0.313725,0.842105,0.457143,0.431532,136,35,3,16,0.900123,0.561679,0.561679
lightgbm_balanced_ratio_preserved_noise_mcc_selected_v1,lightgbm_class_weight_balanced,lightgbm,num_leaves,90/10,2,random_fp_20,validation_grid,90/10,valid,31.000000,True,20370,190,47.025668,190,19,171,0.821053,0.807018,0.333333,0.789474,0.468750,0.433289,141,30,4,15,0.844721,0.575845,0.575845
lightgbm_balanced_ratio_preserved_noise_mcc_selected_v1,lightgbm_class_weight_balanced,lightgbm,num_leaves,90/10,2,random_fp_20,validation_grid,90/10,valid,63.000000,False,20370,190,67.279363,190,19,171,0.842105,0.725146,0.333333,0.578947,0.423077,0.356585,149,22,8,11,0.838104,0.501245,0.501245
lightgbm_balanced_ratio_preserved_noise_mcc_selected_v1,lightgbm_class_weight_balanced,lightgbm,num_leaves,90/10,2,random_fp_20,test,50/50,test,31.000000,True,20370,190,67.398438,42,21,21,0.833333,0.833333,0.888889,0.761905,0.820513,0.673575,19,2,5,16,0.891156,0.913766,0.913766
lightgbm_balanced_ratio_preserved_noise_mcc_selected_v1,lightgbm_class_weight_balanced,lightgbm,num_leaves,90/10,2,random_fp_20,test,60/40,test,31.000000,True,20370,190,67.496703,53,21,32,0.830189,0.818452,0.800000,0.761905,0.780488,0.642669,28,4,5,16,0.880952,0.873564,0.873564
lightgbm_balanced_ratio_preserved_noise_mcc_selected_v1,lightgbm_class_weight_balanced,lightgbm,num_leaves,90/10,2,random_fp_20,test,70/30,test,31.000000,True,20370,190,67.673592,70,21,49,0.771429,0.768707,0.592593,0.761905,0.666667,0.505943,38,11,5,16,0.810496,0.606550,0.606550
lightgbm_balanced_ratio_preserved_noise_mcc_selected_v1,lightgbm_class_weight_balanced,lightgbm,num_leaves,90/10,2,random_fp_20,test,75/25,test,31.000000,True,20370,190,67.813488,84,21,63,0.750000,0.753968,0.500000,0.761905,0.603774,0.452911,47,16,5,16,0.795918,0.570526,0.570526
lightgbm_balanced_ratio_preserved_noise_mcc_selected_v1,lightgbm_class_weight_balanced,lightgbm,num_leaves,90/10,2,random_fp_20,test,80/20,test,31.000000,True,20370,190,67.946733,105,21,84,0.780952,0.773810,0.470588,0.761905,0.581818,0.468122,66,18,5,16,0.839002,0.579628,0.579628
lightgbm_balanced_ratio_preserved_noise_mcc_selected_v1,lightgbm_class_weight_balanced,lightgbm,num_leaves,90/10,2,random_fp_20,test,90/10,test,31.000000,True,20370,190,68.215671,210,21,189,0.804762,0.785714,0.307692,0.761905,0.438356,0.397166,153,36,5,16,0.845301,0.382926,0.382926
lightgbm_balanced_ratio_preserved_noise_mcc_selected_v1,lightgbm_class_weight_balanced,lightgbm,num_leaves,90/10,2,heuristic_fp_10,validation_grid,90/10,valid,15.000000,False,13580,190,27.628539,190,19,171,0.826316,0.856725,0.354167,0.894737,0.507463,0.492577,140,31,2,17,0.901970,0.478542,0.478542
lightgbm_balanced_ratio_preserved_noise_mcc_selected_v1,lightgbm_class_weight_balanced,lightgbm,num_leaves,90/10,2,heuristic_fp_10,validation_grid,90/10,valid,31.000000,False,13580,190,38.201930,190,19,171,0.863158,0.853801,0.410256,0.842105,0.551724,0.525585,148,23,3,16,0.907510,0.492734,0.492734
lightgbm_balanced_ratio_preserved_noise_mcc_selected_v1,lightgbm_class_weight_balanced,lightgbm,num_leaves,90/10,2,heuristic_fp_10,validation_grid,90/10,valid,63.000000,True,13580,190,54.254655,190,19,171,0.884211,0.865497,0.457143,0.842105,0.592593,0.565704,152,19,3,16,0.887196,0.530596,0.530596
lightgbm_balanced_ratio_preserved_noise_mcc_selected_v1,lightgbm_class_weight_balanced,lightgbm,num_leaves,90/10,2,heuristic_fp_10,test,50/50,test,63.000000,True,13580,190,54.370826,42,21,21,0.857143,0.857143,0.857143,0.857143,0.857143,0.714286,18,3,3,18,0.929705,0.920565,0.920565
lightgbm_balanced_ratio_preserved_noise_mcc_selected_v1,lightgbm_class_weight_balanced,lightgbm,num_leaves,90/10,2,heuristic_fp_10,test,60/40,test,63.000000,True,13580,190,54.511291,53,21,32,0.849057,0.850446,0.782609,0.857143,0.818182,0.691690,27,5,3,18,0.907738,0.825802,0.825802
lightgbm_balanced_ratio_preserved_noise_mcc_selected_v1,lightgbm_class_weight_balanced,lightgbm,num_leaves,90/10,2,heuristic_fp_10,test,70/30,test,63.000000,True,13580,190,54.680919,70,21,49,0.871429,0.867347,0.750000,0.857143,0.800000,0.709299,43,6,3,18,0.915452,0.776677,0.776677
lightgbm_balanced_ratio_preserved_noise_mcc_selected_v1,lightgbm_class_weight_balanced,lightgbm,num_leaves,90/10,2,heuristic_fp_10,test,75/25,test,63.000000,True,13580,190,54.808175,84,21,63,0.857143,0.857143,0.666667,0.857143,0.750000,0.662266,54,9,3,18,0.914588,0.681933,0.681933
lightgbm_balanced_ratio_preserved_noise_mcc_selected_v1,lightgbm_class_weight_balanced,lightgbm,num_leaves,90/10,2,heuristic_fp_10,test,80/20,test,63.000000,True,13580,190,54.970824,105,21,84,0.857143,0.857143,0.600000,0.857143,0.705882,0.632456,72,12,3,18,0.929705,0.699051,0.699051
lightgbm_balanced_ratio_preserved_noise_mcc_selected_v1,lightgbm_class_weight_balanced,lightgbm,num_leaves,90/10,2,heuristic_fp_10,test,90/10,test,63.000000,True,13580,190,55.197597,210,21,189,0.819048,0.835979,0.339623,0.857143,0.486486,0.464082,154,35,3,18,0.899723,0.389325,0.389325
lightgbm_balanced_ratio_preserved_noise_mcc_selected_v1,lightgbm_class_weight_balanced,lightgbm,num_leaves,90/10,2,heuristic_fp_20,validation_grid,90/10,valid,15.000000,False,20370,190,34.853408,190,19,171,0.736842,0.830409,0.268657,0.947368,0.418605,0.414923,122,49,1,18,0.883810,0.497710,0.497710
lightgbm_balanced_ratio_preserved_noise_mcc_selected_v1,lightgbm_class_weight_balanced,lightgbm,num_leaves,90/10,2,heuristic_fp_20,validation_grid,90/10,valid,31.000000,True,20370,190,49.447299,190,19,171,0.757895,0.842105,0.285714,0.947368,0.439024,0.436006,126,45,1,18,0.883195,0.488809,0.488809
lightgbm_balanced_ratio_preserved_noise_mcc_selected_v1,lightgbm_class_weight_balanced,lightgbm,num_leaves,90/10,2,heuristic_fp_20,validation_grid,90/10,valid,63.000000,False,20370,190,68.736572,190,19,171,0.784211,0.763158,0.280000,0.736842,0.405797,0.358569,135,36,5,14,0.890890,0.498692,0.498692
lightgbm_balanced_ratio_preserved_noise_mcc_selected_v1,lightgbm_class_weight_balanced,lightgbm,num_leaves,90/10,2,heuristic_fp_20,test,50/50,test,31.000000,True,20370,190,68.853083,42,21,21,0.833333,0.833333,0.769231,0.952381,0.851064,0.686406,15,6,1,20,0.891156,0.850558,0.850558
lightgbm_balanced_ratio_preserved_noise_mcc_selected_v1,lightgbm_class_weight_balanced,lightgbm,num_leaves,90/10,2,heuristic_fp_20,test,60/40,test,31.000000,True,20370,190,68.984491,53,21,32,0.849057,0.866815,0.740741,0.952381,0.833333,0.717784,25,7,1,20,0.879464,0.718894,0.718894
lightgbm_balanced_ratio_preserved_noise_mcc_selected_v1,lightgbm_class_weight_balanced,lightgbm,num_leaves,90/10,2,heuristic_fp_20,test,70/30,test,31.000000,True,20370,190,69.152079,70,21,49,0.771429,0.823129,0.571429,0.952381,0.714286,0.592306,34,15,1,20,0.859086,0.632974,0.632974
lightgbm_balanced_ratio_preserved_noise_mcc_selected_v1,lightgbm_class_weight_balanced,lightgbm,num_leaves,90/10,2,heuristic_fp_20,test,75/25,test,31.000000,True,20370,190,69.285606,84,21,63,0.750000,0.817460,0.500000,0.952381,0.655738,0.550482,43,20,1,20,0.875283,0.614230,0.614230
lightgbm_balanced_ratio_preserved_noise_mcc_selected_v1,lightgbm_class_weight_balanced,lightgbm,num_leaves,90/10,2,heuristic_fp_20,test,80/20,test,31.000000,True,20370,190,69.422878,105,21,84,0.790476,0.851190,0.487805,0.952381,0.645161,0.575891,63,21,1,20,0.937642,0.749619,0.749619
lightgbm_balanced_ratio_preserved_noise_mcc_selected_v1,lightgbm_class_weight_balanced,lightgbm,num_leaves,90/10,2,heuristic_fp_20,test,90/10,test,31.000000,True,20370,190,69.684315,210,21,189,0.719048,0.822751,0.256410,0.952381,0.404040,0.400778,131,58,1,20,0.894432,0.447275,0.447275
lightgbm_balanced_ratio_preserved_noise_mcc_selected_v1,lightgbm_class_weight_balanced,lightgbm,num_leaves,90/10,3,clean,validation_grid,90/10,valid,15.000000,False,6790,190,16.800298,190,19,171,0.821053,0.853801,0.346939,0.894737,0.500000,0.485240,139,32,2,17,0.900893,0.571559,0.571559
lightgbm_balanced_ratio_preserved_noise_mcc_selected_v1,lightgbm_class_weight_balanced,lightgbm,num_leaves,90/10,3,clean,validation_grid,90/10,valid,31.000000,True,6790,190,25.087722,190,19,171,0.857895,0.850877,0.400000,0.842105,0.542373,0.516398,147,24,3,16,0.908587,0.538518,0.538518
lightgbm_balanced_ratio_preserved_noise_mcc_selected_v1,lightgbm_class_weight_balanced,lightgbm,num_leaves,90/10,3,clean,validation_grid,90/10,valid,63.000000,False,6790,190,36.092973,190,19,171,0.863158,0.713450,0.370370,0.526316,0.434783,0.366797,154,17,9,10,0.911665,0.534150,0.534150
lightgbm_balanced_ratio_preserved_noise_mcc_selected_v1,lightgbm_class_weight_balanced,lightgbm,num_leaves,90/10,3,clean,test,50/50,test,31.000000,True,6790,190,36.180418,42,21,21,0.809524,0.809524,0.842105,0.761905,0.800000,0.621874,18,3,5,16,0.904762,0.913712,0.913712
lightgbm_balanced_ratio_preserved_noise_mcc_selected_v1,lightgbm_class_weight_balanced,lightgbm,num_leaves,90/10,3,clean,test,60/40,test,31.000000,True,6790,190,36.303208,53,21,32,0.792453,0.787202,0.727273,0.761905,0.744186,0.570178,26,6,5,16,0.891369,0.875231,0.875231
lightgbm_balanced_ratio_preserved_noise_mcc_selected_v1,lightgbm_class_weight_balanced,lightgbm,num_leaves,90/10,3,clean,test,70/30,test,31.000000,True,6790,190,36.434265,70,21,49,0.842857,0.819728,0.727273,0.761905,0.744186,0.631228,43,6,5,16,0.900875,0.836757,0.836757
lightgbm_balanced_ratio_preserved_noise_mcc_selected_v1,lightgbm_class_weight_balanced,lightgbm,num_leaves,90/10,3,clean,test,75/25,test,31.000000,True,6790,190,36.564422,84,21,63,0.821429,0.801587,0.615385,0.761905,0.680851,0.564966,53,10,5,16,0.891156,0.702165,0.702165
lightgbm_balanced_ratio_preserved_noise_mcc_selected_v1,lightgbm_class_weight_balanced,lightgbm,num_leaves,90/10,3,clean,test,80/20,test,31.000000,True,6790,190,36.706813,105,21,84,0.790476,0.779762,0.484848,0.761905,0.592593,0.482108,67,17,5,16,0.890023,0.733100,0.733100
lightgbm_balanced_ratio_preserved_noise_mcc_selected_v1,lightgbm_class_weight_balanced,lightgbm,num_leaves,90/10,3,clean,test,90/10,test,31.000000,True,6790,190,36.936469,210,21,189,0.852381,0.812169,0.380952,0.761905,0.507937,0.468254,163,26,5,16,0.910809,0.685257,0.685257
lightgbm_balanced_ratio_preserved_noise_mcc_selected_v1,lightgbm_class_weight_balanced,lightgbm,num_leaves,90/10,3,random_flip_10,validation_grid,90/10,valid,15.000000,False,6790,190,16.353162,190,19,171,0.842105,0.818713,0.365854,0.789474,0.500000,0.464858,145,26,4,15,0.899661,0.419688,0.419688
lightgbm_balanced_ratio_preserved_noise_mcc_selected_v1,lightgbm_class_weight_balanced,lightgbm,num_leaves,90/10,3,random_flip_10,validation_grid,90/10,valid,31.000000,True,6790,190,25.509710,190,19,171,0.873684,0.812865,0.424242,0.736842,0.538462,0.495514,152,19,5,14,0.875346,0.583945,0.583945
lightgbm_balanced_ratio_preserved_noise_mcc_selected_v1,lightgbm_class_weight_balanced,lightgbm,num_leaves,90/10,3,random_flip_10,validation_grid,90/10,valid,63.000000,False,6790,190,37.004284,190,19,171,0.905263,0.666667,0.538462,0.368421,0.437500,0.396091,165,6,12,7,0.875346,0.517499,0.517499
lightgbm_balanced_ratio_preserved_noise_mcc_selected_v1,lightgbm_class_weight_balanced,lightgbm,num_leaves,90/10,3,random_flip_10,test,50/50,test,31.000000,True,6790,190,37.089531,42,21,21,0.714286,0.714286,0.846154,0.523810,0.647059,0.463524,19,2,10,11,0.773243,0.831975,0.831975
lightgbm_balanced_ratio_preserved_noise_mcc_selected_v1,lightgbm_class_weight_balanced,lightgbm,num_leaves,90/10,3,random_flip_10,test,60/40,test,31.000000,True,6790,190,37.215646,53,21,32,0.754717,0.715030,0.785714,0.523810,0.628571,0.477108,29,3,10,11,0.760417,0.752779,0.752779
lightgbm_balanced_ratio_preserved_noise_mcc_selected_v1,lightgbm_class_weight_balanced,lightgbm,num_leaves,90/10,3,random_flip_10,test,70/30,test,31.000000,True,6790,190,37.356841,70,21,49,0.771429,0.700680,0.647059,0.523810,0.578947,0.428924,43,6,10,11,0.775510,0.716008,0.716008
lightgbm_balanced_ratio_preserved_noise_mcc_selected_v1,lightgbm_class_weight_balanced,lightgbm,num_leaves,90/10,3,random_flip_10,test,75/25,test,31.000000,True,6790,190,37.504658,84,21,63,0.821429,0.722222,0.687500,0.523810,0.594595,0.490098,58,5,10,11,0.789872,0.660989,0.660989
lightgbm_balanced_ratio_preserved_noise_mcc_selected_v1,lightgbm_class_weight_balanced,lightgbm,num_leaves,90/10,3,random_flip_10,test,80/20,test,31.000000,True,6790,190,37.662303,105,21,84,0.819048,0.708333,0.550000,0.523810,0.536585,0.424437,75,9,10,11,0.789683,0.618948,0.618948
lightgbm_balanced_ratio_preserved_noise_mcc_selected_v1,lightgbm_class_weight_balanced,lightgbm,num_leaves,90/10,3,random_flip_10,test,90/10,test,31.000000,True,6790,190,37.884328,210,21,189,0.900000,0.732804,0.500000,0.523810,0.511628,0.456112,178,11,10,11,0.800454,0.440623,0.440623
lightgbm_balanced_ratio_preserved_noise_mcc_selected_v1,lightgbm_class_weight_balanced,lightgbm,num_leaves,90/10,3,random_flip_20,validation_grid,90/10,valid,15.000000,False,6790,190,16.515785,190,19,171,0.547368,0.304094,0.000000,0.000000,0.000000,-0.246016,104,67,19,0,0.196676,0.062250,0.062250
lightgbm_balanced_ratio_preserved_noise_mcc_selected_v1,lightgbm_class_weight_balanced,lightgbm,num_leaves,90/10,3,random_flip_20,validation_grid,90/10,valid,31.000000,False,6790,190,24.182489,190,19,171,0.689474,0.383041,0.000000,0.000000,0.000000,-0.172133,131,40,19,0,0.223761,0.063846,0.063846
lightgbm_balanced_ratio_preserved_noise_mcc_selected_v1,lightgbm_class_weight_balanced,lightgbm,num_leaves,90/10,3,random_flip_20,validation_grid,90/10,valid,63.000000,True,6790,190,35.459644,190,19,171,0.789474,0.438596,0.000000,0.000000,0.000000,-0.117502,150,21,19,0,0.242536,0.065226,0.065226
lightgbm_balanced_ratio_preserved_noise_mcc_selected_v1,lightgbm_class_weight_balanced,lightgbm,num_leaves,90/10,3,random_flip_20,test,50/50,test,63.000000,True,6790,190,35.547455,42,21,21,0.428571,0.428571,0.000000,0.000000,0.000000,-0.277350,18,3,21,0,0.226757,0.368320,0.368320
lightgbm_balanced_ratio_preserved_noise_mcc_selected_v1,lightgbm_class_weight_balanced,lightgbm,num_leaves,90/10,3,random_flip_20,test,60/40,test,63.000000,True,6790,190,35.661268,53,21,32,0.528302,0.437500,0.000000,0.000000,0.000000,-0.231455,28,4,21,0,0.404762,0.351749,0.351749
lightgbm_balanced_ratio_preserved_noise_mcc_selected_v1,lightgbm_class_weight_balanced,lightgbm,num_leaves,90/10,3,random_flip_20,test,70/30,test,63.000000,True,6790,190,35.797568,70,21,49,0.600000,0.428571,0.000000,0.000000,0.000000,-0.218218,42,7,21,0,0.329446,0.231122,0.231122
lightgbm_balanced_ratio_preserved_noise_mcc_selected_v1,lightgbm_class_weight_balanced,lightgbm,num_leaves,90/10,3,random_flip_20,test,75/25,test,63.000000,True,6790,190,35.955807,84,21,63,0.630952,0.420635,0.000000,0.000000,0.000000,-0.212238,53,10,21,0,0.290249,0.180960,0.180960
lightgbm_balanced_ratio_preserved_noise_mcc_selected_v1,lightgbm_class_weight_balanced,lightgbm,num_leaves,90/10,3,random_flip_20,test,80/20,test,63.000000,True,6790,190,36.110783,105,21,84,0.695238,0.434524,0.000000,0.000000,0.000000,-0.171042,73,11,21,0,0.306689,0.145166,0.145166
lightgbm_balanced_ratio_preserved_noise_mcc_selected_v1,lightgbm_class_weight_balanced,lightgbm,num_leaves,90/10,3,random_flip_20,test,90/10,test,63.000000,True,6790,190,36.342149,210,21,189,0.814286,0.452381,0.000000,0.000000,0.000000,-0.102062,171,18,21,0,0.294785,0.069556,0.069556
lightgbm_balanced_ratio_preserved_noise_mcc_selected_v1,lightgbm_class_weight_balanced,lightgbm,num_leaves,90/10,3,random_fp_10,validation_grid,90/10,valid,15.000000,False,13580,190,28.499423,190,19,171,0.821053,0.853801,0.346939,0.894737,0.500000,0.485240,139,32,2,17,0.895045,0.523882,0.523882
lightgbm_balanced_ratio_preserved_noise_mcc_selected_v1,lightgbm_class_weight_balanced,lightgbm,num_leaves,90/10,3,random_fp_10,validation_grid,90/10,valid,31.000000,False,13580,190,39.373691,190,19,171,0.826316,0.856725,0.354167,0.894737,0.507463,0.492577,140,31,2,17,0.892582,0.530068,0.530068
lightgbm_balanced_ratio_preserved_noise_mcc_selected_v1,lightgbm_class_weight_balanced,lightgbm,num_leaves,90/10,3,random_fp_10,validation_grid,90/10,valid,63.000000,True,13580,190,55.879824,190,19,171,0.884211,0.865497,0.457143,0.842105,0.592593,0.565704,152,19,3,16,0.895352,0.517833,0.517833
lightgbm_balanced_ratio_preserved_noise_mcc_selected_v1,lightgbm_class_weight_balanced,lightgbm,num_leaves,90/10,3,random_fp_10,test,50/50,test,63.000000,True,13580,190,55.981017,42,21,21,0.785714,0.785714,0.833333,0.714286,0.769231,0.577350,18,3,6,15,0.907029,0.920539,0.920539
lightgbm_balanced_ratio_preserved_noise_mcc_selected_v1,lightgbm_class_weight_balanced,lightgbm,num_leaves,90/10,3,random_fp_10,test,60/40,test,63.000000,True,13580,190,56.096549,53,21,32,0.792453,0.779018,0.750000,0.714286,0.731707,0.563086,27,5,6,15,0.900298,0.840714,0.840714
lightgbm_balanced_ratio_preserved_noise_mcc_selected_v1,lightgbm_class_weight_balanced,lightgbm,num_leaves,90/10,3,random_fp_10,test,70/30,test,63.000000,True,13580,190,56.223553,70,21,49,0.885714,0.836735,0.882353,0.714286,0.789474,0.719719,47,2,6,15,0.935860,0.906341,0.906341
lightgbm_balanced_ratio_preserved_noise_mcc_selected_v1,lightgbm_class_weight_balanced,lightgbm,num_leaves,90/10,3,random_fp_10,test,75/25,test,63.000000,True,13580,190,56.350854,84,21,63,0.821429,0.785714,0.625000,0.714286,0.666667,0.547723,54,9,6,15,0.897959,0.767393,0.767393
lightgbm_balanced_ratio_preserved_noise_mcc_selected_v1,lightgbm_class_weight_balanced,lightgbm,num_leaves,90/10,3,random_fp_10,test,80/20,test,63.000000,True,13580,190,56.532363,105,21,84,0.838095,0.791667,0.576923,0.714286,0.638298,0.540587,73,11,6,15,0.905329,0.771744,0.771744
lightgbm_balanced_ratio_preserved_noise_mcc_selected_v1,lightgbm_class_weight_balanced,lightgbm,num_leaves,90/10,3,random_fp_10,test,90/10,test,63.000000,True,13580,190,56.764775,210,21,189,0.866667,0.798942,0.405405,0.714286,0.517241,0.470797,167,22,6,15,0.911313,0.595526,0.595526
lightgbm_balanced_ratio_preserved_noise_mcc_selected_v1,lightgbm_class_weight_balanced,lightgbm,num_leaves,90/10,3,random_fp_20,validation_grid,90/10,valid,15.000000,False,20370,190,35.385278,190,19,171,0.763158,0.821637,0.283333,0.894737,0.430380,0.415168,128,43,2,17,0.886734,0.577495,0.577495
lightgbm_balanced_ratio_preserved_noise_mcc_selected_v1,lightgbm_class_weight_balanced,lightgbm,num_leaves,90/10,3,random_fp_20,validation_grid,90/10,valid,31.000000,False,20370,190,47.746398,190,19,171,0.836842,0.862573,0.369565,0.894737,0.523077,0.507856,142,29,2,17,0.898430,0.622858,0.622858
lightgbm_balanced_ratio_preserved_noise_mcc_selected_v1,lightgbm_class_weight_balanced,lightgbm,num_leaves,90/10,3,random_fp_20,validation_grid,90/10,valid,63.000000,True,20370,190,67.516752,190,19,171,0.868421,0.833333,0.416667,0.789474,0.545455,0.510355,150,21,4,15,0.898122,0.628437,0.628437
lightgbm_balanced_ratio_preserved_noise_mcc_selected_v1,lightgbm_class_weight_balanced,lightgbm,num_leaves,90/10,3,random_fp_20,test,50/50,test,63.000000,True,20370,190,67.605674,42,21,21,0.761905,0.761905,0.866667,0.619048,0.722222,0.546594,19,2,8,13,0.825397,0.853109,0.853109
lightgbm_balanced_ratio_preserved_noise_mcc_selected_v1,lightgbm_class_weight_balanced,lightgbm,num_leaves,90/10,3,random_fp_20,test,60/40,test,63.000000,True,20370,190,67.744576,53,21,32,0.754717,0.731399,0.722222,0.619048,0.666667,0.477975,27,5,8,13,0.855655,0.817552,0.817552
lightgbm_balanced_ratio_preserved_noise_mcc_selected_v1,lightgbm_class_weight_balanced,lightgbm,num_leaves,90/10,3,random_fp_20,test,70/30,test,63.000000,True,20370,190,67.871392,70,21,49,0.742857,0.707483,0.565217,0.619048,0.590909,0.404862,39,10,8,13,0.852284,0.770056,0.770056
lightgbm_balanced_ratio_preserved_noise_mcc_selected_v1,lightgbm_class_weight_balanced,lightgbm,num_leaves,90/10,3,random_fp_20,test,75/25,test,63.000000,True,20370,190,68.002185,84,21,63,0.809524,0.746032,0.619048,0.619048,0.619048,0.492063,55,8,8,13,0.876795,0.706914,0.706914
lightgbm_balanced_ratio_preserved_noise_mcc_selected_v1,lightgbm_class_weight_balanced,lightgbm,num_leaves,90/10,3,random_fp_20,test,80/20,test,63.000000,True,20370,190,68.156390,105,21,84,0.790476,0.726190,0.481481,0.619048,0.541667,0.414023,70,14,8,13,0.857710,0.624262,0.624262
lightgbm_balanced_ratio_preserved_noise_mcc_selected_v1,lightgbm_class_weight_balanced,lightgbm,num_leaves,90/10,3,random_fp_20,test,90/10,test,63.000000,True,20370,190,68.383923,210,21,189,0.847619,0.746032,0.351351,0.619048,0.448276,0.387470,165,24,8,13,0.864198,0.522024,0.522024
lightgbm_balanced_ratio_preserved_noise_mcc_selected_v1,lightgbm_class_weight_balanced,lightgbm,num_leaves,90/10,3,heuristic_fp_10,validation_grid,90/10,valid,15.000000,False,13580,190,26.425045,190,19,171,0.863158,0.877193,0.414634,0.894737,0.566667,0.550153,147,24,2,17,0.914743,0.522423,0.522423
lightgbm_balanced_ratio_preserved_noise_mcc_selected_v1,lightgbm_class_weight_balanced,lightgbm,num_leaves,90/10,3,heuristic_fp_10,validation_grid,90/10,valid,31.000000,True,13580,190,37.176799,190,19,171,0.873684,0.883041,0.435897,0.894737,0.586207,0.569022,149,22,2,17,0.929825,0.581972,0.581972
lightgbm_balanced_ratio_preserved_noise_mcc_selected_v1,lightgbm_class_weight_balanced,lightgbm,num_leaves,90/10,3,heuristic_fp_10,validation_grid,90/10,valid,63.000000,False,13580,190,52.873914,190,19,171,0.894737,0.847953,0.483871,0.789474,0.600000,0.564997,155,16,4,15,0.920591,0.587607,0.587607
lightgbm_balanced_ratio_preserved_noise_mcc_selected_v1,lightgbm_class_weight_balanced,lightgbm,num_leaves,90/10,3,heuristic_fp_10,test,50/50,test,31.000000,True,13580,190,52.960754,42,21,21,0.833333,0.833333,0.850000,0.809524,0.829268,0.667424,18,3,4,17,0.902494,0.834272,0.834272
lightgbm_balanced_ratio_preserved_noise_mcc_selected_v1,lightgbm_class_weight_balanced,lightgbm,num_leaves,90/10,3,heuristic_fp_10,test,60/40,test,31.000000,True,13580,190,53.073262,53,21,32,0.754717,0.764137,0.653846,0.809524,0.723404,0.516863,23,9,4,17,0.848214,0.689276,0.689276
lightgbm_balanced_ratio_preserved_noise_mcc_selected_v1,lightgbm_class_weight_balanced,lightgbm,num_leaves,90/10,3,heuristic_fp_10,test,70/30,test,31.000000,True,13580,190,53.213138,70,21,49,0.785714,0.792517,0.607143,0.809524,0.693878,0.547249,38,11,4,17,0.866861,0.630981,0.630981
lightgbm_balanced_ratio_preserved_noise_mcc_selected_v1,lightgbm_class_weight_balanced,lightgbm,num_leaves,90/10,3,heuristic_fp_10,test,75/25,test,31.000000,True,13580,190,53.355339,84,21,63,0.833333,0.825397,0.629630,0.809524,0.708333,0.603398,53,10,4,17,0.891912,0.596098,0.596098
lightgbm_balanced_ratio_preserved_noise_mcc_selected_v1,lightgbm_class_weight_balanced,lightgbm,num_leaves,90/10,3,heuristic_fp_10,test,80/20,test,31.000000,True,13580,190,53.505882,105,21,84,0.828571,0.821429,0.548387,0.809524,0.653846,0.563725,70,14,4,17,0.895125,0.533358,0.533358
lightgbm_balanced_ratio_preserved_noise_mcc_selected_v1,lightgbm_class_weight_balanced,lightgbm,num_leaves,90/10,3,heuristic_fp_10,test,90/10,test,31.000000,True,13580,190,53.736605,210,21,189,0.814286,0.812169,0.326923,0.809524,0.465753,0.433941,154,35,4,17,0.915092,0.469098,0.469098
lightgbm_balanced_ratio_preserved_noise_mcc_selected_v1,lightgbm_class_weight_balanced,lightgbm,num_leaves,90/10,3,heuristic_fp_20,validation_grid,90/10,valid,15.000000,False,20370,190,34.493341,190,19,171,0.778947,0.853801,0.305085,0.947368,0.461538,0.458778,130,41,1,18,0.893506,0.506392,0.506392
lightgbm_balanced_ratio_preserved_noise_mcc_selected_v1,lightgbm_class_weight_balanced,lightgbm,num_leaves,90/10,3,heuristic_fp_20,validation_grid,90/10,valid,31.000000,False,20370,190,47.368576,190,19,171,0.815789,0.827485,0.333333,0.842105,0.477612,0.452201,139,32,3,16,0.893198,0.469873,0.469873
lightgbm_balanced_ratio_preserved_noise_mcc_selected_v1,lightgbm_class_weight_balanced,lightgbm,num_leaves,90/10,3,heuristic_fp_20,validation_grid,90/10,valid,63.000000,True,20370,190,65.846229,190,19,171,0.842105,0.842105,0.372093,0.842105,0.516129,0.490537,144,27,3,16,0.894121,0.458436,0.458436
lightgbm_balanced_ratio_preserved_noise_mcc_selected_v1,lightgbm_class_weight_balanced,lightgbm,num_leaves,90/10,3,heuristic_fp_20,test,50/50,test,63.000000,True,20370,190,65.942630,42,21,21,0.928571,0.928571,0.909091,0.952381,0.930233,0.858116,19,2,1,20,0.956916,0.940018,0.940018
lightgbm_balanced_ratio_preserved_noise_mcc_selected_v1,lightgbm_class_weight_balanced,lightgbm,num_leaves,90/10,3,heuristic_fp_20,test,60/40,test,63.000000,True,20370,190,66.064183,53,21,32,0.811321,0.835565,0.689655,0.952381,0.800000,0.659458,23,9,1,20,0.843750,0.656025,0.656025
lightgbm_balanced_ratio_preserved_noise_mcc_selected_v1,lightgbm_class_weight_balanced,lightgbm,num_leaves,90/10,3,heuristic_fp_20,test,70/30,test,63.000000,True,20370,190,66.212343,70,21,49,0.771429,0.823129,0.571429,0.952381,0.714286,0.592306,34,15,1,20,0.855199,0.606833,0.606833
lightgbm_balanced_ratio_preserved_noise_mcc_selected_v1,lightgbm_class_weight_balanced,lightgbm,num_leaves,90/10,3,heuristic_fp_20,test,75/25,test,63.000000,True,20370,190,66.343624,84,21,63,0.845238,0.880952,0.625000,0.952381,0.754717,0.679366,51,12,1,20,0.850340,0.504452,0.504452
lightgbm_balanced_ratio_preserved_noise_mcc_selected_v1,lightgbm_class_weight_balanced,lightgbm,num_leaves,90/10,3,heuristic_fp_20,test,80/20,test,63.000000,True,20370,190,66.492743,105,21,84,0.819048,0.869048,0.526316,0.952381,0.677966,0.614374,66,18,1,20,0.888322,0.515805,0.515805
lightgbm_balanced_ratio_preserved_noise_mcc_selected_v1,lightgbm_class_weight_balanced,lightgbm,num_leaves,90/10,3,heuristic_fp_20,test,90/10,test,63.000000,True,20370,190,66.732669,210,21,189,0.790476,0.862434,0.317460,0.952381,0.476190,0.474537,146,43,1,20,0.927942,0.479034,0.479034
lightgbm_balanced_ratio_preserved_noise_mcc_selected_v1,lightgbm_class_weight_balanced,lightgbm,num_leaves,90/10,4,clean,validation_grid,90/10,valid,15.000000,False,6790,190,16.194801,190,19,171,0.768421,0.824561,0.288136,0.894737,0.435897,0.420862,129,42,2,17,0.865343,0.365394,0.365394
lightgbm_balanced_ratio_preserved_noise_mcc_selected_v1,lightgbm_class_weight_balanced,lightgbm,num_leaves,90/10,4,clean,validation_grid,90/10,valid,31.000000,True,6790,190,25.861737,190,19,171,0.815789,0.804094,0.326087,0.789474,0.461538,0.425943,140,31,4,15,0.872576,0.389192,0.389192
lightgbm_balanced_ratio_preserved_noise_mcc_selected_v1,lightgbm_class_weight_balanced,lightgbm,num_leaves,90/10,4,clean,validation_grid,90/10,valid,63.000000,False,6790,190,38.976635,190,19,171,0.826316,0.669591,0.281250,0.473684,0.352941,0.271896,148,23,10,9,0.881194,0.484394,0.484394
lightgbm_balanced_ratio_preserved_noise_mcc_selected_v1,lightgbm_class_weight_balanced,lightgbm,num_leaves,90/10,4,clean,test,50/50,test,31.000000,True,6790,190,39.118023,42,21,21,0.785714,0.785714,0.833333,0.714286,0.769231,0.577350,18,3,6,15,0.927438,0.922283,0.922283
lightgbm_balanced_ratio_preserved_noise_mcc_selected_v1,lightgbm_class_weight_balanced,lightgbm,num_leaves,90/10,4,clean,test,60/40,test,31.000000,True,6790,190,39.315938,53,21,32,0.811321,0.794643,0.789474,0.714286,0.750000,0.601027,28,4,6,15,0.915179,0.833197,0.833197
lightgbm_balanced_ratio_preserved_noise_mcc_selected_v1,lightgbm_class_weight_balanced,lightgbm,num_leaves,90/10,4,clean,test,70/30,test,31.000000,True,6790,190,39.444621,70,21,49,0.742857,0.734694,0.555556,0.714286,0.625000,0.441899,37,12,6,15,0.880466,0.804999,0.804999
lightgbm_balanced_ratio_preserved_noise_mcc_selected_v1,lightgbm_class_weight_balanced,lightgbm,num_leaves,90/10,4,clean,test,75/25,test,31.000000,True,6790,190,39.602426,84,21,63,0.797619,0.769841,0.576923,0.714286,0.638298,0.505496,52,11,6,15,0.896447,0.722020,0.722020
lightgbm_balanced_ratio_preserved_noise_mcc_selected_v1,lightgbm_class_weight_balanced,lightgbm,num_leaves,90/10,4,clean,test,80/20,test,31.000000,True,6790,190,39.747766,105,21,84,0.876190,0.815476,0.681818,0.714286,0.697674,0.620148,77,7,6,15,0.929705,0.808639,0.808639
lightgbm_balanced_ratio_preserved_noise_mcc_selected_v1,lightgbm_class_weight_balanced,lightgbm,num_leaves,90/10,4,clean,test,90/10,test,31.000000,True,6790,190,40.002006,210,21,189,0.833333,0.780423,0.340909,0.714286,0.461538,0.413432,160,29,6,15,0.902242,0.549164,0.549164
lightgbm_balanced_ratio_preserved_noise_mcc_selected_v1,lightgbm_class_weight_balanced,lightgbm,num_leaves,90/10,4,random_flip_10,validation_grid,90/10,valid,15.000000,True,6790,190,17.343787,190,19,171,0.800000,0.771930,0.297872,0.736842,0.424242,0.378133,138,33,5,14,0.862419,0.372736,0.372736
lightgbm_balanced_ratio_preserved_noise_mcc_selected_v1,lightgbm_class_weight_balanced,lightgbm,num_leaves,90/10,4,random_flip_10,validation_grid,90/10,valid,31.000000,False,6790,190,25.300099,190,19,171,0.852632,0.707602,0.344828,0.526316,0.416667,0.346358,152,19,9,10,0.846106,0.356043,0.356043
lightgbm_balanced_ratio_preserved_noise_mcc_selected_v1,lightgbm_class_weight_balanced,lightgbm,num_leaves,90/10,4,random_flip_10,validation_grid,90/10,valid,63.000000,False,6790,190,36.510538,190,19,171,0.884211,0.654971,0.411765,0.368421,0.388889,0.325767,161,10,12,7,0.860880,0.374325,0.374325
lightgbm_balanced_ratio_preserved_noise_mcc_selected_v1,lightgbm_class_weight_balanced,lightgbm,num_leaves,90/10,4,random_flip_10,test,50/50,test,15.000000,True,6790,190,36.603789,42,21,21,0.809524,0.809524,0.842105,0.761905,0.800000,0.621874,18,3,5,16,0.900227,0.898698,0.898698
lightgbm_balanced_ratio_preserved_noise_mcc_selected_v1,lightgbm_class_weight_balanced,lightgbm,num_leaves,90/10,4,random_flip_10,test,60/40,test,15.000000,True,6790,190,36.768437,53,21,32,0.792453,0.787202,0.727273,0.761905,0.744186,0.570178,26,6,5,16,0.903274,0.799309,0.799309
lightgbm_balanced_ratio_preserved_noise_mcc_selected_v1,lightgbm_class_weight_balanced,lightgbm,num_leaves,90/10,4,random_flip_10,test,70/30,test,15.000000,True,6790,190,36.887826,70,21,49,0.742857,0.748299,0.551724,0.761905,0.640000,0.461979,36,13,5,16,0.832847,0.604881,0.604881
lightgbm_balanced_ratio_preserved_noise_mcc_selected_v1,lightgbm_class_weight_balanced,lightgbm,num_leaves,90/10,4,random_flip_10,test,75/25,test,15.000000,True,6790,190,37.031150,84,21,63,0.821429,0.801587,0.615385,0.761905,0.680851,0.564966,53,10,5,16,0.888889,0.670206,0.670206
lightgbm_balanced_ratio_preserved_noise_mcc_selected_v1,lightgbm_class_weight_balanced,lightgbm,num_leaves,90/10,4,random_flip_10,test,80/20,test,15.000000,True,6790,190,37.163046,105,21,84,0.847619,0.815476,0.592593,0.761905,0.666667,0.577453,73,11,5,16,0.914399,0.679165,0.679165
lightgbm_balanced_ratio_preserved_noise_mcc_selected_v1,lightgbm_class_weight_balanced,lightgbm,num_leaves,90/10,4,random_flip_10,test,90/10,test,15.000000,True,6790,190,37.410147,210,21,189,0.823810,0.796296,0.333333,0.761905,0.463768,0.423369,157,32,5,16,0.896447,0.438654,0.438654
lightgbm_balanced_ratio_preserved_noise_mcc_selected_v1,lightgbm_class_weight_balanced,lightgbm,num_leaves,90/10,4,random_flip_20,validation_grid,90/10,valid,15.000000,False,6790,190,17.050449,190,19,171,0.589474,0.350877,0.016393,0.052632,0.025000,-0.191641,111,60,18,1,0.220991,0.063643,0.063643
lightgbm_balanced_ratio_preserved_noise_mcc_selected_v1,lightgbm_class_weight_balanced,lightgbm,num_leaves,90/10,4,random_flip_20,validation_grid,90/10,valid,31.000000,False,6790,190,24.994056,190,19,171,0.678947,0.377193,0.000000,0.000000,0.000000,-0.177571,129,42,19,0,0.222838,0.063743,0.063743
lightgbm_balanced_ratio_preserved_noise_mcc_selected_v1,lightgbm_class_weight_balanced,lightgbm,num_leaves,90/10,4,random_flip_20,validation_grid,90/10,valid,63.000000,True,6790,190,39.058701,190,19,171,0.800000,0.444444,0.000000,0.000000,0.000000,-0.111111,152,19,19,0,0.285011,0.068935,0.068935
lightgbm_balanced_ratio_preserved_noise_mcc_selected_v1,lightgbm_class_weight_balanced,lightgbm,num_leaves,90/10,4,random_flip_20,test,50/50,test,63.000000,True,6790,190,39.152471,42,21,21,0.452381,0.452381,0.375000,0.142857,0.206897,-0.121268,16,5,18,3,0.408163,0.504081,0.504081
lightgbm_balanced_ratio_preserved_noise_mcc_selected_v1,lightgbm_class_weight_balanced,lightgbm,num_leaves,90/10,4,random_flip_20,test,60/40,test,63.000000,True,6790,190,39.325754,53,21,32,0.584906,0.508929,0.428571,0.142857,0.214286,0.025797,28,4,18,3,0.403274,0.404772,0.404772
lightgbm_balanced_ratio_preserved_noise_mcc_selected_v1,lightgbm_class_weight_balanced,lightgbm,num_leaves,90/10,4,random_flip_20,test,70/30,test,63.000000,True,6790,190,39.456498,70,21,49,0.671429,0.520408,0.375000,0.142857,0.206897,0.058790,44,5,18,3,0.402332,0.330672,0.330672
lightgbm_balanced_ratio_preserved_noise_mcc_selected_v1,lightgbm_class_weight_balanced,lightgbm,num_leaves,90/10,4,random_flip_20,test,75/25,test,63.000000,True,6790,190,39.607742,84,21,63,0.738095,0.539683,0.428571,0.142857,0.214286,0.124341,59,4,18,3,0.374906,0.283341,0.283341
lightgbm_balanced_ratio_preserved_noise_mcc_selected_v1,lightgbm_class_weight_balanced,lightgbm,num_leaves,90/10,4,random_flip_20,test,80/20,test,63.000000,True,6790,190,39.746404,105,21,84,0.695238,0.488095,0.176471,0.142857,0.157895,-0.025854,70,14,18,3,0.356576,0.217955,0.217955
lightgbm_balanced_ratio_preserved_noise_mcc_selected_v1,lightgbm_class_weight_balanced,lightgbm,num_leaves,90/10,4,random_flip_20,test,90/10,test,63.000000,True,6790,190,39.998185,210,21,189,0.809524,0.513228,0.120000,0.142857,0.130435,0.024507,167,22,18,3,0.396573,0.118486,0.118486
lightgbm_balanced_ratio_preserved_noise_mcc_selected_v1,lightgbm_class_weight_balanced,lightgbm,num_leaves,90/10,4,random_fp_10,validation_grid,90/10,valid,15.000000,False,13580,190,28.229451,190,19,171,0.773684,0.804094,0.285714,0.842105,0.426667,0.400189,131,40,3,16,0.839643,0.423006,0.423006
lightgbm_balanced_ratio_preserved_noise_mcc_selected_v1,lightgbm_class_weight_balanced,lightgbm,num_leaves,90/10,4,random_fp_10,validation_grid,90/10,valid,31.000000,True,13580,190,39.859316,190,19,171,0.784211,0.833333,0.303571,0.894737,0.453333,0.438669,132,39,2,17,0.853801,0.481680,0.481680
lightgbm_balanced_ratio_preserved_noise_mcc_selected_v1,lightgbm_class_weight_balanced,lightgbm,num_leaves,90/10,4,random_fp_10,validation_grid,90/10,valid,63.000000,False,13580,190,56.614538,190,19,171,0.815789,0.733918,0.300000,0.631579,0.406780,0.344265,143,28,7,12,0.824869,0.468715,0.468715
lightgbm_balanced_ratio_preserved_noise_mcc_selected_v1,lightgbm_class_weight_balanced,lightgbm,num_leaves,90/10,4,random_fp_10,test,50/50,test,31.000000,True,13580,190,56.705014,42,21,21,0.904762,0.904762,0.947368,0.857143,0.900000,0.813220,20,1,3,18,0.941043,0.945125,0.945125
lightgbm_balanced_ratio_preserved_noise_mcc_selected_v1,lightgbm_class_weight_balanced,lightgbm,num_leaves,90/10,4,random_fp_10,test,60/40,test,31.000000,True,13580,190,56.867427,53,21,32,0.811321,0.819196,0.720000,0.857143,0.782609,0.625495,25,7,3,18,0.876488,0.842875,0.842875
lightgbm_balanced_ratio_preserved_noise_mcc_selected_v1,lightgbm_class_weight_balanced,lightgbm,num_leaves,90/10,4,random_fp_10,test,70/30,test,31.000000,True,13580,190,56.984865,70,21,49,0.785714,0.806122,0.600000,0.857143,0.705882,0.566947,37,12,3,18,0.889213,0.796979,0.796979
lightgbm_balanced_ratio_preserved_noise_mcc_selected_v1,lightgbm_class_weight_balanced,lightgbm,num_leaves,90/10,4,random_fp_10,test,75/25,test,31.000000,True,13580,190,57.123613,84,21,63,0.845238,0.849206,0.642857,0.857143,0.734694,0.641533,53,10,3,18,0.900983,0.753383,0.753383
lightgbm_balanced_ratio_preserved_noise_mcc_selected_v1,lightgbm_class_weight_balanced,lightgbm,num_leaves,90/10,4,random_fp_10,test,80/20,test,31.000000,True,13580,190,57.253494,105,21,84,0.838095,0.845238,0.562500,0.857143,0.679245,0.600014,70,14,3,18,0.909297,0.779901,0.779901
lightgbm_balanced_ratio_preserved_noise_mcc_selected_v1,lightgbm_class_weight_balanced,lightgbm,num_leaves,90/10,4,random_fp_10,test,90/10,test,31.000000,True,13580,190,57.551101,210,21,189,0.800000,0.825397,0.315789,0.857143,0.461538,0.439037,150,39,3,18,0.893424,0.584222,0.584222
lightgbm_balanced_ratio_preserved_noise_mcc_selected_v1,lightgbm_class_weight_balanced,lightgbm,num_leaves,90/10,4,random_fp_20,validation_grid,90/10,valid,15.000000,False,20370,190,35.282613,190,19,171,0.705263,0.719298,0.215385,0.736842,0.333333,0.277350,120,51,5,14,0.837796,0.381129,0.381129
lightgbm_balanced_ratio_preserved_noise_mcc_selected_v1,lightgbm_class_weight_balanced,lightgbm,num_leaves,90/10,4,random_fp_20,validation_grid,90/10,valid,31.000000,False,20370,190,49.148011,190,19,171,0.800000,0.795322,0.306122,0.789474,0.441176,0.405035,137,34,4,15,0.841182,0.370991,0.370991
lightgbm_balanced_ratio_preserved_noise_mcc_selected_v1,lightgbm_class_weight_balanced,lightgbm,num_leaves,90/10,4,random_fp_20,validation_grid,90/10,valid,63.000000,True,20370,190,67.244649,190,19,171,0.836842,0.792398,0.350000,0.736842,0.474576,0.430331,145,26,5,14,0.831948,0.378238,0.378238
lightgbm_balanced_ratio_preserved_noise_mcc_selected_v1,lightgbm_class_weight_balanced,lightgbm,num_leaves,90/10,4,random_fp_20,test,50/50,test,63.000000,True,20370,190,67.374141,42,21,21,0.809524,0.809524,0.933333,0.666667,0.777778,0.645975,20,1,7,14,0.827664,0.883087,0.883087
lightgbm_balanced_ratio_preserved_noise_mcc_selected_v1,lightgbm_class_weight_balanced,lightgbm,num_leaves,90/10,4,random_fp_20,test,60/40,test,63.000000,True,20370,190,67.550305,53,21,32,0.811321,0.786458,0.823529,0.666667,0.736842,0.600344,29,3,7,14,0.779762,0.723780,0.723780
lightgbm_balanced_ratio_preserved_noise_mcc_selected_v1,lightgbm_class_weight_balanced,lightgbm,num_leaves,90/10,4,random_fp_20,test,70/30,test,63.000000,True,20370,190,67.679451,70,21,49,0.785714,0.751701,0.636364,0.666667,0.651163,0.496924,41,8,7,14,0.803693,0.752608,0.752608
lightgbm_balanced_ratio_preserved_noise_mcc_selected_v1,lightgbm_class_weight_balanced,lightgbm,num_leaves,90/10,4,random_fp_20,test,75/25,test,63.000000,True,20370,190,67.834535,84,21,63,0.821429,0.769841,0.636364,0.666667,0.651163,0.531510,55,8,7,14,0.791383,0.639176,0.639176
lightgbm_balanced_ratio_preserved_noise_mcc_selected_v1,lightgbm_class_weight_balanced,lightgbm,num_leaves,90/10,4,random_fp_20,test,80/20,test,63.000000,True,20370,190,67.987716,105,21,84,0.866667,0.791667,0.666667,0.666667,0.666667,0.583333,77,7,7,14,0.810658,0.694962,0.694962
lightgbm_balanced_ratio_preserved_noise_mcc_selected_v1,lightgbm_class_weight_balanced,lightgbm,num_leaves,90/10,4,random_fp_20,test,90/10,test,63.000000,True,20370,190,68.275053,210,21,189,0.871429,0.780423,0.411765,0.666667,0.509091,0.456761,169,20,7,14,0.814059,0.479346,0.479346
lightgbm_balanced_ratio_preserved_noise_mcc_selected_v1,lightgbm_class_weight_balanced,lightgbm,num_leaves,90/10,4,heuristic_fp_10,validation_grid,90/10,valid,15.000000,False,13580,190,26.473052,190,19,171,0.747368,0.789474,0.262295,0.842105,0.400000,0.372010,126,45,3,16,0.857495,0.413978,0.413978
lightgbm_balanced_ratio_preserved_noise_mcc_selected_v1,lightgbm_class_weight_balanced,lightgbm,num_leaves,90/10,4,heuristic_fp_10,validation_grid,90/10,valid,31.000000,False,13580,190,36.958552,190,19,171,0.778947,0.807018,0.290909,0.842105,0.432432,0.406181,132,39,3,16,0.876270,0.457118,0.457118
lightgbm_balanced_ratio_preserved_noise_mcc_selected_v1,lightgbm_class_weight_balanced,lightgbm,num_leaves,90/10,4,heuristic_fp_10,validation_grid,90/10,valid,63.000000,True,13580,190,53.865022,190,19,171,0.810526,0.801170,0.319149,0.789474,0.454545,0.418793,139,32,4,15,0.891351,0.557453,0.557453
lightgbm_balanced_ratio_preserved_noise_mcc_selected_v1,lightgbm_class_weight_balanced,lightgbm,num_leaves,90/10,4,heuristic_fp_10,test,50/50,test,63.000000,True,13580,190,53.980065,42,21,21,0.809524,0.809524,0.882353,0.714286,0.789474,0.630593,19,2,6,15,0.920635,0.893586,0.893586
lightgbm_balanced_ratio_preserved_noise_mcc_selected_v1,lightgbm_class_weight_balanced,lightgbm,num_leaves,90/10,4,heuristic_fp_10,test,60/40,test,63.000000,True,13580,190,54.178234,53,21,32,0.773585,0.763393,0.714286,0.714286,0.714286,0.526786,26,6,6,15,0.885417,0.789003,0.789003
lightgbm_balanced_ratio_preserved_noise_mcc_selected_v1,lightgbm_class_weight_balanced,lightgbm,num_leaves,90/10,4,heuristic_fp_10,test,70/30,test,63.000000,True,13580,190,54.330313,70,21,49,0.700000,0.704082,0.500000,0.714286,0.588235,0.377964,34,15,6,15,0.838678,0.671148,0.671148
lightgbm_balanced_ratio_preserved_noise_mcc_selected_v1,lightgbm_class_weight_balanced,lightgbm,num_leaves,90/10,4,heuristic_fp_10,test,75/25,test,63.000000,True,13580,190,54.512143,84,21,63,0.833333,0.793651,0.652174,0.714286,0.681818,0.570312,55,8,6,15,0.911565,0.686482,0.686482
lightgbm_balanced_ratio_preserved_noise_mcc_selected_v1,lightgbm_class_weight_balanced,lightgbm,num_leaves,90/10,4,heuristic_fp_10,test,80/20,test,63.000000,True,13580,190,54.711521,105,21,84,0.914286,0.839286,0.833333,0.714286,0.769231,0.720193,81,3,6,15,0.959751,0.851249,0.851249
lightgbm_balanced_ratio_preserved_noise_mcc_selected_v1,lightgbm_class_weight_balanced,lightgbm,num_leaves,90/10,4,heuristic_fp_10,test,90/10,test,63.000000,True,13580,190,54.997452,210,21,189,0.861905,0.796296,0.394737,0.714286,0.508475,0.461786,166,23,6,15,0.914336,0.532667,0.532667
lightgbm_balanced_ratio_preserved_noise_mcc_selected_v1,lightgbm_class_weight_balanced,lightgbm,num_leaves,90/10,4,heuristic_fp_20,validation_grid,90/10,valid,15.000000,False,20370,190,36.022010,190,19,171,0.715789,0.818713,0.253521,0.947368,0.400000,0.395278,118,53,1,18,0.838566,0.417685,0.417685
lightgbm_balanced_ratio_preserved_noise_mcc_selected_v1,lightgbm_class_weight_balanced,lightgbm,num_leaves,90/10,4,heuristic_fp_20,validation_grid,90/10,valid,31.000000,False,20370,190,49.855722,190,19,171,0.705263,0.812865,0.246575,0.947368,0.391304,0.385930,116,55,1,18,0.832564,0.465808,0.465808
lightgbm_balanced_ratio_preserved_noise_mcc_selected_v1,lightgbm_class_weight_balanced,lightgbm,num_leaves,90/10,4,heuristic_fp_20,validation_grid,90/10,valid,63.000000,True,20370,190,69.412526,190,19,171,0.757895,0.818713,0.278689,0.894737,0.425000,0.409586,127,44,2,17,0.836257,0.444554,0.444554
lightgbm_balanced_ratio_preserved_noise_mcc_selected_v1,lightgbm_class_weight_balanced,lightgbm,num_leaves,90/10,4,heuristic_fp_20,test,50/50,test,63.000000,True,20370,190,69.624909,42,21,21,0.880952,0.880952,0.833333,0.952381,0.888889,0.769800,17,4,1,20,0.931973,0.916568,0.916568
lightgbm_balanced_ratio_preserved_noise_mcc_selected_v1,lightgbm_class_weight_balanced,lightgbm,num_leaves,90/10,4,heuristic_fp_20,test,60/40,test,63.000000,True,20370,190,69.796501,53,21,32,0.811321,0.835565,0.689655,0.952381,0.800000,0.659458,23,9,1,20,0.879464,0.733706,0.733706
lightgbm_balanced_ratio_preserved_noise_mcc_selected_v1,lightgbm_class_weight_balanced,lightgbm,num_leaves,90/10,4,heuristic_fp_20,test,70/30,test,63.000000,True,20370,190,69.922787,70,21,49,0.785714,0.833333,0.588235,0.952381,0.727273,0.611260,35,14,1,20,0.865889,0.701434,0.701434
lightgbm_balanced_ratio_preserved_noise_mcc_selected_v1,lightgbm_class_weight_balanced,lightgbm,num_leaves,90/10,4,heuristic_fp_20,test,75/25,test,63.000000,True,20370,190,70.097394,84,21,63,0.857143,0.888889,0.645161,0.952381,0.769231,0.697938,52,11,1,20,0.894936,0.594090,0.594090
lightgbm_balanced_ratio_preserved_noise_mcc_selected_v1,lightgbm_class_weight_balanced,lightgbm,num_leaves,90/10,4,heuristic_fp_20,test,80/20,test,63.000000,True,20370,190,70.235415,105,21,84,0.876190,0.904762,0.625000,0.952381,0.754717,0.703465,72,12,1,20,0.958050,0.847334,0.847334
lightgbm_balanced_ratio_preserved_noise_mcc_selected_v1,lightgbm_class_weight_balanced,lightgbm,num_leaves,90/10,4,heuristic_fp_20,test,90/10,test,63.000000,True,20370,190,70.510493,210,21,189,0.790476,0.862434,0.317460,0.952381,0.476190,0.474537,146,43,1,20,0.903250,0.403532,0.403532
lightgbm_balanced_ratio_preserved_noise_mcc_selected_v1,lightgbm_class_weight_balanced,lightgbm,num_leaves,90/10,5,clean,validation_grid,90/10,valid,15.000000,False,6790,190,17.105016,190,19,171,0.810526,0.824561,0.326531,0.842105,0.470588,0.445137,138,33,3,16,0.904894,0.501169,0.501169
lightgbm_balanced_ratio_preserved_noise_mcc_selected_v1,lightgbm_class_weight_balanced,lightgbm,num_leaves,90/10,5,clean,validation_grid,90/10,valid,31.000000,False,6790,190,25.344794,190,19,171,0.831579,0.766082,0.333333,0.684211,0.448276,0.395275,145,26,6,13,0.902124,0.530638,0.530638
lightgbm_balanced_ratio_preserved_noise_mcc_selected_v1,lightgbm_class_weight_balanced,lightgbm,num_leaves,90/10,5,clean,validation_grid,90/10,valid,63.000000,True,6790,190,37.290889,190,19,171,0.889474,0.774854,0.461538,0.631579,0.533333,0.479842,157,14,7,12,0.918744,0.596933,0.596933
lightgbm_balanced_ratio_preserved_noise_mcc_selected_v1,lightgbm_class_weight_balanced,lightgbm,num_leaves,90/10,5,clean,test,50/50,test,63.000000,True,6790,190,37.389328,42,21,21,0.809524,0.809524,0.882353,0.714286,0.789474,0.630593,19,2,6,15,0.945578,0.950148,0.950148
lightgbm_balanced_ratio_preserved_noise_mcc_selected_v1,lightgbm_class_weight_balanced,lightgbm,num_leaves,90/10,5,clean,test,60/40,test,63.000000,True,6790,190,37.489985,53,21,32,0.830189,0.810268,0.833333,0.714286,0.769231,0.640887,29,3,6,15,0.910714,0.834399,0.834399
lightgbm_balanced_ratio_preserved_noise_mcc_selected_v1,lightgbm_class_weight_balanced,lightgbm,num_leaves,90/10,5,clean,test,70/30,test,63.000000,True,6790,190,37.600474,70,21,49,0.871429,0.826531,0.833333,0.714286,0.769231,0.684737,46,3,6,15,0.921283,0.829964,0.829964
lightgbm_balanced_ratio_preserved_noise_mcc_selected_v1,lightgbm_class_weight_balanced,lightgbm,num_leaves,90/10,5,clean,test,75/25,test,63.000000,True,6790,190,37.711567,84,21,63,0.845238,0.801587,0.681818,0.714286,0.697674,0.594040,56,7,6,15,0.935752,0.841143,0.841143
lightgbm_balanced_ratio_preserved_noise_mcc_selected_v1,lightgbm_class_weight_balanced,lightgbm,num_leaves,90/10,5,clean,test,80/20,test,63.000000,True,6790,190,37.886691,105,21,84,0.857143,0.803571,0.625000,0.714286,0.666667,0.578352,75,9,6,15,0.904762,0.655797,0.655797
lightgbm_balanced_ratio_preserved_noise_mcc_selected_v1,lightgbm_class_weight_balanced,lightgbm,num_leaves,90/10,5,clean,test,90/10,test,63.000000,True,6790,190,38.202981,210,21,189,0.909524,0.822751,0.535714,0.714286,0.612245,0.569671,176,13,6,15,0.925926,0.625955,0.625955
lightgbm_balanced_ratio_preserved_noise_mcc_selected_v1,lightgbm_class_weight_balanced,lightgbm,num_leaves,90/10,5,random_flip_10,validation_grid,90/10,valid,15.000000,False,6790,190,18.000666,190,19,171,0.805263,0.798246,0.312500,0.789474,0.447761,0.411826,138,33,4,15,0.867652,0.437799,0.437799
lightgbm_balanced_ratio_preserved_noise_mcc_selected_v1,lightgbm_class_weight_balanced,lightgbm,num_leaves,90/10,5,random_flip_10,validation_grid,90/10,valid,31.000000,False,6790,190,25.845351,190,19,171,0.836842,0.769006,0.342105,0.684211,0.456140,0.403509,146,25,6,13,0.868883,0.461141,0.461141
lightgbm_balanced_ratio_preserved_noise_mcc_selected_v1,lightgbm_class_weight_balanced,lightgbm,num_leaves,90/10,5,random_flip_10,validation_grid,90/10,valid,63.000000,True,6790,190,38.503777,190,19,171,0.884211,0.725146,0.434783,0.526316,0.476190,0.414140,158,13,9,10,0.882733,0.453609,0.453609
lightgbm_balanced_ratio_preserved_noise_mcc_selected_v1,lightgbm_class_weight_balanced,lightgbm,num_leaves,90/10,5,random_flip_10,test,50/50,test,63.000000,True,6790,190,38.629301,42,21,21,0.690476,0.690476,0.900000,0.428571,0.580645,0.447214,20,1,12,9,0.877551,0.887032,0.887032
lightgbm_balanced_ratio_preserved_noise_mcc_selected_v1,lightgbm_class_weight_balanced,lightgbm,num_leaves,90/10,5,random_flip_10,test,60/40,test,63.000000,True,6790,190,38.752321,53,21,32,0.735849,0.683036,0.818182,0.428571,0.562500,0.441499,30,2,12,9,0.821429,0.748715,0.748715
lightgbm_balanced_ratio_preserved_noise_mcc_selected_v1,lightgbm_class_weight_balanced,lightgbm,num_leaves,90/10,5,random_flip_10,test,70/30,test,63.000000,True,6790,190,38.886639,70,21,49,0.785714,0.683673,0.750000,0.428571,0.545455,0.446663,46,3,12,9,0.840622,0.700907,0.700907
lightgbm_balanced_ratio_preserved_noise_mcc_selected_v1,lightgbm_class_weight_balanced,lightgbm,num_leaves,90/10,5,random_flip_10,test,75/25,test,63.000000,True,6790,190,39.024919,84,21,63,0.797619,0.674603,0.642857,0.428571,0.514286,0.405741,58,5,12,9,0.838246,0.623123,0.623123
lightgbm_balanced_ratio_preserved_noise_mcc_selected_v1,lightgbm_class_weight_balanced,lightgbm,num_leaves,90/10,5,random_flip_10,test,80/20,test,63.000000,True,6790,190,39.229654,105,21,84,0.838095,0.684524,0.642857,0.428571,0.514286,0.434257,79,5,12,9,0.823696,0.532188,0.532188
lightgbm_balanced_ratio_preserved_noise_mcc_selected_v1,lightgbm_class_weight_balanced,lightgbm,num_leaves,90/10,5,random_flip_10,test,90/10,test,63.000000,True,6790,190,39.534508,210,21,189,0.880952,0.679894,0.409091,0.428571,0.418605,0.352450,176,13,12,9,0.847569,0.433055,0.433055
lightgbm_balanced_ratio_preserved_noise_mcc_selected_v1,lightgbm_class_weight_balanced,lightgbm,num_leaves,90/10,5,random_flip_20,validation_grid,90/10,valid,15.000000,False,6790,190,17.414048,190,19,171,0.600000,0.380117,0.032787,0.105263,0.050000,-0.154065,112,59,17,2,0.256079,0.066596,0.066596
lightgbm_balanced_ratio_preserved_noise_mcc_selected_v1,lightgbm_class_weight_balanced,lightgbm,num_leaves,90/10,5,random_flip_20,validation_grid,90/10,valid,31.000000,True,6790,190,25.828893,190,19,171,0.721053,0.423977,0.027778,0.052632,0.036364,-0.116397,136,35,18,1,0.328101,0.073358,0.073358
lightgbm_balanced_ratio_preserved_noise_mcc_selected_v1,lightgbm_class_weight_balanced,lightgbm,num_leaves,90/10,5,random_flip_20,validation_grid,90/10,valid,63.000000,False,6790,190,37.267268,190,19,171,0.789474,0.438596,0.000000,0.000000,0.000000,-0.117502,150,21,19,0,0.337642,0.073774,0.073774
lightgbm_balanced_ratio_preserved_noise_mcc_selected_v1,lightgbm_class_weight_balanced,lightgbm,num_leaves,90/10,5,random_flip_20,test,50/50,test,31.000000,True,6790,190,37.367163,42,21,21,0.476190,0.476190,0.444444,0.190476,0.266667,-0.058026,16,5,17,4,0.315193,0.448505,0.448505
lightgbm_balanced_ratio_preserved_noise_mcc_selected_v1,lightgbm_class_weight_balanced,lightgbm,num_leaves,90/10,5,random_flip_20,test,60/40,test,31.000000,True,6790,190,37.475729,53,21,32,0.547170,0.485863,0.363636,0.190476,0.250000,-0.034099,25,7,17,4,0.376488,0.354035,0.354035
lightgbm_balanced_ratio_preserved_noise_mcc_selected_v1,lightgbm_class_weight_balanced,lightgbm,num_leaves,90/10,5,random_flip_20,test,70/30,test,31.000000,True,6790,190,37.590690,70,21,49,0.657143,0.523810,0.363636,0.190476,0.250000,0.059961,42,7,17,4,0.326531,0.288036,0.288036
lightgbm_balanced_ratio_preserved_noise_mcc_selected_v1,lightgbm_class_weight_balanced,lightgbm,num_leaves,90/10,5,random_flip_20,test,75/25,test,31.000000,True,6790,190,37.732225,84,21,63,0.666667,0.507937,0.266667,0.190476,0.222222,0.017946,52,11,17,4,0.340136,0.211620,0.211620
lightgbm_balanced_ratio_preserved_noise_mcc_selected_v1,lightgbm_class_weight_balanced,lightgbm,num_leaves,90/10,5,random_flip_20,test,80/20,test,31.000000,True,6790,190,37.920387,105,21,84,0.638095,0.470238,0.160000,0.190476,0.173913,-0.055902,63,21,17,4,0.309524,0.165951,0.165951
lightgbm_balanced_ratio_preserved_noise_mcc_selected_v1,lightgbm_class_weight_balanced,lightgbm,num_leaves,90/10,5,random_flip_20,test,90/10,test,31.000000,True,6790,190,38.256600,210,21,189,0.695238,0.470899,0.078431,0.190476,0.111111,-0.040718,142,47,17,4,0.340136,0.081314,0.081314
lightgbm_balanced_ratio_preserved_noise_mcc_selected_v1,lightgbm_class_weight_balanced,lightgbm,num_leaves,90/10,5,random_fp_10,validation_grid,90/10,valid,15.000000,False,13580,190,25.662843,190,19,171,0.789474,0.836257,0.309091,0.894737,0.459459,0.444865,133,38,2,17,0.888889,0.493889,0.493889
lightgbm_balanced_ratio_preserved_noise_mcc_selected_v1,lightgbm_class_weight_balanced,lightgbm,num_leaves,90/10,5,random_fp_10,validation_grid,90/10,valid,31.000000,False,13580,190,37.255790,190,19,171,0.794737,0.745614,0.282609,0.684211,0.400000,0.344031,138,33,6,13,0.875962,0.468772,0.468772
lightgbm_balanced_ratio_preserved_noise_mcc_selected_v1,lightgbm_class_weight_balanced,lightgbm,num_leaves,90/10,5,random_fp_10,validation_grid,90/10,valid,63.000000,True,13580,190,54.133768,190,19,171,0.878947,0.792398,0.433333,0.684211,0.530612,0.481125,154,17,6,13,0.864882,0.536879,0.536879
lightgbm_balanced_ratio_preserved_noise_mcc_selected_v1,lightgbm_class_weight_balanced,lightgbm,num_leaves,90/10,5,random_fp_10,test,50/50,test,63.000000,True,13580,190,54.250768,42,21,21,0.785714,0.785714,0.928571,0.619048,0.742857,0.606092,20,1,8,13,0.891156,0.902028,0.902028
lightgbm_balanced_ratio_preserved_noise_mcc_selected_v1,lightgbm_class_weight_balanced,lightgbm,num_leaves,90/10,5,random_fp_10,test,60/40,test,63.000000,True,13580,190,54.370616,53,21,32,0.773585,0.747024,0.764706,0.619048,0.684211,0.517699,28,4,8,13,0.877976,0.852930,0.852930
lightgbm_balanced_ratio_preserved_noise_mcc_selected_v1,lightgbm_class_weight_balanced,lightgbm,num_leaves,90/10,5,random_fp_10,test,70/30,test,63.000000,True,13580,190,54.521663,70,21,49,0.828571,0.768707,0.764706,0.619048,0.684211,0.574321,45,4,8,13,0.834791,0.739032,0.739032
lightgbm_balanced_ratio_preserved_noise_mcc_selected_v1,lightgbm_class_weight_balanced,lightgbm,num_leaves,90/10,5,random_fp_10,test,75/25,test,63.000000,True,13580,190,54.668475,84,21,63,0.821429,0.753968,0.650000,0.619048,0.634146,0.516398,56,7,8,13,0.862434,0.711415,0.711415
lightgbm_balanced_ratio_preserved_noise_mcc_selected_v1,lightgbm_class_weight_balanced,lightgbm,num_leaves,90/10,5,random_fp_10,test,80/20,test,63.000000,True,13580,190,54.908969,105,21,84,0.809524,0.738095,0.520000,0.619048,0.565217,0.447214,72,12,8,13,0.852608,0.607586,0.607586
lightgbm_balanced_ratio_preserved_noise_mcc_selected_v1,lightgbm_class_weight_balanced,lightgbm,num_leaves,90/10,5,random_fp_10,test,90/10,test,63.000000,True,13580,190,55.257199,210,21,189,0.838095,0.740741,0.333333,0.619048,0.433333,0.371441,163,26,8,13,0.857647,0.560781,0.560781
lightgbm_balanced_ratio_preserved_noise_mcc_selected_v1,lightgbm_class_weight_balanced,lightgbm,num_leaves,90/10,5,random_fp_20,validation_grid,90/10,valid,15.000000,True,20370,190,35.031944,190,19,171,0.805263,0.868421,0.333333,0.947368,0.493151,0.490098,135,36,1,18,0.911050,0.457855,0.457855
lightgbm_balanced_ratio_preserved_noise_mcc_selected_v1,lightgbm_class_weight_balanced,lightgbm,num_leaves,90/10,5,random_fp_20,validation_grid,90/10,valid,31.000000,False,20370,190,48.811445,190,19,171,0.826316,0.809942,0.340909,0.789474,0.476190,0.440841,142,29,4,15,0.875962,0.517884,0.517884
lightgbm_balanced_ratio_preserved_noise_mcc_selected_v1,lightgbm_class_weight_balanced,lightgbm,num_leaves,90/10,5,random_fp_20,validation_grid,90/10,valid,63.000000,False,20370,190,67.338601,190,19,171,0.847368,0.798246,0.368421,0.736842,0.491228,0.447368,147,24,5,14,0.851954,0.522303,0.522303
lightgbm_balanced_ratio_preserved_noise_mcc_selected_v1,lightgbm_class_weight_balanced,lightgbm,num_leaves,90/10,5,random_fp_20,test,50/50,test,15.000000,True,20370,190,67.455667,42,21,21,0.857143,0.857143,0.857143,0.857143,0.857143,0.714286,18,3,3,18,0.909297,0.892004,0.892004
lightgbm_balanced_ratio_preserved_noise_mcc_selected_v1,lightgbm_class_weight_balanced,lightgbm,num_leaves,90/10,5,random_fp_20,test,60/40,test,15.000000,True,20370,190,67.569082,53,21,32,0.867925,0.866071,0.818182,0.857143,0.837209,0.726755,28,4,3,18,0.928571,0.887852,0.887852
lightgbm_balanced_ratio_preserved_noise_mcc_selected_v1,lightgbm_class_weight_balanced,lightgbm,num_leaves,90/10,5,random_fp_20,test,70/30,test,15.000000,True,20370,190,67.696008,70,21,49,0.785714,0.806122,0.600000,0.857143,0.705882,0.566947,37,12,3,18,0.892128,0.780803,0.780803
lightgbm_balanced_ratio_preserved_noise_mcc_selected_v1,lightgbm_class_weight_balanced,lightgbm,num_leaves,90/10,5,random_fp_20,test,75/25,test,15.000000,True,20370,190,67.802832,84,21,63,0.845238,0.849206,0.642857,0.857143,0.734694,0.641533,53,10,3,18,0.937264,0.854566,0.854566
lightgbm_balanced_ratio_preserved_noise_mcc_selected_v1,lightgbm_class_weight_balanced,lightgbm,num_leaves,90/10,5,random_fp_20,test,80/20,test,15.000000,True,20370,190,67.999528,105,21,84,0.790476,0.815476,0.486486,0.857143,0.620690,0.528312,65,19,3,18,0.877551,0.598823,0.598823
lightgbm_balanced_ratio_preserved_noise_mcc_selected_v1,lightgbm_class_weight_balanced,lightgbm,num_leaves,90/10,5,random_fp_20,test,90/10,test,15.000000,True,20370,190,68.331609,210,21,189,0.785714,0.817460,0.300000,0.857143,0.444444,0.421637,147,42,3,18,0.901487,0.538435,0.538435
lightgbm_balanced_ratio_preserved_noise_mcc_selected_v1,lightgbm_class_weight_balanced,lightgbm,num_leaves,90/10,5,heuristic_fp_10,validation_grid,90/10,valid,15.000000,False,13580,190,25.624269,190,19,171,0.800000,0.842105,0.320755,0.894737,0.472222,0.457685,135,36,2,17,0.888581,0.431604,0.431604
lightgbm_balanced_ratio_preserved_noise_mcc_selected_v1,lightgbm_class_weight_balanced,lightgbm,num_leaves,90/10,5,heuristic_fp_10,validation_grid,90/10,valid,31.000000,False,13580,190,36.005347,190,19,171,0.826316,0.856725,0.354167,0.894737,0.507463,0.492577,140,31,2,17,0.902124,0.454060,0.454060
lightgbm_balanced_ratio_preserved_noise_mcc_selected_v1,lightgbm_class_weight_balanced,lightgbm,num_leaves,90/10,5,heuristic_fp_10,validation_grid,90/10,valid,63.000000,True,13580,190,51.698505,190,19,171,0.852632,0.847953,0.390244,0.842105,0.533333,0.507505,146,25,3,16,0.898738,0.448170,0.448170
lightgbm_balanced_ratio_preserved_noise_mcc_selected_v1,lightgbm_class_weight_balanced,lightgbm,num_leaves,90/10,5,heuristic_fp_10,test,50/50,test,63.000000,True,13580,190,51.806661,42,21,21,0.880952,0.880952,0.944444,0.809524,0.871795,0.769800,20,1,4,17,0.972789,0.970636,0.970636
lightgbm_balanced_ratio_preserved_noise_mcc_selected_v1,lightgbm_class_weight_balanced,lightgbm,num_leaves,90/10,5,heuristic_fp_10,test,60/40,test,63.000000,True,13580,190,51.918802,53,21,32,0.867925,0.857887,0.850000,0.809524,0.829268,0.722252,29,3,4,17,0.944940,0.907501,0.907501
lightgbm_balanced_ratio_preserved_noise_mcc_selected_v1,lightgbm_class_weight_balanced,lightgbm,num_leaves,90/10,5,heuristic_fp_10,test,70/30,test,63.000000,True,13580,190,52.031312,70,21,49,0.814286,0.812925,0.653846,0.809524,0.723404,0.593561,40,9,4,17,0.916424,0.823352,0.823352
lightgbm_balanced_ratio_preserved_noise_mcc_selected_v1,lightgbm_class_weight_balanced,lightgbm,num_leaves,90/10,5,heuristic_fp_10,test,75/25,test,63.000000,True,13580,190,52.160323,84,21,63,0.869048,0.849206,0.708333,0.809524,0.755556,0.669439,56,7,4,17,0.912320,0.642714,0.642714
lightgbm_balanced_ratio_preserved_noise_mcc_selected_v1,lightgbm_class_weight_balanced,lightgbm,num_leaves,90/10,5,heuristic_fp_10,test,80/20,test,63.000000,True,13580,190,52.353441,105,21,84,0.828571,0.821429,0.548387,0.809524,0.653846,0.563725,70,14,4,17,0.904762,0.645584,0.645584
lightgbm_balanced_ratio_preserved_noise_mcc_selected_v1,lightgbm_class_weight_balanced,lightgbm,num_leaves,90/10,5,heuristic_fp_10,test,90/10,test,63.000000,True,13580,190,52.645304,210,21,189,0.857143,0.835979,0.395349,0.809524,0.531250,0.499563,163,26,4,17,0.919879,0.558497,0.558497
lightgbm_balanced_ratio_preserved_noise_mcc_selected_v1,lightgbm_class_weight_balanced,lightgbm,num_leaves,90/10,5,heuristic_fp_20,validation_grid,90/10,valid,15.000000,False,20370,190,34.229922,190,19,171,0.747368,0.812865,0.269841,0.894737,0.414634,0.398741,125,46,2,17,0.860726,0.419550,0.419550
lightgbm_balanced_ratio_preserved_noise_mcc_selected_v1,lightgbm_class_weight_balanced,lightgbm,num_leaves,90/10,5,heuristic_fp_20,validation_grid,90/10,valid,31.000000,False,20370,190,48.315863,190,19,171,0.784211,0.833333,0.303571,0.894737,0.453333,0.438669,132,39,2,17,0.867498,0.366577,0.366577
lightgbm_balanced_ratio_preserved_noise_mcc_selected_v1,lightgbm_class_weight_balanced,lightgbm,num_leaves,90/10,5,heuristic_fp_20,validation_grid,90/10,valid,63.000000,True,20370,190,67.407586,190,19,171,0.805263,0.845029,0.326923,0.894737,0.478873,0.464322,136,35,2,17,0.866728,0.361266,0.361266
lightgbm_balanced_ratio_preserved_noise_mcc_selected_v1,lightgbm_class_weight_balanced,lightgbm,num_leaves,90/10,5,heuristic_fp_20,test,50/50,test,63.000000,True,20370,190,67.505408,42,21,21,0.928571,0.928571,0.909091,0.952381,0.930233,0.858116,19,2,1,20,0.938776,0.913071,0.913071
lightgbm_balanced_ratio_preserved_noise_mcc_selected_v1,lightgbm_class_weight_balanced,lightgbm,num_leaves,90/10,5,heuristic_fp_20,test,60/40,test,63.000000,True,20370,190,67.603443,53,21,32,0.849057,0.866815,0.740741,0.952381,0.833333,0.717784,25,7,1,20,0.904762,0.810979,0.810979
lightgbm_balanced_ratio_preserved_noise_mcc_selected_v1,lightgbm_class_weight_balanced,lightgbm,num_leaves,90/10,5,heuristic_fp_20,test,70/30,test,63.000000,True,20370,190,67.715165,70,21,49,0.800000,0.843537,0.606061,0.952381,0.740741,0.630745,36,13,1,20,0.898931,0.748224,0.748224
lightgbm_balanced_ratio_preserved_noise_mcc_selected_v1,lightgbm_class_weight_balanced,lightgbm,num_leaves,90/10,5,heuristic_fp_20,test,75/25,test,63.000000,True,20370,190,67.850965,84,21,63,0.833333,0.873016,0.606061,0.952381,0.740741,0.661447,50,13,1,20,0.897959,0.685752,0.685752
lightgbm_balanced_ratio_preserved_noise_mcc_selected_v1,lightgbm_class_weight_balanced,lightgbm,num_leaves,90/10,5,heuristic_fp_20,test,80/20,test,63.000000,True,20370,190,68.020302,105,21,84,0.828571,0.875000,0.540541,0.952381,0.689655,0.627994,67,17,1,20,0.880385,0.566538,0.566538
lightgbm_balanced_ratio_preserved_noise_mcc_selected_v1,lightgbm_class_weight_balanced,lightgbm,num_leaves,90/10,5,heuristic_fp_20,test,90/10,test,63.000000,True,20370,190,68.313231,210,21,189,0.833333,0.886243,0.370370,0.952381,0.533333,0.530240,155,34,1,20,0.916604,0.519223,0.519223
