scope,relative_path,normalization,content_bytes,sha256
raw,data/raw/primevul_main/primevul_train.jsonl,exact,470918175,5cadee7f3383124cc26ef6e67c8dd76c321e5461c94bef399a2f03a28767e6f5
raw,data/raw/primevul_main/primevul_valid.jsonl,exact,63564497,7f0b4d05b063c20d5cf57478128538b8c0c36354e8def7f2d4febe6773b9dc7c
raw,data/raw/primevul_main/primevul_test.jsonl,exact,66064689,c9dcab5ee897da36eccf0dbb3b510de2dab66a7dec681af29a7a28c8a53331c4
clean,data/processed/cwe_119_imbalance/ratio_50_50/seed_1/metadata.json,json_without_generated_at_utc,1144,a44ee5d4e51a9a219f76d157d1ccaa0dd2219d0f754167f27e2379b5b5be1685
clean,data/processed/cwe_119_imbalance/ratio_50_50/seed_1/test.jsonl,exact,201907,9d9e1d7e46b50e940ee10edcc6e4fed1afb75c9b56cf8811ff02305d3dd935e3
clean,data/processed/cwe_119_imbalance/ratio_50_50/seed_2/metadata.json,json_without_generated_at_utc,1144,ff72cd94ed075f9a20c0ccce34985a0a443f17b4dc15957894591ae36f05524d
clean,data/processed/cwe_119_imbalance/ratio_50_50/seed_2/test.jsonl,exact,219715,f557d1b936268464dd857492292abf926ec5ee5cf140dffed19f81805c9e64c1
clean,data/processed/cwe_119_imbalance/ratio_50_50/seed_3/metadata.json,json_without_generated_at_utc,1144,4d6a2ad21a74777b8c8321d499d8b9c945f4deb4d8c86d78fbb49d7b40ba2032
clean,data/processed/cwe_119_imbalance/ratio_50_50/seed_3/test.jsonl,exact,180645,db121fb7300337f186df88848bc6e53812eb141d586922b18ca7d0569a4fae1a
clean,data/processed/cwe_119_imbalance/ratio_50_50/seed_4/metadata.json,json_without_generated_at_utc,1144,df151b170e72063a9cee77ef1a8ee66554ce7d829c8ae1140c01b1f3579fa2fc
clean,data/processed/cwe_119_imbalance/ratio_50_50/seed_4/test.jsonl,exact,200515,978691ec4bdf50f2fd18dcc2f78583e00330a756d6a1af37b543f421c6531a36
clean,data/processed/cwe_119_imbalance/ratio_50_50/seed_5/metadata.json,json_without_generated_at_utc,1144,cff3f84dcd356cc6539e660f6d6d7a9f7143803826487ded80c50c71450dadf0
clean,data/processed/cwe_119_imbalance/ratio_50_50/seed_5/test.jsonl,exact,190214,7a2015ef448cb93896d45cb620f377712c8bc60a46b2172d77c3c303ff77eb2a
clean,data/processed/cwe_119_imbalance/ratio_60_40/seed_1/metadata.json,json_without_generated_at_utc,1554,831d6a815b5af9b254bbb3664c879b0e00777df9131264ec769e267b0e7d3691
clean,data/processed/cwe_119_imbalance/ratio_60_40/seed_1/test.jsonl,exact,212985,77b09cb43af2da968c2c4a35da493df0d68ce3024b8269b57e7e4826bfc2d5b6
clean,data/processed/cwe_119_imbalance/ratio_60_40/seed_1/train.jsonl,exact,7244753,f54156e01d94b56bd41a8b8f88bc288c55c4c72839427f73be7285a9a604cb7d
clean,data/processed/cwe_119_imbalance/ratio_60_40/seed_1/valid.jsonl,exact,164465,8482d52bab7e141e308d96b138727b08d896ea7976291262e6cbc192f1f0012d
clean,data/processed/cwe_119_imbalance/ratio_60_40/seed_2/metadata.json,json_without_generated_at_utc,1554,4c08b81cdab48b44bb5a16a5a548d9c693064d952bdac8c39d94b3a1e6386b8a
clean,data/processed/cwe_119_imbalance/ratio_60_40/seed_2/test.jsonl,exact,215428,c3bfaa32fc30f61e0e3e337e0a9a13c19bfb31da104583030a62a4423e0eb091
clean,data/processed/cwe_119_imbalance/ratio_60_40/seed_2/train.jsonl,exact,7286812,4ee8c1076bc6a0e3e8567a36fc84ccb74091b5595c9b9fc073259e8b09a5c88f
clean,data/processed/cwe_119_imbalance/ratio_60_40/seed_2/valid.jsonl,exact,150753,cf4514aa20ae99f414302ab0cd067ea3c28d7e470f612b7cb0c5d935dae211e6
clean,data/processed/cwe_119_imbalance/ratio_60_40/seed_3/metadata.json,json_without_generated_at_utc,1554,d086cd147f2c9d6f6aa69ea4c7b863765e589c8f4f748d7363ff575dc16441e5
clean,data/processed/cwe_119_imbalance/ratio_60_40/seed_3/test.jsonl,exact,241905,c877329b99c613a1168ae1647374f19c94fa136e252e60694853713be26453ce
clean,data/processed/cwe_119_imbalance/ratio_60_40/seed_3/train.jsonl,exact,7183692,7464554e2281a61739d1d345ce0c6d655516bb930c184b944a61310692ae7aa7
clean,data/processed/cwe_119_imbalance/ratio_60_40/seed_3/valid.jsonl,exact,159693,849ac09ae8907f7c954d63c4d2091cda4eb704352efce37daf49878a6c0fa4a6
clean,data/processed/cwe_119_imbalance/ratio_60_40/seed_4/metadata.json,json_without_generated_at_utc,1554,043fb1a6a4fcce82760304634805486bd68263459f9a2710b89b646a6841b516
clean,data/processed/cwe_119_imbalance/ratio_60_40/seed_4/test.jsonl,exact,306329,92f9153a4e3a9acb60f4c71fa2c4e992e9f7fb683fdbc11645765ff505f542ac
clean,data/processed/cwe_119_imbalance/ratio_60_40/seed_4/train.jsonl,exact,7449894,43ae96c45a16b313badeaf96bf7066a84f3b7ad14fbe9e3b96c7d9710b161df8
clean,data/processed/cwe_119_imbalance/ratio_60_40/seed_4/valid.jsonl,exact,185983,94883b92b3bb1f08e61824bddc567544bdcbe1933a29a879719e1ffca1d65775
clean,data/processed/cwe_119_imbalance/ratio_60_40/seed_5/metadata.json,json_without_generated_at_utc,1554,9c431dc557c6d3e5dc11953255a9a3193e06d61ad2115a619f29526d0000ce43
clean,data/processed/cwe_119_imbalance/ratio_60_40/seed_5/test.jsonl,exact,215807,e57a62e3b20e0ca7e68a726a355fe6410709cc37a73bf1daa5aae66e9c2ef189
clean,data/processed/cwe_119_imbalance/ratio_60_40/seed_5/train.jsonl,exact,7389769,c311a57714cd9a1aebb66b5990585bd072f1b9fd24f5ecec801bc30c07361195
clean,data/processed/cwe_119_imbalance/ratio_60_40/seed_5/valid.jsonl,exact,171223,1ceea1dc4c17219dc51f41dc2acb0425df1635dde315c40fb57b041948e927db
clean,data/processed/cwe_119_imbalance/ratio_70_30/seed_1/metadata.json,json_without_generated_at_utc,1554,996e628b9e39ff42d8786099149f0820de9aa4aa5c312b909fd1a6eb37c5e1c4
clean,data/processed/cwe_119_imbalance/ratio_70_30/seed_1/test.jsonl,exact,238937,b1acb7268d29c54e2e011b00ff588ceea32519ce9b6167d8c15e69277ffd5f10
clean,data/processed/cwe_119_imbalance/ratio_70_30/seed_1/train.jsonl,exact,9165836,924751f5d603f2d7f4fd4a3126e94b1795d7f78a67fdc781a5ab952d8645eb10
clean,data/processed/cwe_119_imbalance/ratio_70_30/seed_1/valid.jsonl,exact,209251,7dcb772819c27186c23c8f4280f88006cf72fbdd7b9e1ed64a1e7e72fdcae31f
clean,data/processed/cwe_119_imbalance/ratio_70_30/seed_2/metadata.json,json_without_generated_at_utc,1554,272d1de7817fedd6dc7f79617a39eccc9e0fa24ecb5e9ed3a067d0f9c19626d0
clean,data/processed/cwe_119_imbalance/ratio_70_30/seed_2/test.jsonl,exact,303950,54c16e1e3e38c7cf7d11e6720dcb5ca4af1c0211214fc10ff6312a04a5fa5298
clean,data/processed/cwe_119_imbalance/ratio_70_30/seed_2/train.jsonl,exact,8849463,706ffea6c1101aa2a09d38456ce6d4868c5f6fe54ebd47cd251f7141e1159fb2
clean,data/processed/cwe_119_imbalance/ratio_70_30/seed_2/valid.jsonl,exact,189902,22addfbd7e71373c3df7247fae9df7188183846d3576bedcb4b37eebf8a66af6
clean,data/processed/cwe_119_imbalance/ratio_70_30/seed_3/metadata.json,json_without_generated_at_utc,1554,dde99c04967065a884f1ad8f728deaca958a8622c0a42c16709d83dd6e6f87a1
clean,data/processed/cwe_119_imbalance/ratio_70_30/seed_3/test.jsonl,exact,280886,aed4fe8986c86b2ce88499b440f68c16a127d30a620332169abc8f6aba63d7cc
clean,data/processed/cwe_119_imbalance/ratio_70_30/seed_3/train.jsonl,exact,8809609,617dea8b4f4e4650e3f5813a4edb511c7b180c8168f6c4295587c12516fdd140
clean,data/processed/cwe_119_imbalance/ratio_70_30/seed_3/valid.jsonl,exact,195459,f4fb3d2050e463b52beda597ea19f4e8090c5e2d7f68bc6b65072fb47941b2f0
clean,data/processed/cwe_119_imbalance/ratio_70_30/seed_4/metadata.json,json_without_generated_at_utc,1554,fd95a6cd04d0f7054876553043189a92a570078f889ea2970b867f4757d122d1
clean,data/processed/cwe_119_imbalance/ratio_70_30/seed_4/test.jsonl,exact,273944,1f225838a4bb916e03a4106c4385b462216f30c3fd83f26f800306c04262c7d1
clean,data/processed/cwe_119_imbalance/ratio_70_30/seed_4/train.jsonl,exact,8880835,102abe6629bb8537061809f3f7a5de882658802cc2d4f658ac716876e7745371
clean,data/processed/cwe_119_imbalance/ratio_70_30/seed_4/valid.jsonl,exact,203788,be3ff7413c3ea1f8a01799693df491340e10c994274f3e532ec0ce021bcd19c2
clean,data/processed/cwe_119_imbalance/ratio_70_30/seed_5/metadata.json,json_without_generated_at_utc,1554,70e611df9af5898ea78d9b97d5e2dbd937ba94d13ae1494197d5caccbb6a2a72
clean,data/processed/cwe_119_imbalance/ratio_70_30/seed_5/test.jsonl,exact,249224,4a55d727ae886a7e66e09861cc698c1f57e9cd4d9df737bebe4db5e312be6828
clean,data/processed/cwe_119_imbalance/ratio_70_30/seed_5/train.jsonl,exact,8866407,70eee587a1c3c446d2d05956249d3223c470ed897de6b474e6810686550197b5
clean,data/processed/cwe_119_imbalance/ratio_70_30/seed_5/valid.jsonl,exact,227553,e832d9a5a7b61c3d15d6a1e976f5d91e3acfd34ee20816d1077a1aca06365b5a
clean,data/processed/cwe_119_imbalance/ratio_75_25/seed_1/metadata.json,json_without_generated_at_utc,1554,7ac0028df656f836f57d3fffefe4824845d328c377b7f5ee50eacf14a65d5917
clean,data/processed/cwe_119_imbalance/ratio_75_25/seed_1/test.jsonl,exact,304415,51dfca3628cbb3549dcab6a4a7ab632c83519ee8984ad3655bc410b0d4f82f9a
clean,data/processed/cwe_119_imbalance/ratio_75_25/seed_1/train.jsonl,exact,10099455,d55b191afcf2bb820d08ea8093aedbe81eeff9791329c0fd5918e1d306d96fe8
clean,data/processed/cwe_119_imbalance/ratio_75_25/seed_1/valid.jsonl,exact,214930,12db5753c3d82494480f6b37eb8406e2aee87e29eadc921e2165a7c95481e18c
clean,data/processed/cwe_119_imbalance/ratio_75_25/seed_2/metadata.json,json_without_generated_at_utc,1554,132e7f2d649be93b496d9839fec90a882bffcb2beea0d0b079a5033a5cdc6f9b
clean,data/processed/cwe_119_imbalance/ratio_75_25/seed_2/test.jsonl,exact,308870,2cdcd52328323b2210d97c307abbb02b422ed127be31278575acdebad7234e5b
clean,data/processed/cwe_119_imbalance/ratio_75_25/seed_2/train.jsonl,exact,10138374,2966a21bf4fd04860c831b0e9e91690715efbbe23baf080eb4d4c9eb95b05725
clean,data/processed/cwe_119_imbalance/ratio_75_25/seed_2/valid.jsonl,exact,229797,865fae3a02ea8beca162f3d2db8e71887cc80d1d61ffdf506cf1dd23fc3ad2c3
clean,data/processed/cwe_119_imbalance/ratio_75_25/seed_3/metadata.json,json_without_generated_at_utc,1554,81c73cbe86d4711d8c5be5d3a78ceeff0876cafac5cf87b6668d813be58fdb50
clean,data/processed/cwe_119_imbalance/ratio_75_25/seed_3/test.jsonl,exact,325590,0ce1adc3ebbd80e9ac92845fe7abcc5c744048d3be68ef7445503d2031e7e44f
clean,data/processed/cwe_119_imbalance/ratio_75_25/seed_3/train.jsonl,exact,10045709,c0b18ce46615da265650dba9a20f1d9f58c78fd25e9403b8d31a7cb311dd71ef
clean,data/processed/cwe_119_imbalance/ratio_75_25/seed_3/valid.jsonl,exact,238051,8db692bc421dec3cf7b17c283fa2b151c6ff66417e3563c6f2a79d8374ede9f1
clean,data/processed/cwe_119_imbalance/ratio_75_25/seed_4/metadata.json,json_without_generated_at_utc,1554,d1011da5ca73192df01b4b838beffc290fe7e2d49c20023c5f613a5bd9d80252
clean,data/processed/cwe_119_imbalance/ratio_75_25/seed_4/test.jsonl,exact,325700,0f74fdd5f128aee8f33190863f597fac7c4534c0d175f883851acce9059c5b2c
clean,data/processed/cwe_119_imbalance/ratio_75_25/seed_4/train.jsonl,exact,10263374,ff2f2fec74fa20fba1b61203501633f544a7097c1ad92d1b64714acf324f019e
clean,data/processed/cwe_119_imbalance/ratio_75_25/seed_4/valid.jsonl,exact,247496,844ca76e33c621b0e1929766e9f2cd12bbbc4ea2af0cbea73c1108052605a8dc
clean,data/processed/cwe_119_imbalance/ratio_75_25/seed_5/metadata.json,json_without_generated_at_utc,1554,a8f66f52f0b0eb6e153a1ffce7c39b8fee53f26dae3f6bc984fac69968a2b5be
clean,data/processed/cwe_119_imbalance/ratio_75_25/seed_5/test.jsonl,exact,270588,61c113aac2f015326638dd870a0326d2756c89295ce8ea6cabb71fb17f971b4d
clean,data/processed/cwe_119_imbalance/ratio_75_25/seed_5/train.jsonl,exact,9765159,750bf68927cf13db54e5cf1cb94cdfa70b55cf171708a0153a20414035df3437
clean,data/processed/cwe_119_imbalance/ratio_75_25/seed_5/valid.jsonl,exact,231334,51c8c8a46078f334456e854e86a30dff43c3a8c4cf339b6e1400781d00e067f0
clean,data/processed/cwe_119_imbalance/ratio_80_20/seed_1/metadata.json,json_without_generated_at_utc,1555,88d18b24c5c716fc0fb025eb0ac533bb04f008cd7c97327526cfee9848474067
clean,data/processed/cwe_119_imbalance/ratio_80_20/seed_1/test.jsonl,exact,366977,374f3f5fa9fef64c134dba5cb1f45d8c0e3f3bd32fc6daf51a4f22c7c5eac2b7
clean,data/processed/cwe_119_imbalance/ratio_80_20/seed_1/train.jsonl,exact,12040121,fbdc0e683fb40713b35020054275aefd8dba041e4169b5b60018e9a56b7b7714
clean,data/processed/cwe_119_imbalance/ratio_80_20/seed_1/valid.jsonl,exact,439579,a80899bb103c0d5e7848e0705a8a3e93faf08f9c0a5c552a8e581cb204b1e750
clean,data/processed/cwe_119_imbalance/ratio_80_20/seed_2/metadata.json,json_without_generated_at_utc,1555,691683c7ece91bf3cf7430a8a2d640ddbc81e08bff978f8ead1bdba0d68ef7c1
clean,data/processed/cwe_119_imbalance/ratio_80_20/seed_2/test.jsonl,exact,352325,f71032ef198a1c15ac460a80fdb69e640ba9324e2075bc38da02758f4817e9a6
clean,data/processed/cwe_119_imbalance/ratio_80_20/seed_2/train.jsonl,exact,12639015,3f4f971dcee79d1158e794af1ca1a5f48d69ee321536102ff75030fc4863b482
clean,data/processed/cwe_119_imbalance/ratio_80_20/seed_2/valid.jsonl,exact,253875,3d03b5a1d1f809da54ae3b98d34909bb3dc533d695f19e1919954345b27ebfda
clean,data/processed/cwe_119_imbalance/ratio_80_20/seed_3/metadata.json,json_without_generated_at_utc,1555,2176d35218645bcdfb0bafebd1adfe5f3205f4f779ff779a453ddc766a3e5880
clean,data/processed/cwe_119_imbalance/ratio_80_20/seed_3/test.jsonl,exact,331884,60a55bf4e34a1cac7b1ba9c9f7804e18efd03f96903624ce6bf089eefc424df8
clean,data/processed/cwe_119_imbalance/ratio_80_20/seed_3/train.jsonl,exact,11635178,a3d187195b51f65e0c66f7352decbde769c4fdc237db2584888ec0b254cffec7
clean,data/processed/cwe_119_imbalance/ratio_80_20/seed_3/valid.jsonl,exact,310661,d83f06391ff40e3153eaef76d74c4a3c1c74e087699e471c7c020b8478037a94
clean,data/processed/cwe_119_imbalance/ratio_80_20/seed_4/metadata.json,json_without_generated_at_utc,1555,3c9d867d3d1c25a45e5de960d0863c72a75bda39b20a3270fb3b6650613763a5
clean,data/processed/cwe_119_imbalance/ratio_80_20/seed_4/test.jsonl,exact,348361,dc51f1e96613bfffa25a6ade986ac037030d85616bf13e5432ea3508579bfecf
clean,data/processed/cwe_119_imbalance/ratio_80_20/seed_4/train.jsonl,exact,12515278,ca6d5b4bdcbe0963fbb5b6e7c21ee85f91d75a1dff9d93e24b3424b7f04c1b09
clean,data/processed/cwe_119_imbalance/ratio_80_20/seed_4/valid.jsonl,exact,303401,bba686e358f7371de38ec72b7ce5e5d66b322f31fd8f6609357e3b1cbf2cfee8
clean,data/processed/cwe_119_imbalance/ratio_80_20/seed_5/metadata.json,json_without_generated_at_utc,1555,5b9e0fb9854f63adb8054570357707c116ff92888dd118d4858bddfc33824465
clean,data/processed/cwe_119_imbalance/ratio_80_20/seed_5/test.jsonl,exact,413687,4b192d7a3ee2104e10ffb6d095c52ad4fe7b35990e73e4f6e89194fd12f57e06
clean,data/processed/cwe_119_imbalance/ratio_80_20/seed_5/train.jsonl,exact,12169139,aaf7ffb15874851033f47da64158e8f8cfed16a8e8d33f25335b99906eb16e6a
clean,data/processed/cwe_119_imbalance/ratio_80_20/seed_5/valid.jsonl,exact,302262,4db62e4302c15844a08d51aa6d87ee1bfe3f8f91d52f25ecdcf0eb91999dc891
clean,data/processed/cwe_119_imbalance/ratio_90_10/seed_1/metadata.json,json_without_generated_at_utc,1558,d6b44e4a0542becf45d96f2cc29576ed01f285592e061134c7a6bb453a5b43a4
clean,data/processed/cwe_119_imbalance/ratio_90_10/seed_1/test.jsonl,exact,671825,d2d8d441ad4ebea4b41a716e2d6341b3a58cddfcc29cbec5d8ebb9e1b61c12ec
clean,data/processed/cwe_119_imbalance/ratio_90_10/seed_1/train.jsonl,exact,20986822,b493a3c3cb85be0d45e4b9f0b4ee7c95d415b0ebc376b348bb95ca8d0944a90a
clean,data/processed/cwe_119_imbalance/ratio_90_10/seed_1/valid.jsonl,exact,530367,069fb7601e91de72d0279e7cd415566f318a7a22e2b3c66be512853f828d2d5f
clean,data/processed/cwe_119_imbalance/ratio_90_10/seed_2/metadata.json,json_without_generated_at_utc,1558,b00057b61d8c699c1ff943c8feebfcd247fe1fccaa543cb61784104ea1a16a17
clean,data/processed/cwe_119_imbalance/ratio_90_10/seed_2/test.jsonl,exact,601796,ad3e1ec4c761befd02140cc78e37c932ba59719fd94f0bc8966ab957c4344d46
clean,data/processed/cwe_119_imbalance/ratio_90_10/seed_2/train.jsonl,exact,21419767,0614b0b68d34e2088f3d966e0d428aff4f63cfb600c4a7fb739fbf32b5f04fce
clean,data/processed/cwe_119_imbalance/ratio_90_10/seed_2/valid.jsonl,exact,523059,702dc5860babfbb33944dc81e2aa82e3f72e0b1aee0276d7a48c0a862940a112
clean,data/processed/cwe_119_imbalance/ratio_90_10/seed_3/metadata.json,json_without_generated_at_utc,1558,819685c18dfa35d2376c78472f11d4123204613006c1a01a1271523124e9c8af
clean,data/processed/cwe_119_imbalance/ratio_90_10/seed_3/test.jsonl,exact,592503,e91bf339507831e92989b2545d5d1315257df39acbc64ebf0e7a06a5efbfc154
clean,data/processed/cwe_119_imbalance/ratio_90_10/seed_3/train.jsonl,exact,21081130,b0a61d57ec57d68b92884e41e9d1c7908e65d0ed320ce32c96653647eecf983c
clean,data/processed/cwe_119_imbalance/ratio_90_10/seed_3/valid.jsonl,exact,550542,96154aca4d8d489ad9c8657cd05cb2722c92a6534c8f0fb6303cee87b4d51bcc
clean,data/processed/cwe_119_imbalance/ratio_90_10/seed_4/metadata.json,json_without_generated_at_utc,1558,30f2ad5c548922234480a7fe9406e998f9564f817827e1b85f283c8e7f0a6c22
clean,data/processed/cwe_119_imbalance/ratio_90_10/seed_4/test.jsonl,exact,660562,a42492bf2cd9f4bc3b61a18b3ee06475e521a14b75215c4e053f17ea29c43322
clean,data/processed/cwe_119_imbalance/ratio_90_10/seed_4/train.jsonl,exact,21525654,e66606d9ba29bf772337ae6cfb225e7c010a00b5f24adb85b0b9935652e504d9
clean,data/processed/cwe_119_imbalance/ratio_90_10/seed_4/valid.jsonl,exact,551065,ac7832ec4238ed241e65e2423f84acf96607da40dc5eb21a25f3fc79f355a731
clean,data/processed/cwe_119_imbalance/ratio_90_10/seed_5/metadata.json,json_without_generated_at_utc,1558,a85c23d4a9c56639f879b85f748b9d929a0a4025910408680032a4b1f993eaf8
clean,data/processed/cwe_119_imbalance/ratio_90_10/seed_5/test.jsonl,exact,720485,be3d20d65b23bf0b5fe3581fb952aec9aa6966c0b64d18548cd17c7943628f1e
clean,data/processed/cwe_119_imbalance/ratio_90_10/seed_5/train.jsonl,exact,21640308,c67629be84eef1a682d891cce502aad780d5b3b2406ea2eb8e7389cdce36bf59
clean,data/processed/cwe_119_imbalance/ratio_90_10/seed_5/valid.jsonl,exact,499806,4927c9fdb971a486c554ccbb38059b91c3d89a1f5134f67930b11794dfca4dfc
noise,data/processed/cwe_119_noise_ratio_preserved/ratio_60_40/seed_1/clean/metadata.json,json_without_generated_at_utc,1240,9795fb9c214b26ed76d14d4b5049d501dc2e5a827a56d54ac8f95b2d3bc5eb32
noise,data/processed/cwe_119_noise_ratio_preserved/ratio_60_40/seed_1/clean/train.jsonl,exact,7672649,6958302c6d385925c5617006b6bcc6bca52b44fbca8ae5361d37d0a9cac82f42
noise,data/processed/cwe_119_noise_ratio_preserved/ratio_60_40/seed_1/clean/valid.jsonl,exact,176849,72e28fdd72f15f59c4ee740757a5e1357bd4b22d8783f75eb56103b794c37dc0
noise,data/processed/cwe_119_noise_ratio_preserved/ratio_60_40/seed_1/heuristic_fp_10/metadata.json,json_without_generated_at_utc,1410,9188fd3b26fd3303f2e06f7adc85d2b2f77fb2621f02b2257a81fb48f39b2b49
noise,data/processed/cwe_119_noise_ratio_preserved/ratio_60_40/seed_1/heuristic_fp_10/train.jsonl,exact,8918433,9314b3fed4c5ac1e7329dfa79a372b9407a7d5f9bac8992f23564386fb4a8c4a
noise,data/processed/cwe_119_noise_ratio_preserved/ratio_60_40/seed_1/heuristic_fp_10/valid.jsonl,exact,177665,28b39289a6d7460b0caaf34e06b2bc4dc6bc31724ca9c9211428a2c511ed75dd
noise,data/processed/cwe_119_noise_ratio_preserved/ratio_60_40/seed_1/heuristic_fp_20/metadata.json,json_without_generated_at_utc,1411,908352a19e178fc282bae6494bd70dd051011e8217c003e96eb89905296782d4
noise,data/processed/cwe_119_noise_ratio_preserved/ratio_60_40/seed_1/heuristic_fp_20/train.jsonl,exact,10178162,4148794b8642e2e390ead17abff666a924a809949f295672db0930d7652c4dce
noise,data/processed/cwe_119_noise_ratio_preserved/ratio_60_40/seed_1/heuristic_fp_20/valid.jsonl,exact,177665,ef5bb093ebee37506618f30b9a1dbe6f41aa12fd376d0f267dd6c3d238fd9e0a
noise,data/processed/cwe_119_noise_ratio_preserved/ratio_60_40/seed_1/random_flip_10/metadata.json,json_without_generated_at_utc,1399,f90ab2aea4202904168c81909539b3a2da636269ea2df52efae284f7269230d0
noise,data/processed/cwe_119_noise_ratio_preserved/ratio_60_40/seed_1/random_flip_10/train.jsonl,exact,7699139,048270a960de87c63c9bd1496aa51eb54e518347365bbf90a516f057defb9ecf
noise,data/processed/cwe_119_noise_ratio_preserved/ratio_60_40/seed_1/random_flip_10/valid.jsonl,exact,177569,5f79af79be8895e4aeb025d8bc3cabc64587de832a3cccf0487dc46435fc1d54
noise,data/processed/cwe_119_noise_ratio_preserved/ratio_60_40/seed_1/random_flip_20/metadata.json,json_without_generated_at_utc,1402,3a479b3bb2a741b45f522b353be455d9aeb53fceec313d0ec7bf3568a2b55f14
noise,data/processed/cwe_119_noise_ratio_preserved/ratio_60_40/seed_1/random_flip_20/train.jsonl,exact,7700159,e6a3307e206903059bbfedaaeea7ae5d1dfb21461bfa88b1de5ddee0ff00f7b1
noise,data/processed/cwe_119_noise_ratio_preserved/ratio_60_40/seed_1/random_flip_20/valid.jsonl,exact,177569,c0b1949db04f3bf743794d9d0bbf64eea2a8c634f84bafbe4b2deab3d4d8310d
noise,data/processed/cwe_119_noise_ratio_preserved/ratio_60_40/seed_1/random_fp_10/metadata.json,json_without_generated_at_utc,1372,b250826c868ab5c1bbc290366cd2c966cc834ccb4a6bb20c8700290b5a091c9f
noise,data/processed/cwe_119_noise_ratio_preserved/ratio_60_40/seed_1/random_fp_10/train.jsonl,exact,8960190,6f18faa59d62190c2cfc910555eb5182d5b4fedf722badfb4b850cb325466b25
noise,data/processed/cwe_119_noise_ratio_preserved/ratio_60_40/seed_1/random_fp_10/valid.jsonl,exact,177377,bbf0b90284f4c4ff3a2d9a3df755b636118feb4bac0d28cc14b367e9ac3d2505
noise,data/processed/cwe_119_noise_ratio_preserved/ratio_60_40/seed_1/random_fp_20/metadata.json,json_without_generated_at_utc,1373,a01b20438a9ae2de11a0797f3d4ecabc973df45f59435cace13b2b4656d480b3
noise,data/processed/cwe_119_noise_ratio_preserved/ratio_60_40/seed_1/random_fp_20/train.jsonl,exact,10180704,0e63b4a895a1c5a47e0f6b3f2b693209bcdf3d3bdf98860a9941442c6513be11
noise,data/processed/cwe_119_noise_ratio_preserved/ratio_60_40/seed_1/random_fp_20/valid.jsonl,exact,177377,437d90d818c1c89b93d74c9fe4b3db0c995c4651d3d5374f23b9c1a9a3bb65a6
noise,data/processed/cwe_119_noise_ratio_preserved/ratio_60_40/seed_2/clean/metadata.json,json_without_generated_at_utc,1240,be6b3837aeec7b37cc7a4625250f5248f8ff6a223e581e6ba8ff67a8cdc984bb
noise,data/processed/cwe_119_noise_ratio_preserved/ratio_60_40/seed_2/clean/train.jsonl,exact,7714708,ce9b40d00b1114c2ff70df3f935d1072f0aedd240e663af6abb94b7384c69a97
noise,data/processed/cwe_119_noise_ratio_preserved/ratio_60_40/seed_2/clean/valid.jsonl,exact,163137,b84c42ae01fa2386de9b5d074dd276df2d74d5267fce08d5b24d2764df2c52b8
noise,data/processed/cwe_119_noise_ratio_preserved/ratio_60_40/seed_2/heuristic_fp_10/metadata.json,json_without_generated_at_utc,1410,224df6bfd1cf6237f3b238ac7c34e6e2740fc0e4176fd419390f688f7a11af37
noise,data/processed/cwe_119_noise_ratio_preserved/ratio_60_40/seed_2/heuristic_fp_10/train.jsonl,exact,9073503,b083da6e5c1ad10a3aa3b2fd5e4e91a3cf1ba865146a2a68296754b13e1e65f7
noise,data/processed/cwe_119_noise_ratio_preserved/ratio_60_40/seed_2/heuristic_fp_10/valid.jsonl,exact,163953,2534cfacfa58110df94a33c34ebd4b80418c570ec42648087e1ff74cf7b70de5
noise,data/processed/cwe_119_noise_ratio_preserved/ratio_60_40/seed_2/heuristic_fp_20/metadata.json,json_without_generated_at_utc,1411,1412ed0e3b149105371030f01b8a05e49442c2d0a497397805feea45a39bee91
noise,data/processed/cwe_119_noise_ratio_preserved/ratio_60_40/seed_2/heuristic_fp_20/train.jsonl,exact,10294554,82da2236cde6db6bc00850104362dce77f9caf7bc22436dc5736dfb165611c37
noise,data/processed/cwe_119_noise_ratio_preserved/ratio_60_40/seed_2/heuristic_fp_20/valid.jsonl,exact,163953,f39c7b5aedecf736a6975ba2150f27aecc2ea945a170f507f97c05dc18009eb9
noise,data/processed/cwe_119_noise_ratio_preserved/ratio_60_40/seed_2/random_flip_10/metadata.json,json_without_generated_at_utc,1399,18e8ec267e7ffd86b877853313490e2f125a19aa5df71ab590a43102912f2d88
noise,data/processed/cwe_119_noise_ratio_preserved/ratio_60_40/seed_2/random_flip_10/train.jsonl,exact,7741198,f46ff75ca0796608a2b62b107479fb886dff7ffb2a1abba7f83d8203080fed33
noise,data/processed/cwe_119_noise_ratio_preserved/ratio_60_40/seed_2/random_flip_10/valid.jsonl,exact,163857,851d0a9450a7f359fe554e7edc37b1b9892e3c145a94694ad48ca0a8d2eaa62f
noise,data/processed/cwe_119_noise_ratio_preserved/ratio_60_40/seed_2/random_flip_20/metadata.json,json_without_generated_at_utc,1402,366552a3dcfc8058d696670a58ca52d00f2c8481ed4dfa39d093ae047f4702c8
noise,data/processed/cwe_119_noise_ratio_preserved/ratio_60_40/seed_2/random_flip_20/train.jsonl,exact,7742218,6b664ca3bcf98b9462b89c272306a360fc0e353104a8db7d6f2b2350264cac59
noise,data/processed/cwe_119_noise_ratio_preserved/ratio_60_40/seed_2/random_flip_20/valid.jsonl,exact,163857,47cec507836de2a1f10e21184bf1b0d9d9c7636d46830a5c4b51783e47936bed
noise,data/processed/cwe_119_noise_ratio_preserved/ratio_60_40/seed_2/random_fp_10/metadata.json,json_without_generated_at_utc,1372,4a8e1d38eae95225f4967fa92b10a8a7b242853f2258b3ff67f6e3d3a9a51908
noise,data/processed/cwe_119_noise_ratio_preserved/ratio_60_40/seed_2/random_fp_10/train.jsonl,exact,8983218,5b896715c3b99b78b03c7dceb9f500c99b58f210d91fca7fda423da76511f87c
noise,data/processed/cwe_119_noise_ratio_preserved/ratio_60_40/seed_2/random_fp_10/valid.jsonl,exact,163665,77bdaa82673f409ed82dee3c7baf8abdc607c3b7912e9cb5647ee71c3e0255cc
noise,data/processed/cwe_119_noise_ratio_preserved/ratio_60_40/seed_2/random_fp_20/metadata.json,json_without_generated_at_utc,1373,aafc342874e1de439eba6d09aa63e263337ad63fab97b97ca188490775062eac
noise,data/processed/cwe_119_noise_ratio_preserved/ratio_60_40/seed_2/random_fp_20/train.jsonl,exact,10366290,1e78cb9a163b5ac54880b9eda052bbc587233ef7359858fd611dec38e77a6287
noise,data/processed/cwe_119_noise_ratio_preserved/ratio_60_40/seed_2/random_fp_20/valid.jsonl,exact,163665,98e23c370606fa7ca5c42067a38de42586437017d022f0723b8c752c8d8a3747
noise,data/processed/cwe_119_noise_ratio_preserved/ratio_60_40/seed_3/clean/metadata.json,json_without_generated_at_utc,1240,abc05ee39d876f2d3b609b63ec84e366bbf1ff2c302a05560ad390ee95fe9aaf
noise,data/processed/cwe_119_noise_ratio_preserved/ratio_60_40/seed_3/clean/train.jsonl,exact,7611588,ae5bdb9d7ca4ad7db9dd8e7be4da9f07ec280de9d751487789980869d2de1770
noise,data/processed/cwe_119_noise_ratio_preserved/ratio_60_40/seed_3/clean/valid.jsonl,exact,172077,749a0c9b33c697e512293a2cc55565ec548cc31e77f57402eab18a5133571a2f
noise,data/processed/cwe_119_noise_ratio_preserved/ratio_60_40/seed_3/heuristic_fp_10/metadata.json,json_without_generated_at_utc,1410,5add7d6874308073f95560eb826ac6d8718aff0c227a7d8fa34f1bfe139cb2d8
noise,data/processed/cwe_119_noise_ratio_preserved/ratio_60_40/seed_3/heuristic_fp_10/train.jsonl,exact,9067100,10646623983d868779e0ddc9529dfcc25c013dc497ccd4dcd1f6d00521fe9366
noise,data/processed/cwe_119_noise_ratio_preserved/ratio_60_40/seed_3/heuristic_fp_10/valid.jsonl,exact,172893,5ee29df87cfc0ebf495d2f6f38f97a65f3653d13d3165b7791bc52f5617cad49
noise,data/processed/cwe_119_noise_ratio_preserved/ratio_60_40/seed_3/heuristic_fp_20/metadata.json,json_without_generated_at_utc,1411,bbac83e6aa1d796fcc60c4674921aa3c6d047ef032f9d97f0afc4a04451400f4
noise,data/processed/cwe_119_noise_ratio_preserved/ratio_60_40/seed_3/heuristic_fp_20/train.jsonl,exact,10236625,67dd7658fb1b2a0038755b47ad9e55dfda8813f034f0bc859ca24a7c569cabeb
noise,data/processed/cwe_119_noise_ratio_preserved/ratio_60_40/seed_3/heuristic_fp_20/valid.jsonl,exact,172893,12dd88056f528527e6ff24f341d1078ec49a81e43a9e0e08e15f8012a3dd22d0
noise,data/processed/cwe_119_noise_ratio_preserved/ratio_60_40/seed_3/random_flip_10/metadata.json,json_without_generated_at_utc,1399,8f637fd47699e11b39b33fa9f3a53f9580ed8f5f4d4adbb43fe6479ac66d57e2
noise,data/processed/cwe_119_noise_ratio_preserved/ratio_60_40/seed_3/random_flip_10/train.jsonl,exact,7638078,6dff346179f686113a7c1bb2ccfc6ebf240ca11d8801ad21e55e62b59fe08eb0
noise,data/processed/cwe_119_noise_ratio_preserved/ratio_60_40/seed_3/random_flip_10/valid.jsonl,exact,172797,ec461006954585600fd2386f2adf05ca2c3f0198f3a6ae769df92c0484b63ba0
noise,data/processed/cwe_119_noise_ratio_preserved/ratio_60_40/seed_3/random_flip_20/metadata.json,json_without_generated_at_utc,1402,b2c192f6e14aaff9a5e24ccb538e99b938aa41147e1557150732762f929bd646
noise,data/processed/cwe_119_noise_ratio_preserved/ratio_60_40/seed_3/random_flip_20/train.jsonl,exact,7639098,0416e0231edaf920f9c7d75b4775ba57d9525fd5f599822466389c6ea2893b87
noise,data/processed/cwe_119_noise_ratio_preserved/ratio_60_40/seed_3/random_flip_20/valid.jsonl,exact,172797,e7e10c8556dfe88ef23ec212c77d34571dc147ab812aa33177969e79eaacc4e8
noise,data/processed/cwe_119_noise_ratio_preserved/ratio_60_40/seed_3/random_fp_10/metadata.json,json_without_generated_at_utc,1372,868b44061ef8af05dcee6a9270acb9d5d6cb82b33f810314e37d9f08ba7cc15a
noise,data/processed/cwe_119_noise_ratio_preserved/ratio_60_40/seed_3/random_fp_10/train.jsonl,exact,8894272,8e9056a924935c5b95fb764214abeac5179104a8d8caa1aeb3ae56e8adfdcf77
noise,data/processed/cwe_119_noise_ratio_preserved/ratio_60_40/seed_3/random_fp_10/valid.jsonl,exact,172605,b267318ead426ef8eee51d4d81f6b6045fc27ec4c6fa1ef500410087d665fac0
noise,data/processed/cwe_119_noise_ratio_preserved/ratio_60_40/seed_3/random_fp_20/metadata.json,json_without_generated_at_utc,1373,a60a41404d1b842a4ccac4ff4e880750b86c23bfc65b7e8bbab416617bc534f7
noise,data/processed/cwe_119_noise_ratio_preserved/ratio_60_40/seed_3/random_fp_20/train.jsonl,exact,10388427,5750e150d9bc79cca0e16deb420c6b7a0174bb030fe1440747077a35a566e77c
noise,data/processed/cwe_119_noise_ratio_preserved/ratio_60_40/seed_3/random_fp_20/valid.jsonl,exact,172605,0b7b0ac35ba5e13d7302333173110749e0c1aee8411218c004843389b8813a85
noise,data/processed/cwe_119_noise_ratio_preserved/ratio_60_40/seed_4/clean/metadata.json,json_without_generated_at_utc,1240,5e50170652cbfa97aa6611bf6fef129036fe7809f1f7dd08df26b9ba5323ee5d
noise,data/processed/cwe_119_noise_ratio_preserved/ratio_60_40/seed_4/clean/train.jsonl,exact,7877790,d0282cacba65d3b411da4ffaaeffaa87010dc59a179f045202257ae1250871f3
noise,data/processed/cwe_119_noise_ratio_preserved/ratio_60_40/seed_4/clean/valid.jsonl,exact,198367,2493cfe2a1fa815c2eac8c6789d50edd722e821bbc2f02e9d4555633e46db93e
noise,data/processed/cwe_119_noise_ratio_preserved/ratio_60_40/seed_4/heuristic_fp_10/metadata.json,json_without_generated_at_utc,1410,30b48bc5678945f9ab83f4c690749ea5cbbb7c9f1d418497859c38f958387d5f
noise,data/processed/cwe_119_noise_ratio_preserved/ratio_60_40/seed_4/heuristic_fp_10/train.jsonl,exact,9106657,85aad5420c5feaaf2dca48a1ba4f3e24438fba71d1c992382245b88df916a4db
noise,data/processed/cwe_119_noise_ratio_preserved/ratio_60_40/seed_4/heuristic_fp_10/valid.jsonl,exact,199183,24f200c43ccbd15f31674f6803bc2dd8773f6355da7b568472a3cf770884ec76
noise,data/processed/cwe_119_noise_ratio_preserved/ratio_60_40/seed_4/heuristic_fp_20/metadata.json,json_without_generated_at_utc,1411,18cd94c3e77ff10294a31bdf776d20b4cc42effe9e14f9eef9b0d405cce60b8d
noise,data/processed/cwe_119_noise_ratio_preserved/ratio_60_40/seed_4/heuristic_fp_20/train.jsonl,exact,10509783,9677202abb41537f34bf206d955f46039ca6e595d5f7fcd1bfc0cb5eebb21156
noise,data/processed/cwe_119_noise_ratio_preserved/ratio_60_40/seed_4/heuristic_fp_20/valid.jsonl,exact,199183,73c53c797015bbe73e367d7cf43c08c308caa545e0a5d1b33526e64906f11255
noise,data/processed/cwe_119_noise_ratio_preserved/ratio_60_40/seed_4/random_flip_10/metadata.json,json_without_generated_at_utc,1399,7606ee1348d9aa6857281898aa12ebf5b4c27fdd8d0c70750747eb685ee4e319
noise,data/processed/cwe_119_noise_ratio_preserved/ratio_60_40/seed_4/random_flip_10/train.jsonl,exact,7904280,2535e422532e73a265c781004665689b91fa3858b1f796b9d7e58ccc9faaa5f2
noise,data/processed/cwe_119_noise_ratio_preserved/ratio_60_40/seed_4/random_flip_10/valid.jsonl,exact,199087,c97f90a2c8e2659ab5face40fd816dece89d0bfc44dd0613d52c9b1665278745
noise,data/processed/cwe_119_noise_ratio_preserved/ratio_60_40/seed_4/random_flip_20/metadata.json,json_without_generated_at_utc,1402,4a69bc6a557e18cb731ecd81600ef5e9a0d0df9f0ff81d03740193e9a2cbc82c
noise,data/processed/cwe_119_noise_ratio_preserved/ratio_60_40/seed_4/random_flip_20/train.jsonl,exact,7905300,de9136d050abe9ef060744ff870fa5966bd81cefe1f9eac7728d477b76d8d175
noise,data/processed/cwe_119_noise_ratio_preserved/ratio_60_40/seed_4/random_flip_20/valid.jsonl,exact,199087,ec48e474c8ea60c1f8c7e6cd8a758dc46b44c3768cb814db7c9ed487f0ca90df
noise,data/processed/cwe_119_noise_ratio_preserved/ratio_60_40/seed_4/random_fp_10/metadata.json,json_without_generated_at_utc,1372,e0a1224aeb82b69cadf64873a4dad2d836f393d39110ca57c7e33695e7e9a08c
noise,data/processed/cwe_119_noise_ratio_preserved/ratio_60_40/seed_4/random_fp_10/train.jsonl,exact,9197062,a1383ae440896d9bb738f5110c928075d732ea49ec0a94b2e4875a566dd36234
noise,data/processed/cwe_119_noise_ratio_preserved/ratio_60_40/seed_4/random_fp_10/valid.jsonl,exact,198895,51ee9512db8c798bdfde26a48d1048476dda32d30153533bf9e22400fd1b64e9
noise,data/processed/cwe_119_noise_ratio_preserved/ratio_60_40/seed_4/random_fp_20/metadata.json,json_without_generated_at_utc,1373,bef580d014c89a8b08d9af50cc75b82d7ff2b7bb2401340e7263de53e31b1330
noise,data/processed/cwe_119_noise_ratio_preserved/ratio_60_40/seed_4/random_fp_20/train.jsonl,exact,10623378,0f4e5ada529cb1ff9750468f3fd4e9e2d12e2ee152d3f93bc1422c2e28e21e88
noise,data/processed/cwe_119_noise_ratio_preserved/ratio_60_40/seed_4/random_fp_20/valid.jsonl,exact,198895,4771ab3c143178481602da583a493788a45a5008d4c8939647cfdfed22feb5d6
noise,data/processed/cwe_119_noise_ratio_preserved/ratio_60_40/seed_5/clean/metadata.json,json_without_generated_at_utc,1240,6714a165c54c35f5cad08af063a3490332b738eb2f45eb458b9b7ab66118d71c
noise,data/processed/cwe_119_noise_ratio_preserved/ratio_60_40/seed_5/clean/train.jsonl,exact,7817665,1aa77ed10d9a356d469389de68cf4aa43252579c7d63c08f22f36ee953b01212
noise,data/processed/cwe_119_noise_ratio_preserved/ratio_60_40/seed_5/clean/valid.jsonl,exact,183607,ba5a9601185ac03e79da40270c8f9314e8c17da850bf877de6192034f986dc74
noise,data/processed/cwe_119_noise_ratio_preserved/ratio_60_40/seed_5/heuristic_fp_10/metadata.json,json_without_generated_at_utc,1410,f84e42f4d611ab801d3fd9659237593da88d69c8834ecc1114f123498906918d
noise,data/processed/cwe_119_noise_ratio_preserved/ratio_60_40/seed_5/heuristic_fp_10/train.jsonl,exact,9053579,df49a7213fdb14145a688a14c29eb20bd5906a4ab1a222abfb6e9247f86fb808
noise,data/processed/cwe_119_noise_ratio_preserved/ratio_60_40/seed_5/heuristic_fp_10/valid.jsonl,exact,184423,7f5883b1207c2d08f80fcd4b376f056f51d9d78126956ab2a8cd3c54028d90eb
noise,data/processed/cwe_119_noise_ratio_preserved/ratio_60_40/seed_5/heuristic_fp_20/metadata.json,json_without_generated_at_utc,1411,e9c2d5ee3170708a277ab6810fcb223fe1a9513dd7a22d3c6afcb30fa39dfe7f
noise,data/processed/cwe_119_noise_ratio_preserved/ratio_60_40/seed_5/heuristic_fp_20/train.jsonl,exact,10422205,51375343469a6379c9499e6e279bcbf815914e81059149cb99a8519a47fc0db6
noise,data/processed/cwe_119_noise_ratio_preserved/ratio_60_40/seed_5/heuristic_fp_20/valid.jsonl,exact,184423,3b9a9a587f2b8cafcc982285daf9afc07cd19ba4e0d39605eb19acf562a22bd9
noise,data/processed/cwe_119_noise_ratio_preserved/ratio_60_40/seed_5/random_flip_10/metadata.json,json_without_generated_at_utc,1399,88f78ad427ed4ac8dc1141118131f7308a01c78ba4a1ce8831738a770e65c83f
noise,data/processed/cwe_119_noise_ratio_preserved/ratio_60_40/seed_5/random_flip_10/train.jsonl,exact,7844155,525f763af10218e635a91b352e498ffbadf2dbf238f0e9498362a138bcf6462a
noise,data/processed/cwe_119_noise_ratio_preserved/ratio_60_40/seed_5/random_flip_10/valid.jsonl,exact,184327,5a72efa75c73098b182f87f4d3d4bae88b5e344a3bec1cd2aa20ce9624493a7a
noise,data/processed/cwe_119_noise_ratio_preserved/ratio_60_40/seed_5/random_flip_20/metadata.json,json_without_generated_at_utc,1402,7a23644dd60ffcbae888474d005a8e79e492487e71d02544373d04d9122bc682
noise,data/processed/cwe_119_noise_ratio_preserved/ratio_60_40/seed_5/random_flip_20/train.jsonl,exact,7845175,4a89ca7ce3170548a412dc0b05fe14d2925f1550740cdb6a954782cacea6f1b6
noise,data/processed/cwe_119_noise_ratio_preserved/ratio_60_40/seed_5/random_flip_20/valid.jsonl,exact,184327,094e72a268a9d8a428f362c61ddb6755c426424eb55ec1fa1910feffd92fa5ec
noise,data/processed/cwe_119_noise_ratio_preserved/ratio_60_40/seed_5/random_fp_10/metadata.json,json_without_generated_at_utc,1372,a4e6dfa9b5504a510a2259cf6d259e26a23b34bfd0c65c0a34498af40ca4161b
noise,data/processed/cwe_119_noise_ratio_preserved/ratio_60_40/seed_5/random_fp_10/train.jsonl,exact,9011220,0c5de6b4419ae6edcc224054d4ab0d6741c69c8d73622a78439ce0635352f6d3
noise,data/processed/cwe_119_noise_ratio_preserved/ratio_60_40/seed_5/random_fp_10/valid.jsonl,exact,184135,70de405c520b75c86ec4978d8d8a1f65f2ac52196853e3b24f91eb0f7669f80e
noise,data/processed/cwe_119_noise_ratio_preserved/ratio_60_40/seed_5/random_fp_20/metadata.json,json_without_generated_at_utc,1373,194635d188f082b556287b38696ad51ca1acb68f464f813c212e30f374d3f6d1
noise,data/processed/cwe_119_noise_ratio_preserved/ratio_60_40/seed_5/random_fp_20/train.jsonl,exact,10529782,a47737fca72f0445d70461e6513e0d14e7ffe5146b2ac2671163657c6b955e2c
noise,data/processed/cwe_119_noise_ratio_preserved/ratio_60_40/seed_5/random_fp_20/valid.jsonl,exact,184135,e109eb60adfc282f9b52c48b737b32e6066fd0b9081b1d12e8a5904f35bb420b
noise,data/processed/cwe_119_noise_ratio_preserved/ratio_70_30/seed_1/clean/metadata.json,json_without_generated_at_utc,1240,bb977e7bbc1070ee3809568654ec5f1cbb252d450beac5ccb35154bd157b541c
noise,data/processed/cwe_119_noise_ratio_preserved/ratio_70_30/seed_1/clean/train.jsonl,exact,9736364,6885b5f9d628a3e5cd097d8967a3c24951299f2295126f7327b59a0000a0e473
noise,data/processed/cwe_119_noise_ratio_preserved/ratio_70_30/seed_1/clean/valid.jsonl,exact,225763,b04f0c27879be0d41d5e6bba05ef82094b6e14730e73a7412a5c3adac5b8dc55
noise,data/processed/cwe_119_noise_ratio_preserved/ratio_70_30/seed_1/heuristic_fp_10/metadata.json,json_without_generated_at_utc,1410,682b1461ca4e8b4e1c3faaff49ff8d5ed565cae0a2cbb1d2f4bf887592af8635
noise,data/processed/cwe_119_noise_ratio_preserved/ratio_70_30/seed_1/heuristic_fp_10/train.jsonl,exact,12174074,e55b2a726447c5a90a77739349a227f78773c54df028119da1992bfc9e91c07c
noise,data/processed/cwe_119_noise_ratio_preserved/ratio_70_30/seed_1/heuristic_fp_10/valid.jsonl,exact,226851,e60ab1177dd5b1f4cc7963f33af05a7886f9200bdb5f85d023500f619e13f4d4
noise,data/processed/cwe_119_noise_ratio_preserved/ratio_70_30/seed_1/heuristic_fp_20/metadata.json,json_without_generated_at_utc,1414,c39a8c9ae87bdec84ce5395849993e443b4f91a234d0fc5cf015e2c47b9db7d5
noise,data/processed/cwe_119_noise_ratio_preserved/ratio_70_30/seed_1/heuristic_fp_20/train.jsonl,exact,15215823,6e0ffdf5a55101ec2b64cc42be1b8878aff31cc7f8456eabfea0f4659eed4ae4
noise,data/processed/cwe_119_noise_ratio_preserved/ratio_70_30/seed_1/heuristic_fp_20/valid.jsonl,exact,226851,260960c26c69b2ef83384e8097ede7d3c93985a43ff03476dd8ff967d50ee2b7
noise,data/processed/cwe_119_noise_ratio_preserved/ratio_70_30/seed_1/random_flip_10/metadata.json,json_without_generated_at_utc,1402,ddf7458fbeffee1b238c4eddc20dc858d916a3bd4612c2bcd75627c5c500d7e3
noise,data/processed/cwe_119_noise_ratio_preserved/ratio_70_30/seed_1/random_flip_10/train.jsonl,exact,9771692,ec1e942e45d82a5356c8783dbbe3c991d985ed75f593f8284928e0150cd3b1fb
noise,data/processed/cwe_119_noise_ratio_preserved/ratio_70_30/seed_1/random_flip_10/valid.jsonl,exact,226723,9cce5ccc185b4b8443b4ab837b967ef6df470ba650b678011623a596e9ee342a
noise,data/processed/cwe_119_noise_ratio_preserved/ratio_70_30/seed_1/random_flip_20/metadata.json,json_without_generated_at_utc,1402,cdfbd00c625ba6dc8b67e336c14fe1298fe7052ba11d63febfe6b05aa069716b
noise,data/processed/cwe_119_noise_ratio_preserved/ratio_70_30/seed_1/random_flip_20/train.jsonl,exact,9773048,6c6a7c446252cc0ea1b6dcf78de802710b46cf5bedc647e07f66890ad6abcf98
noise,data/processed/cwe_119_noise_ratio_preserved/ratio_70_30/seed_1/random_flip_20/valid.jsonl,exact,226723,8c2d5f6fad01cd1abd7267de94202e3bfa4b75175b95163df85f1125ea85226e
noise,data/processed/cwe_119_noise_ratio_preserved/ratio_70_30/seed_1/random_fp_10/metadata.json,json_without_generated_at_utc,1372,56580fb160cab61a00fd59952065e36c9dd27672ab71dbdb1422a16856521de7
noise,data/processed/cwe_119_noise_ratio_preserved/ratio_70_30/seed_1/random_fp_10/train.jsonl,exact,12034571,439ad49f13f3f880e31c12ff61bd682b0041bf725aedd6afa5e59df9fccd604b
noise,data/processed/cwe_119_noise_ratio_preserved/ratio_70_30/seed_1/random_fp_10/valid.jsonl,exact,226467,cb3c2982bc7f634a53132ef8329650a6fd8d653521cfa2ed701dad8e78bc03fa
noise,data/processed/cwe_119_noise_ratio_preserved/ratio_70_30/seed_1/random_fp_20/metadata.json,json_without_generated_at_utc,1376,09043b1d81481ef74209bfb59fd9c4fbd0924ca5fc4a90a0b89a5f8f5e907789
noise,data/processed/cwe_119_noise_ratio_preserved/ratio_70_30/seed_1/random_fp_20/train.jsonl,exact,14353512,bd036d9dd3bad3fa3e698ba34a4946969e39a9d88875f90b82dc1a482d341ea4
noise,data/processed/cwe_119_noise_ratio_preserved/ratio_70_30/seed_1/random_fp_20/valid.jsonl,exact,226467,bbc0c5d7d626e486981c600631c9bb1b665d6c6a8f8b2c604c24a2366d1a62ea
noise,data/processed/cwe_119_noise_ratio_preserved/ratio_70_30/seed_2/clean/metadata.json,json_without_generated_at_utc,1240,e083974749c67aebeb19c9da08d61490eb670183e17cd5dfea44f77deb925369
noise,data/processed/cwe_119_noise_ratio_preserved/ratio_70_30/seed_2/clean/train.jsonl,exact,9419991,c5eccfa821f142d57a59f3a422ee31f36b5368e70eacadaf7e915a73ad506252
noise,data/processed/cwe_119_noise_ratio_preserved/ratio_70_30/seed_2/clean/valid.jsonl,exact,206414,d0bcdab8d097923cad54543f446e19ad46c42cfc8bd38fe3ff89f74e2bc0cb79
noise,data/processed/cwe_119_noise_ratio_preserved/ratio_70_30/seed_2/heuristic_fp_10/metadata.json,json_without_generated_at_utc,1410,b4c1c511fa51ffbb7c0ab21f6e3eb7014f739569c2223ef2288eb6848541843b
noise,data/processed/cwe_119_noise_ratio_preserved/ratio_70_30/seed_2/heuristic_fp_10/train.jsonl,exact,11763775,09f18bb5adaaa4095363432a13242fa7bca36e033a71e059862440e1f784f847
noise,data/processed/cwe_119_noise_ratio_preserved/ratio_70_30/seed_2/heuristic_fp_10/valid.jsonl,exact,207502,2de9103c4af3fabe209075b6449ce6bf4ea9bd2704e81918481ffc4f984f3e24
noise,data/processed/cwe_119_noise_ratio_preserved/ratio_70_30/seed_2/heuristic_fp_20/metadata.json,json_without_generated_at_utc,1414,1bdfbfaf8a233689561446b01eeb7d189fad69212d8f2f834808ded3a974f6d0
noise,data/processed/cwe_119_noise_ratio_preserved/ratio_70_30/seed_2/heuristic_fp_20/train.jsonl,exact,13996594,fedc70f9e3900cde1685be11067f8e5774faa9c065a6e0d37e44f06a7917e828
noise,data/processed/cwe_119_noise_ratio_preserved/ratio_70_30/seed_2/heuristic_fp_20/valid.jsonl,exact,207502,9f32f05239e5b900f8069a4f71a8238f80a29e7accce6382e6bd69fafc865b9d
noise,data/processed/cwe_119_noise_ratio_preserved/ratio_70_30/seed_2/random_flip_10/metadata.json,json_without_generated_at_utc,1402,792409d5750c8b508e22c4ae6cf5e338a88faba40130a365d0a35a30468d3b0c
noise,data/processed/cwe_119_noise_ratio_preserved/ratio_70_30/seed_2/random_flip_10/train.jsonl,exact,9455319,ef89d8419ecb34fbeb375517dc1ed44dfcda2881d94cdd5d6d522a5803e4c30b
noise,data/processed/cwe_119_noise_ratio_preserved/ratio_70_30/seed_2/random_flip_10/valid.jsonl,exact,207374,ee8b74080a781a1bc62d1ef8806eed97d720b5e08f8f9f87bbca21cca260371e
noise,data/processed/cwe_119_noise_ratio_preserved/ratio_70_30/seed_2/random_flip_20/metadata.json,json_without_generated_at_utc,1402,0c0245fedb054c4d2549b8c4cbd5195981b83cd6a87cd9a6afc0ecdb6693a048
noise,data/processed/cwe_119_noise_ratio_preserved/ratio_70_30/seed_2/random_flip_20/train.jsonl,exact,9456675,8116238e5c77754e1c4a64180e99be1f49069d4fb44e83cda1da7ed0decfe323
noise,data/processed/cwe_119_noise_ratio_preserved/ratio_70_30/seed_2/random_flip_20/valid.jsonl,exact,207374,3fd57427dcdb2daf2bd56bf0fcf871fdce73d671fcf1b91e54d138fa1760c983
noise,data/processed/cwe_119_noise_ratio_preserved/ratio_70_30/seed_2/random_fp_10/metadata.json,json_without_generated_at_utc,1372,290e1ed092b786aee4a80ee7a5a3146851e71c2863e06d312a935c3ee32e84f1
noise,data/processed/cwe_119_noise_ratio_preserved/ratio_70_30/seed_2/random_fp_10/train.jsonl,exact,11809725,2e85cc01e7278fe83a23f6193834bd966c2fcf88ee0ed2e4243b257d1e85388b
noise,data/processed/cwe_119_noise_ratio_preserved/ratio_70_30/seed_2/random_fp_10/valid.jsonl,exact,207118,2a8ebc91fac2d04c88e752acea595871e4bceeb8ed67d96cdf490ff5bb1c798c
noise,data/processed/cwe_119_noise_ratio_preserved/ratio_70_30/seed_2/random_fp_20/metadata.json,json_without_generated_at_utc,1376,af0407f9ffe2f4546121053d8f854c7406afd1935c147e9bc32b31d70857c1b2
noise,data/processed/cwe_119_noise_ratio_preserved/ratio_70_30/seed_2/random_fp_20/train.jsonl,exact,14212269,a21f44fc6696d9000bcca8d3cf28f5590d09ae5a912b6d62a72c693731b67bd7
noise,data/processed/cwe_119_noise_ratio_preserved/ratio_70_30/seed_2/random_fp_20/valid.jsonl,exact,207118,745b86ab0331edf64edeb490a9d1538e3afaff48eaae54acf8e19774fb3ad809
noise,data/processed/cwe_119_noise_ratio_preserved/ratio_70_30/seed_3/clean/metadata.json,json_without_generated_at_utc,1240,2e4aa3983804ed0f104c642334a8286b3989e66778aeceabdb6869435d632f3b
noise,data/processed/cwe_119_noise_ratio_preserved/ratio_70_30/seed_3/clean/train.jsonl,exact,9380137,be00079728ea10b14c5fc71679bec6166a170f4079d942a324ecc2a97dc85672
noise,data/processed/cwe_119_noise_ratio_preserved/ratio_70_30/seed_3/clean/valid.jsonl,exact,211971,e1759b9ff6eb934d328eeefdd280b8ba963f4d03b27fd69597f813fe60a76c82
noise,data/processed/cwe_119_noise_ratio_preserved/ratio_70_30/seed_3/heuristic_fp_10/metadata.json,json_without_generated_at_utc,1410,f2844e1d884349d25b18563c331f084250db76b0704447b0e359a62abea9b76e
noise,data/processed/cwe_119_noise_ratio_preserved/ratio_70_30/seed_3/heuristic_fp_10/train.jsonl,exact,11909265,cab9d71516e304fd7f823a845ddfddb145e7185d7fa3352fe19b0df399aa12c4
noise,data/processed/cwe_119_noise_ratio_preserved/ratio_70_30/seed_3/heuristic_fp_10/valid.jsonl,exact,213059,075e6aa98e224bbc738812cc11d3506f0dd221039f80c310e24f3cd76d627360
noise,data/processed/cwe_119_noise_ratio_preserved/ratio_70_30/seed_3/heuristic_fp_20/metadata.json,json_without_generated_at_utc,1414,e3ed9e13fe1fe38a4f07d45fb24c3254487145951f2b61240e23e071765bc6fc
noise,data/processed/cwe_119_noise_ratio_preserved/ratio_70_30/seed_3/heuristic_fp_20/train.jsonl,exact,13915153,79191d294f3e88be76e21964f54fb4885d8a33b47faf808d4ba422ac5d9b0d40
noise,data/processed/cwe_119_noise_ratio_preserved/ratio_70_30/seed_3/heuristic_fp_20/valid.jsonl,exact,213059,1df8dcc9785d21f79821dff5c30dc5418fdbc64f955617e84edc96366e0bb541
noise,data/processed/cwe_119_noise_ratio_preserved/ratio_70_30/seed_3/random_flip_10/metadata.json,json_without_generated_at_utc,1402,e5879e6e6931803caaa2380ac6a35cbd546291b98d0c93026cdf90d8fc69868a
noise,data/processed/cwe_119_noise_ratio_preserved/ratio_70_30/seed_3/random_flip_10/train.jsonl,exact,9415465,bf35840d9138608c59c1319cb7ef52c9e4defa296fb3cf2ac67e65d008443a30
noise,data/processed/cwe_119_noise_ratio_preserved/ratio_70_30/seed_3/random_flip_10/valid.jsonl,exact,212931,145532534fa95b04f7d5697911a3ded2ed7f007b3e763d56248278cf543d2178
noise,data/processed/cwe_119_noise_ratio_preserved/ratio_70_30/seed_3/random_flip_20/metadata.json,json_without_generated_at_utc,1402,92230abbb309ec380fd85d64e9198bca87570fbd55aeca77d8764f611096145e
noise,data/processed/cwe_119_noise_ratio_preserved/ratio_70_30/seed_3/random_flip_20/train.jsonl,exact,9416821,30d979f54c0e396e15853b48678e7a0661166473ee1d441e764520adcb45d769
noise,data/processed/cwe_119_noise_ratio_preserved/ratio_70_30/seed_3/random_flip_20/valid.jsonl,exact,212931,280ff36c691ca776e23762fe7eb3be89f6f90e15c8281cad530885d18dfa8f8c
noise,data/processed/cwe_119_noise_ratio_preserved/ratio_70_30/seed_3/random_fp_10/metadata.json,json_without_generated_at_utc,1372,992853592504fb0082e33196d6fb4cf90b74412f49115025dadba0a1634ca57d
noise,data/processed/cwe_119_noise_ratio_preserved/ratio_70_30/seed_3/random_fp_10/train.jsonl,exact,11568547,4bd89b26193d659c90bf543cbf3fef64668cc11b9898f68d02e5341b785ed213
noise,data/processed/cwe_119_noise_ratio_preserved/ratio_70_30/seed_3/random_fp_10/valid.jsonl,exact,212675,aceda89a717882effa7b347778cdb9508e9e5a8e4ad544d90c052ba4aeee4804
noise,data/processed/cwe_119_noise_ratio_preserved/ratio_70_30/seed_3/random_fp_20/metadata.json,json_without_generated_at_utc,1376,3ee9a6bfafe62e59554a2108fd83ef616522669e4abf5b044de2e3eaa305b17e
noise,data/processed/cwe_119_noise_ratio_preserved/ratio_70_30/seed_3/random_fp_20/train.jsonl,exact,14127222,0a1d276030a992035f143c0501be8804968a9ce8ce51db3c16a9a6263b02715c
noise,data/processed/cwe_119_noise_ratio_preserved/ratio_70_30/seed_3/random_fp_20/valid.jsonl,exact,212675,8d34e05c0280ee3648be7a82f602b239a75196347611cbc152c6480fdde24a34
noise,data/processed/cwe_119_noise_ratio_preserved/ratio_70_30/seed_4/clean/metadata.json,json_without_generated_at_utc,1240,91951dae293ba639cbe2157341bb8711953fcf46b5f1ab95c6d1fb763e816161
noise,data/processed/cwe_119_noise_ratio_preserved/ratio_70_30/seed_4/clean/train.jsonl,exact,9451363,5858b25968d22fdcb11b5da8f9cd00e96f2f0097c5a7294a14010d590e3df0fe
noise,data/processed/cwe_119_noise_ratio_preserved/ratio_70_30/seed_4/clean/valid.jsonl,exact,220300,7e87e41f35676e2a6925d1c8e389a5922ea3d80fcb372fa4cab235537861cc92
noise,data/processed/cwe_119_noise_ratio_preserved/ratio_70_30/seed_4/heuristic_fp_10/metadata.json,json_without_generated_at_utc,1410,df97e469ee68495d9c2c97bf36a49e00100f847b28aaaae28e5f27932f76ffdd
noise,data/processed/cwe_119_noise_ratio_preserved/ratio_70_30/seed_4/heuristic_fp_10/train.jsonl,exact,11807753,50f316d8ee290e7c785300038f1414c9f53ee955f8c0cc756a5b32cd71fca012
noise,data/processed/cwe_119_noise_ratio_preserved/ratio_70_30/seed_4/heuristic_fp_10/valid.jsonl,exact,221388,87aa2fdd2bae4a6f0ad23068e2042264dd8ca2577e0168ad1306e521343c1df3
noise,data/processed/cwe_119_noise_ratio_preserved/ratio_70_30/seed_4/heuristic_fp_20/metadata.json,json_without_generated_at_utc,1414,09f10632a7a4568b59fd2c20bc8ef6ff15c0b32987530dd4c8f3ef64d9695b9f
noise,data/processed/cwe_119_noise_ratio_preserved/ratio_70_30/seed_4/heuristic_fp_20/train.jsonl,exact,13998497,250edd786f8658db4cd7ce6d27cc14b19b47993687e2f0e72dc29e7fa1b5a7dd
noise,data/processed/cwe_119_noise_ratio_preserved/ratio_70_30/seed_4/heuristic_fp_20/valid.jsonl,exact,221388,17faade9394a2ce4faade5868abc5c927e43ef9bd887b477ea1568285660c18b
noise,data/processed/cwe_119_noise_ratio_preserved/ratio_70_30/seed_4/random_flip_10/metadata.json,json_without_generated_at_utc,1402,0d1af461702ff8951c25323f4d0332876158d4879b94bc08a81b5f37d459f649
noise,data/processed/cwe_119_noise_ratio_preserved/ratio_70_30/seed_4/random_flip_10/train.jsonl,exact,9486691,67c39b37204f8a8316d7c9a76fc637d874b177e9b664dac7adadc6c6bce15ce6
noise,data/processed/cwe_119_noise_ratio_preserved/ratio_70_30/seed_4/random_flip_10/valid.jsonl,exact,221260,27e37f8e17144e8d543abba20049ffe65ccf51d316f28f6512c373947f43c1b7
noise,data/processed/cwe_119_noise_ratio_preserved/ratio_70_30/seed_4/random_flip_20/metadata.json,json_without_generated_at_utc,1402,3419228d8b4cda1dc9d9a0f148b5b16691f2e14a7716500f0ef65d3ce7d8397b
noise,data/processed/cwe_119_noise_ratio_preserved/ratio_70_30/seed_4/random_flip_20/train.jsonl,exact,9488047,feea8bfa2358322fb6109eec30d05e1ff5206d2a48ebe24198b119e7f14b2c44
noise,data/processed/cwe_119_noise_ratio_preserved/ratio_70_30/seed_4/random_flip_20/valid.jsonl,exact,221260,eeed7b16986071366d709816c9ec526c51606d6b0fb780ea4481321018087dde
noise,data/processed/cwe_119_noise_ratio_preserved/ratio_70_30/seed_4/random_fp_10/metadata.json,json_without_generated_at_utc,1372,9721859e4a0f8726b162afeefd5e6654b6c475b61255d26586ef40091a53a891
noise,data/processed/cwe_119_noise_ratio_preserved/ratio_70_30/seed_4/random_fp_10/train.jsonl,exact,11677233,1880a13f8195afc6e3521db6fb9af8ff36b73d17b9f37f5fe6381442305345b3
noise,data/processed/cwe_119_noise_ratio_preserved/ratio_70_30/seed_4/random_fp_10/valid.jsonl,exact,221004,e2c64477498e45cc09dbe9fc4225fc5c004f325458f4b569ece271b9e17c0439
noise,data/processed/cwe_119_noise_ratio_preserved/ratio_70_30/seed_4/random_fp_20/metadata.json,json_without_generated_at_utc,1376,0eb25ead2e1c6b6a53a7e9eed1cb6190a556902a04b62d5f244e7b6a66c3447a
noise,data/processed/cwe_119_noise_ratio_preserved/ratio_70_30/seed_4/random_fp_20/train.jsonl,exact,13986491,3419308b18e150a9804fa61db908aa63c548cfe15b6f38da400f53d5ac62152f
noise,data/processed/cwe_119_noise_ratio_preserved/ratio_70_30/seed_4/random_fp_20/valid.jsonl,exact,221004,f8dcb923dfd6b9fa14240d3d074ebfc86d3b18b24b78a01fc2351006faf9eaee
noise,data/processed/cwe_119_noise_ratio_preserved/ratio_70_30/seed_5/clean/metadata.json,json_without_generated_at_utc,1240,26f99e0c281a765b72138db6650f43ffd8482f0d8f573cb7e0b1294137842059
noise,data/processed/cwe_119_noise_ratio_preserved/ratio_70_30/seed_5/clean/train.jsonl,exact,9436935,65f9ac0e033a6d47bfc003923a098ff0f96061db44cfe5404782e5bba29cff3d
noise,data/processed/cwe_119_noise_ratio_preserved/ratio_70_30/seed_5/clean/valid.jsonl,exact,244065,79f469b5493592dc13c5efe640ed01cfde301ab11de5a6b576bf6974dc99d603
noise,data/processed/cwe_119_noise_ratio_preserved/ratio_70_30/seed_5/heuristic_fp_10/metadata.json,json_without_generated_at_utc,1410,516addb167acf8271af97848e8e559fb3243de3eed793c12de3bf848bdd5983e
noise,data/processed/cwe_119_noise_ratio_preserved/ratio_70_30/seed_5/heuristic_fp_10/train.jsonl,exact,11705889,1ae6f3811a78181b760dbcd0d370bd5a6601a3dd2b73015c0a4d8e39c8bd0fb1
noise,data/processed/cwe_119_noise_ratio_preserved/ratio_70_30/seed_5/heuristic_fp_10/valid.jsonl,exact,245153,98e6859790b0512a74738027188282092c43f03b79c4753eb15ed36b33fbad9a
noise,data/processed/cwe_119_noise_ratio_preserved/ratio_70_30/seed_5/heuristic_fp_20/metadata.json,json_without_generated_at_utc,1414,1460bba24e1e098825425273dbcd3bc79f0a119d424c199257bdd68fbe836e7b
noise,data/processed/cwe_119_noise_ratio_preserved/ratio_70_30/seed_5/heuristic_fp_20/train.jsonl,exact,14149936,3db80447280f30d9f1e58b32a061bbb98cb140726edc2e98d44e42f850bdeab8
noise,data/processed/cwe_119_noise_ratio_preserved/ratio_70_30/seed_5/heuristic_fp_20/valid.jsonl,exact,245153,5002a33b0434ab664d10884d89b12f11513922c7cdc50fde54a147e3f483ad32
noise,data/processed/cwe_119_noise_ratio_preserved/ratio_70_30/seed_5/random_flip_10/metadata.json,json_without_generated_at_utc,1402,6c1bf072b22f04f832847707595986d4b7843a6a0403f48e1bf2194abb23e809
noise,data/processed/cwe_119_noise_ratio_preserved/ratio_70_30/seed_5/random_flip_10/train.jsonl,exact,9472263,b301b07facd22a6b9979e6ef4f8564225ed3efc5c0b8c319f07d1d627d17217a
noise,data/processed/cwe_119_noise_ratio_preserved/ratio_70_30/seed_5/random_flip_10/valid.jsonl,exact,245025,13ed163255b9cbf47106aba72e692d64f7f6fc23c373ffce81526d1001cbe690
noise,data/processed/cwe_119_noise_ratio_preserved/ratio_70_30/seed_5/random_flip_20/metadata.json,json_without_generated_at_utc,1402,5fefcc3a89c1fd55dcd66ac8b497f750ac762095bbfcc922ef421890d4253270
noise,data/processed/cwe_119_noise_ratio_preserved/ratio_70_30/seed_5/random_flip_20/train.jsonl,exact,9473619,14319b34056a98c6c661e6bfd3d2de61eb2ed5815beca21fceef26befecc8518
noise,data/processed/cwe_119_noise_ratio_preserved/ratio_70_30/seed_5/random_flip_20/valid.jsonl,exact,245025,e7374e55f2f5adbe618c7a1205bd66bb8a3a9ee5090b339de606231bcc930c9d
noise,data/processed/cwe_119_noise_ratio_preserved/ratio_70_30/seed_5/random_fp_10/metadata.json,json_without_generated_at_utc,1372,898b97fec8c502a6b13a70ecf598029c4b6b182183580965198d78c691baa20a
noise,data/processed/cwe_119_noise_ratio_preserved/ratio_70_30/seed_5/random_fp_10/train.jsonl,exact,11845573,120c64acdf00b3e5c2ee5470695d6aada74fcd9ad65850b6e7fc7cfece5e879e
noise,data/processed/cwe_119_noise_ratio_preserved/ratio_70_30/seed_5/random_fp_10/valid.jsonl,exact,244769,13ad04aac387df35bb2a840026f63219f9cd4e40308993965bc8ec047da19453
noise,data/processed/cwe_119_noise_ratio_preserved/ratio_70_30/seed_5/random_fp_20/metadata.json,json_without_generated_at_utc,1376,ed1ea7eb3f586d438fe5d99ac5ff9fb08ea05a9ed2f8f378b0eb9ea87bef4ed5
noise,data/processed/cwe_119_noise_ratio_preserved/ratio_70_30/seed_5/random_fp_20/train.jsonl,exact,14239777,9566dadaff5ffc1805c5107f29d18e8bcf85ff7c0afefd3ce0f59545bf416267
noise,data/processed/cwe_119_noise_ratio_preserved/ratio_70_30/seed_5/random_fp_20/valid.jsonl,exact,244769,62c7eb1e3a9b10c6daf7b8457d1e746983f770743f07c78978afba0dafe6c3c8
noise,data/processed/cwe_119_noise_ratio_preserved/ratio_75_25/seed_1/clean/metadata.json,json_without_generated_at_utc,1214,95022d2b7496a1f207b8ea4412f4b06c76b213998f0044cabb37ff878af04cf5
noise,data/processed/cwe_119_noise_ratio_preserved/ratio_75_25/seed_1/clean/train.jsonl,exact,10783887,056c5f7ccae3880d643695fa62474be113ef5a2726ebf6ed796bc57464766e39
noise,data/processed/cwe_119_noise_ratio_preserved/ratio_75_25/seed_1/clean/valid.jsonl,exact,234538,4672150efc8dc768b5958228cc100850c44e0719362a0c349d9bedff340a1c6e
noise,data/processed/cwe_119_noise_ratio_preserved/ratio_75_25/seed_1/heuristic_fp_10/metadata.json,json_without_generated_at_utc,1386,0eb270b7d663a5f0c845fa65e592aa677d3e737491a83fd5382f8be3be7827d9
noise,data/processed/cwe_119_noise_ratio_preserved/ratio_75_25/seed_1/heuristic_fp_10/train.jsonl,exact,14255973,1333ddf2cb47f60db450fa96b20efa967880b47a75d3369744d2538dc2aae54a
noise,data/processed/cwe_119_noise_ratio_preserved/ratio_75_25/seed_1/heuristic_fp_10/valid.jsonl,exact,235830,f66dcb11fbb4a1aa0fb3b4def44a771ffe6df90d84ffc38e8a8f49c1522357f9
noise,data/processed/cwe_119_noise_ratio_preserved/ratio_75_25/seed_1/heuristic_fp_20/metadata.json,json_without_generated_at_utc,1387,38a726c1a9a85355b154b9c0c0c9fb33741767a2a569d7e65978254a939b320c
noise,data/processed/cwe_119_noise_ratio_preserved/ratio_75_25/seed_1/heuristic_fp_20/train.jsonl,exact,17474786,1dfe622a635a79f85b9819687410e3d39bf64ee4cda7384b286282a145e40f9c
noise,data/processed/cwe_119_noise_ratio_preserved/ratio_75_25/seed_1/heuristic_fp_20/valid.jsonl,exact,235830,67cca29eb6c045502718f2d6fd781e5e6e064d6d2ca9d7ff3e5428e78b1c1e95
noise,data/processed/cwe_119_noise_ratio_preserved/ratio_75_25/seed_1/random_flip_10/metadata.json,json_without_generated_at_utc,1376,c6100a0d359e2cc52e6ba9f473040ef51327bfe8d6f0bb15e9d0ec01aaf4f2a1
noise,data/processed/cwe_119_noise_ratio_preserved/ratio_75_25/seed_1/random_flip_10/train.jsonl,exact,10826259,45025eab9de099d7d94c6c21a499fec2f82181bd1209350af137cf4f2294bcc4
noise,data/processed/cwe_119_noise_ratio_preserved/ratio_75_25/seed_1/random_flip_10/valid.jsonl,exact,235678,a1c84f623490291d63d826e809a0cf3d17936fb4fb65a2c107d96913badc6176
noise,data/processed/cwe_119_noise_ratio_preserved/ratio_75_25/seed_1/random_flip_20/metadata.json,json_without_generated_at_utc,1376,71433191fa41806fc396ac8e68ab899ac6be629ec63f646b5ae9ea427e044cbc
noise,data/processed/cwe_119_noise_ratio_preserved/ratio_75_25/seed_1/random_flip_20/train.jsonl,exact,10827891,f249668fb56a792c2dab53f4cea0d6581a47bc2f14f87321c14e68d0ce5d234a
noise,data/processed/cwe_119_noise_ratio_preserved/ratio_75_25/seed_1/random_flip_20/valid.jsonl,exact,235678,f0741980747fe720ef7eb02d450de2060cb75ee718673b296fa91b0948d2dc37
noise,data/processed/cwe_119_noise_ratio_preserved/ratio_75_25/seed_1/random_fp_10/metadata.json,json_without_generated_at_utc,1348,4100132b5490787ad18554a6fe45904bdfc066aa29973a3ba7804942764becea
noise,data/processed/cwe_119_noise_ratio_preserved/ratio_75_25/seed_1/random_fp_10/train.jsonl,exact,14184790,b66b1379cc81c02c3f09993fadb5119c65d582374745631ec6853fd1c4bf3347
noise,data/processed/cwe_119_noise_ratio_preserved/ratio_75_25/seed_1/random_fp_10/valid.jsonl,exact,235374,f0c2150317d808c9f5ccf4d8ed8bf6963b589d80b54405afd9cea2f10b6e500f
noise,data/processed/cwe_119_noise_ratio_preserved/ratio_75_25/seed_1/random_fp_20/metadata.json,json_without_generated_at_utc,1349,4094fef419154aab0f8a3f4fff10cf8739e7b4019578e3d519a789da1a2fa84a
noise,data/processed/cwe_119_noise_ratio_preserved/ratio_75_25/seed_1/random_fp_20/train.jsonl,exact,17323728,1e768a93b4bce2c59dd938912ed83419c4eefb4b513c98acd97d43ed0ce890a2
noise,data/processed/cwe_119_noise_ratio_preserved/ratio_75_25/seed_1/random_fp_20/valid.jsonl,exact,235374,c8ab28d7dc58d0a1992d45e8ceb153a2e804fec6d38ba05b92791d9e24c0cedc
noise,data/processed/cwe_119_noise_ratio_preserved/ratio_75_25/seed_2/clean/metadata.json,json_without_generated_at_utc,1214,5f91873f8651766e1bcdbf036b6ffa7c5cdcc72cb4f42b5bc1867e11ae8b3779
noise,data/processed/cwe_119_noise_ratio_preserved/ratio_75_25/seed_2/clean/train.jsonl,exact,10822806,3b9d115825635d9d44f5c2cdec58af0e3f1e9e047e3d68de2912b53e5e8860f1
noise,data/processed/cwe_119_noise_ratio_preserved/ratio_75_25/seed_2/clean/valid.jsonl,exact,249405,538fe4407ca62fe12fcedf73fb262220c45437630a1720b5508c64a3450d2123
noise,data/processed/cwe_119_noise_ratio_preserved/ratio_75_25/seed_2/heuristic_fp_10/metadata.json,json_without_generated_at_utc,1386,14e733d2a2c2d313f8cab264728f0a79ad25c3ca1258f75a14832c843f160975
noise,data/processed/cwe_119_noise_ratio_preserved/ratio_75_25/seed_2/heuristic_fp_10/train.jsonl,exact,14243559,72411dd0e99de13d82838930847c3f439cc19fd66a16d76054874cdd3a88aee7
noise,data/processed/cwe_119_noise_ratio_preserved/ratio_75_25/seed_2/heuristic_fp_10/valid.jsonl,exact,250697,2b76570eb4397d5ac29ea93e76c032e25b05c9af95e46d37fdd02060a594c044
noise,data/processed/cwe_119_noise_ratio_preserved/ratio_75_25/seed_2/heuristic_fp_20/metadata.json,json_without_generated_at_utc,1387,a6cd66a22a75eed3ceed62687f0550e070397e3fc22dca7b6a56da0f92872580
noise,data/processed/cwe_119_noise_ratio_preserved/ratio_75_25/seed_2/heuristic_fp_20/train.jsonl,exact,17450743,0e4fd1431f304b856fe9746aece7c06dd8babc565c189600712c54b0599b0ed6
noise,data/processed/cwe_119_noise_ratio_preserved/ratio_75_25/seed_2/heuristic_fp_20/valid.jsonl,exact,250697,faca8d631fac3ff7d445daeb72c9fe067ddeb1ad36cadb2918b9fe078e5ee476
noise,data/processed/cwe_119_noise_ratio_preserved/ratio_75_25/seed_2/random_flip_10/metadata.json,json_without_generated_at_utc,1376,d5efa0d8b0db913b1133b08ea69b34427a0351cc8b63351801022aba7ed16c8e
noise,data/processed/cwe_119_noise_ratio_preserved/ratio_75_25/seed_2/random_flip_10/train.jsonl,exact,10865178,89ef5fa145cfe45ed30d4b74bec52f37fc95e847b545085a8fc7f30a0b32136c
noise,data/processed/cwe_119_noise_ratio_preserved/ratio_75_25/seed_2/random_flip_10/valid.jsonl,exact,250545,65fee7e6562edf37040fcd9f4cd588db57349322a429355ce404974d2ebee5fd
noise,data/processed/cwe_119_noise_ratio_preserved/ratio_75_25/seed_2/random_flip_20/metadata.json,json_without_generated_at_utc,1376,b4aebef3968f2c48d5084f27f900c4b1b3fde05c5304eb9452ad8ccf6b525e25
noise,data/processed/cwe_119_noise_ratio_preserved/ratio_75_25/seed_2/random_flip_20/train.jsonl,exact,10866810,aa21ae87d88104ac8c6ac4ffcf91197bb7370887ec83abb658cccf673774f849
noise,data/processed/cwe_119_noise_ratio_preserved/ratio_75_25/seed_2/random_flip_20/valid.jsonl,exact,250545,ff0661c312c3c6f4918c3930b83de96464a69c8826fbca5eab745ea68ba4dcd9
noise,data/processed/cwe_119_noise_ratio_preserved/ratio_75_25/seed_2/random_fp_10/metadata.json,json_without_generated_at_utc,1348,63f0fba9c820be16919805663a8895b3b6e718996d7b6999b2c55d4b16977a46
noise,data/processed/cwe_119_noise_ratio_preserved/ratio_75_25/seed_2/random_fp_10/train.jsonl,exact,13964235,4dbe207c5ff16351b9ebc6243d27124cb34eabbcb4c440e539d420e405a46751
noise,data/processed/cwe_119_noise_ratio_preserved/ratio_75_25/seed_2/random_fp_10/valid.jsonl,exact,250241,921cd67e3b465a1bbba202c9caeec731cefff40b14ac369e975137c238629624
noise,data/processed/cwe_119_noise_ratio_preserved/ratio_75_25/seed_2/random_fp_20/metadata.json,json_without_generated_at_utc,1349,e045cf15378f968e3986e40776b6ae47c978a013d7483c93d0291f439d4231a9
noise,data/processed/cwe_119_noise_ratio_preserved/ratio_75_25/seed_2/random_fp_20/train.jsonl,exact,17400280,7292f06b6e4a247de632758fba8a0d21e8420e6aaf44ce566eda4b99cd72790f
noise,data/processed/cwe_119_noise_ratio_preserved/ratio_75_25/seed_2/random_fp_20/valid.jsonl,exact,250241,07159e39c8276262b160a00d118fff259b83e5c1c088f10977677e56176afeb0
noise,data/processed/cwe_119_noise_ratio_preserved/ratio_75_25/seed_3/clean/metadata.json,json_without_generated_at_utc,1214,4806207e70a8742b02094f8c951ca4ccf6ec079a4cbae20e8af7f1dacb10f7cc
noise,data/processed/cwe_119_noise_ratio_preserved/ratio_75_25/seed_3/clean/train.jsonl,exact,10730141,d897809044d4df05fd710a50d2008988b2d87b6ddf380ce4909e273dbb1d9721
noise,data/processed/cwe_119_noise_ratio_preserved/ratio_75_25/seed_3/clean/valid.jsonl,exact,257659,9e48628299d767fca45e925aa64caa5938d5f9ef11cb8697385838980a61662b
noise,data/processed/cwe_119_noise_ratio_preserved/ratio_75_25/seed_3/heuristic_fp_10/metadata.json,json_without_generated_at_utc,1386,5f59a3aeefca9f6b27ce90633a4a211e26dd323738682ad911a5ea71f031cb83
noise,data/processed/cwe_119_noise_ratio_preserved/ratio_75_25/seed_3/heuristic_fp_10/train.jsonl,exact,14165440,1e12aa6a847c5fd93e83c058a87cb1feb71628c8178b64a3a35654c2d1a82a3b
noise,data/processed/cwe_119_noise_ratio_preserved/ratio_75_25/seed_3/heuristic_fp_10/valid.jsonl,exact,258951,44bce4e6568ea97028b1086a57e69431add8574c644f2d8588fbdec0dba99b1d
noise,data/processed/cwe_119_noise_ratio_preserved/ratio_75_25/seed_3/heuristic_fp_20/metadata.json,json_without_generated_at_utc,1387,a49612f01351434947692df0c277014c9d2a93301acbec51032e606e98be5c96
noise,data/processed/cwe_119_noise_ratio_preserved/ratio_75_25/seed_3/heuristic_fp_20/train.jsonl,exact,17531094,adddd48931153c86e24001052e134bb37f3c4c01b16c00131591baed9346ae0e
noise,data/processed/cwe_119_noise_ratio_preserved/ratio_75_25/seed_3/heuristic_fp_20/valid.jsonl,exact,258951,418635056a8ee8d604a7962f5e8e0441f510725b80536d4619b27b61f3b90cb7
noise,data/processed/cwe_119_noise_ratio_preserved/ratio_75_25/seed_3/random_flip_10/metadata.json,json_without_generated_at_utc,1376,727402ab64509a6fd4b177caf29cb2d4f51c78dbb12f09eb74dae97d0c5e86b3
noise,data/processed/cwe_119_noise_ratio_preserved/ratio_75_25/seed_3/random_flip_10/train.jsonl,exact,10772513,4600829222b10842e611878a80c33948dbcd8d9e8d784523071c58ebebcc541f
noise,data/processed/cwe_119_noise_ratio_preserved/ratio_75_25/seed_3/random_flip_10/valid.jsonl,exact,258799,238f6481c6fc374d88413d68d1958d41fa402f759258c69dd9bee534344497fb
noise,data/processed/cwe_119_noise_ratio_preserved/ratio_75_25/seed_3/random_flip_20/metadata.json,json_without_generated_at_utc,1376,27707933b969c067befb6f3063ffcc13e67b210869b280c224f23f681ad10e3f
noise,data/processed/cwe_119_noise_ratio_preserved/ratio_75_25/seed_3/random_flip_20/train.jsonl,exact,10774145,54bcf9fa30ca084701da77bbe33b3c2af34cc480a094ce7df250eb2b284d8114
noise,data/processed/cwe_119_noise_ratio_preserved/ratio_75_25/seed_3/random_flip_20/valid.jsonl,exact,258799,ab8854ed75e60ae8b62d02da3a0c209f7d06089df497667f244d8edccb1d091f
noise,data/processed/cwe_119_noise_ratio_preserved/ratio_75_25/seed_3/random_fp_10/metadata.json,json_without_generated_at_utc,1348,474cbd1fc823e7e15673c1df75d489f1f78482723201b0ebd43b64d7583bc40c
noise,data/processed/cwe_119_noise_ratio_preserved/ratio_75_25/seed_3/random_fp_10/train.jsonl,exact,14057279,93a4177ed7faf2846d2068539017305f61633e271e628e17b689e5039e4320a7
noise,data/processed/cwe_119_noise_ratio_preserved/ratio_75_25/seed_3/random_fp_10/valid.jsonl,exact,258495,ebac136db45319f5c12f3037be5852e42bf594133c386cdae745822b5a1b6e76
noise,data/processed/cwe_119_noise_ratio_preserved/ratio_75_25/seed_3/random_fp_20/metadata.json,json_without_generated_at_utc,1349,d4c03a770bd37f5c5646429203411c06f5906e3713e10b8747627236667ed0ad
noise,data/processed/cwe_119_noise_ratio_preserved/ratio_75_25/seed_3/random_fp_20/train.jsonl,exact,17130841,19e2353122cfbe0783a9a54560ef2a73da3004c035ef792f2aa17074e3aefe01
noise,data/processed/cwe_119_noise_ratio_preserved/ratio_75_25/seed_3/random_fp_20/valid.jsonl,exact,258495,ba4cea7afb243b6bae360b30cbc49435aefdd8fdd13122a6f62e44b9a5d8a86c
noise,data/processed/cwe_119_noise_ratio_preserved/ratio_75_25/seed_4/clean/metadata.json,json_without_generated_at_utc,1214,f6fbf23c81848f443ec391676f7fb91cdb04c99763fa04082a0679b3087de4df
noise,data/processed/cwe_119_noise_ratio_preserved/ratio_75_25/seed_4/clean/train.jsonl,exact,10947806,79faaf36a364720a72eeb0a4473d5e14b59611131425c31c61eed9bf48f6cfde
noise,data/processed/cwe_119_noise_ratio_preserved/ratio_75_25/seed_4/clean/valid.jsonl,exact,267104,3a3db86fc2be67e516e6002be1effe84377741806bb04b1ec2c4bc30f3973677
noise,data/processed/cwe_119_noise_ratio_preserved/ratio_75_25/seed_4/heuristic_fp_10/metadata.json,json_without_generated_at_utc,1386,b74fc2557fc078631b8bf00748f7f00d66f8fd56dcbd343d10832fb146ae89ae
noise,data/processed/cwe_119_noise_ratio_preserved/ratio_75_25/seed_4/heuristic_fp_10/train.jsonl,exact,14076036,a1a855e62f9da198561150926fe21582dc52ea467b74b5a5d775de67cdad1947
noise,data/processed/cwe_119_noise_ratio_preserved/ratio_75_25/seed_4/heuristic_fp_10/valid.jsonl,exact,268396,ce32a76b11c7483930a9abceda1fc0e9e96b931a5a091551ed25b56b344bc24a
noise,data/processed/cwe_119_noise_ratio_preserved/ratio_75_25/seed_4/heuristic_fp_20/metadata.json,json_without_generated_at_utc,1387,9267e311f10519712d337a2bc7435f5fb4cb0bf5c02afefc6831e3bec343a4a6
noise,data/processed/cwe_119_noise_ratio_preserved/ratio_75_25/seed_4/heuristic_fp_20/train.jsonl,exact,17535030,26d533314f3294e3640fe31ab4f5bad0cf84d42715c43b1d2ca5522bc305499c
noise,data/processed/cwe_119_noise_ratio_preserved/ratio_75_25/seed_4/heuristic_fp_20/valid.jsonl,exact,268396,fb4932536602182856ec30da082ca9468b5dea42f477beec50f70c3bb60c79c6
noise,data/processed/cwe_119_noise_ratio_preserved/ratio_75_25/seed_4/random_flip_10/metadata.json,json_without_generated_at_utc,1376,37d57c6f717b4f541ae1812b474b76a3a86a737b707283b72849b4828e614f2a
noise,data/processed/cwe_119_noise_ratio_preserved/ratio_75_25/seed_4/random_flip_10/train.jsonl,exact,10990178,d3bb192a72daede2a30f97d37748992e554070419f82364c9ca42213fe54eb57
noise,data/processed/cwe_119_noise_ratio_preserved/ratio_75_25/seed_4/random_flip_10/valid.jsonl,exact,268244,23eda052d516eea1940848be187fa3954f61088ab652b46db0a8ff99ab0f2c8a
noise,data/processed/cwe_119_noise_ratio_preserved/ratio_75_25/seed_4/random_flip_20/metadata.json,json_without_generated_at_utc,1376,dedb69954956eee10e0ab3fe85aec8f33a3b50239adf37217490d348636716ef
noise,data/processed/cwe_119_noise_ratio_preserved/ratio_75_25/seed_4/random_flip_20/train.jsonl,exact,10991810,07acb4befb6f47afc79c379b476b3cd0db91afcf294a01b7dcb41ee1c1851db4
noise,data/processed/cwe_119_noise_ratio_preserved/ratio_75_25/seed_4/random_flip_20/valid.jsonl,exact,268244,e8acf9095049032da14e0f33628bfbcb67ab8501d836ba3c6ef92d8f1c1d6370
noise,data/processed/cwe_119_noise_ratio_preserved/ratio_75_25/seed_4/random_fp_10/metadata.json,json_without_generated_at_utc,1348,ae4d4a22ea542b3e69e27090a2224c017c508b5c9da5d09ae9562d8f700a8178
noise,data/processed/cwe_119_noise_ratio_preserved/ratio_75_25/seed_4/random_fp_10/train.jsonl,exact,14372739,f78a52a77ca1e6cbede7cdf3d3a3235ee88b3e3c62ac9e704c36edc72b97e09c
noise,data/processed/cwe_119_noise_ratio_preserved/ratio_75_25/seed_4/random_fp_10/valid.jsonl,exact,267940,c62d0e34907b2177af3304b98ce4bb0fc1a0200fb739f6288efbb9a1f931318c
noise,data/processed/cwe_119_noise_ratio_preserved/ratio_75_25/seed_4/random_fp_20/metadata.json,json_without_generated_at_utc,1349,8e2de00330dcffe687b5e73dbc847f751a01dc7081353975d71a97a02f4452f2
noise,data/processed/cwe_119_noise_ratio_preserved/ratio_75_25/seed_4/random_fp_20/train.jsonl,exact,17866761,9c689681df46debff70ca7c7a60a211c2fcb6268b3953fa8074642db7d5ffa32
noise,data/processed/cwe_119_noise_ratio_preserved/ratio_75_25/seed_4/random_fp_20/valid.jsonl,exact,267940,e516a4d78cb685cf5683534850573d2ac49ffbcc9ec3e9a36bb21a0298584a43
noise,data/processed/cwe_119_noise_ratio_preserved/ratio_75_25/seed_5/clean/metadata.json,json_without_generated_at_utc,1214,d83f91febfb704d5d03b3d481b48786639ff8d8954d7f4cf423a202a29ac64b2
noise,data/processed/cwe_119_noise_ratio_preserved/ratio_75_25/seed_5/clean/train.jsonl,exact,10449591,9468e23824bb4d4dc914e2a39c2319c21063ef1e6582721350ad08ce0bc5be47
noise,data/processed/cwe_119_noise_ratio_preserved/ratio_75_25/seed_5/clean/valid.jsonl,exact,250942,24ba6e5665044de74fce5b2450831135b330b95efb9bdda0f7fd7a77ccc55b6f
noise,data/processed/cwe_119_noise_ratio_preserved/ratio_75_25/seed_5/heuristic_fp_10/metadata.json,json_without_generated_at_utc,1386,072b34fcbe50d5522784e6241f7770e829a0fe0f3f6aeebd6558a855026ca3ad
noise,data/processed/cwe_119_noise_ratio_preserved/ratio_75_25/seed_5/heuristic_fp_10/train.jsonl,exact,13610118,a79f0b1d8d08074ab4f37a883f76ef22eec688c243bdc6aa668f60ebd153af1c
noise,data/processed/cwe_119_noise_ratio_preserved/ratio_75_25/seed_5/heuristic_fp_10/valid.jsonl,exact,252234,d57429f04e1bf721c8e9b0219d3248c5ae12874472e654c54511e2c770ee16c1
noise,data/processed/cwe_119_noise_ratio_preserved/ratio_75_25/seed_5/heuristic_fp_20/metadata.json,json_without_generated_at_utc,1387,dbc1da212ba575a2230804bf883ff5c931b383fbcf3737332cc5afd890be50d3
noise,data/processed/cwe_119_noise_ratio_preserved/ratio_75_25/seed_5/heuristic_fp_20/train.jsonl,exact,16919516,b2a2a18d6e37deb878a7571a1baa742792fbf10804c1bae2fd3a229b631cfd1c
noise,data/processed/cwe_119_noise_ratio_preserved/ratio_75_25/seed_5/heuristic_fp_20/valid.jsonl,exact,252234,414d09febc2ffbec37fd2447c326c741c6e4dffa910a47c2c3654d8b0869a1b0
noise,data/processed/cwe_119_noise_ratio_preserved/ratio_75_25/seed_5/random_flip_10/metadata.json,json_without_generated_at_utc,1376,025accc62f54cb5be55763d3d4709035812934c51daea35be901dce10dda8524
noise,data/processed/cwe_119_noise_ratio_preserved/ratio_75_25/seed_5/random_flip_10/train.jsonl,exact,10491963,18684e31565b2b6a847459842eb06b23a42d611ec364a04310d11d2eb15f72c0
noise,data/processed/cwe_119_noise_ratio_preserved/ratio_75_25/seed_5/random_flip_10/valid.jsonl,exact,252082,f4056b86add6b1e40ce925ba3f6d6e5ff5b18dd512694dd2c18718691f1b2d1e
noise,data/processed/cwe_119_noise_ratio_preserved/ratio_75_25/seed_5/random_flip_20/metadata.json,json_without_generated_at_utc,1376,7a8eb33e8d97c2bd80e9dbcfddec7e37d24013a4b54a7645f66ce59fa39eeac9
noise,data/processed/cwe_119_noise_ratio_preserved/ratio_75_25/seed_5/random_flip_20/train.jsonl,exact,10493595,1d6e5f9a79f0cda2e55c4b4f27a5e00dde82e3d9f0d552c1f0043fd4e79fd197
noise,data/processed/cwe_119_noise_ratio_preserved/ratio_75_25/seed_5/random_flip_20/valid.jsonl,exact,252082,da6cc19dea6b5127e9c69ae5526c7fbafef429522d1f910f33e5a3a475fefe02
noise,data/processed/cwe_119_noise_ratio_preserved/ratio_75_25/seed_5/random_fp_10/metadata.json,json_without_generated_at_utc,1348,78e6723f1ebb9e0c8895fc4d1895c3efcf4a427ebf1cf70132ea1b4fc84613f9
noise,data/processed/cwe_119_noise_ratio_preserved/ratio_75_25/seed_5/random_fp_10/train.jsonl,exact,13740767,e0b081dadfa19f778bb2e6e8e69ee06172cfcd7dd6258f0ae3619b5fc76f8995
noise,data/processed/cwe_119_noise_ratio_preserved/ratio_75_25/seed_5/random_fp_10/valid.jsonl,exact,251778,d479b66a2580158e810a80665dedc842e5e492d47027955bc9da0d38ae73a1d4
noise,data/processed/cwe_119_noise_ratio_preserved/ratio_75_25/seed_5/random_fp_20/metadata.json,json_without_generated_at_utc,1349,98733a6088001c1c5c6e82732f67844a00a20e0654401686262e9cab9567793a
noise,data/processed/cwe_119_noise_ratio_preserved/ratio_75_25/seed_5/random_fp_20/train.jsonl,exact,16855890,c9ae31cec77a217e8e5e82512498386cf1774994ce60ef715f17c8014a1745aa
noise,data/processed/cwe_119_noise_ratio_preserved/ratio_75_25/seed_5/random_fp_20/valid.jsonl,exact,251778,a6ece457e65620e6b9eb1a3851a3e272d2b5cff6c6f6be6a8f058f6c559f2cac
noise,data/processed/cwe_119_noise_ratio_preserved/ratio_80_20/seed_1/clean/metadata.json,json_without_generated_at_utc,1214,b33716eb441fa6981ad1b0f2bb5505c2e25519e4dff6295dbb67d3c79af5d036
noise,data/processed/cwe_119_noise_ratio_preserved/ratio_80_20/seed_1/clean/train.jsonl,exact,12895661,ae62f76be0813d51e26ff84077c54e31c3d158a5d89302420700becbb478bb01
noise,data/processed/cwe_119_noise_ratio_preserved/ratio_80_20/seed_1/clean/valid.jsonl,exact,464089,b4faf38d13f497aef77d74b581fb1f91fc1b1134a50a0ea86082f5ded43d512d
noise,data/processed/cwe_119_noise_ratio_preserved/ratio_80_20/seed_1/heuristic_fp_10/metadata.json,json_without_generated_at_utc,1388,b0927beb759edf183690d2617d0e4f28ad78d4ff0e7d160751517f336af67c2c
noise,data/processed/cwe_119_noise_ratio_preserved/ratio_80_20/seed_1/heuristic_fp_10/train.jsonl,exact,18206906,45a4ea3d17b38323cc7238cdcbacad376d381a594b04e2dd2712c2ef4628e388
noise,data/processed/cwe_119_noise_ratio_preserved/ratio_80_20/seed_1/heuristic_fp_10/valid.jsonl,exact,465704,50845c732135e8889fb10cbf42707d62d139bba2b571cec2ae489303ae7becb9
noise,data/processed/cwe_119_noise_ratio_preserved/ratio_80_20/seed_1/heuristic_fp_20/metadata.json,json_without_generated_at_utc,1388,22d2554d8f07f4fe37a66a2a693d7159b4cd46608bb6efcdd7539d14134c6b5f
noise,data/processed/cwe_119_noise_ratio_preserved/ratio_80_20/seed_1/heuristic_fp_20/train.jsonl,exact,23449649,142bd02d152a1731c04465555e7cc6a7f774bb056951b4bb1e7f754c947b8820
noise,data/processed/cwe_119_noise_ratio_preserved/ratio_80_20/seed_1/heuristic_fp_20/valid.jsonl,exact,465704,5f7a2b1d87766ec7c4c0d936045a444de0f021fe9d17f30c0446f15c2ab12b89
noise,data/processed/cwe_119_noise_ratio_preserved/ratio_80_20/seed_1/random_flip_10/metadata.json,json_without_generated_at_utc,1376,ca786e57494199851e6112bde6aed08209c2e9ec8b36a98c318503e0e3e7e933
noise,data/processed/cwe_119_noise_ratio_preserved/ratio_80_20/seed_1/random_flip_10/train.jsonl,exact,12948626,cb1ab8e3a7f0459a500b2b436058fceb8ede6e7d4e7cd3d0fc70eceb495ef25d
noise,data/processed/cwe_119_noise_ratio_preserved/ratio_80_20/seed_1/random_flip_10/valid.jsonl,exact,465514,ef7de09f42b7ee77ab2c8cdbd39a87585f31fd80dd586434c4c80bd680581957
noise,data/processed/cwe_119_noise_ratio_preserved/ratio_80_20/seed_1/random_flip_20/metadata.json,json_without_generated_at_utc,1376,f65b5479b8a901b41bb9344f906c78db30f35076afeb9b43aba770d0921b8842
noise,data/processed/cwe_119_noise_ratio_preserved/ratio_80_20/seed_1/random_flip_20/train.jsonl,exact,12950666,b822b681eeeb564e957798b1c853ac981750eeb3792f3adcb52c8a123af07586
noise,data/processed/cwe_119_noise_ratio_preserved/ratio_80_20/seed_1/random_flip_20/valid.jsonl,exact,465514,9fcc81548ce70b7b917eadcc4a6a1cfd972fe0681d90c23614d42c64d7abba30
noise,data/processed/cwe_119_noise_ratio_preserved/ratio_80_20/seed_1/random_fp_10/metadata.json,json_without_generated_at_utc,1349,a632bcbdcc0614487aca2357c95f6ef17bf80700793b52d41f1c3396ecaca667
noise,data/processed/cwe_119_noise_ratio_preserved/ratio_80_20/seed_1/random_fp_10/train.jsonl,exact,17967152,9a1f1397b796ab8da3a9c2771e1ae2e55070a7aca0b62b0c9fb959261ba79ee7
noise,data/processed/cwe_119_noise_ratio_preserved/ratio_80_20/seed_1/random_fp_10/valid.jsonl,exact,465134,52493aa895158b39763c8cd5214d5fad92fc8d3ddd1a0eed7876f95f394248ce
noise,data/processed/cwe_119_noise_ratio_preserved/ratio_80_20/seed_1/random_fp_20/metadata.json,json_without_generated_at_utc,1349,53910368e4d0da71b1c0e9d4b74b8bb0c350292b78d36a6a4f233c0bac1dfdc5
noise,data/processed/cwe_119_noise_ratio_preserved/ratio_80_20/seed_1/random_fp_20/train.jsonl,exact,23369295,630b72c42ae97388f31fcfb7e27293e2a4a59f8abde625b541b5a21dd9d4cc65
noise,data/processed/cwe_119_noise_ratio_preserved/ratio_80_20/seed_1/random_fp_20/valid.jsonl,exact,465134,3304d5265e1d91312c13fdf59814d82396ef7575434e56a99330609968ec07b4
noise,data/processed/cwe_119_noise_ratio_preserved/ratio_80_20/seed_2/clean/metadata.json,json_without_generated_at_utc,1214,1d606bad00d78330c80ebe757a9f1ce39fea5f9e1d959902c86938a8718957e5
noise,data/processed/cwe_119_noise_ratio_preserved/ratio_80_20/seed_2/clean/train.jsonl,exact,13494555,4ec0e72fe6c65dbb12a64e28c38f659319dea9d8653d99adea9f3160fb76ab5f
noise,data/processed/cwe_119_noise_ratio_preserved/ratio_80_20/seed_2/clean/valid.jsonl,exact,278385,0c2d74e664e994ad712a3bbb9dde714d07956e04089338dc99e53b443df9ab1d
noise,data/processed/cwe_119_noise_ratio_preserved/ratio_80_20/seed_2/heuristic_fp_10/metadata.json,json_without_generated_at_utc,1388,b0f718b7f57b703c5fc3ae6f6ccc57c66ff29e2820eb8f0b438917358eab4929
noise,data/processed/cwe_119_noise_ratio_preserved/ratio_80_20/seed_2/heuristic_fp_10/train.jsonl,exact,18841974,5d29e3d7e872ce5db427a59e4576ba12e0a26f606655b5491becfecb7f898984
noise,data/processed/cwe_119_noise_ratio_preserved/ratio_80_20/seed_2/heuristic_fp_10/valid.jsonl,exact,280000,ec5cd85fac76bcab82be22859a8c51213b4c7baeb4234fc86ae0c38bf8d7eca2
noise,data/processed/cwe_119_noise_ratio_preserved/ratio_80_20/seed_2/heuristic_fp_20/metadata.json,json_without_generated_at_utc,1388,bed9f02376703e600f5e4bac9fb2715a7a6249d4eb18102f7fe3d27f1e4c87b0
noise,data/processed/cwe_119_noise_ratio_preserved/ratio_80_20/seed_2/heuristic_fp_20/train.jsonl,exact,23913711,d8290a21b8ec99acb205db84faa9d92ec07161a8a08093e4f73ea15be88c179f
noise,data/processed/cwe_119_noise_ratio_preserved/ratio_80_20/seed_2/heuristic_fp_20/valid.jsonl,exact,280000,8482195a7255cdd0434bf3517ed4507e386ebb8f2e9a3e7c8044e857e0092ba9
noise,data/processed/cwe_119_noise_ratio_preserved/ratio_80_20/seed_2/random_flip_10/metadata.json,json_without_generated_at_utc,1376,1a6b2968e17f170e83a7d0360fed172849e31c172d0f7c3c4912d2d77bbb8a20
noise,data/processed/cwe_119_noise_ratio_preserved/ratio_80_20/seed_2/random_flip_10/train.jsonl,exact,13547520,9c477bc48f7c4201678cfec3a706c87df7ff8633de3baa1df5aea31c99766801
noise,data/processed/cwe_119_noise_ratio_preserved/ratio_80_20/seed_2/random_flip_10/valid.jsonl,exact,279810,4b64137c515d5386abb8d6c28708cdc2bf255266370d56aebda10ed6cc14cd62
noise,data/processed/cwe_119_noise_ratio_preserved/ratio_80_20/seed_2/random_flip_20/metadata.json,json_without_generated_at_utc,1376,f9f70d29f70452fb4f9c25a2b73c16e29b564a23d037221d25019f2604c3e855
noise,data/processed/cwe_119_noise_ratio_preserved/ratio_80_20/seed_2/random_flip_20/train.jsonl,exact,13549560,c8eccc96cb550a23b34e80f238ddddfeed35e32fcc4b2ca3604cf1ebb244d53b
noise,data/processed/cwe_119_noise_ratio_preserved/ratio_80_20/seed_2/random_flip_20/valid.jsonl,exact,279810,ee0780951829ded19328c350a12b36f46fc0871f9270ab1b0704c199d4f3b5a2
noise,data/processed/cwe_119_noise_ratio_preserved/ratio_80_20/seed_2/random_fp_10/metadata.json,json_without_generated_at_utc,1349,3a083b19d26e8f0cda8ab3eac3624b569ff7e7a9a9005dcb6086156227b35a0a
noise,data/processed/cwe_119_noise_ratio_preserved/ratio_80_20/seed_2/random_fp_10/train.jsonl,exact,18662869,01e3fb99a048e5084595efe6c30be755ae57b857dc2e1c0c284e3e8af9a4b583
noise,data/processed/cwe_119_noise_ratio_preserved/ratio_80_20/seed_2/random_fp_10/valid.jsonl,exact,279430,2aee47e3d1a55f22a34ca5bcefe22b1c57033ad35f5647b7b267fd30035483e3
noise,data/processed/cwe_119_noise_ratio_preserved/ratio_80_20/seed_2/random_fp_20/metadata.json,json_without_generated_at_utc,1349,b06b01f11984ca08f629df9ba6fba12d1e8502969a2535aa39c81f0132ee065e
noise,data/processed/cwe_119_noise_ratio_preserved/ratio_80_20/seed_2/random_fp_20/train.jsonl,exact,23708791,46dafdf503081c3d2f2a0d41f9f8c0dc874c5b736bd950344a0a33951d6ef51e
noise,data/processed/cwe_119_noise_ratio_preserved/ratio_80_20/seed_2/random_fp_20/valid.jsonl,exact,279430,73f0800207142c22eb900e7ad4b055c69ed90e3d6179ab363e0fa744187bddaf
noise,data/processed/cwe_119_noise_ratio_preserved/ratio_80_20/seed_3/clean/metadata.json,json_without_generated_at_utc,1214,b07e47dc69514697a6af2a9f7dce0c8bfb79c869804c5bb244239444e60c5828
noise,data/processed/cwe_119_noise_ratio_preserved/ratio_80_20/seed_3/clean/train.jsonl,exact,12490718,8e9a3d88941d558bb2aebbaff1faafed806c84c5d90002d3b781cfaf3270f50c
noise,data/processed/cwe_119_noise_ratio_preserved/ratio_80_20/seed_3/clean/valid.jsonl,exact,335171,735daad80ebe93a8ce777f13aec07af7df890789b73be666ff0780b607750546
noise,data/processed/cwe_119_noise_ratio_preserved/ratio_80_20/seed_3/heuristic_fp_10/metadata.json,json_without_generated_at_utc,1388,b39e6df27ede078ac8085d09e271e51d662597ba7708c354b1a63f1a52f428f6
noise,data/processed/cwe_119_noise_ratio_preserved/ratio_80_20/seed_3/heuristic_fp_10/train.jsonl,exact,17779175,deafac371494b1228a7b2370768e3b4f239a7e89fb14b8a2ac3864e1b52efdfd
noise,data/processed/cwe_119_noise_ratio_preserved/ratio_80_20/seed_3/heuristic_fp_10/valid.jsonl,exact,336786,b25b709c25598f468f3394063585d54f580f8fb3d35b3fc27257f55972637a1f
noise,data/processed/cwe_119_noise_ratio_preserved/ratio_80_20/seed_3/heuristic_fp_20/metadata.json,json_without_generated_at_utc,1388,f446199670f66422fa24f2ad8db643c74ad9e606fe493caa255138ca0fe571ea
noise,data/processed/cwe_119_noise_ratio_preserved/ratio_80_20/seed_3/heuristic_fp_20/train.jsonl,exact,22667715,08590bf2602f9eb94c1c9b7b341f058b1ade33d4a24ae47b0918f1f7f8bcaa7d
noise,data/processed/cwe_119_noise_ratio_preserved/ratio_80_20/seed_3/heuristic_fp_20/valid.jsonl,exact,336786,0b040b2ee849e80815245bf4e1b0d9d0ec04d163a9550da935a32b7ae0d1b7fb
noise,data/processed/cwe_119_noise_ratio_preserved/ratio_80_20/seed_3/random_flip_10/metadata.json,json_without_generated_at_utc,1376,e80e447718a473d31cdfd7ed1dd79fc4025c43f356032b6231bc579b07e94e49
noise,data/processed/cwe_119_noise_ratio_preserved/ratio_80_20/seed_3/random_flip_10/train.jsonl,exact,12543683,e5762837997f705f3c1d1aca61021f4087962a981c996d0bfce5d7e7c0b00143
noise,data/processed/cwe_119_noise_ratio_preserved/ratio_80_20/seed_3/random_flip_10/valid.jsonl,exact,336596,720c1aa4cb2575a09a6018a275a753768f6455585eb1de89b4b2de24673d1d71
noise,data/processed/cwe_119_noise_ratio_preserved/ratio_80_20/seed_3/random_flip_20/metadata.json,json_without_generated_at_utc,1376,2cb7e32cf5673d66ced31923e3240d57fc274cc13bee158948ecb0ab34f3593b
noise,data/processed/cwe_119_noise_ratio_preserved/ratio_80_20/seed_3/random_flip_20/train.jsonl,exact,12545723,04cc5da657f5650f0d0ca9f1bffdcfe41be5755b915cb4899eb2ba1932a083db
noise,data/processed/cwe_119_noise_ratio_preserved/ratio_80_20/seed_3/random_flip_20/valid.jsonl,exact,336596,4dd5d89b860a6f603e435819712237b118ae330efa5a4c0b9ca4cd10d6751c16
noise,data/processed/cwe_119_noise_ratio_preserved/ratio_80_20/seed_3/random_fp_10/metadata.json,json_without_generated_at_utc,1349,c0d6fda7936707cb9df472cfaf7f705f570975dc27b479f1cd799fc662f95db5
noise,data/processed/cwe_119_noise_ratio_preserved/ratio_80_20/seed_3/random_fp_10/train.jsonl,exact,17728900,e0c2be02f62a66855e43e78ceb7607dfd7685ffaa5a5d569331e26001505b3a7
noise,data/processed/cwe_119_noise_ratio_preserved/ratio_80_20/seed_3/random_fp_10/valid.jsonl,exact,336216,3c07adfe4de4d42780d88e78b906bc7125b00a8f4dfe9d899d8298ebe8b01494
noise,data/processed/cwe_119_noise_ratio_preserved/ratio_80_20/seed_3/random_fp_20/metadata.json,json_without_generated_at_utc,1349,2870fe3e45289c965e0b414d02f294f8fca7413f7a4c4da5b0aeb9bb03c13de5
noise,data/processed/cwe_119_noise_ratio_preserved/ratio_80_20/seed_3/random_fp_20/train.jsonl,exact,23279842,d436a0d7852b93e3bd19c6701f01eab599ca00dfbb703c69cc22c5562f7cf8df
noise,data/processed/cwe_119_noise_ratio_preserved/ratio_80_20/seed_3/random_fp_20/valid.jsonl,exact,336216,4375fa85c3a9c38b34745a651858a5587dc95507b24b89462f902560e311d56e
noise,data/processed/cwe_119_noise_ratio_preserved/ratio_80_20/seed_4/clean/metadata.json,json_without_generated_at_utc,1214,2f5d279d03190869f55fac4c4087a5f3587e1373c448e5dca2f5d0ca6611851f
noise,data/processed/cwe_119_noise_ratio_preserved/ratio_80_20/seed_4/clean/train.jsonl,exact,13370818,73ba8e9152ac9b34785bf1303bc689cee7cb9d91a72940aa08bed5dd075531f5
noise,data/processed/cwe_119_noise_ratio_preserved/ratio_80_20/seed_4/clean/valid.jsonl,exact,327911,8059140de1eac860641140c28c9c11e83edf8d88a082d8facea84448472d5c69
noise,data/processed/cwe_119_noise_ratio_preserved/ratio_80_20/seed_4/heuristic_fp_10/metadata.json,json_without_generated_at_utc,1388,e8e3ffc6a5055dc942f85e15d6816f3e956e962f3b77fab2a3af2475c9301be9
noise,data/processed/cwe_119_noise_ratio_preserved/ratio_80_20/seed_4/heuristic_fp_10/train.jsonl,exact,18859204,f255a5182dc7d96b8addcfd22463a40448bffdf043854e1c46c0189e256a48d1
noise,data/processed/cwe_119_noise_ratio_preserved/ratio_80_20/seed_4/heuristic_fp_10/valid.jsonl,exact,329526,59279c776f5c1af661406c0297320f6d08dc1bea22ed3dfa06ff1555c435e5ca
noise,data/processed/cwe_119_noise_ratio_preserved/ratio_80_20/seed_4/heuristic_fp_20/metadata.json,json_without_generated_at_utc,1388,a8f29bf4ef79f0d6ba81bcd316c6344eaf22530c544890312c96fdbd2efc7e33
noise,data/processed/cwe_119_noise_ratio_preserved/ratio_80_20/seed_4/heuristic_fp_20/train.jsonl,exact,23927969,cd031d3dce8a0f416d8695a23bb06da34da32a3b5b3d538194390f951c6b7f3a
noise,data/processed/cwe_119_noise_ratio_preserved/ratio_80_20/seed_4/heuristic_fp_20/valid.jsonl,exact,329526,a9a1f17887c5c99ebe56795f64a84c86a702bf98446e372fc0852eaba8886c49
noise,data/processed/cwe_119_noise_ratio_preserved/ratio_80_20/seed_4/random_flip_10/metadata.json,json_without_generated_at_utc,1376,afa81da3cd06213ac72b0ccf22b37f9c61b84f60961cefe1c8be366df12343d5
noise,data/processed/cwe_119_noise_ratio_preserved/ratio_80_20/seed_4/random_flip_10/train.jsonl,exact,13423783,54fd57e9b7d849f32e40d8ad9f3cbc9f58caf3eb7d434844860de65ad60bf2cd
noise,data/processed/cwe_119_noise_ratio_preserved/ratio_80_20/seed_4/random_flip_10/valid.jsonl,exact,329336,f041740634327faad2a2c0492fdc6e2c9a84aba1f56fbff5fa4a025311a7f89f
noise,data/processed/cwe_119_noise_ratio_preserved/ratio_80_20/seed_4/random_flip_20/metadata.json,json_without_generated_at_utc,1376,dd88ae070037ec01f2c1f741413fb93ee6d65167595c27da255f89da82353d8f
noise,data/processed/cwe_119_noise_ratio_preserved/ratio_80_20/seed_4/random_flip_20/train.jsonl,exact,13425823,b4e2e9e2cdc0fca9041ae796efed1bb5a4f2bdd7a8bf3055b3fff85882388537
noise,data/processed/cwe_119_noise_ratio_preserved/ratio_80_20/seed_4/random_flip_20/valid.jsonl,exact,329336,73016bb5e00734d05e8eaf581c420d27479144cfc9e650bea34ca73b44d7cd89
noise,data/processed/cwe_119_noise_ratio_preserved/ratio_80_20/seed_4/random_fp_10/metadata.json,json_without_generated_at_utc,1349,06b5bd4bb7061dfcbcfbbc447e8dbc88bfc92623c4b9f11182aad3b450e3c0a8
noise,data/processed/cwe_119_noise_ratio_preserved/ratio_80_20/seed_4/random_fp_10/train.jsonl,exact,18468815,a25353de5782fcec1499f25ad3467e6dfa409897f005c2bc8c494b09db84f909
noise,data/processed/cwe_119_noise_ratio_preserved/ratio_80_20/seed_4/random_fp_10/valid.jsonl,exact,328956,14f546f0d90ef080306b34d5e7e98aea9a43dd525c28e6d024c01bbba50906f9
noise,data/processed/cwe_119_noise_ratio_preserved/ratio_80_20/seed_4/random_fp_20/metadata.json,json_without_generated_at_utc,1349,4755ffe9de2a62fbde435aa06208cd2a1307578db6e30828fcc718f516f6bf7c
noise,data/processed/cwe_119_noise_ratio_preserved/ratio_80_20/seed_4/random_fp_20/train.jsonl,exact,23652898,7955623e72a166c4ff47e855de0262a912789c009c20128069d876934d5a9aa8
noise,data/processed/cwe_119_noise_ratio_preserved/ratio_80_20/seed_4/random_fp_20/valid.jsonl,exact,328956,4c8cffbea0a8845c0c69f2d7d1a74d4acff609f08b2a5541d4482a23703e177e
noise,data/processed/cwe_119_noise_ratio_preserved/ratio_80_20/seed_5/clean/metadata.json,json_without_generated_at_utc,1214,bdbfdb29e6bbc89d4a50655f7c870c4c9366410e25e57295b5636ca2d8cb8f1d
noise,data/processed/cwe_119_noise_ratio_preserved/ratio_80_20/seed_5/clean/train.jsonl,exact,13024679,901917c9b9963ac5e437eada75279372af94e01862ed1465b321bc68ab054184
noise,data/processed/cwe_119_noise_ratio_preserved/ratio_80_20/seed_5/clean/valid.jsonl,exact,326772,9c9d852d530260f5d8426be1b1f1c5b4e723fa1d421d8416fe3c706584fb6e53
noise,data/processed/cwe_119_noise_ratio_preserved/ratio_80_20/seed_5/heuristic_fp_10/metadata.json,json_without_generated_at_utc,1388,76077ed7443a8d365cb5ca7dad996da4b54852962b449043b468f2e8756d94d2
noise,data/processed/cwe_119_noise_ratio_preserved/ratio_80_20/seed_5/heuristic_fp_10/train.jsonl,exact,18295885,ad2478b146ca47418a8d7facaf46c722ef87c39aee828b3ce77a320b099ea768
noise,data/processed/cwe_119_noise_ratio_preserved/ratio_80_20/seed_5/heuristic_fp_10/valid.jsonl,exact,328387,522be53c07d3f9dddfd81326a4d72d3409ed0df7f3c0dd3a07ee48d5a722ff89
noise,data/processed/cwe_119_noise_ratio_preserved/ratio_80_20/seed_5/heuristic_fp_20/metadata.json,json_without_generated_at_utc,1388,d4178ce47adef76dc4cb83962f8526b84282c0bad8afa983b488ce3742d36135
noise,data/processed/cwe_119_noise_ratio_preserved/ratio_80_20/seed_5/heuristic_fp_20/train.jsonl,exact,23354493,94d96d883837b0f816674547c433afb7ce1facbec4b2b9cf0ab02498dfdb586b
noise,data/processed/cwe_119_noise_ratio_preserved/ratio_80_20/seed_5/heuristic_fp_20/valid.jsonl,exact,328387,630ec5a3b637d066fa5f38ef4530ac35b5d03dcd88b57ac5cc4c99a99dd33f4a
noise,data/processed/cwe_119_noise_ratio_preserved/ratio_80_20/seed_5/random_flip_10/metadata.json,json_without_generated_at_utc,1376,54815814869da4120218aae1405272223b96a0b1d6066ccd78a74af5ddf3b426
noise,data/processed/cwe_119_noise_ratio_preserved/ratio_80_20/seed_5/random_flip_10/train.jsonl,exact,13077644,1fa6ca826966c156bce8f7c89a618ad8678c47401caddf1c8b349df268d6923a
noise,data/processed/cwe_119_noise_ratio_preserved/ratio_80_20/seed_5/random_flip_10/valid.jsonl,exact,328197,c06e7c6800935813968316447035b06a54ef8932edb52d586e2708fedbe743e3
noise,data/processed/cwe_119_noise_ratio_preserved/ratio_80_20/seed_5/random_flip_20/metadata.json,json_without_generated_at_utc,1376,817ad07c7d8ad3b0dbea83043ce86fdd42030a1906104d09834ba35d4f95b6eb
noise,data/processed/cwe_119_noise_ratio_preserved/ratio_80_20/seed_5/random_flip_20/train.jsonl,exact,13079684,13c456500ff5b256a5b4da7e7d6c632d07d6a1c3714784de5faed179cba4612b
noise,data/processed/cwe_119_noise_ratio_preserved/ratio_80_20/seed_5/random_flip_20/valid.jsonl,exact,328197,e41436b148b966a001731f44aec25104b032e4f94ac56e97a288e321a4c9ee69
noise,data/processed/cwe_119_noise_ratio_preserved/ratio_80_20/seed_5/random_fp_10/metadata.json,json_without_generated_at_utc,1349,72a38154272eae6ed9997421796e42ba89c1ad57970f1354d4b9f0abb35894a5
noise,data/processed/cwe_119_noise_ratio_preserved/ratio_80_20/seed_5/random_fp_10/train.jsonl,exact,18539056,bac5f2a57599ec5fda453917e1e87ef8d97fac73230e33fb14a6bd914db00b8f
noise,data/processed/cwe_119_noise_ratio_preserved/ratio_80_20/seed_5/random_fp_10/valid.jsonl,exact,327817,8b26db39a12a00c7422edd510a422350650699da70505a9351ebb135caffdd83
noise,data/processed/cwe_119_noise_ratio_preserved/ratio_80_20/seed_5/random_fp_20/metadata.json,json_without_generated_at_utc,1349,00d533963acbafac856f18b1d8f16c3d550c6129a194632093ae075e49594570
noise,data/processed/cwe_119_noise_ratio_preserved/ratio_80_20/seed_5/random_fp_20/train.jsonl,exact,22935041,82b78023d26cd16baaf6c23923ec3abbf5eccbac43d7df12902a5664b8701b86
noise,data/processed/cwe_119_noise_ratio_preserved/ratio_80_20/seed_5/random_fp_20/valid.jsonl,exact,327817,e9e6fae3a0346fe18901ba346d36d494aeaed10e6a5f765662157d3eecd0b8ab
noise,data/processed/cwe_119_noise_ratio_preserved/ratio_90_10/seed_1/clean/metadata.json,json_without_generated_at_utc,1216,151fd537e141ac8a07327e63acff8be197817a12619fd0b24fe8b363ced58ec9
noise,data/processed/cwe_119_noise_ratio_preserved/ratio_90_10/seed_1/clean/train.jsonl,exact,22697902,6cfb71832ff29c2acd83ab7a356fca8f206e8aa31514a52ea408156a0da121a6
noise,data/processed/cwe_119_noise_ratio_preserved/ratio_90_10/seed_1/clean/valid.jsonl,exact,579387,991f60c276d5fb577d1918bf168c2dadf8d34492ea31f5e2a45861474ccc05b2
noise,data/processed/cwe_119_noise_ratio_preserved/ratio_90_10/seed_1/heuristic_fp_10/metadata.json,json_without_generated_at_utc,1393,eebe01f8911535749336805fceb8d269f6769607dd1d28ded355b7c2162b250e
noise,data/processed/cwe_119_noise_ratio_preserved/ratio_90_10/seed_1/heuristic_fp_10/train.jsonl,exact,43155940,b0c0122698c6b95cd644a94adfe49da37a9fcf83e4cdd0601fb4d6c9d5434c36
noise,data/processed/cwe_119_noise_ratio_preserved/ratio_90_10/seed_1/heuristic_fp_10/valid.jsonl,exact,582617,a987b7a96b4a72b5efb19dd5006890c44b14106377b20008c714a0a6bf48761a
noise,data/processed/cwe_119_noise_ratio_preserved/ratio_90_10/seed_1/heuristic_fp_20/metadata.json,json_without_generated_at_utc,1398,1853ee9e718e65f2fb8dd748d31eac387677951d04489e74dd82b042ec21ef41
noise,data/processed/cwe_119_noise_ratio_preserved/ratio_90_10/seed_1/heuristic_fp_20/train.jsonl,exact,63927674,2a972c90fa0d13f4f2d483f959bb67608e0b23915d5c2b2ebb4fe000becc1d67
noise,data/processed/cwe_119_noise_ratio_preserved/ratio_90_10/seed_1/heuristic_fp_20/valid.jsonl,exact,582617,ff2f9f7d3f33c59eef7d9dca46c4d51a8c7cdd875f4a07252d93d7fc2d68b43c
noise,data/processed/cwe_119_noise_ratio_preserved/ratio_90_10/seed_1/random_flip_10/metadata.json,json_without_generated_at_utc,1378,8db592cfe1e68e74af054e5d246ae58e5c39e6ccf7878defe57bc15d52401c5a
noise,data/processed/cwe_119_noise_ratio_preserved/ratio_90_10/seed_1/random_flip_10/train.jsonl,exact,22803832,36edcbe94dec3ed2b5e94ea791b352a6deb45b0a7915e6aa9955420b543f9223
noise,data/processed/cwe_119_noise_ratio_preserved/ratio_90_10/seed_1/random_flip_10/valid.jsonl,exact,582237,488e2bf646c2cd2d4e52b08c4b29c2940f3d5e215053b55ffe06256c98dd1beb
noise,data/processed/cwe_119_noise_ratio_preserved/ratio_90_10/seed_1/random_flip_20/metadata.json,json_without_generated_at_utc,1380,779c07767f2e1bc97ecae8bb788d4dd9653af889829017825afa7eb59a1bea00
noise,data/processed/cwe_119_noise_ratio_preserved/ratio_90_10/seed_1/random_flip_20/train.jsonl,exact,22807900,35b62e5b301b541e1a87483c031b9a155cfcea4823c0586d7def4ad3add891f5
noise,data/processed/cwe_119_noise_ratio_preserved/ratio_90_10/seed_1/random_flip_20/valid.jsonl,exact,582237,dabc67c408405560922cb4679c8826d4cd0c68bce733ab92b2d6d80d967b81ea
noise,data/processed/cwe_119_noise_ratio_preserved/ratio_90_10/seed_1/random_fp_10/metadata.json,json_without_generated_at_utc,1354,9efc884f4966596397bb51fc135add812e00f2ec9fc20a803d83b989427b58e9
noise,data/processed/cwe_119_noise_ratio_preserved/ratio_90_10/seed_1/random_fp_10/train.jsonl,exact,43265350,87a810ea4978ca2d8d09093929268a0ebe71b06e786900ed8f4ee8bb93558651
noise,data/processed/cwe_119_noise_ratio_preserved/ratio_90_10/seed_1/random_fp_10/valid.jsonl,exact,581477,54d9c8d2325caff0827b8ed3c795ad1a8487c42909734616a457bf8a6d68d3f0
noise,data/processed/cwe_119_noise_ratio_preserved/ratio_90_10/seed_1/random_fp_20/metadata.json,json_without_generated_at_utc,1359,4e1e5abf8e18f162c27c322d82635603c1cbd337ff9c45ce860a637cdfadec83
noise,data/processed/cwe_119_noise_ratio_preserved/ratio_90_10/seed_1/random_fp_20/train.jsonl,exact,63570415,a8be8786c445fbef259057114c6f4c3ab2ec73489b2b276687e993e5f2ee02a8
noise,data/processed/cwe_119_noise_ratio_preserved/ratio_90_10/seed_1/random_fp_20/valid.jsonl,exact,581477,666850ec6c74c65df88c771b73a753695c663f0f90292ed7d8587b2155078aa4
noise,data/processed/cwe_119_noise_ratio_preserved/ratio_90_10/seed_2/clean/metadata.json,json_without_generated_at_utc,1216,a76d04f1c7fa267322eb3af116ba0dcce14e69986df191486eb3db917622c2cb
noise,data/processed/cwe_119_noise_ratio_preserved/ratio_90_10/seed_2/clean/train.jsonl,exact,23130847,d3df698fb4b0dc692f6f67bc068c972a3515dc0b5b38dc27a317df8e3d13df5e
noise,data/processed/cwe_119_noise_ratio_preserved/ratio_90_10/seed_2/clean/valid.jsonl,exact,572079,87578532429a1a56fe1b501be4f6db81cbae4163878d7d059da022be60e9adaa
noise,data/processed/cwe_119_noise_ratio_preserved/ratio_90_10/seed_2/heuristic_fp_10/metadata.json,json_without_generated_at_utc,1393,5d864932bda52845d994ee330ff4806ab61ddc3f4054db1defa484d610c113b1
noise,data/processed/cwe_119_noise_ratio_preserved/ratio_90_10/seed_2/heuristic_fp_10/train.jsonl,exact,43765051,db047fbbc256f09c5a72cb72de958ba0a55a5d09dd3f501a672c2447a9a05866
noise,data/processed/cwe_119_noise_ratio_preserved/ratio_90_10/seed_2/heuristic_fp_10/valid.jsonl,exact,575309,5f08d68848831b1924469d5d758ae7eb782b55df0ced4bd6d63f70855cd2c500
noise,data/processed/cwe_119_noise_ratio_preserved/ratio_90_10/seed_2/heuristic_fp_20/metadata.json,json_without_generated_at_utc,1398,672e43d9bdc7269716153a50900debdebfca7cf37072e7dff5cc6b11e5a99e5a
noise,data/processed/cwe_119_noise_ratio_preserved/ratio_90_10/seed_2/heuristic_fp_20/train.jsonl,exact,64055380,d8f09ef95fd39b44a5f5655ae26f1b3866eef1fb463fe62d726fd9e897a70b66
noise,data/processed/cwe_119_noise_ratio_preserved/ratio_90_10/seed_2/heuristic_fp_20/valid.jsonl,exact,575309,50b8a90a91dadf1b1ba3be465bed198475a60604cb8d9ac170fad630f4e3ab88
noise,data/processed/cwe_119_noise_ratio_preserved/ratio_90_10/seed_2/random_flip_10/metadata.json,json_without_generated_at_utc,1378,581f124710391bd5c6c042df7035b07d5598937565edf70583392f9a1bd3953d
noise,data/processed/cwe_119_noise_ratio_preserved/ratio_90_10/seed_2/random_flip_10/train.jsonl,exact,23236777,ac7a67bfd8a06376d55a1ed39d899d209c57261a3f40bc97707a2d7b76b572f7
noise,data/processed/cwe_119_noise_ratio_preserved/ratio_90_10/seed_2/random_flip_10/valid.jsonl,exact,574929,c951f58f1d1234b024d713f77458762cdaee133481a2cbd594f76a6433f9e326
noise,data/processed/cwe_119_noise_ratio_preserved/ratio_90_10/seed_2/random_flip_20/metadata.json,json_without_generated_at_utc,1380,17289562e82d118f947811428ec6f773c1d4a6899f8de73dec64560eb4d3d896
noise,data/processed/cwe_119_noise_ratio_preserved/ratio_90_10/seed_2/random_flip_20/train.jsonl,exact,23240845,39005c5e781b447da072ae3475e4cc0362dc30a1f1fabfbe52f1b6b4358c7a96
noise,data/processed/cwe_119_noise_ratio_preserved/ratio_90_10/seed_2/random_flip_20/valid.jsonl,exact,574929,1cf15913855281f7c2349dcfb9d47ef672549eeff4d8afe3641a464cb5df6156
noise,data/processed/cwe_119_noise_ratio_preserved/ratio_90_10/seed_2/random_fp_10/metadata.json,json_without_generated_at_utc,1354,a27244cca2e56cc06ff26ccef2a6b5b7cdc109a15118a0c786933af4d6cf5c8c
noise,data/processed/cwe_119_noise_ratio_preserved/ratio_90_10/seed_2/random_fp_10/train.jsonl,exact,44397176,e9babaefd3179087b7bee25a80504d5a702b8ef9d2548567a81823325cc779ab
noise,data/processed/cwe_119_noise_ratio_preserved/ratio_90_10/seed_2/random_fp_10/valid.jsonl,exact,574169,1e4cc1b5269c1866681bd507fc253e0380ff30bdc9ed69fcbea9703461193ee2
noise,data/processed/cwe_119_noise_ratio_preserved/ratio_90_10/seed_2/random_fp_20/metadata.json,json_without_generated_at_utc,1359,e2870be4b4176526cccae2aec56a1e8e2a5a37f2b66cc499fd915bd7bbdee0cc
noise,data/processed/cwe_119_noise_ratio_preserved/ratio_90_10/seed_2/random_fp_20/train.jsonl,exact,64379827,f833e45f61dfbd652d8624246316cf22075617fd7a6f4b7579f1188d560fa34d
noise,data/processed/cwe_119_noise_ratio_preserved/ratio_90_10/seed_2/random_fp_20/valid.jsonl,exact,574169,27c34639fb49f6133b581942a135137a82dcfb7793b16cbc2d2b5d2e45aebc9f
noise,data/processed/cwe_119_noise_ratio_preserved/ratio_90_10/seed_3/clean/metadata.json,json_without_generated_at_utc,1216,3d29fdaa48d58a1bf55e308f0e840aeac6b55b022b3b3e55a6baefd3c897d1f3
noise,data/processed/cwe_119_noise_ratio_preserved/ratio_90_10/seed_3/clean/train.jsonl,exact,22792210,2b0ce7123977a14a3f34c4266e4ccb762d21e6f44fe28af5ce33bc1043b0f060
noise,data/processed/cwe_119_noise_ratio_preserved/ratio_90_10/seed_3/clean/valid.jsonl,exact,599562,b57f573d38aa07ffe63ddb915f9056d1518724c7d73bf378e4f2507a6bd62596
noise,data/processed/cwe_119_noise_ratio_preserved/ratio_90_10/seed_3/heuristic_fp_10/metadata.json,json_without_generated_at_utc,1393,98b4a14e378e0379771ce8306f98740ecf3f95999cde414fc02c8b188481900e
noise,data/processed/cwe_119_noise_ratio_preserved/ratio_90_10/seed_3/heuristic_fp_10/train.jsonl,exact,43436636,fe805812b7f6ab381848fa91dc6a349c78d80e2787cf9a09fc4f1f08087ba8aa
noise,data/processed/cwe_119_noise_ratio_preserved/ratio_90_10/seed_3/heuristic_fp_10/valid.jsonl,exact,602792,5bcbcc98745c05dd615e14bd018ea479faea33480065e94566ef9aa1e4e78502
noise,data/processed/cwe_119_noise_ratio_preserved/ratio_90_10/seed_3/heuristic_fp_20/metadata.json,json_without_generated_at_utc,1398,8c0d21a6abce985ebc0252905e3e95234a716f6c004bbd2187dd190d7545dbfd
noise,data/processed/cwe_119_noise_ratio_preserved/ratio_90_10/seed_3/heuristic_fp_20/train.jsonl,exact,64730913,2fd5f47bfc2f31e2db9c657c046ad7c51aad94923acbbf864bceab7f54f15aa9
noise,data/processed/cwe_119_noise_ratio_preserved/ratio_90_10/seed_3/heuristic_fp_20/valid.jsonl,exact,602792,22d71cf5276746d7cdf29c06defdf042209e56797988695322f8c9c84c7bce94
noise,data/processed/cwe_119_noise_ratio_preserved/ratio_90_10/seed_3/random_flip_10/metadata.json,json_without_generated_at_utc,1378,4450e820a5b9aa092869484fa94277294cd3f8d9fd59b11757fdb9e637fa5ec9
noise,data/processed/cwe_119_noise_ratio_preserved/ratio_90_10/seed_3/random_flip_10/train.jsonl,exact,22898140,b96bcbb7d9f43fb37d314a1db5901f7f43a83830811fb76a31a4ff8b3b135baf
noise,data/processed/cwe_119_noise_ratio_preserved/ratio_90_10/seed_3/random_flip_10/valid.jsonl,exact,602412,77c4df3de504d048fa86b8ee62e48f2dde9bc1f521646cc555854da385a2882b
noise,data/processed/cwe_119_noise_ratio_preserved/ratio_90_10/seed_3/random_flip_20/metadata.json,json_without_generated_at_utc,1380,14e13e9fd10fd0d167a2923b14175c40359b43631ddcfac39cd5353e4ef170f4
noise,data/processed/cwe_119_noise_ratio_preserved/ratio_90_10/seed_3/random_flip_20/train.jsonl,exact,22902208,d716cb71045b1399ccf13c3277aba6af2dd225f1e0256f7a5dca4e66029fb752
noise,data/processed/cwe_119_noise_ratio_preserved/ratio_90_10/seed_3/random_flip_20/valid.jsonl,exact,602412,2b0cb49e2d26442a187d95a6a0654bc628f1f5ecd16e0a27b274b59eba35b5ab
noise,data/processed/cwe_119_noise_ratio_preserved/ratio_90_10/seed_3/random_fp_10/metadata.json,json_without_generated_at_utc,1354,63fd8c14a36ccb981f30c254ff730126fdca824cef8242fd3e91768825c88f2f
noise,data/processed/cwe_119_noise_ratio_preserved/ratio_90_10/seed_3/random_fp_10/train.jsonl,exact,44301124,7bd0101545e4c144621edf81c19cf581775e7e9c8a53f7d89261c6d5a0ab93ca
noise,data/processed/cwe_119_noise_ratio_preserved/ratio_90_10/seed_3/random_fp_10/valid.jsonl,exact,601652,bd3acb9a6f4df63f10be9615f528c0a6e3d289cc45ddac214d752eca12eee7a5
noise,data/processed/cwe_119_noise_ratio_preserved/ratio_90_10/seed_3/random_fp_20/metadata.json,json_without_generated_at_utc,1359,1264054584da2f23351c1b36e89945308fe2a6a448c61f1a75a6a0f93821d151
noise,data/processed/cwe_119_noise_ratio_preserved/ratio_90_10/seed_3/random_fp_20/train.jsonl,exact,64254112,406e5a03b4d2a3b5975b8f121604b33f2cf25376562cf1f1cc4cd80a67156afa
noise,data/processed/cwe_119_noise_ratio_preserved/ratio_90_10/seed_3/random_fp_20/valid.jsonl,exact,601652,1d15e5b8b4f72cd4276f3e5293cd91cf5d0a46dc4e5ded342d6e5bb2da5d7fc1
noise,data/processed/cwe_119_noise_ratio_preserved/ratio_90_10/seed_4/clean/metadata.json,json_without_generated_at_utc,1216,4c8a85bf6460778782e3b3e1841ceb5608f40b385e780cbd833eda760d18b611
noise,data/processed/cwe_119_noise_ratio_preserved/ratio_90_10/seed_4/clean/train.jsonl,exact,23236734,c76d026785391509aceef521aaac673f28c9d77c431a2e71d6dcab54bc7ab3cc
noise,data/processed/cwe_119_noise_ratio_preserved/ratio_90_10/seed_4/clean/valid.jsonl,exact,600085,8ca8ccb5cb8c772f24b8ee09f6d43c6e7b44faa186d80f4d8ebaa168f893b91e
noise,data/processed/cwe_119_noise_ratio_preserved/ratio_90_10/seed_4/heuristic_fp_10/metadata.json,json_without_generated_at_utc,1393,9818aba49061b280c5e69221ba91bbd1fd4d9aaca6e31e7bcd0f3d579388dee7
noise,data/processed/cwe_119_noise_ratio_preserved/ratio_90_10/seed_4/heuristic_fp_10/train.jsonl,exact,44414208,c2d1b91ade19524cc9e78574257aeb44699bc8aeb6a91c7c0b49a568659a6730
noise,data/processed/cwe_119_noise_ratio_preserved/ratio_90_10/seed_4/heuristic_fp_10/valid.jsonl,exact,603315,6d5cd3d2e77bded3256f73107d389ba969ca21338587e819dbca1ddb1012dfb7
noise,data/processed/cwe_119_noise_ratio_preserved/ratio_90_10/seed_4/heuristic_fp_20/metadata.json,json_without_generated_at_utc,1398,7457b64af7693a3ad5fb1c9f02725cb29eb3e138a135096075a3357f4481881d
noise,data/processed/cwe_119_noise_ratio_preserved/ratio_90_10/seed_4/heuristic_fp_20/train.jsonl,exact,64054450,b7d1a6edff86b158fca10bd1f311fde0e233ab7c2a65ec2a6b799be8d15109d7
noise,data/processed/cwe_119_noise_ratio_preserved/ratio_90_10/seed_4/heuristic_fp_20/valid.jsonl,exact,603315,1530b38445209bbe1b68269c05cda4a3f47e1f45cafe574a9f8564eb5f3dcaae
noise,data/processed/cwe_119_noise_ratio_preserved/ratio_90_10/seed_4/random_flip_10/metadata.json,json_without_generated_at_utc,1378,7460324e39c981fb220dc5d7affb7aeb1ff7d9b0387f1524b8f38dd3967381e2
noise,data/processed/cwe_119_noise_ratio_preserved/ratio_90_10/seed_4/random_flip_10/train.jsonl,exact,23342664,851b1d0772e70cd9e9a0995de0d0100cb29623c3fc8a3f49afb991fe10e86ed3
noise,data/processed/cwe_119_noise_ratio_preserved/ratio_90_10/seed_4/random_flip_10/valid.jsonl,exact,602935,aa8b357c985340c46fcab8ccfeccccfdddf04bad7fe0cf571c73bb7a20ad71de
noise,data/processed/cwe_119_noise_ratio_preserved/ratio_90_10/seed_4/random_flip_20/metadata.json,json_without_generated_at_utc,1380,0f42b3ba64809108337de9d8b12c94c09ee44edc9ea53db77ceb7a3cccc17ab9
noise,data/processed/cwe_119_noise_ratio_preserved/ratio_90_10/seed_4/random_flip_20/train.jsonl,exact,23346732,c686c4b8ee6e28c54bf54d137f82fb613bacdaebace4b088f2d003e37d90d82e
noise,data/processed/cwe_119_noise_ratio_preserved/ratio_90_10/seed_4/random_flip_20/valid.jsonl,exact,602935,b769e1b406cc189d59385bfcb7b9ee6ccba6b2f02f800c088be293373e905f46
noise,data/processed/cwe_119_noise_ratio_preserved/ratio_90_10/seed_4/random_fp_10/metadata.json,json_without_generated_at_utc,1354,f791e28e44d1fad5b2ee29054372f7acb80c748783147dc7f960bb7bb87d0c7b
noise,data/processed/cwe_119_noise_ratio_preserved/ratio_90_10/seed_4/random_fp_10/train.jsonl,exact,43492471,fcd2fa1971b0c81e1f91db531d2c5b0db89e00994bcec77fd5e3c5706c26f602
noise,data/processed/cwe_119_noise_ratio_preserved/ratio_90_10/seed_4/random_fp_10/valid.jsonl,exact,602175,3bc5219553e3e4d6306a0a9503e816a80020ace610fc95eecb9fa4496c4d4f9e
noise,data/processed/cwe_119_noise_ratio_preserved/ratio_90_10/seed_4/random_fp_20/metadata.json,json_without_generated_at_utc,1359,ba518ac49d84a97a37de9acacece91c20d2cce5e2db45e7fb72a4883aa27f2f6
noise,data/processed/cwe_119_noise_ratio_preserved/ratio_90_10/seed_4/random_fp_20/train.jsonl,exact,63858649,cbaf51be2db0133bdda067581f76368795799bd88e3cd9821606eb71fcb611e9
noise,data/processed/cwe_119_noise_ratio_preserved/ratio_90_10/seed_4/random_fp_20/valid.jsonl,exact,602175,631b275bd96605c9f9e71c18f70127517a40d85ed8b0ae4eece2585941954aa6
noise,data/processed/cwe_119_noise_ratio_preserved/ratio_90_10/seed_5/clean/metadata.json,json_without_generated_at_utc,1216,82dc3c3abbed22a1d5d960b7b3b94970d689566e4cf4a7912a24296d9395b18e
noise,data/processed/cwe_119_noise_ratio_preserved/ratio_90_10/seed_5/clean/train.jsonl,exact,23351388,78f53c1b188c003a47c51de3efcebb5a130ec93256cf4ab33ebae5a3a6d7d6c3
noise,data/processed/cwe_119_noise_ratio_preserved/ratio_90_10/seed_5/clean/valid.jsonl,exact,548826,78c770b0d43b7c4ac61b481c7464916c7dd3128c9a8995139a830f5a9c35117d
noise,data/processed/cwe_119_noise_ratio_preserved/ratio_90_10/seed_5/heuristic_fp_10/metadata.json,json_without_generated_at_utc,1393,470628f821651b4db82dd68cc1399a43fd3ca33e7d560fa5b905dd11d79676af
noise,data/processed/cwe_119_noise_ratio_preserved/ratio_90_10/seed_5/heuristic_fp_10/train.jsonl,exact,43982233,75e8af99dd64cbf9c7b466b79b12ae4b0489f41ef92604f62c9c7d08e340d668
noise,data/processed/cwe_119_noise_ratio_preserved/ratio_90_10/seed_5/heuristic_fp_10/valid.jsonl,exact,552056,972efc9e559766d82d7dadf9f2c479b5aabbcb48c07abdb189657b531215741d
noise,data/processed/cwe_119_noise_ratio_preserved/ratio_90_10/seed_5/heuristic_fp_20/metadata.json,json_without_generated_at_utc,1398,8a3be3480c8975a5610ff37d6d6e8780a786872583575cbc973d0c353f94ed77
noise,data/processed/cwe_119_noise_ratio_preserved/ratio_90_10/seed_5/heuristic_fp_20/train.jsonl,exact,64906039,c229a6b0f2a066641edc372a5e824947f02763bf07d68d923355e20153a2a5aa
noise,data/processed/cwe_119_noise_ratio_preserved/ratio_90_10/seed_5/heuristic_fp_20/valid.jsonl,exact,552056,db806de594f3217e5cfe5db32cf6cdef4be47bcebca26f1e909facce5029d454
noise,data/processed/cwe_119_noise_ratio_preserved/ratio_90_10/seed_5/random_flip_10/metadata.json,json_without_generated_at_utc,1378,c30fdb75a00a2bfd29b548299f44a9ab1a54dfddfcf0cb2097fd04111a402eb5
noise,data/processed/cwe_119_noise_ratio_preserved/ratio_90_10/seed_5/random_flip_10/train.jsonl,exact,23457318,124e8d92863c5a603048547a7ca52aabbde06dc2fd0eb7ba503adac065e49848
noise,data/processed/cwe_119_noise_ratio_preserved/ratio_90_10/seed_5/random_flip_10/valid.jsonl,exact,551676,a4b34d8531ed92d8a40b4230662ce2af2afc4edf6e9ffbcb90a2d26d0c987a08
noise,data/processed/cwe_119_noise_ratio_preserved/ratio_90_10/seed_5/random_flip_20/metadata.json,json_without_generated_at_utc,1380,a6f575b36d32f6739774b414fd838c1c798b068bf38b0c9114c3cbfe77d18706
noise,data/processed/cwe_119_noise_ratio_preserved/ratio_90_10/seed_5/random_flip_20/train.jsonl,exact,23461386,31512249418d5584543995a439e0c8cd86bd071d88ad2d6a53cd4877ef57ac88
noise,data/processed/cwe_119_noise_ratio_preserved/ratio_90_10/seed_5/random_flip_20/valid.jsonl,exact,551676,e6cd6a32de9e080697f4b1f68ccb2ca70026a87daa4c1cfa1cb2c449f17d56cd
noise,data/processed/cwe_119_noise_ratio_preserved/ratio_90_10/seed_5/random_fp_10/metadata.json,json_without_generated_at_utc,1354,2c3f4acec978cf6a14dba4dea9360d4df6d5e28a71fb91601fabe70d0d7677d4
noise,data/processed/cwe_119_noise_ratio_preserved/ratio_90_10/seed_5/random_fp_10/train.jsonl,exact,44207445,4440835c7e383dff30c1e4fa5758a84e57bbd9b7028ce970b08c34374cb2f2ff
noise,data/processed/cwe_119_noise_ratio_preserved/ratio_90_10/seed_5/random_fp_10/valid.jsonl,exact,550916,56fd43f58ee9d4849ca3436e1e232b3bfb93102d93bd87e81b83d2f96b962c8c
noise,data/processed/cwe_119_noise_ratio_preserved/ratio_90_10/seed_5/random_fp_20/metadata.json,json_without_generated_at_utc,1359,149a093728a07cb53feaa4e236c0b0f5367b738b8f02d8d307cb8abb2f3a600c
noise,data/processed/cwe_119_noise_ratio_preserved/ratio_90_10/seed_5/random_fp_20/train.jsonl,exact,64035861,919ce47a325dee87139629e98722aca8af9daa9d28404c604ed17a7ee3842472
noise,data/processed/cwe_119_noise_ratio_preserved/ratio_90_10/seed_5/random_fp_20/valid.jsonl,exact,550916,29fe9973adad66bb36abf558ef44a35961e4efd30bf721f2fadf11b445942b88
