run_name,model,model_family,hyperparameter_name,train_ratio,seed,condition,stage,eval_ratio,split,C,selected_hyperparams,train_rows,valid_rows,elapsed_seconds,n_rows,positive_rows,benign_rows,accuracy,balanced_accuracy,precision,recall,f1,mcc,tn,fp,fn,tp,roc_auc,average_precision,pr_auc
random_forest_balanced_ratio_preserved_noise_mcc_selected_v1,random_forest_class_weight_balanced,random_forest,min_samples_leaf,60/40,1,clean,validation_grid,60/40,valid,1.000000,True,1698,48,4.320819,48,19,29,0.916667,0.921960,0.857143,0.947368,0.900000,0.831928,26,3,1,18,0.928312,0.867860,0.867860
random_forest_balanced_ratio_preserved_noise_mcc_selected_v1,random_forest_class_weight_balanced,random_forest,min_samples_leaf,60/40,1,clean,validation_grid,60/40,valid,2.000000,False,1698,48,4.645212,48,19,29,0.895833,0.895644,0.850000,0.894737,0.871795,0.784904,26,3,2,17,0.923775,0.818627,0.818627
random_forest_balanced_ratio_preserved_noise_mcc_selected_v1,random_forest_class_weight_balanced,random_forest,min_samples_leaf,60/40,1,clean,validation_grid,60/40,valid,5.000000,False,1698,48,4.914795,48,19,29,0.875000,0.878403,0.809524,0.894737,0.850000,0.746051,25,4,2,17,0.914701,0.826650,0.826650
random_forest_balanced_ratio_preserved_noise_mcc_selected_v1,random_forest_class_weight_balanced,random_forest,min_samples_leaf,60/40,1,clean,test,50/50,test,1.000000,True,1698,48,4.997848,42,21,21,0.833333,0.833333,0.850000,0.809524,0.829268,0.667424,18,3,4,17,0.902494,0.919071,0.919071
random_forest_balanced_ratio_preserved_noise_mcc_selected_v1,random_forest_class_weight_balanced,random_forest,min_samples_leaf,60/40,1,clean,test,60/40,test,1.000000,True,1698,48,5.085346,53,21,32,0.867925,0.857887,0.850000,0.809524,0.829268,0.722252,29,3,4,17,0.912946,0.902700,0.902700
random_forest_balanced_ratio_preserved_noise_mcc_selected_v1,random_forest_class_weight_balanced,random_forest,min_samples_leaf,60/40,1,clean,test,70/30,test,1.000000,True,1698,48,5.177064,70,21,49,0.857143,0.843537,0.739130,0.809524,0.772727,0.670346,43,6,4,17,0.932459,0.873794,0.873794
random_forest_balanced_ratio_preserved_noise_mcc_selected_v1,random_forest_class_weight_balanced,random_forest,min_samples_leaf,60/40,1,clean,test,75/25,test,1.000000,True,1698,48,5.275581,84,21,63,0.857143,0.841270,0.680000,0.809524,0.739130,0.646416,55,8,4,17,0.938776,0.868318,0.868318
random_forest_balanced_ratio_preserved_noise_mcc_selected_v1,random_forest_class_weight_balanced,random_forest,min_samples_leaf,60/40,1,clean,test,80/20,test,1.000000,True,1698,48,5.410780,105,21,84,0.847619,0.833333,0.586207,0.809524,0.680000,0.596420,72,12,4,17,0.920635,0.820877,0.820877
random_forest_balanced_ratio_preserved_noise_mcc_selected_v1,random_forest_class_weight_balanced,random_forest,min_samples_leaf,60/40,1,clean,test,90/10,test,1.000000,True,1698,48,5.614329,210,21,189,0.790476,0.798942,0.298246,0.809524,0.435897,0.403343,149,40,4,17,0.910179,0.700934,0.700934
random_forest_balanced_ratio_preserved_noise_mcc_selected_v1,random_forest_class_weight_balanced,random_forest,min_samples_leaf,60/40,1,random_flip_10,validation_grid,60/40,valid,1.000000,False,1698,48,4.581395,48,19,29,0.812500,0.790381,0.812500,0.684211,0.742857,0.602475,26,3,6,13,0.877495,0.834662,0.834662
random_forest_balanced_ratio_preserved_noise_mcc_selected_v1,random_forest_class_weight_balanced,random_forest,min_samples_leaf,60/40,1,random_flip_10,validation_grid,60/40,valid,2.000000,False,1698,48,4.906664,48,19,29,0.791667,0.764065,0.800000,0.631579,0.705882,0.557204,26,3,7,12,0.883848,0.787044,0.787044
random_forest_balanced_ratio_preserved_noise_mcc_selected_v1,random_forest_class_weight_balanced,random_forest,min_samples_leaf,60/40,1,random_flip_10,validation_grid,60/40,valid,5.000000,True,1698,48,5.201938,48,19,29,0.812500,0.799456,0.777778,0.736842,0.756757,0.604980,25,4,5,14,0.892922,0.764426,0.764426
random_forest_balanced_ratio_preserved_noise_mcc_selected_v1,random_forest_class_weight_balanced,random_forest,min_samples_leaf,60/40,1,random_flip_10,test,50/50,test,5.000000,True,1698,48,5.287695,42,21,21,0.785714,0.785714,0.833333,0.714286,0.769231,0.577350,18,3,6,15,0.870748,0.888818,0.888818
random_forest_balanced_ratio_preserved_noise_mcc_selected_v1,random_forest_class_weight_balanced,random_forest,min_samples_leaf,60/40,1,random_flip_10,test,60/40,test,5.000000,True,1698,48,5.372330,53,21,32,0.754717,0.747768,0.681818,0.714286,0.697674,0.491889,25,7,6,15,0.861607,0.838008,0.838008
random_forest_balanced_ratio_preserved_noise_mcc_selected_v1,random_forest_class_weight_balanced,random_forest,min_samples_leaf,60/40,1,random_flip_10,test,70/30,test,5.000000,True,1698,48,5.468554,70,21,49,0.814286,0.785714,0.681818,0.714286,0.697674,0.564076,42,7,6,15,0.916424,0.852040,0.852040
random_forest_balanced_ratio_preserved_noise_mcc_selected_v1,random_forest_class_weight_balanced,random_forest,min_samples_leaf,60/40,1,random_flip_10,test,75/25,test,5.000000,True,1698,48,5.569285,84,21,63,0.845238,0.801587,0.681818,0.714286,0.697674,0.594040,56,7,6,15,0.922147,0.827259,0.827259
random_forest_balanced_ratio_preserved_noise_mcc_selected_v1,random_forest_class_weight_balanced,random_forest,min_samples_leaf,60/40,1,random_flip_10,test,80/20,test,5.000000,True,1698,48,5.692670,105,21,84,0.809524,0.773810,0.517241,0.714286,0.600000,0.489916,70,14,6,15,0.887755,0.724352,0.724352
random_forest_balanced_ratio_preserved_noise_mcc_selected_v1,random_forest_class_weight_balanced,random_forest,min_samples_leaf,60/40,1,random_flip_10,test,90/10,test,5.000000,True,1698,48,5.931898,210,21,189,0.795238,0.759259,0.288462,0.714286,0.410959,0.360392,152,37,6,15,0.877425,0.566714,0.566714
random_forest_balanced_ratio_preserved_noise_mcc_selected_v1,random_forest_class_weight_balanced,random_forest,min_samples_leaf,60/40,1,random_flip_20,validation_grid,60/40,valid,1.000000,False,1698,48,4.543452,48,19,29,0.708333,0.667877,0.692308,0.473684,0.562500,0.369479,25,4,10,9,0.746824,0.664896,0.664896
random_forest_balanced_ratio_preserved_noise_mcc_selected_v1,random_forest_class_weight_balanced,random_forest,min_samples_leaf,60/40,1,random_flip_20,validation_grid,60/40,valid,2.000000,False,1698,48,4.899473,48,19,29,0.729167,0.703267,0.687500,0.578947,0.628571,0.421733,24,5,8,11,0.784029,0.672977,0.672977
random_forest_balanced_ratio_preserved_noise_mcc_selected_v1,random_forest_class_weight_balanced,random_forest,min_samples_leaf,60/40,1,random_flip_20,validation_grid,60/40,valid,5.000000,True,1698,48,5.174458,48,19,29,0.750000,0.720508,0.733333,0.578947,0.647059,0.465294,25,4,8,11,0.820327,0.686295,0.686295
random_forest_balanced_ratio_preserved_noise_mcc_selected_v1,random_forest_class_weight_balanced,random_forest,min_samples_leaf,60/40,1,random_flip_20,test,50/50,test,5.000000,True,1698,48,5.271287,42,21,21,0.761905,0.761905,0.823529,0.666667,0.736842,0.533578,18,3,7,14,0.875283,0.895353,0.895353
random_forest_balanced_ratio_preserved_noise_mcc_selected_v1,random_forest_class_weight_balanced,random_forest,min_samples_leaf,60/40,1,random_flip_20,test,60/40,test,5.000000,True,1698,48,5.360427,53,21,32,0.773585,0.755208,0.736842,0.666667,0.700000,0.520587,27,5,7,14,0.895833,0.867927,0.867927
random_forest_balanced_ratio_preserved_noise_mcc_selected_v1,random_forest_class_weight_balanced,random_forest,min_samples_leaf,60/40,1,random_flip_20,test,70/30,test,5.000000,True,1698,48,5.463888,70,21,49,0.828571,0.782313,0.736842,0.666667,0.700000,0.581844,44,5,7,14,0.909621,0.837072,0.837072
random_forest_balanced_ratio_preserved_noise_mcc_selected_v1,random_forest_class_weight_balanced,random_forest,min_samples_leaf,60/40,1,random_flip_20,test,75/25,test,5.000000,True,1698,48,5.561491,84,21,63,0.845238,0.785714,0.700000,0.666667,0.682927,0.580948,57,6,7,14,0.920635,0.828429,0.828429
random_forest_balanced_ratio_preserved_noise_mcc_selected_v1,random_forest_class_weight_balanced,random_forest,min_samples_leaf,60/40,1,random_flip_20,test,80/20,test,5.000000,True,1698,48,5.680975,105,21,84,0.780952,0.738095,0.466667,0.666667,0.549020,0.421637,68,16,7,14,0.887188,0.748745,0.748745
random_forest_balanced_ratio_preserved_noise_mcc_selected_v1,random_forest_class_weight_balanced,random_forest,min_samples_leaf,60/40,1,random_flip_20,test,90/10,test,5.000000,True,1698,48,5.905773,210,21,189,0.800000,0.740741,0.285714,0.666667,0.400000,0.341515,154,35,7,14,0.883220,0.594437,0.594437
random_forest_balanced_ratio_preserved_noise_mcc_selected_v1,random_forest_class_weight_balanced,random_forest,min_samples_leaf,60/40,1,random_fp_10,validation_grid,60/40,valid,1.000000,False,2124,48,5.048728,48,19,29,0.812500,0.790381,0.812500,0.684211,0.742857,0.602475,26,3,6,13,0.911978,0.853045,0.853045
random_forest_balanced_ratio_preserved_noise_mcc_selected_v1,random_forest_class_weight_balanced,random_forest,min_samples_leaf,60/40,1,random_fp_10,validation_grid,60/40,valid,2.000000,False,2124,48,5.481196,48,19,29,0.875000,0.860254,0.882353,0.789474,0.833333,0.736732,27,2,4,15,0.927405,0.871525,0.871525
random_forest_balanced_ratio_preserved_noise_mcc_selected_v1,random_forest_class_weight_balanced,random_forest,min_samples_leaf,60/40,1,random_fp_10,validation_grid,60/40,valid,5.000000,True,2124,48,5.811995,48,19,29,0.895833,0.913793,0.791667,1.000000,0.883721,0.809427,24,5,0,19,0.925590,0.848333,0.848333
random_forest_balanced_ratio_preserved_noise_mcc_selected_v1,random_forest_class_weight_balanced,random_forest,min_samples_leaf,60/40,1,random_fp_10,test,50/50,test,5.000000,True,2124,48,5.897532,42,21,21,0.785714,0.785714,0.800000,0.761905,0.780488,0.572078,17,4,5,16,0.866213,0.898878,0.898878
random_forest_balanced_ratio_preserved_noise_mcc_selected_v1,random_forest_class_weight_balanced,random_forest,min_samples_leaf,60/40,1,random_fp_10,test,60/40,test,5.000000,True,2124,48,5.986800,53,21,32,0.773585,0.771577,0.695652,0.761905,0.727273,0.536023,25,7,5,16,0.864583,0.863500,0.863500
random_forest_balanced_ratio_preserved_noise_mcc_selected_v1,random_forest_class_weight_balanced,random_forest,min_samples_leaf,60/40,1,random_fp_10,test,70/30,test,5.000000,True,2124,48,6.136892,70,21,49,0.814286,0.799320,0.666667,0.761905,0.711111,0.577948,41,8,5,16,0.902818,0.850069,0.850069
random_forest_balanced_ratio_preserved_noise_mcc_selected_v1,random_forest_class_weight_balanced,random_forest,min_samples_leaf,60/40,1,random_fp_10,test,75/25,test,5.000000,True,2124,48,6.295609,84,21,63,0.833333,0.809524,0.640000,0.761905,0.695652,0.586284,54,9,5,16,0.906274,0.827693,0.827693
random_forest_balanced_ratio_preserved_noise_mcc_selected_v1,random_forest_class_weight_balanced,random_forest,min_samples_leaf,60/40,1,random_fp_10,test,80/20,test,5.000000,True,2124,48,6.482989,105,21,84,0.752381,0.755952,0.432432,0.761905,0.551724,0.428631,63,21,5,16,0.878118,0.738011,0.738011
random_forest_balanced_ratio_preserved_noise_mcc_selected_v1,random_forest_class_weight_balanced,random_forest,min_samples_leaf,60/40,1,random_fp_10,test,90/10,test,5.000000,True,2124,48,6.808099,210,21,189,0.776190,0.769841,0.275862,0.761905,0.405063,0.362112,147,42,5,16,0.878433,0.645804,0.645804
random_forest_balanced_ratio_preserved_noise_mcc_selected_v1,random_forest_class_weight_balanced,random_forest,min_samples_leaf,60/40,1,random_fp_20,validation_grid,60/40,valid,1.000000,False,2549,48,5.995709,48,19,29,0.833333,0.825771,0.789474,0.789474,0.789474,0.651543,25,4,4,15,0.924682,0.877928,0.877928
random_forest_balanced_ratio_preserved_noise_mcc_selected_v1,random_forest_class_weight_balanced,random_forest,min_samples_leaf,60/40,1,random_fp_20,validation_grid,60/40,valid,2.000000,False,2549,48,6.514174,48,19,29,0.833333,0.834846,0.761905,0.842105,0.800000,0.660175,24,5,3,16,0.896552,0.812003,0.812003
random_forest_balanced_ratio_preserved_noise_mcc_selected_v1,random_forest_class_weight_balanced,random_forest,min_samples_leaf,60/40,1,random_fp_20,validation_grid,60/40,valid,5.000000,True,2549,48,6.896490,48,19,29,0.833333,0.843920,0.739130,0.894737,0.809524,0.673332,23,6,2,17,0.914701,0.820757,0.820757
random_forest_balanced_ratio_preserved_noise_mcc_selected_v1,random_forest_class_weight_balanced,random_forest,min_samples_leaf,60/40,1,random_fp_20,test,50/50,test,5.000000,True,2549,48,6.986316,42,21,21,0.761905,0.761905,0.761905,0.761905,0.761905,0.523810,16,5,5,16,0.839002,0.880111,0.880111
random_forest_balanced_ratio_preserved_noise_mcc_selected_v1,random_forest_class_weight_balanced,random_forest,min_samples_leaf,60/40,1,random_fp_20,test,60/40,test,5.000000,True,2549,48,7.085468,53,21,32,0.792453,0.787202,0.727273,0.761905,0.744186,0.570178,26,6,5,16,0.870536,0.862233,0.862233
random_forest_balanced_ratio_preserved_noise_mcc_selected_v1,random_forest_class_weight_balanced,random_forest,min_samples_leaf,60/40,1,random_fp_20,test,70/30,test,5.000000,True,2549,48,7.187424,70,21,49,0.828571,0.809524,0.695652,0.761905,0.727273,0.603975,42,7,5,16,0.885326,0.784643,0.784643
random_forest_balanced_ratio_preserved_noise_mcc_selected_v1,random_forest_class_weight_balanced,random_forest,min_samples_leaf,60/40,1,random_fp_20,test,75/25,test,5.000000,True,2549,48,7.289270,84,21,63,0.833333,0.809524,0.640000,0.761905,0.695652,0.586284,54,9,5,16,0.904762,0.816336,0.816336
random_forest_balanced_ratio_preserved_noise_mcc_selected_v1,random_forest_class_weight_balanced,random_forest,min_samples_leaf,60/40,1,random_fp_20,test,80/20,test,5.000000,True,2549,48,7.432222,105,21,84,0.771429,0.767857,0.457143,0.761905,0.571429,0.454569,65,19,5,16,0.859977,0.628387,0.628387
random_forest_balanced_ratio_preserved_noise_mcc_selected_v1,random_forest_class_weight_balanced,random_forest,min_samples_leaf,60/40,1,random_fp_20,test,90/10,test,5.000000,True,2549,48,7.676277,210,21,189,0.795238,0.780423,0.296296,0.761905,0.426667,0.384969,151,38,5,16,0.864072,0.570094,0.570094
random_forest_balanced_ratio_preserved_noise_mcc_selected_v1,random_forest_class_weight_balanced,random_forest,min_samples_leaf,60/40,1,heuristic_fp_10,validation_grid,60/40,valid,1.000000,False,2124,48,5.000814,48,19,29,0.812500,0.835753,0.692308,0.947368,0.800000,0.659064,21,8,1,18,0.912886,0.842698,0.842698
random_forest_balanced_ratio_preserved_noise_mcc_selected_v1,random_forest_class_weight_balanced,random_forest,min_samples_leaf,60/40,1,heuristic_fp_10,validation_grid,60/40,valid,2.000000,True,2124,48,5.344477,48,19,29,0.854167,0.870236,0.750000,0.947368,0.837209,0.724224,23,6,1,18,0.916515,0.851926,0.851926
random_forest_balanced_ratio_preserved_noise_mcc_selected_v1,random_forest_class_weight_balanced,random_forest,min_samples_leaf,60/40,1,heuristic_fp_10,validation_grid,60/40,valid,5.000000,False,2124,48,5.642959,48,19,29,0.812500,0.835753,0.692308,0.947368,0.800000,0.659064,21,8,1,18,0.898367,0.788247,0.788247
random_forest_balanced_ratio_preserved_noise_mcc_selected_v1,random_forest_class_weight_balanced,random_forest,min_samples_leaf,60/40,1,heuristic_fp_10,test,50/50,test,2.000000,True,2124,48,5.725614,42,21,21,0.880952,0.880952,0.833333,0.952381,0.888889,0.769800,17,4,1,20,0.929705,0.933343,0.933343
random_forest_balanced_ratio_preserved_noise_mcc_selected_v1,random_forest_class_weight_balanced,random_forest,min_samples_leaf,60/40,1,heuristic_fp_10,test,60/40,test,2.000000,True,2124,48,5.819285,53,21,32,0.849057,0.866815,0.740741,0.952381,0.833333,0.717784,25,7,1,20,0.937500,0.907192,0.907192
random_forest_balanced_ratio_preserved_noise_mcc_selected_v1,random_forest_class_weight_balanced,random_forest,min_samples_leaf,60/40,1,heuristic_fp_10,test,70/30,test,2.000000,True,2124,48,5.907706,70,21,49,0.885714,0.904762,0.740741,0.952381,0.833333,0.762116,42,7,1,20,0.938776,0.844473,0.844473
random_forest_balanced_ratio_preserved_noise_mcc_selected_v1,random_forest_class_weight_balanced,random_forest,min_samples_leaf,60/40,1,heuristic_fp_10,test,75/25,test,2.000000,True,2124,48,6.005541,84,21,63,0.869048,0.896825,0.666667,0.952381,0.784314,0.717219,53,10,1,20,0.957672,0.892725,0.892725
random_forest_balanced_ratio_preserved_noise_mcc_selected_v1,random_forest_class_weight_balanced,random_forest,min_samples_leaf,60/40,1,heuristic_fp_10,test,80/20,test,2.000000,True,2124,48,6.141550,105,21,84,0.847619,0.886905,0.571429,0.952381,0.714286,0.656599,69,15,1,20,0.931406,0.733788,0.733788
random_forest_balanced_ratio_preserved_noise_mcc_selected_v1,random_forest_class_weight_balanced,random_forest,min_samples_leaf,60/40,1,heuristic_fp_10,test,90/10,test,2.000000,True,2124,48,6.378395,210,21,189,0.804762,0.870370,0.333333,0.952381,0.493827,0.491910,149,40,1,20,0.927564,0.655638,0.655638
random_forest_balanced_ratio_preserved_noise_mcc_selected_v1,random_forest_class_weight_balanced,random_forest,min_samples_leaf,60/40,1,heuristic_fp_20,validation_grid,60/40,valid,1.000000,True,2549,48,5.746528,48,19,29,0.875000,0.887477,0.782609,0.947368,0.857143,0.758609,24,5,1,18,0.911978,0.855847,0.855847
random_forest_balanced_ratio_preserved_noise_mcc_selected_v1,random_forest_class_weight_balanced,random_forest,min_samples_leaf,60/40,1,heuristic_fp_20,validation_grid,60/40,valid,2.000000,False,2549,48,6.185894,48,19,29,0.854167,0.870236,0.750000,0.947368,0.837209,0.724224,23,6,1,18,0.925590,0.879658,0.879658
random_forest_balanced_ratio_preserved_noise_mcc_selected_v1,random_forest_class_weight_balanced,random_forest,min_samples_leaf,60/40,1,heuristic_fp_20,validation_grid,60/40,valid,5.000000,False,2549,48,6.544820,48,19,29,0.812500,0.835753,0.692308,0.947368,0.800000,0.659064,21,8,1,18,0.912886,0.841140,0.841140
random_forest_balanced_ratio_preserved_noise_mcc_selected_v1,random_forest_class_weight_balanced,random_forest,min_samples_leaf,60/40,1,heuristic_fp_20,test,50/50,test,1.000000,True,2549,48,6.626538,42,21,21,0.809524,0.809524,0.782609,0.857143,0.818182,0.621874,16,5,3,18,0.904762,0.914235,0.914235
random_forest_balanced_ratio_preserved_noise_mcc_selected_v1,random_forest_class_weight_balanced,random_forest,min_samples_leaf,60/40,1,heuristic_fp_20,test,60/40,test,1.000000,True,2549,48,6.712826,53,21,32,0.811321,0.819196,0.720000,0.857143,0.782609,0.625495,25,7,3,18,0.933780,0.914032,0.914032
random_forest_balanced_ratio_preserved_noise_mcc_selected_v1,random_forest_class_weight_balanced,random_forest,min_samples_leaf,60/40,1,heuristic_fp_20,test,70/30,test,1.000000,True,2549,48,6.805766,70,21,49,0.857143,0.857143,0.720000,0.857143,0.782609,0.683130,42,7,3,18,0.943149,0.873382,0.873382
random_forest_balanced_ratio_preserved_noise_mcc_selected_v1,random_forest_class_weight_balanced,random_forest,min_samples_leaf,60/40,1,heuristic_fp_20,test,75/25,test,1.000000,True,2549,48,6.901265,84,21,63,0.809524,0.825397,0.580645,0.857143,0.692308,0.583989,50,13,3,18,0.938020,0.861163,0.861163
random_forest_balanced_ratio_preserved_noise_mcc_selected_v1,random_forest_class_weight_balanced,random_forest,min_samples_leaf,60/40,1,heuristic_fp_20,test,80/20,test,1.000000,True,2549,48,7.022107,105,21,84,0.771429,0.803571,0.461538,0.857143,0.600000,0.502616,63,21,3,18,0.905045,0.679760,0.679760
random_forest_balanced_ratio_preserved_noise_mcc_selected_v1,random_forest_class_weight_balanced,random_forest,min_samples_leaf,60/40,1,heuristic_fp_20,test,90/10,test,1.000000,True,2549,48,7.234971,210,21,189,0.790476,0.820106,0.305085,0.857143,0.450000,0.427316,148,41,3,18,0.918871,0.687473,0.687473
random_forest_balanced_ratio_preserved_noise_mcc_selected_v1,random_forest_class_weight_balanced,random_forest,min_samples_leaf,60/40,2,clean,validation_grid,60/40,valid,1.000000,False,1698,48,4.664293,48,19,29,0.854167,0.843013,0.833333,0.789474,0.810811,0.692977,26,3,4,15,0.938294,0.920421,0.920421
random_forest_balanced_ratio_preserved_noise_mcc_selected_v1,random_forest_class_weight_balanced,random_forest,min_samples_leaf,60/40,2,clean,validation_grid,60/40,valid,2.000000,False,1698,48,5.054025,48,19,29,0.875000,0.860254,0.882353,0.789474,0.833333,0.736732,27,2,4,15,0.956443,0.937979,0.937979
random_forest_balanced_ratio_preserved_noise_mcc_selected_v1,random_forest_class_weight_balanced,random_forest,min_samples_leaf,60/40,2,clean,validation_grid,60/40,valid,5.000000,True,1698,48,5.446461,48,19,29,0.875000,0.869328,0.842105,0.842105,0.842105,0.738657,26,3,3,16,0.952813,0.939578,0.939578
random_forest_balanced_ratio_preserved_noise_mcc_selected_v1,random_forest_class_weight_balanced,random_forest,min_samples_leaf,60/40,2,clean,test,50/50,test,5.000000,True,1698,48,5.581728,42,21,21,0.785714,0.785714,0.800000,0.761905,0.780488,0.572078,17,4,5,16,0.888889,0.891646,0.891646
random_forest_balanced_ratio_preserved_noise_mcc_selected_v1,random_forest_class_weight_balanced,random_forest,min_samples_leaf,60/40,2,clean,test,60/40,test,5.000000,True,1698,48,5.700545,53,21,32,0.773585,0.771577,0.695652,0.761905,0.727273,0.536023,25,7,5,16,0.882440,0.851356,0.851356
random_forest_balanced_ratio_preserved_noise_mcc_selected_v1,random_forest_class_weight_balanced,random_forest,min_samples_leaf,60/40,2,clean,test,70/30,test,5.000000,True,1698,48,5.850148,70,21,49,0.771429,0.768707,0.592593,0.761905,0.666667,0.505943,38,11,5,16,0.848397,0.641573,0.641573
random_forest_balanced_ratio_preserved_noise_mcc_selected_v1,random_forest_class_weight_balanced,random_forest,min_samples_leaf,60/40,2,clean,test,75/25,test,5.000000,True,1698,48,6.037803,84,21,63,0.750000,0.753968,0.500000,0.761905,0.603774,0.452911,47,16,5,16,0.862434,0.756426,0.756426
random_forest_balanced_ratio_preserved_noise_mcc_selected_v1,random_forest_class_weight_balanced,random_forest,min_samples_leaf,60/40,2,clean,test,80/20,test,5.000000,True,1698,48,6.162379,105,21,84,0.800000,0.785714,0.500000,0.761905,0.603774,0.496564,68,16,5,16,0.896259,0.752677,0.752677
random_forest_balanced_ratio_preserved_noise_mcc_selected_v1,random_forest_class_weight_balanced,random_forest,min_samples_leaf,60/40,2,clean,test,90/10,test,5.000000,True,1698,48,6.394287,210,21,189,0.819048,0.793651,0.326531,0.761905,0.457143,0.416573,156,33,5,16,0.886873,0.568406,0.568406
random_forest_balanced_ratio_preserved_noise_mcc_selected_v1,random_forest_class_weight_balanced,random_forest,min_samples_leaf,60/40,2,random_flip_10,validation_grid,60/40,valid,1.000000,True,1698,48,4.645541,48,19,29,0.895833,0.886570,0.888889,0.842105,0.864865,0.780975,27,2,3,16,0.931942,0.933936,0.933936
random_forest_balanced_ratio_preserved_noise_mcc_selected_v1,random_forest_class_weight_balanced,random_forest,min_samples_leaf,60/40,2,random_flip_10,validation_grid,60/40,valid,2.000000,False,1698,48,4.980278,48,19,29,0.833333,0.816697,0.823529,0.736842,0.777778,0.647656,26,3,5,14,0.921960,0.886348,0.886348
random_forest_balanced_ratio_preserved_noise_mcc_selected_v1,random_forest_class_weight_balanced,random_forest,min_samples_leaf,60/40,2,random_flip_10,validation_grid,60/40,valid,5.000000,False,1698,48,5.266092,48,19,29,0.895833,0.886570,0.888889,0.842105,0.864865,0.780975,27,2,3,16,0.949183,0.935875,0.935875
random_forest_balanced_ratio_preserved_noise_mcc_selected_v1,random_forest_class_weight_balanced,random_forest,min_samples_leaf,60/40,2,random_flip_10,test,50/50,test,1.000000,True,1698,48,5.371775,42,21,21,0.714286,0.714286,0.846154,0.523810,0.647059,0.463524,19,2,10,11,0.867347,0.877660,0.877660
random_forest_balanced_ratio_preserved_noise_mcc_selected_v1,random_forest_class_weight_balanced,random_forest,min_samples_leaf,60/40,2,random_flip_10,test,60/40,test,1.000000,True,1698,48,5.464671,53,21,32,0.716981,0.683780,0.687500,0.523810,0.594595,0.391608,27,5,10,11,0.843006,0.794516,0.794516
random_forest_balanced_ratio_preserved_noise_mcc_selected_v1,random_forest_class_weight_balanced,random_forest,min_samples_leaf,60/40,2,random_flip_10,test,70/30,test,1.000000,True,1698,48,5.589371,70,21,49,0.742857,0.680272,0.578947,0.523810,0.550000,0.371539,41,8,10,11,0.833333,0.669423,0.669423
random_forest_balanced_ratio_preserved_noise_mcc_selected_v1,random_forest_class_weight_balanced,random_forest,min_samples_leaf,60/40,2,random_flip_10,test,75/25,test,1.000000,True,1698,48,5.705261,84,21,63,0.714286,0.650794,0.440000,0.523810,0.478261,0.285625,49,14,10,11,0.798564,0.615726,0.615726
random_forest_balanced_ratio_preserved_noise_mcc_selected_v1,random_forest_class_weight_balanced,random_forest,min_samples_leaf,60/40,2,random_flip_10,test,80/20,test,1.000000,True,1698,48,5.835544,105,21,84,0.828571,0.714286,0.578947,0.523810,0.550000,0.445294,76,8,10,11,0.869331,0.674178,0.674178
random_forest_balanced_ratio_preserved_noise_mcc_selected_v1,random_forest_class_weight_balanced,random_forest,min_samples_leaf,60/40,2,random_flip_10,test,90/10,test,1.000000,True,1698,48,6.038240,210,21,189,0.819048,0.687831,0.282051,0.523810,0.366667,0.289806,161,28,10,11,0.837365,0.473439,0.473439
random_forest_balanced_ratio_preserved_noise_mcc_selected_v1,random_forest_class_weight_balanced,random_forest,min_samples_leaf,60/40,2,random_flip_20,validation_grid,60/40,valid,1.000000,False,1698,48,4.592871,48,19,29,0.812500,0.790381,0.812500,0.684211,0.742857,0.602475,26,3,6,13,0.852995,0.814757,0.814757
random_forest_balanced_ratio_preserved_noise_mcc_selected_v1,random_forest_class_weight_balanced,random_forest,min_samples_leaf,60/40,2,random_flip_20,validation_grid,60/40,valid,2.000000,False,1698,48,4.966855,48,19,29,0.812500,0.799456,0.777778,0.736842,0.756757,0.604980,25,4,5,14,0.869328,0.796796,0.796796
random_forest_balanced_ratio_preserved_noise_mcc_selected_v1,random_forest_class_weight_balanced,random_forest,min_samples_leaf,60/40,2,random_flip_20,validation_grid,60/40,valid,5.000000,True,1698,48,5.255887,48,19,29,0.812500,0.808530,0.750000,0.789474,0.769231,0.612081,24,5,4,15,0.903811,0.880782,0.880782
random_forest_balanced_ratio_preserved_noise_mcc_selected_v1,random_forest_class_weight_balanced,random_forest,min_samples_leaf,60/40,2,random_flip_20,test,50/50,test,5.000000,True,1698,48,5.362595,42,21,21,0.857143,0.857143,0.941176,0.761905,0.842105,0.727607,20,1,5,16,0.936508,0.948766,0.948766
random_forest_balanced_ratio_preserved_noise_mcc_selected_v1,random_forest_class_weight_balanced,random_forest,min_samples_leaf,60/40,2,random_flip_20,test,60/40,test,5.000000,True,1698,48,5.457947,53,21,32,0.811321,0.802827,0.761905,0.761905,0.761905,0.605655,27,5,5,16,0.915179,0.905803,0.905803
random_forest_balanced_ratio_preserved_noise_mcc_selected_v1,random_forest_class_weight_balanced,random_forest,min_samples_leaf,60/40,2,random_flip_20,test,70/30,test,5.000000,True,1698,48,5.588731,70,21,49,0.800000,0.789116,0.640000,0.761905,0.695652,0.553010,40,9,5,16,0.842566,0.661347,0.661347
random_forest_balanced_ratio_preserved_noise_mcc_selected_v1,random_forest_class_weight_balanced,random_forest,min_samples_leaf,60/40,2,random_flip_20,test,75/25,test,5.000000,True,1698,48,5.713609,84,21,63,0.809524,0.793651,0.592593,0.761905,0.666667,0.544530,52,11,5,16,0.885865,0.782985,0.782985
random_forest_balanced_ratio_preserved_noise_mcc_selected_v1,random_forest_class_weight_balanced,random_forest,min_samples_leaf,60/40,2,random_flip_20,test,80/20,test,5.000000,True,1698,48,5.843967,105,21,84,0.809524,0.791667,0.516129,0.761905,0.615385,0.511528,69,15,5,16,0.899093,0.720083,0.720083
random_forest_balanced_ratio_preserved_noise_mcc_selected_v1,random_forest_class_weight_balanced,random_forest,min_samples_leaf,60/40,2,random_flip_20,test,90/10,test,5.000000,True,1698,48,6.047728,210,21,189,0.833333,0.801587,0.347826,0.761905,0.477612,0.437505,159,30,5,16,0.898715,0.602129,0.602129
random_forest_balanced_ratio_preserved_noise_mcc_selected_v1,random_forest_class_weight_balanced,random_forest,min_samples_leaf,60/40,2,random_fp_10,validation_grid,60/40,valid,1.000000,False,2124,48,5.011264,48,19,29,0.875000,0.869328,0.842105,0.842105,0.842105,0.738657,26,3,3,16,0.963702,0.944018,0.944018
random_forest_balanced_ratio_preserved_noise_mcc_selected_v1,random_forest_class_weight_balanced,random_forest,min_samples_leaf,60/40,2,random_fp_10,validation_grid,60/40,valid,2.000000,False,2124,48,5.423097,48,19,29,0.854167,0.852087,0.800000,0.842105,0.820513,0.698493,25,4,3,16,0.949183,0.923811,0.923811
random_forest_balanced_ratio_preserved_noise_mcc_selected_v1,random_forest_class_weight_balanced,random_forest,min_samples_leaf,60/40,2,random_fp_10,validation_grid,60/40,valid,5.000000,True,2124,48,5.759122,48,19,29,0.916667,0.921960,0.857143,0.947368,0.900000,0.831928,26,3,1,18,0.963702,0.942809,0.942809
random_forest_balanced_ratio_preserved_noise_mcc_selected_v1,random_forest_class_weight_balanced,random_forest,min_samples_leaf,60/40,2,random_fp_10,test,50/50,test,5.000000,True,2124,48,5.860956,42,21,21,0.809524,0.809524,0.842105,0.761905,0.800000,0.621874,18,3,5,16,0.886621,0.898148,0.898148
random_forest_balanced_ratio_preserved_noise_mcc_selected_v1,random_forest_class_weight_balanced,random_forest,min_samples_leaf,60/40,2,random_fp_10,test,60/40,test,5.000000,True,2124,48,5.952656,53,21,32,0.773585,0.771577,0.695652,0.761905,0.727273,0.536023,25,7,5,16,0.895833,0.873394,0.873394
random_forest_balanced_ratio_preserved_noise_mcc_selected_v1,random_forest_class_weight_balanced,random_forest,min_samples_leaf,60/40,2,random_fp_10,test,70/30,test,5.000000,True,2124,48,6.079898,70,21,49,0.771429,0.768707,0.592593,0.761905,0.666667,0.505943,38,11,5,16,0.855199,0.685426,0.685426
random_forest_balanced_ratio_preserved_noise_mcc_selected_v1,random_forest_class_weight_balanced,random_forest,min_samples_leaf,60/40,2,random_fp_10,test,75/25,test,5.000000,True,2124,48,6.192130,84,21,63,0.750000,0.753968,0.500000,0.761905,0.603774,0.452911,47,16,5,16,0.856387,0.719466,0.719466
random_forest_balanced_ratio_preserved_noise_mcc_selected_v1,random_forest_class_weight_balanced,random_forest,min_samples_leaf,60/40,2,random_fp_10,test,80/20,test,5.000000,True,2124,48,6.307289,105,21,84,0.809524,0.791667,0.516129,0.761905,0.615385,0.511528,69,15,5,16,0.892290,0.751125,0.751125
random_forest_balanced_ratio_preserved_noise_mcc_selected_v1,random_forest_class_weight_balanced,random_forest,min_samples_leaf,60/40,2,random_fp_10,test,90/10,test,5.000000,True,2124,48,6.499169,210,21,189,0.852381,0.812169,0.380952,0.761905,0.507937,0.468254,163,26,5,16,0.881078,0.584380,0.584380
random_forest_balanced_ratio_preserved_noise_mcc_selected_v1,random_forest_class_weight_balanced,random_forest,min_samples_leaf,60/40,2,random_fp_20,validation_grid,60/40,valid,1.000000,True,2549,48,5.751460,48,19,29,0.875000,0.878403,0.809524,0.894737,0.850000,0.746051,25,4,2,17,0.945554,0.923997,0.923997
random_forest_balanced_ratio_preserved_noise_mcc_selected_v1,random_forest_class_weight_balanced,random_forest,min_samples_leaf,60/40,2,random_fp_20,validation_grid,60/40,valid,2.000000,False,2549,48,6.283510,48,19,29,0.875000,0.869328,0.842105,0.842105,0.842105,0.738657,26,3,3,16,0.920145,0.900847,0.900847
random_forest_balanced_ratio_preserved_noise_mcc_selected_v1,random_forest_class_weight_balanced,random_forest,min_samples_leaf,60/40,2,random_fp_20,validation_grid,60/40,valid,5.000000,False,2549,48,6.714746,48,19,29,0.875000,0.869328,0.842105,0.842105,0.842105,0.738657,26,3,3,16,0.954628,0.939878,0.939878
random_forest_balanced_ratio_preserved_noise_mcc_selected_v1,random_forest_class_weight_balanced,random_forest,min_samples_leaf,60/40,2,random_fp_20,test,50/50,test,1.000000,True,2549,48,6.827195,42,21,21,0.809524,0.809524,0.882353,0.714286,0.789474,0.630593,19,2,6,15,0.911565,0.922854,0.922854
random_forest_balanced_ratio_preserved_noise_mcc_selected_v1,random_forest_class_weight_balanced,random_forest,min_samples_leaf,60/40,2,random_fp_20,test,60/40,test,1.000000,True,2549,48,6.932161,53,21,32,0.773585,0.763393,0.714286,0.714286,0.714286,0.526786,26,6,6,15,0.883929,0.863498,0.863498
random_forest_balanced_ratio_preserved_noise_mcc_selected_v1,random_forest_class_weight_balanced,random_forest,min_samples_leaf,60/40,2,random_fp_20,test,70/30,test,1.000000,True,2549,48,7.068687,70,21,49,0.785714,0.765306,0.625000,0.714286,0.666667,0.512272,40,9,6,15,0.859086,0.751229,0.751229
random_forest_balanced_ratio_preserved_noise_mcc_selected_v1,random_forest_class_weight_balanced,random_forest,min_samples_leaf,60/40,2,random_fp_20,test,75/25,test,1.000000,True,2549,48,7.186849,84,21,63,0.761905,0.746032,0.517241,0.714286,0.600000,0.448147,49,14,6,15,0.860544,0.738652,0.738652
random_forest_balanced_ratio_preserved_noise_mcc_selected_v1,random_forest_class_weight_balanced,random_forest,min_samples_leaf,60/40,2,random_fp_20,test,80/20,test,1.000000,True,2549,48,7.303936,105,21,84,0.838095,0.791667,0.576923,0.714286,0.638298,0.540587,73,11,6,15,0.898810,0.775614,0.775614
random_forest_balanced_ratio_preserved_noise_mcc_selected_v1,random_forest_class_weight_balanced,random_forest,min_samples_leaf,60/40,2,random_fp_20,test,90/10,test,1.000000,True,2549,48,7.497370,210,21,189,0.819048,0.772487,0.319149,0.714286,0.441176,0.392259,157,32,6,15,0.873520,0.600391,0.600391
random_forest_balanced_ratio_preserved_noise_mcc_selected_v1,random_forest_class_weight_balanced,random_forest,min_samples_leaf,60/40,2,heuristic_fp_10,validation_grid,60/40,valid,1.000000,False,2124,48,5.147337,48,19,29,0.833333,0.843920,0.739130,0.894737,0.809524,0.673332,23,6,2,17,0.932849,0.906166,0.906166
random_forest_balanced_ratio_preserved_noise_mcc_selected_v1,random_forest_class_weight_balanced,random_forest,min_samples_leaf,60/40,2,heuristic_fp_10,validation_grid,60/40,valid,2.000000,True,2124,48,5.547080,48,19,29,0.875000,0.878403,0.809524,0.894737,0.850000,0.746051,25,4,2,17,0.941924,0.914521,0.914521
random_forest_balanced_ratio_preserved_noise_mcc_selected_v1,random_forest_class_weight_balanced,random_forest,min_samples_leaf,60/40,2,heuristic_fp_10,validation_grid,60/40,valid,5.000000,False,2124,48,6.014886,48,19,29,0.833333,0.843920,0.739130,0.894737,0.809524,0.673332,23,6,2,17,0.941924,0.913408,0.913408
random_forest_balanced_ratio_preserved_noise_mcc_selected_v1,random_forest_class_weight_balanced,random_forest,min_samples_leaf,60/40,2,heuristic_fp_10,test,50/50,test,2.000000,True,2124,48,6.130375,42,21,21,0.809524,0.809524,0.842105,0.761905,0.800000,0.621874,18,3,5,16,0.931973,0.935063,0.935063
random_forest_balanced_ratio_preserved_noise_mcc_selected_v1,random_forest_class_weight_balanced,random_forest,min_samples_leaf,60/40,2,heuristic_fp_10,test,60/40,test,2.000000,True,2124,48,6.236750,53,21,32,0.792453,0.787202,0.727273,0.761905,0.744186,0.570178,26,6,5,16,0.921131,0.901431,0.901431
random_forest_balanced_ratio_preserved_noise_mcc_selected_v1,random_forest_class_weight_balanced,random_forest,min_samples_leaf,60/40,2,heuristic_fp_10,test,70/30,test,2.000000,True,2124,48,6.363812,70,21,49,0.742857,0.748299,0.551724,0.761905,0.640000,0.461979,36,13,5,16,0.893100,0.781569,0.781569
random_forest_balanced_ratio_preserved_noise_mcc_selected_v1,random_forest_class_weight_balanced,random_forest,min_samples_leaf,60/40,2,heuristic_fp_10,test,75/25,test,2.000000,True,2124,48,6.485939,84,21,63,0.785714,0.777778,0.551724,0.761905,0.640000,0.505973,50,13,5,16,0.915344,0.836300,0.836300
random_forest_balanced_ratio_preserved_noise_mcc_selected_v1,random_forest_class_weight_balanced,random_forest,min_samples_leaf,60/40,2,heuristic_fp_10,test,80/20,test,2.000000,True,2124,48,6.615154,105,21,84,0.809524,0.791667,0.516129,0.761905,0.615385,0.511528,69,15,5,16,0.937642,0.837119,0.837119
random_forest_balanced_ratio_preserved_noise_mcc_selected_v1,random_forest_class_weight_balanced,random_forest,min_samples_leaf,60/40,2,heuristic_fp_10,test,90/10,test,2.000000,True,2124,48,6.833966,210,21,189,0.780952,0.772487,0.280702,0.761905,0.410256,0.367649,148,41,5,16,0.910557,0.634058,0.634058
random_forest_balanced_ratio_preserved_noise_mcc_selected_v1,random_forest_class_weight_balanced,random_forest,min_samples_leaf,60/40,2,heuristic_fp_20,validation_grid,60/40,valid,1.000000,False,2549,48,5.748451,48,19,29,0.812500,0.826679,0.708333,0.894737,0.790698,0.639021,22,7,2,17,0.921053,0.877420,0.877420
random_forest_balanced_ratio_preserved_noise_mcc_selected_v1,random_forest_class_weight_balanced,random_forest,min_samples_leaf,60/40,2,heuristic_fp_20,validation_grid,60/40,valid,2.000000,True,2549,48,6.204654,48,19,29,0.812500,0.835753,0.692308,0.947368,0.800000,0.659064,21,8,1,18,0.927405,0.896760,0.896760
random_forest_balanced_ratio_preserved_noise_mcc_selected_v1,random_forest_class_weight_balanced,random_forest,min_samples_leaf,60/40,2,heuristic_fp_20,validation_grid,60/40,valid,5.000000,False,2549,48,6.555995,48,19,29,0.812500,0.835753,0.692308,0.947368,0.800000,0.659064,21,8,1,18,0.923775,0.876679,0.876679
random_forest_balanced_ratio_preserved_noise_mcc_selected_v1,random_forest_class_weight_balanced,random_forest,min_samples_leaf,60/40,2,heuristic_fp_20,test,50/50,test,2.000000,True,2549,48,6.650432,42,21,21,0.785714,0.785714,0.800000,0.761905,0.780488,0.572078,17,4,5,16,0.920635,0.921579,0.921579
random_forest_balanced_ratio_preserved_noise_mcc_selected_v1,random_forest_class_weight_balanced,random_forest,min_samples_leaf,60/40,2,heuristic_fp_20,test,60/40,test,2.000000,True,2549,48,6.750371,53,21,32,0.773585,0.771577,0.695652,0.761905,0.727273,0.536023,25,7,5,16,0.922619,0.890841,0.890841
random_forest_balanced_ratio_preserved_noise_mcc_selected_v1,random_forest_class_weight_balanced,random_forest,min_samples_leaf,60/40,2,heuristic_fp_20,test,70/30,test,2.000000,True,2549,48,6.867835,70,21,49,0.742857,0.748299,0.551724,0.761905,0.640000,0.461979,36,13,5,16,0.882410,0.735820,0.735820
random_forest_balanced_ratio_preserved_noise_mcc_selected_v1,random_forest_class_weight_balanced,random_forest,min_samples_leaf,60/40,2,heuristic_fp_20,test,75/25,test,2.000000,True,2549,48,6.975859,84,21,63,0.738095,0.746032,0.484848,0.761905,0.592593,0.436274,46,17,5,16,0.896447,0.804159,0.804159
random_forest_balanced_ratio_preserved_noise_mcc_selected_v1,random_forest_class_weight_balanced,random_forest,min_samples_leaf,60/40,2,heuristic_fp_20,test,80/20,test,2.000000,True,2549,48,7.083584,105,21,84,0.828571,0.803571,0.551724,0.761905,0.640000,0.543168,71,13,5,16,0.928005,0.797863,0.797863
random_forest_balanced_ratio_preserved_noise_mcc_selected_v1,random_forest_class_weight_balanced,random_forest,min_samples_leaf,60/40,2,heuristic_fp_20,test,90/10,test,2.000000,True,2549,48,7.277737,210,21,189,0.757143,0.759259,0.258065,0.761905,0.385542,0.341019,143,46,5,16,0.911817,0.637245,0.637245
random_forest_balanced_ratio_preserved_noise_mcc_selected_v1,random_forest_class_weight_balanced,random_forest,min_samples_leaf,60/40,3,clean,validation_grid,60/40,valid,1.000000,True,1698,48,4.301052,48,19,29,0.854167,0.852087,0.800000,0.842105,0.820513,0.698493,25,4,3,16,0.940109,0.928304,0.928304
random_forest_balanced_ratio_preserved_noise_mcc_selected_v1,random_forest_class_weight_balanced,random_forest,min_samples_leaf,60/40,3,clean,validation_grid,60/40,valid,2.000000,False,1698,48,4.626725,48,19,29,0.854167,0.843013,0.833333,0.789474,0.810811,0.692977,26,3,4,15,0.938294,0.917749,0.917749
random_forest_balanced_ratio_preserved_noise_mcc_selected_v1,random_forest_class_weight_balanced,random_forest,min_samples_leaf,60/40,3,clean,validation_grid,60/40,valid,5.000000,False,1698,48,4.889542,48,19,29,0.833333,0.843920,0.739130,0.894737,0.809524,0.673332,23,6,2,17,0.927405,0.884269,0.884269
random_forest_balanced_ratio_preserved_noise_mcc_selected_v1,random_forest_class_weight_balanced,random_forest,min_samples_leaf,60/40,3,clean,test,50/50,test,1.000000,True,1698,48,4.966098,42,21,21,0.880952,0.880952,0.944444,0.809524,0.871795,0.769800,20,1,4,17,0.905896,0.919834,0.919834
random_forest_balanced_ratio_preserved_noise_mcc_selected_v1,random_forest_class_weight_balanced,random_forest,min_samples_leaf,60/40,3,clean,test,60/40,test,1.000000,True,1698,48,5.064712,53,21,32,0.792453,0.795387,0.708333,0.809524,0.755556,0.580499,25,7,4,17,0.843750,0.811512,0.811512
random_forest_balanced_ratio_preserved_noise_mcc_selected_v1,random_forest_class_weight_balanced,random_forest,min_samples_leaf,60/40,3,clean,test,70/30,test,1.000000,True,1698,48,5.167302,70,21,49,0.771429,0.782313,0.586207,0.809524,0.680000,0.525264,37,12,4,17,0.893100,0.837247,0.837247
random_forest_balanced_ratio_preserved_noise_mcc_selected_v1,random_forest_class_weight_balanced,random_forest,min_samples_leaf,60/40,3,clean,test,75/25,test,1.000000,True,1698,48,5.279288,84,21,63,0.833333,0.825397,0.629630,0.809524,0.708333,0.603398,53,10,4,17,0.894180,0.773553,0.773553
random_forest_balanced_ratio_preserved_noise_mcc_selected_v1,random_forest_class_weight_balanced,random_forest,min_samples_leaf,60/40,3,clean,test,80/20,test,1.000000,True,1698,48,5.402802,105,21,84,0.809524,0.809524,0.515152,0.809524,0.629630,0.533396,68,16,4,17,0.883503,0.745179,0.745179
random_forest_balanced_ratio_preserved_noise_mcc_selected_v1,random_forest_class_weight_balanced,random_forest,min_samples_leaf,60/40,3,clean,test,90/10,test,1.000000,True,1698,48,5.604082,210,21,189,0.871429,0.843915,0.425000,0.809524,0.557377,0.525494,166,23,4,17,0.902116,0.675684,0.675684
random_forest_balanced_ratio_preserved_noise_mcc_selected_v1,random_forest_class_weight_balanced,random_forest,min_samples_leaf,60/40,3,random_flip_10,validation_grid,60/40,valid,1.000000,True,1698,48,4.311027,48,19,29,0.854167,0.852087,0.800000,0.842105,0.820513,0.698493,25,4,3,16,0.908348,0.880026,0.880026
random_forest_balanced_ratio_preserved_noise_mcc_selected_v1,random_forest_class_weight_balanced,random_forest,min_samples_leaf,60/40,3,random_flip_10,validation_grid,60/40,valid,2.000000,False,1698,48,4.642644,48,19,29,0.833333,0.825771,0.789474,0.789474,0.789474,0.651543,25,4,4,15,0.887477,0.858328,0.858328
random_forest_balanced_ratio_preserved_noise_mcc_selected_v1,random_forest_class_weight_balanced,random_forest,min_samples_leaf,60/40,3,random_flip_10,validation_grid,60/40,valid,5.000000,False,1698,48,4.923666,48,19,29,0.812500,0.799456,0.777778,0.736842,0.756757,0.604980,25,4,5,14,0.920145,0.876714,0.876714
random_forest_balanced_ratio_preserved_noise_mcc_selected_v1,random_forest_class_weight_balanced,random_forest,min_samples_leaf,60/40,3,random_flip_10,test,50/50,test,1.000000,True,1698,48,5.008741,42,21,21,0.785714,0.785714,0.833333,0.714286,0.769231,0.577350,18,3,6,15,0.883220,0.893637,0.893637
random_forest_balanced_ratio_preserved_noise_mcc_selected_v1,random_forest_class_weight_balanced,random_forest,min_samples_leaf,60/40,3,random_flip_10,test,60/40,test,1.000000,True,1698,48,5.110131,53,21,32,0.754717,0.747768,0.681818,0.714286,0.697674,0.491889,25,7,6,15,0.847470,0.822309,0.822309
random_forest_balanced_ratio_preserved_noise_mcc_selected_v1,random_forest_class_weight_balanced,random_forest,min_samples_leaf,60/40,3,random_flip_10,test,70/30,test,1.000000,True,1698,48,5.214696,70,21,49,0.814286,0.785714,0.681818,0.714286,0.697674,0.564076,42,7,6,15,0.880466,0.819553,0.819553
random_forest_balanced_ratio_preserved_noise_mcc_selected_v1,random_forest_class_weight_balanced,random_forest,min_samples_leaf,60/40,3,random_flip_10,test,75/25,test,1.000000,True,1698,48,5.322310,84,21,63,0.845238,0.801587,0.681818,0.714286,0.697674,0.594040,56,7,6,15,0.888511,0.764275,0.764275
random_forest_balanced_ratio_preserved_noise_mcc_selected_v1,random_forest_class_weight_balanced,random_forest,min_samples_leaf,60/40,3,random_flip_10,test,80/20,test,1.000000,True,1698,48,5.446254,105,21,84,0.828571,0.785714,0.555556,0.714286,0.625000,0.522976,72,12,6,15,0.878118,0.699804,0.699804
random_forest_balanced_ratio_preserved_noise_mcc_selected_v1,random_forest_class_weight_balanced,random_forest,min_samples_leaf,60/40,3,random_flip_10,test,90/10,test,1.000000,True,1698,48,5.625327,210,21,189,0.852381,0.791005,0.375000,0.714286,0.491803,0.444649,164,25,6,15,0.899849,0.674787,0.674787
random_forest_balanced_ratio_preserved_noise_mcc_selected_v1,random_forest_class_weight_balanced,random_forest,min_samples_leaf,60/40,3,random_flip_20,validation_grid,60/40,valid,1.000000,True,1698,48,4.538974,48,19,29,0.791667,0.782214,0.736842,0.736842,0.736842,0.564428,24,5,5,14,0.880218,0.817014,0.817014
random_forest_balanced_ratio_preserved_noise_mcc_selected_v1,random_forest_class_weight_balanced,random_forest,min_samples_leaf,60/40,3,random_flip_20,validation_grid,60/40,valid,2.000000,False,1698,48,4.879597,48,19,29,0.750000,0.720508,0.733333,0.578947,0.647059,0.465294,25,4,8,11,0.896552,0.841203,0.841203
random_forest_balanced_ratio_preserved_noise_mcc_selected_v1,random_forest_class_weight_balanced,random_forest,min_samples_leaf,60/40,3,random_flip_20,validation_grid,60/40,valid,5.000000,False,1698,48,5.170074,48,19,29,0.791667,0.782214,0.736842,0.736842,0.736842,0.564428,24,5,5,14,0.898367,0.836652,0.836652
random_forest_balanced_ratio_preserved_noise_mcc_selected_v1,random_forest_class_weight_balanced,random_forest,min_samples_leaf,60/40,3,random_flip_20,test,50/50,test,1.000000,True,1698,48,5.261430,42,21,21,0.761905,0.761905,0.823529,0.666667,0.736842,0.533578,18,3,7,14,0.843537,0.867205,0.867205
random_forest_balanced_ratio_preserved_noise_mcc_selected_v1,random_forest_class_weight_balanced,random_forest,min_samples_leaf,60/40,3,random_flip_20,test,60/40,test,1.000000,True,1698,48,5.369044,53,21,32,0.716981,0.708333,0.636364,0.666667,0.651163,0.413601,24,8,7,14,0.773810,0.762985,0.762985
random_forest_balanced_ratio_preserved_noise_mcc_selected_v1,random_forest_class_weight_balanced,random_forest,min_samples_leaf,60/40,3,random_flip_20,test,70/30,test,1.000000,True,1698,48,5.474781,70,21,49,0.814286,0.772109,0.700000,0.666667,0.682927,0.552052,43,6,7,14,0.847425,0.781686,0.781686
random_forest_balanced_ratio_preserved_noise_mcc_selected_v1,random_forest_class_weight_balanced,random_forest,min_samples_leaf,60/40,3,random_flip_20,test,75/25,test,1.000000,True,1698,48,5.582790,84,21,63,0.797619,0.753968,0.583333,0.666667,0.622222,0.486864,53,10,7,14,0.838246,0.734683,0.734683
random_forest_balanced_ratio_preserved_noise_mcc_selected_v1,random_forest_class_weight_balanced,random_forest,min_samples_leaf,60/40,3,random_flip_20,test,80/20,test,1.000000,True,1698,48,5.713094,105,21,84,0.790476,0.744048,0.482759,0.666667,0.560000,0.436665,69,15,7,14,0.838152,0.694316,0.694316
random_forest_balanced_ratio_preserved_noise_mcc_selected_v1,random_forest_class_weight_balanced,random_forest,min_samples_leaf,60/40,3,random_flip_20,test,90/10,test,1.000000,True,1698,48,5.906551,210,21,189,0.857143,0.772487,0.378378,0.666667,0.482759,0.429133,166,23,7,14,0.854245,0.622037,0.622037
random_forest_balanced_ratio_preserved_noise_mcc_selected_v1,random_forest_class_weight_balanced,random_forest,min_samples_leaf,60/40,3,random_fp_10,validation_grid,60/40,valid,1.000000,False,2124,48,5.001634,48,19,29,0.854167,0.843013,0.833333,0.789474,0.810811,0.692977,26,3,4,15,0.931942,0.896829,0.896829
random_forest_balanced_ratio_preserved_noise_mcc_selected_v1,random_forest_class_weight_balanced,random_forest,min_samples_leaf,60/40,3,random_fp_10,validation_grid,60/40,valid,2.000000,False,2124,48,5.448187,48,19,29,0.812500,0.808530,0.750000,0.789474,0.769231,0.612081,24,5,4,15,0.907441,0.862815,0.862815
random_forest_balanced_ratio_preserved_noise_mcc_selected_v1,random_forest_class_weight_balanced,random_forest,min_samples_leaf,60/40,3,random_fp_10,validation_grid,60/40,valid,5.000000,True,2124,48,5.829408,48,19,29,0.854167,0.861162,0.772727,0.894737,0.829268,0.708940,24,5,2,17,0.940109,0.915096,0.915096
random_forest_balanced_ratio_preserved_noise_mcc_selected_v1,random_forest_class_weight_balanced,random_forest,min_samples_leaf,60/40,3,random_fp_10,test,50/50,test,5.000000,True,2124,48,5.926743,42,21,21,0.857143,0.857143,0.894737,0.809524,0.850000,0.717547,19,2,4,17,0.904762,0.913204,0.913204
random_forest_balanced_ratio_preserved_noise_mcc_selected_v1,random_forest_class_weight_balanced,random_forest,min_samples_leaf,60/40,3,random_fp_10,test,60/40,test,5.000000,True,2124,48,6.043828,53,21,32,0.773585,0.779762,0.680000,0.809524,0.739130,0.548219,24,8,4,17,0.851190,0.816520,0.816520
random_forest_balanced_ratio_preserved_noise_mcc_selected_v1,random_forest_class_weight_balanced,random_forest,min_samples_leaf,60/40,3,random_fp_10,test,70/30,test,5.000000,True,2124,48,6.164582,70,21,49,0.814286,0.812925,0.653846,0.809524,0.723404,0.593561,40,9,4,17,0.903790,0.839037,0.839037
random_forest_balanced_ratio_preserved_noise_mcc_selected_v1,random_forest_class_weight_balanced,random_forest,min_samples_leaf,60/40,3,random_fp_10,test,75/25,test,5.000000,True,2124,48,6.303060,84,21,63,0.857143,0.841270,0.680000,0.809524,0.739130,0.646416,55,8,4,17,0.899471,0.781943,0.781943
random_forest_balanced_ratio_preserved_noise_mcc_selected_v1,random_forest_class_weight_balanced,random_forest,min_samples_leaf,60/40,3,random_fp_10,test,80/20,test,5.000000,True,2124,48,6.447135,105,21,84,0.790476,0.797619,0.485714,0.809524,0.607143,0.505076,66,18,4,17,0.892290,0.744997,0.744997
random_forest_balanced_ratio_preserved_noise_mcc_selected_v1,random_forest_class_weight_balanced,random_forest,min_samples_leaf,60/40,3,random_fp_10,test,90/10,test,5.000000,True,2124,48,6.661124,210,21,189,0.828571,0.820106,0.346939,0.809524,0.485714,0.454102,157,32,4,17,0.901487,0.604652,0.604652
random_forest_balanced_ratio_preserved_noise_mcc_selected_v1,random_forest_class_weight_balanced,random_forest,min_samples_leaf,60/40,3,random_fp_20,validation_grid,60/40,valid,1.000000,False,2549,48,5.858076,48,19,29,0.791667,0.791289,0.714286,0.789474,0.750000,0.574299,23,6,4,15,0.910163,0.869153,0.869153
random_forest_balanced_ratio_preserved_noise_mcc_selected_v1,random_forest_class_weight_balanced,random_forest,min_samples_leaf,60/40,3,random_fp_20,validation_grid,60/40,valid,2.000000,True,2549,48,6.374634,48,19,29,0.895833,0.895644,0.850000,0.894737,0.871795,0.784904,26,3,2,17,0.938294,0.897939,0.897939
random_forest_balanced_ratio_preserved_noise_mcc_selected_v1,random_forest_class_weight_balanced,random_forest,min_samples_leaf,60/40,3,random_fp_20,validation_grid,60/40,valid,5.000000,False,2549,48,6.750446,48,19,29,0.833333,0.843920,0.739130,0.894737,0.809524,0.673332,23,6,2,17,0.954628,0.945032,0.945032
random_forest_balanced_ratio_preserved_noise_mcc_selected_v1,random_forest_class_weight_balanced,random_forest,min_samples_leaf,60/40,3,random_fp_20,test,50/50,test,2.000000,True,2549,48,6.826602,42,21,21,0.833333,0.833333,0.888889,0.761905,0.820513,0.673575,19,2,5,16,0.911565,0.927436,0.927436
random_forest_balanced_ratio_preserved_noise_mcc_selected_v1,random_forest_class_weight_balanced,random_forest,min_samples_leaf,60/40,3,random_fp_20,test,60/40,test,2.000000,True,2549,48,6.937474,53,21,32,0.754717,0.755952,0.666667,0.761905,0.711111,0.503001,24,8,5,16,0.818452,0.810395,0.810395
random_forest_balanced_ratio_preserved_noise_mcc_selected_v1,random_forest_class_weight_balanced,random_forest,min_samples_leaf,60/40,3,random_fp_20,test,70/30,test,2.000000,True,2549,48,7.057107,70,21,49,0.814286,0.799320,0.666667,0.761905,0.711111,0.577948,41,8,5,16,0.885326,0.820124,0.820124
random_forest_balanced_ratio_preserved_noise_mcc_selected_v1,random_forest_class_weight_balanced,random_forest,min_samples_leaf,60/40,3,random_fp_20,test,75/25,test,2.000000,True,2549,48,7.169430,84,21,63,0.809524,0.793651,0.592593,0.761905,0.666667,0.544530,52,11,5,16,0.870748,0.743284,0.743284
random_forest_balanced_ratio_preserved_noise_mcc_selected_v1,random_forest_class_weight_balanced,random_forest,min_samples_leaf,60/40,3,random_fp_20,test,80/20,test,2.000000,True,2549,48,7.292957,105,21,84,0.761905,0.761905,0.444444,0.761905,0.561404,0.441415,64,20,5,16,0.862812,0.732163,0.732163
random_forest_balanced_ratio_preserved_noise_mcc_selected_v1,random_forest_class_weight_balanced,random_forest,min_samples_leaf,60/40,3,random_fp_20,test,90/10,test,2.000000,True,2549,48,7.489213,210,21,189,0.823810,0.796296,0.333333,0.761905,0.463768,0.423369,157,32,5,16,0.877299,0.623956,0.623956
random_forest_balanced_ratio_preserved_noise_mcc_selected_v1,random_forest_class_weight_balanced,random_forest,min_samples_leaf,60/40,3,heuristic_fp_10,validation_grid,60/40,valid,1.000000,True,2124,48,4.858654,48,19,29,0.833333,0.852995,0.720000,0.947368,0.818182,0.691098,22,7,1,18,0.944646,0.926878,0.926878
random_forest_balanced_ratio_preserved_noise_mcc_selected_v1,random_forest_class_weight_balanced,random_forest,min_samples_leaf,60/40,3,heuristic_fp_10,validation_grid,60/40,valid,2.000000,False,2124,48,5.232946,48,19,29,0.791667,0.809437,0.680000,0.894737,0.772727,0.605821,21,8,2,17,0.940109,0.923502,0.923502
random_forest_balanced_ratio_preserved_noise_mcc_selected_v1,random_forest_class_weight_balanced,random_forest,min_samples_leaf,60/40,3,heuristic_fp_10,validation_grid,60/40,valid,5.000000,False,2124,48,5.539439,48,19,29,0.812500,0.826679,0.708333,0.894737,0.790698,0.639021,22,7,2,17,0.932849,0.918364,0.918364
random_forest_balanced_ratio_preserved_noise_mcc_selected_v1,random_forest_class_weight_balanced,random_forest,min_samples_leaf,60/40,3,heuristic_fp_10,test,50/50,test,1.000000,True,2124,48,5.623678,42,21,21,0.857143,0.857143,0.894737,0.809524,0.850000,0.717547,19,2,4,17,0.953515,0.954486,0.954486
random_forest_balanced_ratio_preserved_noise_mcc_selected_v1,random_forest_class_weight_balanced,random_forest,min_samples_leaf,60/40,3,heuristic_fp_10,test,60/40,test,1.000000,True,2124,48,5.720045,53,21,32,0.811321,0.811012,0.739130,0.809524,0.772727,0.613857,26,6,4,17,0.906994,0.875012,0.875012
random_forest_balanced_ratio_preserved_noise_mcc_selected_v1,random_forest_class_weight_balanced,random_forest,min_samples_leaf,60/40,3,heuristic_fp_10,test,70/30,test,1.000000,True,2124,48,5.825765,70,21,49,0.742857,0.761905,0.548387,0.809524,0.653846,0.483246,35,14,4,17,0.913994,0.852853,0.852853
random_forest_balanced_ratio_preserved_noise_mcc_selected_v1,random_forest_class_weight_balanced,random_forest,min_samples_leaf,60/40,3,heuristic_fp_10,test,75/25,test,1.000000,True,2124,48,5.937121,84,21,63,0.821429,0.817460,0.607143,0.809524,0.693878,0.583212,52,11,4,17,0.918367,0.825772,0.825772
random_forest_balanced_ratio_preserved_noise_mcc_selected_v1,random_forest_class_weight_balanced,random_forest,min_samples_leaf,60/40,3,heuristic_fp_10,test,80/20,test,1.000000,True,2124,48,6.060101,105,21,84,0.790476,0.797619,0.485714,0.809524,0.607143,0.505076,66,18,4,17,0.926020,0.831511,0.831511
random_forest_balanced_ratio_preserved_noise_mcc_selected_v1,random_forest_class_weight_balanced,random_forest,min_samples_leaf,60/40,3,heuristic_fp_10,test,90/10,test,1.000000,True,2124,48,6.265619,210,21,189,0.800000,0.804233,0.309091,0.809524,0.447368,0.415173,151,38,4,17,0.934114,0.772444,0.772444
random_forest_balanced_ratio_preserved_noise_mcc_selected_v1,random_forest_class_weight_balanced,random_forest,min_samples_leaf,60/40,3,heuristic_fp_20,validation_grid,60/40,valid,1.000000,False,2549,48,5.449585,48,19,29,0.791667,0.809437,0.680000,0.894737,0.772727,0.605821,21,8,2,17,0.896552,0.868009,0.868009
random_forest_balanced_ratio_preserved_noise_mcc_selected_v1,random_forest_class_weight_balanced,random_forest,min_samples_leaf,60/40,3,heuristic_fp_20,validation_grid,60/40,valid,2.000000,True,2549,48,5.905344,48,19,29,0.854167,0.870236,0.750000,0.947368,0.837209,0.724224,23,6,1,18,0.905626,0.873130,0.873130
random_forest_balanced_ratio_preserved_noise_mcc_selected_v1,random_forest_class_weight_balanced,random_forest,min_samples_leaf,60/40,3,heuristic_fp_20,validation_grid,60/40,valid,5.000000,False,2549,48,6.248253,48,19,29,0.791667,0.818512,0.666667,0.947368,0.782609,0.627971,20,9,1,18,0.940109,0.926561,0.926561
random_forest_balanced_ratio_preserved_noise_mcc_selected_v1,random_forest_class_weight_balanced,random_forest,min_samples_leaf,60/40,3,heuristic_fp_20,test,50/50,test,2.000000,True,2549,48,6.328513,42,21,21,0.928571,0.928571,0.909091,0.952381,0.930233,0.858116,19,2,1,20,0.968254,0.964867,0.964867
random_forest_balanced_ratio_preserved_noise_mcc_selected_v1,random_forest_class_weight_balanced,random_forest,min_samples_leaf,60/40,3,heuristic_fp_20,test,60/40,test,2.000000,True,2549,48,6.423582,53,21,32,0.792453,0.819940,0.666667,0.952381,0.784314,0.631480,22,10,1,20,0.894345,0.831944,0.831944
random_forest_balanced_ratio_preserved_noise_mcc_selected_v1,random_forest_class_weight_balanced,random_forest,min_samples_leaf,60/40,3,heuristic_fp_20,test,70/30,test,2.000000,True,2549,48,6.574185,70,21,49,0.771429,0.823129,0.571429,0.952381,0.714286,0.592306,34,15,1,20,0.930029,0.882216,0.882216
random_forest_balanced_ratio_preserved_noise_mcc_selected_v1,random_forest_class_weight_balanced,random_forest,min_samples_leaf,60/40,3,heuristic_fp_20,test,75/25,test,2.000000,True,2549,48,6.681206,84,21,63,0.821429,0.865079,0.588235,0.952381,0.727273,0.644129,49,14,1,20,0.932729,0.780484,0.780484
random_forest_balanced_ratio_preserved_noise_mcc_selected_v1,random_forest_class_weight_balanced,random_forest,min_samples_leaf,60/40,3,heuristic_fp_20,test,80/20,test,2.000000,True,2549,48,6.799280,105,21,84,0.790476,0.851190,0.487805,0.952381,0.645161,0.575891,63,21,1,20,0.930839,0.776898,0.776898
random_forest_balanced_ratio_preserved_noise_mcc_selected_v1,random_forest_class_weight_balanced,random_forest,min_samples_leaf,60/40,3,heuristic_fp_20,test,90/10,test,2.000000,True,2549,48,6.992649,210,21,189,0.776190,0.854497,0.303030,0.952381,0.459770,0.458174,143,46,1,20,0.943815,0.722239,0.722239
random_forest_balanced_ratio_preserved_noise_mcc_selected_v1,random_forest_class_weight_balanced,random_forest,min_samples_leaf,60/40,4,clean,validation_grid,60/40,valid,1.000000,False,1698,48,4.606312,48,19,29,0.791667,0.791289,0.714286,0.789474,0.750000,0.574299,23,6,4,15,0.872958,0.789266,0.789266
random_forest_balanced_ratio_preserved_noise_mcc_selected_v1,random_forest_class_weight_balanced,random_forest,min_samples_leaf,60/40,4,clean,validation_grid,60/40,valid,2.000000,False,1698,48,4.922683,48,19,29,0.770833,0.783122,0.666667,0.842105,0.744186,0.553819,21,8,3,16,0.871143,0.758834,0.758834
random_forest_balanced_ratio_preserved_noise_mcc_selected_v1,random_forest_class_weight_balanced,random_forest,min_samples_leaf,60/40,4,clean,validation_grid,60/40,valid,5.000000,True,1698,48,5.185691,48,19,29,0.770833,0.801270,0.642857,0.947368,0.765957,0.597679,19,10,1,18,0.883848,0.750221,0.750221
random_forest_balanced_ratio_preserved_noise_mcc_selected_v1,random_forest_class_weight_balanced,random_forest,min_samples_leaf,60/40,4,clean,test,50/50,test,5.000000,True,1698,48,5.272782,42,21,21,0.809524,0.809524,0.809524,0.809524,0.809524,0.619048,17,4,4,17,0.907029,0.922439,0.922439
random_forest_balanced_ratio_preserved_noise_mcc_selected_v1,random_forest_class_weight_balanced,random_forest,min_samples_leaf,60/40,4,clean,test,60/40,test,5.000000,True,1698,48,5.421765,53,21,32,0.811321,0.811012,0.739130,0.809524,0.772727,0.613857,26,6,4,17,0.869048,0.826036,0.826036
random_forest_balanced_ratio_preserved_noise_mcc_selected_v1,random_forest_class_weight_balanced,random_forest,min_samples_leaf,60/40,4,clean,test,70/30,test,5.000000,True,1698,48,5.534334,70,21,49,0.785714,0.792517,0.607143,0.809524,0.693878,0.547249,38,11,4,17,0.858115,0.775136,0.775136
random_forest_balanced_ratio_preserved_noise_mcc_selected_v1,random_forest_class_weight_balanced,random_forest,min_samples_leaf,60/40,4,clean,test,75/25,test,5.000000,True,1698,48,5.658818,84,21,63,0.809524,0.809524,0.586207,0.809524,0.680000,0.563798,51,12,4,17,0.879819,0.704541,0.704541
random_forest_balanced_ratio_preserved_noise_mcc_selected_v1,random_forest_class_weight_balanced,random_forest,min_samples_leaf,60/40,4,clean,test,80/20,test,5.000000,True,1698,48,5.784650,105,21,84,0.857143,0.839286,0.607143,0.809524,0.693878,0.613791,73,11,4,17,0.913832,0.830340,0.830340
random_forest_balanced_ratio_preserved_noise_mcc_selected_v1,random_forest_class_weight_balanced,random_forest,min_samples_leaf,60/40,4,clean,test,90/10,test,5.000000,True,1698,48,6.010351,210,21,189,0.795238,0.801587,0.303571,0.809524,0.441558,0.409194,150,39,4,17,0.879819,0.535216,0.535216
random_forest_balanced_ratio_preserved_noise_mcc_selected_v1,random_forest_class_weight_balanced,random_forest,min_samples_leaf,60/40,4,random_flip_10,validation_grid,60/40,valid,1.000000,False,1698,48,4.968502,48,19,29,0.666667,0.660617,0.571429,0.631579,0.600000,0.316669,20,9,7,12,0.716878,0.585776,0.585776
random_forest_balanced_ratio_preserved_noise_mcc_selected_v1,random_forest_class_weight_balanced,random_forest,min_samples_leaf,60/40,4,random_flip_10,validation_grid,60/40,valid,2.000000,True,1698,48,5.311730,48,19,29,0.750000,0.729583,0.705882,0.631579,0.666667,0.469504,24,5,7,12,0.800363,0.714843,0.714843
random_forest_balanced_ratio_preserved_noise_mcc_selected_v1,random_forest_class_weight_balanced,random_forest,min_samples_leaf,60/40,4,random_flip_10,validation_grid,60/40,valid,5.000000,False,1698,48,5.581964,48,19,29,0.708333,0.713249,0.608696,0.736842,0.666667,0.417502,20,9,5,14,0.800363,0.650829,0.650829
random_forest_balanced_ratio_preserved_noise_mcc_selected_v1,random_forest_class_weight_balanced,random_forest,min_samples_leaf,60/40,4,random_flip_10,test,50/50,test,2.000000,True,1698,48,5.674621,42,21,21,0.761905,0.761905,0.823529,0.666667,0.736842,0.533578,18,3,7,14,0.893424,0.903584,0.903584
random_forest_balanced_ratio_preserved_noise_mcc_selected_v1,random_forest_class_weight_balanced,random_forest,min_samples_leaf,60/40,4,random_flip_10,test,60/40,test,2.000000,True,1698,48,5.832953,53,21,32,0.735849,0.723958,0.666667,0.666667,0.666667,0.447917,25,7,7,14,0.870536,0.828328,0.828328
random_forest_balanced_ratio_preserved_noise_mcc_selected_v1,random_forest_class_weight_balanced,random_forest,min_samples_leaf,60/40,4,random_flip_10,test,70/30,test,2.000000,True,1698,48,5.943378,70,21,49,0.771429,0.741497,0.608696,0.666667,0.636364,0.471233,40,9,7,14,0.861030,0.769134,0.769134
random_forest_balanced_ratio_preserved_noise_mcc_selected_v1,random_forest_class_weight_balanced,random_forest,min_samples_leaf,60/40,4,random_flip_10,test,75/25,test,2.000000,True,1698,48,6.080121,84,21,63,0.785714,0.746032,0.560000,0.666667,0.608696,0.466021,52,11,7,14,0.879819,0.736727,0.736727
random_forest_balanced_ratio_preserved_noise_mcc_selected_v1,random_forest_class_weight_balanced,random_forest,min_samples_leaf,60/40,4,random_flip_10,test,80/20,test,2.000000,True,1698,48,6.194830,105,21,84,0.876190,0.797619,0.700000,0.666667,0.682927,0.606339,78,6,7,14,0.919501,0.812621,0.812621
random_forest_balanced_ratio_preserved_noise_mcc_selected_v1,random_forest_class_weight_balanced,random_forest,min_samples_leaf,60/40,4,random_flip_10,test,90/10,test,2.000000,True,1698,48,6.419104,210,21,189,0.828571,0.756614,0.325581,0.666667,0.437500,0.381556,160,29,7,14,0.882086,0.533571,0.533571
random_forest_balanced_ratio_preserved_noise_mcc_selected_v1,random_forest_class_weight_balanced,random_forest,min_samples_leaf,60/40,4,random_flip_20,validation_grid,60/40,valid,1.000000,True,1698,48,4.553352,48,19,29,0.708333,0.704174,0.619048,0.684211,0.650000,0.402546,21,8,6,13,0.769510,0.678104,0.678104
random_forest_balanced_ratio_preserved_noise_mcc_selected_v1,random_forest_class_weight_balanced,random_forest,min_samples_leaf,60/40,4,random_flip_20,validation_grid,60/40,valid,2.000000,False,1698,48,4.935869,48,19,29,0.687500,0.686933,0.590909,0.684211,0.634146,0.366939,20,9,6,13,0.785844,0.711538,0.711538
random_forest_balanced_ratio_preserved_noise_mcc_selected_v1,random_forest_class_weight_balanced,random_forest,min_samples_leaf,60/40,4,random_flip_20,validation_grid,60/40,valid,5.000000,False,1698,48,5.219548,48,19,29,0.687500,0.686933,0.590909,0.684211,0.634146,0.366939,20,9,6,13,0.796733,0.717378,0.717378
random_forest_balanced_ratio_preserved_noise_mcc_selected_v1,random_forest_class_weight_balanced,random_forest,min_samples_leaf,60/40,4,random_flip_20,test,50/50,test,1.000000,True,1698,48,5.305631,42,21,21,0.809524,0.809524,0.933333,0.666667,0.777778,0.645975,20,1,7,14,0.878685,0.902095,0.902095
random_forest_balanced_ratio_preserved_noise_mcc_selected_v1,random_forest_class_weight_balanced,random_forest,min_samples_leaf,60/40,4,random_flip_20,test,60/40,test,1.000000,True,1698,48,5.474785,53,21,32,0.698113,0.692708,0.608696,0.666667,0.636364,0.380356,23,9,7,14,0.810268,0.746759,0.746759
random_forest_balanced_ratio_preserved_noise_mcc_selected_v1,random_forest_class_weight_balanced,random_forest,min_samples_leaf,60/40,4,random_flip_20,test,70/30,test,1.000000,True,1698,48,5.589984,70,21,49,0.785714,0.751701,0.636364,0.666667,0.651163,0.496924,41,8,7,14,0.833333,0.724605,0.724605
random_forest_balanced_ratio_preserved_noise_mcc_selected_v1,random_forest_class_weight_balanced,random_forest,min_samples_leaf,60/40,4,random_flip_20,test,75/25,test,1.000000,True,1698,48,5.719061,84,21,63,0.785714,0.746032,0.560000,0.666667,0.608696,0.466021,52,11,7,14,0.824641,0.651333,0.651333
random_forest_balanced_ratio_preserved_noise_mcc_selected_v1,random_forest_class_weight_balanced,random_forest,min_samples_leaf,60/40,4,random_flip_20,test,80/20,test,1.000000,True,1698,48,5.833605,105,21,84,0.838095,0.773810,0.583333,0.666667,0.622222,0.521651,74,10,7,14,0.882370,0.745401,0.745401
random_forest_balanced_ratio_preserved_noise_mcc_selected_v1,random_forest_class_weight_balanced,random_forest,min_samples_leaf,60/40,4,random_flip_20,test,90/10,test,1.000000,True,1698,48,6.051130,210,21,189,0.833333,0.759259,0.333333,0.666667,0.444444,0.388889,161,28,7,14,0.847317,0.463929,0.463929
random_forest_balanced_ratio_preserved_noise_mcc_selected_v1,random_forest_class_weight_balanced,random_forest,min_samples_leaf,60/40,4,random_fp_10,validation_grid,60/40,valid,1.000000,False,2124,48,5.242500,48,19,29,0.770833,0.792196,0.653846,0.894737,0.755556,0.573564,20,9,2,17,0.854809,0.771554,0.771554
random_forest_balanced_ratio_preserved_noise_mcc_selected_v1,random_forest_class_weight_balanced,random_forest,min_samples_leaf,60/40,4,random_fp_10,validation_grid,60/40,valid,2.000000,False,2124,48,5.664035,48,19,29,0.708333,0.722323,0.600000,0.789474,0.681818,0.435268,19,10,4,15,0.843920,0.754398,0.754398
random_forest_balanced_ratio_preserved_noise_mcc_selected_v1,random_forest_class_weight_balanced,random_forest,min_samples_leaf,60/40,4,random_fp_10,validation_grid,60/40,valid,5.000000,True,2124,48,5.993400,48,19,29,0.770833,0.801270,0.642857,0.947368,0.765957,0.597679,19,10,1,18,0.847550,0.771122,0.771122
random_forest_balanced_ratio_preserved_noise_mcc_selected_v1,random_forest_class_weight_balanced,random_forest,min_samples_leaf,60/40,4,random_fp_10,test,50/50,test,5.000000,True,2124,48,6.085138,42,21,21,0.809524,0.809524,0.842105,0.761905,0.800000,0.621874,18,3,5,16,0.886621,0.919046,0.919046
random_forest_balanced_ratio_preserved_noise_mcc_selected_v1,random_forest_class_weight_balanced,random_forest,min_samples_leaf,60/40,4,random_fp_10,test,60/40,test,5.000000,True,2124,48,6.238054,53,21,32,0.773585,0.771577,0.695652,0.761905,0.727273,0.536023,25,7,5,16,0.858631,0.843007,0.843007
random_forest_balanced_ratio_preserved_noise_mcc_selected_v1,random_forest_class_weight_balanced,random_forest,min_samples_leaf,60/40,4,random_fp_10,test,70/30,test,5.000000,True,2124,48,6.348613,70,21,49,0.714286,0.727891,0.516129,0.761905,0.615385,0.420486,34,15,5,16,0.827988,0.735038,0.735038
random_forest_balanced_ratio_preserved_noise_mcc_selected_v1,random_forest_class_weight_balanced,random_forest,min_samples_leaf,60/40,4,random_fp_10,test,75/25,test,5.000000,True,2124,48,6.471758,84,21,63,0.785714,0.777778,0.551724,0.761905,0.640000,0.505973,50,13,5,16,0.866969,0.728232,0.728232
random_forest_balanced_ratio_preserved_noise_mcc_selected_v1,random_forest_class_weight_balanced,random_forest,min_samples_leaf,60/40,4,random_fp_10,test,80/20,test,5.000000,True,2124,48,6.597762,105,21,84,0.866667,0.827381,0.640000,0.761905,0.695652,0.614919,75,9,5,16,0.904762,0.818889,0.818889
random_forest_balanced_ratio_preserved_noise_mcc_selected_v1,random_forest_class_weight_balanced,random_forest,min_samples_leaf,60/40,4,random_fp_10,test,90/10,test,5.000000,True,2124,48,6.829835,210,21,189,0.776190,0.769841,0.275862,0.761905,0.405063,0.362112,147,42,5,16,0.865709,0.624223,0.624223
random_forest_balanced_ratio_preserved_noise_mcc_selected_v1,random_forest_class_weight_balanced,random_forest,min_samples_leaf,60/40,4,random_fp_20,validation_grid,60/40,valid,1.000000,False,2549,48,5.958184,48,19,29,0.750000,0.756806,0.652174,0.789474,0.714286,0.502779,21,8,4,15,0.867514,0.779999,0.779999
random_forest_balanced_ratio_preserved_noise_mcc_selected_v1,random_forest_class_weight_balanced,random_forest,min_samples_leaf,60/40,4,random_fp_20,validation_grid,60/40,valid,2.000000,True,2549,48,6.480047,48,19,29,0.770833,0.774047,0.681818,0.789474,0.731707,0.537939,22,7,4,15,0.822142,0.704776,0.704776
random_forest_balanced_ratio_preserved_noise_mcc_selected_v1,random_forest_class_weight_balanced,random_forest,min_samples_leaf,60/40,4,random_fp_20,validation_grid,60/40,valid,5.000000,False,2549,48,6.855351,48,19,29,0.729167,0.757713,0.607143,0.894737,0.723404,0.511268,18,11,2,17,0.847550,0.708811,0.708811
random_forest_balanced_ratio_preserved_noise_mcc_selected_v1,random_forest_class_weight_balanced,random_forest,min_samples_leaf,60/40,4,random_fp_20,test,50/50,test,2.000000,True,2549,48,6.945970,42,21,21,0.761905,0.761905,0.789474,0.714286,0.750000,0.526201,17,4,6,15,0.882086,0.903030,0.903030
random_forest_balanced_ratio_preserved_noise_mcc_selected_v1,random_forest_class_weight_balanced,random_forest,min_samples_leaf,60/40,4,random_fp_20,test,60/40,test,2.000000,True,2549,48,7.105716,53,21,32,0.773585,0.763393,0.714286,0.714286,0.714286,0.526786,26,6,6,15,0.860119,0.849072,0.849072
random_forest_balanced_ratio_preserved_noise_mcc_selected_v1,random_forest_class_weight_balanced,random_forest,min_samples_leaf,60/40,4,random_fp_20,test,70/30,test,2.000000,True,2549,48,7.211095,70,21,49,0.728571,0.724490,0.535714,0.714286,0.612245,0.419982,36,13,6,15,0.828960,0.720697,0.720697
random_forest_balanced_ratio_preserved_noise_mcc_selected_v1,random_forest_class_weight_balanced,random_forest,min_samples_leaf,60/40,4,random_fp_20,test,75/25,test,2.000000,True,2549,48,7.329642,84,21,63,0.761905,0.746032,0.517241,0.714286,0.600000,0.448147,49,14,6,15,0.868481,0.784253,0.784253
random_forest_balanced_ratio_preserved_noise_mcc_selected_v1,random_forest_class_weight_balanced,random_forest,min_samples_leaf,60/40,4,random_fp_20,test,80/20,test,2.000000,True,2549,48,7.450159,105,21,84,0.847619,0.797619,0.600000,0.714286,0.652174,0.559017,74,10,6,15,0.897959,0.789160,0.789160
random_forest_balanced_ratio_preserved_noise_mcc_selected_v1,random_forest_class_weight_balanced,random_forest,min_samples_leaf,60/40,4,random_fp_20,test,90/10,test,2.000000,True,2549,48,7.687010,210,21,189,0.790476,0.756614,0.283019,0.714286,0.405405,0.354456,151,38,6,15,0.866717,0.597410,0.597410
random_forest_balanced_ratio_preserved_noise_mcc_selected_v1,random_forest_class_weight_balanced,random_forest,min_samples_leaf,60/40,4,heuristic_fp_10,validation_grid,60/40,valid,1.000000,False,2124,48,5.436431,48,19,29,0.750000,0.774955,0.629630,0.894737,0.739130,0.542095,19,10,2,17,0.842105,0.731669,0.731669
random_forest_balanced_ratio_preserved_noise_mcc_selected_v1,random_forest_class_weight_balanced,random_forest,min_samples_leaf,60/40,4,heuristic_fp_10,validation_grid,60/40,valid,2.000000,True,2124,48,5.800995,48,19,29,0.770833,0.792196,0.653846,0.894737,0.755556,0.573564,20,9,2,17,0.845735,0.739118,0.739118
random_forest_balanced_ratio_preserved_noise_mcc_selected_v1,random_forest_class_weight_balanced,random_forest,min_samples_leaf,60/40,4,heuristic_fp_10,validation_grid,60/40,valid,5.000000,False,2124,48,6.130666,48,19,29,0.729167,0.766788,0.600000,0.947368,0.734694,0.538982,17,12,1,18,0.820327,0.665434,0.665434
random_forest_balanced_ratio_preserved_noise_mcc_selected_v1,random_forest_class_weight_balanced,random_forest,min_samples_leaf,60/40,4,heuristic_fp_10,test,50/50,test,2.000000,True,2124,48,6.213732,42,21,21,0.857143,0.857143,0.826087,0.904762,0.863636,0.717547,17,4,2,19,0.925170,0.917856,0.917856
random_forest_balanced_ratio_preserved_noise_mcc_selected_v1,random_forest_class_weight_balanced,random_forest,min_samples_leaf,60/40,4,heuristic_fp_10,test,60/40,test,2.000000,True,2124,48,6.351863,53,21,32,0.811321,0.827381,0.703704,0.904762,0.791667,0.640619,24,8,2,19,0.901786,0.875453,0.875453
random_forest_balanced_ratio_preserved_noise_mcc_selected_v1,random_forest_class_weight_balanced,random_forest,min_samples_leaf,60/40,4,heuristic_fp_10,test,70/30,test,2.000000,True,2124,48,6.452357,70,21,49,0.742857,0.789116,0.542857,0.904762,0.678571,0.529958,33,16,2,19,0.876579,0.687379,0.687379
random_forest_balanced_ratio_preserved_noise_mcc_selected_v1,random_forest_class_weight_balanced,random_forest,min_samples_leaf,60/40,4,heuristic_fp_10,test,75/25,test,2.000000,True,2124,48,6.571016,84,21,63,0.833333,0.857143,0.612903,0.904762,0.730769,0.640963,51,12,2,19,0.904762,0.694230,0.694230
random_forest_balanced_ratio_preserved_noise_mcc_selected_v1,random_forest_class_weight_balanced,random_forest,min_samples_leaf,60/40,4,heuristic_fp_10,test,80/20,test,2.000000,True,2124,48,6.690904,105,21,84,0.857143,0.875000,0.593750,0.904762,0.716981,0.651740,71,13,2,19,0.946145,0.867222,0.867222
random_forest_balanced_ratio_preserved_noise_mcc_selected_v1,random_forest_class_weight_balanced,random_forest,min_samples_leaf,60/40,4,heuristic_fp_10,test,90/10,test,2.000000,True,2124,48,6.913649,210,21,189,0.795238,0.843915,0.316667,0.904762,0.469136,0.456773,148,41,2,19,0.915092,0.610097,0.610097
random_forest_balanced_ratio_preserved_noise_mcc_selected_v1,random_forest_class_weight_balanced,random_forest,min_samples_leaf,60/40,4,heuristic_fp_20,validation_grid,60/40,valid,1.000000,True,2549,48,5.736702,48,19,29,0.750000,0.784029,0.620690,0.947368,0.750000,0.568058,18,11,1,18,0.843920,0.689289,0.689289
random_forest_balanced_ratio_preserved_noise_mcc_selected_v1,random_forest_class_weight_balanced,random_forest,min_samples_leaf,60/40,4,heuristic_fp_20,validation_grid,60/40,valid,2.000000,False,2549,48,6.230775,48,19,29,0.729167,0.766788,0.600000,0.947368,0.734694,0.538982,17,12,1,18,0.849365,0.737320,0.737320
random_forest_balanced_ratio_preserved_noise_mcc_selected_v1,random_forest_class_weight_balanced,random_forest,min_samples_leaf,60/40,4,heuristic_fp_20,validation_grid,60/40,valid,5.000000,False,2549,48,6.695330,48,19,29,0.708333,0.749546,0.580645,0.947368,0.720000,0.510331,16,13,1,18,0.829401,0.713102,0.713102
random_forest_balanced_ratio_preserved_noise_mcc_selected_v1,random_forest_class_weight_balanced,random_forest,min_samples_leaf,60/40,4,heuristic_fp_20,test,50/50,test,1.000000,True,2549,48,6.788648,42,21,21,0.880952,0.880952,0.833333,0.952381,0.888889,0.769800,17,4,1,20,0.947846,0.945227,0.945227
random_forest_balanced_ratio_preserved_noise_mcc_selected_v1,random_forest_class_weight_balanced,random_forest,min_samples_leaf,60/40,4,heuristic_fp_20,test,60/40,test,1.000000,True,2549,48,6.937489,53,21,32,0.830189,0.851190,0.714286,0.952381,0.816327,0.688190,24,8,1,20,0.904762,0.867289,0.867289
random_forest_balanced_ratio_preserved_noise_mcc_selected_v1,random_forest_class_weight_balanced,random_forest,min_samples_leaf,60/40,4,heuristic_fp_20,test,70/30,test,1.000000,True,2549,48,7.049373,70,21,49,0.742857,0.802721,0.540541,0.952381,0.689655,0.555805,32,17,1,20,0.871234,0.706010,0.706010
random_forest_balanced_ratio_preserved_noise_mcc_selected_v1,random_forest_class_weight_balanced,random_forest,min_samples_leaf,60/40,4,heuristic_fp_20,test,75/25,test,1.000000,True,2549,48,7.172813,84,21,63,0.797619,0.849206,0.555556,0.952381,0.701754,0.611111,47,16,1,20,0.920257,0.811523,0.811523
random_forest_balanced_ratio_preserved_noise_mcc_selected_v1,random_forest_class_weight_balanced,random_forest,min_samples_leaf,60/40,4,heuristic_fp_20,test,80/20,test,1.000000,True,2549,48,7.296729,105,21,84,0.809524,0.863095,0.512821,0.952381,0.666667,0.601168,65,19,1,20,0.939342,0.817718,0.817718
random_forest_balanced_ratio_preserved_noise_mcc_selected_v1,random_forest_class_weight_balanced,random_forest,min_samples_leaf,60/40,4,heuristic_fp_20,test,90/10,test,1.000000,True,2549,48,7.532509,210,21,189,0.752381,0.841270,0.281690,0.952381,0.434783,0.432844,138,51,1,20,0.898463,0.561490,0.561490
random_forest_balanced_ratio_preserved_noise_mcc_selected_v1,random_forest_class_weight_balanced,random_forest,min_samples_leaf,60/40,5,clean,validation_grid,60/40,valid,1.000000,False,1698,48,4.580328,48,19,29,0.770833,0.801270,0.642857,0.947368,0.765957,0.597679,19,10,1,18,0.843920,0.760956,0.760956
random_forest_balanced_ratio_preserved_noise_mcc_selected_v1,random_forest_class_weight_balanced,random_forest,min_samples_leaf,60/40,5,clean,validation_grid,60/40,valid,2.000000,True,1698,48,4.897081,48,19,29,0.791667,0.809437,0.680000,0.894737,0.772727,0.605821,21,8,2,17,0.834846,0.752948,0.752948
random_forest_balanced_ratio_preserved_noise_mcc_selected_v1,random_forest_class_weight_balanced,random_forest,min_samples_leaf,60/40,5,clean,validation_grid,60/40,valid,5.000000,False,1698,48,5.169995,48,19,29,0.750000,0.765880,0.640000,0.842105,0.727273,0.520545,20,9,3,16,0.831216,0.713076,0.713076
random_forest_balanced_ratio_preserved_noise_mcc_selected_v1,random_forest_class_weight_balanced,random_forest,min_samples_leaf,60/40,5,clean,test,50/50,test,2.000000,True,1698,48,5.261932,42,21,21,0.857143,0.857143,0.894737,0.809524,0.850000,0.717547,19,2,4,17,0.922902,0.920643,0.920643
random_forest_balanced_ratio_preserved_noise_mcc_selected_v1,random_forest_class_weight_balanced,random_forest,min_samples_leaf,60/40,5,clean,test,60/40,test,2.000000,True,1698,48,5.356957,53,21,32,0.849057,0.842262,0.809524,0.809524,0.809524,0.684524,28,4,4,17,0.882440,0.830539,0.830539
random_forest_balanced_ratio_preserved_noise_mcc_selected_v1,random_forest_class_weight_balanced,random_forest,min_samples_leaf,60/40,5,clean,test,70/30,test,2.000000,True,1698,48,5.458660,70,21,49,0.842857,0.833333,0.708333,0.809524,0.755556,0.643623,42,7,4,17,0.901846,0.829845,0.829845
random_forest_balanced_ratio_preserved_noise_mcc_selected_v1,random_forest_class_weight_balanced,random_forest,min_samples_leaf,60/40,5,clean,test,75/25,test,2.000000,True,1698,48,5.559699,84,21,63,0.869048,0.849206,0.708333,0.809524,0.755556,0.669439,56,7,4,17,0.914588,0.800602,0.800602
random_forest_balanced_ratio_preserved_noise_mcc_selected_v1,random_forest_class_weight_balanced,random_forest,min_samples_leaf,60/40,5,clean,test,80/20,test,2.000000,True,1698,48,5.703490,105,21,84,0.828571,0.821429,0.548387,0.809524,0.653846,0.563725,70,14,4,17,0.865079,0.621672,0.621672
random_forest_balanced_ratio_preserved_noise_mcc_selected_v1,random_forest_class_weight_balanced,random_forest,min_samples_leaf,60/40,5,clean,test,90/10,test,2.000000,True,1698,48,5.958238,210,21,189,0.842857,0.828042,0.369565,0.809524,0.507463,0.475882,160,29,4,17,0.899975,0.602025,0.602025
random_forest_balanced_ratio_preserved_noise_mcc_selected_v1,random_forest_class_weight_balanced,random_forest,min_samples_leaf,60/40,5,random_flip_10,validation_grid,60/40,valid,1.000000,False,1698,48,4.610763,48,19,29,0.687500,0.705082,0.576923,0.789474,0.666667,0.402564,18,11,4,15,0.794918,0.686762,0.686762
random_forest_balanced_ratio_preserved_noise_mcc_selected_v1,random_forest_class_weight_balanced,random_forest,min_samples_leaf,60/40,5,random_flip_10,validation_grid,60/40,valid,2.000000,False,1698,48,4.932857,48,19,29,0.729167,0.739564,0.625000,0.789474,0.697674,0.468616,20,9,4,15,0.811252,0.713501,0.713501
random_forest_balanced_ratio_preserved_noise_mcc_selected_v1,random_forest_class_weight_balanced,random_forest,min_samples_leaf,60/40,5,random_flip_10,validation_grid,60/40,valid,5.000000,True,1698,48,5.218046,48,19,29,0.770833,0.783122,0.666667,0.842105,0.744186,0.553819,21,8,3,16,0.798548,0.652381,0.652381
random_forest_balanced_ratio_preserved_noise_mcc_selected_v1,random_forest_class_weight_balanced,random_forest,min_samples_leaf,60/40,5,random_flip_10,test,50/50,test,5.000000,True,1698,48,5.309089,42,21,21,0.833333,0.833333,0.850000,0.809524,0.829268,0.667424,18,3,4,17,0.888889,0.876424,0.876424
random_forest_balanced_ratio_preserved_noise_mcc_selected_v1,random_forest_class_weight_balanced,random_forest,min_samples_leaf,60/40,5,random_flip_10,test,60/40,test,5.000000,True,1698,48,5.422921,53,21,32,0.867925,0.857887,0.850000,0.809524,0.829268,0.722252,29,3,4,17,0.883929,0.834432,0.834432
random_forest_balanced_ratio_preserved_noise_mcc_selected_v1,random_forest_class_weight_balanced,random_forest,min_samples_leaf,60/40,5,random_flip_10,test,70/30,test,5.000000,True,1698,48,5.530310,70,21,49,0.842857,0.833333,0.708333,0.809524,0.755556,0.643623,42,7,4,17,0.899903,0.851653,0.851653
random_forest_balanced_ratio_preserved_noise_mcc_selected_v1,random_forest_class_weight_balanced,random_forest,min_samples_leaf,60/40,5,random_flip_10,test,75/25,test,5.000000,True,1698,48,5.632575,84,21,63,0.857143,0.841270,0.680000,0.809524,0.739130,0.646416,55,8,4,17,0.904762,0.813828,0.813828
random_forest_balanced_ratio_preserved_noise_mcc_selected_v1,random_forest_class_weight_balanced,random_forest,min_samples_leaf,60/40,5,random_flip_10,test,80/20,test,5.000000,True,1698,48,5.778844,105,21,84,0.790476,0.797619,0.485714,0.809524,0.607143,0.505076,66,18,4,17,0.860544,0.627800,0.627800
random_forest_balanced_ratio_preserved_noise_mcc_selected_v1,random_forest_class_weight_balanced,random_forest,min_samples_leaf,60/40,5,random_flip_10,test,90/10,test,5.000000,True,1698,48,6.034972,210,21,189,0.852381,0.833333,0.386364,0.809524,0.523077,0.491438,162,27,4,17,0.892416,0.557954,0.557954
random_forest_balanced_ratio_preserved_noise_mcc_selected_v1,random_forest_class_weight_balanced,random_forest,min_samples_leaf,60/40,5,random_flip_20,validation_grid,60/40,valid,1.000000,False,1698,48,4.674674,48,19,29,0.625000,0.589837,0.533333,0.421053,0.470588,0.189564,22,7,11,8,0.705989,0.637824,0.637824
random_forest_balanced_ratio_preserved_noise_mcc_selected_v1,random_forest_class_weight_balanced,random_forest,min_samples_leaf,60/40,5,random_flip_20,validation_grid,60/40,valid,2.000000,False,1698,48,5.016714,48,19,29,0.708333,0.704174,0.619048,0.684211,0.650000,0.402546,21,8,6,13,0.802178,0.757494,0.757494
random_forest_balanced_ratio_preserved_noise_mcc_selected_v1,random_forest_class_weight_balanced,random_forest,min_samples_leaf,60/40,5,random_flip_20,validation_grid,60/40,valid,5.000000,True,1698,48,5.290143,48,19,29,0.729167,0.739564,0.625000,0.789474,0.697674,0.468616,20,9,4,15,0.793103,0.701168,0.701168
random_forest_balanced_ratio_preserved_noise_mcc_selected_v1,random_forest_class_weight_balanced,random_forest,min_samples_leaf,60/40,5,random_flip_20,test,50/50,test,5.000000,True,1698,48,5.383094,42,21,21,0.738095,0.738095,0.777778,0.666667,0.717949,0.481125,17,4,7,14,0.854875,0.858110,0.858110
random_forest_balanced_ratio_preserved_noise_mcc_selected_v1,random_forest_class_weight_balanced,random_forest,min_samples_leaf,60/40,5,random_flip_20,test,60/40,test,5.000000,True,1698,48,5.476726,53,21,32,0.754717,0.739583,0.700000,0.666667,0.682927,0.483503,26,6,7,14,0.828869,0.752683,0.752683
random_forest_balanced_ratio_preserved_noise_mcc_selected_v1,random_forest_class_weight_balanced,random_forest,min_samples_leaf,60/40,5,random_flip_20,test,70/30,test,5.000000,True,1698,48,5.570563,70,21,49,0.785714,0.751701,0.636364,0.666667,0.651163,0.496924,41,8,7,14,0.848397,0.724546,0.724546
random_forest_balanced_ratio_preserved_noise_mcc_selected_v1,random_forest_class_weight_balanced,random_forest,min_samples_leaf,60/40,5,random_flip_20,test,75/25,test,5.000000,True,1698,48,5.671636,84,21,63,0.821429,0.769841,0.636364,0.666667,0.651163,0.531510,55,8,7,14,0.869992,0.734840,0.734840
random_forest_balanced_ratio_preserved_noise_mcc_selected_v1,random_forest_class_weight_balanced,random_forest,min_samples_leaf,60/40,5,random_flip_20,test,80/20,test,5.000000,True,1698,48,5.817851,105,21,84,0.800000,0.750000,0.500000,0.666667,0.571429,0.452267,70,14,7,14,0.823696,0.548453,0.548453
random_forest_balanced_ratio_preserved_noise_mcc_selected_v1,random_forest_class_weight_balanced,random_forest,min_samples_leaf,60/40,5,random_flip_20,test,90/10,test,5.000000,True,1698,48,6.063297,210,21,189,0.814286,0.748677,0.304348,0.666667,0.417910,0.360750,157,32,7,14,0.853364,0.513667,0.513667
random_forest_balanced_ratio_preserved_noise_mcc_selected_v1,random_forest_class_weight_balanced,random_forest,min_samples_leaf,60/40,5,random_fp_10,validation_grid,60/40,valid,1.000000,False,2124,48,5.195654,48,19,29,0.750000,0.756806,0.652174,0.789474,0.714286,0.502779,21,8,4,15,0.834846,0.754876,0.754876
random_forest_balanced_ratio_preserved_noise_mcc_selected_v1,random_forest_class_weight_balanced,random_forest,min_samples_leaf,60/40,5,random_fp_10,validation_grid,60/40,valid,2.000000,True,2124,48,5.611629,48,19,29,0.750000,0.765880,0.640000,0.842105,0.727273,0.520545,20,9,3,16,0.818512,0.731678,0.731678
random_forest_balanced_ratio_preserved_noise_mcc_selected_v1,random_forest_class_weight_balanced,random_forest,min_samples_leaf,60/40,5,random_fp_10,validation_grid,60/40,valid,5.000000,False,2124,48,5.918817,48,19,29,0.750000,0.765880,0.640000,0.842105,0.727273,0.520545,20,9,3,16,0.836661,0.718615,0.718615
random_forest_balanced_ratio_preserved_noise_mcc_selected_v1,random_forest_class_weight_balanced,random_forest,min_samples_leaf,60/40,5,random_fp_10,test,50/50,test,2.000000,True,2124,48,6.008487,42,21,21,0.809524,0.809524,0.842105,0.761905,0.800000,0.621874,18,3,5,16,0.882086,0.879165,0.879165
random_forest_balanced_ratio_preserved_noise_mcc_selected_v1,random_forest_class_weight_balanced,random_forest,min_samples_leaf,60/40,5,random_fp_10,test,60/40,test,2.000000,True,2124,48,6.105321,53,21,32,0.867925,0.849702,0.888889,0.761905,0.820513,0.722342,30,2,5,16,0.910714,0.889664,0.889664
random_forest_balanced_ratio_preserved_noise_mcc_selected_v1,random_forest_class_weight_balanced,random_forest,min_samples_leaf,60/40,5,random_fp_10,test,70/30,test,2.000000,True,2124,48,6.209975,70,21,49,0.842857,0.819728,0.727273,0.761905,0.744186,0.631228,43,6,5,16,0.914480,0.854721,0.854721
random_forest_balanced_ratio_preserved_noise_mcc_selected_v1,random_forest_class_weight_balanced,random_forest,min_samples_leaf,60/40,5,random_fp_10,test,75/25,test,2.000000,True,2124,48,6.312231,84,21,63,0.833333,0.809524,0.640000,0.761905,0.695652,0.586284,54,9,5,16,0.910053,0.800428,0.800428
random_forest_balanced_ratio_preserved_noise_mcc_selected_v1,random_forest_class_weight_balanced,random_forest,min_samples_leaf,60/40,5,random_fp_10,test,80/20,test,2.000000,True,2124,48,6.459553,105,21,84,0.809524,0.791667,0.516129,0.761905,0.615385,0.511528,69,15,5,16,0.854875,0.599403,0.599403
random_forest_balanced_ratio_preserved_noise_mcc_selected_v1,random_forest_class_weight_balanced,random_forest,min_samples_leaf,60/40,5,random_fp_10,test,90/10,test,2.000000,True,2124,48,6.709893,210,21,189,0.857143,0.814815,0.390244,0.761905,0.516129,0.476530,164,25,5,16,0.896447,0.621588,0.621588
random_forest_balanced_ratio_preserved_noise_mcc_selected_v1,random_forest_class_weight_balanced,random_forest,min_samples_leaf,60/40,5,random_fp_20,validation_grid,60/40,valid,1.000000,False,2549,48,5.930268,48,19,29,0.708333,0.722323,0.600000,0.789474,0.681818,0.435268,19,10,4,15,0.796733,0.714078,0.714078
random_forest_balanced_ratio_preserved_noise_mcc_selected_v1,random_forest_class_weight_balanced,random_forest,min_samples_leaf,60/40,5,random_fp_20,validation_grid,60/40,valid,2.000000,True,2549,48,6.459472,48,19,29,0.791667,0.818512,0.666667,0.947368,0.782609,0.627971,20,9,1,18,0.840290,0.752305,0.752305
random_forest_balanced_ratio_preserved_noise_mcc_selected_v1,random_forest_class_weight_balanced,random_forest,min_samples_leaf,60/40,5,random_fp_20,validation_grid,60/40,valid,5.000000,False,2549,48,6.864462,48,19,29,0.687500,0.723230,0.566667,0.894737,0.693878,0.450985,16,13,2,17,0.782214,0.636076,0.636076
random_forest_balanced_ratio_preserved_noise_mcc_selected_v1,random_forest_class_weight_balanced,random_forest,min_samples_leaf,60/40,5,random_fp_20,test,50/50,test,2.000000,True,2549,48,6.946079,42,21,21,0.833333,0.833333,0.888889,0.761905,0.820513,0.673575,19,2,5,16,0.909297,0.905771,0.905771
random_forest_balanced_ratio_preserved_noise_mcc_selected_v1,random_forest_class_weight_balanced,random_forest,min_samples_leaf,60/40,5,random_fp_20,test,60/40,test,2.000000,True,2549,48,7.037392,53,21,32,0.811321,0.802827,0.761905,0.761905,0.761905,0.605655,27,5,5,16,0.877976,0.854742,0.854742
random_forest_balanced_ratio_preserved_noise_mcc_selected_v1,random_forest_class_weight_balanced,random_forest,min_samples_leaf,60/40,5,random_fp_20,test,70/30,test,2.000000,True,2549,48,7.132796,70,21,49,0.828571,0.809524,0.695652,0.761905,0.727273,0.603975,42,7,5,16,0.902818,0.826490,0.826490
random_forest_balanced_ratio_preserved_noise_mcc_selected_v1,random_forest_class_weight_balanced,random_forest,min_samples_leaf,60/40,5,random_fp_20,test,75/25,test,2.000000,True,2549,48,7.234324,84,21,63,0.845238,0.817460,0.666667,0.761905,0.711111,0.608581,55,8,5,16,0.904762,0.799835,0.799835
random_forest_balanced_ratio_preserved_noise_mcc_selected_v1,random_forest_class_weight_balanced,random_forest,min_samples_leaf,60/40,5,random_fp_20,test,80/20,test,2.000000,True,2549,48,7.382928,105,21,84,0.809524,0.791667,0.516129,0.761905,0.615385,0.511528,69,15,5,16,0.871882,0.673184,0.673184
random_forest_balanced_ratio_preserved_noise_mcc_selected_v1,random_forest_class_weight_balanced,random_forest,min_samples_leaf,60/40,5,random_fp_20,test,90/10,test,2.000000,True,2549,48,7.653958,210,21,189,0.847619,0.809524,0.372093,0.761905,0.500000,0.460227,162,27,5,16,0.901990,0.669696,0.669696
random_forest_balanced_ratio_preserved_noise_mcc_selected_v1,random_forest_class_weight_balanced,random_forest,min_samples_leaf,60/40,5,heuristic_fp_10,validation_grid,60/40,valid,1.000000,True,2124,48,5.124875,48,19,29,0.750000,0.784029,0.620690,0.947368,0.750000,0.568058,18,11,1,18,0.814882,0.673040,0.673040
random_forest_balanced_ratio_preserved_noise_mcc_selected_v1,random_forest_class_weight_balanced,random_forest,min_samples_leaf,60/40,5,heuristic_fp_10,validation_grid,60/40,valid,2.000000,False,2124,48,5.468975,48,19,29,0.708333,0.731397,0.592593,0.842105,0.695652,0.456218,18,11,3,16,0.818512,0.714209,0.714209
random_forest_balanced_ratio_preserved_noise_mcc_selected_v1,random_forest_class_weight_balanced,random_forest,min_samples_leaf,60/40,5,heuristic_fp_10,validation_grid,60/40,valid,5.000000,False,2124,48,5.772919,48,19,29,0.729167,0.766788,0.600000,0.947368,0.734694,0.538982,17,12,1,18,0.822142,0.692759,0.692759
random_forest_balanced_ratio_preserved_noise_mcc_selected_v1,random_forest_class_weight_balanced,random_forest,min_samples_leaf,60/40,5,heuristic_fp_10,test,50/50,test,1.000000,True,2124,48,5.862724,42,21,21,0.857143,0.857143,0.894737,0.809524,0.850000,0.717547,19,2,4,17,0.933107,0.916861,0.916861
random_forest_balanced_ratio_preserved_noise_mcc_selected_v1,random_forest_class_weight_balanced,random_forest,min_samples_leaf,60/40,5,heuristic_fp_10,test,60/40,test,1.000000,True,2124,48,5.977416,53,21,32,0.830189,0.826637,0.772727,0.809524,0.790698,0.648467,27,5,4,17,0.918899,0.871324,0.871324
random_forest_balanced_ratio_preserved_noise_mcc_selected_v1,random_forest_class_weight_balanced,random_forest,min_samples_leaf,60/40,5,heuristic_fp_10,test,70/30,test,1.000000,True,2124,48,6.102422,70,21,49,0.814286,0.812925,0.653846,0.809524,0.723404,0.593561,40,9,4,17,0.924684,0.865676,0.865676
random_forest_balanced_ratio_preserved_noise_mcc_selected_v1,random_forest_class_weight_balanced,random_forest,min_samples_leaf,60/40,5,heuristic_fp_10,test,75/25,test,1.000000,True,2124,48,6.212026,84,21,63,0.869048,0.849206,0.708333,0.809524,0.755556,0.669439,56,7,4,17,0.935752,0.825684,0.825684
random_forest_balanced_ratio_preserved_noise_mcc_selected_v1,random_forest_class_weight_balanced,random_forest,min_samples_leaf,60/40,5,heuristic_fp_10,test,80/20,test,1.000000,True,2124,48,6.365903,105,21,84,0.790476,0.797619,0.485714,0.809524,0.607143,0.505076,66,18,4,17,0.904478,0.667407,0.667407
random_forest_balanced_ratio_preserved_noise_mcc_selected_v1,random_forest_class_weight_balanced,random_forest,min_samples_leaf,60/40,5,heuristic_fp_10,test,90/10,test,1.000000,True,2124,48,6.630802,210,21,189,0.814286,0.812169,0.326923,0.809524,0.465753,0.433941,154,35,4,17,0.926304,0.661421,0.661421
random_forest_balanced_ratio_preserved_noise_mcc_selected_v1,random_forest_class_weight_balanced,random_forest,min_samples_leaf,60/40,5,heuristic_fp_20,validation_grid,60/40,valid,1.000000,False,2549,48,5.679499,48,19,29,0.708333,0.749546,0.580645,0.947368,0.720000,0.510331,16,13,1,18,0.792196,0.676961,0.676961
random_forest_balanced_ratio_preserved_noise_mcc_selected_v1,random_forest_class_weight_balanced,random_forest,min_samples_leaf,60/40,5,heuristic_fp_20,validation_grid,60/40,valid,2.000000,True,2549,48,6.132101,48,19,29,0.729167,0.766788,0.600000,0.947368,0.734694,0.538982,17,12,1,18,0.803993,0.686486,0.686486
random_forest_balanced_ratio_preserved_noise_mcc_selected_v1,random_forest_class_weight_balanced,random_forest,min_samples_leaf,60/40,5,heuristic_fp_20,validation_grid,60/40,valid,5.000000,False,2549,48,6.466272,48,19,29,0.708333,0.749546,0.580645,0.947368,0.720000,0.510331,16,13,1,18,0.791289,0.660358,0.660358
random_forest_balanced_ratio_preserved_noise_mcc_selected_v1,random_forest_class_weight_balanced,random_forest,min_samples_leaf,60/40,5,heuristic_fp_20,test,50/50,test,2.000000,True,2549,48,6.566595,42,21,21,0.904762,0.904762,0.904762,0.904762,0.904762,0.809524,19,2,2,19,0.954649,0.948426,0.948426
random_forest_balanced_ratio_preserved_noise_mcc_selected_v1,random_forest_class_weight_balanced,random_forest,min_samples_leaf,60/40,5,heuristic_fp_20,test,60/40,test,2.000000,True,2549,48,6.660982,53,21,32,0.830189,0.843006,0.730769,0.904762,0.808511,0.671193,25,7,2,19,0.903274,0.796506,0.796506
random_forest_balanced_ratio_preserved_noise_mcc_selected_v1,random_forest_class_weight_balanced,random_forest,min_samples_leaf,60/40,5,heuristic_fp_20,test,70/30,test,2.000000,True,2549,48,6.769101,70,21,49,0.785714,0.819728,0.593750,0.904762,0.716981,0.588236,36,13,2,19,0.917396,0.857489,0.857489
random_forest_balanced_ratio_preserved_noise_mcc_selected_v1,random_forest_class_weight_balanced,random_forest,min_samples_leaf,60/40,5,heuristic_fp_20,test,75/25,test,2.000000,True,2549,48,6.905817,84,21,63,0.845238,0.865079,0.633333,0.904762,0.745098,0.659842,52,11,2,19,0.935752,0.818734,0.818734
random_forest_balanced_ratio_preserved_noise_mcc_selected_v1,random_forest_class_weight_balanced,random_forest,min_samples_leaf,60/40,5,heuristic_fp_20,test,80/20,test,2.000000,True,2549,48,7.084498,105,21,84,0.780952,0.827381,0.475000,0.904762,0.622951,0.539319,63,21,2,19,0.897392,0.631018,0.631018
random_forest_balanced_ratio_preserved_noise_mcc_selected_v1,random_forest_class_weight_balanced,random_forest,min_samples_leaf,60/40,5,heuristic_fp_20,test,90/10,test,2.000000,True,2549,48,7.380975,210,21,189,0.814286,0.854497,0.339286,0.904762,0.493506,0.480982,152,37,2,19,0.924414,0.585710,0.585710
random_forest_balanced_ratio_preserved_noise_mcc_selected_v1,random_forest_class_weight_balanced,random_forest,min_samples_leaf,70/30,1,clean,validation_grid,70/30,valid,1.000000,False,2264,64,5.971933,64,19,45,0.828125,0.786550,0.722222,0.684211,0.702703,0.582368,40,5,6,13,0.897661,0.756675,0.756675
random_forest_balanced_ratio_preserved_noise_mcc_selected_v1,random_forest_class_weight_balanced,random_forest,min_samples_leaf,70/30,1,clean,validation_grid,70/30,valid,2.000000,True,2264,64,6.389316,64,19,45,0.875000,0.835088,0.823529,0.736842,0.777778,0.693263,42,3,5,14,0.907602,0.779242,0.779242
random_forest_balanced_ratio_preserved_noise_mcc_selected_v1,random_forest_class_weight_balanced,random_forest,min_samples_leaf,70/30,1,clean,validation_grid,70/30,valid,5.000000,False,2264,64,6.695041,64,19,45,0.812500,0.805848,0.652174,0.789474,0.714286,0.582456,37,8,4,15,0.883041,0.706226,0.706226
random_forest_balanced_ratio_preserved_noise_mcc_selected_v1,random_forest_class_weight_balanced,random_forest,min_samples_leaf,70/30,1,clean,test,50/50,test,2.000000,True,2264,64,6.779714,42,21,21,0.809524,0.809524,1.000000,0.619048,0.764706,0.669534,21,0,8,13,0.873016,0.901406,0.901406
random_forest_balanced_ratio_preserved_noise_mcc_selected_v1,random_forest_class_weight_balanced,random_forest,min_samples_leaf,70/30,1,clean,test,60/40,test,2.000000,True,2264,64,6.871929,53,21,32,0.811321,0.778274,0.866667,0.619048,0.722222,0.604296,30,2,8,13,0.891369,0.873963,0.873963
random_forest_balanced_ratio_preserved_noise_mcc_selected_v1,random_forest_class_weight_balanced,random_forest,min_samples_leaf,70/30,1,clean,test,70/30,test,2.000000,True,2264,64,6.973990,70,21,49,0.857143,0.789116,0.866667,0.619048,0.722222,0.645777,47,2,8,13,0.911565,0.825178,0.825178
random_forest_balanced_ratio_preserved_noise_mcc_selected_v1,random_forest_class_weight_balanced,random_forest,min_samples_leaf,70/30,1,clean,test,75/25,test,2.000000,True,2264,64,7.075423,84,21,63,0.869048,0.785714,0.812500,0.619048,0.702703,0.630126,60,3,8,13,0.922147,0.842204,0.842204
random_forest_balanced_ratio_preserved_noise_mcc_selected_v1,random_forest_class_weight_balanced,random_forest,min_samples_leaf,70/30,1,clean,test,80/20,test,2.000000,True,2264,64,7.203897,105,21,84,0.876190,0.779762,0.722222,0.619048,0.666667,0.593843,79,5,8,13,0.885488,0.741947,0.741947
random_forest_balanced_ratio_preserved_noise_mcc_selected_v1,random_forest_class_weight_balanced,random_forest,min_samples_leaf,70/30,1,clean,test,90/10,test,2.000000,True,2264,64,7.466571,210,21,189,0.904762,0.777778,0.520000,0.619048,0.565217,0.514650,177,12,8,13,0.879189,0.589795,0.589795
random_forest_balanced_ratio_preserved_noise_mcc_selected_v1,random_forest_class_weight_balanced,random_forest,min_samples_leaf,70/30,1,random_flip_10,validation_grid,70/30,valid,1.000000,False,2264,64,5.581996,64,19,45,0.781250,0.677193,0.727273,0.421053,0.533333,0.429166,42,3,11,8,0.859649,0.721223,0.721223
random_forest_balanced_ratio_preserved_noise_mcc_selected_v1,random_forest_class_weight_balanced,random_forest,min_samples_leaf,70/30,1,random_flip_10,validation_grid,70/30,valid,2.000000,True,2264,64,6.015839,64,19,45,0.812500,0.714620,0.818182,0.473684,0.600000,0.519815,43,2,10,9,0.876023,0.739436,0.739436
random_forest_balanced_ratio_preserved_noise_mcc_selected_v1,random_forest_class_weight_balanced,random_forest,min_samples_leaf,70/30,1,random_flip_10,validation_grid,70/30,valid,5.000000,False,2264,64,6.348282,64,19,45,0.796875,0.733918,0.687500,0.578947,0.628571,0.493624,40,5,8,11,0.904094,0.781299,0.781299
random_forest_balanced_ratio_preserved_noise_mcc_selected_v1,random_forest_class_weight_balanced,random_forest,min_samples_leaf,70/30,1,random_flip_10,test,50/50,test,2.000000,True,2264,64,6.446215,42,21,21,0.785714,0.785714,1.000000,0.571429,0.727273,0.632456,21,0,9,12,0.891156,0.927197,0.927197
random_forest_balanced_ratio_preserved_noise_mcc_selected_v1,random_forest_class_weight_balanced,random_forest,min_samples_leaf,70/30,1,random_flip_10,test,60/40,test,2.000000,True,2264,64,6.532898,53,21,32,0.830189,0.785714,1.000000,0.571429,0.727273,0.667827,32,0,9,12,0.898810,0.885379,0.885379
random_forest_balanced_ratio_preserved_noise_mcc_selected_v1,random_forest_class_weight_balanced,random_forest,min_samples_leaf,70/30,1,random_flip_10,test,70/30,test,2.000000,True,2264,64,6.625545,70,21,49,0.857143,0.775510,0.923077,0.571429,0.705882,0.649331,48,1,9,12,0.921283,0.854718,0.854718
random_forest_balanced_ratio_preserved_noise_mcc_selected_v1,random_forest_class_weight_balanced,random_forest,min_samples_leaf,70/30,1,random_flip_10,test,75/25,test,2.000000,True,2264,64,6.733768,84,21,63,0.892857,0.785714,1.000000,0.571429,0.727273,0.707107,63,0,9,12,0.928949,0.861393,0.861393
random_forest_balanced_ratio_preserved_noise_mcc_selected_v1,random_forest_class_weight_balanced,random_forest,min_samples_leaf,70/30,1,random_flip_10,test,80/20,test,2.000000,True,2264,64,6.861071,105,21,84,0.857143,0.750000,0.666667,0.571429,0.615385,0.530669,78,6,9,12,0.888889,0.726010,0.726010
random_forest_balanced_ratio_preserved_noise_mcc_selected_v1,random_forest_class_weight_balanced,random_forest,min_samples_leaf,70/30,1,random_flip_10,test,90/10,test,2.000000,True,2264,64,7.102674,210,21,189,0.909524,0.759259,0.545455,0.571429,0.558140,0.507943,179,10,9,12,0.895314,0.648888,0.648888
random_forest_balanced_ratio_preserved_noise_mcc_selected_v1,random_forest_class_weight_balanced,random_forest,min_samples_leaf,70/30,1,random_flip_20,validation_grid,70/30,valid,1.000000,False,2264,64,5.559786,64,19,45,0.796875,0.688304,0.800000,0.421053,0.551724,0.473888,43,2,11,8,0.862573,0.737062,0.737062
random_forest_balanced_ratio_preserved_noise_mcc_selected_v1,random_forest_class_weight_balanced,random_forest,min_samples_leaf,70/30,1,random_flip_20,validation_grid,70/30,valid,2.000000,False,2264,64,6.013530,64,19,45,0.781250,0.677193,0.727273,0.421053,0.533333,0.429166,42,3,11,8,0.902924,0.807303,0.807303
random_forest_balanced_ratio_preserved_noise_mcc_selected_v1,random_forest_class_weight_balanced,random_forest,min_samples_leaf,70/30,1,random_flip_20,validation_grid,70/30,valid,5.000000,True,2264,64,6.365056,64,19,45,0.796875,0.733918,0.687500,0.578947,0.628571,0.493624,40,5,8,11,0.899415,0.805955,0.805955
random_forest_balanced_ratio_preserved_noise_mcc_selected_v1,random_forest_class_weight_balanced,random_forest,min_samples_leaf,70/30,1,random_flip_20,test,50/50,test,5.000000,True,2264,64,6.452303,42,21,21,0.714286,0.714286,0.909091,0.476190,0.625000,0.487377,20,1,11,10,0.873016,0.898173,0.898173
random_forest_balanced_ratio_preserved_noise_mcc_selected_v1,random_forest_class_weight_balanced,random_forest,min_samples_leaf,70/30,1,random_flip_20,test,60/40,test,5.000000,True,2264,64,6.553388,53,21,32,0.773585,0.722470,0.909091,0.476190,0.625000,0.536618,31,1,11,10,0.869048,0.844805,0.844805
random_forest_balanced_ratio_preserved_noise_mcc_selected_v1,random_forest_class_weight_balanced,random_forest,min_samples_leaf,70/30,1,random_flip_20,test,70/30,test,5.000000,True,2264,64,6.649205,70,21,49,0.771429,0.687075,0.666667,0.476190,0.555556,0.417855,44,5,11,10,0.873664,0.757132,0.757132
random_forest_balanced_ratio_preserved_noise_mcc_selected_v1,random_forest_class_weight_balanced,random_forest,min_samples_leaf,70/30,1,random_flip_20,test,75/25,test,5.000000,True,2264,64,6.748998,84,21,63,0.833333,0.714286,0.769231,0.476190,0.588235,0.513100,60,3,11,10,0.887377,0.744143,0.744143
random_forest_balanced_ratio_preserved_noise_mcc_selected_v1,random_forest_class_weight_balanced,random_forest,min_samples_leaf,70/30,1,random_flip_20,test,80/20,test,5.000000,True,2264,64,6.880489,105,21,84,0.809524,0.684524,0.526316,0.476190,0.500000,0.383447,75,9,11,10,0.846939,0.656784,0.656784
random_forest_balanced_ratio_preserved_noise_mcc_selected_v1,random_forest_class_weight_balanced,random_forest,min_samples_leaf,70/30,1,random_flip_20,test,90/10,test,5.000000,True,2264,64,7.097401,210,21,189,0.900000,0.711640,0.500000,0.476190,0.487805,0.432590,179,10,11,10,0.860418,0.557175,0.557175
random_forest_balanced_ratio_preserved_noise_mcc_selected_v1,random_forest_class_weight_balanced,random_forest,min_samples_leaf,70/30,1,random_fp_10,validation_grid,70/30,valid,1.000000,False,3021,64,6.570784,64,19,45,0.796875,0.718713,0.714286,0.526316,0.606061,0.483437,41,4,9,10,0.876023,0.745870,0.745870
random_forest_balanced_ratio_preserved_noise_mcc_selected_v1,random_forest_class_weight_balanced,random_forest,min_samples_leaf,70/30,1,random_fp_10,validation_grid,70/30,valid,2.000000,False,3021,64,7.148120,64,19,45,0.750000,0.670175,0.600000,0.473684,0.529412,0.367085,39,6,10,9,0.853801,0.706825,0.706825
random_forest_balanced_ratio_preserved_noise_mcc_selected_v1,random_forest_class_weight_balanced,random_forest,min_samples_leaf,70/30,1,random_fp_10,validation_grid,70/30,valid,5.000000,True,3021,64,7.595412,64,19,45,0.828125,0.801754,0.700000,0.736842,0.717949,0.594874,39,6,5,14,0.885380,0.686961,0.686961
random_forest_balanced_ratio_preserved_noise_mcc_selected_v1,random_forest_class_weight_balanced,random_forest,min_samples_leaf,70/30,1,random_fp_10,test,50/50,test,5.000000,True,3021,64,7.677616,42,21,21,0.809524,0.809524,1.000000,0.619048,0.764706,0.669534,21,0,8,13,0.877551,0.914067,0.914067
random_forest_balanced_ratio_preserved_noise_mcc_selected_v1,random_forest_class_weight_balanced,random_forest,min_samples_leaf,70/30,1,random_fp_10,test,60/40,test,5.000000,True,3021,64,7.761353,53,21,32,0.811321,0.778274,0.866667,0.619048,0.722222,0.604296,30,2,8,13,0.863095,0.859233,0.859233
random_forest_balanced_ratio_preserved_noise_mcc_selected_v1,random_forest_class_weight_balanced,random_forest,min_samples_leaf,70/30,1,random_fp_10,test,70/30,test,5.000000,True,3021,64,7.853330,70,21,49,0.842857,0.778912,0.812500,0.619048,0.702703,0.608762,46,3,8,13,0.894072,0.824953,0.824953
random_forest_balanced_ratio_preserved_noise_mcc_selected_v1,random_forest_class_weight_balanced,random_forest,min_samples_leaf,70/30,1,random_fp_10,test,75/25,test,5.000000,True,3021,64,7.958725,84,21,63,0.845238,0.769841,0.722222,0.619048,0.666667,0.569521,58,5,8,13,0.897959,0.821991,0.821991
random_forest_balanced_ratio_preserved_noise_mcc_selected_v1,random_forest_class_weight_balanced,random_forest,min_samples_leaf,70/30,1,random_fp_10,test,80/20,test,5.000000,True,3021,64,8.089763,105,21,84,0.819048,0.744048,0.541667,0.619048,0.577778,0.464949,73,11,8,13,0.865079,0.696363,0.696363
random_forest_balanced_ratio_preserved_noise_mcc_selected_v1,random_forest_class_weight_balanced,random_forest,min_samples_leaf,70/30,1,random_fp_10,test,90/10,test,5.000000,True,3021,64,8.313431,210,21,189,0.852381,0.748677,0.361111,0.619048,0.456140,0.395896,166,23,8,13,0.868607,0.576373,0.576373
random_forest_balanced_ratio_preserved_noise_mcc_selected_v1,random_forest_class_weight_balanced,random_forest,min_samples_leaf,70/30,1,random_fp_20,validation_grid,70/30,valid,1.000000,False,3775,64,8.144175,64,19,45,0.781250,0.692398,0.692308,0.473684,0.562500,0.436974,41,4,10,9,0.859649,0.766264,0.766264
random_forest_balanced_ratio_preserved_noise_mcc_selected_v1,random_forest_class_weight_balanced,random_forest,min_samples_leaf,70/30,1,random_fp_20,validation_grid,70/30,valid,2.000000,False,3775,64,8.958732,64,19,45,0.765625,0.681287,0.642857,0.473684,0.545455,0.400709,40,5,10,9,0.906433,0.779245,0.779245
random_forest_balanced_ratio_preserved_noise_mcc_selected_v1,random_forest_class_weight_balanced,random_forest,min_samples_leaf,70/30,1,random_fp_20,validation_grid,70/30,valid,5.000000,True,3775,64,9.502848,64,19,45,0.828125,0.801754,0.700000,0.736842,0.717949,0.594874,39,6,5,14,0.898246,0.748231,0.748231
random_forest_balanced_ratio_preserved_noise_mcc_selected_v1,random_forest_class_weight_balanced,random_forest,min_samples_leaf,70/30,1,random_fp_20,test,50/50,test,5.000000,True,3775,64,9.591805,42,21,21,0.785714,0.785714,0.928571,0.619048,0.742857,0.606092,20,1,8,13,0.888889,0.916053,0.916053
random_forest_balanced_ratio_preserved_noise_mcc_selected_v1,random_forest_class_weight_balanced,random_forest,min_samples_leaf,70/30,1,random_fp_20,test,60/40,test,5.000000,True,3775,64,9.684133,53,21,32,0.792453,0.762649,0.812500,0.619048,0.702703,0.559666,29,3,8,13,0.867560,0.868858,0.868858
random_forest_balanced_ratio_preserved_noise_mcc_selected_v1,random_forest_class_weight_balanced,random_forest,min_samples_leaf,70/30,1,random_fp_20,test,70/30,test,5.000000,True,3775,64,9.784353,70,21,49,0.785714,0.738095,0.650000,0.619048,0.634146,0.483046,42,7,8,13,0.876579,0.816991,0.816991
random_forest_balanced_ratio_preserved_noise_mcc_selected_v1,random_forest_class_weight_balanced,random_forest,min_samples_leaf,70/30,1,random_fp_20,test,75/25,test,5.000000,True,3775,64,9.889322,84,21,63,0.857143,0.777778,0.764706,0.619048,0.684211,0.598750,59,4,8,13,0.904762,0.836313,0.836313
random_forest_balanced_ratio_preserved_noise_mcc_selected_v1,random_forest_class_weight_balanced,random_forest,min_samples_leaf,70/30,1,random_fp_20,test,80/20,test,5.000000,True,3775,64,10.027560,105,21,84,0.800000,0.732143,0.500000,0.619048,0.553191,0.430263,71,13,8,13,0.858277,0.725760,0.725760
random_forest_balanced_ratio_preserved_noise_mcc_selected_v1,random_forest_class_weight_balanced,random_forest,min_samples_leaf,70/30,1,random_fp_20,test,90/10,test,5.000000,True,3775,64,10.261417,210,21,189,0.852381,0.748677,0.361111,0.619048,0.456140,0.395896,166,23,8,13,0.869111,0.630604,0.630604
random_forest_balanced_ratio_preserved_noise_mcc_selected_v1,random_forest_class_weight_balanced,random_forest,min_samples_leaf,70/30,1,heuristic_fp_10,validation_grid,70/30,valid,1.000000,False,3021,64,6.599468,64,19,45,0.781250,0.783626,0.600000,0.789474,0.681818,0.531198,35,10,4,15,0.911696,0.836418,0.836418
random_forest_balanced_ratio_preserved_noise_mcc_selected_v1,random_forest_class_weight_balanced,random_forest,min_samples_leaf,70/30,1,heuristic_fp_10,validation_grid,70/30,valid,2.000000,True,3021,64,7.201413,64,19,45,0.828125,0.832164,0.666667,0.842105,0.744186,0.626945,37,8,3,16,0.916959,0.836662,0.836662
random_forest_balanced_ratio_preserved_noise_mcc_selected_v1,random_forest_class_weight_balanced,random_forest,min_samples_leaf,70/30,1,heuristic_fp_10,validation_grid,70/30,valid,5.000000,False,3021,64,7.660985,64,19,45,0.796875,0.825146,0.607143,0.894737,0.723404,0.598910,34,11,2,17,0.898246,0.787631,0.787631
random_forest_balanced_ratio_preserved_noise_mcc_selected_v1,random_forest_class_weight_balanced,random_forest,min_samples_leaf,70/30,1,heuristic_fp_10,test,50/50,test,2.000000,True,3021,64,7.749859,42,21,21,0.833333,0.833333,0.888889,0.761905,0.820513,0.673575,19,2,5,16,0.927438,0.931371,0.931371
random_forest_balanced_ratio_preserved_noise_mcc_selected_v1,random_forest_class_weight_balanced,random_forest,min_samples_leaf,70/30,1,heuristic_fp_10,test,60/40,test,2.000000,True,3021,64,7.844746,53,21,32,0.849057,0.834077,0.842105,0.761905,0.800000,0.681468,29,3,5,16,0.938988,0.924232,0.924232
random_forest_balanced_ratio_preserved_noise_mcc_selected_v1,random_forest_class_weight_balanced,random_forest,min_samples_leaf,70/30,1,heuristic_fp_10,test,70/30,test,2.000000,True,3021,64,7.939186,70,21,49,0.842857,0.819728,0.727273,0.761905,0.744186,0.631228,43,6,5,16,0.947522,0.888726,0.888726
random_forest_balanced_ratio_preserved_noise_mcc_selected_v1,random_forest_class_weight_balanced,random_forest,min_samples_leaf,70/30,1,heuristic_fp_10,test,75/25,test,2.000000,True,3021,64,8.054204,84,21,63,0.845238,0.817460,0.666667,0.761905,0.711111,0.608581,55,8,5,16,0.950113,0.895581,0.895581
random_forest_balanced_ratio_preserved_noise_mcc_selected_v1,random_forest_class_weight_balanced,random_forest,min_samples_leaf,70/30,1,heuristic_fp_10,test,80/20,test,2.000000,True,3021,64,8.207322,105,21,84,0.866667,0.827381,0.640000,0.761905,0.695652,0.614919,75,9,5,16,0.931973,0.798628,0.798628
random_forest_balanced_ratio_preserved_noise_mcc_selected_v1,random_forest_class_weight_balanced,random_forest,min_samples_leaf,70/30,1,heuristic_fp_10,test,90/10,test,2.000000,True,3021,64,8.423165,210,21,189,0.852381,0.812169,0.380952,0.761905,0.507937,0.468254,163,26,5,16,0.926304,0.694358,0.694358
random_forest_balanced_ratio_preserved_noise_mcc_selected_v1,random_forest_class_weight_balanced,random_forest,min_samples_leaf,70/30,1,heuristic_fp_20,validation_grid,70/30,valid,1.000000,True,3775,64,8.026345,64,19,45,0.828125,0.832164,0.666667,0.842105,0.744186,0.626945,37,8,3,16,0.916374,0.838106,0.838106
random_forest_balanced_ratio_preserved_noise_mcc_selected_v1,random_forest_class_weight_balanced,random_forest,min_samples_leaf,70/30,1,heuristic_fp_20,validation_grid,70/30,valid,2.000000,False,3775,64,8.722151,64,19,45,0.781250,0.783626,0.600000,0.789474,0.681818,0.531198,35,10,4,15,0.897076,0.799450,0.799450
random_forest_balanced_ratio_preserved_noise_mcc_selected_v1,random_forest_class_weight_balanced,random_forest,min_samples_leaf,70/30,1,heuristic_fp_20,validation_grid,70/30,valid,5.000000,False,3775,64,9.283249,64,19,45,0.796875,0.825146,0.607143,0.894737,0.723404,0.598910,34,11,2,17,0.908772,0.797750,0.797750
random_forest_balanced_ratio_preserved_noise_mcc_selected_v1,random_forest_class_weight_balanced,random_forest,min_samples_leaf,70/30,1,heuristic_fp_20,test,50/50,test,1.000000,True,3775,64,9.371935,42,21,21,0.785714,0.785714,0.833333,0.714286,0.769231,0.577350,18,3,6,15,0.930839,0.929056,0.929056
random_forest_balanced_ratio_preserved_noise_mcc_selected_v1,random_forest_class_weight_balanced,random_forest,min_samples_leaf,70/30,1,heuristic_fp_20,test,60/40,test,1.000000,True,3775,64,9.464599,53,21,32,0.811321,0.794643,0.789474,0.714286,0.750000,0.601027,28,4,6,15,0.940476,0.912224,0.912224
random_forest_balanced_ratio_preserved_noise_mcc_selected_v1,random_forest_class_weight_balanced,random_forest,min_samples_leaf,70/30,1,heuristic_fp_20,test,70/30,test,1.000000,True,3775,64,9.564228,70,21,49,0.828571,0.795918,0.714286,0.714286,0.714286,0.591837,43,6,6,15,0.922255,0.823878,0.823878
random_forest_balanced_ratio_preserved_noise_mcc_selected_v1,random_forest_class_weight_balanced,random_forest,min_samples_leaf,70/30,1,heuristic_fp_20,test,75/25,test,1.000000,True,3775,64,9.669695,84,21,63,0.880952,0.825397,0.789474,0.714286,0.750000,0.673581,59,4,6,15,0.952381,0.898505,0.898505
random_forest_balanced_ratio_preserved_noise_mcc_selected_v1,random_forest_class_weight_balanced,random_forest,min_samples_leaf,70/30,1,heuristic_fp_20,test,80/20,test,1.000000,True,3775,64,9.821335,105,21,84,0.800000,0.767857,0.500000,0.714286,0.588235,0.474342,69,15,6,15,0.925737,0.788200,0.788200
random_forest_balanced_ratio_preserved_noise_mcc_selected_v1,random_forest_class_weight_balanced,random_forest,min_samples_leaf,70/30,1,heuristic_fp_20,test,90/10,test,1.000000,True,3775,64,10.049476,210,21,189,0.852381,0.791005,0.375000,0.714286,0.491803,0.444649,164,25,6,15,0.919753,0.635154,0.635154
random_forest_balanced_ratio_preserved_noise_mcc_selected_v1,random_forest_class_weight_balanced,random_forest,min_samples_leaf,70/30,2,clean,validation_grid,70/30,valid,1.000000,False,2264,64,5.216758,64,19,45,0.843750,0.752047,0.909091,0.526316,0.666667,0.610464,44,1,9,10,0.941520,0.861480,0.861480
random_forest_balanced_ratio_preserved_noise_mcc_selected_v1,random_forest_class_weight_balanced,random_forest,min_samples_leaf,70/30,2,clean,validation_grid,70/30,valid,2.000000,False,2264,64,5.661478,64,19,45,0.843750,0.767251,0.846154,0.578947,0.687500,0.606983,43,2,8,11,0.950877,0.873970,0.873970
random_forest_balanced_ratio_preserved_noise_mcc_selected_v1,random_forest_class_weight_balanced,random_forest,min_samples_leaf,70/30,2,clean,validation_grid,70/30,valid,5.000000,True,2264,64,6.003417,64,19,45,0.875000,0.850292,0.789474,0.789474,0.789474,0.700585,41,4,4,15,0.943860,0.844678,0.844678
random_forest_balanced_ratio_preserved_noise_mcc_selected_v1,random_forest_class_weight_balanced,random_forest,min_samples_leaf,70/30,2,clean,test,50/50,test,5.000000,True,2264,64,6.128106,42,21,21,0.785714,0.785714,0.875000,0.666667,0.756757,0.588348,19,2,7,14,0.886621,0.889150,0.889150
random_forest_balanced_ratio_preserved_noise_mcc_selected_v1,random_forest_class_weight_balanced,random_forest,min_samples_leaf,70/30,2,clean,test,60/40,test,5.000000,True,2264,64,6.222653,53,21,32,0.792453,0.770833,0.777778,0.666667,0.717949,0.559431,28,4,7,14,0.888393,0.860371,0.860371
random_forest_balanced_ratio_preserved_noise_mcc_selected_v1,random_forest_class_weight_balanced,random_forest,min_samples_leaf,70/30,2,clean,test,70/30,test,5.000000,True,2264,64,6.367920,70,21,49,0.800000,0.761905,0.666667,0.666667,0.666667,0.523810,42,7,7,14,0.858115,0.692070,0.692070
random_forest_balanced_ratio_preserved_noise_mcc_selected_v1,random_forest_class_weight_balanced,random_forest,min_samples_leaf,70/30,2,clean,test,75/25,test,5.000000,True,2264,64,6.484220,84,21,63,0.750000,0.722222,0.500000,0.666667,0.571429,0.408248,49,14,7,14,0.841270,0.705824,0.705824
random_forest_balanced_ratio_preserved_noise_mcc_selected_v1,random_forest_class_weight_balanced,random_forest,min_samples_leaf,70/30,2,clean,test,80/20,test,5.000000,True,2264,64,6.618027,105,21,84,0.828571,0.767857,0.560000,0.666667,0.608696,0.503115,73,11,7,14,0.888889,0.735465,0.735465
random_forest_balanced_ratio_preserved_noise_mcc_selected_v1,random_forest_class_weight_balanced,random_forest,min_samples_leaf,70/30,2,clean,test,90/10,test,5.000000,True,2264,64,6.819629,210,21,189,0.847619,0.767196,0.358974,0.666667,0.466667,0.412259,164,25,7,14,0.872260,0.521476,0.521476
random_forest_balanced_ratio_preserved_noise_mcc_selected_v1,random_forest_class_weight_balanced,random_forest,min_samples_leaf,70/30,2,random_flip_10,validation_grid,70/30,valid,1.000000,False,2264,64,5.291293,64,19,45,0.828125,0.725731,0.900000,0.473684,0.620690,0.568077,44,1,10,9,0.929240,0.843458,0.843458
random_forest_balanced_ratio_preserved_noise_mcc_selected_v1,random_forest_class_weight_balanced,random_forest,min_samples_leaf,70/30,2,random_flip_10,validation_grid,70/30,valid,2.000000,False,2264,64,5.706777,64,19,45,0.812500,0.699415,0.888889,0.421053,0.571429,0.524166,44,1,11,8,0.943860,0.859688,0.859688
random_forest_balanced_ratio_preserved_noise_mcc_selected_v1,random_forest_class_weight_balanced,random_forest,min_samples_leaf,70/30,2,random_flip_10,validation_grid,70/30,valid,5.000000,True,2264,64,6.049771,64,19,45,0.859375,0.808772,0.812500,0.684211,0.742857,0.651584,42,3,6,13,0.923977,0.830646,0.830646
random_forest_balanced_ratio_preserved_noise_mcc_selected_v1,random_forest_class_weight_balanced,random_forest,min_samples_leaf,70/30,2,random_flip_10,test,50/50,test,5.000000,True,2264,64,6.151548,42,21,21,0.738095,0.738095,0.857143,0.571429,0.685714,0.505076,19,2,9,12,0.918367,0.910180,0.910180
random_forest_balanced_ratio_preserved_noise_mcc_selected_v1,random_forest_class_weight_balanced,random_forest,min_samples_leaf,70/30,2,random_flip_10,test,60/40,test,5.000000,True,2264,64,6.244889,53,21,32,0.792453,0.754464,0.857143,0.571429,0.685714,0.564606,30,2,9,12,0.909226,0.881691,0.881691
random_forest_balanced_ratio_preserved_noise_mcc_selected_v1,random_forest_class_weight_balanced,random_forest,min_samples_leaf,70/30,2,random_flip_10,test,70/30,test,5.000000,True,2264,64,6.383695,70,21,49,0.800000,0.734694,0.705882,0.571429,0.631579,0.501623,44,5,9,12,0.853256,0.726257,0.726257
random_forest_balanced_ratio_preserved_noise_mcc_selected_v1,random_forest_class_weight_balanced,random_forest,min_samples_leaf,70/30,2,random_flip_10,test,75/25,test,5.000000,True,2264,64,6.489942,84,21,63,0.773810,0.706349,0.545455,0.571429,0.558140,0.406449,53,10,9,12,0.851852,0.704186,0.704186
random_forest_balanced_ratio_preserved_noise_mcc_selected_v1,random_forest_class_weight_balanced,random_forest,min_samples_leaf,70/30,2,random_flip_10,test,80/20,test,5.000000,True,2264,64,6.609894,105,21,84,0.847619,0.744048,0.631579,0.571429,0.600000,0.507140,77,7,9,12,0.896259,0.733258,0.733258
random_forest_balanced_ratio_preserved_noise_mcc_selected_v1,random_forest_class_weight_balanced,random_forest,min_samples_leaf,70/30,2,random_flip_10,test,90/10,test,5.000000,True,2264,64,6.812942,210,21,189,0.876190,0.740741,0.413793,0.571429,0.480000,0.418680,172,17,9,12,0.883094,0.558635,0.558635
random_forest_balanced_ratio_preserved_noise_mcc_selected_v1,random_forest_class_weight_balanced,random_forest,min_samples_leaf,70/30,2,random_flip_20,validation_grid,70/30,valid,1.000000,False,2264,64,5.489101,64,19,45,0.796875,0.673099,0.875000,0.368421,0.518519,0.478266,44,1,12,7,0.912281,0.817107,0.817107
random_forest_balanced_ratio_preserved_noise_mcc_selected_v1,random_forest_class_weight_balanced,random_forest,min_samples_leaf,70/30,2,random_flip_20,validation_grid,70/30,valid,2.000000,False,2264,64,5.973688,64,19,45,0.812500,0.699415,0.888889,0.421053,0.571429,0.524166,44,1,11,8,0.887719,0.807127,0.807127
random_forest_balanced_ratio_preserved_noise_mcc_selected_v1,random_forest_class_weight_balanced,random_forest,min_samples_leaf,70/30,2,random_flip_20,validation_grid,70/30,valid,5.000000,True,2264,64,6.354824,64,19,45,0.859375,0.793567,0.857143,0.631579,0.727273,0.648891,43,2,7,12,0.922807,0.844813,0.844813
random_forest_balanced_ratio_preserved_noise_mcc_selected_v1,random_forest_class_weight_balanced,random_forest,min_samples_leaf,70/30,2,random_flip_20,test,50/50,test,5.000000,True,2264,64,6.461014,42,21,21,0.595238,0.595238,0.833333,0.238095,0.370370,0.272166,20,1,16,5,0.782313,0.792201,0.792201
random_forest_balanced_ratio_preserved_noise_mcc_selected_v1,random_forest_class_weight_balanced,random_forest,min_samples_leaf,70/30,2,random_flip_20,test,60/40,test,5.000000,True,2264,64,6.553690,53,21,32,0.679245,0.603423,0.833333,0.238095,0.370370,0.319305,31,1,16,5,0.788690,0.706144,0.706144
random_forest_balanced_ratio_preserved_noise_mcc_selected_v1,random_forest_class_weight_balanced,random_forest,min_samples_leaf,70/30,2,random_flip_20,test,70/30,test,5.000000,True,2264,64,6.679256,70,21,49,0.700000,0.568027,0.500000,0.238095,0.322581,0.178174,44,5,16,5,0.756074,0.503555,0.503555
random_forest_balanced_ratio_preserved_noise_mcc_selected_v1,random_forest_class_weight_balanced,random_forest,min_samples_leaf,70/30,2,random_flip_20,test,75/25,test,5.000000,True,2264,64,6.795540,84,21,63,0.738095,0.571429,0.454545,0.238095,0.312500,0.183368,57,6,16,5,0.715797,0.458695,0.458695
random_forest_balanced_ratio_preserved_noise_mcc_selected_v1,random_forest_class_weight_balanced,random_forest,min_samples_leaf,70/30,2,random_flip_20,test,80/20,test,5.000000,True,2264,64,6.914386,105,21,84,0.809524,0.595238,0.555556,0.238095,0.333333,0.272166,80,4,16,5,0.774943,0.445429,0.445429
random_forest_balanced_ratio_preserved_noise_mcc_selected_v1,random_forest_class_weight_balanced,random_forest,min_samples_leaf,70/30,2,random_flip_20,test,90/10,test,5.000000,True,2264,64,7.119470,210,21,189,0.880952,0.595238,0.357143,0.238095,0.285714,0.229081,180,9,16,5,0.777022,0.290817,0.290817
random_forest_balanced_ratio_preserved_noise_mcc_selected_v1,random_forest_class_weight_balanced,random_forest,min_samples_leaf,70/30,2,random_fp_10,validation_grid,70/30,valid,1.000000,False,3021,64,6.493098,64,19,45,0.843750,0.752047,0.909091,0.526316,0.666667,0.610464,44,1,9,10,0.952047,0.884015,0.884015
random_forest_balanced_ratio_preserved_noise_mcc_selected_v1,random_forest_class_weight_balanced,random_forest,min_samples_leaf,70/30,2,random_fp_10,validation_grid,70/30,valid,2.000000,True,3021,64,7.085203,64,19,45,0.890625,0.830994,0.928571,0.684211,0.787879,0.731618,44,1,6,13,0.936842,0.864761,0.864761
random_forest_balanced_ratio_preserved_noise_mcc_selected_v1,random_forest_class_weight_balanced,random_forest,min_samples_leaf,70/30,2,random_fp_10,validation_grid,70/30,valid,5.000000,False,3021,64,7.542727,64,19,45,0.875000,0.850292,0.789474,0.789474,0.789474,0.700585,41,4,4,15,0.943860,0.849578,0.849578
random_forest_balanced_ratio_preserved_noise_mcc_selected_v1,random_forest_class_weight_balanced,random_forest,min_samples_leaf,70/30,2,random_fp_10,test,50/50,test,2.000000,True,3021,64,7.644837,42,21,21,0.738095,0.738095,0.916667,0.523810,0.666667,0.527046,20,1,10,11,0.868481,0.895256,0.895256
random_forest_balanced_ratio_preserved_noise_mcc_selected_v1,random_forest_class_weight_balanced,random_forest,min_samples_leaf,70/30,2,random_fp_10,test,60/40,test,2.000000,True,3021,64,7.738439,53,21,32,0.773585,0.730655,0.846154,0.523810,0.647059,0.524415,30,2,10,11,0.858631,0.839629,0.839629
random_forest_balanced_ratio_preserved_noise_mcc_selected_v1,random_forest_class_weight_balanced,random_forest,min_samples_leaf,70/30,2,random_fp_10,test,70/30,test,2.000000,True,3021,64,7.871305,70,21,49,0.757143,0.690476,0.611111,0.523810,0.564103,0.399430,42,7,10,11,0.839650,0.720606,0.720606
random_forest_balanced_ratio_preserved_noise_mcc_selected_v1,random_forest_class_weight_balanced,random_forest,min_samples_leaf,70/30,2,random_fp_10,test,75/25,test,2.000000,True,3021,64,7.984247,84,21,63,0.797619,0.706349,0.611111,0.523810,0.564103,0.435516,56,7,10,11,0.838246,0.714137,0.714137
random_forest_balanced_ratio_preserved_noise_mcc_selected_v1,random_forest_class_weight_balanced,random_forest,min_samples_leaf,70/30,2,random_fp_10,test,80/20,test,2.000000,True,3021,64,8.094159,105,21,84,0.866667,0.738095,0.733333,0.523810,0.611111,0.544331,80,4,10,11,0.871882,0.757099,0.757099
random_forest_balanced_ratio_preserved_noise_mcc_selected_v1,random_forest_class_weight_balanced,random_forest,min_samples_leaf,70/30,2,random_fp_10,test,90/10,test,2.000000,True,3021,64,8.286400,210,21,189,0.914286,0.740741,0.578947,0.523810,0.550000,0.503532,181,8,10,11,0.861678,0.622811,0.622811
random_forest_balanced_ratio_preserved_noise_mcc_selected_v1,random_forest_class_weight_balanced,random_forest,min_samples_leaf,70/30,2,random_fp_20,validation_grid,70/30,valid,1.000000,False,3775,64,7.758368,64,19,45,0.812500,0.714620,0.818182,0.473684,0.600000,0.519815,43,2,10,9,0.931579,0.823886,0.823886
random_forest_balanced_ratio_preserved_noise_mcc_selected_v1,random_forest_class_weight_balanced,random_forest,min_samples_leaf,70/30,2,random_fp_20,validation_grid,70/30,valid,2.000000,False,3775,64,8.561127,64,19,45,0.828125,0.756140,0.785714,0.578947,0.666667,0.566164,42,3,8,11,0.927485,0.833156,0.833156
random_forest_balanced_ratio_preserved_noise_mcc_selected_v1,random_forest_class_weight_balanced,random_forest,min_samples_leaf,70/30,2,random_fp_20,validation_grid,70/30,valid,5.000000,True,3775,64,9.112565,64,19,45,0.828125,0.771345,0.750000,0.631579,0.685714,0.572604,41,4,7,12,0.920468,0.785112,0.785112
random_forest_balanced_ratio_preserved_noise_mcc_selected_v1,random_forest_class_weight_balanced,random_forest,min_samples_leaf,70/30,2,random_fp_20,test,50/50,test,5.000000,True,3775,64,9.215982,42,21,21,0.785714,0.785714,0.833333,0.714286,0.769231,0.577350,18,3,6,15,0.870748,0.895010,0.895010
random_forest_balanced_ratio_preserved_noise_mcc_selected_v1,random_forest_class_weight_balanced,random_forest,min_samples_leaf,70/30,2,random_fp_20,test,60/40,test,5.000000,True,3775,64,9.307197,53,21,32,0.773585,0.763393,0.714286,0.714286,0.714286,0.526786,26,6,6,15,0.891369,0.863945,0.863945
random_forest_balanced_ratio_preserved_noise_mcc_selected_v1,random_forest_class_weight_balanced,random_forest,min_samples_leaf,70/30,2,random_fp_20,test,70/30,test,5.000000,True,3775,64,9.432933,70,21,49,0.771429,0.755102,0.600000,0.714286,0.652174,0.487950,39,10,6,15,0.832847,0.674132,0.674132
random_forest_balanced_ratio_preserved_noise_mcc_selected_v1,random_forest_class_weight_balanced,random_forest,min_samples_leaf,70/30,2,random_fp_20,test,75/25,test,5.000000,True,3775,64,9.561644,84,21,63,0.821429,0.785714,0.625000,0.714286,0.666667,0.547723,54,9,6,15,0.869992,0.760566,0.760566
random_forest_balanced_ratio_preserved_noise_mcc_selected_v1,random_forest_class_weight_balanced,random_forest,min_samples_leaf,70/30,2,random_fp_20,test,80/20,test,5.000000,True,3775,64,9.683769,105,21,84,0.838095,0.791667,0.576923,0.714286,0.638298,0.540587,73,11,6,15,0.880385,0.750510,0.750510
random_forest_balanced_ratio_preserved_noise_mcc_selected_v1,random_forest_class_weight_balanced,random_forest,min_samples_leaf,70/30,2,random_fp_20,test,90/10,test,5.000000,True,3775,64,9.888429,210,21,189,0.885714,0.809524,0.454545,0.714286,0.555556,0.510295,171,18,6,15,0.883850,0.622744,0.622744
random_forest_balanced_ratio_preserved_noise_mcc_selected_v1,random_forest_class_weight_balanced,random_forest,min_samples_leaf,70/30,2,heuristic_fp_10,validation_grid,70/30,valid,1.000000,True,3021,64,6.232201,64,19,45,0.890625,0.861404,0.833333,0.789474,0.810811,0.734497,42,3,4,15,0.936842,0.838683,0.838683
random_forest_balanced_ratio_preserved_noise_mcc_selected_v1,random_forest_class_weight_balanced,random_forest,min_samples_leaf,70/30,2,heuristic_fp_10,validation_grid,70/30,valid,2.000000,False,3021,64,6.695450,64,19,45,0.890625,0.861404,0.833333,0.789474,0.810811,0.734497,42,3,4,15,0.941520,0.865710,0.865710
random_forest_balanced_ratio_preserved_noise_mcc_selected_v1,random_forest_class_weight_balanced,random_forest,min_samples_leaf,70/30,2,heuristic_fp_10,validation_grid,70/30,valid,5.000000,False,3021,64,7.096023,64,19,45,0.875000,0.865497,0.761905,0.842105,0.800000,0.711300,40,5,3,16,0.945029,0.851822,0.851822
random_forest_balanced_ratio_preserved_noise_mcc_selected_v1,random_forest_class_weight_balanced,random_forest,min_samples_leaf,70/30,2,heuristic_fp_10,test,50/50,test,1.000000,True,3021,64,7.204903,42,21,21,0.833333,0.833333,0.850000,0.809524,0.829268,0.667424,18,3,4,17,0.948980,0.941394,0.941394
random_forest_balanced_ratio_preserved_noise_mcc_selected_v1,random_forest_class_weight_balanced,random_forest,min_samples_leaf,70/30,2,heuristic_fp_10,test,60/40,test,1.000000,True,3021,64,7.298186,53,21,32,0.849057,0.842262,0.809524,0.809524,0.809524,0.684524,28,4,4,17,0.931548,0.872787,0.872787
random_forest_balanced_ratio_preserved_noise_mcc_selected_v1,random_forest_class_weight_balanced,random_forest,min_samples_leaf,70/30,2,heuristic_fp_10,test,70/30,test,1.000000,True,3021,64,7.416620,70,21,49,0.828571,0.823129,0.680000,0.809524,0.739130,0.618070,41,8,4,17,0.915452,0.787093,0.787093
random_forest_balanced_ratio_preserved_noise_mcc_selected_v1,random_forest_class_weight_balanced,random_forest,min_samples_leaf,70/30,2,heuristic_fp_10,test,75/25,test,1.000000,True,3021,64,7.532550,84,21,63,0.785714,0.793651,0.548387,0.809524,0.653846,0.527014,49,14,4,17,0.916100,0.800239,0.800239
random_forest_balanced_ratio_preserved_noise_mcc_selected_v1,random_forest_class_weight_balanced,random_forest,min_samples_leaf,70/30,2,heuristic_fp_10,test,80/20,test,1.000000,True,3021,64,7.658711,105,21,84,0.857143,0.839286,0.607143,0.809524,0.693878,0.613791,73,11,4,17,0.949263,0.820609,0.820609
random_forest_balanced_ratio_preserved_noise_mcc_selected_v1,random_forest_class_weight_balanced,random_forest,min_samples_leaf,70/30,2,heuristic_fp_10,test,90/10,test,1.000000,True,3021,64,7.843562,210,21,189,0.861905,0.838624,0.404762,0.809524,0.539683,0.507937,164,25,4,17,0.936886,0.692329,0.692329
random_forest_balanced_ratio_preserved_noise_mcc_selected_v1,random_forest_class_weight_balanced,random_forest,min_samples_leaf,70/30,2,heuristic_fp_20,validation_grid,70/30,valid,1.000000,False,3775,64,7.472307,64,19,45,0.875000,0.850292,0.789474,0.789474,0.789474,0.700585,41,4,4,15,0.929825,0.838249,0.838249
random_forest_balanced_ratio_preserved_noise_mcc_selected_v1,random_forest_class_weight_balanced,random_forest,min_samples_leaf,70/30,2,heuristic_fp_20,validation_grid,70/30,valid,2.000000,False,3775,64,8.121107,64,19,45,0.859375,0.839181,0.750000,0.789474,0.769231,0.668657,40,5,4,15,0.919298,0.816834,0.816834
random_forest_balanced_ratio_preserved_noise_mcc_selected_v1,random_forest_class_weight_balanced,random_forest,min_samples_leaf,70/30,2,heuristic_fp_20,validation_grid,70/30,valid,5.000000,True,3775,64,8.633402,64,19,45,0.859375,0.884795,0.692308,0.947368,0.800000,0.715920,37,8,1,18,0.938012,0.831643,0.831643
random_forest_balanced_ratio_preserved_noise_mcc_selected_v1,random_forest_class_weight_balanced,random_forest,min_samples_leaf,70/30,2,heuristic_fp_20,test,50/50,test,5.000000,True,3775,64,8.741380,42,21,21,0.880952,0.880952,0.863636,0.904762,0.883721,0.762770,18,3,2,19,0.929705,0.884240,0.884240
random_forest_balanced_ratio_preserved_noise_mcc_selected_v1,random_forest_class_weight_balanced,random_forest,min_samples_leaf,70/30,2,heuristic_fp_20,test,60/40,test,5.000000,True,3775,64,8.834944,53,21,32,0.886792,0.889881,0.826087,0.904762,0.863636,0.769524,28,4,2,19,0.933036,0.885537,0.885537
random_forest_balanced_ratio_preserved_noise_mcc_selected_v1,random_forest_class_weight_balanced,random_forest,min_samples_leaf,70/30,2,heuristic_fp_20,test,70/30,test,5.000000,True,3775,64,8.967656,70,21,49,0.814286,0.840136,0.633333,0.904762,0.745098,0.629941,38,11,2,19,0.875607,0.712466,0.712466
random_forest_balanced_ratio_preserved_noise_mcc_selected_v1,random_forest_class_weight_balanced,random_forest,min_samples_leaf,70/30,2,heuristic_fp_20,test,75/25,test,5.000000,True,3775,64,9.084485,84,21,63,0.797619,0.833333,0.558824,0.904762,0.690909,0.588118,48,15,2,19,0.866969,0.609604,0.609604
random_forest_balanced_ratio_preserved_noise_mcc_selected_v1,random_forest_class_weight_balanced,random_forest,min_samples_leaf,70/30,2,heuristic_fp_20,test,80/20,test,5.000000,True,3775,64,9.198424,105,21,84,0.819048,0.851190,0.527778,0.904762,0.666667,0.591897,67,17,2,19,0.916667,0.711626,0.711626
random_forest_balanced_ratio_preserved_noise_mcc_selected_v1,random_forest_class_weight_balanced,random_forest,min_samples_leaf,70/30,2,heuristic_fp_20,test,90/10,test,5.000000,True,3775,64,9.413044,210,21,189,0.790476,0.841270,0.311475,0.904762,0.463415,0.451035,147,42,2,19,0.898211,0.449078,0.449078
random_forest_balanced_ratio_preserved_noise_mcc_selected_v1,random_forest_class_weight_balanced,random_forest,min_samples_leaf,70/30,3,clean,validation_grid,70/30,valid,1.000000,False,2264,64,5.207152,64,19,45,0.843750,0.782456,0.800000,0.631579,0.705882,0.609285,42,3,7,12,0.929825,0.855576,0.855576
random_forest_balanced_ratio_preserved_noise_mcc_selected_v1,random_forest_class_weight_balanced,random_forest,min_samples_leaf,70/30,3,clean,validation_grid,70/30,valid,2.000000,False,2264,64,5.706082,64,19,45,0.812500,0.775439,0.684211,0.684211,0.684211,0.550877,39,6,6,13,0.898246,0.807244,0.807244
random_forest_balanced_ratio_preserved_noise_mcc_selected_v1,random_forest_class_weight_balanced,random_forest,min_samples_leaf,70/30,3,clean,validation_grid,70/30,valid,5.000000,True,2264,64,6.153614,64,19,45,0.859375,0.854386,0.727273,0.842105,0.780488,0.681795,39,6,3,16,0.929825,0.875160,0.875160
random_forest_balanced_ratio_preserved_noise_mcc_selected_v1,random_forest_class_weight_balanced,random_forest,min_samples_leaf,70/30,3,clean,test,50/50,test,5.000000,True,2264,64,6.233265,42,21,21,0.809524,0.809524,0.882353,0.714286,0.789474,0.630593,19,2,6,15,0.907029,0.917376,0.917376
random_forest_balanced_ratio_preserved_noise_mcc_selected_v1,random_forest_class_weight_balanced,random_forest,min_samples_leaf,70/30,3,clean,test,60/40,test,5.000000,True,2264,64,6.344221,53,21,32,0.830189,0.810268,0.833333,0.714286,0.769231,0.640887,29,3,6,15,0.873512,0.851095,0.851095
random_forest_balanced_ratio_preserved_noise_mcc_selected_v1,random_forest_class_weight_balanced,random_forest,min_samples_leaf,70/30,3,clean,test,70/30,test,5.000000,True,2264,64,6.461860,70,21,49,0.828571,0.795918,0.714286,0.714286,0.714286,0.591837,43,6,6,15,0.882410,0.816373,0.816373
random_forest_balanced_ratio_preserved_noise_mcc_selected_v1,random_forest_class_weight_balanced,random_forest,min_samples_leaf,70/30,3,clean,test,75/25,test,5.000000,True,2264,64,6.597785,84,21,63,0.821429,0.785714,0.625000,0.714286,0.666667,0.547723,54,9,6,15,0.879063,0.711098,0.711098
random_forest_balanced_ratio_preserved_noise_mcc_selected_v1,random_forest_class_weight_balanced,random_forest,min_samples_leaf,70/30,3,clean,test,80/20,test,5.000000,True,2264,64,6.737959,105,21,84,0.819048,0.779762,0.535714,0.714286,0.612245,0.506108,71,13,6,15,0.879252,0.722782,0.722782
random_forest_balanced_ratio_preserved_noise_mcc_selected_v1,random_forest_class_weight_balanced,random_forest,min_samples_leaf,70/30,3,clean,test,90/10,test,5.000000,True,2264,64,6.943998,210,21,189,0.885714,0.809524,0.454545,0.714286,0.555556,0.510295,171,18,6,15,0.894180,0.619052,0.619052
random_forest_balanced_ratio_preserved_noise_mcc_selected_v1,random_forest_class_weight_balanced,random_forest,min_samples_leaf,70/30,3,random_flip_10,validation_grid,70/30,valid,1.000000,False,2264,64,5.441123,64,19,45,0.765625,0.666082,0.666667,0.421053,0.516129,0.388815,41,4,11,8,0.868421,0.755008,0.755008
random_forest_balanced_ratio_preserved_noise_mcc_selected_v1,random_forest_class_weight_balanced,random_forest,min_samples_leaf,70/30,3,random_flip_10,validation_grid,70/30,valid,2.000000,False,2264,64,5.861012,64,19,45,0.796875,0.718713,0.714286,0.526316,0.606061,0.483437,41,4,9,10,0.872515,0.778115,0.778115
random_forest_balanced_ratio_preserved_noise_mcc_selected_v1,random_forest_class_weight_balanced,random_forest,min_samples_leaf,70/30,3,random_flip_10,validation_grid,70/30,valid,5.000000,True,2264,64,6.186171,64,19,45,0.812500,0.760234,0.705882,0.631579,0.666667,0.538398,40,5,7,12,0.916959,0.854772,0.854772
random_forest_balanced_ratio_preserved_noise_mcc_selected_v1,random_forest_class_weight_balanced,random_forest,min_samples_leaf,70/30,3,random_flip_10,test,50/50,test,5.000000,True,2264,64,6.269494,42,21,21,0.714286,0.714286,0.846154,0.523810,0.647059,0.463524,19,2,10,11,0.877551,0.884936,0.884936
random_forest_balanced_ratio_preserved_noise_mcc_selected_v1,random_forest_class_weight_balanced,random_forest,min_samples_leaf,70/30,3,random_flip_10,test,60/40,test,5.000000,True,2264,64,6.376337,53,21,32,0.754717,0.715030,0.785714,0.523810,0.628571,0.477108,29,3,10,11,0.837798,0.783499,0.783499
random_forest_balanced_ratio_preserved_noise_mcc_selected_v1,random_forest_class_weight_balanced,random_forest,min_samples_leaf,70/30,3,random_flip_10,test,70/30,test,5.000000,True,2264,64,6.502346,70,21,49,0.771429,0.700680,0.647059,0.523810,0.578947,0.428924,43,6,10,11,0.858115,0.750466,0.750466
random_forest_balanced_ratio_preserved_noise_mcc_selected_v1,random_forest_class_weight_balanced,random_forest,min_samples_leaf,70/30,3,random_flip_10,test,75/25,test,5.000000,True,2264,64,6.613597,84,21,63,0.785714,0.698413,0.578947,0.523810,0.550000,0.410720,55,8,10,11,0.854875,0.612146,0.612146
random_forest_balanced_ratio_preserved_noise_mcc_selected_v1,random_forest_class_weight_balanced,random_forest,min_samples_leaf,70/30,3,random_flip_10,test,80/20,test,5.000000,True,2264,64,6.737124,105,21,84,0.790476,0.690476,0.478261,0.523810,0.500000,0.368425,72,12,10,11,0.855442,0.651625,0.651625
random_forest_balanced_ratio_preserved_noise_mcc_selected_v1,random_forest_class_weight_balanced,random_forest,min_samples_leaf,70/30,3,random_flip_10,test,90/10,test,5.000000,True,2264,64,6.926518,210,21,189,0.880952,0.722222,0.423077,0.523810,0.468085,0.404820,174,15,10,11,0.872008,0.510935,0.510935
random_forest_balanced_ratio_preserved_noise_mcc_selected_v1,random_forest_class_weight_balanced,random_forest,min_samples_leaf,70/30,3,random_flip_20,validation_grid,70/30,valid,1.000000,True,2264,64,5.404693,64,19,45,0.781250,0.646784,0.857143,0.315789,0.461538,0.429738,44,1,13,6,0.828655,0.708668,0.708668
random_forest_balanced_ratio_preserved_noise_mcc_selected_v1,random_forest_class_weight_balanced,random_forest,min_samples_leaf,70/30,3,random_flip_20,validation_grid,70/30,valid,2.000000,False,2264,64,5.871974,64,19,45,0.765625,0.620468,0.833333,0.263158,0.400000,0.377654,44,1,14,5,0.807018,0.669764,0.669764
random_forest_balanced_ratio_preserved_noise_mcc_selected_v1,random_forest_class_weight_balanced,random_forest,min_samples_leaf,70/30,3,random_flip_20,validation_grid,70/30,valid,5.000000,False,2264,64,6.236769,64,19,45,0.750000,0.654971,0.615385,0.421053,0.500000,0.351970,40,5,11,8,0.872515,0.715934,0.715934
random_forest_balanced_ratio_preserved_noise_mcc_selected_v1,random_forest_class_weight_balanced,random_forest,min_samples_leaf,70/30,3,random_flip_20,test,50/50,test,1.000000,True,2264,64,6.312011,42,21,21,0.547619,0.547619,1.000000,0.095238,0.173913,0.223607,21,0,19,2,0.785714,0.823463,0.823463
random_forest_balanced_ratio_preserved_noise_mcc_selected_v1,random_forest_class_weight_balanced,random_forest,min_samples_leaf,70/30,3,random_flip_20,test,60/40,test,1.000000,True,2264,64,6.408492,53,21,32,0.641509,0.547619,1.000000,0.095238,0.173913,0.244453,32,0,19,2,0.722470,0.697601,0.697601
random_forest_balanced_ratio_preserved_noise_mcc_selected_v1,random_forest_class_weight_balanced,random_forest,min_samples_leaf,70/30,3,random_flip_20,test,70/30,test,1.000000,True,2264,64,6.511930,70,21,49,0.728571,0.547619,1.000000,0.095238,0.173913,0.261968,49,0,19,2,0.736152,0.647598,0.647598
random_forest_balanced_ratio_preserved_noise_mcc_selected_v1,random_forest_class_weight_balanced,random_forest,min_samples_leaf,70/30,3,random_flip_20,test,75/25,test,1.000000,True,2264,64,6.622595,84,21,63,0.750000,0.531746,0.500000,0.095238,0.160000,0.129099,61,2,19,2,0.732426,0.527671,0.527671
random_forest_balanced_ratio_preserved_noise_mcc_selected_v1,random_forest_class_weight_balanced,random_forest,min_samples_leaf,70/30,3,random_flip_20,test,80/20,test,1.000000,True,2264,64,6.746674,105,21,84,0.790476,0.529762,0.400000,0.095238,0.153846,0.111803,81,3,19,2,0.698980,0.426738,0.426738
random_forest_balanced_ratio_preserved_noise_mcc_selected_v1,random_forest_class_weight_balanced,random_forest,min_samples_leaf,70/30,3,random_flip_20,test,90/10,test,1.000000,True,2264,64,6.946930,210,21,189,0.880952,0.531746,0.250000,0.095238,0.137931,0.099504,183,6,19,2,0.733560,0.317086,0.317086
random_forest_balanced_ratio_preserved_noise_mcc_selected_v1,random_forest_class_weight_balanced,random_forest,min_samples_leaf,70/30,3,random_fp_10,validation_grid,70/30,valid,1.000000,True,3021,64,6.375327,64,19,45,0.828125,0.786550,0.722222,0.684211,0.702703,0.582368,40,5,6,13,0.883626,0.776726,0.776726
random_forest_balanced_ratio_preserved_noise_mcc_selected_v1,random_forest_class_weight_balanced,random_forest,min_samples_leaf,70/30,3,random_fp_10,validation_grid,70/30,valid,2.000000,False,3021,64,6.924485,64,19,45,0.796875,0.733918,0.687500,0.578947,0.628571,0.493624,40,5,8,11,0.888889,0.747265,0.747265
random_forest_balanced_ratio_preserved_noise_mcc_selected_v1,random_forest_class_weight_balanced,random_forest,min_samples_leaf,70/30,3,random_fp_10,validation_grid,70/30,valid,5.000000,False,3021,64,7.345971,64,19,45,0.812500,0.775439,0.684211,0.684211,0.684211,0.550877,39,6,6,13,0.899415,0.821159,0.821159
random_forest_balanced_ratio_preserved_noise_mcc_selected_v1,random_forest_class_weight_balanced,random_forest,min_samples_leaf,70/30,3,random_fp_10,test,50/50,test,1.000000,True,3021,64,7.429493,42,21,21,0.833333,0.833333,1.000000,0.666667,0.800000,0.707107,21,0,7,14,0.908163,0.925487,0.925487
random_forest_balanced_ratio_preserved_noise_mcc_selected_v1,random_forest_class_weight_balanced,random_forest,min_samples_leaf,70/30,3,random_fp_10,test,60/40,test,1.000000,True,3021,64,7.532514,53,21,32,0.830189,0.802083,0.875000,0.666667,0.756757,0.643696,30,2,7,14,0.849702,0.841807,0.841807
random_forest_balanced_ratio_preserved_noise_mcc_selected_v1,random_forest_class_weight_balanced,random_forest,min_samples_leaf,70/30,3,random_fp_10,test,70/30,test,1.000000,True,3021,64,7.637961,70,21,49,0.857143,0.802721,0.823529,0.666667,0.736842,0.647020,46,3,7,14,0.880952,0.824396,0.824396
random_forest_balanced_ratio_preserved_noise_mcc_selected_v1,random_forest_class_weight_balanced,random_forest,min_samples_leaf,70/30,3,random_fp_10,test,75/25,test,1.000000,True,3021,64,7.752166,84,21,63,0.869048,0.801587,0.777778,0.666667,0.717949,0.636524,59,4,7,14,0.871882,0.740536,0.740536
random_forest_balanced_ratio_preserved_noise_mcc_selected_v1,random_forest_class_weight_balanced,random_forest,min_samples_leaf,70/30,3,random_fp_10,test,80/20,test,1.000000,True,3021,64,7.875969,105,21,84,0.857143,0.785714,0.636364,0.666667,0.651163,0.561644,76,8,7,14,0.876417,0.746192,0.746192
random_forest_balanced_ratio_preserved_noise_mcc_selected_v1,random_forest_class_weight_balanced,random_forest,min_samples_leaf,70/30,3,random_fp_10,test,90/10,test,1.000000,True,3021,64,8.066169,210,21,189,0.933333,0.814815,0.666667,0.666667,0.666667,0.629630,182,7,7,14,0.891282,0.699987,0.699987
random_forest_balanced_ratio_preserved_noise_mcc_selected_v1,random_forest_class_weight_balanced,random_forest,min_samples_leaf,70/30,3,random_fp_20,validation_grid,70/30,valid,1.000000,True,3775,64,7.916102,64,19,45,0.875000,0.804678,0.923077,0.631579,0.750000,0.691987,44,1,7,12,0.905263,0.846288,0.846288
random_forest_balanced_ratio_preserved_noise_mcc_selected_v1,random_forest_class_weight_balanced,random_forest,min_samples_leaf,70/30,3,random_fp_20,validation_grid,70/30,valid,2.000000,False,3775,64,8.737173,64,19,45,0.875000,0.804678,0.923077,0.631579,0.750000,0.691987,44,1,7,12,0.922807,0.888620,0.888620
random_forest_balanced_ratio_preserved_noise_mcc_selected_v1,random_forest_class_weight_balanced,random_forest,min_samples_leaf,70/30,3,random_fp_20,validation_grid,70/30,valid,5.000000,False,3775,64,9.366908,64,19,45,0.828125,0.771345,0.750000,0.631579,0.685714,0.572604,41,4,7,12,0.886550,0.826837,0.826837
random_forest_balanced_ratio_preserved_noise_mcc_selected_v1,random_forest_class_weight_balanced,random_forest,min_samples_leaf,70/30,3,random_fp_20,test,50/50,test,1.000000,True,3775,64,9.457631,42,21,21,0.785714,0.785714,1.000000,0.571429,0.727273,0.632456,21,0,9,12,0.931973,0.934303,0.934303
random_forest_balanced_ratio_preserved_noise_mcc_selected_v1,random_forest_class_weight_balanced,random_forest,min_samples_leaf,70/30,3,random_fp_20,test,60/40,test,1.000000,True,3775,64,9.555336,53,21,32,0.773585,0.738839,0.800000,0.571429,0.666667,0.518660,29,3,9,12,0.826637,0.746929,0.746929
random_forest_balanced_ratio_preserved_noise_mcc_selected_v1,random_forest_class_weight_balanced,random_forest,min_samples_leaf,70/30,3,random_fp_20,test,70/30,test,1.000000,True,3775,64,9.661012,70,21,49,0.842857,0.765306,0.857143,0.571429,0.685714,0.607893,47,2,9,12,0.897473,0.833214,0.833214
random_forest_balanced_ratio_preserved_noise_mcc_selected_v1,random_forest_class_weight_balanced,random_forest,min_samples_leaf,70/30,3,random_fp_20,test,75/25,test,1.000000,True,3775,64,9.782121,84,21,63,0.857143,0.761905,0.800000,0.571429,0.666667,0.592220,60,3,9,12,0.923280,0.780251,0.780251
random_forest_balanced_ratio_preserved_noise_mcc_selected_v1,random_forest_class_weight_balanced,random_forest,min_samples_leaf,70/30,3,random_fp_20,test,80/20,test,1.000000,True,3775,64,9.915669,105,21,84,0.885714,0.767857,0.800000,0.571429,0.666667,0.612372,81,3,9,12,0.899943,0.710113,0.710113
random_forest_balanced_ratio_preserved_noise_mcc_selected_v1,random_forest_class_weight_balanced,random_forest,min_samples_leaf,70/30,3,random_fp_20,test,90/10,test,1.000000,True,3775,64,10.117962,210,21,189,0.919048,0.764550,0.600000,0.571429,0.585366,0.540738,181,8,9,12,0.914462,0.629139,0.629139
random_forest_balanced_ratio_preserved_noise_mcc_selected_v1,random_forest_class_weight_balanced,random_forest,min_samples_leaf,70/30,3,heuristic_fp_10,validation_grid,70/30,valid,1.000000,True,3021,64,6.364312,64,19,45,0.828125,0.832164,0.666667,0.842105,0.744186,0.626945,37,8,3,16,0.912865,0.866186,0.866186
random_forest_balanced_ratio_preserved_noise_mcc_selected_v1,random_forest_class_weight_balanced,random_forest,min_samples_leaf,70/30,3,heuristic_fp_10,validation_grid,70/30,valid,2.000000,False,3021,64,6.856017,64,19,45,0.750000,0.746199,0.560000,0.736842,0.636364,0.461102,34,11,5,14,0.871345,0.766481,0.766481
random_forest_balanced_ratio_preserved_noise_mcc_selected_v1,random_forest_class_weight_balanced,random_forest,min_samples_leaf,70/30,3,heuristic_fp_10,validation_grid,70/30,valid,5.000000,False,3021,64,7.226284,64,19,45,0.781250,0.814035,0.586207,0.894737,0.708333,0.576445,33,12,2,17,0.895906,0.803426,0.803426
random_forest_balanced_ratio_preserved_noise_mcc_selected_v1,random_forest_class_weight_balanced,random_forest,min_samples_leaf,70/30,3,heuristic_fp_10,test,50/50,test,1.000000,True,3021,64,7.307659,42,21,21,0.833333,0.833333,0.888889,0.761905,0.820513,0.673575,19,2,5,16,0.964853,0.962634,0.962634
random_forest_balanced_ratio_preserved_noise_mcc_selected_v1,random_forest_class_weight_balanced,random_forest,min_samples_leaf,70/30,3,heuristic_fp_10,test,60/40,test,1.000000,True,3021,64,7.417890,53,21,32,0.792453,0.787202,0.727273,0.761905,0.744186,0.570178,26,6,5,16,0.875000,0.781240,0.781240
random_forest_balanced_ratio_preserved_noise_mcc_selected_v1,random_forest_class_weight_balanced,random_forest,min_samples_leaf,70/30,3,heuristic_fp_10,test,70/30,test,1.000000,True,3021,64,7.528695,70,21,49,0.828571,0.809524,0.695652,0.761905,0.727273,0.603975,42,7,5,16,0.916910,0.786518,0.786518
random_forest_balanced_ratio_preserved_noise_mcc_selected_v1,random_forest_class_weight_balanced,random_forest,min_samples_leaf,70/30,3,heuristic_fp_10,test,75/25,test,1.000000,True,3021,64,7.652998,84,21,63,0.833333,0.809524,0.640000,0.761905,0.695652,0.586284,54,9,5,16,0.926682,0.801462,0.801462
random_forest_balanced_ratio_preserved_noise_mcc_selected_v1,random_forest_class_weight_balanced,random_forest,min_samples_leaf,70/30,3,heuristic_fp_10,test,80/20,test,1.000000,True,3021,64,7.785151,105,21,84,0.847619,0.815476,0.592593,0.761905,0.666667,0.577453,73,11,5,16,0.933673,0.780979,0.780979
random_forest_balanced_ratio_preserved_noise_mcc_selected_v1,random_forest_class_weight_balanced,random_forest,min_samples_leaf,70/30,3,heuristic_fp_10,test,90/10,test,1.000000,True,3021,64,7.985214,210,21,189,0.880952,0.828042,0.444444,0.761905,0.561404,0.522245,169,20,5,16,0.940161,0.723085,0.723085
random_forest_balanced_ratio_preserved_noise_mcc_selected_v1,random_forest_class_weight_balanced,random_forest,min_samples_leaf,70/30,3,heuristic_fp_20,validation_grid,70/30,valid,1.000000,False,3775,64,7.384412,64,19,45,0.765625,0.787719,0.571429,0.842105,0.680851,0.529971,33,12,3,16,0.895322,0.819649,0.819649
random_forest_balanced_ratio_preserved_noise_mcc_selected_v1,random_forest_class_weight_balanced,random_forest,min_samples_leaf,70/30,3,heuristic_fp_20,validation_grid,70/30,valid,2.000000,True,3775,64,8.080854,64,19,45,0.796875,0.809942,0.615385,0.842105,0.711111,0.576653,35,10,3,16,0.891228,0.815777,0.815777
random_forest_balanced_ratio_preserved_noise_mcc_selected_v1,random_forest_class_weight_balanced,random_forest,min_samples_leaf,70/30,3,heuristic_fp_20,validation_grid,70/30,valid,5.000000,False,3775,64,8.535171,64,19,45,0.718750,0.754386,0.516129,0.842105,0.640000,0.465124,30,15,3,16,0.897076,0.833279,0.833279
random_forest_balanced_ratio_preserved_noise_mcc_selected_v1,random_forest_class_weight_balanced,random_forest,min_samples_leaf,70/30,3,heuristic_fp_20,test,50/50,test,2.000000,True,3775,64,8.616231,42,21,21,0.880952,0.880952,0.900000,0.857143,0.878049,0.762770,19,2,3,18,0.956916,0.961052,0.961052
random_forest_balanced_ratio_preserved_noise_mcc_selected_v1,random_forest_class_weight_balanced,random_forest,min_samples_leaf,70/30,3,heuristic_fp_20,test,60/40,test,2.000000,True,3775,64,8.726357,53,21,32,0.811321,0.819196,0.720000,0.857143,0.782609,0.625495,25,7,3,18,0.877976,0.817130,0.817130
random_forest_balanced_ratio_preserved_noise_mcc_selected_v1,random_forest_class_weight_balanced,random_forest,min_samples_leaf,70/30,3,heuristic_fp_20,test,70/30,test,2.000000,True,3775,64,8.851105,70,21,49,0.828571,0.836735,0.666667,0.857143,0.750000,0.634029,40,9,3,18,0.912536,0.839102,0.839102
random_forest_balanced_ratio_preserved_noise_mcc_selected_v1,random_forest_class_weight_balanced,random_forest,min_samples_leaf,70/30,3,heuristic_fp_20,test,75/25,test,2.000000,True,3775,64,8.963285,84,21,63,0.821429,0.833333,0.600000,0.857143,0.705882,0.602464,51,12,3,18,0.914588,0.768337,0.768337
random_forest_balanced_ratio_preserved_noise_mcc_selected_v1,random_forest_class_weight_balanced,random_forest,min_samples_leaf,70/30,3,heuristic_fp_20,test,80/20,test,2.000000,True,3775,64,9.100166,105,21,84,0.838095,0.845238,0.562500,0.857143,0.679245,0.600014,70,14,3,18,0.933673,0.832257,0.832257
random_forest_balanced_ratio_preserved_noise_mcc_selected_v1,random_forest_class_weight_balanced,random_forest,min_samples_leaf,70/30,3,heuristic_fp_20,test,90/10,test,2.000000,True,3775,64,9.290648,210,21,189,0.852381,0.854497,0.391304,0.857143,0.537313,0.514260,161,28,3,18,0.938020,0.752313,0.752313
random_forest_balanced_ratio_preserved_noise_mcc_selected_v1,random_forest_class_weight_balanced,random_forest,min_samples_leaf,70/30,4,clean,validation_grid,70/30,valid,1.000000,False,2264,64,5.388325,64,19,45,0.812500,0.775439,0.684211,0.684211,0.684211,0.550877,39,6,6,13,0.887135,0.753110,0.753110
random_forest_balanced_ratio_preserved_noise_mcc_selected_v1,random_forest_class_weight_balanced,random_forest,min_samples_leaf,70/30,4,clean,validation_grid,70/30,valid,2.000000,False,2264,64,5.787845,64,19,45,0.812500,0.790643,0.666667,0.736842,0.700000,0.565626,38,7,5,14,0.881871,0.783631,0.783631
random_forest_balanced_ratio_preserved_noise_mcc_selected_v1,random_forest_class_weight_balanced,random_forest,min_samples_leaf,70/30,4,clean,validation_grid,70/30,valid,5.000000,True,2264,64,6.097903,64,19,45,0.812500,0.805848,0.652174,0.789474,0.714286,0.582456,37,8,4,15,0.899415,0.790484,0.790484
random_forest_balanced_ratio_preserved_noise_mcc_selected_v1,random_forest_class_weight_balanced,random_forest,min_samples_leaf,70/30,4,clean,test,50/50,test,5.000000,True,2264,64,6.183318,42,21,21,0.809524,0.809524,0.842105,0.761905,0.800000,0.621874,18,3,5,16,0.897959,0.919631,0.919631
random_forest_balanced_ratio_preserved_noise_mcc_selected_v1,random_forest_class_weight_balanced,random_forest,min_samples_leaf,70/30,4,clean,test,60/40,test,5.000000,True,2264,64,6.333025,53,21,32,0.811321,0.802827,0.761905,0.761905,0.761905,0.605655,27,5,5,16,0.877976,0.853068,0.853068
random_forest_balanced_ratio_preserved_noise_mcc_selected_v1,random_forest_class_weight_balanced,random_forest,min_samples_leaf,70/30,4,clean,test,70/30,test,5.000000,True,2264,64,6.446196,70,21,49,0.800000,0.789116,0.640000,0.761905,0.695652,0.553010,40,9,5,16,0.867833,0.795663,0.795663
random_forest_balanced_ratio_preserved_noise_mcc_selected_v1,random_forest_class_weight_balanced,random_forest,min_samples_leaf,70/30,4,clean,test,75/25,test,5.000000,True,2264,64,6.593468,84,21,63,0.833333,0.809524,0.640000,0.761905,0.695652,0.586284,54,9,5,16,0.900983,0.793292,0.793292
random_forest_balanced_ratio_preserved_noise_mcc_selected_v1,random_forest_class_weight_balanced,random_forest,min_samples_leaf,70/30,4,clean,test,80/20,test,5.000000,True,2264,64,6.732317,105,21,84,0.885714,0.839286,0.695652,0.761905,0.727273,0.656257,77,7,5,16,0.925170,0.836129,0.836129
random_forest_balanced_ratio_preserved_noise_mcc_selected_v1,random_forest_class_weight_balanced,random_forest,min_samples_leaf,70/30,4,clean,test,90/10,test,5.000000,True,2264,64,6.967632,210,21,189,0.828571,0.798942,0.340426,0.761905,0.470588,0.430343,158,31,5,16,0.899219,0.674272,0.674272
random_forest_balanced_ratio_preserved_noise_mcc_selected_v1,random_forest_class_weight_balanced,random_forest,min_samples_leaf,70/30,4,random_flip_10,validation_grid,70/30,valid,1.000000,False,2264,64,5.670548,64,19,45,0.765625,0.681287,0.642857,0.473684,0.545455,0.400709,40,5,10,9,0.819298,0.654493,0.654493
random_forest_balanced_ratio_preserved_noise_mcc_selected_v1,random_forest_class_weight_balanced,random_forest,min_samples_leaf,70/30,4,random_flip_10,validation_grid,70/30,valid,2.000000,True,2264,64,6.098410,64,19,45,0.828125,0.756140,0.785714,0.578947,0.666667,0.566164,42,3,8,11,0.865497,0.794619,0.794619
random_forest_balanced_ratio_preserved_noise_mcc_selected_v1,random_forest_class_weight_balanced,random_forest,min_samples_leaf,70/30,4,random_flip_10,validation_grid,70/30,valid,5.000000,False,2264,64,6.439045,64,19,45,0.765625,0.726901,0.600000,0.631579,0.615385,0.447309,37,8,7,12,0.865497,0.753605,0.753605
random_forest_balanced_ratio_preserved_noise_mcc_selected_v1,random_forest_class_weight_balanced,random_forest,min_samples_leaf,70/30,4,random_flip_10,test,50/50,test,2.000000,True,2264,64,6.529095,42,21,21,0.785714,0.785714,1.000000,0.571429,0.727273,0.632456,21,0,9,12,0.891156,0.912950,0.912950
random_forest_balanced_ratio_preserved_noise_mcc_selected_v1,random_forest_class_weight_balanced,random_forest,min_samples_leaf,70/30,4,random_flip_10,test,60/40,test,2.000000,True,2264,64,6.694576,53,21,32,0.792453,0.754464,0.857143,0.571429,0.685714,0.564606,30,2,9,12,0.867560,0.854304,0.854304
random_forest_balanced_ratio_preserved_noise_mcc_selected_v1,random_forest_class_weight_balanced,random_forest,min_samples_leaf,70/30,4,random_flip_10,test,70/30,test,2.000000,True,2264,64,6.827617,70,21,49,0.814286,0.744898,0.750000,0.571429,0.648649,0.534522,45,4,9,12,0.839650,0.727013,0.727013
random_forest_balanced_ratio_preserved_noise_mcc_selected_v1,random_forest_class_weight_balanced,random_forest,min_samples_leaf,70/30,4,random_flip_10,test,75/25,test,2.000000,True,2264,64,6.963990,84,21,63,0.869048,0.769841,0.857143,0.571429,0.685714,0.627054,61,2,9,12,0.895692,0.814377,0.814377
random_forest_balanced_ratio_preserved_noise_mcc_selected_v1,random_forest_class_weight_balanced,random_forest,min_samples_leaf,70/30,4,random_flip_10,test,80/20,test,2.000000,True,2264,64,7.075230,105,21,84,0.904762,0.779762,0.923077,0.571429,0.705882,0.679520,83,1,9,12,0.907596,0.821379,0.821379
random_forest_balanced_ratio_preserved_noise_mcc_selected_v1,random_forest_class_weight_balanced,random_forest,min_samples_leaf,70/30,4,random_flip_10,test,90/10,test,2.000000,True,2264,64,7.278305,210,21,189,0.909524,0.759259,0.545455,0.571429,0.558140,0.507943,179,10,9,12,0.878307,0.587525,0.587525
random_forest_balanced_ratio_preserved_noise_mcc_selected_v1,random_forest_class_weight_balanced,random_forest,min_samples_leaf,70/30,4,random_flip_20,validation_grid,70/30,valid,1.000000,False,2264,64,5.525723,64,19,45,0.765625,0.666082,0.666667,0.421053,0.516129,0.388815,41,4,11,8,0.871930,0.740367,0.740367
random_forest_balanced_ratio_preserved_noise_mcc_selected_v1,random_forest_class_weight_balanced,random_forest,min_samples_leaf,70/30,4,random_flip_20,validation_grid,70/30,valid,2.000000,False,2264,64,5.988564,64,19,45,0.796875,0.703509,0.750000,0.473684,0.580645,0.476435,42,3,10,9,0.844444,0.724888,0.724888
random_forest_balanced_ratio_preserved_noise_mcc_selected_v1,random_forest_class_weight_balanced,random_forest,min_samples_leaf,70/30,4,random_flip_20,validation_grid,70/30,valid,5.000000,True,2264,64,6.333869,64,19,45,0.796875,0.764327,0.650000,0.684211,0.666667,0.521092,38,7,6,13,0.853801,0.746334,0.746334
random_forest_balanced_ratio_preserved_noise_mcc_selected_v1,random_forest_class_weight_balanced,random_forest,min_samples_leaf,70/30,4,random_flip_20,test,50/50,test,5.000000,True,2264,64,6.421624,42,21,21,0.809524,0.809524,0.882353,0.714286,0.789474,0.630593,19,2,6,15,0.911565,0.924230,0.924230
random_forest_balanced_ratio_preserved_noise_mcc_selected_v1,random_forest_class_weight_balanced,random_forest,min_samples_leaf,70/30,4,random_flip_20,test,60/40,test,5.000000,True,2264,64,6.576172,53,21,32,0.811321,0.794643,0.789474,0.714286,0.750000,0.601027,28,4,6,15,0.872024,0.855066,0.855066
random_forest_balanced_ratio_preserved_noise_mcc_selected_v1,random_forest_class_weight_balanced,random_forest,min_samples_leaf,70/30,4,random_flip_20,test,70/30,test,5.000000,True,2264,64,6.687963,70,21,49,0.800000,0.775510,0.652174,0.714286,0.681818,0.537604,41,8,6,15,0.865889,0.776663,0.776663
random_forest_balanced_ratio_preserved_noise_mcc_selected_v1,random_forest_class_weight_balanced,random_forest,min_samples_leaf,70/30,4,random_flip_20,test,75/25,test,5.000000,True,2264,64,6.813875,84,21,63,0.857143,0.809524,0.714286,0.714286,0.714286,0.619048,57,6,6,15,0.883598,0.760425,0.760425
random_forest_balanced_ratio_preserved_noise_mcc_selected_v1,random_forest_class_weight_balanced,random_forest,min_samples_leaf,70/30,4,random_flip_20,test,80/20,test,5.000000,True,2264,64,6.931991,105,21,84,0.876190,0.815476,0.681818,0.714286,0.697674,0.620148,77,7,6,15,0.905896,0.766016,0.766016
random_forest_balanced_ratio_preserved_noise_mcc_selected_v1,random_forest_class_weight_balanced,random_forest,min_samples_leaf,70/30,4,random_flip_20,test,90/10,test,5.000000,True,2264,64,7.168598,210,21,189,0.900000,0.817460,0.500000,0.714286,0.588235,0.544331,174,15,6,15,0.873520,0.545835,0.545835
random_forest_balanced_ratio_preserved_noise_mcc_selected_v1,random_forest_class_weight_balanced,random_forest,min_samples_leaf,70/30,4,random_fp_10,validation_grid,70/30,valid,1.000000,True,3021,64,6.526062,64,19,45,0.812500,0.760234,0.705882,0.631579,0.666667,0.538398,40,5,7,12,0.881287,0.750909,0.750909
random_forest_balanced_ratio_preserved_noise_mcc_selected_v1,random_forest_class_weight_balanced,random_forest,min_samples_leaf,70/30,4,random_fp_10,validation_grid,70/30,valid,2.000000,False,3021,64,7.101867,64,19,45,0.750000,0.715789,0.571429,0.631579,0.600000,0.419952,36,9,7,12,0.871345,0.723662,0.723662
random_forest_balanced_ratio_preserved_noise_mcc_selected_v1,random_forest_class_weight_balanced,random_forest,min_samples_leaf,70/30,4,random_fp_10,validation_grid,70/30,valid,5.000000,False,3021,64,7.503697,64,19,45,0.765625,0.772515,0.576923,0.789474,0.666667,0.507019,34,11,4,15,0.887719,0.763328,0.763328
random_forest_balanced_ratio_preserved_noise_mcc_selected_v1,random_forest_class_weight_balanced,random_forest,min_samples_leaf,70/30,4,random_fp_10,test,50/50,test,1.000000,True,3021,64,7.595941,42,21,21,0.857143,0.857143,1.000000,0.714286,0.833333,0.745356,21,0,6,15,0.935374,0.942794,0.942794
random_forest_balanced_ratio_preserved_noise_mcc_selected_v1,random_forest_class_weight_balanced,random_forest,min_samples_leaf,70/30,4,random_fp_10,test,60/40,test,1.000000,True,3021,64,7.743149,53,21,32,0.849057,0.825893,0.882353,0.714286,0.789474,0.682989,30,2,6,15,0.909226,0.900226,0.900226
random_forest_balanced_ratio_preserved_noise_mcc_selected_v1,random_forest_class_weight_balanced,random_forest,min_samples_leaf,70/30,4,random_fp_10,test,70/30,test,1.000000,True,3021,64,7.857664,70,21,49,0.814286,0.785714,0.681818,0.714286,0.697674,0.564076,42,7,6,15,0.876579,0.810780,0.810780
random_forest_balanced_ratio_preserved_noise_mcc_selected_v1,random_forest_class_weight_balanced,random_forest,min_samples_leaf,70/30,4,random_fp_10,test,75/25,test,1.000000,True,3021,64,7.984016,84,21,63,0.880952,0.825397,0.789474,0.714286,0.750000,0.673581,59,4,6,15,0.924036,0.857017,0.857017
random_forest_balanced_ratio_preserved_noise_mcc_selected_v1,random_forest_class_weight_balanced,random_forest,min_samples_leaf,70/30,4,random_fp_10,test,80/20,test,1.000000,True,3021,64,8.107711,105,21,84,0.914286,0.839286,0.833333,0.714286,0.769231,0.720193,81,3,6,15,0.926304,0.842581,0.842581
random_forest_balanced_ratio_preserved_noise_mcc_selected_v1,random_forest_class_weight_balanced,random_forest,min_samples_leaf,70/30,4,random_fp_10,test,90/10,test,1.000000,True,3021,64,8.334758,210,21,189,0.904762,0.820106,0.517241,0.714286,0.600000,0.556706,175,14,6,15,0.909675,0.682861,0.682861
random_forest_balanced_ratio_preserved_noise_mcc_selected_v1,random_forest_class_weight_balanced,random_forest,min_samples_leaf,70/30,4,random_fp_20,validation_grid,70/30,valid,1.000000,False,3775,64,7.677310,64,19,45,0.765625,0.681287,0.642857,0.473684,0.545455,0.400709,40,5,10,9,0.876023,0.743012,0.743012
random_forest_balanced_ratio_preserved_noise_mcc_selected_v1,random_forest_class_weight_balanced,random_forest,min_samples_leaf,70/30,4,random_fp_20,validation_grid,70/30,valid,2.000000,False,3775,64,8.468402,64,19,45,0.812500,0.745029,0.733333,0.578947,0.647059,0.528551,41,4,8,11,0.897076,0.781506,0.781506
random_forest_balanced_ratio_preserved_noise_mcc_selected_v1,random_forest_class_weight_balanced,random_forest,min_samples_leaf,70/30,4,random_fp_20,validation_grid,70/30,valid,5.000000,True,3775,64,9.044693,64,19,45,0.812500,0.790643,0.666667,0.736842,0.700000,0.565626,38,7,5,14,0.880702,0.734287,0.734287
random_forest_balanced_ratio_preserved_noise_mcc_selected_v1,random_forest_class_weight_balanced,random_forest,min_samples_leaf,70/30,4,random_fp_20,test,50/50,test,5.000000,True,3775,64,9.133351,42,21,21,0.833333,0.833333,0.937500,0.714286,0.810811,0.686406,20,1,6,15,0.882086,0.917311,0.917311
random_forest_balanced_ratio_preserved_noise_mcc_selected_v1,random_forest_class_weight_balanced,random_forest,min_samples_leaf,70/30,4,random_fp_20,test,60/40,test,5.000000,True,3775,64,9.288392,53,21,32,0.811321,0.794643,0.789474,0.714286,0.750000,0.601027,28,4,6,15,0.860119,0.863727,0.863727
random_forest_balanced_ratio_preserved_noise_mcc_selected_v1,random_forest_class_weight_balanced,random_forest,min_samples_leaf,70/30,4,random_fp_20,test,70/30,test,5.000000,True,3775,64,9.404199,70,21,49,0.814286,0.785714,0.681818,0.714286,0.697674,0.564076,42,7,6,15,0.844509,0.787349,0.787349
random_forest_balanced_ratio_preserved_noise_mcc_selected_v1,random_forest_class_weight_balanced,random_forest,min_samples_leaf,70/30,4,random_fp_20,test,75/25,test,5.000000,True,3775,64,9.537055,84,21,63,0.833333,0.793651,0.652174,0.714286,0.681818,0.570312,55,8,6,15,0.857899,0.734766,0.734766
random_forest_balanced_ratio_preserved_noise_mcc_selected_v1,random_forest_class_weight_balanced,random_forest,min_samples_leaf,70/30,4,random_fp_20,test,80/20,test,5.000000,True,3775,64,9.689863,105,21,84,0.904762,0.833333,0.789474,0.714286,0.750000,0.692679,80,4,6,15,0.892857,0.825536,0.825536
random_forest_balanced_ratio_preserved_noise_mcc_selected_v1,random_forest_class_weight_balanced,random_forest,min_samples_leaf,70/30,4,random_fp_20,test,90/10,test,5.000000,True,3775,64,9.923329,210,21,189,0.847619,0.788360,0.365854,0.714286,0.483871,0.436486,163,26,6,15,0.851852,0.588378,0.588378
random_forest_balanced_ratio_preserved_noise_mcc_selected_v1,random_forest_class_weight_balanced,random_forest,min_samples_leaf,70/30,4,heuristic_fp_10,validation_grid,70/30,valid,1.000000,False,3021,64,6.859714,64,19,45,0.796875,0.794737,0.625000,0.789474,0.697674,0.556304,36,9,4,15,0.861404,0.668565,0.668565
random_forest_balanced_ratio_preserved_noise_mcc_selected_v1,random_forest_class_weight_balanced,random_forest,min_samples_leaf,70/30,4,heuristic_fp_10,validation_grid,70/30,valid,2.000000,True,3021,64,7.391178,64,19,45,0.812500,0.821053,0.640000,0.842105,0.727273,0.601294,36,9,3,16,0.864327,0.695245,0.695245
random_forest_balanced_ratio_preserved_noise_mcc_selected_v1,random_forest_class_weight_balanced,random_forest,min_samples_leaf,70/30,4,heuristic_fp_10,validation_grid,70/30,valid,5.000000,False,3021,64,7.857610,64,19,45,0.765625,0.787719,0.571429,0.842105,0.680851,0.529971,33,12,3,16,0.851462,0.671242,0.671242
random_forest_balanced_ratio_preserved_noise_mcc_selected_v1,random_forest_class_weight_balanced,random_forest,min_samples_leaf,70/30,4,heuristic_fp_10,test,50/50,test,2.000000,True,3021,64,7.947795,42,21,21,0.857143,0.857143,0.894737,0.809524,0.850000,0.717547,19,2,4,17,0.941043,0.936391,0.936391
random_forest_balanced_ratio_preserved_noise_mcc_selected_v1,random_forest_class_weight_balanced,random_forest,min_samples_leaf,70/30,4,heuristic_fp_10,test,60/40,test,2.000000,True,3021,64,8.101024,53,21,32,0.830189,0.826637,0.772727,0.809524,0.790698,0.648467,27,5,4,17,0.930060,0.908118,0.908118
random_forest_balanced_ratio_preserved_noise_mcc_selected_v1,random_forest_class_weight_balanced,random_forest,min_samples_leaf,70/30,4,heuristic_fp_10,test,70/30,test,2.000000,True,3021,64,8.218425,70,21,49,0.814286,0.812925,0.653846,0.809524,0.723404,0.593561,40,9,4,17,0.893100,0.779725,0.779725
random_forest_balanced_ratio_preserved_noise_mcc_selected_v1,random_forest_class_weight_balanced,random_forest,min_samples_leaf,70/30,4,heuristic_fp_10,test,75/25,test,2.000000,True,3021,64,8.347947,84,21,63,0.857143,0.841270,0.680000,0.809524,0.739130,0.646416,55,8,4,17,0.928193,0.798835,0.798835
random_forest_balanced_ratio_preserved_noise_mcc_selected_v1,random_forest_class_weight_balanced,random_forest,min_samples_leaf,70/30,4,heuristic_fp_10,test,80/20,test,2.000000,True,3021,64,8.473145,105,21,84,0.914286,0.875000,0.772727,0.809524,0.790698,0.737157,79,5,4,17,0.965986,0.913540,0.913540
random_forest_balanced_ratio_preserved_noise_mcc_selected_v1,random_forest_class_weight_balanced,random_forest,min_samples_leaf,70/30,4,heuristic_fp_10,test,90/10,test,2.000000,True,3021,64,8.710338,210,21,189,0.857143,0.835979,0.395349,0.809524,0.531250,0.499563,163,26,4,17,0.929705,0.684072,0.684072
random_forest_balanced_ratio_preserved_noise_mcc_selected_v1,random_forest_class_weight_balanced,random_forest,min_samples_leaf,70/30,4,heuristic_fp_20,validation_grid,70/30,valid,1.000000,False,3775,64,7.639538,64,19,45,0.765625,0.772515,0.576923,0.789474,0.666667,0.507019,34,11,4,15,0.843275,0.666917,0.666917
random_forest_balanced_ratio_preserved_noise_mcc_selected_v1,random_forest_class_weight_balanced,random_forest,min_samples_leaf,70/30,4,heuristic_fp_20,validation_grid,70/30,valid,2.000000,False,3775,64,8.307921,64,19,45,0.750000,0.730994,0.565217,0.684211,0.619048,0.439904,35,10,6,13,0.874854,0.757745,0.757745
random_forest_balanced_ratio_preserved_noise_mcc_selected_v1,random_forest_class_weight_balanced,random_forest,min_samples_leaf,70/30,4,heuristic_fp_20,validation_grid,70/30,valid,5.000000,True,3775,64,8.808675,64,19,45,0.750000,0.776608,0.551724,0.842105,0.666667,0.507744,32,13,3,16,0.874854,0.703382,0.703382
random_forest_balanced_ratio_preserved_noise_mcc_selected_v1,random_forest_class_weight_balanced,random_forest,min_samples_leaf,70/30,4,heuristic_fp_20,test,50/50,test,5.000000,True,3775,64,8.900971,42,21,21,0.833333,0.833333,0.818182,0.857143,0.837209,0.667424,17,4,3,18,0.941043,0.942053,0.942053
random_forest_balanced_ratio_preserved_noise_mcc_selected_v1,random_forest_class_weight_balanced,random_forest,min_samples_leaf,70/30,4,heuristic_fp_20,test,60/40,test,5.000000,True,3775,64,9.063401,53,21,32,0.792453,0.803571,0.692308,0.857143,0.765957,0.594028,24,8,3,18,0.907738,0.873435,0.873435
random_forest_balanced_ratio_preserved_noise_mcc_selected_v1,random_forest_class_weight_balanced,random_forest,min_samples_leaf,70/30,4,heuristic_fp_20,test,70/30,test,5.000000,True,3775,64,9.179010,70,21,49,0.728571,0.765306,0.529412,0.857143,0.654545,0.486513,33,16,3,18,0.875607,0.752927,0.752927
random_forest_balanced_ratio_preserved_noise_mcc_selected_v1,random_forest_class_weight_balanced,random_forest,min_samples_leaf,70/30,4,heuristic_fp_20,test,75/25,test,5.000000,True,3775,64,9.312553,84,21,63,0.833333,0.841270,0.620690,0.857143,0.720000,0.621624,52,11,3,18,0.909297,0.724458,0.724458
random_forest_balanced_ratio_preserved_noise_mcc_selected_v1,random_forest_class_weight_balanced,random_forest,min_samples_leaf,70/30,4,heuristic_fp_20,test,80/20,test,5.000000,True,3775,64,9.432194,105,21,84,0.857143,0.857143,0.600000,0.857143,0.705882,0.632456,72,12,3,18,0.954649,0.879813,0.879813
random_forest_balanced_ratio_preserved_noise_mcc_selected_v1,random_forest_class_weight_balanced,random_forest,min_samples_leaf,70/30,4,heuristic_fp_20,test,90/10,test,5.000000,True,3775,64,9.665146,210,21,189,0.757143,0.801587,0.272727,0.857143,0.413793,0.389790,141,48,3,18,0.911313,0.635406,0.635406
random_forest_balanced_ratio_preserved_noise_mcc_selected_v1,random_forest_class_weight_balanced,random_forest,min_samples_leaf,70/30,5,clean,validation_grid,70/30,valid,1.000000,False,2264,64,5.219224,64,19,45,0.781250,0.738012,0.631579,0.631579,0.631579,0.476023,38,7,7,12,0.881287,0.771869,0.771869
random_forest_balanced_ratio_preserved_noise_mcc_selected_v1,random_forest_class_weight_balanced,random_forest,min_samples_leaf,70/30,5,clean,validation_grid,70/30,valid,2.000000,False,2264,64,5.633216,64,19,45,0.843750,0.797661,0.764706,0.684211,0.722222,0.615831,41,4,6,13,0.900585,0.792111,0.792111
random_forest_balanced_ratio_preserved_noise_mcc_selected_v1,random_forest_class_weight_balanced,random_forest,min_samples_leaf,70/30,5,clean,validation_grid,70/30,valid,5.000000,True,2264,64,5.925811,64,19,45,0.828125,0.847368,0.653846,0.894737,0.755556,0.646286,36,9,2,17,0.904094,0.815440,0.815440
random_forest_balanced_ratio_preserved_noise_mcc_selected_v1,random_forest_class_weight_balanced,random_forest,min_samples_leaf,70/30,5,clean,test,50/50,test,5.000000,True,2264,64,6.018867,42,21,21,0.809524,0.809524,0.882353,0.714286,0.789474,0.630593,19,2,6,15,0.907029,0.892975,0.892975
random_forest_balanced_ratio_preserved_noise_mcc_selected_v1,random_forest_class_weight_balanced,random_forest,min_samples_leaf,70/30,5,clean,test,60/40,test,5.000000,True,2264,64,6.106759,53,21,32,0.830189,0.810268,0.833333,0.714286,0.769231,0.640887,29,3,6,15,0.895833,0.815551,0.815551
random_forest_balanced_ratio_preserved_noise_mcc_selected_v1,random_forest_class_weight_balanced,random_forest,min_samples_leaf,70/30,5,clean,test,70/30,test,5.000000,True,2264,64,6.213035,70,21,49,0.842857,0.806122,0.750000,0.714286,0.731707,0.621059,44,5,6,15,0.910593,0.837048,0.837048
random_forest_balanced_ratio_preserved_noise_mcc_selected_v1,random_forest_class_weight_balanced,random_forest,min_samples_leaf,70/30,5,clean,test,75/25,test,5.000000,True,2264,64,6.312016,84,21,63,0.845238,0.801587,0.681818,0.714286,0.697674,0.594040,56,7,6,15,0.918367,0.799859,0.799859
random_forest_balanced_ratio_preserved_noise_mcc_selected_v1,random_forest_class_weight_balanced,random_forest,min_samples_leaf,70/30,5,clean,test,80/20,test,5.000000,True,2264,64,6.480441,105,21,84,0.819048,0.779762,0.535714,0.714286,0.612245,0.506108,71,13,6,15,0.877551,0.593910,0.593910
random_forest_balanced_ratio_preserved_noise_mcc_selected_v1,random_forest_class_weight_balanced,random_forest,min_samples_leaf,70/30,5,clean,test,90/10,test,5.000000,True,2264,64,6.744326,210,21,189,0.857143,0.793651,0.384615,0.714286,0.500000,0.453076,165,24,6,15,0.901235,0.614541,0.614541
random_forest_balanced_ratio_preserved_noise_mcc_selected_v1,random_forest_class_weight_balanced,random_forest,min_samples_leaf,70/30,5,random_flip_10,validation_grid,70/30,valid,1.000000,False,2264,64,5.776445,64,19,45,0.812500,0.714620,0.818182,0.473684,0.600000,0.519815,43,2,10,9,0.878947,0.765267,0.765267
random_forest_balanced_ratio_preserved_noise_mcc_selected_v1,random_forest_class_weight_balanced,random_forest,min_samples_leaf,70/30,5,random_flip_10,validation_grid,70/30,valid,2.000000,False,2264,64,6.188897,64,19,45,0.796875,0.718713,0.714286,0.526316,0.606061,0.483437,41,4,9,10,0.864327,0.748098,0.748098
random_forest_balanced_ratio_preserved_noise_mcc_selected_v1,random_forest_class_weight_balanced,random_forest,min_samples_leaf,70/30,5,random_flip_10,validation_grid,70/30,valid,5.000000,True,2264,64,6.560185,64,19,45,0.796875,0.764327,0.650000,0.684211,0.666667,0.521092,38,7,6,13,0.901754,0.843520,0.843520
random_forest_balanced_ratio_preserved_noise_mcc_selected_v1,random_forest_class_weight_balanced,random_forest,min_samples_leaf,70/30,5,random_flip_10,test,50/50,test,5.000000,True,2264,64,6.665039,42,21,21,0.809524,0.809524,0.882353,0.714286,0.789474,0.630593,19,2,6,15,0.907029,0.904982,0.904982
random_forest_balanced_ratio_preserved_noise_mcc_selected_v1,random_forest_class_weight_balanced,random_forest,min_samples_leaf,70/30,5,random_flip_10,test,60/40,test,5.000000,True,2264,64,6.778739,53,21,32,0.811321,0.794643,0.789474,0.714286,0.750000,0.601027,28,4,6,15,0.898810,0.854017,0.854017
random_forest_balanced_ratio_preserved_noise_mcc_selected_v1,random_forest_class_weight_balanced,random_forest,min_samples_leaf,70/30,5,random_flip_10,test,70/30,test,5.000000,True,2264,64,6.878679,70,21,49,0.857143,0.816327,0.789474,0.714286,0.750000,0.651946,45,4,6,15,0.915452,0.868047,0.868047
random_forest_balanced_ratio_preserved_noise_mcc_selected_v1,random_forest_class_weight_balanced,random_forest,min_samples_leaf,70/30,5,random_flip_10,test,75/25,test,5.000000,True,2264,64,6.990925,84,21,63,0.857143,0.809524,0.714286,0.714286,0.714286,0.619048,57,6,6,15,0.920635,0.835718,0.835718
random_forest_balanced_ratio_preserved_noise_mcc_selected_v1,random_forest_class_weight_balanced,random_forest,min_samples_leaf,70/30,5,random_flip_10,test,80/20,test,5.000000,True,2264,64,7.146633,105,21,84,0.847619,0.797619,0.600000,0.714286,0.652174,0.559017,74,10,6,15,0.883787,0.699371,0.699371
random_forest_balanced_ratio_preserved_noise_mcc_selected_v1,random_forest_class_weight_balanced,random_forest,min_samples_leaf,70/30,5,random_flip_10,test,90/10,test,5.000000,True,2264,64,7.394326,210,21,189,0.880952,0.806878,0.441176,0.714286,0.545455,0.499851,170,19,6,15,0.908289,0.663481,0.663481
random_forest_balanced_ratio_preserved_noise_mcc_selected_v1,random_forest_class_weight_balanced,random_forest,min_samples_leaf,70/30,5,random_flip_20,validation_grid,70/30,valid,1.000000,False,2264,64,5.453715,64,19,45,0.734375,0.583041,0.666667,0.210526,0.320000,0.260325,43,2,15,4,0.787719,0.616656,0.616656
random_forest_balanced_ratio_preserved_noise_mcc_selected_v1,random_forest_class_weight_balanced,random_forest,min_samples_leaf,70/30,5,random_flip_20,validation_grid,70/30,valid,2.000000,False,2264,64,5.905935,64,19,45,0.796875,0.688304,0.800000,0.421053,0.551724,0.473888,43,2,11,8,0.859649,0.770015,0.770015
random_forest_balanced_ratio_preserved_noise_mcc_selected_v1,random_forest_class_weight_balanced,random_forest,min_samples_leaf,70/30,5,random_flip_20,validation_grid,70/30,valid,5.000000,True,2264,64,6.253741,64,19,45,0.812500,0.745029,0.733333,0.578947,0.647059,0.528551,41,4,8,11,0.863158,0.743979,0.743979
random_forest_balanced_ratio_preserved_noise_mcc_selected_v1,random_forest_class_weight_balanced,random_forest,min_samples_leaf,70/30,5,random_flip_20,test,50/50,test,5.000000,True,2264,64,6.347448,42,21,21,0.642857,0.642857,0.800000,0.380952,0.516129,0.335410,19,2,13,8,0.854875,0.840196,0.840196
random_forest_balanced_ratio_preserved_noise_mcc_selected_v1,random_forest_class_weight_balanced,random_forest,min_samples_leaf,70/30,5,random_flip_20,test,60/40,test,5.000000,True,2264,64,6.448673,53,21,32,0.716981,0.659226,0.800000,0.380952,0.516129,0.398103,30,2,13,8,0.869048,0.817908,0.817908
random_forest_balanced_ratio_preserved_noise_mcc_selected_v1,random_forest_class_weight_balanced,random_forest,min_samples_leaf,70/30,5,random_flip_20,test,70/30,test,5.000000,True,2264,64,6.552943,70,21,49,0.800000,0.680272,0.888889,0.380952,0.533333,0.493606,48,1,13,8,0.874636,0.752846,0.752846
random_forest_balanced_ratio_preserved_noise_mcc_selected_v1,random_forest_class_weight_balanced,random_forest,min_samples_leaf,70/30,5,random_flip_20,test,75/25,test,5.000000,True,2264,64,6.661021,84,21,63,0.785714,0.650794,0.615385,0.380952,0.470588,0.361071,58,5,13,8,0.875283,0.685108,0.685108
random_forest_balanced_ratio_preserved_noise_mcc_selected_v1,random_forest_class_weight_balanced,random_forest,min_samples_leaf,70/30,5,random_flip_20,test,80/20,test,5.000000,True,2264,64,6.818078,105,21,84,0.771429,0.625000,0.421053,0.380952,0.400000,0.259755,73,11,13,8,0.820295,0.485169,0.485169
random_forest_balanced_ratio_preserved_noise_mcc_selected_v1,random_forest_class_weight_balanced,random_forest,min_samples_leaf,70/30,5,random_flip_20,test,90/10,test,5.000000,True,2264,64,7.094769,210,21,189,0.866667,0.650794,0.347826,0.380952,0.363636,0.289714,174,15,13,8,0.858907,0.427536,0.427536
random_forest_balanced_ratio_preserved_noise_mcc_selected_v1,random_forest_class_weight_balanced,random_forest,min_samples_leaf,70/30,5,random_fp_10,validation_grid,70/30,valid,1.000000,True,3021,64,6.574967,64,19,45,0.828125,0.771345,0.750000,0.631579,0.685714,0.572604,41,4,7,12,0.871345,0.766860,0.766860
random_forest_balanced_ratio_preserved_noise_mcc_selected_v1,random_forest_class_weight_balanced,random_forest,min_samples_leaf,70/30,5,random_fp_10,validation_grid,70/30,valid,2.000000,False,3021,64,7.215448,64,19,45,0.703125,0.636842,0.500000,0.473684,0.486486,0.278111,36,9,10,9,0.818713,0.698554,0.698554
random_forest_balanced_ratio_preserved_noise_mcc_selected_v1,random_forest_class_weight_balanced,random_forest,min_samples_leaf,70/30,5,random_fp_10,validation_grid,70/30,valid,5.000000,False,3021,64,7.638885,64,19,45,0.796875,0.794737,0.625000,0.789474,0.697674,0.556304,36,9,4,15,0.921637,0.853938,0.853938
random_forest_balanced_ratio_preserved_noise_mcc_selected_v1,random_forest_class_weight_balanced,random_forest,min_samples_leaf,70/30,5,random_fp_10,test,50/50,test,1.000000,True,3021,64,7.728704,42,21,21,0.738095,0.738095,0.857143,0.571429,0.685714,0.505076,19,2,9,12,0.929705,0.924578,0.924578
random_forest_balanced_ratio_preserved_noise_mcc_selected_v1,random_forest_class_weight_balanced,random_forest,min_samples_leaf,70/30,5,random_fp_10,test,60/40,test,1.000000,True,3021,64,7.826008,53,21,32,0.811321,0.770089,0.923077,0.571429,0.705882,0.614073,31,1,9,12,0.892113,0.847275,0.847275
random_forest_balanced_ratio_preserved_noise_mcc_selected_v1,random_forest_class_weight_balanced,random_forest,min_samples_leaf,70/30,5,random_fp_10,test,70/30,test,1.000000,True,3021,64,7.921375,70,21,49,0.842857,0.765306,0.857143,0.571429,0.685714,0.607893,47,2,9,12,0.903790,0.852467,0.852467
random_forest_balanced_ratio_preserved_noise_mcc_selected_v1,random_forest_class_weight_balanced,random_forest,min_samples_leaf,70/30,5,random_fp_10,test,75/25,test,1.000000,True,3021,64,8.021297,84,21,63,0.845238,0.753968,0.750000,0.571429,0.648649,0.560112,59,4,9,12,0.907029,0.781297,0.781297
random_forest_balanced_ratio_preserved_noise_mcc_selected_v1,random_forest_class_weight_balanced,random_forest,min_samples_leaf,70/30,5,random_fp_10,test,80/20,test,1.000000,True,3021,64,8.164786,105,21,84,0.866667,0.755952,0.705882,0.571429,0.631579,0.555869,79,5,9,12,0.886621,0.660989,0.660989
random_forest_balanced_ratio_preserved_noise_mcc_selected_v1,random_forest_class_weight_balanced,random_forest,min_samples_leaf,70/30,5,random_fp_10,test,90/10,test,1.000000,True,3021,64,8.433096,210,21,189,0.895238,0.751323,0.480000,0.571429,0.521739,0.465636,176,13,9,12,0.897329,0.631756,0.631756
random_forest_balanced_ratio_preserved_noise_mcc_selected_v1,random_forest_class_weight_balanced,random_forest,min_samples_leaf,70/30,5,random_fp_20,validation_grid,70/30,valid,1.000000,False,3775,64,7.775766,64,19,45,0.796875,0.718713,0.714286,0.526316,0.606061,0.483437,41,4,9,10,0.887719,0.774382,0.774382
random_forest_balanced_ratio_preserved_noise_mcc_selected_v1,random_forest_class_weight_balanced,random_forest,min_samples_leaf,70/30,5,random_fp_20,validation_grid,70/30,valid,2.000000,False,3775,64,8.563734,64,19,45,0.796875,0.733918,0.687500,0.578947,0.628571,0.493624,40,5,8,11,0.905263,0.826307,0.826307
random_forest_balanced_ratio_preserved_noise_mcc_selected_v1,random_forest_class_weight_balanced,random_forest,min_samples_leaf,70/30,5,random_fp_20,validation_grid,70/30,valid,5.000000,True,3775,64,9.100637,64,19,45,0.781250,0.768421,0.608696,0.736842,0.666667,0.511180,36,9,5,14,0.906433,0.812386,0.812386
random_forest_balanced_ratio_preserved_noise_mcc_selected_v1,random_forest_class_weight_balanced,random_forest,min_samples_leaf,70/30,5,random_fp_20,test,50/50,test,5.000000,True,3775,64,9.190948,42,21,21,0.785714,0.785714,0.875000,0.666667,0.756757,0.588348,19,2,7,14,0.897959,0.910142,0.910142
random_forest_balanced_ratio_preserved_noise_mcc_selected_v1,random_forest_class_weight_balanced,random_forest,min_samples_leaf,70/30,5,random_fp_20,test,60/40,test,5.000000,True,3775,64,9.287451,53,21,32,0.830189,0.802083,0.875000,0.666667,0.756757,0.643696,30,2,7,14,0.863095,0.809530,0.809530
random_forest_balanced_ratio_preserved_noise_mcc_selected_v1,random_forest_class_weight_balanced,random_forest,min_samples_leaf,70/30,5,random_fp_20,test,70/30,test,5.000000,True,3775,64,9.388136,70,21,49,0.828571,0.782313,0.736842,0.666667,0.700000,0.581844,44,5,7,14,0.895044,0.849803,0.849803
random_forest_balanced_ratio_preserved_noise_mcc_selected_v1,random_forest_class_weight_balanced,random_forest,min_samples_leaf,70/30,5,random_fp_20,test,75/25,test,5.000000,True,3775,64,9.505156,84,21,63,0.845238,0.785714,0.700000,0.666667,0.682927,0.580948,57,6,7,14,0.887377,0.793928,0.793928
random_forest_balanced_ratio_preserved_noise_mcc_selected_v1,random_forest_class_weight_balanced,random_forest,min_samples_leaf,70/30,5,random_fp_20,test,80/20,test,5.000000,True,3775,64,9.660290,105,21,84,0.857143,0.785714,0.636364,0.666667,0.651163,0.561644,76,8,7,14,0.863946,0.657531,0.657531
random_forest_balanced_ratio_preserved_noise_mcc_selected_v1,random_forest_class_weight_balanced,random_forest,min_samples_leaf,70/30,5,random_fp_20,test,90/10,test,5.000000,True,3775,64,9.923188,210,21,189,0.861905,0.775132,0.388889,0.666667,0.491228,0.438012,167,22,7,14,0.886369,0.654621,0.654621
random_forest_balanced_ratio_preserved_noise_mcc_selected_v1,random_forest_class_weight_balanced,random_forest,min_samples_leaf,70/30,5,heuristic_fp_10,validation_grid,70/30,valid,1.000000,False,3021,64,6.622725,64,19,45,0.750000,0.761404,0.555556,0.789474,0.652174,0.483662,33,12,4,15,0.911696,0.848158,0.848158
random_forest_balanced_ratio_preserved_noise_mcc_selected_v1,random_forest_class_weight_balanced,random_forest,min_samples_leaf,70/30,5,heuristic_fp_10,validation_grid,70/30,valid,2.000000,True,3021,64,7.218401,64,19,45,0.781250,0.798830,0.592593,0.842105,0.695652,0.552911,34,11,3,16,0.877193,0.769643,0.769643
random_forest_balanced_ratio_preserved_noise_mcc_selected_v1,random_forest_class_weight_balanced,random_forest,min_samples_leaf,70/30,5,heuristic_fp_10,validation_grid,70/30,valid,5.000000,False,3021,64,7.620223,64,19,45,0.781250,0.798830,0.592593,0.842105,0.695652,0.552911,34,11,3,16,0.897076,0.825051,0.825051
random_forest_balanced_ratio_preserved_noise_mcc_selected_v1,random_forest_class_weight_balanced,random_forest,min_samples_leaf,70/30,5,heuristic_fp_10,test,50/50,test,2.000000,True,3021,64,7.716094,42,21,21,0.857143,0.857143,0.894737,0.809524,0.850000,0.717547,19,2,4,17,0.952381,0.942066,0.942066
random_forest_balanced_ratio_preserved_noise_mcc_selected_v1,random_forest_class_weight_balanced,random_forest,min_samples_leaf,70/30,5,heuristic_fp_10,test,60/40,test,2.000000,True,3021,64,7.821686,53,21,32,0.849057,0.842262,0.809524,0.809524,0.809524,0.684524,28,4,4,17,0.925595,0.876938,0.876938
random_forest_balanced_ratio_preserved_noise_mcc_selected_v1,random_forest_class_weight_balanced,random_forest,min_samples_leaf,70/30,5,heuristic_fp_10,test,70/30,test,2.000000,True,3021,64,7.948595,70,21,49,0.857143,0.843537,0.739130,0.809524,0.772727,0.670346,43,6,4,17,0.922255,0.832448,0.832448
random_forest_balanced_ratio_preserved_noise_mcc_selected_v1,random_forest_class_weight_balanced,random_forest,min_samples_leaf,70/30,5,heuristic_fp_10,test,75/25,test,2.000000,True,3021,64,8.065406,84,21,63,0.869048,0.849206,0.708333,0.809524,0.755556,0.669439,56,7,4,17,0.941043,0.834459,0.834459
random_forest_balanced_ratio_preserved_noise_mcc_selected_v1,random_forest_class_weight_balanced,random_forest,min_samples_leaf,70/30,5,heuristic_fp_10,test,80/20,test,2.000000,True,3021,64,8.233896,105,21,84,0.866667,0.845238,0.629630,0.809524,0.708333,0.631930,74,10,4,17,0.914966,0.695417,0.695417
random_forest_balanced_ratio_preserved_noise_mcc_selected_v1,random_forest_class_weight_balanced,random_forest,min_samples_leaf,70/30,5,heuristic_fp_10,test,90/10,test,2.000000,True,3021,64,8.517776,210,21,189,0.866667,0.841270,0.414634,0.809524,0.548387,0.516575,165,24,4,17,0.927186,0.651884,0.651884
random_forest_balanced_ratio_preserved_noise_mcc_selected_v1,random_forest_class_weight_balanced,random_forest,min_samples_leaf,70/30,5,heuristic_fp_20,validation_grid,70/30,valid,1.000000,False,3775,64,7.758450,64,19,45,0.796875,0.794737,0.625000,0.789474,0.697674,0.556304,36,9,4,15,0.854386,0.731865,0.731865
random_forest_balanced_ratio_preserved_noise_mcc_selected_v1,random_forest_class_weight_balanced,random_forest,min_samples_leaf,70/30,5,heuristic_fp_20,validation_grid,70/30,valid,2.000000,False,3775,64,8.421269,64,19,45,0.781250,0.783626,0.600000,0.789474,0.681818,0.531198,35,10,4,15,0.890058,0.765057,0.765057
random_forest_balanced_ratio_preserved_noise_mcc_selected_v1,random_forest_class_weight_balanced,random_forest,min_samples_leaf,70/30,5,heuristic_fp_20,validation_grid,70/30,valid,5.000000,True,3775,64,8.915476,64,19,45,0.796875,0.825146,0.607143,0.894737,0.723404,0.598910,34,11,2,17,0.891228,0.776366,0.776366
random_forest_balanced_ratio_preserved_noise_mcc_selected_v1,random_forest_class_weight_balanced,random_forest,min_samples_leaf,70/30,5,heuristic_fp_20,test,50/50,test,5.000000,True,3775,64,9.001164,42,21,21,0.880952,0.880952,0.900000,0.857143,0.878049,0.762770,19,2,3,18,0.943311,0.920394,0.920394
random_forest_balanced_ratio_preserved_noise_mcc_selected_v1,random_forest_class_weight_balanced,random_forest,min_samples_leaf,70/30,5,heuristic_fp_20,test,60/40,test,5.000000,True,3775,64,9.094299,53,21,32,0.830189,0.834821,0.750000,0.857143,0.800000,0.657996,26,6,3,18,0.915179,0.825853,0.825853
random_forest_balanced_ratio_preserved_noise_mcc_selected_v1,random_forest_class_weight_balanced,random_forest,min_samples_leaf,70/30,5,heuristic_fp_20,test,70/30,test,5.000000,True,3775,64,9.196719,70,21,49,0.814286,0.826531,0.642857,0.857143,0.734694,0.610883,39,10,3,18,0.922255,0.835903,0.835903
random_forest_balanced_ratio_preserved_noise_mcc_selected_v1,random_forest_class_weight_balanced,random_forest,min_samples_leaf,70/30,5,heuristic_fp_20,test,75/25,test,5.000000,True,3775,64,9.298601,84,21,63,0.869048,0.865079,0.692308,0.857143,0.765957,0.683906,55,8,3,18,0.937264,0.829830,0.829830
random_forest_balanced_ratio_preserved_noise_mcc_selected_v1,random_forest_class_weight_balanced,random_forest,min_samples_leaf,70/30,5,heuristic_fp_20,test,80/20,test,5.000000,True,3775,64,9.464248,105,21,84,0.819048,0.833333,0.529412,0.857143,0.654545,0.569888,68,16,3,18,0.911565,0.656625,0.656625
random_forest_balanced_ratio_preserved_noise_mcc_selected_v1,random_forest_class_weight_balanced,random_forest,min_samples_leaf,70/30,5,heuristic_fp_20,test,90/10,test,5.000000,True,3775,64,9.733183,210,21,189,0.819048,0.835979,0.339623,0.857143,0.486486,0.464082,154,35,3,18,0.921895,0.547270,0.547270
random_forest_balanced_ratio_preserved_noise_mcc_selected_v1,random_forest_class_weight_balanced,random_forest,min_samples_leaf,75/25,1,clean,validation_grid,75/25,valid,1.000000,False,2716,76,6.222915,76,19,57,0.828947,0.710526,0.750000,0.473684,0.580645,0.500000,54,3,10,9,0.917821,0.759077,0.759077
random_forest_balanced_ratio_preserved_noise_mcc_selected_v1,random_forest_class_weight_balanced,random_forest,min_samples_leaf,75/25,1,clean,validation_grid,75/25,valid,2.000000,False,2716,76,6.666410,76,19,57,0.828947,0.692982,0.800000,0.421053,0.551724,0.494413,55,2,11,8,0.937211,0.820958,0.820958
random_forest_balanced_ratio_preserved_noise_mcc_selected_v1,random_forest_class_weight_balanced,random_forest,min_samples_leaf,75/25,1,clean,validation_grid,75/25,valid,5.000000,True,2716,76,7.020674,76,19,57,0.855263,0.798246,0.722222,0.684211,0.702703,0.607530,52,5,6,13,0.941828,0.820681,0.820681
random_forest_balanced_ratio_preserved_noise_mcc_selected_v1,random_forest_class_weight_balanced,random_forest,min_samples_leaf,75/25,1,clean,test,50/50,test,5.000000,True,2716,76,7.109953,42,21,21,0.809524,0.809524,0.882353,0.714286,0.789474,0.630593,19,2,6,15,0.897959,0.917252,0.917252
random_forest_balanced_ratio_preserved_noise_mcc_selected_v1,random_forest_class_weight_balanced,random_forest,min_samples_leaf,75/25,1,clean,test,60/40,test,5.000000,True,2716,76,7.205146,53,21,32,0.830189,0.810268,0.833333,0.714286,0.769231,0.640887,29,3,6,15,0.898810,0.882136,0.882136
random_forest_balanced_ratio_preserved_noise_mcc_selected_v1,random_forest_class_weight_balanced,random_forest,min_samples_leaf,75/25,1,clean,test,70/30,test,5.000000,True,2716,76,7.300661,70,21,49,0.828571,0.795918,0.714286,0.714286,0.714286,0.591837,43,6,6,15,0.931973,0.861480,0.861480
random_forest_balanced_ratio_preserved_noise_mcc_selected_v1,random_forest_class_weight_balanced,random_forest,min_samples_leaf,75/25,1,clean,test,75/25,test,5.000000,True,2716,76,7.416134,84,21,63,0.892857,0.833333,0.833333,0.714286,0.769231,0.703526,60,3,6,15,0.937264,0.872700,0.872700
random_forest_balanced_ratio_preserved_noise_mcc_selected_v1,random_forest_class_weight_balanced,random_forest,min_samples_leaf,75/25,1,clean,test,80/20,test,5.000000,True,2716,76,7.551600,105,21,84,0.847619,0.797619,0.600000,0.714286,0.652174,0.559017,74,10,6,15,0.890590,0.642526,0.642526
random_forest_balanced_ratio_preserved_noise_mcc_selected_v1,random_forest_class_weight_balanced,random_forest,min_samples_leaf,75/25,1,clean,test,90/10,test,5.000000,True,2716,76,7.776039,210,21,189,0.885714,0.809524,0.454545,0.714286,0.555556,0.510295,171,18,6,15,0.905896,0.683667,0.683667
random_forest_balanced_ratio_preserved_noise_mcc_selected_v1,random_forest_class_weight_balanced,random_forest,min_samples_leaf,75/25,1,random_flip_10,validation_grid,75/25,valid,1.000000,False,2716,76,6.146124,76,19,57,0.802632,0.622807,0.833333,0.263158,0.400000,0.394405,56,1,14,5,0.907202,0.791591,0.791591
random_forest_balanced_ratio_preserved_noise_mcc_selected_v1,random_forest_class_weight_balanced,random_forest,min_samples_leaf,75/25,1,random_flip_10,validation_grid,75/25,valid,2.000000,False,2716,76,6.669134,76,19,57,0.842105,0.701754,0.888889,0.421053,0.571429,0.540765,56,1,11,8,0.906741,0.810755,0.810755
random_forest_balanced_ratio_preserved_noise_mcc_selected_v1,random_forest_class_weight_balanced,random_forest,min_samples_leaf,75/25,1,random_flip_10,validation_grid,75/25,valid,5.000000,True,2716,76,7.090626,76,19,57,0.894737,0.807018,0.923077,0.631579,0.750000,0.706099,56,1,7,12,0.939058,0.849049,0.849049
random_forest_balanced_ratio_preserved_noise_mcc_selected_v1,random_forest_class_weight_balanced,random_forest,min_samples_leaf,75/25,1,random_flip_10,test,50/50,test,5.000000,True,2716,76,7.179235,42,21,21,0.809524,0.809524,1.000000,0.619048,0.764706,0.669534,21,0,8,13,0.907029,0.929829,0.929829
random_forest_balanced_ratio_preserved_noise_mcc_selected_v1,random_forest_class_weight_balanced,random_forest,min_samples_leaf,75/25,1,random_flip_10,test,60/40,test,5.000000,True,2716,76,7.268943,53,21,32,0.811321,0.778274,0.866667,0.619048,0.722222,0.604296,30,2,8,13,0.849702,0.826283,0.826283
random_forest_balanced_ratio_preserved_noise_mcc_selected_v1,random_forest_class_weight_balanced,random_forest,min_samples_leaf,75/25,1,random_flip_10,test,70/30,test,5.000000,True,2716,76,7.366818,70,21,49,0.871429,0.799320,0.928571,0.619048,0.742857,0.685828,48,1,8,13,0.905734,0.833854,0.833854
random_forest_balanced_ratio_preserved_noise_mcc_selected_v1,random_forest_class_weight_balanced,random_forest,min_samples_leaf,75/25,1,random_flip_10,test,75/25,test,5.000000,True,2716,76,7.474097,84,21,63,0.892857,0.801587,0.928571,0.619048,0.742857,0.700826,62,1,8,13,0.919123,0.851499,0.851499
random_forest_balanced_ratio_preserved_noise_mcc_selected_v1,random_forest_class_weight_balanced,random_forest,min_samples_leaf,75/25,1,random_flip_10,test,80/20,test,5.000000,True,2716,76,7.605340,105,21,84,0.828571,0.750000,0.565217,0.619048,0.590909,0.483558,74,10,8,13,0.875283,0.688861,0.688861
random_forest_balanced_ratio_preserved_noise_mcc_selected_v1,random_forest_class_weight_balanced,random_forest,min_samples_leaf,75/25,1,random_flip_10,test,90/10,test,5.000000,True,2716,76,7.856786,210,21,189,0.900000,0.775132,0.500000,0.619048,0.553191,0.501206,176,13,8,13,0.877173,0.536869,0.536869
random_forest_balanced_ratio_preserved_noise_mcc_selected_v1,random_forest_class_weight_balanced,random_forest,min_samples_leaf,75/25,1,random_flip_20,validation_grid,75/25,valid,1.000000,False,2716,76,6.302666,76,19,57,0.802632,0.605263,1.000000,0.210526,0.347826,0.408248,57,0,15,4,0.796399,0.635592,0.635592
random_forest_balanced_ratio_preserved_noise_mcc_selected_v1,random_forest_class_weight_balanced,random_forest,min_samples_leaf,75/25,1,random_flip_20,validation_grid,75/25,valid,2.000000,False,2716,76,6.834497,76,19,57,0.815789,0.649123,0.857143,0.315789,0.461538,0.446596,56,1,13,6,0.829178,0.687960,0.687960
random_forest_balanced_ratio_preserved_noise_mcc_selected_v1,random_forest_class_weight_balanced,random_forest,min_samples_leaf,75/25,1,random_flip_20,validation_grid,75/25,valid,5.000000,True,2716,76,7.253283,76,19,57,0.815789,0.701754,0.692308,0.473684,0.562500,0.464008,53,4,10,9,0.876270,0.685146,0.685146
random_forest_balanced_ratio_preserved_noise_mcc_selected_v1,random_forest_class_weight_balanced,random_forest,min_samples_leaf,75/25,1,random_flip_20,test,50/50,test,5.000000,True,2716,76,7.338416,42,21,21,0.666667,0.666667,0.888889,0.380952,0.533333,0.406181,20,1,13,8,0.834467,0.866222,0.866222
random_forest_balanced_ratio_preserved_noise_mcc_selected_v1,random_forest_class_weight_balanced,random_forest,min_samples_leaf,75/25,1,random_flip_20,test,60/40,test,5.000000,True,2716,76,7.435096,53,21,32,0.735849,0.674851,0.888889,0.380952,0.533333,0.455550,31,1,13,8,0.816964,0.823845,0.823845
random_forest_balanced_ratio_preserved_noise_mcc_selected_v1,random_forest_class_weight_balanced,random_forest,min_samples_leaf,75/25,1,random_flip_20,test,70/30,test,5.000000,True,2716,76,7.537751,70,21,49,0.771429,0.659864,0.727273,0.380952,0.500000,0.402593,46,3,13,8,0.838678,0.737120,0.737120
random_forest_balanced_ratio_preserved_noise_mcc_selected_v1,random_forest_class_weight_balanced,random_forest,min_samples_leaf,75/25,1,random_flip_20,test,75/25,test,5.000000,True,2716,76,7.646042,84,21,63,0.845238,0.690476,1.000000,0.380952,0.551724,0.561951,63,0,13,8,0.848828,0.783355,0.783355
random_forest_balanced_ratio_preserved_noise_mcc_selected_v1,random_forest_class_weight_balanced,random_forest,min_samples_leaf,75/25,1,random_flip_20,test,80/20,test,5.000000,True,2716,76,7.778919,105,21,84,0.857143,0.678571,0.800000,0.380952,0.516129,0.486664,82,2,13,8,0.842404,0.736439,0.736439
random_forest_balanced_ratio_preserved_noise_mcc_selected_v1,random_forest_class_weight_balanced,random_forest,min_samples_leaf,75/25,1,random_flip_20,test,90/10,test,5.000000,True,2716,76,8.026596,210,21,189,0.909524,0.674603,0.571429,0.380952,0.457143,0.419982,183,6,13,8,0.824263,0.545166,0.545166
random_forest_balanced_ratio_preserved_noise_mcc_selected_v1,random_forest_class_weight_balanced,random_forest,min_samples_leaf,75/25,1,random_fp_10,validation_grid,75/25,valid,1.000000,False,3804,76,7.822027,76,19,57,0.789474,0.596491,0.800000,0.210526,0.333333,0.337068,56,1,15,4,0.897045,0.744182,0.744182
random_forest_balanced_ratio_preserved_noise_mcc_selected_v1,random_forest_class_weight_balanced,random_forest,min_samples_leaf,75/25,1,random_fp_10,validation_grid,75/25,valid,2.000000,False,3804,76,8.550780,76,19,57,0.828947,0.692982,0.800000,0.421053,0.551724,0.494413,55,2,11,8,0.904894,0.768065,0.768065
random_forest_balanced_ratio_preserved_noise_mcc_selected_v1,random_forest_class_weight_balanced,random_forest,min_samples_leaf,75/25,1,random_fp_10,validation_grid,75/25,valid,5.000000,True,3804,76,9.085117,76,19,57,0.815789,0.754386,0.631579,0.631579,0.631579,0.508772,50,7,7,12,0.915051,0.810931,0.810931
random_forest_balanced_ratio_preserved_noise_mcc_selected_v1,random_forest_class_weight_balanced,random_forest,min_samples_leaf,75/25,1,random_fp_10,test,50/50,test,5.000000,True,3804,76,9.171844,42,21,21,0.833333,0.833333,0.937500,0.714286,0.810811,0.686406,20,1,6,15,0.929705,0.944325,0.944325
random_forest_balanced_ratio_preserved_noise_mcc_selected_v1,random_forest_class_weight_balanced,random_forest,min_samples_leaf,75/25,1,random_fp_10,test,60/40,test,5.000000,True,3804,76,9.263273,53,21,32,0.811321,0.794643,0.789474,0.714286,0.750000,0.601027,28,4,6,15,0.916667,0.897995,0.897995
random_forest_balanced_ratio_preserved_noise_mcc_selected_v1,random_forest_class_weight_balanced,random_forest,min_samples_leaf,75/25,1,random_fp_10,test,70/30,test,5.000000,True,3804,76,9.359101,70,21,49,0.857143,0.816327,0.789474,0.714286,0.750000,0.651946,45,4,6,15,0.932945,0.853817,0.853817
random_forest_balanced_ratio_preserved_noise_mcc_selected_v1,random_forest_class_weight_balanced,random_forest,min_samples_leaf,75/25,1,random_fp_10,test,75/25,test,5.000000,True,3804,76,9.464887,84,21,63,0.916667,0.849206,0.937500,0.714286,0.810811,0.770154,62,1,6,15,0.946334,0.890099,0.890099
random_forest_balanced_ratio_preserved_noise_mcc_selected_v1,random_forest_class_weight_balanced,random_forest,min_samples_leaf,75/25,1,random_fp_10,test,80/20,test,5.000000,True,3804,76,9.611666,105,21,84,0.857143,0.803571,0.625000,0.714286,0.666667,0.578352,75,9,6,15,0.909864,0.716086,0.716086
random_forest_balanced_ratio_preserved_noise_mcc_selected_v1,random_forest_class_weight_balanced,random_forest,min_samples_leaf,75/25,1,random_fp_10,test,90/10,test,5.000000,True,3804,76,9.854141,210,21,189,0.880952,0.806878,0.441176,0.714286,0.545455,0.499851,170,19,6,15,0.912698,0.685686,0.685686
random_forest_balanced_ratio_preserved_noise_mcc_selected_v1,random_forest_class_weight_balanced,random_forest,min_samples_leaf,75/25,1,random_fp_20,validation_grid,75/25,valid,1.000000,False,4892,76,9.409402,76,19,57,0.815789,0.684211,0.727273,0.421053,0.533333,0.453425,54,3,11,8,0.918283,0.753414,0.753414
random_forest_balanced_ratio_preserved_noise_mcc_selected_v1,random_forest_class_weight_balanced,random_forest,min_samples_leaf,75/25,1,random_fp_20,validation_grid,75/25,valid,2.000000,False,4892,76,10.503419,76,19,57,0.815789,0.684211,0.727273,0.421053,0.533333,0.453425,54,3,11,8,0.914127,0.783549,0.783549
random_forest_balanced_ratio_preserved_noise_mcc_selected_v1,random_forest_class_weight_balanced,random_forest,min_samples_leaf,75/25,1,random_fp_20,validation_grid,75/25,valid,5.000000,True,4892,76,11.263326,76,19,57,0.855263,0.763158,0.785714,0.578947,0.666667,0.587896,54,3,8,11,0.947368,0.844179,0.844179
random_forest_balanced_ratio_preserved_noise_mcc_selected_v1,random_forest_class_weight_balanced,random_forest,min_samples_leaf,75/25,1,random_fp_20,test,50/50,test,5.000000,True,4892,76,11.347746,42,21,21,0.785714,0.785714,1.000000,0.571429,0.727273,0.632456,21,0,9,12,0.895692,0.927628,0.927628
random_forest_balanced_ratio_preserved_noise_mcc_selected_v1,random_forest_class_weight_balanced,random_forest,min_samples_leaf,75/25,1,random_fp_20,test,60/40,test,5.000000,True,4892,76,11.448017,53,21,32,0.792453,0.754464,0.857143,0.571429,0.685714,0.564606,30,2,9,12,0.860119,0.861973,0.861973
random_forest_balanced_ratio_preserved_noise_mcc_selected_v1,random_forest_class_weight_balanced,random_forest,min_samples_leaf,75/25,1,random_fp_20,test,70/30,test,5.000000,True,4892,76,11.547120,70,21,49,0.828571,0.755102,0.800000,0.571429,0.666667,0.569803,46,3,9,12,0.889213,0.835650,0.835650
random_forest_balanced_ratio_preserved_noise_mcc_selected_v1,random_forest_class_weight_balanced,random_forest,min_samples_leaf,75/25,1,random_fp_20,test,75/25,test,5.000000,True,4892,76,11.650316,84,21,63,0.880952,0.777778,0.923077,0.571429,0.705882,0.665130,62,1,9,12,0.908541,0.856718,0.856718
random_forest_balanced_ratio_preserved_noise_mcc_selected_v1,random_forest_class_weight_balanced,random_forest,min_samples_leaf,75/25,1,random_fp_20,test,80/20,test,5.000000,True,4892,76,11.781554,105,21,84,0.847619,0.744048,0.631579,0.571429,0.600000,0.507140,77,7,9,12,0.871882,0.662273,0.662273
random_forest_balanced_ratio_preserved_noise_mcc_selected_v1,random_forest_class_weight_balanced,random_forest,min_samples_leaf,75/25,1,random_fp_20,test,90/10,test,5.000000,True,4892,76,12.032996,210,21,189,0.895238,0.751323,0.480000,0.571429,0.521739,0.465636,176,13,9,12,0.875661,0.653505,0.653505
random_forest_balanced_ratio_preserved_noise_mcc_selected_v1,random_forest_class_weight_balanced,random_forest,min_samples_leaf,75/25,1,heuristic_fp_10,validation_grid,75/25,valid,1.000000,False,3804,76,7.607978,76,19,57,0.868421,0.807018,0.764706,0.684211,0.722222,0.638053,53,4,6,13,0.916436,0.776447,0.776447
random_forest_balanced_ratio_preserved_noise_mcc_selected_v1,random_forest_class_weight_balanced,random_forest,min_samples_leaf,75/25,1,heuristic_fp_10,validation_grid,75/25,valid,2.000000,False,3804,76,8.243259,76,19,57,0.842105,0.754386,0.733333,0.578947,0.647059,0.553512,53,4,8,11,0.914127,0.786036,0.786036
random_forest_balanced_ratio_preserved_noise_mcc_selected_v1,random_forest_class_weight_balanced,random_forest,min_samples_leaf,75/25,1,heuristic_fp_10,validation_grid,75/25,valid,5.000000,True,3804,76,8.689887,76,19,57,0.881579,0.850877,0.750000,0.789474,0.769231,0.690066,52,5,4,15,0.928901,0.776744,0.776744
random_forest_balanced_ratio_preserved_noise_mcc_selected_v1,random_forest_class_weight_balanced,random_forest,min_samples_leaf,75/25,1,heuristic_fp_10,test,50/50,test,5.000000,True,3804,76,8.778826,42,21,21,0.809524,0.809524,0.842105,0.761905,0.800000,0.621874,18,3,5,16,0.934240,0.938892,0.938892
random_forest_balanced_ratio_preserved_noise_mcc_selected_v1,random_forest_class_weight_balanced,random_forest,min_samples_leaf,75/25,1,heuristic_fp_10,test,60/40,test,5.000000,True,3804,76,8.873027,53,21,32,0.849057,0.834077,0.842105,0.761905,0.800000,0.681468,29,3,5,16,0.944940,0.920859,0.920859
random_forest_balanced_ratio_preserved_noise_mcc_selected_v1,random_forest_class_weight_balanced,random_forest,min_samples_leaf,75/25,1,heuristic_fp_10,test,70/30,test,5.000000,True,3804,76,8.969133,70,21,49,0.842857,0.819728,0.727273,0.761905,0.744186,0.631228,43,6,5,16,0.943635,0.865575,0.865575
random_forest_balanced_ratio_preserved_noise_mcc_selected_v1,random_forest_class_weight_balanced,random_forest,min_samples_leaf,75/25,1,heuristic_fp_10,test,75/25,test,5.000000,True,3804,76,9.073631,84,21,63,0.880952,0.841270,0.761905,0.761905,0.761905,0.682540,58,5,5,16,0.962963,0.916005,0.916005
random_forest_balanced_ratio_preserved_noise_mcc_selected_v1,random_forest_class_weight_balanced,random_forest,min_samples_leaf,75/25,1,heuristic_fp_10,test,80/20,test,5.000000,True,3804,76,9.216291,105,21,84,0.847619,0.815476,0.592593,0.761905,0.666667,0.577453,73,11,5,16,0.935374,0.774272,0.774272
random_forest_balanced_ratio_preserved_noise_mcc_selected_v1,random_forest_class_weight_balanced,random_forest,min_samples_leaf,75/25,1,heuristic_fp_10,test,90/10,test,5.000000,True,3804,76,9.440629,210,21,189,0.852381,0.812169,0.380952,0.761905,0.507937,0.468254,163,26,5,16,0.928823,0.651826,0.651826
random_forest_balanced_ratio_preserved_noise_mcc_selected_v1,random_forest_class_weight_balanced,random_forest,min_samples_leaf,75/25,1,heuristic_fp_20,validation_grid,75/25,valid,1.000000,True,4892,76,9.431555,76,19,57,0.855263,0.815789,0.700000,0.736842,0.717949,0.621059,51,6,5,14,0.904432,0.708126,0.708126
random_forest_balanced_ratio_preserved_noise_mcc_selected_v1,random_forest_class_weight_balanced,random_forest,min_samples_leaf,75/25,1,heuristic_fp_20,validation_grid,75/25,valid,2.000000,False,4892,76,10.291373,76,19,57,0.802632,0.763158,0.590909,0.684211,0.634146,0.502519,48,9,6,13,0.898430,0.743092,0.743092
random_forest_balanced_ratio_preserved_noise_mcc_selected_v1,random_forest_class_weight_balanced,random_forest,min_samples_leaf,75/25,1,heuristic_fp_20,validation_grid,75/25,valid,5.000000,False,4892,76,10.901172,76,19,57,0.815789,0.824561,0.592593,0.842105,0.695652,0.587302,46,11,3,16,0.917821,0.778671,0.778671
random_forest_balanced_ratio_preserved_noise_mcc_selected_v1,random_forest_class_weight_balanced,random_forest,min_samples_leaf,75/25,1,heuristic_fp_20,test,50/50,test,1.000000,True,4892,76,10.988484,42,21,21,0.761905,0.761905,0.823529,0.666667,0.736842,0.533578,18,3,7,14,0.929705,0.930984,0.930984
random_forest_balanced_ratio_preserved_noise_mcc_selected_v1,random_forest_class_weight_balanced,random_forest,min_samples_leaf,75/25,1,heuristic_fp_20,test,60/40,test,1.000000,True,4892,76,11.078652,53,21,32,0.849057,0.817708,0.933333,0.666667,0.777778,0.689931,31,1,7,14,0.957589,0.922150,0.922150
random_forest_balanced_ratio_preserved_noise_mcc_selected_v1,random_forest_class_weight_balanced,random_forest,min_samples_leaf,75/25,1,heuristic_fp_20,test,70/30,test,1.000000,True,4892,76,11.172787,70,21,49,0.828571,0.782313,0.736842,0.666667,0.700000,0.581844,44,5,7,14,0.934402,0.837159,0.837159
random_forest_balanced_ratio_preserved_noise_mcc_selected_v1,random_forest_class_weight_balanced,random_forest,min_samples_leaf,75/25,1,heuristic_fp_20,test,75/25,test,1.000000,True,4892,76,11.274730,84,21,63,0.880952,0.809524,0.823529,0.666667,0.736842,0.667179,60,3,7,14,0.957294,0.883451,0.883451
random_forest_balanced_ratio_preserved_noise_mcc_selected_v1,random_forest_class_weight_balanced,random_forest,min_samples_leaf,75/25,1,heuristic_fp_20,test,80/20,test,1.000000,True,4892,76,11.403105,105,21,84,0.876190,0.797619,0.700000,0.666667,0.682927,0.606339,78,6,7,14,0.939626,0.787543,0.787543
random_forest_balanced_ratio_preserved_noise_mcc_selected_v1,random_forest_class_weight_balanced,random_forest,min_samples_leaf,75/25,1,heuristic_fp_20,test,90/10,test,1.000000,True,4892,76,11.622763,210,21,189,0.885714,0.788360,0.451613,0.666667,0.538462,0.487751,172,17,7,14,0.938524,0.618852,0.618852
random_forest_balanced_ratio_preserved_noise_mcc_selected_v1,random_forest_class_weight_balanced,random_forest,min_samples_leaf,75/25,2,clean,validation_grid,75/25,valid,1.000000,True,2716,76,6.024445,76,19,57,0.881579,0.763158,1.000000,0.526316,0.689655,0.674200,57,0,9,10,0.929363,0.842479,0.842479
random_forest_balanced_ratio_preserved_noise_mcc_selected_v1,random_forest_class_weight_balanced,random_forest,min_samples_leaf,75/25,2,clean,validation_grid,75/25,valid,2.000000,False,2716,76,6.531701,76,19,57,0.842105,0.701754,0.888889,0.421053,0.571429,0.540765,56,1,11,8,0.912281,0.799839,0.799839
random_forest_balanced_ratio_preserved_noise_mcc_selected_v1,random_forest_class_weight_balanced,random_forest,min_samples_leaf,75/25,2,clean,validation_grid,75/25,valid,5.000000,False,2716,76,7.035217,76,19,57,0.842105,0.771930,0.705882,0.631579,0.666667,0.565133,52,5,7,12,0.928901,0.854670,0.854670
random_forest_balanced_ratio_preserved_noise_mcc_selected_v1,random_forest_class_weight_balanced,random_forest,min_samples_leaf,75/25,2,clean,test,50/50,test,1.000000,True,2716,76,7.161411,42,21,21,0.809524,0.809524,1.000000,0.619048,0.764706,0.669534,21,0,8,13,0.924036,0.935459,0.935459
random_forest_balanced_ratio_preserved_noise_mcc_selected_v1,random_forest_class_weight_balanced,random_forest,min_samples_leaf,75/25,2,clean,test,60/40,test,1.000000,True,2716,76,7.262063,53,21,32,0.811321,0.778274,0.866667,0.619048,0.722222,0.604296,30,2,8,13,0.919643,0.900388,0.900388
random_forest_balanced_ratio_preserved_noise_mcc_selected_v1,random_forest_class_weight_balanced,random_forest,min_samples_leaf,75/25,2,clean,test,70/30,test,1.000000,True,2716,76,7.417062,70,21,49,0.842857,0.778912,0.812500,0.619048,0.702703,0.608762,46,3,8,13,0.896016,0.809944,0.809944
random_forest_balanced_ratio_preserved_noise_mcc_selected_v1,random_forest_class_weight_balanced,random_forest,min_samples_leaf,75/25,2,clean,test,75/25,test,1.000000,True,2716,76,7.550573,84,21,63,0.880952,0.793651,0.866667,0.619048,0.722222,0.664004,61,2,8,13,0.884732,0.759472,0.759472
random_forest_balanced_ratio_preserved_noise_mcc_selected_v1,random_forest_class_weight_balanced,random_forest,min_samples_leaf,75/25,2,clean,test,80/20,test,1.000000,True,2716,76,7.692740,105,21,84,0.904762,0.797619,0.866667,0.619048,0.722222,0.680414,82,2,8,13,0.914683,0.786273,0.786273
random_forest_balanced_ratio_preserved_noise_mcc_selected_v1,random_forest_class_weight_balanced,random_forest,min_samples_leaf,75/25,2,clean,test,90/10,test,1.000000,True,2716,76,7.921297,210,21,189,0.909524,0.780423,0.541667,0.619048,0.577778,0.528838,178,11,8,13,0.908289,0.637305,0.637305
random_forest_balanced_ratio_preserved_noise_mcc_selected_v1,random_forest_class_weight_balanced,random_forest,min_samples_leaf,75/25,2,random_flip_10,validation_grid,75/25,valid,1.000000,False,2716,76,6.127212,76,19,57,0.828947,0.675439,0.875000,0.368421,0.518519,0.495074,56,1,12,7,0.905817,0.776863,0.776863
random_forest_balanced_ratio_preserved_noise_mcc_selected_v1,random_forest_class_weight_balanced,random_forest,min_samples_leaf,75/25,2,random_flip_10,validation_grid,75/25,valid,2.000000,False,2716,76,6.603985,76,19,57,0.842105,0.701754,0.888889,0.421053,0.571429,0.540765,56,1,11,8,0.921514,0.824331,0.824331
random_forest_balanced_ratio_preserved_noise_mcc_selected_v1,random_forest_class_weight_balanced,random_forest,min_samples_leaf,75/25,2,random_flip_10,validation_grid,75/25,valid,5.000000,True,2716,76,6.976568,76,19,57,0.842105,0.754386,0.733333,0.578947,0.647059,0.553512,53,4,8,11,0.930748,0.818718,0.818718
random_forest_balanced_ratio_preserved_noise_mcc_selected_v1,random_forest_class_weight_balanced,random_forest,min_samples_leaf,75/25,2,random_flip_10,test,50/50,test,5.000000,True,2716,76,7.090489,42,21,21,0.761905,0.761905,0.923077,0.571429,0.705882,0.566529,20,1,9,12,0.875283,0.909747,0.909747
random_forest_balanced_ratio_preserved_noise_mcc_selected_v1,random_forest_class_weight_balanced,random_forest,min_samples_leaf,75/25,2,random_flip_10,test,60/40,test,5.000000,True,2716,76,7.181374,53,21,32,0.811321,0.770089,0.923077,0.571429,0.705882,0.614073,31,1,9,12,0.901786,0.882566,0.882566
random_forest_balanced_ratio_preserved_noise_mcc_selected_v1,random_forest_class_weight_balanced,random_forest,min_samples_leaf,75/25,2,random_flip_10,test,70/30,test,5.000000,True,2716,76,7.313709,70,21,49,0.800000,0.734694,0.705882,0.571429,0.631579,0.501623,44,5,9,12,0.840622,0.697168,0.697168
random_forest_balanced_ratio_preserved_noise_mcc_selected_v1,random_forest_class_weight_balanced,random_forest,min_samples_leaf,75/25,2,random_flip_10,test,75/25,test,5.000000,True,2716,76,7.435783,84,21,63,0.845238,0.753968,0.750000,0.571429,0.648649,0.560112,59,4,9,12,0.842026,0.701806,0.701806
random_forest_balanced_ratio_preserved_noise_mcc_selected_v1,random_forest_class_weight_balanced,random_forest,min_samples_leaf,75/25,2,random_flip_10,test,80/20,test,5.000000,True,2716,76,7.551395,105,21,84,0.866667,0.755952,0.705882,0.571429,0.631579,0.555869,79,5,9,12,0.885488,0.747950,0.747950
random_forest_balanced_ratio_preserved_noise_mcc_selected_v1,random_forest_class_weight_balanced,random_forest,min_samples_leaf,75/25,2,random_flip_10,test,90/10,test,5.000000,True,2716,76,7.763458,210,21,189,0.871429,0.738095,0.400000,0.571429,0.470588,0.408248,171,18,9,12,0.870496,0.511908,0.511908
random_forest_balanced_ratio_preserved_noise_mcc_selected_v1,random_forest_class_weight_balanced,random_forest,min_samples_leaf,75/25,2,random_flip_20,validation_grid,75/25,valid,1.000000,False,2716,76,6.200929,76,19,57,0.802632,0.605263,1.000000,0.210526,0.347826,0.408248,57,0,15,4,0.869806,0.730432,0.730432
random_forest_balanced_ratio_preserved_noise_mcc_selected_v1,random_forest_class_weight_balanced,random_forest,min_samples_leaf,75/25,2,random_flip_20,validation_grid,75/25,valid,2.000000,False,2716,76,6.764799,76,19,57,0.802632,0.605263,1.000000,0.210526,0.347826,0.408248,57,0,15,4,0.921514,0.789721,0.789721
random_forest_balanced_ratio_preserved_noise_mcc_selected_v1,random_forest_class_weight_balanced,random_forest,min_samples_leaf,75/25,2,random_flip_20,validation_grid,75/25,valid,5.000000,True,2716,76,7.164882,76,19,57,0.828947,0.675439,0.875000,0.368421,0.518519,0.495074,56,1,12,7,0.916898,0.812439,0.812439
random_forest_balanced_ratio_preserved_noise_mcc_selected_v1,random_forest_class_weight_balanced,random_forest,min_samples_leaf,75/25,2,random_flip_20,test,50/50,test,5.000000,True,2716,76,7.282175,42,21,21,0.666667,0.666667,1.000000,0.333333,0.500000,0.447214,21,0,14,7,0.839002,0.874563,0.874563
random_forest_balanced_ratio_preserved_noise_mcc_selected_v1,random_forest_class_weight_balanced,random_forest,min_samples_leaf,75/25,2,random_flip_20,test,60/40,test,5.000000,True,2716,76,7.368862,53,21,32,0.735849,0.666667,1.000000,0.333333,0.500000,0.481543,32,0,14,7,0.864583,0.841889,0.841889
random_forest_balanced_ratio_preserved_noise_mcc_selected_v1,random_forest_class_weight_balanced,random_forest,min_samples_leaf,75/25,2,random_flip_20,test,70/30,test,5.000000,True,2716,76,7.489373,70,21,49,0.785714,0.656463,0.875000,0.333333,0.482759,0.450721,48,1,14,7,0.834791,0.734630,0.734630
random_forest_balanced_ratio_preserved_noise_mcc_selected_v1,random_forest_class_weight_balanced,random_forest,min_samples_leaf,75/25,2,random_flip_20,test,75/25,test,5.000000,True,2716,76,7.598250,84,21,63,0.785714,0.634921,0.636364,0.333333,0.437500,0.346362,59,4,14,7,0.808768,0.632120,0.632120
random_forest_balanced_ratio_preserved_noise_mcc_selected_v1,random_forest_class_weight_balanced,random_forest,min_samples_leaf,75/25,2,random_flip_20,test,80/20,test,5.000000,True,2716,76,7.727854,105,21,84,0.847619,0.654762,0.777778,0.333333,0.466667,0.442269,82,2,14,7,0.859977,0.669701,0.669701
random_forest_balanced_ratio_preserved_noise_mcc_selected_v1,random_forest_class_weight_balanced,random_forest,min_samples_leaf,75/25,2,random_flip_20,test,90/10,test,5.000000,True,2716,76,7.937841,210,21,189,0.900000,0.648148,0.500000,0.333333,0.400000,0.356348,182,7,14,7,0.837743,0.496327,0.496327
random_forest_balanced_ratio_preserved_noise_mcc_selected_v1,random_forest_class_weight_balanced,random_forest,min_samples_leaf,75/25,2,random_fp_10,validation_grid,75/25,valid,1.000000,False,3804,76,7.534727,76,19,57,0.842105,0.701754,0.888889,0.421053,0.571429,0.540765,56,1,11,8,0.921976,0.791615,0.791615
random_forest_balanced_ratio_preserved_noise_mcc_selected_v1,random_forest_class_weight_balanced,random_forest,min_samples_leaf,75/25,2,random_fp_10,validation_grid,75/25,valid,2.000000,True,3804,76,8.313008,76,19,57,0.868421,0.736842,1.000000,0.473684,0.642857,0.634811,57,0,10,9,0.931671,0.858966,0.858966
random_forest_balanced_ratio_preserved_noise_mcc_selected_v1,random_forest_class_weight_balanced,random_forest,min_samples_leaf,75/25,2,random_fp_10,validation_grid,75/25,valid,5.000000,False,3804,76,8.831991,76,19,57,0.868421,0.789474,0.800000,0.631579,0.705882,0.629858,54,3,7,12,0.927054,0.830267,0.830267
random_forest_balanced_ratio_preserved_noise_mcc_selected_v1,random_forest_class_weight_balanced,random_forest,min_samples_leaf,75/25,2,random_fp_10,test,50/50,test,2.000000,True,3804,76,8.940877,42,21,21,0.738095,0.738095,1.000000,0.476190,0.645161,0.559017,21,0,11,10,0.863946,0.905138,0.905138
random_forest_balanced_ratio_preserved_noise_mcc_selected_v1,random_forest_class_weight_balanced,random_forest,min_samples_leaf,75/25,2,random_fp_10,test,60/40,test,2.000000,True,3804,76,9.036202,53,21,32,0.792453,0.738095,1.000000,0.476190,0.645161,0.595293,32,0,11,10,0.892857,0.885750,0.885750
random_forest_balanced_ratio_preserved_noise_mcc_selected_v1,random_forest_class_weight_balanced,random_forest,min_samples_leaf,75/25,2,random_fp_10,test,70/30,test,2.000000,True,3804,76,9.159540,70,21,49,0.785714,0.697279,0.714286,0.476190,0.571429,0.452023,45,4,11,10,0.845481,0.712268,0.712268
random_forest_balanced_ratio_preserved_noise_mcc_selected_v1,random_forest_class_weight_balanced,random_forest,min_samples_leaf,75/25,2,random_fp_10,test,75/25,test,2.000000,True,3804,76,9.267047,84,21,63,0.857143,0.730159,0.909091,0.476190,0.625000,0.590853,62,1,11,10,0.829932,0.727940,0.727940
random_forest_balanced_ratio_preserved_noise_mcc_selected_v1,random_forest_class_weight_balanced,random_forest,min_samples_leaf,75/25,2,random_fp_10,test,80/20,test,2.000000,True,3804,76,9.374124,105,21,84,0.876190,0.726190,0.833333,0.476190,0.606061,0.568750,82,2,11,10,0.867347,0.730501,0.730501
random_forest_balanced_ratio_preserved_noise_mcc_selected_v1,random_forest_class_weight_balanced,random_forest,min_samples_leaf,75/25,2,random_fp_10,test,90/10,test,2.000000,True,3804,76,9.576537,210,21,189,0.923810,0.724868,0.666667,0.476190,0.555556,0.523884,184,5,11,10,0.868481,0.641547,0.641547
random_forest_balanced_ratio_preserved_noise_mcc_selected_v1,random_forest_class_weight_balanced,random_forest,min_samples_leaf,75/25,2,random_fp_20,validation_grid,75/25,valid,1.000000,False,4892,76,9.142988,76,19,57,0.828947,0.675439,0.875000,0.368421,0.518519,0.495074,56,1,12,7,0.932133,0.824558,0.824558
random_forest_balanced_ratio_preserved_noise_mcc_selected_v1,random_forest_class_weight_balanced,random_forest,min_samples_leaf,75/25,2,random_fp_20,validation_grid,75/25,valid,2.000000,False,4892,76,10.232857,76,19,57,0.868421,0.736842,1.000000,0.473684,0.642857,0.634811,57,0,10,9,0.912281,0.804235,0.804235
random_forest_balanced_ratio_preserved_noise_mcc_selected_v1,random_forest_class_weight_balanced,random_forest,min_samples_leaf,75/25,2,random_fp_20,validation_grid,75/25,valid,5.000000,True,4892,76,11.080979,76,19,57,0.881579,0.798246,0.857143,0.631579,0.727273,0.666283,55,2,7,12,0.950139,0.887403,0.887403
random_forest_balanced_ratio_preserved_noise_mcc_selected_v1,random_forest_class_weight_balanced,random_forest,min_samples_leaf,75/25,2,random_fp_20,test,50/50,test,5.000000,True,4892,76,11.186553,42,21,21,0.761905,0.761905,0.866667,0.619048,0.722222,0.546594,19,2,8,13,0.843537,0.865893,0.865893
random_forest_balanced_ratio_preserved_noise_mcc_selected_v1,random_forest_class_weight_balanced,random_forest,min_samples_leaf,75/25,2,random_fp_20,test,60/40,test,5.000000,True,4892,76,11.285120,53,21,32,0.792453,0.762649,0.812500,0.619048,0.702703,0.559666,29,3,8,13,0.867560,0.852534,0.852534
random_forest_balanced_ratio_preserved_noise_mcc_selected_v1,random_forest_class_weight_balanced,random_forest,min_samples_leaf,75/25,2,random_fp_20,test,70/30,test,5.000000,True,4892,76,11.435199,70,21,49,0.771429,0.727891,0.619048,0.619048,0.619048,0.455782,41,8,8,13,0.844509,0.748722,0.748722
random_forest_balanced_ratio_preserved_noise_mcc_selected_v1,random_forest_class_weight_balanced,random_forest,min_samples_leaf,75/25,2,random_fp_20,test,75/25,test,5.000000,True,4892,76,11.571240,84,21,63,0.821429,0.753968,0.650000,0.619048,0.634146,0.516398,56,7,8,13,0.829932,0.685746,0.685746
random_forest_balanced_ratio_preserved_noise_mcc_selected_v1,random_forest_class_weight_balanced,random_forest,min_samples_leaf,75/25,2,random_fp_20,test,80/20,test,5.000000,True,4892,76,11.710093,105,21,84,0.866667,0.773810,0.684211,0.619048,0.650000,0.568986,78,6,8,13,0.869048,0.714751,0.714751
random_forest_balanced_ratio_preserved_noise_mcc_selected_v1,random_forest_class_weight_balanced,random_forest,min_samples_leaf,75/25,2,random_fp_20,test,90/10,test,5.000000,True,4892,76,11.932380,210,21,189,0.904762,0.777778,0.520000,0.619048,0.565217,0.514650,177,12,8,13,0.869237,0.596493,0.596493
random_forest_balanced_ratio_preserved_noise_mcc_selected_v1,random_forest_class_weight_balanced,random_forest,min_samples_leaf,75/25,2,heuristic_fp_10,validation_grid,75/25,valid,1.000000,True,3804,76,7.638595,76,19,57,0.894737,0.824561,0.866667,0.684211,0.764706,0.706205,55,2,6,13,0.929825,0.853743,0.853743
random_forest_balanced_ratio_preserved_noise_mcc_selected_v1,random_forest_class_weight_balanced,random_forest,min_samples_leaf,75/25,2,heuristic_fp_10,validation_grid,75/25,valid,2.000000,False,3804,76,8.243704,76,19,57,0.855263,0.798246,0.722222,0.684211,0.702703,0.607530,52,5,6,13,0.925208,0.835884,0.835884
random_forest_balanced_ratio_preserved_noise_mcc_selected_v1,random_forest_class_weight_balanced,random_forest,min_samples_leaf,75/25,2,heuristic_fp_10,validation_grid,75/25,valid,5.000000,False,3804,76,8.714034,76,19,57,0.855263,0.833333,0.681818,0.789474,0.731707,0.636524,50,7,4,15,0.948292,0.899637,0.899637
random_forest_balanced_ratio_preserved_noise_mcc_selected_v1,random_forest_class_weight_balanced,random_forest,min_samples_leaf,75/25,2,heuristic_fp_10,test,50/50,test,1.000000,True,3804,76,8.812773,42,21,21,0.809524,0.809524,0.882353,0.714286,0.789474,0.630593,19,2,6,15,0.937642,0.923546,0.923546
random_forest_balanced_ratio_preserved_noise_mcc_selected_v1,random_forest_class_weight_balanced,random_forest,min_samples_leaf,75/25,2,heuristic_fp_10,test,60/40,test,1.000000,True,3804,76,8.902756,53,21,32,0.811321,0.794643,0.789474,0.714286,0.750000,0.601027,28,4,6,15,0.911458,0.863615,0.863615
random_forest_balanced_ratio_preserved_noise_mcc_selected_v1,random_forest_class_weight_balanced,random_forest,min_samples_leaf,75/25,2,heuristic_fp_10,test,70/30,test,1.000000,True,3804,76,9.026795,70,21,49,0.828571,0.795918,0.714286,0.714286,0.714286,0.591837,43,6,6,15,0.901846,0.780036,0.780036
random_forest_balanced_ratio_preserved_noise_mcc_selected_v1,random_forest_class_weight_balanced,random_forest,min_samples_leaf,75/25,2,heuristic_fp_10,test,75/25,test,1.000000,True,3804,76,9.143746,84,21,63,0.833333,0.793651,0.652174,0.714286,0.681818,0.570312,55,8,6,15,0.911565,0.783418,0.783418
random_forest_balanced_ratio_preserved_noise_mcc_selected_v1,random_forest_class_weight_balanced,random_forest,min_samples_leaf,75/25,2,heuristic_fp_10,test,80/20,test,1.000000,True,3804,76,9.255633,105,21,84,0.876190,0.815476,0.681818,0.714286,0.697674,0.620148,77,7,6,15,0.936791,0.787669,0.787669
random_forest_balanced_ratio_preserved_noise_mcc_selected_v1,random_forest_class_weight_balanced,random_forest,min_samples_leaf,75/25,2,heuristic_fp_10,test,90/10,test,1.000000,True,3804,76,9.451778,210,21,189,0.885714,0.809524,0.454545,0.714286,0.555556,0.510295,171,18,6,15,0.929201,0.616057,0.616057
random_forest_balanced_ratio_preserved_noise_mcc_selected_v1,random_forest_class_weight_balanced,random_forest,min_samples_leaf,75/25,2,heuristic_fp_20,validation_grid,75/25,valid,1.000000,False,4892,76,8.985491,76,19,57,0.828947,0.763158,0.666667,0.631579,0.648649,0.536056,51,6,7,12,0.924746,0.809770,0.809770
random_forest_balanced_ratio_preserved_noise_mcc_selected_v1,random_forest_class_weight_balanced,random_forest,min_samples_leaf,75/25,2,heuristic_fp_20,validation_grid,75/25,valid,2.000000,True,4892,76,9.854391,76,19,57,0.881579,0.850877,0.750000,0.789474,0.769231,0.690066,52,5,4,15,0.932595,0.868764,0.868764
random_forest_balanced_ratio_preserved_noise_mcc_selected_v1,random_forest_class_weight_balanced,random_forest,min_samples_leaf,75/25,2,heuristic_fp_20,validation_grid,75/25,valid,5.000000,False,4892,76,10.511936,76,19,57,0.842105,0.842105,0.640000,0.842105,0.727273,0.630593,48,9,3,16,0.936288,0.845783,0.845783
random_forest_balanced_ratio_preserved_noise_mcc_selected_v1,random_forest_class_weight_balanced,random_forest,min_samples_leaf,75/25,2,heuristic_fp_20,test,50/50,test,2.000000,True,4892,76,10.625634,42,21,21,0.785714,0.785714,0.833333,0.714286,0.769231,0.577350,18,3,6,15,0.922902,0.919037,0.919037
random_forest_balanced_ratio_preserved_noise_mcc_selected_v1,random_forest_class_weight_balanced,random_forest,min_samples_leaf,75/25,2,heuristic_fp_20,test,60/40,test,2.000000,True,4892,76,10.722862,53,21,32,0.811321,0.794643,0.789474,0.714286,0.750000,0.601027,28,4,6,15,0.938988,0.908208,0.908208
random_forest_balanced_ratio_preserved_noise_mcc_selected_v1,random_forest_class_weight_balanced,random_forest,min_samples_leaf,75/25,2,heuristic_fp_20,test,70/30,test,2.000000,True,4892,76,10.861371,70,21,49,0.785714,0.765306,0.625000,0.714286,0.666667,0.512272,40,9,6,15,0.883382,0.747346,0.747346
random_forest_balanced_ratio_preserved_noise_mcc_selected_v1,random_forest_class_weight_balanced,random_forest,min_samples_leaf,75/25,2,heuristic_fp_20,test,75/25,test,2.000000,True,4892,76,11.004356,84,21,63,0.797619,0.769841,0.576923,0.714286,0.638298,0.505496,52,11,6,15,0.902494,0.779631,0.779631
random_forest_balanced_ratio_preserved_noise_mcc_selected_v1,random_forest_class_weight_balanced,random_forest,min_samples_leaf,75/25,2,heuristic_fp_20,test,80/20,test,2.000000,True,4892,76,11.148652,105,21,84,0.857143,0.803571,0.625000,0.714286,0.666667,0.578352,75,9,6,15,0.935941,0.788068,0.788068
random_forest_balanced_ratio_preserved_noise_mcc_selected_v1,random_forest_class_weight_balanced,random_forest,min_samples_leaf,75/25,2,heuristic_fp_20,test,90/10,test,2.000000,True,4892,76,11.410677,210,21,189,0.833333,0.780423,0.340909,0.714286,0.461538,0.413432,160,29,6,15,0.911565,0.631968,0.631968
random_forest_balanced_ratio_preserved_noise_mcc_selected_v1,random_forest_class_weight_balanced,random_forest,min_samples_leaf,75/25,3,clean,validation_grid,75/25,valid,1.000000,False,2716,76,6.350737,76,19,57,0.828947,0.710526,0.750000,0.473684,0.580645,0.500000,54,3,10,9,0.938135,0.817084,0.817084
random_forest_balanced_ratio_preserved_noise_mcc_selected_v1,random_forest_class_weight_balanced,random_forest,min_samples_leaf,75/25,3,clean,validation_grid,75/25,valid,2.000000,False,2716,76,6.831314,76,19,57,0.842105,0.736842,0.769231,0.526316,0.625000,0.544705,54,3,9,10,0.931671,0.786942,0.786942
random_forest_balanced_ratio_preserved_noise_mcc_selected_v1,random_forest_class_weight_balanced,random_forest,min_samples_leaf,75/25,3,clean,validation_grid,75/25,valid,5.000000,True,2716,76,7.217972,76,19,57,0.868421,0.824561,0.736842,0.736842,0.736842,0.649123,52,5,5,14,0.943675,0.798980,0.798980
random_forest_balanced_ratio_preserved_noise_mcc_selected_v1,random_forest_class_weight_balanced,random_forest,min_samples_leaf,75/25,3,clean,test,50/50,test,5.000000,True,2716,76,7.302609,42,21,21,0.785714,0.785714,0.875000,0.666667,0.756757,0.588348,19,2,7,14,0.938776,0.944087,0.944087
random_forest_balanced_ratio_preserved_noise_mcc_selected_v1,random_forest_class_weight_balanced,random_forest,min_samples_leaf,75/25,3,clean,test,60/40,test,5.000000,True,2716,76,7.409977,53,21,32,0.811321,0.786458,0.823529,0.666667,0.736842,0.600344,29,3,7,14,0.872024,0.825402,0.825402
random_forest_balanced_ratio_preserved_noise_mcc_selected_v1,random_forest_class_weight_balanced,random_forest,min_samples_leaf,75/25,3,clean,test,70/30,test,5.000000,True,2716,76,7.515951,70,21,49,0.828571,0.782313,0.736842,0.666667,0.700000,0.581844,44,5,7,14,0.915452,0.854033,0.854033
random_forest_balanced_ratio_preserved_noise_mcc_selected_v1,random_forest_class_weight_balanced,random_forest,min_samples_leaf,75/25,3,clean,test,75/25,test,5.000000,True,2716,76,7.650634,84,21,63,0.821429,0.769841,0.636364,0.666667,0.651163,0.531510,55,8,7,14,0.904762,0.750299,0.750299
random_forest_balanced_ratio_preserved_noise_mcc_selected_v1,random_forest_class_weight_balanced,random_forest,min_samples_leaf,75/25,3,clean,test,80/20,test,5.000000,True,2716,76,7.779164,105,21,84,0.838095,0.773810,0.583333,0.666667,0.622222,0.521651,74,10,7,14,0.914399,0.790048,0.790048
random_forest_balanced_ratio_preserved_noise_mcc_selected_v1,random_forest_class_weight_balanced,random_forest,min_samples_leaf,75/25,3,clean,test,90/10,test,5.000000,True,2716,76,7.979412,210,21,189,0.885714,0.788360,0.451613,0.666667,0.538462,0.487751,172,17,7,14,0.919627,0.624784,0.624784
random_forest_balanced_ratio_preserved_noise_mcc_selected_v1,random_forest_class_weight_balanced,random_forest,min_samples_leaf,75/25,3,random_flip_10,validation_grid,75/25,valid,1.000000,False,2716,76,6.143222,76,19,57,0.842105,0.701754,0.888889,0.421053,0.571429,0.540765,56,1,11,8,0.896122,0.788895,0.788895
random_forest_balanced_ratio_preserved_noise_mcc_selected_v1,random_forest_class_weight_balanced,random_forest,min_samples_leaf,75/25,3,random_flip_10,validation_grid,75/25,valid,2.000000,False,2716,76,6.682783,76,19,57,0.828947,0.675439,0.875000,0.368421,0.518519,0.495074,56,1,12,7,0.920591,0.809972,0.809972
random_forest_balanced_ratio_preserved_noise_mcc_selected_v1,random_forest_class_weight_balanced,random_forest,min_samples_leaf,75/25,3,random_flip_10,validation_grid,75/25,valid,5.000000,True,2716,76,7.049882,76,19,57,0.842105,0.754386,0.733333,0.578947,0.647059,0.553512,53,4,8,11,0.933518,0.798411,0.798411
random_forest_balanced_ratio_preserved_noise_mcc_selected_v1,random_forest_class_weight_balanced,random_forest,min_samples_leaf,75/25,3,random_flip_10,test,50/50,test,5.000000,True,2716,76,7.133315,42,21,21,0.785714,0.785714,0.875000,0.666667,0.756757,0.588348,19,2,7,14,0.897959,0.896725,0.896725
random_forest_balanced_ratio_preserved_noise_mcc_selected_v1,random_forest_class_weight_balanced,random_forest,min_samples_leaf,75/25,3,random_flip_10,test,60/40,test,5.000000,True,2716,76,7.231687,53,21,32,0.830189,0.802083,0.875000,0.666667,0.756757,0.643696,30,2,7,14,0.849702,0.819134,0.819134
random_forest_balanced_ratio_preserved_noise_mcc_selected_v1,random_forest_class_weight_balanced,random_forest,min_samples_leaf,75/25,3,random_flip_10,test,70/30,test,5.000000,True,2716,76,7.339619,70,21,49,0.842857,0.792517,0.777778,0.666667,0.717949,0.613410,45,4,7,14,0.886297,0.812284,0.812284
random_forest_balanced_ratio_preserved_noise_mcc_selected_v1,random_forest_class_weight_balanced,random_forest,min_samples_leaf,75/25,3,random_flip_10,test,75/25,test,5.000000,True,2716,76,7.453330,84,21,63,0.845238,0.785714,0.700000,0.666667,0.682927,0.580948,57,6,7,14,0.898715,0.780382,0.780382
random_forest_balanced_ratio_preserved_noise_mcc_selected_v1,random_forest_class_weight_balanced,random_forest,min_samples_leaf,75/25,3,random_flip_10,test,80/20,test,5.000000,True,2716,76,7.586082,105,21,84,0.876190,0.797619,0.700000,0.666667,0.682927,0.606339,78,6,7,14,0.884921,0.730002,0.730002
random_forest_balanced_ratio_preserved_noise_mcc_selected_v1,random_forest_class_weight_balanced,random_forest,min_samples_leaf,75/25,3,random_flip_10,test,90/10,test,5.000000,True,2716,76,7.782234,210,21,189,0.909524,0.801587,0.538462,0.666667,0.595745,0.549399,177,12,7,14,0.891408,0.581744,0.581744
random_forest_balanced_ratio_preserved_noise_mcc_selected_v1,random_forest_class_weight_balanced,random_forest,min_samples_leaf,75/25,3,random_flip_20,validation_grid,75/25,valid,1.000000,False,2716,76,6.139131,76,19,57,0.802632,0.605263,1.000000,0.210526,0.347826,0.408248,57,0,15,4,0.845799,0.709386,0.709386
random_forest_balanced_ratio_preserved_noise_mcc_selected_v1,random_forest_class_weight_balanced,random_forest,min_samples_leaf,75/25,3,random_flip_20,validation_grid,75/25,valid,2.000000,False,2716,76,6.704630,76,19,57,0.776316,0.570175,0.750000,0.157895,0.260870,0.272166,56,1,16,3,0.894737,0.751219,0.751219
random_forest_balanced_ratio_preserved_noise_mcc_selected_v1,random_forest_class_weight_balanced,random_forest,min_samples_leaf,75/25,3,random_flip_20,validation_grid,75/25,valid,5.000000,True,2716,76,7.123450,76,19,57,0.855263,0.728070,0.900000,0.473684,0.620690,0.584307,56,1,10,9,0.908587,0.761443,0.761443
random_forest_balanced_ratio_preserved_noise_mcc_selected_v1,random_forest_class_weight_balanced,random_forest,min_samples_leaf,75/25,3,random_flip_20,test,50/50,test,5.000000,True,2716,76,7.199296,42,21,21,0.642857,0.642857,0.875000,0.333333,0.482759,0.363803,20,1,14,7,0.832200,0.828243,0.828243
random_forest_balanced_ratio_preserved_noise_mcc_selected_v1,random_forest_class_weight_balanced,random_forest,min_samples_leaf,75/25,3,random_flip_20,test,60/40,test,5.000000,True,2716,76,7.293634,53,21,32,0.716981,0.651042,0.875000,0.333333,0.482759,0.412724,31,1,14,7,0.813988,0.742793,0.742793
random_forest_balanced_ratio_preserved_noise_mcc_selected_v1,random_forest_class_weight_balanced,random_forest,min_samples_leaf,75/25,3,random_flip_20,test,70/30,test,5.000000,True,2716,76,7.399160,70,21,49,0.800000,0.666667,1.000000,0.333333,0.500000,0.509175,49,0,14,7,0.854227,0.762490,0.762490
random_forest_balanced_ratio_preserved_noise_mcc_selected_v1,random_forest_class_weight_balanced,random_forest,min_samples_leaf,75/25,3,random_flip_20,test,75/25,test,5.000000,True,2716,76,7.517614,84,21,63,0.821429,0.658730,0.875000,0.333333,0.482759,0.468293,62,1,14,7,0.842782,0.643407,0.643407
random_forest_balanced_ratio_preserved_noise_mcc_selected_v1,random_forest_class_weight_balanced,random_forest,min_samples_leaf,75/25,3,random_flip_20,test,80/20,test,5.000000,True,2716,76,7.638312,105,21,84,0.847619,0.654762,0.777778,0.333333,0.466667,0.442269,82,2,14,7,0.861111,0.608961,0.608961
random_forest_balanced_ratio_preserved_noise_mcc_selected_v1,random_forest_class_weight_balanced,random_forest,min_samples_leaf,75/25,3,random_flip_20,test,90/10,test,5.000000,True,2716,76,7.829411,210,21,189,0.919048,0.658730,0.700000,0.333333,0.451613,0.447214,186,3,14,7,0.855127,0.493280,0.493280
random_forest_balanced_ratio_preserved_noise_mcc_selected_v1,random_forest_class_weight_balanced,random_forest,min_samples_leaf,75/25,3,random_fp_10,validation_grid,75/25,valid,1.000000,False,3804,76,7.689838,76,19,57,0.802632,0.657895,0.700000,0.368421,0.482759,0.404520,54,3,12,7,0.905355,0.748012,0.748012
random_forest_balanced_ratio_preserved_noise_mcc_selected_v1,random_forest_class_weight_balanced,random_forest,min_samples_leaf,75/25,3,random_fp_10,validation_grid,75/25,valid,2.000000,False,3804,76,8.417639,76,19,57,0.855263,0.728070,0.900000,0.473684,0.620690,0.584307,56,1,10,9,0.934441,0.826574,0.826574
random_forest_balanced_ratio_preserved_noise_mcc_selected_v1,random_forest_class_weight_balanced,random_forest,min_samples_leaf,75/25,3,random_fp_10,validation_grid,75/25,valid,5.000000,True,3804,76,8.955189,76,19,57,0.855263,0.798246,0.722222,0.684211,0.702703,0.607530,52,5,6,13,0.910434,0.743170,0.743170
random_forest_balanced_ratio_preserved_noise_mcc_selected_v1,random_forest_class_weight_balanced,random_forest,min_samples_leaf,75/25,3,random_fp_10,test,50/50,test,5.000000,True,3804,76,9.053894,42,21,21,0.809524,0.809524,0.882353,0.714286,0.789474,0.630593,19,2,6,15,0.868481,0.889426,0.889426
random_forest_balanced_ratio_preserved_noise_mcc_selected_v1,random_forest_class_weight_balanced,random_forest,min_samples_leaf,75/25,3,random_fp_10,test,60/40,test,5.000000,True,3804,76,9.157983,53,21,32,0.849057,0.825893,0.882353,0.714286,0.789474,0.682989,30,2,6,15,0.849702,0.843924,0.843924
random_forest_balanced_ratio_preserved_noise_mcc_selected_v1,random_forest_class_weight_balanced,random_forest,min_samples_leaf,75/25,3,random_fp_10,test,70/30,test,5.000000,True,3804,76,9.268868,70,21,49,0.857143,0.816327,0.789474,0.714286,0.750000,0.651946,45,4,6,15,0.879495,0.840149,0.840149
random_forest_balanced_ratio_preserved_noise_mcc_selected_v1,random_forest_class_weight_balanced,random_forest,min_samples_leaf,75/25,3,random_fp_10,test,75/25,test,5.000000,True,3804,76,9.389179,84,21,63,0.857143,0.809524,0.714286,0.714286,0.714286,0.619048,57,6,6,15,0.883598,0.787089,0.787089
random_forest_balanced_ratio_preserved_noise_mcc_selected_v1,random_forest_class_weight_balanced,random_forest,min_samples_leaf,75/25,3,random_fp_10,test,80/20,test,5.000000,True,3804,76,9.510404,105,21,84,0.885714,0.821429,0.714286,0.714286,0.714286,0.642857,78,6,6,15,0.882086,0.780419,0.780419
random_forest_balanced_ratio_preserved_noise_mcc_selected_v1,random_forest_class_weight_balanced,random_forest,min_samples_leaf,75/25,3,random_fp_10,test,90/10,test,5.000000,True,3804,76,9.719219,210,21,189,0.900000,0.817460,0.500000,0.714286,0.588235,0.544331,174,15,6,15,0.883094,0.592523,0.592523
random_forest_balanced_ratio_preserved_noise_mcc_selected_v1,random_forest_class_weight_balanced,random_forest,min_samples_leaf,75/25,3,random_fp_20,validation_grid,75/25,valid,1.000000,False,4892,76,9.342300,76,19,57,0.815789,0.649123,0.857143,0.315789,0.461538,0.446596,56,1,13,6,0.845337,0.672224,0.672224
random_forest_balanced_ratio_preserved_noise_mcc_selected_v1,random_forest_class_weight_balanced,random_forest,min_samples_leaf,75/25,3,random_fp_20,validation_grid,75/25,valid,2.000000,False,4892,76,10.409215,76,19,57,0.828947,0.675439,0.875000,0.368421,0.518519,0.495074,56,1,12,7,0.955679,0.853251,0.853251
random_forest_balanced_ratio_preserved_noise_mcc_selected_v1,random_forest_class_weight_balanced,random_forest,min_samples_leaf,75/25,3,random_fp_20,validation_grid,75/25,valid,5.000000,True,4892,76,11.149082,76,19,57,0.868421,0.807018,0.764706,0.684211,0.722222,0.638053,53,4,6,13,0.915974,0.771204,0.771204
random_forest_balanced_ratio_preserved_noise_mcc_selected_v1,random_forest_class_weight_balanced,random_forest,min_samples_leaf,75/25,3,random_fp_20,test,50/50,test,5.000000,True,4892,76,11.231151,42,21,21,0.714286,0.714286,0.846154,0.523810,0.647059,0.463524,19,2,10,11,0.891156,0.904771,0.904771
random_forest_balanced_ratio_preserved_noise_mcc_selected_v1,random_forest_class_weight_balanced,random_forest,min_samples_leaf,75/25,3,random_fp_20,test,60/40,test,5.000000,True,4892,76,11.341188,53,21,32,0.754717,0.715030,0.785714,0.523810,0.628571,0.477108,29,3,10,11,0.837798,0.826580,0.826580
random_forest_balanced_ratio_preserved_noise_mcc_selected_v1,random_forest_class_weight_balanced,random_forest,min_samples_leaf,75/25,3,random_fp_20,test,70/30,test,5.000000,True,4892,76,11.460370,70,21,49,0.814286,0.731293,0.785714,0.523810,0.628571,0.529958,46,3,10,11,0.870748,0.811770,0.811770
random_forest_balanced_ratio_preserved_noise_mcc_selected_v1,random_forest_class_weight_balanced,random_forest,min_samples_leaf,75/25,3,random_fp_20,test,75/25,test,5.000000,True,4892,76,11.577982,84,21,63,0.821429,0.722222,0.687500,0.523810,0.594595,0.490098,58,5,10,11,0.872260,0.752828,0.752828
random_forest_balanced_ratio_preserved_noise_mcc_selected_v1,random_forest_class_weight_balanced,random_forest,min_samples_leaf,75/25,3,random_fp_20,test,80/20,test,5.000000,True,4892,76,11.717198,105,21,84,0.866667,0.738095,0.733333,0.523810,0.611111,0.544331,80,4,10,11,0.878118,0.758536,0.758536
random_forest_balanced_ratio_preserved_noise_mcc_selected_v1,random_forest_class_weight_balanced,random_forest,min_samples_leaf,75/25,3,random_fp_20,test,90/10,test,5.000000,True,4892,76,11.926474,210,21,189,0.919048,0.743386,0.611111,0.523810,0.564103,0.521651,182,7,10,11,0.885614,0.642577,0.642577
random_forest_balanced_ratio_preserved_noise_mcc_selected_v1,random_forest_class_weight_balanced,random_forest,min_samples_leaf,75/25,3,heuristic_fp_10,validation_grid,75/25,valid,1.000000,False,3804,76,7.597451,76,19,57,0.855263,0.798246,0.722222,0.684211,0.702703,0.607530,52,5,6,13,0.905355,0.762815,0.762815
random_forest_balanced_ratio_preserved_noise_mcc_selected_v1,random_forest_class_weight_balanced,random_forest,min_samples_leaf,75/25,3,heuristic_fp_10,validation_grid,75/25,valid,2.000000,True,3804,76,8.324287,76,19,57,0.855263,0.815789,0.700000,0.736842,0.717949,0.621059,51,6,5,14,0.913204,0.782276,0.782276
random_forest_balanced_ratio_preserved_noise_mcc_selected_v1,random_forest_class_weight_balanced,random_forest,min_samples_leaf,75/25,3,heuristic_fp_10,validation_grid,75/25,valid,5.000000,False,3804,76,8.787221,76,19,57,0.815789,0.824561,0.592593,0.842105,0.695652,0.587302,46,11,3,16,0.909511,0.748267,0.748267
random_forest_balanced_ratio_preserved_noise_mcc_selected_v1,random_forest_class_weight_balanced,random_forest,min_samples_leaf,75/25,3,heuristic_fp_10,test,50/50,test,2.000000,True,3804,76,8.865851,42,21,21,0.809524,0.809524,0.882353,0.714286,0.789474,0.630593,19,2,6,15,0.968254,0.966327,0.966327
random_forest_balanced_ratio_preserved_noise_mcc_selected_v1,random_forest_class_weight_balanced,random_forest,min_samples_leaf,75/25,3,heuristic_fp_10,test,60/40,test,2.000000,True,3804,76,8.977367,53,21,32,0.792453,0.779018,0.750000,0.714286,0.731707,0.563086,27,5,6,15,0.901786,0.839932,0.839932
random_forest_balanced_ratio_preserved_noise_mcc_selected_v1,random_forest_class_weight_balanced,random_forest,min_samples_leaf,75/25,3,heuristic_fp_10,test,70/30,test,2.000000,True,3804,76,9.086278,70,21,49,0.814286,0.785714,0.681818,0.714286,0.697674,0.564076,42,7,6,15,0.912536,0.823029,0.823029
random_forest_balanced_ratio_preserved_noise_mcc_selected_v1,random_forest_class_weight_balanced,random_forest,min_samples_leaf,75/25,3,heuristic_fp_10,test,75/25,test,2.000000,True,3804,76,9.205885,84,21,63,0.821429,0.785714,0.625000,0.714286,0.666667,0.547723,54,9,6,15,0.930461,0.805726,0.805726
random_forest_balanced_ratio_preserved_noise_mcc_selected_v1,random_forest_class_weight_balanced,random_forest,min_samples_leaf,75/25,3,heuristic_fp_10,test,80/20,test,2.000000,True,3804,76,9.340155,105,21,84,0.857143,0.803571,0.625000,0.714286,0.666667,0.578352,75,9,6,15,0.932540,0.795095,0.795095
random_forest_balanced_ratio_preserved_noise_mcc_selected_v1,random_forest_class_weight_balanced,random_forest,min_samples_leaf,75/25,3,heuristic_fp_10,test,90/10,test,2.000000,True,3804,76,9.547910,210,21,189,0.895238,0.814815,0.483871,0.714286,0.576923,0.532498,173,16,6,15,0.944067,0.723633,0.723633
random_forest_balanced_ratio_preserved_noise_mcc_selected_v1,random_forest_class_weight_balanced,random_forest,min_samples_leaf,75/25,3,heuristic_fp_20,validation_grid,75/25,valid,1.000000,False,4892,76,9.345299,76,19,57,0.855263,0.798246,0.722222,0.684211,0.702703,0.607530,52,5,6,13,0.890120,0.736311,0.736311
random_forest_balanced_ratio_preserved_noise_mcc_selected_v1,random_forest_class_weight_balanced,random_forest,min_samples_leaf,75/25,3,heuristic_fp_20,validation_grid,75/25,valid,2.000000,False,4892,76,10.344314,76,19,57,0.842105,0.807018,0.666667,0.736842,0.700000,0.594588,50,7,5,14,0.901200,0.758622,0.758622
random_forest_balanced_ratio_preserved_noise_mcc_selected_v1,random_forest_class_weight_balanced,random_forest,min_samples_leaf,75/25,3,heuristic_fp_20,validation_grid,75/25,valid,5.000000,True,4892,76,11.021870,76,19,57,0.815789,0.842105,0.586207,0.894737,0.708333,0.609896,45,12,2,17,0.917821,0.786011,0.786011
random_forest_balanced_ratio_preserved_noise_mcc_selected_v1,random_forest_class_weight_balanced,random_forest,min_samples_leaf,75/25,3,heuristic_fp_20,test,50/50,test,5.000000,True,4892,76,11.113499,42,21,21,0.880952,0.880952,0.900000,0.857143,0.878049,0.762770,19,2,3,18,0.956916,0.957987,0.957987
random_forest_balanced_ratio_preserved_noise_mcc_selected_v1,random_forest_class_weight_balanced,random_forest,min_samples_leaf,75/25,3,heuristic_fp_20,test,60/40,test,5.000000,True,4892,76,11.219080,53,21,32,0.735849,0.756696,0.620690,0.857143,0.720000,0.504464,21,11,3,18,0.864583,0.771828,0.771828
random_forest_balanced_ratio_preserved_noise_mcc_selected_v1,random_forest_class_weight_balanced,random_forest,min_samples_leaf,75/25,3,heuristic_fp_20,test,70/30,test,5.000000,True,4892,76,11.346000,70,21,49,0.785714,0.806122,0.600000,0.857143,0.705882,0.566947,37,12,3,18,0.903790,0.776894,0.776894
random_forest_balanced_ratio_preserved_noise_mcc_selected_v1,random_forest_class_weight_balanced,random_forest,min_samples_leaf,75/25,3,heuristic_fp_20,test,75/25,test,5.000000,True,4892,76,11.470135,84,21,63,0.797619,0.817460,0.562500,0.857143,0.679245,0.566139,49,14,3,18,0.900227,0.700523,0.700523
random_forest_balanced_ratio_preserved_noise_mcc_selected_v1,random_forest_class_weight_balanced,random_forest,min_samples_leaf,75/25,3,heuristic_fp_20,test,80/20,test,5.000000,True,4892,76,11.607509,105,21,84,0.838095,0.845238,0.562500,0.857143,0.679245,0.600014,70,14,3,18,0.925170,0.790953,0.790953
random_forest_balanced_ratio_preserved_noise_mcc_selected_v1,random_forest_class_weight_balanced,random_forest,min_samples_leaf,75/25,3,heuristic_fp_20,test,90/10,test,5.000000,True,4892,76,11.841173,210,21,189,0.833333,0.843915,0.360000,0.857143,0.507042,0.484481,157,32,3,18,0.929201,0.649352,0.649352
random_forest_balanced_ratio_preserved_noise_mcc_selected_v1,random_forest_class_weight_balanced,random_forest,min_samples_leaf,75/25,4,clean,validation_grid,75/25,valid,1.000000,False,2716,76,6.463184,76,19,57,0.842105,0.701754,0.888889,0.421053,0.571429,0.540765,56,1,11,8,0.901200,0.770112,0.770112
random_forest_balanced_ratio_preserved_noise_mcc_selected_v1,random_forest_class_weight_balanced,random_forest,min_samples_leaf,75/25,4,clean,validation_grid,75/25,valid,2.000000,False,2716,76,6.899777,76,19,57,0.842105,0.719298,0.818182,0.473684,0.600000,0.539792,55,2,10,9,0.906741,0.810406,0.810406
random_forest_balanced_ratio_preserved_noise_mcc_selected_v1,random_forest_class_weight_balanced,random_forest,min_samples_leaf,75/25,4,clean,validation_grid,75/25,valid,5.000000,True,2716,76,7.239191,76,19,57,0.868421,0.807018,0.764706,0.684211,0.722222,0.638053,53,4,6,13,0.915051,0.786692,0.786692
random_forest_balanced_ratio_preserved_noise_mcc_selected_v1,random_forest_class_weight_balanced,random_forest,min_samples_leaf,75/25,4,clean,test,50/50,test,5.000000,True,2716,76,7.327104,42,21,21,0.833333,0.833333,0.937500,0.714286,0.810811,0.686406,20,1,6,15,0.911565,0.927975,0.927975
random_forest_balanced_ratio_preserved_noise_mcc_selected_v1,random_forest_class_weight_balanced,random_forest,min_samples_leaf,75/25,4,clean,test,60/40,test,5.000000,True,2716,76,7.477195,53,21,32,0.849057,0.825893,0.882353,0.714286,0.789474,0.682989,30,2,6,15,0.892857,0.879397,0.879397
random_forest_balanced_ratio_preserved_noise_mcc_selected_v1,random_forest_class_weight_balanced,random_forest,min_samples_leaf,75/25,4,clean,test,70/30,test,5.000000,True,2716,76,7.591947,70,21,49,0.814286,0.785714,0.681818,0.714286,0.697674,0.564076,42,7,6,15,0.855199,0.782515,0.782515
random_forest_balanced_ratio_preserved_noise_mcc_selected_v1,random_forest_class_weight_balanced,random_forest,min_samples_leaf,75/25,4,clean,test,75/25,test,5.000000,True,2716,76,7.719235,84,21,63,0.857143,0.809524,0.714286,0.714286,0.714286,0.619048,57,6,6,15,0.887377,0.723436,0.723436
random_forest_balanced_ratio_preserved_noise_mcc_selected_v1,random_forest_class_weight_balanced,random_forest,min_samples_leaf,75/25,4,clean,test,80/20,test,5.000000,True,2716,76,7.836327,105,21,84,0.885714,0.821429,0.714286,0.714286,0.714286,0.642857,78,6,6,15,0.907029,0.798220,0.798220
random_forest_balanced_ratio_preserved_noise_mcc_selected_v1,random_forest_class_weight_balanced,random_forest,min_samples_leaf,75/25,4,clean,test,90/10,test,5.000000,True,2716,76,8.054575,210,21,189,0.866667,0.798942,0.405405,0.714286,0.517241,0.470797,167,22,6,15,0.886873,0.613871,0.613871
random_forest_balanced_ratio_preserved_noise_mcc_selected_v1,random_forest_class_weight_balanced,random_forest,min_samples_leaf,75/25,4,random_flip_10,validation_grid,75/25,valid,1.000000,False,2716,76,6.349722,76,19,57,0.815789,0.631579,1.000000,0.263158,0.416667,0.459639,57,0,14,5,0.921976,0.822659,0.822659
random_forest_balanced_ratio_preserved_noise_mcc_selected_v1,random_forest_class_weight_balanced,random_forest,min_samples_leaf,75/25,4,random_flip_10,validation_grid,75/25,valid,2.000000,False,2716,76,6.873999,76,19,57,0.828947,0.675439,0.875000,0.368421,0.518519,0.495074,56,1,12,7,0.932595,0.842700,0.842700
random_forest_balanced_ratio_preserved_noise_mcc_selected_v1,random_forest_class_weight_balanced,random_forest,min_samples_leaf,75/25,4,random_flip_10,validation_grid,75/25,valid,5.000000,True,2716,76,7.247832,76,19,57,0.868421,0.789474,0.800000,0.631579,0.705882,0.629858,54,3,7,12,0.923361,0.828607,0.828607
random_forest_balanced_ratio_preserved_noise_mcc_selected_v1,random_forest_class_weight_balanced,random_forest,min_samples_leaf,75/25,4,random_flip_10,test,50/50,test,5.000000,True,2716,76,7.337743,42,21,21,0.785714,0.785714,1.000000,0.571429,0.727273,0.632456,21,0,9,12,0.909297,0.932346,0.932346
random_forest_balanced_ratio_preserved_noise_mcc_selected_v1,random_forest_class_weight_balanced,random_forest,min_samples_leaf,75/25,4,random_flip_10,test,60/40,test,5.000000,True,2716,76,7.490394,53,21,32,0.792453,0.754464,0.857143,0.571429,0.685714,0.564606,30,2,9,12,0.869048,0.854313,0.854313
random_forest_balanced_ratio_preserved_noise_mcc_selected_v1,random_forest_class_weight_balanced,random_forest,min_samples_leaf,75/25,4,random_flip_10,test,70/30,test,5.000000,True,2716,76,7.604291,70,21,49,0.785714,0.724490,0.666667,0.571429,0.615385,0.470757,43,6,9,12,0.829932,0.747430,0.747430
random_forest_balanced_ratio_preserved_noise_mcc_selected_v1,random_forest_class_weight_balanced,random_forest,min_samples_leaf,75/25,4,random_flip_10,test,75/25,test,5.000000,True,2716,76,7.732628,84,21,63,0.833333,0.746032,0.705882,0.571429,0.631579,0.530321,58,5,9,12,0.881330,0.762882,0.762882
random_forest_balanced_ratio_preserved_noise_mcc_selected_v1,random_forest_class_weight_balanced,random_forest,min_samples_leaf,75/25,4,random_flip_10,test,80/20,test,5.000000,True,2716,76,7.856830,105,21,84,0.885714,0.767857,0.800000,0.571429,0.666667,0.612372,81,3,9,12,0.902494,0.789151,0.789151
random_forest_balanced_ratio_preserved_noise_mcc_selected_v1,random_forest_class_weight_balanced,random_forest,min_samples_leaf,75/25,4,random_flip_10,test,90/10,test,5.000000,True,2716,76,8.081771,210,21,189,0.885714,0.746032,0.444444,0.571429,0.500000,0.441016,174,15,9,12,0.880071,0.628928,0.628928
random_forest_balanced_ratio_preserved_noise_mcc_selected_v1,random_forest_class_weight_balanced,random_forest,min_samples_leaf,75/25,4,random_flip_20,validation_grid,75/25,valid,1.000000,False,2716,76,6.431649,76,19,57,0.776316,0.552632,1.000000,0.105263,0.190476,0.284747,57,0,17,2,0.842105,0.726319,0.726319
random_forest_balanced_ratio_preserved_noise_mcc_selected_v1,random_forest_class_weight_balanced,random_forest,min_samples_leaf,75/25,4,random_flip_20,validation_grid,75/25,valid,2.000000,False,2716,76,6.999961,76,19,57,0.789474,0.596491,0.800000,0.210526,0.333333,0.337068,56,1,15,4,0.867036,0.710003,0.710003
random_forest_balanced_ratio_preserved_noise_mcc_selected_v1,random_forest_class_weight_balanced,random_forest,min_samples_leaf,75/25,4,random_flip_20,validation_grid,75/25,valid,5.000000,True,2716,76,7.386923,76,19,57,0.802632,0.640351,0.750000,0.315789,0.444444,0.396059,55,2,13,6,0.867036,0.723940,0.723940
random_forest_balanced_ratio_preserved_noise_mcc_selected_v1,random_forest_class_weight_balanced,random_forest,min_samples_leaf,75/25,4,random_flip_20,test,50/50,test,5.000000,True,2716,76,7.472123,42,21,21,0.619048,0.619048,1.000000,0.238095,0.384615,0.367607,21,0,16,5,0.882086,0.913431,0.913431
random_forest_balanced_ratio_preserved_noise_mcc_selected_v1,random_forest_class_weight_balanced,random_forest,min_samples_leaf,75/25,4,random_flip_20,test,60/40,test,5.000000,True,2716,76,7.621442,53,21,32,0.698113,0.619048,1.000000,0.238095,0.384615,0.398410,32,0,16,5,0.827381,0.799141,0.799141
random_forest_balanced_ratio_preserved_noise_mcc_selected_v1,random_forest_class_weight_balanced,random_forest,min_samples_leaf,75/25,4,random_flip_20,test,70/30,test,5.000000,True,2716,76,7.745211,70,21,49,0.714286,0.578231,0.555556,0.238095,0.333333,0.214206,45,4,16,5,0.781341,0.633323,0.633323
random_forest_balanced_ratio_preserved_noise_mcc_selected_v1,random_forest_class_weight_balanced,random_forest,min_samples_leaf,75/25,4,random_flip_20,test,75/25,test,5.000000,True,2716,76,7.874687,84,21,63,0.809524,0.619048,1.000000,0.238095,0.384615,0.435745,63,0,16,5,0.833711,0.671882,0.671882
random_forest_balanced_ratio_preserved_noise_mcc_selected_v1,random_forest_class_weight_balanced,random_forest,min_samples_leaf,75/25,4,random_flip_20,test,80/20,test,5.000000,True,2716,76,7.994641,105,21,84,0.847619,0.619048,1.000000,0.238095,0.384615,0.447214,84,0,16,5,0.884354,0.774754,0.774754
random_forest_balanced_ratio_preserved_noise_mcc_selected_v1,random_forest_class_weight_balanced,random_forest,min_samples_leaf,75/25,4,random_flip_20,test,90/10,test,5.000000,True,2716,76,8.214900,210,21,189,0.900000,0.605820,0.500000,0.238095,0.322581,0.298142,184,5,16,5,0.815319,0.421254,0.421254
random_forest_balanced_ratio_preserved_noise_mcc_selected_v1,random_forest_class_weight_balanced,random_forest,min_samples_leaf,75/25,4,random_fp_10,validation_grid,75/25,valid,1.000000,False,3804,76,8.328484,76,19,57,0.842105,0.684211,1.000000,0.368421,0.538462,0.551677,57,0,12,7,0.927978,0.851424,0.851424
random_forest_balanced_ratio_preserved_noise_mcc_selected_v1,random_forest_class_weight_balanced,random_forest,min_samples_leaf,75/25,4,random_fp_10,validation_grid,75/25,valid,2.000000,False,3804,76,9.109622,76,19,57,0.855263,0.710526,1.000000,0.421053,0.592593,0.594089,57,0,11,8,0.921514,0.835093,0.835093
random_forest_balanced_ratio_preserved_noise_mcc_selected_v1,random_forest_class_weight_balanced,random_forest,min_samples_leaf,75/25,4,random_fp_10,validation_grid,75/25,valid,5.000000,True,3804,76,9.629964,76,19,57,0.894737,0.807018,0.923077,0.631579,0.750000,0.706099,56,1,7,12,0.937211,0.873010,0.873010
random_forest_balanced_ratio_preserved_noise_mcc_selected_v1,random_forest_class_weight_balanced,random_forest,min_samples_leaf,75/25,4,random_fp_10,test,50/50,test,5.000000,True,3804,76,9.717128,42,21,21,0.785714,0.785714,0.928571,0.619048,0.742857,0.606092,20,1,8,13,0.897959,0.923113,0.923113
random_forest_balanced_ratio_preserved_noise_mcc_selected_v1,random_forest_class_weight_balanced,random_forest,min_samples_leaf,75/25,4,random_fp_10,test,60/40,test,5.000000,True,3804,76,9.881278,53,21,32,0.792453,0.762649,0.812500,0.619048,0.702703,0.559666,29,3,8,13,0.880952,0.863444,0.863444
random_forest_balanced_ratio_preserved_noise_mcc_selected_v1,random_forest_class_weight_balanced,random_forest,min_samples_leaf,75/25,4,random_fp_10,test,70/30,test,5.000000,True,3804,76,9.984240,70,21,49,0.800000,0.748299,0.684211,0.619048,0.650000,0.511742,43,6,8,13,0.846453,0.763674,0.763674
random_forest_balanced_ratio_preserved_noise_mcc_selected_v1,random_forest_class_weight_balanced,random_forest,min_samples_leaf,75/25,4,random_fp_10,test,75/25,test,5.000000,True,3804,76,10.108669,84,21,63,0.833333,0.761905,0.684211,0.619048,0.650000,0.542150,57,6,8,13,0.876795,0.765007,0.765007
random_forest_balanced_ratio_preserved_noise_mcc_selected_v1,random_forest_class_weight_balanced,random_forest,min_samples_leaf,75/25,4,random_fp_10,test,80/20,test,5.000000,True,3804,76,10.222763,105,21,84,0.914286,0.803571,0.928571,0.619048,0.742857,0.714423,83,1,8,13,0.912132,0.843992,0.843992
random_forest_balanced_ratio_preserved_noise_mcc_selected_v1,random_forest_class_weight_balanced,random_forest,min_samples_leaf,75/25,4,random_fp_10,test,90/10,test,5.000000,True,3804,76,10.467100,210,21,189,0.876190,0.761905,0.419355,0.619048,0.500000,0.443003,171,18,8,13,0.876795,0.583293,0.583293
random_forest_balanced_ratio_preserved_noise_mcc_selected_v1,random_forest_class_weight_balanced,random_forest,min_samples_leaf,75/25,4,random_fp_20,validation_grid,75/25,valid,1.000000,False,4892,76,9.666422,76,19,57,0.842105,0.701754,0.888889,0.421053,0.571429,0.540765,56,1,11,8,0.900277,0.825591,0.825591
random_forest_balanced_ratio_preserved_noise_mcc_selected_v1,random_forest_class_weight_balanced,random_forest,min_samples_leaf,75/25,4,random_fp_20,validation_grid,75/25,valid,2.000000,False,4892,76,10.778544,76,19,57,0.842105,0.684211,1.000000,0.368421,0.538462,0.551677,57,0,12,7,0.927054,0.854959,0.854959
random_forest_balanced_ratio_preserved_noise_mcc_selected_v1,random_forest_class_weight_balanced,random_forest,min_samples_leaf,75/25,4,random_fp_20,validation_grid,75/25,valid,5.000000,True,4892,76,11.557433,76,19,57,0.855263,0.763158,0.785714,0.578947,0.666667,0.587896,54,3,8,11,0.907664,0.811247,0.811247
random_forest_balanced_ratio_preserved_noise_mcc_selected_v1,random_forest_class_weight_balanced,random_forest,min_samples_leaf,75/25,4,random_fp_20,test,50/50,test,5.000000,True,4892,76,11.653399,42,21,21,0.809524,0.809524,1.000000,0.619048,0.764706,0.669534,21,0,8,13,0.900227,0.931694,0.931694
random_forest_balanced_ratio_preserved_noise_mcc_selected_v1,random_forest_class_weight_balanced,random_forest,min_samples_leaf,75/25,4,random_fp_20,test,60/40,test,5.000000,True,4892,76,11.806025,53,21,32,0.811321,0.778274,0.866667,0.619048,0.722222,0.604296,30,2,8,13,0.870536,0.870491,0.870491
random_forest_balanced_ratio_preserved_noise_mcc_selected_v1,random_forest_class_weight_balanced,random_forest,min_samples_leaf,75/25,4,random_fp_20,test,70/30,test,5.000000,True,4892,76,11.910499,70,21,49,0.800000,0.748299,0.684211,0.619048,0.650000,0.511742,43,6,8,13,0.837707,0.754986,0.754986
random_forest_balanced_ratio_preserved_noise_mcc_selected_v1,random_forest_class_weight_balanced,random_forest,min_samples_leaf,75/25,4,random_fp_20,test,75/25,test,5.000000,True,4892,76,12.043322,84,21,63,0.845238,0.769841,0.722222,0.619048,0.666667,0.569521,58,5,8,13,0.857143,0.764613,0.764613
random_forest_balanced_ratio_preserved_noise_mcc_selected_v1,random_forest_class_weight_balanced,random_forest,min_samples_leaf,75/25,4,random_fp_20,test,80/20,test,5.000000,True,4892,76,12.163614,105,21,84,0.914286,0.803571,0.928571,0.619048,0.742857,0.714423,83,1,8,13,0.905329,0.846859,0.846859
random_forest_balanced_ratio_preserved_noise_mcc_selected_v1,random_forest_class_weight_balanced,random_forest,min_samples_leaf,75/25,4,random_fp_20,test,90/10,test,5.000000,True,4892,76,12.392609,210,21,189,0.904762,0.777778,0.520000,0.619048,0.565217,0.514650,177,12,8,13,0.877047,0.672582,0.672582
random_forest_balanced_ratio_preserved_noise_mcc_selected_v1,random_forest_class_weight_balanced,random_forest,min_samples_leaf,75/25,4,heuristic_fp_10,validation_grid,75/25,valid,1.000000,False,3804,76,7.681528,76,19,57,0.815789,0.771930,0.619048,0.684211,0.650000,0.526635,49,8,6,13,0.903047,0.788796,0.788796
random_forest_balanced_ratio_preserved_noise_mcc_selected_v1,random_forest_class_weight_balanced,random_forest,min_samples_leaf,75/25,4,heuristic_fp_10,validation_grid,75/25,valid,2.000000,False,3804,76,8.272789,76,19,57,0.842105,0.824561,0.652174,0.789474,0.714286,0.611842,49,8,4,15,0.928901,0.838262,0.838262
random_forest_balanced_ratio_preserved_noise_mcc_selected_v1,random_forest_class_weight_balanced,random_forest,min_samples_leaf,75/25,4,heuristic_fp_10,validation_grid,75/25,valid,5.000000,True,3804,76,8.785810,76,19,57,0.842105,0.842105,0.640000,0.842105,0.727273,0.630593,48,9,3,16,0.925208,0.814294,0.814294
random_forest_balanced_ratio_preserved_noise_mcc_selected_v1,random_forest_class_weight_balanced,random_forest,min_samples_leaf,75/25,4,heuristic_fp_10,test,50/50,test,5.000000,True,3804,76,8.874562,42,21,21,0.809524,0.809524,0.842105,0.761905,0.800000,0.621874,18,3,5,16,0.938776,0.935359,0.935359
random_forest_balanced_ratio_preserved_noise_mcc_selected_v1,random_forest_class_weight_balanced,random_forest,min_samples_leaf,75/25,4,heuristic_fp_10,test,60/40,test,5.000000,True,3804,76,9.026091,53,21,32,0.754717,0.755952,0.666667,0.761905,0.711111,0.503001,24,8,5,16,0.919643,0.895358,0.895358
random_forest_balanced_ratio_preserved_noise_mcc_selected_v1,random_forest_class_weight_balanced,random_forest,min_samples_leaf,75/25,4,heuristic_fp_10,test,70/30,test,5.000000,True,3804,76,9.136586,70,21,49,0.785714,0.778912,0.615385,0.761905,0.680851,0.529043,39,10,5,16,0.886297,0.756764,0.756764
random_forest_balanced_ratio_preserved_noise_mcc_selected_v1,random_forest_class_weight_balanced,random_forest,min_samples_leaf,75/25,4,heuristic_fp_10,test,75/25,test,5.000000,True,3804,76,9.271667,84,21,63,0.821429,0.801587,0.615385,0.761905,0.680851,0.564966,53,10,5,16,0.928193,0.797700,0.797700
random_forest_balanced_ratio_preserved_noise_mcc_selected_v1,random_forest_class_weight_balanced,random_forest,min_samples_leaf,75/25,4,heuristic_fp_10,test,80/20,test,5.000000,True,3804,76,9.389833,105,21,84,0.866667,0.827381,0.640000,0.761905,0.695652,0.614919,75,9,5,16,0.956916,0.866407,0.866407
random_forest_balanced_ratio_preserved_noise_mcc_selected_v1,random_forest_class_weight_balanced,random_forest,min_samples_leaf,75/25,4,heuristic_fp_10,test,90/10,test,5.000000,True,3804,76,9.614716,210,21,189,0.838095,0.804233,0.355556,0.761905,0.484848,0.444865,160,29,5,16,0.936508,0.721683,0.721683
random_forest_balanced_ratio_preserved_noise_mcc_selected_v1,random_forest_class_weight_balanced,random_forest,min_samples_leaf,75/25,4,heuristic_fp_20,validation_grid,75/25,valid,1.000000,True,4892,76,9.227681,76,19,57,0.868421,0.789474,0.800000,0.631579,0.705882,0.629858,54,3,7,12,0.921976,0.850117,0.850117
random_forest_balanced_ratio_preserved_noise_mcc_selected_v1,random_forest_class_weight_balanced,random_forest,min_samples_leaf,75/25,4,heuristic_fp_20,validation_grid,75/25,valid,2.000000,False,4892,76,10.109163,76,19,57,0.842105,0.807018,0.666667,0.736842,0.700000,0.594588,50,7,5,14,0.920591,0.809088,0.809088
random_forest_balanced_ratio_preserved_noise_mcc_selected_v1,random_forest_class_weight_balanced,random_forest,min_samples_leaf,75/25,4,heuristic_fp_20,validation_grid,75/25,valid,5.000000,False,4892,76,10.726073,76,19,57,0.763158,0.771930,0.517241,0.789474,0.625000,0.484789,43,14,4,15,0.900277,0.733542,0.733542
random_forest_balanced_ratio_preserved_noise_mcc_selected_v1,random_forest_class_weight_balanced,random_forest,min_samples_leaf,75/25,4,heuristic_fp_20,test,50/50,test,1.000000,True,4892,76,10.817202,42,21,21,0.833333,0.833333,0.937500,0.714286,0.810811,0.686406,20,1,6,15,0.954649,0.954290,0.954290
random_forest_balanced_ratio_preserved_noise_mcc_selected_v1,random_forest_class_weight_balanced,random_forest,min_samples_leaf,75/25,4,heuristic_fp_20,test,60/40,test,1.000000,True,4892,76,10.971867,53,21,32,0.830189,0.810268,0.833333,0.714286,0.769231,0.640887,29,3,6,15,0.911458,0.880332,0.880332
random_forest_balanced_ratio_preserved_noise_mcc_selected_v1,random_forest_class_weight_balanced,random_forest,min_samples_leaf,75/25,4,heuristic_fp_20,test,70/30,test,1.000000,True,4892,76,11.083993,70,21,49,0.785714,0.765306,0.625000,0.714286,0.666667,0.512272,40,9,6,15,0.878523,0.751707,0.751707
random_forest_balanced_ratio_preserved_noise_mcc_selected_v1,random_forest_class_weight_balanced,random_forest,min_samples_leaf,75/25,4,heuristic_fp_20,test,75/25,test,1.000000,True,4892,76,11.214878,84,21,63,0.869048,0.817460,0.750000,0.714286,0.731707,0.645497,58,5,6,15,0.929327,0.810828,0.810828
random_forest_balanced_ratio_preserved_noise_mcc_selected_v1,random_forest_class_weight_balanced,random_forest,min_samples_leaf,75/25,4,heuristic_fp_20,test,80/20,test,1.000000,True,4892,76,11.348626,105,21,84,0.904762,0.833333,0.789474,0.714286,0.750000,0.692679,80,4,6,15,0.959467,0.883742,0.883742
random_forest_balanced_ratio_preserved_noise_mcc_selected_v1,random_forest_class_weight_balanced,random_forest,min_samples_leaf,75/25,4,heuristic_fp_20,test,90/10,test,1.000000,True,4892,76,11.561716,210,21,189,0.880952,0.806878,0.441176,0.714286,0.545455,0.499851,170,19,6,15,0.926304,0.630337,0.630337
random_forest_balanced_ratio_preserved_noise_mcc_selected_v1,random_forest_class_weight_balanced,random_forest,min_samples_leaf,75/25,5,clean,validation_grid,75/25,valid,1.000000,True,2716,76,5.644255,76,19,57,0.855263,0.763158,0.785714,0.578947,0.666667,0.587896,54,3,8,11,0.928440,0.833424,0.833424
random_forest_balanced_ratio_preserved_noise_mcc_selected_v1,random_forest_class_weight_balanced,random_forest,min_samples_leaf,75/25,5,clean,validation_grid,75/25,valid,2.000000,False,2716,76,6.080971,76,19,57,0.815789,0.701754,0.692308,0.473684,0.562500,0.464008,53,4,10,9,0.900277,0.761022,0.761022
random_forest_balanced_ratio_preserved_noise_mcc_selected_v1,random_forest_class_weight_balanced,random_forest,min_samples_leaf,75/25,5,clean,validation_grid,75/25,valid,5.000000,False,2716,76,6.424960,76,19,57,0.828947,0.798246,0.636364,0.736842,0.682927,0.569521,49,8,5,14,0.907664,0.748464,0.748464
random_forest_balanced_ratio_preserved_noise_mcc_selected_v1,random_forest_class_weight_balanced,random_forest,min_samples_leaf,75/25,5,clean,test,50/50,test,1.000000,True,2716,76,6.511748,42,21,21,0.738095,0.738095,0.857143,0.571429,0.685714,0.505076,19,2,9,12,0.901361,0.888377,0.888377
random_forest_balanced_ratio_preserved_noise_mcc_selected_v1,random_forest_class_weight_balanced,random_forest,min_samples_leaf,75/25,5,clean,test,60/40,test,1.000000,True,2716,76,6.606984,53,21,32,0.811321,0.770089,0.923077,0.571429,0.705882,0.614073,31,1,9,12,0.900298,0.860361,0.860361
random_forest_balanced_ratio_preserved_noise_mcc_selected_v1,random_forest_class_weight_balanced,random_forest,min_samples_leaf,75/25,5,clean,test,70/30,test,1.000000,True,2716,76,6.705418,70,21,49,0.857143,0.775510,0.923077,0.571429,0.705882,0.649331,48,1,9,12,0.916910,0.829996,0.829996
random_forest_balanced_ratio_preserved_noise_mcc_selected_v1,random_forest_class_weight_balanced,random_forest,min_samples_leaf,75/25,5,clean,test,75/25,test,1.000000,True,2716,76,6.808646,84,21,63,0.857143,0.761905,0.800000,0.571429,0.666667,0.592220,60,3,9,12,0.922147,0.811415,0.811415
random_forest_balanced_ratio_preserved_noise_mcc_selected_v1,random_forest_class_weight_balanced,random_forest,min_samples_leaf,75/25,5,clean,test,80/20,test,1.000000,True,2716,76,6.956198,105,21,84,0.857143,0.750000,0.666667,0.571429,0.615385,0.530669,78,6,9,12,0.862812,0.628292,0.628292
random_forest_balanced_ratio_preserved_noise_mcc_selected_v1,random_forest_class_weight_balanced,random_forest,min_samples_leaf,75/25,5,clean,test,90/10,test,1.000000,True,2716,76,7.202052,210,21,189,0.900000,0.753968,0.500000,0.571429,0.533333,0.478947,177,12,9,12,0.904132,0.624907,0.624907
random_forest_balanced_ratio_preserved_noise_mcc_selected_v1,random_forest_class_weight_balanced,random_forest,min_samples_leaf,75/25,5,random_flip_10,validation_grid,75/25,valid,1.000000,False,2716,76,5.841308,76,19,57,0.815789,0.649123,0.857143,0.315789,0.461538,0.446596,56,1,13,6,0.919668,0.819668,0.819668
random_forest_balanced_ratio_preserved_noise_mcc_selected_v1,random_forest_class_weight_balanced,random_forest,min_samples_leaf,75/25,5,random_flip_10,validation_grid,75/25,valid,2.000000,False,2716,76,6.344849,76,19,57,0.842105,0.719298,0.818182,0.473684,0.600000,0.539792,55,2,10,9,0.917821,0.774068,0.774068
random_forest_balanced_ratio_preserved_noise_mcc_selected_v1,random_forest_class_weight_balanced,random_forest,min_samples_leaf,75/25,5,random_flip_10,validation_grid,75/25,valid,5.000000,True,2716,76,6.702745,76,19,57,0.855263,0.815789,0.700000,0.736842,0.717949,0.621059,51,6,5,14,0.909511,0.739655,0.739655
random_forest_balanced_ratio_preserved_noise_mcc_selected_v1,random_forest_class_weight_balanced,random_forest,min_samples_leaf,75/25,5,random_flip_10,test,50/50,test,5.000000,True,2716,76,6.786276,42,21,21,0.785714,0.785714,0.875000,0.666667,0.756757,0.588348,19,2,7,14,0.895692,0.889448,0.889448
random_forest_balanced_ratio_preserved_noise_mcc_selected_v1,random_forest_class_weight_balanced,random_forest,min_samples_leaf,75/25,5,random_flip_10,test,60/40,test,5.000000,True,2716,76,6.873232,53,21,32,0.830189,0.802083,0.875000,0.666667,0.756757,0.643696,30,2,7,14,0.894345,0.844548,0.844548
random_forest_balanced_ratio_preserved_noise_mcc_selected_v1,random_forest_class_weight_balanced,random_forest,min_samples_leaf,75/25,5,random_flip_10,test,70/30,test,5.000000,True,2716,76,6.964827,70,21,49,0.857143,0.802721,0.823529,0.666667,0.736842,0.647020,46,3,7,14,0.906706,0.837022,0.837022
random_forest_balanced_ratio_preserved_noise_mcc_selected_v1,random_forest_class_weight_balanced,random_forest,min_samples_leaf,75/25,5,random_flip_10,test,75/25,test,5.000000,True,2716,76,7.065830,84,21,63,0.892857,0.817460,0.875000,0.666667,0.756757,0.700140,61,2,7,14,0.938020,0.860375,0.860375
random_forest_balanced_ratio_preserved_noise_mcc_selected_v1,random_forest_class_weight_balanced,random_forest,min_samples_leaf,75/25,5,random_flip_10,test,80/20,test,5.000000,True,2716,76,7.243223,105,21,84,0.819048,0.761905,0.538462,0.666667,0.595745,0.485425,72,12,7,14,0.860544,0.614705,0.614705
random_forest_balanced_ratio_preserved_noise_mcc_selected_v1,random_forest_class_weight_balanced,random_forest,min_samples_leaf,75/25,5,random_flip_10,test,90/10,test,5.000000,True,2716,76,7.506614,210,21,189,0.876190,0.783069,0.424242,0.666667,0.518519,0.466680,170,19,7,14,0.900731,0.571035,0.571035
random_forest_balanced_ratio_preserved_noise_mcc_selected_v1,random_forest_class_weight_balanced,random_forest,min_samples_leaf,75/25,5,random_flip_20,validation_grid,75/25,valid,1.000000,False,2716,76,5.889564,76,19,57,0.750000,0.517544,0.500000,0.052632,0.095238,0.094916,56,1,18,1,0.789012,0.581021,0.581021
random_forest_balanced_ratio_preserved_noise_mcc_selected_v1,random_forest_class_weight_balanced,random_forest,min_samples_leaf,75/25,5,random_flip_20,validation_grid,75/25,valid,2.000000,True,2716,76,6.428210,76,19,57,0.815789,0.631579,1.000000,0.263158,0.416667,0.459639,57,0,14,5,0.728532,0.595447,0.595447
random_forest_balanced_ratio_preserved_noise_mcc_selected_v1,random_forest_class_weight_balanced,random_forest,min_samples_leaf,75/25,5,random_flip_20,validation_grid,75/25,valid,5.000000,False,2716,76,6.864611,76,19,57,0.802632,0.622807,0.833333,0.263158,0.400000,0.394405,56,1,14,5,0.824561,0.667666,0.667666
random_forest_balanced_ratio_preserved_noise_mcc_selected_v1,random_forest_class_weight_balanced,random_forest,min_samples_leaf,75/25,5,random_flip_20,test,50/50,test,2.000000,True,2716,76,6.952309,42,21,21,0.547619,0.547619,0.750000,0.142857,0.240000,0.162221,20,1,18,3,0.820862,0.802859,0.802859
random_forest_balanced_ratio_preserved_noise_mcc_selected_v1,random_forest_class_weight_balanced,random_forest,min_samples_leaf,75/25,5,random_flip_20,test,60/40,test,2.000000,True,2716,76,7.053777,53,21,32,0.641509,0.555804,0.750000,0.142857,0.240000,0.206656,31,1,18,3,0.793155,0.719589,0.719589
random_forest_balanced_ratio_preserved_noise_mcc_selected_v1,random_forest_class_weight_balanced,random_forest,min_samples_leaf,75/25,5,random_flip_20,test,70/30,test,2.000000,True,2716,76,7.155547,70,21,49,0.742857,0.571429,1.000000,0.142857,0.250000,0.323230,49,0,18,3,0.790087,0.685729,0.685729
random_forest_balanced_ratio_preserved_noise_mcc_selected_v1,random_forest_class_weight_balanced,random_forest,min_samples_leaf,75/25,5,random_flip_20,test,75/25,test,2.000000,True,2716,76,7.253011,84,21,63,0.785714,0.571429,1.000000,0.142857,0.250000,0.333333,63,0,18,3,0.836735,0.718182,0.718182
random_forest_balanced_ratio_preserved_noise_mcc_selected_v1,random_forest_class_weight_balanced,random_forest,min_samples_leaf,75/25,5,random_flip_20,test,80/20,test,2.000000,True,2716,76,7.398533,105,21,84,0.828571,0.571429,1.000000,0.142857,0.250000,0.342997,84,0,18,3,0.788549,0.613748,0.613748
random_forest_balanced_ratio_preserved_noise_mcc_selected_v1,random_forest_class_weight_balanced,random_forest,min_samples_leaf,75/25,5,random_flip_20,test,90/10,test,2.000000,True,2716,76,7.666433,210,21,189,0.895238,0.560847,0.428571,0.142857,0.214286,0.203381,185,4,18,3,0.798690,0.386308,0.386308
random_forest_balanced_ratio_preserved_noise_mcc_selected_v1,random_forest_class_weight_balanced,random_forest,min_samples_leaf,75/25,5,random_fp_10,validation_grid,75/25,valid,1.000000,False,3804,76,7.749448,76,19,57,0.842105,0.719298,0.818182,0.473684,0.600000,0.539792,55,2,10,9,0.910896,0.763240,0.763240
random_forest_balanced_ratio_preserved_noise_mcc_selected_v1,random_forest_class_weight_balanced,random_forest,min_samples_leaf,75/25,5,random_fp_10,validation_grid,75/25,valid,2.000000,False,3804,76,8.505201,76,19,57,0.815789,0.666667,0.777778,0.368421,0.500000,0.446719,55,2,12,7,0.868883,0.722046,0.722046
random_forest_balanced_ratio_preserved_noise_mcc_selected_v1,random_forest_class_weight_balanced,random_forest,min_samples_leaf,75/25,5,random_fp_10,validation_grid,75/25,valid,5.000000,True,3804,76,9.008161,76,19,57,0.828947,0.780702,0.650000,0.684211,0.666667,0.552052,50,7,6,13,0.879963,0.761114,0.761114
random_forest_balanced_ratio_preserved_noise_mcc_selected_v1,random_forest_class_weight_balanced,random_forest,min_samples_leaf,75/25,5,random_fp_10,test,50/50,test,5.000000,True,3804,76,9.096283,42,21,21,0.738095,0.738095,0.857143,0.571429,0.685714,0.505076,19,2,9,12,0.911565,0.911197,0.911197
random_forest_balanced_ratio_preserved_noise_mcc_selected_v1,random_forest_class_weight_balanced,random_forest,min_samples_leaf,75/25,5,random_fp_10,test,60/40,test,5.000000,True,3804,76,9.185328,53,21,32,0.773585,0.738839,0.800000,0.571429,0.666667,0.518660,29,3,9,12,0.894345,0.872444,0.872444
random_forest_balanced_ratio_preserved_noise_mcc_selected_v1,random_forest_class_weight_balanced,random_forest,min_samples_leaf,75/25,5,random_fp_10,test,70/30,test,5.000000,True,3804,76,9.287539,70,21,49,0.814286,0.744898,0.750000,0.571429,0.648649,0.534522,45,4,9,12,0.899903,0.831238,0.831238
random_forest_balanced_ratio_preserved_noise_mcc_selected_v1,random_forest_class_weight_balanced,random_forest,min_samples_leaf,75/25,5,random_fp_10,test,75/25,test,5.000000,True,3804,76,9.397816,84,21,63,0.821429,0.738095,0.666667,0.571429,0.615385,0.502519,57,6,9,12,0.919879,0.819060,0.819060
random_forest_balanced_ratio_preserved_noise_mcc_selected_v1,random_forest_class_weight_balanced,random_forest,min_samples_leaf,75/25,5,random_fp_10,test,80/20,test,5.000000,True,3804,76,9.540265,105,21,84,0.828571,0.732143,0.571429,0.571429,0.571429,0.464286,75,9,9,12,0.875850,0.655562,0.655562
random_forest_balanced_ratio_preserved_noise_mcc_selected_v1,random_forest_class_weight_balanced,random_forest,min_samples_leaf,75/25,5,random_fp_10,test,90/10,test,5.000000,True,3804,76,9.781176,210,21,189,0.885714,0.746032,0.444444,0.571429,0.500000,0.441016,174,15,9,12,0.905014,0.656132,0.656132
random_forest_balanced_ratio_preserved_noise_mcc_selected_v1,random_forest_class_weight_balanced,random_forest,min_samples_leaf,75/25,5,random_fp_20,validation_grid,75/25,valid,1.000000,False,4892,76,8.876004,76,19,57,0.855263,0.710526,1.000000,0.421053,0.592593,0.594089,57,0,11,8,0.892428,0.786986,0.786986
random_forest_balanced_ratio_preserved_noise_mcc_selected_v1,random_forest_class_weight_balanced,random_forest,min_samples_leaf,75/25,5,random_fp_20,validation_grid,75/25,valid,2.000000,True,4892,76,9.940224,76,19,57,0.881579,0.763158,1.000000,0.526316,0.689655,0.674200,57,0,9,10,0.870729,0.781016,0.781016
random_forest_balanced_ratio_preserved_noise_mcc_selected_v1,random_forest_class_weight_balanced,random_forest,min_samples_leaf,75/25,5,random_fp_20,validation_grid,75/25,valid,5.000000,False,4892,76,10.673555,76,19,57,0.789474,0.684211,0.600000,0.473684,0.529412,0.400819,51,6,10,9,0.849492,0.718479,0.718479
random_forest_balanced_ratio_preserved_noise_mcc_selected_v1,random_forest_class_weight_balanced,random_forest,min_samples_leaf,75/25,5,random_fp_20,test,50/50,test,2.000000,True,4892,76,10.765434,42,21,21,0.690476,0.690476,0.900000,0.428571,0.580645,0.447214,20,1,12,9,0.882086,0.897167,0.897167
random_forest_balanced_ratio_preserved_noise_mcc_selected_v1,random_forest_class_weight_balanced,random_forest,min_samples_leaf,75/25,5,random_fp_20,test,60/40,test,2.000000,True,4892,76,10.869553,53,21,32,0.754717,0.698661,0.900000,0.428571,0.580645,0.496698,31,1,12,9,0.851190,0.807843,0.807843
random_forest_balanced_ratio_preserved_noise_mcc_selected_v1,random_forest_class_weight_balanced,random_forest,min_samples_leaf,75/25,5,random_fp_20,test,70/30,test,2.000000,True,4892,76,10.975632,70,21,49,0.814286,0.704082,0.900000,0.428571,0.580645,0.534522,48,1,12,9,0.862974,0.823486,0.823486
random_forest_balanced_ratio_preserved_noise_mcc_selected_v1,random_forest_class_weight_balanced,random_forest,min_samples_leaf,75/25,5,random_fp_20,test,75/25,test,2.000000,True,4892,76,11.081684,84,21,63,0.845238,0.706349,0.900000,0.428571,0.580645,0.551819,62,1,12,9,0.876039,0.796977,0.796977
random_forest_balanced_ratio_preserved_noise_mcc_selected_v1,random_forest_class_weight_balanced,random_forest,min_samples_leaf,75/25,5,random_fp_20,test,80/20,test,2.000000,True,4892,76,11.256380,105,21,84,0.857143,0.696429,0.750000,0.428571,0.545455,0.493915,81,3,12,9,0.847506,0.657118,0.657118
random_forest_balanced_ratio_preserved_noise_mcc_selected_v1,random_forest_class_weight_balanced,random_forest,min_samples_leaf,75/25,5,random_fp_20,test,90/10,test,2.000000,True,4892,76,11.537727,210,21,189,0.914286,0.698413,0.600000,0.428571,0.500000,0.462250,183,6,12,9,0.868481,0.592114,0.592114
random_forest_balanced_ratio_preserved_noise_mcc_selected_v1,random_forest_class_weight_balanced,random_forest,min_samples_leaf,75/25,5,heuristic_fp_10,validation_grid,75/25,valid,1.000000,False,3804,76,7.560980,76,19,57,0.789474,0.771930,0.560000,0.736842,0.636364,0.501240,46,11,5,14,0.884118,0.752686,0.752686
random_forest_balanced_ratio_preserved_noise_mcc_selected_v1,random_forest_class_weight_balanced,random_forest,min_samples_leaf,75/25,5,heuristic_fp_10,validation_grid,75/25,valid,2.000000,False,3804,76,8.132584,76,19,57,0.763158,0.754386,0.518519,0.736842,0.608696,0.460317,44,13,5,14,0.867036,0.700736,0.700736
random_forest_balanced_ratio_preserved_noise_mcc_selected_v1,random_forest_class_weight_balanced,random_forest,min_samples_leaf,75/25,5,heuristic_fp_10,validation_grid,75/25,valid,5.000000,True,3804,76,8.574223,76,19,57,0.763158,0.789474,0.516129,0.842105,0.640000,0.510113,42,15,3,16,0.892890,0.731203,0.731203
random_forest_balanced_ratio_preserved_noise_mcc_selected_v1,random_forest_class_weight_balanced,random_forest,min_samples_leaf,75/25,5,heuristic_fp_10,test,50/50,test,5.000000,True,3804,76,8.674716,42,21,21,0.857143,0.857143,0.894737,0.809524,0.850000,0.717547,19,2,4,17,0.936508,0.912059,0.912059
random_forest_balanced_ratio_preserved_noise_mcc_selected_v1,random_forest_class_weight_balanced,random_forest,min_samples_leaf,75/25,5,heuristic_fp_10,test,60/40,test,5.000000,True,3804,76,8.767433,53,21,32,0.867925,0.857887,0.850000,0.809524,0.829268,0.722252,29,3,4,17,0.928571,0.818122,0.818122
random_forest_balanced_ratio_preserved_noise_mcc_selected_v1,random_forest_class_weight_balanced,random_forest,min_samples_leaf,75/25,5,heuristic_fp_10,test,70/30,test,5.000000,True,3804,76,8.891900,70,21,49,0.828571,0.823129,0.680000,0.809524,0.739130,0.618070,41,8,4,17,0.933916,0.841657,0.841657
random_forest_balanced_ratio_preserved_noise_mcc_selected_v1,random_forest_class_weight_balanced,random_forest,min_samples_leaf,75/25,5,heuristic_fp_10,test,75/25,test,5.000000,True,3804,76,9.001384,84,21,63,0.869048,0.849206,0.708333,0.809524,0.755556,0.669439,56,7,4,17,0.940287,0.800744,0.800744
random_forest_balanced_ratio_preserved_noise_mcc_selected_v1,random_forest_class_weight_balanced,random_forest,min_samples_leaf,75/25,5,heuristic_fp_10,test,80/20,test,5.000000,True,3804,76,9.160135,105,21,84,0.819048,0.815476,0.531250,0.809524,0.641509,0.548289,69,15,4,17,0.911565,0.644703,0.644703
random_forest_balanced_ratio_preserved_noise_mcc_selected_v1,random_forest_class_weight_balanced,random_forest,min_samples_leaf,75/25,5,heuristic_fp_10,test,90/10,test,5.000000,True,3804,76,9.496400,210,21,189,0.838095,0.825397,0.361702,0.809524,0.500000,0.468426,159,30,4,17,0.921391,0.516338,0.516338
random_forest_balanced_ratio_preserved_noise_mcc_selected_v1,random_forest_class_weight_balanced,random_forest,min_samples_leaf,75/25,5,heuristic_fp_20,validation_grid,75/25,valid,1.000000,False,4892,76,8.688874,76,19,57,0.802632,0.763158,0.590909,0.684211,0.634146,0.502519,48,9,6,13,0.885503,0.761123,0.761123
random_forest_balanced_ratio_preserved_noise_mcc_selected_v1,random_forest_class_weight_balanced,random_forest,min_samples_leaf,75/25,5,heuristic_fp_20,validation_grid,75/25,valid,2.000000,True,4892,76,9.579588,76,19,57,0.815789,0.807018,0.600000,0.789474,0.681818,0.565916,47,10,4,15,0.906741,0.795212,0.795212
random_forest_balanced_ratio_preserved_noise_mcc_selected_v1,random_forest_class_weight_balanced,random_forest,min_samples_leaf,75/25,5,heuristic_fp_20,validation_grid,75/25,valid,5.000000,False,4892,76,10.200399,76,19,57,0.710526,0.736842,0.454545,0.789474,0.576923,0.413820,39,18,4,15,0.873500,0.726026,0.726026
random_forest_balanced_ratio_preserved_noise_mcc_selected_v1,random_forest_class_weight_balanced,random_forest,min_samples_leaf,75/25,5,heuristic_fp_20,test,50/50,test,2.000000,True,4892,76,10.290509,42,21,21,0.880952,0.880952,0.944444,0.809524,0.871795,0.769800,20,1,4,17,0.970522,0.965827,0.965827
random_forest_balanced_ratio_preserved_noise_mcc_selected_v1,random_forest_class_weight_balanced,random_forest,min_samples_leaf,75/25,5,heuristic_fp_20,test,60/40,test,2.000000,True,4892,76,10.382728,53,21,32,0.849057,0.842262,0.809524,0.809524,0.809524,0.684524,28,4,4,17,0.936012,0.823631,0.823631
random_forest_balanced_ratio_preserved_noise_mcc_selected_v1,random_forest_class_weight_balanced,random_forest,min_samples_leaf,75/25,5,heuristic_fp_20,test,70/30,test,2.000000,True,4892,76,10.487668,70,21,49,0.857143,0.843537,0.739130,0.809524,0.772727,0.670346,43,6,4,17,0.965015,0.926517,0.926517
random_forest_balanced_ratio_preserved_noise_mcc_selected_v1,random_forest_class_weight_balanced,random_forest,min_samples_leaf,75/25,5,heuristic_fp_20,test,75/25,test,2.000000,True,4892,76,10.593728,84,21,63,0.892857,0.865079,0.772727,0.809524,0.790698,0.719101,58,5,4,17,0.962963,0.891785,0.891785
random_forest_balanced_ratio_preserved_noise_mcc_selected_v1,random_forest_class_weight_balanced,random_forest,min_samples_leaf,75/25,5,heuristic_fp_20,test,80/20,test,2.000000,True,4892,76,10.746663,105,21,84,0.838095,0.827381,0.566667,0.809524,0.666667,0.579751,71,13,4,17,0.948980,0.760487,0.760487
random_forest_balanced_ratio_preserved_noise_mcc_selected_v1,random_forest_class_weight_balanced,random_forest,min_samples_leaf,75/25,5,heuristic_fp_20,test,90/10,test,2.000000,True,4892,76,11.004488,210,21,189,0.871429,0.843915,0.425000,0.809524,0.557377,0.525494,166,23,4,17,0.957924,0.755650,0.755650
random_forest_balanced_ratio_preserved_noise_mcc_selected_v1,random_forest_class_weight_balanced,random_forest,min_samples_leaf,80/20,1,clean,validation_grid,80/20,valid,1.000000,False,3395,95,7.027410,95,19,76,0.852632,0.651316,0.857143,0.315789,0.461538,0.463348,75,1,13,6,0.897507,0.700251,0.700251
random_forest_balanced_ratio_preserved_noise_mcc_selected_v1,random_forest_class_weight_balanced,random_forest,min_samples_leaf,80/20,1,clean,validation_grid,80/20,valid,2.000000,False,3395,95,7.514333,95,19,76,0.842105,0.625000,0.833333,0.263158,0.400000,0.411105,75,1,14,5,0.885388,0.687525,0.687525
random_forest_balanced_ratio_preserved_noise_mcc_selected_v1,random_forest_class_weight_balanced,random_forest,min_samples_leaf,80/20,1,clean,validation_grid,80/20,valid,5.000000,True,3395,95,7.937159,95,19,76,0.884211,0.848684,0.681818,0.789474,0.731707,0.661261,69,7,4,15,0.912742,0.750740,0.750740
random_forest_balanced_ratio_preserved_noise_mcc_selected_v1,random_forest_class_weight_balanced,random_forest,min_samples_leaf,80/20,1,clean,test,50/50,test,5.000000,True,3395,95,8.022775,42,21,21,0.785714,0.785714,0.928571,0.619048,0.742857,0.606092,20,1,8,13,0.909297,0.921972,0.921972
random_forest_balanced_ratio_preserved_noise_mcc_selected_v1,random_forest_class_weight_balanced,random_forest,min_samples_leaf,80/20,1,clean,test,60/40,test,5.000000,True,3395,95,8.130519,53,21,32,0.849057,0.809524,1.000000,0.619048,0.764706,0.703732,32,0,8,13,0.912202,0.895334,0.895334
random_forest_balanced_ratio_preserved_noise_mcc_selected_v1,random_forest_class_weight_balanced,random_forest,min_samples_leaf,80/20,1,clean,test,70/30,test,5.000000,True,3395,95,8.228615,70,21,49,0.857143,0.789116,0.866667,0.619048,0.722222,0.645777,47,2,8,13,0.936832,0.868681,0.868681
random_forest_balanced_ratio_preserved_noise_mcc_selected_v1,random_forest_class_weight_balanced,random_forest,min_samples_leaf,80/20,1,clean,test,75/25,test,5.000000,True,3395,95,8.331426,84,21,63,0.892857,0.801587,0.928571,0.619048,0.742857,0.700826,62,1,8,13,0.942555,0.872149,0.872149
random_forest_balanced_ratio_preserved_noise_mcc_selected_v1,random_forest_class_weight_balanced,random_forest,min_samples_leaf,80/20,1,clean,test,80/20,test,5.000000,True,3395,95,8.453481,105,21,84,0.847619,0.761905,0.619048,0.619048,0.619048,0.523810,76,8,8,13,0.910998,0.743070,0.743070
random_forest_balanced_ratio_preserved_noise_mcc_selected_v1,random_forest_class_weight_balanced,random_forest,min_samples_leaf,80/20,1,clean,test,90/10,test,5.000000,True,3395,95,8.688731,210,21,189,0.895238,0.772487,0.481481,0.619048,0.541667,0.488437,175,14,8,13,0.902242,0.649164,0.649164
random_forest_balanced_ratio_preserved_noise_mcc_selected_v1,random_forest_class_weight_balanced,random_forest,min_samples_leaf,80/20,1,random_flip_10,validation_grid,80/20,valid,1.000000,False,3395,95,7.208512,95,19,76,0.831579,0.578947,1.000000,0.157895,0.272727,0.361158,76,0,16,3,0.850762,0.648470,0.648470
random_forest_balanced_ratio_preserved_noise_mcc_selected_v1,random_forest_class_weight_balanced,random_forest,min_samples_leaf,80/20,1,random_flip_10,validation_grid,80/20,valid,2.000000,True,3395,95,7.801455,95,19,76,0.852632,0.631579,1.000000,0.263158,0.416667,0.471405,76,0,14,5,0.873269,0.714890,0.714890
random_forest_balanced_ratio_preserved_noise_mcc_selected_v1,random_forest_class_weight_balanced,random_forest,min_samples_leaf,80/20,1,random_flip_10,validation_grid,80/20,valid,5.000000,False,3395,95,8.230391,95,19,76,0.842105,0.684211,0.666667,0.421053,0.516129,0.443607,72,4,11,8,0.858033,0.639418,0.639418
random_forest_balanced_ratio_preserved_noise_mcc_selected_v1,random_forest_class_weight_balanced,random_forest,min_samples_leaf,80/20,1,random_flip_10,test,50/50,test,2.000000,True,3395,95,8.315320,42,21,21,0.714286,0.714286,1.000000,0.428571,0.600000,0.522233,21,0,12,9,0.897959,0.914836,0.914836
random_forest_balanced_ratio_preserved_noise_mcc_selected_v1,random_forest_class_weight_balanced,random_forest,min_samples_leaf,80/20,1,random_flip_10,test,60/40,test,2.000000,True,3395,95,8.413884,53,21,32,0.773585,0.714286,1.000000,0.428571,0.600000,0.558291,32,0,12,9,0.882440,0.868676,0.868676
random_forest_balanced_ratio_preserved_noise_mcc_selected_v1,random_forest_class_weight_balanced,random_forest,min_samples_leaf,80/20,1,random_flip_10,test,70/30,test,2.000000,True,3395,95,8.502809,70,21,49,0.814286,0.704082,0.900000,0.428571,0.580645,0.534522,48,1,12,9,0.877551,0.800357,0.800357
random_forest_balanced_ratio_preserved_noise_mcc_selected_v1,random_forest_class_weight_balanced,random_forest,min_samples_leaf,80/20,1,random_flip_10,test,75/25,test,2.000000,True,3395,95,8.602134,84,21,63,0.857143,0.714286,1.000000,0.428571,0.600000,0.600000,63,0,12,9,0.923658,0.825885,0.825885
random_forest_balanced_ratio_preserved_noise_mcc_selected_v1,random_forest_class_weight_balanced,random_forest,min_samples_leaf,80/20,1,random_flip_10,test,80/20,test,2.000000,True,3395,95,8.724703,105,21,84,0.885714,0.714286,1.000000,0.428571,0.600000,0.612372,84,0,12,9,0.879252,0.728049,0.728049
random_forest_balanced_ratio_preserved_noise_mcc_selected_v1,random_forest_class_weight_balanced,random_forest,min_samples_leaf,80/20,1,random_flip_10,test,90/10,test,2.000000,True,3395,95,8.953764,210,21,189,0.938095,0.711640,0.900000,0.428571,0.580645,0.596285,188,1,12,9,0.883472,0.654190,0.654190
random_forest_balanced_ratio_preserved_noise_mcc_selected_v1,random_forest_class_weight_balanced,random_forest,min_samples_leaf,80/20,1,random_flip_20,validation_grid,80/20,valid,1.000000,False,3395,95,7.550124,95,19,76,0.810526,0.526316,1.000000,0.052632,0.100000,0.206284,76,0,18,1,0.785319,0.546778,0.546778
random_forest_balanced_ratio_preserved_noise_mcc_selected_v1,random_forest_class_weight_balanced,random_forest,min_samples_leaf,80/20,1,random_flip_20,validation_grid,80/20,valid,2.000000,False,3395,95,8.188268,95,19,76,0.810526,0.526316,1.000000,0.052632,0.100000,0.206284,76,0,18,1,0.805402,0.562594,0.562594
random_forest_balanced_ratio_preserved_noise_mcc_selected_v1,random_forest_class_weight_balanced,random_forest,min_samples_leaf,80/20,1,random_flip_20,validation_grid,80/20,valid,5.000000,True,3395,95,8.714636,95,19,76,0.821053,0.572368,0.750000,0.157895,0.260870,0.288278,75,1,16,3,0.804017,0.589815,0.589815
random_forest_balanced_ratio_preserved_noise_mcc_selected_v1,random_forest_class_weight_balanced,random_forest,min_samples_leaf,80/20,1,random_flip_20,test,50/50,test,5.000000,True,3395,95,8.818488,42,21,21,0.571429,0.571429,1.000000,0.142857,0.250000,0.277350,21,0,18,3,0.823129,0.858820,0.858820
random_forest_balanced_ratio_preserved_noise_mcc_selected_v1,random_forest_class_weight_balanced,random_forest,min_samples_leaf,80/20,1,random_flip_20,test,60/40,test,5.000000,True,3395,95,8.943727,53,21,32,0.660377,0.571429,1.000000,0.142857,0.250000,0.302372,32,0,18,3,0.772321,0.760216,0.760216
random_forest_balanced_ratio_preserved_noise_mcc_selected_v1,random_forest_class_weight_balanced,random_forest,min_samples_leaf,80/20,1,random_flip_20,test,70/30,test,5.000000,True,3395,95,9.046822,70,21,49,0.742857,0.571429,1.000000,0.142857,0.250000,0.323230,49,0,18,3,0.815355,0.735566,0.735566
random_forest_balanced_ratio_preserved_noise_mcc_selected_v1,random_forest_class_weight_balanced,random_forest,min_samples_leaf,80/20,1,random_flip_20,test,75/25,test,5.000000,True,3395,95,9.165868,84,21,63,0.785714,0.571429,1.000000,0.142857,0.250000,0.333333,63,0,18,3,0.849584,0.751558,0.751558
random_forest_balanced_ratio_preserved_noise_mcc_selected_v1,random_forest_class_weight_balanced,random_forest,min_samples_leaf,80/20,1,random_flip_20,test,80/20,test,5.000000,True,3395,95,9.313133,105,21,84,0.828571,0.571429,1.000000,0.142857,0.250000,0.342997,84,0,18,3,0.828231,0.650080,0.650080
random_forest_balanced_ratio_preserved_noise_mcc_selected_v1,random_forest_class_weight_balanced,random_forest,min_samples_leaf,80/20,1,random_flip_20,test,90/10,test,5.000000,True,3395,95,9.609015,210,21,189,0.914286,0.571429,1.000000,0.142857,0.250000,0.361158,189,0,18,3,0.814437,0.544078,0.544078
random_forest_balanced_ratio_preserved_noise_mcc_selected_v1,random_forest_class_weight_balanced,random_forest,min_samples_leaf,80/20,1,random_fp_10,validation_grid,80/20,valid,1.000000,False,5095,95,9.688142,95,19,76,0.842105,0.625000,0.833333,0.263158,0.400000,0.411105,75,1,14,5,0.899931,0.720765,0.720765
random_forest_balanced_ratio_preserved_noise_mcc_selected_v1,random_forest_class_weight_balanced,random_forest,min_samples_leaf,80/20,1,random_fp_10,validation_grid,80/20,valid,2.000000,False,5095,95,10.661436,95,19,76,0.842105,0.625000,0.833333,0.263158,0.400000,0.411105,75,1,14,5,0.872922,0.692430,0.692430
random_forest_balanced_ratio_preserved_noise_mcc_selected_v1,random_forest_class_weight_balanced,random_forest,min_samples_leaf,80/20,1,random_fp_10,validation_grid,80/20,valid,5.000000,True,5095,95,11.379012,95,19,76,0.852632,0.710526,0.692308,0.473684,0.562500,0.490051,72,4,10,9,0.903740,0.723207,0.723207
random_forest_balanced_ratio_preserved_noise_mcc_selected_v1,random_forest_class_weight_balanced,random_forest,min_samples_leaf,80/20,1,random_fp_10,test,50/50,test,5.000000,True,5095,95,11.465256,42,21,21,0.761905,0.761905,1.000000,0.523810,0.687500,0.595683,21,0,10,11,0.900227,0.926643,0.926643
random_forest_balanced_ratio_preserved_noise_mcc_selected_v1,random_forest_class_weight_balanced,random_forest,min_samples_leaf,80/20,1,random_fp_10,test,60/40,test,5.000000,True,5095,95,11.558212,53,21,32,0.811321,0.761905,1.000000,0.523810,0.687500,0.631738,32,0,10,11,0.898810,0.890283,0.890283
random_forest_balanced_ratio_preserved_noise_mcc_selected_v1,random_forest_class_weight_balanced,random_forest,min_samples_leaf,80/20,1,random_fp_10,test,70/30,test,5.000000,True,5095,95,11.658205,70,21,49,0.842857,0.751701,0.916667,0.523810,0.666667,0.612093,48,1,10,11,0.924198,0.881185,0.881185
random_forest_balanced_ratio_preserved_noise_mcc_selected_v1,random_forest_class_weight_balanced,random_forest,min_samples_leaf,80/20,1,random_fp_10,test,75/25,test,5.000000,True,5095,95,11.766226,84,21,63,0.869048,0.753968,0.916667,0.523810,0.666667,0.628539,62,1,10,11,0.921391,0.847744,0.847744
random_forest_balanced_ratio_preserved_noise_mcc_selected_v1,random_forest_class_weight_balanced,random_forest,min_samples_leaf,80/20,1,random_fp_10,test,80/20,test,5.000000,True,5095,95,11.900180,105,21,84,0.857143,0.732143,0.687500,0.523810,0.594595,0.516749,79,5,10,11,0.892290,0.701338,0.701338
random_forest_balanced_ratio_preserved_noise_mcc_selected_v1,random_forest_class_weight_balanced,random_forest,min_samples_leaf,80/20,1,random_fp_10,test,90/10,test,5.000000,True,5095,95,12.134687,210,21,189,0.919048,0.743386,0.611111,0.523810,0.564103,0.521651,182,7,10,11,0.902620,0.660182,0.660182
random_forest_balanced_ratio_preserved_noise_mcc_selected_v1,random_forest_class_weight_balanced,random_forest,min_samples_leaf,80/20,1,random_fp_20,validation_grid,80/20,valid,1.000000,True,6790,95,12.137482,95,19,76,0.852632,0.631579,1.000000,0.263158,0.416667,0.471405,76,0,14,5,0.912050,0.776254,0.776254
random_forest_balanced_ratio_preserved_noise_mcc_selected_v1,random_forest_class_weight_balanced,random_forest,min_samples_leaf,80/20,1,random_fp_20,validation_grid,80/20,valid,2.000000,False,6790,95,13.646168,95,19,76,0.842105,0.605263,1.000000,0.210526,0.347826,0.419314,76,0,15,4,0.865651,0.699728,0.699728
random_forest_balanced_ratio_preserved_noise_mcc_selected_v1,random_forest_class_weight_balanced,random_forest,min_samples_leaf,80/20,1,random_fp_20,validation_grid,80/20,valid,5.000000,False,6790,95,14.763549,95,19,76,0.842105,0.664474,0.700000,0.368421,0.482759,0.428746,73,3,12,7,0.890582,0.692278,0.692278
random_forest_balanced_ratio_preserved_noise_mcc_selected_v1,random_forest_class_weight_balanced,random_forest,min_samples_leaf,80/20,1,random_fp_20,test,50/50,test,1.000000,True,6790,95,14.846728,42,21,21,0.595238,0.595238,1.000000,0.190476,0.320000,0.324443,21,0,17,4,0.843537,0.860671,0.860671
random_forest_balanced_ratio_preserved_noise_mcc_selected_v1,random_forest_class_weight_balanced,random_forest,min_samples_leaf,80/20,1,random_fp_20,test,60/40,test,1.000000,True,6790,95,14.936617,53,21,32,0.679245,0.595238,1.000000,0.190476,0.320000,0.352693,32,0,17,4,0.901786,0.888650,0.888650
random_forest_balanced_ratio_preserved_noise_mcc_selected_v1,random_forest_class_weight_balanced,random_forest,min_samples_leaf,80/20,1,random_fp_20,test,70/30,test,1.000000,True,6790,95,15.029373,70,21,49,0.742857,0.585034,0.800000,0.190476,0.307692,0.302614,48,1,17,4,0.899417,0.789880,0.789880
random_forest_balanced_ratio_preserved_noise_mcc_selected_v1,random_forest_class_weight_balanced,random_forest,min_samples_leaf,80/20,1,random_fp_20,test,75/25,test,1.000000,True,6790,95,15.134780,84,21,63,0.797619,0.595238,1.000000,0.190476,0.320000,0.387298,63,0,17,4,0.913076,0.807763,0.807763
random_forest_balanced_ratio_preserved_noise_mcc_selected_v1,random_forest_class_weight_balanced,random_forest,min_samples_leaf,80/20,1,random_fp_20,test,80/20,test,1.000000,True,6790,95,15.260975,105,21,84,0.838095,0.595238,1.000000,0.190476,0.320000,0.398015,84,0,17,4,0.897392,0.740730,0.740730
random_forest_balanced_ratio_preserved_noise_mcc_selected_v1,random_forest_class_weight_balanced,random_forest,min_samples_leaf,80/20,1,random_fp_20,test,90/10,test,1.000000,True,6790,95,15.501666,210,21,189,0.914286,0.592593,0.800000,0.190476,0.307692,0.364405,188,1,17,4,0.884102,0.607382,0.607382
random_forest_balanced_ratio_preserved_noise_mcc_selected_v1,random_forest_class_weight_balanced,random_forest,min_samples_leaf,80/20,1,heuristic_fp_10,validation_grid,80/20,valid,1.000000,True,5095,95,9.229677,95,19,76,0.852632,0.750000,0.647059,0.578947,0.611111,0.521773,70,6,8,11,0.888850,0.732871,0.732871
random_forest_balanced_ratio_preserved_noise_mcc_selected_v1,random_forest_class_weight_balanced,random_forest,min_samples_leaf,80/20,1,heuristic_fp_10,validation_grid,80/20,valid,2.000000,False,5095,95,10.027525,95,19,76,0.831579,0.717105,0.588235,0.526316,0.555556,0.453119,69,7,9,10,0.887812,0.728636,0.728636
random_forest_balanced_ratio_preserved_noise_mcc_selected_v1,random_forest_class_weight_balanced,random_forest,min_samples_leaf,80/20,1,heuristic_fp_10,validation_grid,80/20,valid,5.000000,False,5095,95,10.625215,95,19,76,0.810526,0.782895,0.518519,0.736842,0.608696,0.501767,63,13,5,14,0.890582,0.681405,0.681405
random_forest_balanced_ratio_preserved_noise_mcc_selected_v1,random_forest_class_weight_balanced,random_forest,min_samples_leaf,80/20,1,heuristic_fp_10,test,50/50,test,1.000000,True,5095,95,10.707687,42,21,21,0.809524,0.809524,0.933333,0.666667,0.777778,0.645975,20,1,7,14,0.928571,0.933727,0.933727
random_forest_balanced_ratio_preserved_noise_mcc_selected_v1,random_forest_class_weight_balanced,random_forest,min_samples_leaf,80/20,1,heuristic_fp_10,test,60/40,test,1.000000,True,5095,95,10.798658,53,21,32,0.867925,0.833333,1.000000,0.666667,0.800000,0.739600,32,0,7,14,0.950893,0.936375,0.936375
random_forest_balanced_ratio_preserved_noise_mcc_selected_v1,random_forest_class_weight_balanced,random_forest,min_samples_leaf,80/20,1,heuristic_fp_10,test,70/30,test,1.000000,True,5095,95,10.892460,70,21,49,0.828571,0.782313,0.736842,0.666667,0.700000,0.581844,44,5,7,14,0.925656,0.815874,0.815874
random_forest_balanced_ratio_preserved_noise_mcc_selected_v1,random_forest_class_weight_balanced,random_forest,min_samples_leaf,80/20,1,heuristic_fp_10,test,75/25,test,1.000000,True,5095,95,10.998001,84,21,63,0.904762,0.825397,0.933333,0.666667,0.777778,0.735789,62,1,7,14,0.969388,0.927353,0.927353
random_forest_balanced_ratio_preserved_noise_mcc_selected_v1,random_forest_class_weight_balanced,random_forest,min_samples_leaf,80/20,1,heuristic_fp_10,test,80/20,test,1.000000,True,5095,95,11.142670,105,21,84,0.895238,0.809524,0.777778,0.666667,0.717949,0.657018,80,4,7,14,0.935941,0.797532,0.797532
random_forest_balanced_ratio_preserved_noise_mcc_selected_v1,random_forest_class_weight_balanced,random_forest,min_samples_leaf,80/20,1,heuristic_fp_10,test,90/10,test,1.000000,True,5095,95,11.375592,210,21,189,0.914286,0.804233,0.560000,0.666667,0.608696,0.563665,178,11,7,14,0.931217,0.678540,0.678540
random_forest_balanced_ratio_preserved_noise_mcc_selected_v1,random_forest_class_weight_balanced,random_forest,min_samples_leaf,80/20,1,heuristic_fp_20,validation_grid,80/20,valid,1.000000,False,6790,95,11.910156,95,19,76,0.863158,0.717105,0.750000,0.473684,0.580645,0.522823,73,3,10,9,0.845222,0.649432,0.649432
random_forest_balanced_ratio_preserved_noise_mcc_selected_v1,random_forest_class_weight_balanced,random_forest,min_samples_leaf,80/20,1,heuristic_fp_20,validation_grid,80/20,valid,2.000000,False,6790,95,13.141703,95,19,76,0.821053,0.690789,0.562500,0.473684,0.514286,0.407844,69,7,10,9,0.853186,0.646950,0.646950
random_forest_balanced_ratio_preserved_noise_mcc_selected_v1,random_forest_class_weight_balanced,random_forest,min_samples_leaf,80/20,1,heuristic_fp_20,validation_grid,80/20,valid,5.000000,True,6790,95,14.062477,95,19,76,0.800000,0.815789,0.500000,0.842105,0.627451,0.534522,60,16,3,16,0.866343,0.647482,0.647482
random_forest_balanced_ratio_preserved_noise_mcc_selected_v1,random_forest_class_weight_balanced,random_forest,min_samples_leaf,80/20,1,heuristic_fp_20,test,50/50,test,5.000000,True,6790,95,14.151143,42,21,21,0.833333,0.833333,0.818182,0.857143,0.837209,0.667424,17,4,3,18,0.893424,0.851492,0.851492
random_forest_balanced_ratio_preserved_noise_mcc_selected_v1,random_forest_class_weight_balanced,random_forest,min_samples_leaf,80/20,1,heuristic_fp_20,test,60/40,test,5.000000,True,6790,95,14.243729,53,21,32,0.905660,0.897321,0.900000,0.857143,0.878049,0.801834,30,2,3,18,0.965774,0.951932,0.951932
random_forest_balanced_ratio_preserved_noise_mcc_selected_v1,random_forest_class_weight_balanced,random_forest,min_samples_leaf,80/20,1,heuristic_fp_20,test,70/30,test,5.000000,True,6790,95,14.339463,70,21,49,0.857143,0.857143,0.720000,0.857143,0.782609,0.683130,42,7,3,18,0.934888,0.849937,0.849937
random_forest_balanced_ratio_preserved_noise_mcc_selected_v1,random_forest_class_weight_balanced,random_forest,min_samples_leaf,80/20,1,heuristic_fp_20,test,75/25,test,5.000000,True,6790,95,14.439584,84,21,63,0.892857,0.880952,0.750000,0.857143,0.800000,0.730297,57,6,3,18,0.965986,0.920885,0.920885
random_forest_balanced_ratio_preserved_noise_mcc_selected_v1,random_forest_class_weight_balanced,random_forest,min_samples_leaf,80/20,1,heuristic_fp_20,test,80/20,test,5.000000,True,6790,95,14.561216,105,21,84,0.838095,0.845238,0.562500,0.857143,0.679245,0.600014,70,14,3,18,0.928571,0.704867,0.704867
random_forest_balanced_ratio_preserved_noise_mcc_selected_v1,random_forest_class_weight_balanced,random_forest,min_samples_leaf,80/20,1,heuristic_fp_20,test,90/10,test,5.000000,True,6790,95,14.782692,210,21,189,0.890476,0.875661,0.473684,0.857143,0.610169,0.585479,169,20,3,18,0.943437,0.652822,0.652822
random_forest_balanced_ratio_preserved_noise_mcc_selected_v1,random_forest_class_weight_balanced,random_forest,min_samples_leaf,80/20,2,clean,validation_grid,80/20,valid,1.000000,False,3395,95,7.120128,95,19,76,0.852632,0.671053,0.777778,0.368421,0.500000,0.467275,74,2,12,7,0.931440,0.779712,0.779712
random_forest_balanced_ratio_preserved_noise_mcc_selected_v1,random_forest_class_weight_balanced,random_forest,min_samples_leaf,80/20,2,clean,validation_grid,80/20,valid,2.000000,False,3395,95,7.634060,95,19,76,0.852632,0.671053,0.777778,0.368421,0.500000,0.467275,74,2,12,7,0.914127,0.748046,0.748046
random_forest_balanced_ratio_preserved_noise_mcc_selected_v1,random_forest_class_weight_balanced,random_forest,min_samples_leaf,80/20,2,clean,validation_grid,80/20,valid,5.000000,True,3395,95,8.056788,95,19,76,0.852632,0.730263,0.666667,0.526316,0.588235,0.505181,71,5,9,10,0.912050,0.775992,0.775992
random_forest_balanced_ratio_preserved_noise_mcc_selected_v1,random_forest_class_weight_balanced,random_forest,min_samples_leaf,80/20,2,clean,test,50/50,test,5.000000,True,3395,95,8.177392,42,21,21,0.809524,0.809524,0.933333,0.666667,0.777778,0.645975,20,1,7,14,0.936508,0.940777,0.940777
random_forest_balanced_ratio_preserved_noise_mcc_selected_v1,random_forest_class_weight_balanced,random_forest,min_samples_leaf,80/20,2,clean,test,60/40,test,5.000000,True,3395,95,8.271260,53,21,32,0.849057,0.817708,0.933333,0.666667,0.777778,0.689931,31,1,7,14,0.915179,0.896950,0.896950
random_forest_balanced_ratio_preserved_noise_mcc_selected_v1,random_forest_class_weight_balanced,random_forest,min_samples_leaf,80/20,2,clean,test,70/30,test,5.000000,True,3395,95,8.401203,70,21,49,0.814286,0.772109,0.700000,0.666667,0.682927,0.552052,43,6,7,14,0.884354,0.788853,0.788853
random_forest_balanced_ratio_preserved_noise_mcc_selected_v1,random_forest_class_weight_balanced,random_forest,min_samples_leaf,80/20,2,clean,test,75/25,test,5.000000,True,3395,95,8.525281,84,21,63,0.845238,0.785714,0.700000,0.666667,0.682927,0.580948,57,6,7,14,0.885865,0.783568,0.783568
random_forest_balanced_ratio_preserved_noise_mcc_selected_v1,random_forest_class_weight_balanced,random_forest,min_samples_leaf,80/20,2,clean,test,80/20,test,5.000000,True,3395,95,8.646678,105,21,84,0.904762,0.815476,0.823529,0.666667,0.736842,0.685141,81,3,7,14,0.920068,0.821945,0.821945
random_forest_balanced_ratio_preserved_noise_mcc_selected_v1,random_forest_class_weight_balanced,random_forest,min_samples_leaf,80/20,2,clean,test,90/10,test,5.000000,True,3395,95,8.841076,210,21,189,0.919048,0.806878,0.583333,0.666667,0.622222,0.578728,179,10,7,14,0.902494,0.656262,0.656262
random_forest_balanced_ratio_preserved_noise_mcc_selected_v1,random_forest_class_weight_balanced,random_forest,min_samples_leaf,80/20,2,random_flip_10,validation_grid,80/20,valid,1.000000,False,3395,95,7.357300,95,19,76,0.831579,0.578947,1.000000,0.157895,0.272727,0.361158,76,0,16,3,0.826524,0.608137,0.608137
random_forest_balanced_ratio_preserved_noise_mcc_selected_v1,random_forest_class_weight_balanced,random_forest,min_samples_leaf,80/20,2,random_flip_10,validation_grid,80/20,valid,2.000000,False,3395,95,7.970184,95,19,76,0.821053,0.552632,1.000000,0.105263,0.190476,0.293294,76,0,17,2,0.843490,0.653464,0.653464
random_forest_balanced_ratio_preserved_noise_mcc_selected_v1,random_forest_class_weight_balanced,random_forest,min_samples_leaf,80/20,2,random_flip_10,validation_grid,80/20,valid,5.000000,True,3395,95,8.437897,95,19,76,0.863158,0.657895,1.000000,0.315789,0.480000,0.519291,76,0,13,6,0.878116,0.700871,0.700871
random_forest_balanced_ratio_preserved_noise_mcc_selected_v1,random_forest_class_weight_balanced,random_forest,min_samples_leaf,80/20,2,random_flip_10,test,50/50,test,5.000000,True,3395,95,8.546243,42,21,21,0.738095,0.738095,1.000000,0.476190,0.645161,0.559017,21,0,11,10,0.927438,0.927954,0.927954
random_forest_balanced_ratio_preserved_noise_mcc_selected_v1,random_forest_class_weight_balanced,random_forest,min_samples_leaf,80/20,2,random_flip_10,test,60/40,test,5.000000,True,3395,95,8.638987,53,21,32,0.773585,0.722470,0.909091,0.476190,0.625000,0.536618,31,1,11,10,0.910714,0.879970,0.879970
random_forest_balanced_ratio_preserved_noise_mcc_selected_v1,random_forest_class_weight_balanced,random_forest,min_samples_leaf,80/20,2,random_flip_10,test,70/30,test,5.000000,True,3395,95,8.769870,70,21,49,0.800000,0.707483,0.769231,0.476190,0.588235,0.489003,46,3,11,10,0.894072,0.711797,0.711797
random_forest_balanced_ratio_preserved_noise_mcc_selected_v1,random_forest_class_weight_balanced,random_forest,min_samples_leaf,80/20,2,random_flip_10,test,75/25,test,5.000000,True,3395,95,8.879532,84,21,63,0.833333,0.714286,0.769231,0.476190,0.588235,0.513100,60,3,11,10,0.886621,0.750197,0.750197
random_forest_balanced_ratio_preserved_noise_mcc_selected_v1,random_forest_class_weight_balanced,random_forest,min_samples_leaf,80/20,2,random_flip_10,test,80/20,test,5.000000,True,3395,95,9.007573,105,21,84,0.876190,0.726190,0.833333,0.476190,0.606061,0.568750,82,2,11,10,0.916100,0.798764,0.798764
random_forest_balanced_ratio_preserved_noise_mcc_selected_v1,random_forest_class_weight_balanced,random_forest,min_samples_leaf,80/20,2,random_flip_10,test,90/10,test,5.000000,True,3395,95,9.210735,210,21,189,0.914286,0.719577,0.588235,0.476190,0.526316,0.483007,182,7,11,10,0.908793,0.613237,0.613237
random_forest_balanced_ratio_preserved_noise_mcc_selected_v1,random_forest_class_weight_balanced,random_forest,min_samples_leaf,80/20,2,random_flip_20,validation_grid,80/20,valid,1.000000,False,3395,95,7.780272,95,19,76,0.821053,0.572368,0.750000,0.157895,0.260870,0.288278,75,1,16,3,0.808172,0.544974,0.544974
random_forest_balanced_ratio_preserved_noise_mcc_selected_v1,random_forest_class_weight_balanced,random_forest,min_samples_leaf,80/20,2,random_flip_20,validation_grid,80/20,valid,2.000000,False,3395,95,8.426840,95,19,76,0.821053,0.572368,0.750000,0.157895,0.260870,0.288278,75,1,16,3,0.828255,0.579813,0.579813
random_forest_balanced_ratio_preserved_noise_mcc_selected_v1,random_forest_class_weight_balanced,random_forest,min_samples_leaf,80/20,2,random_flip_20,validation_grid,80/20,valid,5.000000,True,3395,95,8.966263,95,19,76,0.831579,0.618421,0.714286,0.263158,0.384615,0.362620,74,2,14,5,0.856648,0.623986,0.623986
random_forest_balanced_ratio_preserved_noise_mcc_selected_v1,random_forest_class_weight_balanced,random_forest,min_samples_leaf,80/20,2,random_flip_20,test,50/50,test,5.000000,True,3395,95,9.065323,42,21,21,0.642857,0.642857,1.000000,0.285714,0.444444,0.408248,21,0,15,6,0.911565,0.929403,0.929403
random_forest_balanced_ratio_preserved_noise_mcc_selected_v1,random_forest_class_weight_balanced,random_forest,min_samples_leaf,80/20,2,random_flip_20,test,60/40,test,5.000000,True,3395,95,9.153516,53,21,32,0.716981,0.642857,1.000000,0.285714,0.444444,0.441054,32,0,15,6,0.909226,0.884068,0.884068
random_forest_balanced_ratio_preserved_noise_mcc_selected_v1,random_forest_class_weight_balanced,random_forest,min_samples_leaf,80/20,2,random_flip_20,test,70/30,test,5.000000,True,3395,95,9.270502,70,21,49,0.742857,0.612245,0.666667,0.285714,0.400000,0.307339,46,3,15,6,0.834791,0.675620,0.675620
random_forest_balanced_ratio_preserved_noise_mcc_selected_v1,random_forest_class_weight_balanced,random_forest,min_samples_leaf,80/20,2,random_flip_20,test,75/25,test,5.000000,True,3395,95,9.376560,84,21,63,0.821429,0.642857,1.000000,0.285714,0.444444,0.480384,63,0,15,6,0.877551,0.789128,0.789128
random_forest_balanced_ratio_preserved_noise_mcc_selected_v1,random_forest_class_weight_balanced,random_forest,min_samples_leaf,80/20,2,random_flip_20,test,80/20,test,5.000000,True,3395,95,9.509196,105,21,84,0.838095,0.630952,0.750000,0.285714,0.413793,0.394877,82,2,15,6,0.895125,0.717992,0.717992
random_forest_balanced_ratio_preserved_noise_mcc_selected_v1,random_forest_class_weight_balanced,random_forest,min_samples_leaf,80/20,2,random_flip_20,test,90/10,test,5.000000,True,3395,95,9.711502,210,21,189,0.923810,0.640212,0.857143,0.285714,0.428571,0.468660,188,1,15,6,0.882338,0.620445,0.620445
random_forest_balanced_ratio_preserved_noise_mcc_selected_v1,random_forest_class_weight_balanced,random_forest,min_samples_leaf,80/20,2,random_fp_10,validation_grid,80/20,valid,1.000000,False,5095,95,9.624946,95,19,76,0.842105,0.625000,0.833333,0.263158,0.400000,0.411105,75,1,14,5,0.925208,0.757198,0.757198
random_forest_balanced_ratio_preserved_noise_mcc_selected_v1,random_forest_class_weight_balanced,random_forest,min_samples_leaf,80/20,2,random_fp_10,validation_grid,80/20,valid,2.000000,False,5095,95,10.645485,95,19,76,0.842105,0.625000,0.833333,0.263158,0.400000,0.411105,75,1,14,5,0.934211,0.807392,0.807392
random_forest_balanced_ratio_preserved_noise_mcc_selected_v1,random_forest_class_weight_balanced,random_forest,min_samples_leaf,80/20,2,random_fp_10,validation_grid,80/20,valid,5.000000,True,5095,95,11.481569,95,19,76,0.884211,0.769737,0.785714,0.578947,0.666667,0.608762,73,3,8,11,0.936288,0.815170,0.815170
random_forest_balanced_ratio_preserved_noise_mcc_selected_v1,random_forest_class_weight_balanced,random_forest,min_samples_leaf,80/20,2,random_fp_10,test,50/50,test,5.000000,True,5095,95,11.591533,42,21,21,0.785714,0.785714,0.928571,0.619048,0.742857,0.606092,20,1,8,13,0.920635,0.927473,0.927473
random_forest_balanced_ratio_preserved_noise_mcc_selected_v1,random_forest_class_weight_balanced,random_forest,min_samples_leaf,80/20,2,random_fp_10,test,60/40,test,5.000000,True,5095,95,11.688654,53,21,32,0.849057,0.809524,1.000000,0.619048,0.764706,0.703732,32,0,8,13,0.910714,0.893583,0.893583
random_forest_balanced_ratio_preserved_noise_mcc_selected_v1,random_forest_class_weight_balanced,random_forest,min_samples_leaf,80/20,2,random_fp_10,test,70/30,test,5.000000,True,5095,95,11.823201,70,21,49,0.842857,0.778912,0.812500,0.619048,0.702703,0.608762,46,3,8,13,0.883382,0.766627,0.766627
random_forest_balanced_ratio_preserved_noise_mcc_selected_v1,random_forest_class_weight_balanced,random_forest,min_samples_leaf,80/20,2,random_fp_10,test,75/25,test,5.000000,True,5095,95,11.939723,84,21,63,0.857143,0.777778,0.764706,0.619048,0.684211,0.598750,59,4,8,13,0.888889,0.797013,0.797013
random_forest_balanced_ratio_preserved_noise_mcc_selected_v1,random_forest_class_weight_balanced,random_forest,min_samples_leaf,80/20,2,random_fp_10,test,80/20,test,5.000000,True,5095,95,12.063823,105,21,84,0.885714,0.785714,0.764706,0.619048,0.684211,0.620505,80,4,8,13,0.915533,0.792521,0.792521
random_forest_balanced_ratio_preserved_noise_mcc_selected_v1,random_forest_class_weight_balanced,random_forest,min_samples_leaf,80/20,2,random_fp_10,test,90/10,test,5.000000,True,5095,95,12.273231,210,21,189,0.923810,0.788360,0.619048,0.619048,0.619048,0.576720,181,8,8,13,0.905770,0.621965,0.621965
random_forest_balanced_ratio_preserved_noise_mcc_selected_v1,random_forest_class_weight_balanced,random_forest,min_samples_leaf,80/20,2,random_fp_20,validation_grid,80/20,valid,1.000000,False,6790,95,12.080526,95,19,76,0.842105,0.625000,0.833333,0.263158,0.400000,0.411105,75,1,14,5,0.856994,0.633455,0.633455
random_forest_balanced_ratio_preserved_noise_mcc_selected_v1,random_forest_class_weight_balanced,random_forest,min_samples_leaf,80/20,2,random_fp_20,validation_grid,80/20,valid,2.000000,False,6790,95,13.645496,95,19,76,0.842105,0.625000,0.833333,0.263158,0.400000,0.411105,75,1,14,5,0.905125,0.733089,0.733089
random_forest_balanced_ratio_preserved_noise_mcc_selected_v1,random_forest_class_weight_balanced,random_forest,min_samples_leaf,80/20,2,random_fp_20,validation_grid,80/20,valid,5.000000,True,6790,95,14.848945,95,19,76,0.863158,0.697368,0.800000,0.421053,0.551724,0.514496,74,2,11,8,0.907202,0.783329,0.783329
random_forest_balanced_ratio_preserved_noise_mcc_selected_v1,random_forest_class_weight_balanced,random_forest,min_samples_leaf,80/20,2,random_fp_20,test,50/50,test,5.000000,True,6790,95,14.959621,42,21,21,0.738095,0.738095,1.000000,0.476190,0.645161,0.559017,21,0,11,10,0.902494,0.927106,0.927106
random_forest_balanced_ratio_preserved_noise_mcc_selected_v1,random_forest_class_weight_balanced,random_forest,min_samples_leaf,80/20,2,random_fp_20,test,60/40,test,5.000000,True,6790,95,15.051641,53,21,32,0.792453,0.738095,1.000000,0.476190,0.645161,0.595293,32,0,11,10,0.901786,0.890872,0.890872
random_forest_balanced_ratio_preserved_noise_mcc_selected_v1,random_forest_class_weight_balanced,random_forest,min_samples_leaf,80/20,2,random_fp_20,test,70/30,test,5.000000,True,6790,95,15.179813,70,21,49,0.814286,0.717687,0.833333,0.476190,0.606061,0.529378,47,2,11,10,0.866861,0.772851,0.772851
random_forest_balanced_ratio_preserved_noise_mcc_selected_v1,random_forest_class_weight_balanced,random_forest,min_samples_leaf,80/20,2,random_fp_20,test,75/25,test,5.000000,True,6790,95,15.286437,84,21,63,0.833333,0.714286,0.769231,0.476190,0.588235,0.513100,60,3,11,10,0.863946,0.745547,0.745547
random_forest_balanced_ratio_preserved_noise_mcc_selected_v1,random_forest_class_weight_balanced,random_forest,min_samples_leaf,80/20,2,random_fp_20,test,80/20,test,5.000000,True,6790,95,15.399018,105,21,84,0.895238,0.738095,1.000000,0.476190,0.645161,0.648886,84,0,11,10,0.893424,0.797069,0.797069
random_forest_balanced_ratio_preserved_noise_mcc_selected_v1,random_forest_class_weight_balanced,random_forest,min_samples_leaf,80/20,2,random_fp_20,test,90/10,test,5.000000,True,6790,95,15.585147,210,21,189,0.919048,0.722222,0.625000,0.476190,0.540541,0.502571,183,6,11,10,0.887377,0.550001,0.550001
random_forest_balanced_ratio_preserved_noise_mcc_selected_v1,random_forest_class_weight_balanced,random_forest,min_samples_leaf,80/20,2,heuristic_fp_10,validation_grid,80/20,valid,1.000000,True,5095,95,9.672067,95,19,76,0.873684,0.802632,0.684211,0.684211,0.684211,0.605263,70,6,6,13,0.914474,0.742168,0.742168
random_forest_balanced_ratio_preserved_noise_mcc_selected_v1,random_forest_class_weight_balanced,random_forest,min_samples_leaf,80/20,2,heuristic_fp_10,validation_grid,80/20,valid,2.000000,False,5095,95,10.474096,95,19,76,0.863158,0.736842,0.714286,0.526316,0.606061,0.534522,72,4,9,10,0.902355,0.729084,0.729084
random_forest_balanced_ratio_preserved_noise_mcc_selected_v1,random_forest_class_weight_balanced,random_forest,min_samples_leaf,80/20,2,heuristic_fp_10,validation_grid,80/20,valid,5.000000,False,5095,95,11.072825,95,19,76,0.821053,0.789474,0.538462,0.736842,0.622222,0.519411,64,12,5,14,0.917590,0.730977,0.730977
random_forest_balanced_ratio_preserved_noise_mcc_selected_v1,random_forest_class_weight_balanced,random_forest,min_samples_leaf,80/20,2,heuristic_fp_10,test,50/50,test,1.000000,True,5095,95,11.180678,42,21,21,0.738095,0.738095,0.857143,0.571429,0.685714,0.505076,19,2,9,12,0.918367,0.916054,0.916054
random_forest_balanced_ratio_preserved_noise_mcc_selected_v1,random_forest_class_weight_balanced,random_forest,min_samples_leaf,80/20,2,heuristic_fp_10,test,60/40,test,1.000000,True,5095,95,11.275064,53,21,32,0.811321,0.770089,0.923077,0.571429,0.705882,0.614073,31,1,9,12,0.904762,0.878081,0.878081
random_forest_balanced_ratio_preserved_noise_mcc_selected_v1,random_forest_class_weight_balanced,random_forest,min_samples_leaf,80/20,2,heuristic_fp_10,test,70/30,test,1.000000,True,5095,95,11.399989,70,21,49,0.800000,0.734694,0.705882,0.571429,0.631579,0.501623,44,5,9,12,0.894558,0.803580,0.803580
random_forest_balanced_ratio_preserved_noise_mcc_selected_v1,random_forest_class_weight_balanced,random_forest,min_samples_leaf,80/20,2,heuristic_fp_10,test,75/25,test,1.000000,True,5095,95,11.530479,84,21,63,0.833333,0.746032,0.705882,0.571429,0.631579,0.530321,58,5,9,12,0.898337,0.801318,0.801318
random_forest_balanced_ratio_preserved_noise_mcc_selected_v1,random_forest_class_weight_balanced,random_forest,min_samples_leaf,80/20,2,heuristic_fp_10,test,80/20,test,1.000000,True,5095,95,11.641325,105,21,84,0.895238,0.773810,0.857143,0.571429,0.685714,0.644382,82,2,9,12,0.919501,0.733842,0.733842
random_forest_balanced_ratio_preserved_noise_mcc_selected_v1,random_forest_class_weight_balanced,random_forest,min_samples_leaf,80/20,2,heuristic_fp_10,test,90/10,test,1.000000,True,5095,95,11.853394,210,21,189,0.900000,0.753968,0.500000,0.571429,0.533333,0.478947,177,12,9,12,0.906526,0.593515,0.593515
random_forest_balanced_ratio_preserved_noise_mcc_selected_v1,random_forest_class_weight_balanced,random_forest,min_samples_leaf,80/20,2,heuristic_fp_20,validation_grid,80/20,valid,1.000000,False,6790,95,11.701505,95,19,76,0.831579,0.697368,0.600000,0.473684,0.529412,0.433013,70,6,10,9,0.885734,0.646777,0.646777
random_forest_balanced_ratio_preserved_noise_mcc_selected_v1,random_forest_class_weight_balanced,random_forest,min_samples_leaf,80/20,2,heuristic_fp_20,validation_grid,80/20,valid,2.000000,False,6790,95,12.993076,95,19,76,0.852632,0.710526,0.692308,0.473684,0.562500,0.490051,72,4,10,9,0.894737,0.688866,0.688866
random_forest_balanced_ratio_preserved_noise_mcc_selected_v1,random_forest_class_weight_balanced,random_forest,min_samples_leaf,80/20,2,heuristic_fp_20,validation_grid,80/20,valid,5.000000,True,6790,95,13.964714,95,19,76,0.842105,0.802632,0.583333,0.736842,0.651163,0.557177,66,10,5,14,0.912050,0.762257,0.762257
random_forest_balanced_ratio_preserved_noise_mcc_selected_v1,random_forest_class_weight_balanced,random_forest,min_samples_leaf,80/20,2,heuristic_fp_20,test,50/50,test,5.000000,True,6790,95,14.062577,42,21,21,0.857143,0.857143,0.857143,0.857143,0.857143,0.714286,18,3,3,18,0.941043,0.937974,0.937974
random_forest_balanced_ratio_preserved_noise_mcc_selected_v1,random_forest_class_weight_balanced,random_forest,min_samples_leaf,80/20,2,heuristic_fp_20,test,60/40,test,5.000000,True,6790,95,14.149980,53,21,32,0.849057,0.850446,0.782609,0.857143,0.818182,0.691690,27,5,3,18,0.922619,0.846112,0.846112
random_forest_balanced_ratio_preserved_noise_mcc_selected_v1,random_forest_class_weight_balanced,random_forest,min_samples_leaf,80/20,2,heuristic_fp_20,test,70/30,test,5.000000,True,6790,95,14.271050,70,21,49,0.814286,0.826531,0.642857,0.857143,0.734694,0.610883,39,10,3,18,0.898931,0.724859,0.724859
random_forest_balanced_ratio_preserved_noise_mcc_selected_v1,random_forest_class_weight_balanced,random_forest,min_samples_leaf,80/20,2,heuristic_fp_20,test,75/25,test,5.000000,True,6790,95,14.406333,84,21,63,0.833333,0.841270,0.620690,0.857143,0.720000,0.621624,52,11,3,18,0.904762,0.701730,0.701730
random_forest_balanced_ratio_preserved_noise_mcc_selected_v1,random_forest_class_weight_balanced,random_forest,min_samples_leaf,80/20,2,heuristic_fp_20,test,80/20,test,5.000000,True,6790,95,14.539559,105,21,84,0.866667,0.863095,0.620690,0.857143,0.720000,0.649672,73,11,3,18,0.950680,0.804207,0.804207
random_forest_balanced_ratio_preserved_noise_mcc_selected_v1,random_forest_class_weight_balanced,random_forest,min_samples_leaf,80/20,2,heuristic_fp_20,test,90/10,test,5.000000,True,6790,95,14.751445,210,21,189,0.857143,0.857143,0.400000,0.857143,0.545455,0.522233,162,27,3,18,0.930461,0.583954,0.583954
random_forest_balanced_ratio_preserved_noise_mcc_selected_v1,random_forest_class_weight_balanced,random_forest,min_samples_leaf,80/20,3,clean,validation_grid,80/20,valid,1.000000,False,3395,95,6.728540,95,19,76,0.842105,0.625000,0.833333,0.263158,0.400000,0.411105,75,1,14,5,0.889197,0.685217,0.685217
random_forest_balanced_ratio_preserved_noise_mcc_selected_v1,random_forest_class_weight_balanced,random_forest,min_samples_leaf,80/20,3,clean,validation_grid,80/20,valid,2.000000,False,3395,95,7.213847,95,19,76,0.852632,0.671053,0.777778,0.368421,0.500000,0.467275,74,2,12,7,0.921745,0.756616,0.756616
random_forest_balanced_ratio_preserved_noise_mcc_selected_v1,random_forest_class_weight_balanced,random_forest,min_samples_leaf,80/20,3,clean,validation_grid,80/20,valid,5.000000,True,3395,95,7.600497,95,19,76,0.884211,0.809211,0.722222,0.684211,0.702703,0.631228,71,5,6,13,0.920360,0.722017,0.722017
random_forest_balanced_ratio_preserved_noise_mcc_selected_v1,random_forest_class_weight_balanced,random_forest,min_samples_leaf,80/20,3,clean,test,50/50,test,5.000000,True,3395,95,7.687710,42,21,21,0.785714,0.785714,1.000000,0.571429,0.727273,0.632456,21,0,9,12,0.891156,0.910137,0.910137
random_forest_balanced_ratio_preserved_noise_mcc_selected_v1,random_forest_class_weight_balanced,random_forest,min_samples_leaf,80/20,3,clean,test,60/40,test,5.000000,True,3395,95,7.794591,53,21,32,0.773585,0.738839,0.800000,0.571429,0.666667,0.518660,29,3,9,12,0.836310,0.813340,0.813340
random_forest_balanced_ratio_preserved_noise_mcc_selected_v1,random_forest_class_weight_balanced,random_forest,min_samples_leaf,80/20,3,clean,test,70/30,test,5.000000,True,3395,95,7.907067,70,21,49,0.828571,0.755102,0.800000,0.571429,0.666667,0.569803,46,3,9,12,0.892128,0.831983,0.831983
random_forest_balanced_ratio_preserved_noise_mcc_selected_v1,random_forest_class_weight_balanced,random_forest,min_samples_leaf,80/20,3,clean,test,75/25,test,5.000000,True,3395,95,8.027411,84,21,63,0.845238,0.753968,0.750000,0.571429,0.648649,0.560112,59,4,9,12,0.893424,0.797551,0.797551
random_forest_balanced_ratio_preserved_noise_mcc_selected_v1,random_forest_class_weight_balanced,random_forest,min_samples_leaf,80/20,3,clean,test,80/20,test,5.000000,True,3395,95,8.165548,105,21,84,0.857143,0.750000,0.666667,0.571429,0.615385,0.530669,78,6,9,12,0.887188,0.766473,0.766473
random_forest_balanced_ratio_preserved_noise_mcc_selected_v1,random_forest_class_weight_balanced,random_forest,min_samples_leaf,80/20,3,clean,test,90/10,test,5.000000,True,3395,95,8.353036,210,21,189,0.914286,0.761905,0.571429,0.571429,0.571429,0.523810,180,9,9,12,0.894936,0.638578,0.638578
random_forest_balanced_ratio_preserved_noise_mcc_selected_v1,random_forest_class_weight_balanced,random_forest,min_samples_leaf,80/20,3,random_flip_10,validation_grid,80/20,valid,1.000000,False,3395,95,6.926141,95,19,76,0.821053,0.552632,1.000000,0.105263,0.190476,0.293294,76,0,17,2,0.835873,0.611476,0.611476
random_forest_balanced_ratio_preserved_noise_mcc_selected_v1,random_forest_class_weight_balanced,random_forest,min_samples_leaf,80/20,3,random_flip_10,validation_grid,80/20,valid,2.000000,True,3395,95,7.511711,95,19,76,0.842105,0.605263,1.000000,0.210526,0.347826,0.419314,76,0,15,4,0.849030,0.651097,0.651097
random_forest_balanced_ratio_preserved_noise_mcc_selected_v1,random_forest_class_weight_balanced,random_forest,min_samples_leaf,80/20,3,random_flip_10,validation_grid,80/20,valid,5.000000,False,3395,95,7.965216,95,19,76,0.842105,0.644737,0.750000,0.315789,0.444444,0.416954,74,2,13,6,0.897507,0.665522,0.665522
random_forest_balanced_ratio_preserved_noise_mcc_selected_v1,random_forest_class_weight_balanced,random_forest,min_samples_leaf,80/20,3,random_flip_10,test,50/50,test,2.000000,True,3395,95,8.045794,42,21,21,0.571429,0.571429,1.000000,0.142857,0.250000,0.277350,21,0,18,3,0.823129,0.833304,0.833304
random_forest_balanced_ratio_preserved_noise_mcc_selected_v1,random_forest_class_weight_balanced,random_forest,min_samples_leaf,80/20,3,random_flip_10,test,60/40,test,2.000000,True,3395,95,8.148682,53,21,32,0.641509,0.555804,0.750000,0.142857,0.240000,0.206656,31,1,18,3,0.818452,0.770997,0.770997
random_forest_balanced_ratio_preserved_noise_mcc_selected_v1,random_forest_class_weight_balanced,random_forest,min_samples_leaf,80/20,3,random_flip_10,test,70/30,test,2.000000,True,3395,95,8.259032,70,21,49,0.742857,0.571429,1.000000,0.142857,0.250000,0.323230,49,0,18,3,0.848397,0.773500,0.773500
random_forest_balanced_ratio_preserved_noise_mcc_selected_v1,random_forest_class_weight_balanced,random_forest,min_samples_leaf,80/20,3,random_flip_10,test,75/25,test,2.000000,True,3395,95,8.376780,84,21,63,0.773810,0.563492,0.750000,0.142857,0.240000,0.258199,62,1,18,3,0.845805,0.641243,0.641243
random_forest_balanced_ratio_preserved_noise_mcc_selected_v1,random_forest_class_weight_balanced,random_forest,min_samples_leaf,80/20,3,random_flip_10,test,80/20,test,2.000000,True,3395,95,8.499585,105,21,84,0.828571,0.571429,1.000000,0.142857,0.250000,0.342997,84,0,18,3,0.836735,0.631962,0.631962
random_forest_balanced_ratio_preserved_noise_mcc_selected_v1,random_forest_class_weight_balanced,random_forest,min_samples_leaf,80/20,3,random_flip_10,test,90/10,test,2.000000,True,3395,95,8.694597,210,21,189,0.904762,0.566138,0.600000,0.142857,0.230769,0.260290,187,2,18,3,0.854623,0.514755,0.514755
random_forest_balanced_ratio_preserved_noise_mcc_selected_v1,random_forest_class_weight_balanced,random_forest,min_samples_leaf,80/20,3,random_flip_20,validation_grid,80/20,valid,1.000000,False,3395,95,7.007540,95,19,76,0.821053,0.552632,1.000000,0.105263,0.190476,0.293294,76,0,17,2,0.707064,0.543864,0.543864
random_forest_balanced_ratio_preserved_noise_mcc_selected_v1,random_forest_class_weight_balanced,random_forest,min_samples_leaf,80/20,3,random_flip_20,validation_grid,80/20,valid,2.000000,False,3395,95,7.692948,95,19,76,0.810526,0.546053,0.666667,0.105263,0.181818,0.210675,75,1,17,2,0.688366,0.540482,0.540482
random_forest_balanced_ratio_preserved_noise_mcc_selected_v1,random_forest_class_weight_balanced,random_forest,min_samples_leaf,80/20,3,random_flip_20,validation_grid,80/20,valid,5.000000,True,3395,95,8.182358,95,19,76,0.831579,0.578947,1.000000,0.157895,0.272727,0.361158,76,0,16,3,0.772853,0.601998,0.601998
random_forest_balanced_ratio_preserved_noise_mcc_selected_v1,random_forest_class_weight_balanced,random_forest,min_samples_leaf,80/20,3,random_flip_20,test,50/50,test,5.000000,True,3395,95,8.268716,42,21,21,0.571429,0.571429,1.000000,0.142857,0.250000,0.277350,21,0,18,3,0.798186,0.797973,0.797973
random_forest_balanced_ratio_preserved_noise_mcc_selected_v1,random_forest_class_weight_balanced,random_forest,min_samples_leaf,80/20,3,random_flip_20,test,60/40,test,5.000000,True,3395,95,8.364313,53,21,32,0.641509,0.555804,0.750000,0.142857,0.240000,0.206656,31,1,18,3,0.750000,0.694179,0.694179
random_forest_balanced_ratio_preserved_noise_mcc_selected_v1,random_forest_class_weight_balanced,random_forest,min_samples_leaf,80/20,3,random_flip_20,test,70/30,test,5.000000,True,3395,95,8.470610,70,21,49,0.742857,0.571429,1.000000,0.142857,0.250000,0.323230,49,0,18,3,0.833819,0.753994,0.753994
random_forest_balanced_ratio_preserved_noise_mcc_selected_v1,random_forest_class_weight_balanced,random_forest,min_samples_leaf,80/20,3,random_flip_20,test,75/25,test,5.000000,True,3395,95,8.584757,84,21,63,0.785714,0.571429,1.000000,0.142857,0.250000,0.333333,63,0,18,3,0.817838,0.713185,0.713185
random_forest_balanced_ratio_preserved_noise_mcc_selected_v1,random_forest_class_weight_balanced,random_forest,min_samples_leaf,80/20,3,random_flip_20,test,80/20,test,5.000000,True,3395,95,8.706575,105,21,84,0.819048,0.565476,0.750000,0.142857,0.240000,0.273635,83,1,18,3,0.789116,0.589485,0.589485
random_forest_balanced_ratio_preserved_noise_mcc_selected_v1,random_forest_class_weight_balanced,random_forest,min_samples_leaf,80/20,3,random_flip_20,test,90/10,test,5.000000,True,3395,95,8.910452,210,21,189,0.895238,0.560847,0.428571,0.142857,0.214286,0.203381,185,4,18,3,0.812547,0.470939,0.470939
random_forest_balanced_ratio_preserved_noise_mcc_selected_v1,random_forest_class_weight_balanced,random_forest,min_samples_leaf,80/20,3,random_fp_10,validation_grid,80/20,valid,1.000000,False,5095,95,9.190718,95,19,76,0.831579,0.578947,1.000000,0.157895,0.272727,0.361158,76,0,16,3,0.889543,0.689503,0.689503
random_forest_balanced_ratio_preserved_noise_mcc_selected_v1,random_forest_class_weight_balanced,random_forest,min_samples_leaf,80/20,3,random_fp_10,validation_grid,80/20,valid,2.000000,False,5095,95,10.182434,95,19,76,0.852632,0.631579,1.000000,0.263158,0.416667,0.471405,76,0,14,5,0.893352,0.690281,0.690281
random_forest_balanced_ratio_preserved_noise_mcc_selected_v1,random_forest_class_weight_balanced,random_forest,min_samples_leaf,80/20,3,random_fp_10,validation_grid,80/20,valid,5.000000,True,5095,95,10.919073,95,19,76,0.884211,0.769737,0.785714,0.578947,0.666667,0.608762,73,3,8,11,0.918283,0.779778,0.779778
random_forest_balanced_ratio_preserved_noise_mcc_selected_v1,random_forest_class_weight_balanced,random_forest,min_samples_leaf,80/20,3,random_fp_10,test,50/50,test,5.000000,True,5095,95,11.001413,42,21,21,0.785714,0.785714,1.000000,0.571429,0.727273,0.632456,21,0,9,12,0.916100,0.933992,0.933992
random_forest_balanced_ratio_preserved_noise_mcc_selected_v1,random_forest_class_weight_balanced,random_forest,min_samples_leaf,80/20,3,random_fp_10,test,60/40,test,5.000000,True,5095,95,11.107707,53,21,32,0.792453,0.754464,0.857143,0.571429,0.685714,0.564606,30,2,9,12,0.867560,0.850831,0.850831
random_forest_balanced_ratio_preserved_noise_mcc_selected_v1,random_forest_class_weight_balanced,random_forest,min_samples_leaf,80/20,3,random_fp_10,test,70/30,test,5.000000,True,5095,95,11.227534,70,21,49,0.857143,0.775510,0.923077,0.571429,0.705882,0.649331,48,1,9,12,0.899903,0.853697,0.853697
random_forest_balanced_ratio_preserved_noise_mcc_selected_v1,random_forest_class_weight_balanced,random_forest,min_samples_leaf,80/20,3,random_fp_10,test,75/25,test,5.000000,True,5095,95,11.340363,84,21,63,0.833333,0.746032,0.705882,0.571429,0.631579,0.530321,58,5,9,12,0.891912,0.772373,0.772373
random_forest_balanced_ratio_preserved_noise_mcc_selected_v1,random_forest_class_weight_balanced,random_forest,min_samples_leaf,80/20,3,random_fp_10,test,80/20,test,5.000000,True,5095,95,11.461729,105,21,84,0.885714,0.767857,0.800000,0.571429,0.666667,0.612372,81,3,9,12,0.901927,0.807522,0.807522
random_forest_balanced_ratio_preserved_noise_mcc_selected_v1,random_forest_class_weight_balanced,random_forest,min_samples_leaf,80/20,3,random_fp_10,test,90/10,test,5.000000,True,5095,95,11.659546,210,21,189,0.928571,0.769841,0.666667,0.571429,0.615385,0.578352,183,6,9,12,0.912824,0.716031,0.716031
random_forest_balanced_ratio_preserved_noise_mcc_selected_v1,random_forest_class_weight_balanced,random_forest,min_samples_leaf,80/20,3,random_fp_20,validation_grid,80/20,valid,1.000000,False,6790,95,11.807780,95,19,76,0.831579,0.578947,1.000000,0.157895,0.272727,0.361158,76,0,16,3,0.826870,0.632624,0.632624
random_forest_balanced_ratio_preserved_noise_mcc_selected_v1,random_forest_class_weight_balanced,random_forest,min_samples_leaf,80/20,3,random_fp_20,validation_grid,80/20,valid,2.000000,False,6790,95,13.337162,95,19,76,0.831579,0.578947,1.000000,0.157895,0.272727,0.361158,76,0,16,3,0.837258,0.599241,0.599241
random_forest_balanced_ratio_preserved_noise_mcc_selected_v1,random_forest_class_weight_balanced,random_forest,min_samples_leaf,80/20,3,random_fp_20,validation_grid,80/20,valid,5.000000,True,6790,95,14.464360,95,19,76,0.863158,0.697368,0.800000,0.421053,0.551724,0.514496,74,2,11,8,0.877424,0.730655,0.730655
random_forest_balanced_ratio_preserved_noise_mcc_selected_v1,random_forest_class_weight_balanced,random_forest,min_samples_leaf,80/20,3,random_fp_20,test,50/50,test,5.000000,True,6790,95,14.547905,42,21,21,0.761905,0.761905,1.000000,0.523810,0.687500,0.595683,21,0,10,11,0.909297,0.939398,0.939398
random_forest_balanced_ratio_preserved_noise_mcc_selected_v1,random_forest_class_weight_balanced,random_forest,min_samples_leaf,80/20,3,random_fp_20,test,60/40,test,5.000000,True,6790,95,14.670456,53,21,32,0.773585,0.730655,0.846154,0.523810,0.647059,0.524415,30,2,10,11,0.876488,0.828652,0.828652
random_forest_balanced_ratio_preserved_noise_mcc_selected_v1,random_forest_class_weight_balanced,random_forest,min_samples_leaf,80/20,3,random_fp_20,test,70/30,test,5.000000,True,6790,95,14.779626,70,21,49,0.857143,0.761905,1.000000,0.523810,0.687500,0.659567,49,0,10,11,0.910593,0.905183,0.905183
random_forest_balanced_ratio_preserved_noise_mcc_selected_v1,random_forest_class_weight_balanced,random_forest,min_samples_leaf,80/20,3,random_fp_20,test,75/25,test,5.000000,True,6790,95,14.916179,84,21,63,0.845238,0.738095,0.785714,0.523810,0.628571,0.553283,60,3,10,11,0.880574,0.786793,0.786793
random_forest_balanced_ratio_preserved_noise_mcc_selected_v1,random_forest_class_weight_balanced,random_forest,min_samples_leaf,80/20,3,random_fp_20,test,80/20,test,5.000000,True,6790,95,15.041772,105,21,84,0.904762,0.761905,1.000000,0.523810,0.687500,0.684167,84,0,10,11,0.901361,0.862817,0.862817
random_forest_balanced_ratio_preserved_noise_mcc_selected_v1,random_forest_class_weight_balanced,random_forest,min_samples_leaf,80/20,3,random_fp_20,test,90/10,test,5.000000,True,6790,95,15.242932,210,21,189,0.933333,0.751323,0.733333,0.523810,0.611111,0.585517,185,4,10,11,0.901738,0.733127,0.733127
random_forest_balanced_ratio_preserved_noise_mcc_selected_v1,random_forest_class_weight_balanced,random_forest,min_samples_leaf,80/20,3,heuristic_fp_10,validation_grid,80/20,valid,1.000000,False,5095,95,9.601593,95,19,76,0.852632,0.769737,0.631579,0.631579,0.631579,0.539474,69,7,7,12,0.904432,0.735591,0.735591
random_forest_balanced_ratio_preserved_noise_mcc_selected_v1,random_forest_class_weight_balanced,random_forest,min_samples_leaf,80/20,3,heuristic_fp_10,validation_grid,80/20,valid,2.000000,False,5095,95,10.370377,95,19,76,0.852632,0.769737,0.631579,0.631579,0.631579,0.539474,69,7,7,12,0.900970,0.730236,0.730236
random_forest_balanced_ratio_preserved_noise_mcc_selected_v1,random_forest_class_weight_balanced,random_forest,min_samples_leaf,80/20,3,heuristic_fp_10,validation_grid,80/20,valid,5.000000,True,5095,95,10.989967,95,19,76,0.831579,0.815789,0.555556,0.789474,0.652174,0.560112,64,12,4,15,0.899584,0.669014,0.669014
random_forest_balanced_ratio_preserved_noise_mcc_selected_v1,random_forest_class_weight_balanced,random_forest,min_samples_leaf,80/20,3,heuristic_fp_10,test,50/50,test,5.000000,True,5095,95,11.071347,42,21,21,0.809524,0.809524,0.882353,0.714286,0.789474,0.630593,19,2,6,15,0.943311,0.925515,0.925515
random_forest_balanced_ratio_preserved_noise_mcc_selected_v1,random_forest_class_weight_balanced,random_forest,min_samples_leaf,80/20,3,heuristic_fp_10,test,60/40,test,5.000000,True,5095,95,11.184755,53,21,32,0.792453,0.779018,0.750000,0.714286,0.731707,0.563086,27,5,6,15,0.888393,0.763221,0.763221
random_forest_balanced_ratio_preserved_noise_mcc_selected_v1,random_forest_class_weight_balanced,random_forest,min_samples_leaf,80/20,3,heuristic_fp_10,test,70/30,test,5.000000,True,5095,95,11.297332,70,21,49,0.785714,0.765306,0.625000,0.714286,0.666667,0.512272,40,9,6,15,0.907677,0.815921,0.815921
random_forest_balanced_ratio_preserved_noise_mcc_selected_v1,random_forest_class_weight_balanced,random_forest,min_samples_leaf,80/20,3,heuristic_fp_10,test,75/25,test,5.000000,True,5095,95,11.427053,84,21,63,0.833333,0.793651,0.652174,0.714286,0.681818,0.570312,55,8,6,15,0.915344,0.736677,0.736677
random_forest_balanced_ratio_preserved_noise_mcc_selected_v1,random_forest_class_weight_balanced,random_forest,min_samples_leaf,80/20,3,heuristic_fp_10,test,80/20,test,5.000000,True,5095,95,11.554738,105,21,84,0.838095,0.791667,0.576923,0.714286,0.638298,0.540587,73,11,6,15,0.918367,0.748870,0.748870
random_forest_balanced_ratio_preserved_noise_mcc_selected_v1,random_forest_class_weight_balanced,random_forest,min_samples_leaf,80/20,3,heuristic_fp_10,test,90/10,test,5.000000,True,5095,95,11.763615,210,21,189,0.885714,0.809524,0.454545,0.714286,0.555556,0.510295,171,18,6,15,0.940035,0.719802,0.719802
random_forest_balanced_ratio_preserved_noise_mcc_selected_v1,random_forest_class_weight_balanced,random_forest,min_samples_leaf,80/20,3,heuristic_fp_20,validation_grid,80/20,valid,1.000000,False,6790,95,11.111951,95,19,76,0.778947,0.625000,0.437500,0.368421,0.400000,0.267208,67,9,12,7,0.850416,0.593846,0.593846
random_forest_balanced_ratio_preserved_noise_mcc_selected_v1,random_forest_class_weight_balanced,random_forest,min_samples_leaf,80/20,3,heuristic_fp_20,validation_grid,80/20,valid,2.000000,False,6790,95,12.372617,95,19,76,0.842105,0.743421,0.611111,0.578947,0.594595,0.496924,69,7,8,11,0.879501,0.645605,0.645605
random_forest_balanced_ratio_preserved_noise_mcc_selected_v1,random_forest_class_weight_balanced,random_forest,min_samples_leaf,80/20,3,heuristic_fp_20,validation_grid,80/20,valid,5.000000,True,6790,95,13.229293,95,19,76,0.810526,0.802632,0.517241,0.789474,0.625000,0.525723,62,14,4,15,0.876039,0.612509,0.612509
random_forest_balanced_ratio_preserved_noise_mcc_selected_v1,random_forest_class_weight_balanced,random_forest,min_samples_leaf,80/20,3,heuristic_fp_20,test,50/50,test,5.000000,True,6790,95,13.306452,42,21,21,0.833333,0.833333,0.888889,0.761905,0.820513,0.673575,19,2,5,16,0.975057,0.974420,0.974420
random_forest_balanced_ratio_preserved_noise_mcc_selected_v1,random_forest_class_weight_balanced,random_forest,min_samples_leaf,80/20,3,heuristic_fp_20,test,60/40,test,5.000000,True,6790,95,13.407225,53,21,32,0.792453,0.787202,0.727273,0.761905,0.744186,0.570178,26,6,5,16,0.909226,0.844965,0.844965
random_forest_balanced_ratio_preserved_noise_mcc_selected_v1,random_forest_class_weight_balanced,random_forest,min_samples_leaf,80/20,3,heuristic_fp_20,test,70/30,test,5.000000,True,6790,95,13.519447,70,21,49,0.785714,0.778912,0.615385,0.761905,0.680851,0.529043,39,10,5,16,0.926142,0.857710,0.857710
random_forest_balanced_ratio_preserved_noise_mcc_selected_v1,random_forest_class_weight_balanced,random_forest,min_samples_leaf,80/20,3,heuristic_fp_20,test,75/25,test,5.000000,True,6790,95,13.639509,84,21,63,0.809524,0.793651,0.592593,0.761905,0.666667,0.544530,52,11,5,16,0.924414,0.737642,0.737642
random_forest_balanced_ratio_preserved_noise_mcc_selected_v1,random_forest_class_weight_balanced,random_forest,min_samples_leaf,80/20,3,heuristic_fp_20,test,80/20,test,5.000000,True,6790,95,13.769440,105,21,84,0.838095,0.809524,0.571429,0.761905,0.653061,0.559950,72,12,5,16,0.946712,0.834880,0.834880
random_forest_balanced_ratio_preserved_noise_mcc_selected_v1,random_forest_class_weight_balanced,random_forest,min_samples_leaf,80/20,3,heuristic_fp_20,test,90/10,test,5.000000,True,6790,95,13.965802,210,21,189,0.838095,0.804233,0.355556,0.761905,0.484848,0.444865,160,29,5,16,0.947846,0.735551,0.735551
random_forest_balanced_ratio_preserved_noise_mcc_selected_v1,random_forest_class_weight_balanced,random_forest,min_samples_leaf,80/20,4,clean,validation_grid,80/20,valid,1.000000,True,3395,95,7.288834,95,19,76,0.852632,0.671053,0.777778,0.368421,0.500000,0.467275,74,2,12,7,0.884003,0.666055,0.666055
random_forest_balanced_ratio_preserved_noise_mcc_selected_v1,random_forest_class_weight_balanced,random_forest,min_samples_leaf,80/20,4,clean,validation_grid,80/20,valid,2.000000,False,3395,95,7.852367,95,19,76,0.852632,0.651316,0.857143,0.315789,0.461538,0.463348,75,1,13,6,0.879501,0.620045,0.620045
random_forest_balanced_ratio_preserved_noise_mcc_selected_v1,random_forest_class_weight_balanced,random_forest,min_samples_leaf,80/20,4,clean,validation_grid,80/20,valid,5.000000,False,3395,95,8.291468,95,19,76,0.800000,0.697368,0.500000,0.526316,0.512821,0.387298,66,10,9,10,0.882271,0.650809,0.650809
random_forest_balanced_ratio_preserved_noise_mcc_selected_v1,random_forest_class_weight_balanced,random_forest,min_samples_leaf,80/20,4,clean,test,50/50,test,1.000000,True,3395,95,8.379986,42,21,21,0.738095,0.738095,1.000000,0.476190,0.645161,0.559017,21,0,11,10,0.933107,0.947298,0.947298
random_forest_balanced_ratio_preserved_noise_mcc_selected_v1,random_forest_class_weight_balanced,random_forest,min_samples_leaf,80/20,4,clean,test,60/40,test,1.000000,True,3395,95,8.521259,53,21,32,0.792453,0.738095,1.000000,0.476190,0.645161,0.595293,32,0,11,10,0.919643,0.914266,0.914266
random_forest_balanced_ratio_preserved_noise_mcc_selected_v1,random_forest_class_weight_balanced,random_forest,min_samples_leaf,80/20,4,clean,test,70/30,test,1.000000,True,3395,95,8.637755,70,21,49,0.800000,0.707483,0.769231,0.476190,0.588235,0.489003,46,3,11,10,0.868805,0.766169,0.766169
random_forest_balanced_ratio_preserved_noise_mcc_selected_v1,random_forest_class_weight_balanced,random_forest,min_samples_leaf,80/20,4,clean,test,75/25,test,1.000000,True,3395,95,8.766590,84,21,63,0.869048,0.738095,1.000000,0.476190,0.645161,0.636715,63,0,11,10,0.913454,0.817083,0.817083
random_forest_balanced_ratio_preserved_noise_mcc_selected_v1,random_forest_class_weight_balanced,random_forest,min_samples_leaf,80/20,4,clean,test,80/20,test,1.000000,True,3395,95,8.888170,105,21,84,0.885714,0.732143,0.909091,0.476190,0.625000,0.606421,83,1,11,10,0.927154,0.837880,0.837880
random_forest_balanced_ratio_preserved_noise_mcc_selected_v1,random_forest_class_weight_balanced,random_forest,min_samples_leaf,80/20,4,clean,test,90/10,test,1.000000,True,3395,95,9.114602,210,21,189,0.923810,0.724868,0.666667,0.476190,0.555556,0.523884,184,5,11,10,0.905644,0.629825,0.629825
random_forest_balanced_ratio_preserved_noise_mcc_selected_v1,random_forest_class_weight_balanced,random_forest,min_samples_leaf,80/20,4,random_flip_10,validation_grid,80/20,valid,1.000000,False,3395,95,7.599719,95,19,76,0.831579,0.598684,0.800000,0.210526,0.333333,0.353553,75,1,15,4,0.858726,0.585597,0.585597
random_forest_balanced_ratio_preserved_noise_mcc_selected_v1,random_forest_class_weight_balanced,random_forest,min_samples_leaf,80/20,4,random_flip_10,validation_grid,80/20,valid,2.000000,False,3395,95,8.206948,95,19,76,0.810526,0.585526,0.571429,0.210526,0.307692,0.261892,73,3,15,4,0.826870,0.585929,0.585929
random_forest_balanced_ratio_preserved_noise_mcc_selected_v1,random_forest_class_weight_balanced,random_forest,min_samples_leaf,80/20,4,random_flip_10,validation_grid,80/20,valid,5.000000,True,3395,95,8.673600,95,19,76,0.884211,0.769737,0.785714,0.578947,0.666667,0.608762,73,3,8,11,0.873961,0.693655,0.693655
random_forest_balanced_ratio_preserved_noise_mcc_selected_v1,random_forest_class_weight_balanced,random_forest,min_samples_leaf,80/20,4,random_flip_10,test,50/50,test,5.000000,True,3395,95,8.766510,42,21,21,0.690476,0.690476,0.900000,0.428571,0.580645,0.447214,20,1,12,9,0.868481,0.878856,0.878856
random_forest_balanced_ratio_preserved_noise_mcc_selected_v1,random_forest_class_weight_balanced,random_forest,min_samples_leaf,80/20,4,random_flip_10,test,60/40,test,5.000000,True,3395,95,8.928075,53,21,32,0.754717,0.698661,0.900000,0.428571,0.580645,0.496698,31,1,12,9,0.903274,0.884050,0.884050
random_forest_balanced_ratio_preserved_noise_mcc_selected_v1,random_forest_class_weight_balanced,random_forest,min_samples_leaf,80/20,4,random_flip_10,test,70/30,test,5.000000,True,3395,95,9.040802,70,21,49,0.814286,0.704082,0.900000,0.428571,0.580645,0.534522,48,1,12,9,0.823129,0.737957,0.737957
random_forest_balanced_ratio_preserved_noise_mcc_selected_v1,random_forest_class_weight_balanced,random_forest,min_samples_leaf,80/20,4,random_flip_10,test,75/25,test,5.000000,True,3395,95,9.160524,84,21,63,0.809524,0.682540,0.692308,0.428571,0.529412,0.437085,59,4,12,9,0.861678,0.703374,0.703374
random_forest_balanced_ratio_preserved_noise_mcc_selected_v1,random_forest_class_weight_balanced,random_forest,min_samples_leaf,80/20,4,random_flip_10,test,80/20,test,5.000000,True,3395,95,9.281488,105,21,84,0.885714,0.714286,1.000000,0.428571,0.600000,0.612372,84,0,12,9,0.905329,0.791688,0.791688
random_forest_balanced_ratio_preserved_noise_mcc_selected_v1,random_forest_class_weight_balanced,random_forest,min_samples_leaf,80/20,4,random_flip_10,test,90/10,test,5.000000,True,3395,95,9.508330,210,21,189,0.919048,0.701058,0.642857,0.428571,0.514286,0.483616,184,5,12,9,0.885865,0.630247,0.630247
random_forest_balanced_ratio_preserved_noise_mcc_selected_v1,random_forest_class_weight_balanced,random_forest,min_samples_leaf,80/20,4,random_flip_20,validation_grid,80/20,valid,1.000000,True,3395,95,7.432311,95,19,76,0.810526,0.546053,0.666667,0.105263,0.181818,0.210675,75,1,17,2,0.701177,0.404032,0.404032
random_forest_balanced_ratio_preserved_noise_mcc_selected_v1,random_forest_class_weight_balanced,random_forest,min_samples_leaf,80/20,4,random_flip_20,validation_grid,80/20,valid,2.000000,False,3395,95,8.134147,95,19,76,0.810526,0.546053,0.666667,0.105263,0.181818,0.210675,75,1,17,2,0.620499,0.330740,0.330740
random_forest_balanced_ratio_preserved_noise_mcc_selected_v1,random_forest_class_weight_balanced,random_forest,min_samples_leaf,80/20,4,random_flip_20,validation_grid,80/20,valid,5.000000,False,3395,95,8.666436,95,19,76,0.810526,0.546053,0.666667,0.105263,0.181818,0.210675,75,1,17,2,0.735457,0.415503,0.415503
random_forest_balanced_ratio_preserved_noise_mcc_selected_v1,random_forest_class_weight_balanced,random_forest,min_samples_leaf,80/20,4,random_flip_20,test,50/50,test,1.000000,True,3395,95,8.763449,42,21,21,0.523810,0.523810,1.000000,0.047619,0.090909,0.156174,21,0,20,1,0.806122,0.848018,0.848018
random_forest_balanced_ratio_preserved_noise_mcc_selected_v1,random_forest_class_weight_balanced,random_forest,min_samples_leaf,80/20,4,random_flip_20,test,60/40,test,1.000000,True,3395,95,8.913056,53,21,32,0.622642,0.523810,1.000000,0.047619,0.090909,0.171184,32,0,20,1,0.784970,0.738306,0.738306
random_forest_balanced_ratio_preserved_noise_mcc_selected_v1,random_forest_class_weight_balanced,random_forest,min_samples_leaf,80/20,4,random_flip_20,test,70/30,test,1.000000,True,3395,95,9.020833,70,21,49,0.714286,0.523810,1.000000,0.047619,0.090909,0.183892,49,0,20,1,0.759475,0.664019,0.664019
random_forest_balanced_ratio_preserved_noise_mcc_selected_v1,random_forest_class_weight_balanced,random_forest,min_samples_leaf,80/20,4,random_flip_20,test,75/25,test,1.000000,True,3395,95,9.147433,84,21,63,0.761905,0.523810,1.000000,0.047619,0.090909,0.190117,63,0,20,1,0.756236,0.622063,0.622063
random_forest_balanced_ratio_preserved_noise_mcc_selected_v1,random_forest_class_weight_balanced,random_forest,min_samples_leaf,80/20,4,random_flip_20,test,80/20,test,1.000000,True,3395,95,9.277237,105,21,84,0.809524,0.523810,1.000000,0.047619,0.090909,0.196116,84,0,20,1,0.766440,0.521752,0.521752
random_forest_balanced_ratio_preserved_noise_mcc_selected_v1,random_forest_class_weight_balanced,random_forest,min_samples_leaf,80/20,4,random_flip_20,test,90/10,test,1.000000,True,3395,95,9.506787,210,21,189,0.900000,0.521164,0.500000,0.047619,0.086957,0.130744,188,1,20,1,0.747921,0.297204,0.297204
random_forest_balanced_ratio_preserved_noise_mcc_selected_v1,random_forest_class_weight_balanced,random_forest,min_samples_leaf,80/20,4,random_fp_10,validation_grid,80/20,valid,1.000000,False,5095,95,9.604482,95,19,76,0.873684,0.703947,0.888889,0.421053,0.571429,0.557136,75,1,11,8,0.894044,0.687894,0.687894
random_forest_balanced_ratio_preserved_noise_mcc_selected_v1,random_forest_class_weight_balanced,random_forest,min_samples_leaf,80/20,4,random_fp_10,validation_grid,80/20,valid,2.000000,False,5095,95,10.593460,95,19,76,0.863158,0.677632,0.875000,0.368421,0.518519,0.511716,75,1,12,7,0.869114,0.672200,0.672200
random_forest_balanced_ratio_preserved_noise_mcc_selected_v1,random_forest_class_weight_balanced,random_forest,min_samples_leaf,80/20,4,random_fp_10,validation_grid,80/20,valid,5.000000,True,5095,95,11.283460,95,19,76,0.873684,0.763158,0.733333,0.578947,0.647059,0.577350,72,4,8,11,0.868421,0.668838,0.668838
random_forest_balanced_ratio_preserved_noise_mcc_selected_v1,random_forest_class_weight_balanced,random_forest,min_samples_leaf,80/20,4,random_fp_10,test,50/50,test,5.000000,True,5095,95,11.374977,42,21,21,0.761905,0.761905,1.000000,0.523810,0.687500,0.595683,21,0,10,11,0.909297,0.928987,0.928987
random_forest_balanced_ratio_preserved_noise_mcc_selected_v1,random_forest_class_weight_balanced,random_forest,min_samples_leaf,80/20,4,random_fp_10,test,60/40,test,5.000000,True,5095,95,11.524292,53,21,32,0.792453,0.746280,0.916667,0.523810,0.666667,0.575653,31,1,10,11,0.852679,0.810396,0.810396
random_forest_balanced_ratio_preserved_noise_mcc_selected_v1,random_forest_class_weight_balanced,random_forest,min_samples_leaf,80/20,4,random_fp_10,test,70/30,test,5.000000,True,5095,95,11.640947,70,21,49,0.828571,0.741497,0.846154,0.523810,0.647059,0.569167,47,2,10,11,0.860058,0.804365,0.804365
random_forest_balanced_ratio_preserved_noise_mcc_selected_v1,random_forest_class_weight_balanced,random_forest,min_samples_leaf,80/20,4,random_fp_10,test,75/25,test,5.000000,True,5095,95,11.770015,84,21,63,0.821429,0.722222,0.687500,0.523810,0.594595,0.490098,58,5,10,11,0.871504,0.741989,0.741989
random_forest_balanced_ratio_preserved_noise_mcc_selected_v1,random_forest_class_weight_balanced,random_forest,min_samples_leaf,80/20,4,random_fp_10,test,80/20,test,5.000000,True,5095,95,11.890984,105,21,84,0.895238,0.755952,0.916667,0.523810,0.666667,0.643586,83,1,10,11,0.903061,0.811966,0.811966
random_forest_balanced_ratio_preserved_noise_mcc_selected_v1,random_forest_class_weight_balanced,random_forest,min_samples_leaf,80/20,4,random_fp_10,test,90/10,test,5.000000,True,5095,95,12.119101,210,21,189,0.914286,0.740741,0.578947,0.523810,0.550000,0.503532,181,8,10,11,0.893424,0.635923,0.635923
random_forest_balanced_ratio_preserved_noise_mcc_selected_v1,random_forest_class_weight_balanced,random_forest,min_samples_leaf,80/20,4,random_fp_20,validation_grid,80/20,valid,1.000000,False,6790,95,12.304196,95,19,76,0.831579,0.598684,0.800000,0.210526,0.333333,0.353553,75,1,15,4,0.817521,0.558863,0.558863
random_forest_balanced_ratio_preserved_noise_mcc_selected_v1,random_forest_class_weight_balanced,random_forest,min_samples_leaf,80/20,4,random_fp_20,validation_grid,80/20,valid,2.000000,True,6790,95,13.881177,95,19,76,0.842105,0.625000,0.833333,0.263158,0.400000,0.411105,75,1,14,5,0.859418,0.638618,0.638618
random_forest_balanced_ratio_preserved_noise_mcc_selected_v1,random_forest_class_weight_balanced,random_forest,min_samples_leaf,80/20,4,random_fp_20,validation_grid,80/20,valid,5.000000,False,6790,95,15.024781,95,19,76,0.831579,0.657895,0.636364,0.368421,0.466667,0.394771,72,4,12,7,0.862881,0.648662,0.648662
random_forest_balanced_ratio_preserved_noise_mcc_selected_v1,random_forest_class_weight_balanced,random_forest,min_samples_leaf,80/20,4,random_fp_20,test,50/50,test,2.000000,True,6790,95,15.115687,42,21,21,0.690476,0.690476,1.000000,0.380952,0.551724,0.485071,21,0,13,8,0.877551,0.906292,0.906292
random_forest_balanced_ratio_preserved_noise_mcc_selected_v1,random_forest_class_weight_balanced,random_forest,min_samples_leaf,80/20,4,random_fp_20,test,60/40,test,2.000000,True,6790,95,15.264481,53,21,32,0.735849,0.674851,0.888889,0.380952,0.533333,0.455550,31,1,13,8,0.869048,0.826802,0.826802
random_forest_balanced_ratio_preserved_noise_mcc_selected_v1,random_forest_class_weight_balanced,random_forest,min_samples_leaf,80/20,4,random_fp_20,test,70/30,test,2.000000,True,6790,95,15.373286,70,21,49,0.800000,0.680272,0.888889,0.380952,0.533333,0.493606,48,1,13,8,0.869776,0.804138,0.804138
random_forest_balanced_ratio_preserved_noise_mcc_selected_v1,random_forest_class_weight_balanced,random_forest,min_samples_leaf,80/20,4,random_fp_20,test,75/25,test,2.000000,True,6790,95,15.504722,84,21,63,0.845238,0.690476,1.000000,0.380952,0.551724,0.561951,63,0,13,8,0.876795,0.786868,0.786868
random_forest_balanced_ratio_preserved_noise_mcc_selected_v1,random_forest_class_weight_balanced,random_forest,min_samples_leaf,80/20,4,random_fp_20,test,80/20,test,2.000000,True,6790,95,15.639633,105,21,84,0.876190,0.690476,1.000000,0.380952,0.551724,0.574367,84,0,13,8,0.911565,0.820740,0.820740
random_forest_balanced_ratio_preserved_noise_mcc_selected_v1,random_forest_class_weight_balanced,random_forest,min_samples_leaf,80/20,4,random_fp_20,test,90/10,test,2.000000,True,6790,95,15.869388,210,21,189,0.928571,0.685185,0.800000,0.380952,0.516129,0.521749,187,2,13,8,0.901738,0.675426,0.675426
random_forest_balanced_ratio_preserved_noise_mcc_selected_v1,random_forest_class_weight_balanced,random_forest,min_samples_leaf,80/20,4,heuristic_fp_10,validation_grid,80/20,valid,1.000000,False,5095,95,9.731181,95,19,76,0.810526,0.664474,0.533333,0.421053,0.470588,0.360844,69,7,11,8,0.876385,0.579383,0.579383
random_forest_balanced_ratio_preserved_noise_mcc_selected_v1,random_forest_class_weight_balanced,random_forest,min_samples_leaf,80/20,4,heuristic_fp_10,validation_grid,80/20,valid,2.000000,True,5095,95,10.562131,95,19,76,0.852632,0.789474,0.619048,0.684211,0.650000,0.558081,68,8,6,13,0.893352,0.681664,0.681664
random_forest_balanced_ratio_preserved_noise_mcc_selected_v1,random_forest_class_weight_balanced,random_forest,min_samples_leaf,80/20,4,heuristic_fp_10,validation_grid,80/20,valid,5.000000,False,5095,95,11.177015,95,19,76,0.810526,0.802632,0.517241,0.789474,0.625000,0.525723,62,14,4,15,0.885734,0.633768,0.633768
random_forest_balanced_ratio_preserved_noise_mcc_selected_v1,random_forest_class_weight_balanced,random_forest,min_samples_leaf,80/20,4,heuristic_fp_10,test,50/50,test,2.000000,True,5095,95,11.267272,42,21,21,0.833333,0.833333,0.937500,0.714286,0.810811,0.686406,20,1,6,15,0.947846,0.945180,0.945180
random_forest_balanced_ratio_preserved_noise_mcc_selected_v1,random_forest_class_weight_balanced,random_forest,min_samples_leaf,80/20,4,heuristic_fp_10,test,60/40,test,2.000000,True,5095,95,11.411336,53,21,32,0.849057,0.825893,0.882353,0.714286,0.789474,0.682989,30,2,6,15,0.938988,0.925579,0.925579
random_forest_balanced_ratio_preserved_noise_mcc_selected_v1,random_forest_class_weight_balanced,random_forest,min_samples_leaf,80/20,4,heuristic_fp_10,test,70/30,test,2.000000,True,5095,95,11.524265,70,21,49,0.828571,0.795918,0.714286,0.714286,0.714286,0.591837,43,6,6,15,0.874636,0.692983,0.692983
random_forest_balanced_ratio_preserved_noise_mcc_selected_v1,random_forest_class_weight_balanced,random_forest,min_samples_leaf,80/20,4,heuristic_fp_10,test,75/25,test,2.000000,True,5095,95,11.659019,84,21,63,0.904762,0.841270,0.882353,0.714286,0.789474,0.735607,61,2,6,15,0.942555,0.862311,0.862311
random_forest_balanced_ratio_preserved_noise_mcc_selected_v1,random_forest_class_weight_balanced,random_forest,min_samples_leaf,80/20,4,heuristic_fp_10,test,80/20,test,2.000000,True,5095,95,11.783289,105,21,84,0.914286,0.839286,0.833333,0.714286,0.769231,0.720193,81,3,6,15,0.953515,0.875294,0.875294
random_forest_balanced_ratio_preserved_noise_mcc_selected_v1,random_forest_class_weight_balanced,random_forest,min_samples_leaf,80/20,4,heuristic_fp_10,test,90/10,test,2.000000,True,5095,95,11.998492,210,21,189,0.895238,0.814815,0.483871,0.714286,0.576923,0.532498,173,16,6,15,0.926430,0.672077,0.672077
random_forest_balanced_ratio_preserved_noise_mcc_selected_v1,random_forest_class_weight_balanced,random_forest,min_samples_leaf,80/20,4,heuristic_fp_20,validation_grid,80/20,valid,1.000000,False,6790,95,11.998222,95,19,76,0.821053,0.690789,0.562500,0.473684,0.514286,0.407844,69,7,10,9,0.835526,0.548972,0.548972
random_forest_balanced_ratio_preserved_noise_mcc_selected_v1,random_forest_class_weight_balanced,random_forest,min_samples_leaf,80/20,4,heuristic_fp_20,validation_grid,80/20,valid,2.000000,True,6790,95,13.210610,95,19,76,0.842105,0.763158,0.600000,0.631579,0.615385,0.516398,68,8,7,12,0.854571,0.573074,0.573074
random_forest_balanced_ratio_preserved_noise_mcc_selected_v1,random_forest_class_weight_balanced,random_forest,min_samples_leaf,80/20,4,heuristic_fp_20,validation_grid,80/20,valid,5.000000,False,6790,95,14.128799,95,19,76,0.800000,0.796053,0.500000,0.789474,0.612245,0.509525,61,15,4,15,0.863573,0.602553,0.602553
random_forest_balanced_ratio_preserved_noise_mcc_selected_v1,random_forest_class_weight_balanced,random_forest,min_samples_leaf,80/20,4,heuristic_fp_20,test,50/50,test,2.000000,True,6790,95,14.218253,42,21,21,0.785714,0.785714,0.875000,0.666667,0.756757,0.588348,19,2,7,14,0.956916,0.953495,0.953495
random_forest_balanced_ratio_preserved_noise_mcc_selected_v1,random_forest_class_weight_balanced,random_forest,min_samples_leaf,80/20,4,heuristic_fp_20,test,60/40,test,2.000000,True,6790,95,14.369872,53,21,32,0.811321,0.786458,0.823529,0.666667,0.736842,0.600344,29,3,7,14,0.928571,0.880946,0.880946
random_forest_balanced_ratio_preserved_noise_mcc_selected_v1,random_forest_class_weight_balanced,random_forest,min_samples_leaf,80/20,4,heuristic_fp_20,test,70/30,test,2.000000,True,6790,95,14.478099,70,21,49,0.800000,0.761905,0.666667,0.666667,0.666667,0.523810,42,7,7,14,0.906706,0.791197,0.791197
random_forest_balanced_ratio_preserved_noise_mcc_selected_v1,random_forest_class_weight_balanced,random_forest,min_samples_leaf,80/20,4,heuristic_fp_20,test,75/25,test,2.000000,True,6790,95,14.626678,84,21,63,0.904762,0.825397,0.933333,0.666667,0.777778,0.735789,62,1,7,14,0.962963,0.908832,0.908832
random_forest_balanced_ratio_preserved_noise_mcc_selected_v1,random_forest_class_weight_balanced,random_forest,min_samples_leaf,80/20,4,heuristic_fp_20,test,80/20,test,2.000000,True,6790,95,14.781121,105,21,84,0.923810,0.827381,0.933333,0.666667,0.777778,0.748455,83,1,7,14,0.972789,0.911651,0.911651
random_forest_balanced_ratio_preserved_noise_mcc_selected_v1,random_forest_class_weight_balanced,random_forest,min_samples_leaf,80/20,4,heuristic_fp_20,test,90/10,test,2.000000,True,6790,95,15.029240,210,21,189,0.895238,0.793651,0.482759,0.666667,0.560000,0.510697,174,15,7,14,0.929201,0.553499,0.553499
random_forest_balanced_ratio_preserved_noise_mcc_selected_v1,random_forest_class_weight_balanced,random_forest,min_samples_leaf,80/20,5,clean,validation_grid,80/20,valid,1.000000,False,3395,95,7.124862,95,19,76,0.831579,0.657895,0.636364,0.368421,0.466667,0.394771,72,4,12,7,0.905817,0.695819,0.695819
random_forest_balanced_ratio_preserved_noise_mcc_selected_v1,random_forest_class_weight_balanced,random_forest,min_samples_leaf,80/20,5,clean,validation_grid,80/20,valid,2.000000,False,3395,95,7.627869,95,19,76,0.842105,0.664474,0.700000,0.368421,0.482759,0.428746,73,3,12,7,0.907202,0.692597,0.692597
random_forest_balanced_ratio_preserved_noise_mcc_selected_v1,random_forest_class_weight_balanced,random_forest,min_samples_leaf,80/20,5,clean,validation_grid,80/20,valid,5.000000,True,3395,95,8.035473,95,19,76,0.810526,0.723684,0.523810,0.578947,0.550000,0.431244,66,10,8,11,0.897507,0.631181,0.631181
random_forest_balanced_ratio_preserved_noise_mcc_selected_v1,random_forest_class_weight_balanced,random_forest,min_samples_leaf,80/20,5,clean,test,50/50,test,5.000000,True,3395,95,8.124289,42,21,21,0.785714,0.785714,0.875000,0.666667,0.756757,0.588348,19,2,7,14,0.922902,0.924405,0.924405
random_forest_balanced_ratio_preserved_noise_mcc_selected_v1,random_forest_class_weight_balanced,random_forest,min_samples_leaf,80/20,5,clean,test,60/40,test,5.000000,True,3395,95,8.222120,53,21,32,0.811321,0.786458,0.823529,0.666667,0.736842,0.600344,29,3,7,14,0.894345,0.838657,0.838657
random_forest_balanced_ratio_preserved_noise_mcc_selected_v1,random_forest_class_weight_balanced,random_forest,min_samples_leaf,80/20,5,clean,test,70/30,test,5.000000,True,3395,95,8.332400,70,21,49,0.871429,0.812925,0.875000,0.666667,0.756757,0.683001,47,2,7,14,0.924198,0.883346,0.883346
random_forest_balanced_ratio_preserved_noise_mcc_selected_v1,random_forest_class_weight_balanced,random_forest,min_samples_leaf,80/20,5,clean,test,75/25,test,5.000000,True,3395,95,8.436816,84,21,63,0.869048,0.801587,0.777778,0.666667,0.717949,0.636524,59,4,7,14,0.933485,0.862968,0.862968
random_forest_balanced_ratio_preserved_noise_mcc_selected_v1,random_forest_class_weight_balanced,random_forest,min_samples_leaf,80/20,5,clean,test,80/20,test,5.000000,True,3395,95,8.595192,105,21,84,0.857143,0.785714,0.636364,0.666667,0.651163,0.561644,76,8,7,14,0.882086,0.684616,0.684616
random_forest_balanced_ratio_preserved_noise_mcc_selected_v1,random_forest_class_weight_balanced,random_forest,min_samples_leaf,80/20,5,clean,test,90/10,test,5.000000,True,3395,95,8.876936,210,21,189,0.890476,0.791005,0.466667,0.666667,0.549020,0.498970,173,16,7,14,0.911817,0.638853,0.638853
random_forest_balanced_ratio_preserved_noise_mcc_selected_v1,random_forest_class_weight_balanced,random_forest,min_samples_leaf,80/20,5,random_flip_10,validation_grid,80/20,valid,1.000000,False,3395,95,7.248166,95,19,76,0.821053,0.572368,0.750000,0.157895,0.260870,0.288278,75,1,16,3,0.835526,0.552772,0.552772
random_forest_balanced_ratio_preserved_noise_mcc_selected_v1,random_forest_class_weight_balanced,random_forest,min_samples_leaf,80/20,5,random_flip_10,validation_grid,80/20,valid,2.000000,False,3395,95,7.951666,95,19,76,0.821053,0.611842,0.625000,0.263158,0.370370,0.322192,73,3,14,5,0.823407,0.549349,0.549349
random_forest_balanced_ratio_preserved_noise_mcc_selected_v1,random_forest_class_weight_balanced,random_forest,min_samples_leaf,80/20,5,random_flip_10,validation_grid,80/20,valid,5.000000,True,3395,95,8.412681,95,19,76,0.831579,0.697368,0.600000,0.473684,0.529412,0.433013,70,6,10,9,0.857341,0.615231,0.615231
random_forest_balanced_ratio_preserved_noise_mcc_selected_v1,random_forest_class_weight_balanced,random_forest,min_samples_leaf,80/20,5,random_flip_10,test,50/50,test,5.000000,True,3395,95,8.497506,42,21,21,0.619048,0.619048,0.777778,0.333333,0.466667,0.290129,19,2,14,7,0.879819,0.852909,0.852909
random_forest_balanced_ratio_preserved_noise_mcc_selected_v1,random_forest_class_weight_balanced,random_forest,min_samples_leaf,80/20,5,random_flip_10,test,60/40,test,5.000000,True,3395,95,8.588770,53,21,32,0.716981,0.651042,0.875000,0.333333,0.482759,0.412724,31,1,14,7,0.843750,0.801159,0.801159
random_forest_balanced_ratio_preserved_noise_mcc_selected_v1,random_forest_class_weight_balanced,random_forest,min_samples_leaf,80/20,5,random_flip_10,test,70/30,test,5.000000,True,3395,95,8.688647,70,21,49,0.771429,0.646259,0.777778,0.333333,0.466667,0.400472,47,2,14,7,0.886297,0.782113,0.782113
random_forest_balanced_ratio_preserved_noise_mcc_selected_v1,random_forest_class_weight_balanced,random_forest,min_samples_leaf,80/20,5,random_flip_10,test,75/25,test,5.000000,True,3395,95,8.797338,84,21,63,0.785714,0.634921,0.636364,0.333333,0.437500,0.346362,59,4,14,7,0.895692,0.749844,0.749844
random_forest_balanced_ratio_preserved_noise_mcc_selected_v1,random_forest_class_weight_balanced,random_forest,min_samples_leaf,80/20,5,random_flip_10,test,80/20,test,5.000000,True,3395,95,8.953323,105,21,84,0.838095,0.648810,0.700000,0.333333,0.451613,0.405554,81,3,14,7,0.844104,0.609348,0.609348
random_forest_balanced_ratio_preserved_noise_mcc_selected_v1,random_forest_class_weight_balanced,random_forest,min_samples_leaf,80/20,5,random_flip_10,test,90/10,test,5.000000,True,3395,95,9.220903,210,21,189,0.895238,0.645503,0.466667,0.333333,0.388889,0.338983,181,8,14,7,0.882086,0.531675,0.531675
random_forest_balanced_ratio_preserved_noise_mcc_selected_v1,random_forest_class_weight_balanced,random_forest,min_samples_leaf,80/20,5,random_flip_20,validation_grid,80/20,valid,1.000000,True,3395,95,7.222866,95,19,76,0.831579,0.578947,1.000000,0.157895,0.272727,0.361158,76,0,16,3,0.787742,0.517276,0.517276
random_forest_balanced_ratio_preserved_noise_mcc_selected_v1,random_forest_class_weight_balanced,random_forest,min_samples_leaf,80/20,5,random_flip_20,validation_grid,80/20,valid,2.000000,False,3395,95,7.883701,95,19,76,0.831579,0.578947,1.000000,0.157895,0.272727,0.361158,76,0,16,3,0.782548,0.551404,0.551404
random_forest_balanced_ratio_preserved_noise_mcc_selected_v1,random_forest_class_weight_balanced,random_forest,min_samples_leaf,80/20,5,random_flip_20,validation_grid,80/20,valid,5.000000,False,3395,95,8.338976,95,19,76,0.831579,0.578947,1.000000,0.157895,0.272727,0.361158,76,0,16,3,0.831717,0.630812,0.630812
random_forest_balanced_ratio_preserved_noise_mcc_selected_v1,random_forest_class_weight_balanced,random_forest,min_samples_leaf,80/20,5,random_flip_20,test,50/50,test,1.000000,True,3395,95,8.430710,42,21,21,0.547619,0.547619,1.000000,0.095238,0.173913,0.223607,21,0,19,2,0.784580,0.781854,0.781854
random_forest_balanced_ratio_preserved_noise_mcc_selected_v1,random_forest_class_weight_balanced,random_forest,min_samples_leaf,80/20,5,random_flip_20,test,60/40,test,1.000000,True,3395,95,8.530339,53,21,32,0.641509,0.547619,1.000000,0.095238,0.173913,0.244453,32,0,19,2,0.777530,0.761824,0.761824
random_forest_balanced_ratio_preserved_noise_mcc_selected_v1,random_forest_class_weight_balanced,random_forest,min_samples_leaf,80/20,5,random_flip_20,test,70/30,test,1.000000,True,3395,95,8.628190,70,21,49,0.728571,0.547619,1.000000,0.095238,0.173913,0.261968,49,0,19,2,0.829446,0.720949,0.720949
random_forest_balanced_ratio_preserved_noise_mcc_selected_v1,random_forest_class_weight_balanced,random_forest,min_samples_leaf,80/20,5,random_flip_20,test,75/25,test,1.000000,True,3395,95,8.744168,84,21,63,0.773810,0.547619,1.000000,0.095238,0.173913,0.270501,63,0,19,2,0.794407,0.608468,0.608468
random_forest_balanced_ratio_preserved_noise_mcc_selected_v1,random_forest_class_weight_balanced,random_forest,min_samples_leaf,80/20,5,random_flip_20,test,80/20,test,1.000000,True,3395,95,8.905267,105,21,84,0.819048,0.547619,1.000000,0.095238,0.173913,0.278693,84,0,19,2,0.786565,0.517395,0.517395
random_forest_balanced_ratio_preserved_noise_mcc_selected_v1,random_forest_class_weight_balanced,random_forest,min_samples_leaf,80/20,5,random_flip_20,test,90/10,test,1.000000,True,3395,95,9.178502,210,21,189,0.904762,0.544974,0.666667,0.095238,0.166667,0.227396,188,1,19,2,0.802721,0.383808,0.383808
random_forest_balanced_ratio_preserved_noise_mcc_selected_v1,random_forest_class_weight_balanced,random_forest,min_samples_leaf,80/20,5,random_fp_10,validation_grid,80/20,valid,1.000000,True,5095,95,9.773286,95,19,76,0.842105,0.644737,0.750000,0.315789,0.444444,0.416954,74,2,13,6,0.886427,0.629172,0.629172
random_forest_balanced_ratio_preserved_noise_mcc_selected_v1,random_forest_class_weight_balanced,random_forest,min_samples_leaf,80/20,5,random_fp_10,validation_grid,80/20,valid,2.000000,False,5095,95,10.758120,95,19,76,0.821053,0.611842,0.625000,0.263158,0.370370,0.322192,73,3,14,5,0.855956,0.590654,0.590654
random_forest_balanced_ratio_preserved_noise_mcc_selected_v1,random_forest_class_weight_balanced,random_forest,min_samples_leaf,80/20,5,random_fp_10,validation_grid,80/20,valid,5.000000,False,5095,95,11.476402,95,19,76,0.810526,0.703947,0.526316,0.526316,0.526316,0.407895,67,9,9,10,0.893352,0.619115,0.619115
random_forest_balanced_ratio_preserved_noise_mcc_selected_v1,random_forest_class_weight_balanced,random_forest,min_samples_leaf,80/20,5,random_fp_10,test,50/50,test,1.000000,True,5095,95,11.570826,42,21,21,0.666667,0.666667,1.000000,0.333333,0.500000,0.447214,21,0,14,7,0.936508,0.925967,0.925967
random_forest_balanced_ratio_preserved_noise_mcc_selected_v1,random_forest_class_weight_balanced,random_forest,min_samples_leaf,80/20,5,random_fp_10,test,60/40,test,1.000000,True,5095,95,11.666603,53,21,32,0.735849,0.666667,1.000000,0.333333,0.500000,0.481543,32,0,14,7,0.921875,0.894110,0.894110
random_forest_balanced_ratio_preserved_noise_mcc_selected_v1,random_forest_class_weight_balanced,random_forest,min_samples_leaf,80/20,5,random_fp_10,test,70/30,test,1.000000,True,5095,95,11.763377,70,21,49,0.800000,0.666667,1.000000,0.333333,0.500000,0.509175,49,0,14,7,0.908163,0.832375,0.832375
random_forest_balanced_ratio_preserved_noise_mcc_selected_v1,random_forest_class_weight_balanced,random_forest,min_samples_leaf,80/20,5,random_fp_10,test,75/25,test,1.000000,True,5095,95,11.865288,84,21,63,0.821429,0.658730,0.875000,0.333333,0.482759,0.468293,62,1,14,7,0.910053,0.773760,0.773760
random_forest_balanced_ratio_preserved_noise_mcc_selected_v1,random_forest_class_weight_balanced,random_forest,min_samples_leaf,80/20,5,random_fp_10,test,80/20,test,1.000000,True,5095,95,12.032692,105,21,84,0.847619,0.654762,0.777778,0.333333,0.466667,0.442269,82,2,14,7,0.886338,0.649104,0.649104
random_forest_balanced_ratio_preserved_noise_mcc_selected_v1,random_forest_class_weight_balanced,random_forest,min_samples_leaf,80/20,5,random_fp_10,test,90/10,test,1.000000,True,5095,95,12.311381,210,21,189,0.923810,0.661376,0.777778,0.333333,0.466667,0.478068,187,2,14,7,0.913202,0.621631,0.621631
random_forest_balanced_ratio_preserved_noise_mcc_selected_v1,random_forest_class_weight_balanced,random_forest,min_samples_leaf,80/20,5,random_fp_20,validation_grid,80/20,valid,1.000000,True,6790,95,11.995340,95,19,76,0.852632,0.651316,0.857143,0.315789,0.461538,0.463348,75,1,13,6,0.888158,0.641303,0.641303
random_forest_balanced_ratio_preserved_noise_mcc_selected_v1,random_forest_class_weight_balanced,random_forest,min_samples_leaf,80/20,5,random_fp_20,validation_grid,80/20,valid,2.000000,False,6790,95,13.520684,95,19,76,0.821053,0.592105,0.666667,0.210526,0.320000,0.302920,74,2,15,4,0.871191,0.603820,0.603820
random_forest_balanced_ratio_preserved_noise_mcc_selected_v1,random_forest_class_weight_balanced,random_forest,min_samples_leaf,80/20,5,random_fp_20,validation_grid,80/20,valid,5.000000,False,6790,95,14.725150,95,19,76,0.842105,0.703947,0.642857,0.473684,0.545455,0.460283,71,5,10,9,0.885734,0.663582,0.663582
random_forest_balanced_ratio_preserved_noise_mcc_selected_v1,random_forest_class_weight_balanced,random_forest,min_samples_leaf,80/20,5,random_fp_20,test,50/50,test,1.000000,True,6790,95,14.813319,42,21,21,0.666667,0.666667,1.000000,0.333333,0.500000,0.447214,21,0,14,7,0.897959,0.891773,0.891773
random_forest_balanced_ratio_preserved_noise_mcc_selected_v1,random_forest_class_weight_balanced,random_forest,min_samples_leaf,80/20,5,random_fp_20,test,60/40,test,1.000000,True,6790,95,14.906401,53,21,32,0.716981,0.651042,0.875000,0.333333,0.482759,0.412724,31,1,14,7,0.917411,0.867322,0.867322
random_forest_balanced_ratio_preserved_noise_mcc_selected_v1,random_forest_class_weight_balanced,random_forest,min_samples_leaf,80/20,5,random_fp_20,test,70/30,test,1.000000,True,6790,95,15.004294,70,21,49,0.800000,0.666667,1.000000,0.333333,0.500000,0.509175,49,0,14,7,0.938290,0.880618,0.880618
random_forest_balanced_ratio_preserved_noise_mcc_selected_v1,random_forest_class_weight_balanced,random_forest,min_samples_leaf,80/20,5,random_fp_20,test,75/25,test,1.000000,True,6790,95,15.112514,84,21,63,0.833333,0.666667,1.000000,0.333333,0.500000,0.522233,63,0,14,7,0.941043,0.859570,0.859570
random_forest_balanced_ratio_preserved_noise_mcc_selected_v1,random_forest_class_weight_balanced,random_forest,min_samples_leaf,80/20,5,random_fp_20,test,80/20,test,1.000000,True,6790,95,15.274157,105,21,84,0.857143,0.660714,0.875000,0.333333,0.482759,0.484622,83,1,14,7,0.890306,0.709304,0.709304
random_forest_balanced_ratio_preserved_noise_mcc_selected_v1,random_forest_class_weight_balanced,random_forest,min_samples_leaf,80/20,5,random_fp_20,test,90/10,test,1.000000,True,6790,95,15.552516,210,21,189,0.923810,0.661376,0.777778,0.333333,0.466667,0.478068,187,2,14,7,0.917611,0.631172,0.631172
random_forest_balanced_ratio_preserved_noise_mcc_selected_v1,random_forest_class_weight_balanced,random_forest,min_samples_leaf,80/20,5,heuristic_fp_10,validation_grid,80/20,valid,1.000000,False,5095,95,9.673634,95,19,76,0.800000,0.697368,0.500000,0.526316,0.512821,0.387298,66,10,9,10,0.881925,0.663088,0.663088
random_forest_balanced_ratio_preserved_noise_mcc_selected_v1,random_forest_class_weight_balanced,random_forest,min_samples_leaf,80/20,5,heuristic_fp_10,validation_grid,80/20,valid,2.000000,False,5095,95,10.472567,95,19,76,0.810526,0.743421,0.521739,0.631579,0.571429,0.454613,65,11,7,12,0.881579,0.608782,0.608782
random_forest_balanced_ratio_preserved_noise_mcc_selected_v1,random_forest_class_weight_balanced,random_forest,min_samples_leaf,80/20,5,heuristic_fp_10,validation_grid,80/20,valid,5.000000,True,5095,95,11.061642,95,19,76,0.800000,0.776316,0.500000,0.736842,0.595745,0.484845,62,14,5,14,0.860803,0.543936,0.543936
random_forest_balanced_ratio_preserved_noise_mcc_selected_v1,random_forest_class_weight_balanced,random_forest,min_samples_leaf,80/20,5,heuristic_fp_10,test,50/50,test,5.000000,True,5095,95,11.213349,42,21,21,0.833333,0.833333,0.888889,0.761905,0.820513,0.673575,19,2,5,16,0.954649,0.950548,0.950548
random_forest_balanced_ratio_preserved_noise_mcc_selected_v1,random_forest_class_weight_balanced,random_forest,min_samples_leaf,80/20,5,heuristic_fp_10,test,60/40,test,5.000000,True,5095,95,11.305996,53,21,32,0.867925,0.849702,0.888889,0.761905,0.820513,0.722342,30,2,5,16,0.934524,0.882651,0.882651
random_forest_balanced_ratio_preserved_noise_mcc_selected_v1,random_forest_class_weight_balanced,random_forest,min_samples_leaf,80/20,5,heuristic_fp_10,test,70/30,test,5.000000,True,5095,95,11.402492,70,21,49,0.842857,0.819728,0.727273,0.761905,0.744186,0.631228,43,6,5,16,0.927114,0.845281,0.845281
random_forest_balanced_ratio_preserved_noise_mcc_selected_v1,random_forest_class_weight_balanced,random_forest,min_samples_leaf,80/20,5,heuristic_fp_10,test,75/25,test,5.000000,True,5095,95,11.521169,84,21,63,0.869048,0.833333,0.727273,0.761905,0.744186,0.656571,57,6,5,16,0.942555,0.817279,0.817279
random_forest_balanced_ratio_preserved_noise_mcc_selected_v1,random_forest_class_weight_balanced,random_forest,min_samples_leaf,80/20,5,heuristic_fp_10,test,80/20,test,5.000000,True,5095,95,11.676664,105,21,84,0.809524,0.791667,0.516129,0.761905,0.615385,0.511528,69,15,5,16,0.912698,0.658885,0.658885
random_forest_balanced_ratio_preserved_noise_mcc_selected_v1,random_forest_class_weight_balanced,random_forest,min_samples_leaf,80/20,5,heuristic_fp_10,test,90/10,test,5.000000,True,5095,95,11.930018,210,21,189,0.852381,0.812169,0.380952,0.761905,0.507937,0.468254,163,26,5,16,0.929201,0.621779,0.621779
random_forest_balanced_ratio_preserved_noise_mcc_selected_v1,random_forest_class_weight_balanced,random_forest,min_samples_leaf,80/20,5,heuristic_fp_20,validation_grid,80/20,valid,1.000000,False,6790,95,12.346897,95,19,76,0.778947,0.625000,0.437500,0.368421,0.400000,0.267208,67,9,12,7,0.873961,0.628407,0.628407
random_forest_balanced_ratio_preserved_noise_mcc_selected_v1,random_forest_class_weight_balanced,random_forest,min_samples_leaf,80/20,5,heuristic_fp_20,validation_grid,80/20,valid,2.000000,False,6790,95,13.623386,95,19,76,0.800000,0.697368,0.500000,0.526316,0.512821,0.387298,66,10,9,10,0.869114,0.594699,0.594699
random_forest_balanced_ratio_preserved_noise_mcc_selected_v1,random_forest_class_weight_balanced,random_forest,min_samples_leaf,80/20,5,heuristic_fp_20,validation_grid,80/20,valid,5.000000,True,6790,95,14.485008,95,19,76,0.821053,0.809211,0.535714,0.789474,0.638298,0.542565,63,13,4,15,0.884349,0.606472,0.606472
random_forest_balanced_ratio_preserved_noise_mcc_selected_v1,random_forest_class_weight_balanced,random_forest,min_samples_leaf,80/20,5,heuristic_fp_20,test,50/50,test,5.000000,True,6790,95,14.573669,42,21,21,0.809524,0.809524,0.882353,0.714286,0.789474,0.630593,19,2,6,15,0.952381,0.942066,0.942066
random_forest_balanced_ratio_preserved_noise_mcc_selected_v1,random_forest_class_weight_balanced,random_forest,min_samples_leaf,80/20,5,heuristic_fp_20,test,60/40,test,5.000000,True,6790,95,14.687277,53,21,32,0.830189,0.810268,0.833333,0.714286,0.769231,0.640887,29,3,6,15,0.924107,0.816763,0.816763
random_forest_balanced_ratio_preserved_noise_mcc_selected_v1,random_forest_class_weight_balanced,random_forest,min_samples_leaf,80/20,5,heuristic_fp_20,test,70/30,test,5.000000,True,6790,95,14.786118,70,21,49,0.828571,0.795918,0.714286,0.714286,0.714286,0.591837,43,6,6,15,0.929057,0.851367,0.851367
random_forest_balanced_ratio_preserved_noise_mcc_selected_v1,random_forest_class_weight_balanced,random_forest,min_samples_leaf,80/20,5,heuristic_fp_20,test,75/25,test,5.000000,True,6790,95,14.891590,84,21,63,0.869048,0.817460,0.750000,0.714286,0.731707,0.645497,58,5,6,15,0.943311,0.838332,0.838332
random_forest_balanced_ratio_preserved_noise_mcc_selected_v1,random_forest_class_weight_balanced,random_forest,min_samples_leaf,80/20,5,heuristic_fp_20,test,80/20,test,5.000000,True,6790,95,15.038004,105,21,84,0.847619,0.797619,0.600000,0.714286,0.652174,0.559017,74,10,6,15,0.920068,0.684010,0.684010
random_forest_balanced_ratio_preserved_noise_mcc_selected_v1,random_forest_class_weight_balanced,random_forest,min_samples_leaf,80/20,5,heuristic_fp_20,test,90/10,test,5.000000,True,6790,95,15.305510,210,21,189,0.852381,0.791005,0.375000,0.714286,0.491803,0.444649,164,25,6,15,0.934492,0.644401,0.644401
random_forest_balanced_ratio_preserved_noise_mcc_selected_v1,random_forest_class_weight_balanced,random_forest,min_samples_leaf,90/10,1,clean,validation_grid,90/10,valid,1.000000,False,6790,190,10.822824,190,19,171,0.921053,0.605263,1.000000,0.210526,0.347826,0.439941,171,0,15,4,0.925516,0.608206,0.608206
random_forest_balanced_ratio_preserved_noise_mcc_selected_v1,random_forest_class_weight_balanced,random_forest,min_samples_leaf,90/10,1,clean,validation_grid,90/10,valid,2.000000,True,6790,190,11.766675,190,19,171,0.926316,0.631579,1.000000,0.263158,0.416667,0.493197,171,0,14,5,0.924900,0.614319,0.614319
random_forest_balanced_ratio_preserved_noise_mcc_selected_v1,random_forest_class_weight_balanced,random_forest,min_samples_leaf,90/10,1,clean,validation_grid,90/10,valid,5.000000,False,6790,190,12.502294,190,19,171,0.910526,0.646199,0.600000,0.315789,0.413793,0.392837,167,4,13,6,0.908279,0.579823,0.579823
random_forest_balanced_ratio_preserved_noise_mcc_selected_v1,random_forest_class_weight_balanced,random_forest,min_samples_leaf,90/10,1,clean,test,50/50,test,2.000000,True,6790,190,12.580400,42,21,21,0.595238,0.595238,1.000000,0.190476,0.320000,0.324443,21,0,17,4,0.868481,0.881782,0.881782
random_forest_balanced_ratio_preserved_noise_mcc_selected_v1,random_forest_class_weight_balanced,random_forest,min_samples_leaf,90/10,1,clean,test,60/40,test,2.000000,True,6790,190,12.665904,53,21,32,0.679245,0.595238,1.000000,0.190476,0.320000,0.352693,32,0,17,4,0.879464,0.846149,0.846149
random_forest_balanced_ratio_preserved_noise_mcc_selected_v1,random_forest_class_weight_balanced,random_forest,min_samples_leaf,90/10,1,clean,test,70/30,test,2.000000,True,6790,190,12.756781,70,21,49,0.757143,0.595238,1.000000,0.190476,0.320000,0.376051,49,0,17,4,0.901846,0.787855,0.787855
random_forest_balanced_ratio_preserved_noise_mcc_selected_v1,random_forest_class_weight_balanced,random_forest,min_samples_leaf,90/10,1,clean,test,75/25,test,2.000000,True,6790,190,12.862729,84,21,63,0.797619,0.595238,1.000000,0.190476,0.320000,0.387298,63,0,17,4,0.912320,0.785076,0.785076
random_forest_balanced_ratio_preserved_noise_mcc_selected_v1,random_forest_class_weight_balanced,random_forest,min_samples_leaf,90/10,1,clean,test,80/20,test,2.000000,True,6790,190,12.993753,105,21,84,0.838095,0.595238,1.000000,0.190476,0.320000,0.398015,84,0,17,4,0.882086,0.695091,0.695091
random_forest_balanced_ratio_preserved_noise_mcc_selected_v1,random_forest_class_weight_balanced,random_forest,min_samples_leaf,90/10,1,clean,test,90/10,test,2.000000,True,6790,190,13.217708,210,21,189,0.919048,0.595238,1.000000,0.190476,0.320000,0.418040,189,0,17,4,0.875661,0.555438,0.555438
random_forest_balanced_ratio_preserved_noise_mcc_selected_v1,random_forest_class_weight_balanced,random_forest,min_samples_leaf,90/10,1,random_flip_10,validation_grid,90/10,valid,1.000000,False,6790,190,11.455110,190,19,171,0.905263,0.526316,1.000000,0.052632,0.100000,0.218218,171,0,18,1,0.786088,0.393295,0.393295
random_forest_balanced_ratio_preserved_noise_mcc_selected_v1,random_forest_class_weight_balanced,random_forest,min_samples_leaf,90/10,1,random_flip_10,validation_grid,90/10,valid,2.000000,False,6790,190,12.730585,190,19,171,0.905263,0.526316,1.000000,0.052632,0.100000,0.218218,171,0,18,1,0.812250,0.424301,0.424301
random_forest_balanced_ratio_preserved_noise_mcc_selected_v1,random_forest_class_weight_balanced,random_forest,min_samples_leaf,90/10,1,random_flip_10,validation_grid,90/10,valid,5.000000,True,6790,190,13.697129,190,19,171,0.910526,0.552632,1.000000,0.105263,0.190476,0.309426,171,0,17,2,0.846722,0.468808,0.468808
random_forest_balanced_ratio_preserved_noise_mcc_selected_v1,random_forest_class_weight_balanced,random_forest,min_samples_leaf,90/10,1,random_flip_10,test,50/50,test,5.000000,True,6790,190,13.784495,42,21,21,0.571429,0.571429,1.000000,0.142857,0.250000,0.277350,21,0,18,3,0.777778,0.830543,0.830543
random_forest_balanced_ratio_preserved_noise_mcc_selected_v1,random_forest_class_weight_balanced,random_forest,min_samples_leaf,90/10,1,random_flip_10,test,60/40,test,5.000000,True,6790,190,13.877340,53,21,32,0.660377,0.571429,1.000000,0.142857,0.250000,0.302372,32,0,18,3,0.750000,0.724572,0.724572
random_forest_balanced_ratio_preserved_noise_mcc_selected_v1,random_forest_class_weight_balanced,random_forest,min_samples_leaf,90/10,1,random_flip_10,test,70/30,test,5.000000,True,6790,190,13.975144,70,21,49,0.742857,0.571429,1.000000,0.142857,0.250000,0.323230,49,0,18,3,0.816327,0.722290,0.722290
random_forest_balanced_ratio_preserved_noise_mcc_selected_v1,random_forest_class_weight_balanced,random_forest,min_samples_leaf,90/10,1,random_flip_10,test,75/25,test,5.000000,True,6790,190,14.079552,84,21,63,0.785714,0.571429,1.000000,0.142857,0.250000,0.333333,63,0,18,3,0.805745,0.677084,0.677084
random_forest_balanced_ratio_preserved_noise_mcc_selected_v1,random_forest_class_weight_balanced,random_forest,min_samples_leaf,90/10,1,random_flip_10,test,80/20,test,5.000000,True,6790,190,14.222215,105,21,84,0.828571,0.571429,1.000000,0.142857,0.250000,0.342997,84,0,18,3,0.808390,0.620623,0.620623
random_forest_balanced_ratio_preserved_noise_mcc_selected_v1,random_forest_class_weight_balanced,random_forest,min_samples_leaf,90/10,1,random_flip_10,test,90/10,test,5.000000,True,6790,190,14.463423,210,21,189,0.914286,0.571429,1.000000,0.142857,0.250000,0.361158,189,0,18,3,0.801587,0.499908,0.499908
random_forest_balanced_ratio_preserved_noise_mcc_selected_v1,random_forest_class_weight_balanced,random_forest,min_samples_leaf,90/10,1,random_flip_20,validation_grid,90/10,valid,1.000000,True,6790,190,11.581247,190,19,171,0.900000,0.500000,0.000000,0.000000,0.000000,0.000000,171,0,19,0,0.214528,0.066817,0.066817
random_forest_balanced_ratio_preserved_noise_mcc_selected_v1,random_forest_class_weight_balanced,random_forest,min_samples_leaf,90/10,1,random_flip_20,validation_grid,90/10,valid,2.000000,False,6790,190,13.119305,190,19,171,0.900000,0.500000,0.000000,0.000000,0.000000,0.000000,171,0,19,0,0.207141,0.063081,0.063081
random_forest_balanced_ratio_preserved_noise_mcc_selected_v1,random_forest_class_weight_balanced,random_forest,min_samples_leaf,90/10,1,random_flip_20,validation_grid,90/10,valid,5.000000,False,6790,190,14.264830,190,19,171,0.889474,0.494152,0.000000,0.000000,0.000000,-0.034381,169,2,19,0,0.201908,0.062216,0.062216
random_forest_balanced_ratio_preserved_noise_mcc_selected_v1,random_forest_class_weight_balanced,random_forest,min_samples_leaf,90/10,1,random_flip_20,test,50/50,test,1.000000,True,6790,190,14.349027,42,21,21,0.500000,0.500000,0.000000,0.000000,0.000000,0.000000,21,0,21,0,0.174603,0.361513,0.361513
random_forest_balanced_ratio_preserved_noise_mcc_selected_v1,random_forest_class_weight_balanced,random_forest,min_samples_leaf,90/10,1,random_flip_20,test,60/40,test,1.000000,True,6790,190,14.441716,53,21,32,0.603774,0.500000,0.000000,0.000000,0.000000,0.000000,32,0,21,0,0.225446,0.292947,0.292947
random_forest_balanced_ratio_preserved_noise_mcc_selected_v1,random_forest_class_weight_balanced,random_forest,min_samples_leaf,90/10,1,random_flip_20,test,70/30,test,1.000000,True,6790,190,14.540041,70,21,49,0.700000,0.500000,0.000000,0.000000,0.000000,0.000000,49,0,21,0,0.205053,0.205212,0.205212
random_forest_balanced_ratio_preserved_noise_mcc_selected_v1,random_forest_class_weight_balanced,random_forest,min_samples_leaf,90/10,1,random_flip_20,test,75/25,test,1.000000,True,6790,190,14.642858,84,21,63,0.750000,0.500000,0.000000,0.000000,0.000000,0.000000,63,0,21,0,0.204837,0.171378,0.171378
random_forest_balanced_ratio_preserved_noise_mcc_selected_v1,random_forest_class_weight_balanced,random_forest,min_samples_leaf,90/10,1,random_flip_20,test,80/20,test,1.000000,True,6790,190,14.774025,105,21,84,0.800000,0.500000,0.000000,0.000000,0.000000,0.000000,84,0,21,0,0.234694,0.136846,0.136846
random_forest_balanced_ratio_preserved_noise_mcc_selected_v1,random_forest_class_weight_balanced,random_forest,min_samples_leaf,90/10,1,random_flip_20,test,90/10,test,1.000000,True,6790,190,15.013428,210,21,189,0.900000,0.500000,0.000000,0.000000,0.000000,0.000000,189,0,21,0,0.205215,0.064597,0.064597
random_forest_balanced_ratio_preserved_noise_mcc_selected_v1,random_forest_class_weight_balanced,random_forest,min_samples_leaf,90/10,1,random_fp_10,validation_grid,90/10,valid,1.000000,False,13580,190,20.965079,190,19,171,0.915789,0.578947,1.000000,0.157895,0.272727,0.379980,171,0,16,3,0.837950,0.500975,0.500975
random_forest_balanced_ratio_preserved_noise_mcc_selected_v1,random_forest_class_weight_balanced,random_forest,min_samples_leaf,90/10,1,random_fp_10,validation_grid,90/10,valid,2.000000,False,13580,190,24.482475,190,19,171,0.915789,0.578947,1.000000,0.157895,0.272727,0.379980,171,0,16,3,0.836257,0.484176,0.484176
random_forest_balanced_ratio_preserved_noise_mcc_selected_v1,random_forest_class_weight_balanced,random_forest,min_samples_leaf,90/10,1,random_fp_10,validation_grid,90/10,valid,5.000000,True,13580,190,27.104008,190,19,171,0.921053,0.605263,1.000000,0.210526,0.347826,0.439941,171,0,15,4,0.855648,0.548906,0.548906
random_forest_balanced_ratio_preserved_noise_mcc_selected_v1,random_forest_class_weight_balanced,random_forest,min_samples_leaf,90/10,1,random_fp_10,test,50/50,test,5.000000,True,13580,190,27.189810,42,21,21,0.595238,0.595238,1.000000,0.190476,0.320000,0.324443,21,0,17,4,0.870748,0.901014,0.901014
random_forest_balanced_ratio_preserved_noise_mcc_selected_v1,random_forest_class_weight_balanced,random_forest,min_samples_leaf,90/10,1,random_fp_10,test,60/40,test,5.000000,True,13580,190,27.279396,53,21,32,0.679245,0.595238,1.000000,0.190476,0.320000,0.352693,32,0,17,4,0.883929,0.882509,0.882509
random_forest_balanced_ratio_preserved_noise_mcc_selected_v1,random_forest_class_weight_balanced,random_forest,min_samples_leaf,90/10,1,random_fp_10,test,70/30,test,5.000000,True,13580,190,27.376527,70,21,49,0.757143,0.595238,1.000000,0.190476,0.320000,0.376051,49,0,17,4,0.854227,0.773117,0.773117
random_forest_balanced_ratio_preserved_noise_mcc_selected_v1,random_forest_class_weight_balanced,random_forest,min_samples_leaf,90/10,1,random_fp_10,test,75/25,test,5.000000,True,13580,190,27.481476,84,21,63,0.797619,0.595238,1.000000,0.190476,0.320000,0.387298,63,0,17,4,0.910053,0.802198,0.802198
random_forest_balanced_ratio_preserved_noise_mcc_selected_v1,random_forest_class_weight_balanced,random_forest,min_samples_leaf,90/10,1,random_fp_10,test,80/20,test,5.000000,True,13580,190,27.626632,105,21,84,0.838095,0.595238,1.000000,0.190476,0.320000,0.398015,84,0,17,4,0.888322,0.746187,0.746187
random_forest_balanced_ratio_preserved_noise_mcc_selected_v1,random_forest_class_weight_balanced,random_forest,min_samples_leaf,90/10,1,random_fp_10,test,90/10,test,5.000000,True,13580,190,27.867670,210,21,189,0.919048,0.595238,1.000000,0.190476,0.320000,0.418040,189,0,17,4,0.881960,0.622032,0.622032
random_forest_balanced_ratio_preserved_noise_mcc_selected_v1,random_forest_class_weight_balanced,random_forest,min_samples_leaf,90/10,1,random_fp_20,validation_grid,90/10,valid,1.000000,True,20370,190,32.745237,190,19,171,0.915789,0.578947,1.000000,0.157895,0.272727,0.379980,171,0,16,3,0.801323,0.395122,0.395122
random_forest_balanced_ratio_preserved_noise_mcc_selected_v1,random_forest_class_weight_balanced,random_forest,min_samples_leaf,90/10,1,random_fp_20,validation_grid,90/10,valid,2.000000,False,20370,190,39.956709,190,19,171,0.915789,0.578947,1.000000,0.157895,0.272727,0.379980,171,0,16,3,0.775315,0.426043,0.426043
random_forest_balanced_ratio_preserved_noise_mcc_selected_v1,random_forest_class_weight_balanced,random_forest,min_samples_leaf,90/10,1,random_fp_20,validation_grid,90/10,valid,5.000000,False,20370,190,45.261327,190,19,171,0.915789,0.578947,1.000000,0.157895,0.272727,0.379980,171,0,16,3,0.826100,0.420285,0.420285
random_forest_balanced_ratio_preserved_noise_mcc_selected_v1,random_forest_class_weight_balanced,random_forest,min_samples_leaf,90/10,1,random_fp_20,test,50/50,test,1.000000,True,20370,190,45.349407,42,21,21,0.595238,0.595238,1.000000,0.190476,0.320000,0.324443,21,0,17,4,0.901361,0.907336,0.907336
random_forest_balanced_ratio_preserved_noise_mcc_selected_v1,random_forest_class_weight_balanced,random_forest,min_samples_leaf,90/10,1,random_fp_20,test,60/40,test,1.000000,True,20370,190,45.439759,53,21,32,0.679245,0.595238,1.000000,0.190476,0.320000,0.352693,32,0,17,4,0.857143,0.809077,0.809077
random_forest_balanced_ratio_preserved_noise_mcc_selected_v1,random_forest_class_weight_balanced,random_forest,min_samples_leaf,90/10,1,random_fp_20,test,70/30,test,1.000000,True,20370,190,45.541698,70,21,49,0.757143,0.595238,1.000000,0.190476,0.320000,0.376051,49,0,17,4,0.859572,0.739727,0.739727
random_forest_balanced_ratio_preserved_noise_mcc_selected_v1,random_forest_class_weight_balanced,random_forest,min_samples_leaf,90/10,1,random_fp_20,test,75/25,test,1.000000,True,20370,190,45.646232,84,21,63,0.797619,0.595238,1.000000,0.190476,0.320000,0.387298,63,0,17,4,0.879063,0.717818,0.717818
random_forest_balanced_ratio_preserved_noise_mcc_selected_v1,random_forest_class_weight_balanced,random_forest,min_samples_leaf,90/10,1,random_fp_20,test,80/20,test,1.000000,True,20370,190,45.782408,105,21,84,0.838095,0.595238,1.000000,0.190476,0.320000,0.398015,84,0,17,4,0.860828,0.701064,0.701064
random_forest_balanced_ratio_preserved_noise_mcc_selected_v1,random_forest_class_weight_balanced,random_forest,min_samples_leaf,90/10,1,random_fp_20,test,90/10,test,1.000000,True,20370,190,46.010899,210,21,189,0.919048,0.595238,1.000000,0.190476,0.320000,0.418040,189,0,17,4,0.849962,0.539991,0.539991
random_forest_balanced_ratio_preserved_noise_mcc_selected_v1,random_forest_class_weight_balanced,random_forest,min_samples_leaf,90/10,1,heuristic_fp_10,validation_grid,90/10,valid,1.000000,False,13580,190,19.358495,190,19,171,0.905263,0.619883,0.555556,0.263158,0.357143,0.338612,167,4,14,5,0.917667,0.580282,0.580282
random_forest_balanced_ratio_preserved_noise_mcc_selected_v1,random_forest_class_weight_balanced,random_forest,min_samples_leaf,90/10,1,heuristic_fp_10,validation_grid,90/10,valid,2.000000,False,13580,190,21.723594,190,19,171,0.921053,0.675439,0.700000,0.368421,0.482759,0.471405,168,3,12,7,0.911973,0.575209,0.575209
random_forest_balanced_ratio_preserved_noise_mcc_selected_v1,random_forest_class_weight_balanced,random_forest,min_samples_leaf,90/10,1,heuristic_fp_10,validation_grid,90/10,valid,5.000000,True,13580,190,23.520842,190,19,171,0.910526,0.786550,0.545455,0.631579,0.585366,0.537327,161,10,7,12,0.902124,0.517643,0.517643
random_forest_balanced_ratio_preserved_noise_mcc_selected_v1,random_forest_class_weight_balanced,random_forest,min_samples_leaf,90/10,1,heuristic_fp_10,test,50/50,test,5.000000,True,13580,190,23.607739,42,21,21,0.690476,0.690476,0.833333,0.476190,0.606061,0.421637,19,2,11,10,0.902494,0.891764,0.891764
random_forest_balanced_ratio_preserved_noise_mcc_selected_v1,random_forest_class_weight_balanced,random_forest,min_samples_leaf,90/10,1,heuristic_fp_10,test,60/40,test,5.000000,True,13580,190,23.696076,53,21,32,0.773585,0.722470,0.909091,0.476190,0.625000,0.536618,31,1,11,10,0.964286,0.941303,0.941303
random_forest_balanced_ratio_preserved_noise_mcc_selected_v1,random_forest_class_weight_balanced,random_forest,min_samples_leaf,90/10,1,heuristic_fp_10,test,70/30,test,5.000000,True,13580,190,23.786585,70,21,49,0.785714,0.697279,0.714286,0.476190,0.571429,0.452023,45,4,11,10,0.922255,0.762942,0.762942
random_forest_balanced_ratio_preserved_noise_mcc_selected_v1,random_forest_class_weight_balanced,random_forest,min_samples_leaf,90/10,1,heuristic_fp_10,test,75/25,test,5.000000,True,13580,190,23.896306,84,21,63,0.845238,0.722222,0.833333,0.476190,0.606061,0.549972,61,2,11,10,0.962963,0.885575,0.885575
random_forest_balanced_ratio_preserved_noise_mcc_selected_v1,random_forest_class_weight_balanced,random_forest,min_samples_leaf,90/10,1,heuristic_fp_10,test,80/20,test,5.000000,True,13580,190,24.028165,105,21,84,0.866667,0.720238,0.769231,0.476190,0.588235,0.534941,81,3,11,10,0.947279,0.811234,0.811234
random_forest_balanced_ratio_preserved_noise_mcc_selected_v1,random_forest_class_weight_balanced,random_forest,min_samples_leaf,90/10,1,heuristic_fp_10,test,90/10,test,5.000000,True,13580,190,24.262953,210,21,189,0.900000,0.711640,0.500000,0.476190,0.487805,0.432590,179,10,11,10,0.934618,0.577386,0.577386
random_forest_balanced_ratio_preserved_noise_mcc_selected_v1,random_forest_class_weight_balanced,random_forest,min_samples_leaf,90/10,1,heuristic_fp_20,validation_grid,90/10,valid,1.000000,False,20370,190,29.991761,190,19,171,0.910526,0.576023,0.750000,0.157895,0.260870,0.317735,170,1,16,3,0.894275,0.527499,0.527499
random_forest_balanced_ratio_preserved_noise_mcc_selected_v1,random_forest_class_weight_balanced,random_forest,min_samples_leaf,90/10,1,heuristic_fp_20,validation_grid,90/10,valid,2.000000,True,20370,190,35.240455,190,19,171,0.915789,0.625731,0.714286,0.263158,0.384615,0.400472,169,2,14,5,0.884888,0.555084,0.555084
random_forest_balanced_ratio_preserved_noise_mcc_selected_v1,random_forest_class_weight_balanced,random_forest,min_samples_leaf,90/10,1,heuristic_fp_20,validation_grid,90/10,valid,5.000000,False,20370,190,39.502362,190,19,171,0.894737,0.614035,0.454545,0.263158,0.333333,0.292968,165,6,14,5,0.882118,0.492023,0.492023
random_forest_balanced_ratio_preserved_noise_mcc_selected_v1,random_forest_class_weight_balanced,random_forest,min_samples_leaf,90/10,1,heuristic_fp_20,test,50/50,test,2.000000,True,20370,190,39.592307,42,21,21,0.666667,0.666667,1.000000,0.333333,0.500000,0.447214,21,0,14,7,0.886621,0.882345,0.882345
random_forest_balanced_ratio_preserved_noise_mcc_selected_v1,random_forest_class_weight_balanced,random_forest,min_samples_leaf,90/10,1,heuristic_fp_20,test,60/40,test,2.000000,True,20370,190,39.686870,53,21,32,0.735849,0.666667,1.000000,0.333333,0.500000,0.481543,32,0,14,7,0.944940,0.913258,0.913258
random_forest_balanced_ratio_preserved_noise_mcc_selected_v1,random_forest_class_weight_balanced,random_forest,min_samples_leaf,90/10,1,heuristic_fp_20,test,70/30,test,2.000000,True,20370,190,39.786383,70,21,49,0.785714,0.656463,0.875000,0.333333,0.482759,0.450721,48,1,14,7,0.914480,0.810373,0.810373
random_forest_balanced_ratio_preserved_noise_mcc_selected_v1,random_forest_class_weight_balanced,random_forest,min_samples_leaf,90/10,1,heuristic_fp_20,test,75/25,test,2.000000,True,20370,190,39.892550,84,21,63,0.833333,0.666667,1.000000,0.333333,0.500000,0.522233,63,0,14,7,0.958428,0.877453,0.877453
random_forest_balanced_ratio_preserved_noise_mcc_selected_v1,random_forest_class_weight_balanced,random_forest,min_samples_leaf,90/10,1,heuristic_fp_20,test,80/20,test,2.000000,True,20370,190,40.024700,105,21,84,0.857143,0.660714,0.875000,0.333333,0.482759,0.484622,83,1,14,7,0.945578,0.811505,0.811505
random_forest_balanced_ratio_preserved_noise_mcc_selected_v1,random_forest_class_weight_balanced,random_forest,min_samples_leaf,90/10,1,heuristic_fp_20,test,90/10,test,2.000000,True,20370,190,40.267495,210,21,189,0.923810,0.661376,0.777778,0.333333,0.466667,0.478068,187,2,14,7,0.929831,0.624981,0.624981
random_forest_balanced_ratio_preserved_noise_mcc_selected_v1,random_forest_class_weight_balanced,random_forest,min_samples_leaf,90/10,2,clean,validation_grid,90/10,valid,1.000000,False,6790,190,11.205879,190,19,171,0.915789,0.578947,1.000000,0.157895,0.272727,0.379980,171,0,16,3,0.934595,0.636310,0.636310
random_forest_balanced_ratio_preserved_noise_mcc_selected_v1,random_forest_class_weight_balanced,random_forest,min_samples_leaf,90/10,2,clean,validation_grid,90/10,valid,2.000000,False,6790,190,12.151916,190,19,171,0.921053,0.628655,0.833333,0.263158,0.400000,0.441415,170,1,14,5,0.930440,0.642419,0.642419
random_forest_balanced_ratio_preserved_noise_mcc_selected_v1,random_forest_class_weight_balanced,random_forest,min_samples_leaf,90/10,2,clean,validation_grid,90/10,valid,5.000000,True,6790,190,12.896499,190,19,171,0.931579,0.681287,0.875000,0.368421,0.518519,0.541614,170,1,12,7,0.908895,0.653590,0.653590
random_forest_balanced_ratio_preserved_noise_mcc_selected_v1,random_forest_class_weight_balanced,random_forest,min_samples_leaf,90/10,2,clean,test,50/50,test,5.000000,True,6790,190,13.002939,42,21,21,0.714286,0.714286,1.000000,0.428571,0.600000,0.522233,21,0,12,9,0.916100,0.930755,0.930755
random_forest_balanced_ratio_preserved_noise_mcc_selected_v1,random_forest_class_weight_balanced,random_forest,min_samples_leaf,90/10,2,clean,test,60/40,test,5.000000,True,6790,190,13.105556,53,21,32,0.773585,0.714286,1.000000,0.428571,0.600000,0.558291,32,0,12,9,0.903274,0.879831,0.879831
random_forest_balanced_ratio_preserved_noise_mcc_selected_v1,random_forest_class_weight_balanced,random_forest,min_samples_leaf,90/10,2,clean,test,70/30,test,5.000000,True,6790,190,13.261554,70,21,49,0.785714,0.683673,0.750000,0.428571,0.545455,0.446663,46,3,12,9,0.868805,0.751908,0.751908
random_forest_balanced_ratio_preserved_noise_mcc_selected_v1,random_forest_class_weight_balanced,random_forest,min_samples_leaf,90/10,2,clean,test,75/25,test,5.000000,True,6790,190,13.380098,84,21,63,0.857143,0.714286,1.000000,0.428571,0.600000,0.600000,63,0,12,9,0.873772,0.792928,0.792928
random_forest_balanced_ratio_preserved_noise_mcc_selected_v1,random_forest_class_weight_balanced,random_forest,min_samples_leaf,90/10,2,clean,test,80/20,test,5.000000,True,6790,190,13.505789,105,21,84,0.876190,0.708333,0.900000,0.428571,0.580645,0.567775,83,1,12,9,0.896825,0.750938,0.750938
random_forest_balanced_ratio_preserved_noise_mcc_selected_v1,random_forest_class_weight_balanced,random_forest,min_samples_leaf,90/10,2,clean,test,90/10,test,5.000000,True,6790,190,13.708114,210,21,189,0.928571,0.706349,0.750000,0.428571,0.545455,0.533396,186,3,12,9,0.891156,0.636012,0.636012
random_forest_balanced_ratio_preserved_noise_mcc_selected_v1,random_forest_class_weight_balanced,random_forest,min_samples_leaf,90/10,2,random_flip_10,validation_grid,90/10,valid,1.000000,True,6790,190,12.089601,190,19,171,0.900000,0.500000,0.000000,0.000000,0.000000,0.000000,171,0,19,0,0.668052,0.272327,0.272327
random_forest_balanced_ratio_preserved_noise_mcc_selected_v1,random_forest_class_weight_balanced,random_forest,min_samples_leaf,90/10,2,random_flip_10,validation_grid,90/10,valid,2.000000,False,6790,190,13.329040,190,19,171,0.900000,0.500000,0.000000,0.000000,0.000000,0.000000,171,0,19,0,0.648815,0.203751,0.203751
random_forest_balanced_ratio_preserved_noise_mcc_selected_v1,random_forest_class_weight_balanced,random_forest,min_samples_leaf,90/10,2,random_flip_10,validation_grid,90/10,valid,5.000000,False,6790,190,14.282149,190,19,171,0.900000,0.500000,0.000000,0.000000,0.000000,0.000000,171,0,19,0,0.775931,0.246842,0.246842
random_forest_balanced_ratio_preserved_noise_mcc_selected_v1,random_forest_class_weight_balanced,random_forest,min_samples_leaf,90/10,2,random_flip_10,test,50/50,test,1.000000,True,6790,190,14.384361,42,21,21,0.523810,0.523810,1.000000,0.047619,0.090909,0.156174,21,0,20,1,0.701814,0.740264,0.740264
random_forest_balanced_ratio_preserved_noise_mcc_selected_v1,random_forest_class_weight_balanced,random_forest,min_samples_leaf,90/10,2,random_flip_10,test,60/40,test,1.000000,True,6790,190,14.476285,53,21,32,0.622642,0.523810,1.000000,0.047619,0.090909,0.171184,32,0,20,1,0.697917,0.684013,0.684013
random_forest_balanced_ratio_preserved_noise_mcc_selected_v1,random_forest_class_weight_balanced,random_forest,min_samples_leaf,90/10,2,random_flip_10,test,70/30,test,1.000000,True,6790,190,14.601190,70,21,49,0.714286,0.523810,1.000000,0.047619,0.090909,0.183892,49,0,20,1,0.689018,0.532744,0.532744
random_forest_balanced_ratio_preserved_noise_mcc_selected_v1,random_forest_class_weight_balanced,random_forest,min_samples_leaf,90/10,2,random_flip_10,test,75/25,test,1.000000,True,6790,190,14.718872,84,21,63,0.761905,0.523810,1.000000,0.047619,0.090909,0.190117,63,0,20,1,0.676493,0.506374,0.506374
random_forest_balanced_ratio_preserved_noise_mcc_selected_v1,random_forest_class_weight_balanced,random_forest,min_samples_leaf,90/10,2,random_flip_10,test,80/20,test,1.000000,True,6790,190,14.838627,105,21,84,0.809524,0.523810,1.000000,0.047619,0.090909,0.196116,84,0,20,1,0.696429,0.441135,0.441135
random_forest_balanced_ratio_preserved_noise_mcc_selected_v1,random_forest_class_weight_balanced,random_forest,min_samples_leaf,90/10,2,random_flip_10,test,90/10,test,1.000000,True,6790,190,15.043365,210,21,189,0.904762,0.523810,1.000000,0.047619,0.090909,0.207514,189,0,20,1,0.669186,0.304200,0.304200
random_forest_balanced_ratio_preserved_noise_mcc_selected_v1,random_forest_class_weight_balanced,random_forest,min_samples_leaf,90/10,2,random_flip_20,validation_grid,90/10,valid,1.000000,True,6790,190,12.353399,190,19,171,0.900000,0.500000,0.000000,0.000000,0.000000,0.000000,171,0,19,0,0.248076,0.066318,0.066318
random_forest_balanced_ratio_preserved_noise_mcc_selected_v1,random_forest_class_weight_balanced,random_forest,min_samples_leaf,90/10,2,random_flip_20,validation_grid,90/10,valid,2.000000,False,6790,190,13.758342,190,19,171,0.900000,0.500000,0.000000,0.000000,0.000000,0.000000,171,0,19,0,0.273930,0.067666,0.067666
random_forest_balanced_ratio_preserved_noise_mcc_selected_v1,random_forest_class_weight_balanced,random_forest,min_samples_leaf,90/10,2,random_flip_20,validation_grid,90/10,valid,5.000000,False,6790,190,14.881370,190,19,171,0.900000,0.500000,0.000000,0.000000,0.000000,0.000000,171,0,19,0,0.185903,0.061303,0.061303
random_forest_balanced_ratio_preserved_noise_mcc_selected_v1,random_forest_class_weight_balanced,random_forest,min_samples_leaf,90/10,2,random_flip_20,test,50/50,test,1.000000,True,6790,190,14.988053,42,21,21,0.500000,0.500000,0.000000,0.000000,0.000000,0.000000,21,0,21,0,0.270975,0.420911,0.420911
random_forest_balanced_ratio_preserved_noise_mcc_selected_v1,random_forest_class_weight_balanced,random_forest,min_samples_leaf,90/10,2,random_flip_20,test,60/40,test,1.000000,True,6790,190,15.080152,53,21,32,0.603774,0.500000,0.000000,0.000000,0.000000,0.000000,32,0,21,0,0.235863,0.295145,0.295145
random_forest_balanced_ratio_preserved_noise_mcc_selected_v1,random_forest_class_weight_balanced,random_forest,min_samples_leaf,90/10,2,random_flip_20,test,70/30,test,1.000000,True,6790,190,15.203595,70,21,49,0.700000,0.500000,0.000000,0.000000,0.000000,0.000000,49,0,21,0,0.232264,0.210767,0.210767
random_forest_balanced_ratio_preserved_noise_mcc_selected_v1,random_forest_class_weight_balanced,random_forest,min_samples_leaf,90/10,2,random_flip_20,test,75/25,test,1.000000,True,6790,190,15.318577,84,21,63,0.750000,0.500000,0.000000,0.000000,0.000000,0.000000,63,0,21,0,0.264172,0.181086,0.181086
random_forest_balanced_ratio_preserved_noise_mcc_selected_v1,random_forest_class_weight_balanced,random_forest,min_samples_leaf,90/10,2,random_flip_20,test,80/20,test,1.000000,True,6790,190,15.438603,105,21,84,0.800000,0.500000,0.000000,0.000000,0.000000,0.000000,84,0,21,0,0.261054,0.147080,0.147080
random_forest_balanced_ratio_preserved_noise_mcc_selected_v1,random_forest_class_weight_balanced,random_forest,min_samples_leaf,90/10,2,random_flip_20,test,90/10,test,1.000000,True,6790,190,15.647798,210,21,189,0.900000,0.500000,0.000000,0.000000,0.000000,0.000000,189,0,21,0,0.253338,0.069074,0.069074
random_forest_balanced_ratio_preserved_noise_mcc_selected_v1,random_forest_class_weight_balanced,random_forest,min_samples_leaf,90/10,2,random_fp_10,validation_grid,90/10,valid,1.000000,True,13580,190,21.975360,190,19,171,0.915789,0.578947,1.000000,0.157895,0.272727,0.379980,171,0,16,3,0.902893,0.631835,0.631835
random_forest_balanced_ratio_preserved_noise_mcc_selected_v1,random_forest_class_weight_balanced,random_forest,min_samples_leaf,90/10,2,random_fp_10,validation_grid,90/10,valid,2.000000,False,13580,190,25.421632,190,19,171,0.915789,0.578947,1.000000,0.157895,0.272727,0.379980,171,0,16,3,0.876116,0.569291,0.569291
random_forest_balanced_ratio_preserved_noise_mcc_selected_v1,random_forest_class_weight_balanced,random_forest,min_samples_leaf,90/10,2,random_fp_10,validation_grid,90/10,valid,5.000000,False,13580,190,28.019778,190,19,171,0.915789,0.578947,1.000000,0.157895,0.272727,0.379980,171,0,16,3,0.836257,0.659264,0.659264
random_forest_balanced_ratio_preserved_noise_mcc_selected_v1,random_forest_class_weight_balanced,random_forest,min_samples_leaf,90/10,2,random_fp_10,test,50/50,test,1.000000,True,13580,190,28.119537,42,21,21,0.595238,0.595238,1.000000,0.190476,0.320000,0.324443,21,0,17,4,0.950113,0.952355,0.952355
random_forest_balanced_ratio_preserved_noise_mcc_selected_v1,random_forest_class_weight_balanced,random_forest,min_samples_leaf,90/10,2,random_fp_10,test,60/40,test,1.000000,True,13580,190,28.204770,53,21,32,0.679245,0.595238,1.000000,0.190476,0.320000,0.352693,32,0,17,4,0.894345,0.860418,0.860418
random_forest_balanced_ratio_preserved_noise_mcc_selected_v1,random_forest_class_weight_balanced,random_forest,min_samples_leaf,90/10,2,random_fp_10,test,70/30,test,1.000000,True,13580,190,28.336823,70,21,49,0.757143,0.595238,1.000000,0.190476,0.320000,0.376051,49,0,17,4,0.906706,0.822423,0.822423
random_forest_balanced_ratio_preserved_noise_mcc_selected_v1,random_forest_class_weight_balanced,random_forest,min_samples_leaf,90/10,2,random_fp_10,test,75/25,test,1.000000,True,13580,190,28.452411,84,21,63,0.797619,0.595238,1.000000,0.190476,0.320000,0.387298,63,0,17,4,0.865835,0.718303,0.718303
random_forest_balanced_ratio_preserved_noise_mcc_selected_v1,random_forest_class_weight_balanced,random_forest,min_samples_leaf,90/10,2,random_fp_10,test,80/20,test,1.000000,True,13580,190,28.577095,105,21,84,0.838095,0.595238,1.000000,0.190476,0.320000,0.398015,84,0,17,4,0.890023,0.756137,0.756137
random_forest_balanced_ratio_preserved_noise_mcc_selected_v1,random_forest_class_weight_balanced,random_forest,min_samples_leaf,90/10,2,random_fp_10,test,90/10,test,1.000000,True,13580,190,28.765683,210,21,189,0.919048,0.595238,1.000000,0.190476,0.320000,0.418040,189,0,17,4,0.881204,0.597910,0.597910
random_forest_balanced_ratio_preserved_noise_mcc_selected_v1,random_forest_class_weight_balanced,random_forest,min_samples_leaf,90/10,2,random_fp_20,validation_grid,90/10,valid,1.000000,True,20370,190,32.942559,190,19,171,0.910526,0.552632,1.000000,0.105263,0.190476,0.309426,171,0,17,2,0.854878,0.570668,0.570668
random_forest_balanced_ratio_preserved_noise_mcc_selected_v1,random_forest_class_weight_balanced,random_forest,min_samples_leaf,90/10,2,random_fp_20,validation_grid,90/10,valid,2.000000,False,20370,190,40.104976,190,19,171,0.910526,0.552632,1.000000,0.105263,0.190476,0.309426,171,0,17,2,0.834718,0.531433,0.531433
random_forest_balanced_ratio_preserved_noise_mcc_selected_v1,random_forest_class_weight_balanced,random_forest,min_samples_leaf,90/10,2,random_fp_20,validation_grid,90/10,valid,5.000000,False,20370,190,45.755487,190,19,171,0.910526,0.552632,1.000000,0.105263,0.190476,0.309426,171,0,17,2,0.870729,0.625472,0.625472
random_forest_balanced_ratio_preserved_noise_mcc_selected_v1,random_forest_class_weight_balanced,random_forest,min_samples_leaf,90/10,2,random_fp_20,test,50/50,test,1.000000,True,20370,190,45.868634,42,21,21,0.595238,0.595238,1.000000,0.190476,0.320000,0.324443,21,0,17,4,0.894558,0.891168,0.891168
random_forest_balanced_ratio_preserved_noise_mcc_selected_v1,random_forest_class_weight_balanced,random_forest,min_samples_leaf,90/10,2,random_fp_20,test,60/40,test,1.000000,True,20370,190,45.972070,53,21,32,0.679245,0.595238,1.000000,0.190476,0.320000,0.352693,32,0,17,4,0.866815,0.823678,0.823678
random_forest_balanced_ratio_preserved_noise_mcc_selected_v1,random_forest_class_weight_balanced,random_forest,min_samples_leaf,90/10,2,random_fp_20,test,70/30,test,1.000000,True,20370,190,46.108461,70,21,49,0.757143,0.595238,1.000000,0.190476,0.320000,0.376051,49,0,17,4,0.917396,0.833825,0.833825
random_forest_balanced_ratio_preserved_noise_mcc_selected_v1,random_forest_class_weight_balanced,random_forest,min_samples_leaf,90/10,2,random_fp_20,test,75/25,test,1.000000,True,20370,190,46.240579,84,21,63,0.797619,0.595238,1.000000,0.190476,0.320000,0.387298,63,0,17,4,0.841648,0.663648,0.663648
random_forest_balanced_ratio_preserved_noise_mcc_selected_v1,random_forest_class_weight_balanced,random_forest,min_samples_leaf,90/10,2,random_fp_20,test,80/20,test,1.000000,True,20370,190,46.373933,105,21,84,0.828571,0.589286,0.800000,0.190476,0.307692,0.335410,83,1,17,4,0.856293,0.621695,0.621695
random_forest_balanced_ratio_preserved_noise_mcc_selected_v1,random_forest_class_weight_balanced,random_forest,min_samples_leaf,90/10,2,random_fp_20,test,90/10,test,1.000000,True,20370,190,46.584284,210,21,189,0.919048,0.595238,1.000000,0.190476,0.320000,0.418040,189,0,17,4,0.856387,0.501443,0.501443
random_forest_balanced_ratio_preserved_noise_mcc_selected_v1,random_forest_class_weight_balanced,random_forest,min_samples_leaf,90/10,2,heuristic_fp_10,validation_grid,90/10,valid,1.000000,False,13580,190,20.506988,190,19,171,0.936842,0.684211,1.000000,0.368421,0.538462,0.586739,171,0,12,7,0.922592,0.694192,0.694192
random_forest_balanced_ratio_preserved_noise_mcc_selected_v1,random_forest_class_weight_balanced,random_forest,min_samples_leaf,90/10,2,heuristic_fp_10,validation_grid,90/10,valid,2.000000,False,13580,190,22.907333,190,19,171,0.936842,0.684211,1.000000,0.368421,0.538462,0.586739,171,0,12,7,0.911511,0.646509,0.646509
random_forest_balanced_ratio_preserved_noise_mcc_selected_v1,random_forest_class_weight_balanced,random_forest,min_samples_leaf,90/10,2,heuristic_fp_10,validation_grid,90/10,valid,5.000000,True,13580,190,24.840710,190,19,171,0.931579,0.798246,0.666667,0.631579,0.648649,0.611052,165,6,7,12,0.927670,0.681586,0.681586
random_forest_balanced_ratio_preserved_noise_mcc_selected_v1,random_forest_class_weight_balanced,random_forest,min_samples_leaf,90/10,2,heuristic_fp_10,test,50/50,test,5.000000,True,13580,190,24.944829,42,21,21,0.785714,0.785714,0.928571,0.619048,0.742857,0.606092,20,1,8,13,0.954649,0.955196,0.955196
random_forest_balanced_ratio_preserved_noise_mcc_selected_v1,random_forest_class_weight_balanced,random_forest,min_samples_leaf,90/10,2,heuristic_fp_10,test,60/40,test,5.000000,True,13580,190,25.035292,53,21,32,0.792453,0.762649,0.812500,0.619048,0.702703,0.559666,29,3,8,13,0.927083,0.876407,0.876407
random_forest_balanced_ratio_preserved_noise_mcc_selected_v1,random_forest_class_weight_balanced,random_forest,min_samples_leaf,90/10,2,heuristic_fp_10,test,70/30,test,5.000000,True,13580,190,25.163296,70,21,49,0.828571,0.768707,0.764706,0.619048,0.684211,0.574321,45,4,8,13,0.917396,0.834243,0.834243
random_forest_balanced_ratio_preserved_noise_mcc_selected_v1,random_forest_class_weight_balanced,random_forest,min_samples_leaf,90/10,2,heuristic_fp_10,test,75/25,test,5.000000,True,13580,190,25.278495,84,21,63,0.880952,0.793651,0.866667,0.619048,0.722222,0.664004,61,2,8,13,0.934240,0.840291,0.840291
random_forest_balanced_ratio_preserved_noise_mcc_selected_v1,random_forest_class_weight_balanced,random_forest,min_samples_leaf,90/10,2,heuristic_fp_10,test,80/20,test,5.000000,True,13580,190,25.395640,105,21,84,0.895238,0.791667,0.812500,0.619048,0.702703,0.649249,81,3,8,13,0.941043,0.800985,0.800985
random_forest_balanced_ratio_preserved_noise_mcc_selected_v1,random_forest_class_weight_balanced,random_forest,min_samples_leaf,90/10,2,heuristic_fp_10,test,90/10,test,5.000000,True,13580,190,25.599853,210,21,189,0.919048,0.785714,0.590909,0.619048,0.604651,0.559773,180,9,8,13,0.926178,0.533479,0.533479
random_forest_balanced_ratio_preserved_noise_mcc_selected_v1,random_forest_class_weight_balanced,random_forest,min_samples_leaf,90/10,2,heuristic_fp_20,validation_grid,90/10,valid,1.000000,False,20370,190,29.814252,190,19,171,0.915789,0.578947,1.000000,0.157895,0.272727,0.379980,171,0,16,3,0.879501,0.531856,0.531856
random_forest_balanced_ratio_preserved_noise_mcc_selected_v1,random_forest_class_weight_balanced,random_forest,min_samples_leaf,90/10,2,heuristic_fp_20,validation_grid,90/10,valid,2.000000,False,20370,190,35.420589,190,19,171,0.926316,0.631579,1.000000,0.263158,0.416667,0.493197,171,0,14,5,0.913512,0.635250,0.635250
random_forest_balanced_ratio_preserved_noise_mcc_selected_v1,random_forest_class_weight_balanced,random_forest,min_samples_leaf,90/10,2,heuristic_fp_20,validation_grid,90/10,valid,5.000000,True,20370,190,39.581005,190,19,171,0.931579,0.704678,0.800000,0.421053,0.551724,0.549972,169,2,11,8,0.904124,0.646337,0.646337
random_forest_balanced_ratio_preserved_noise_mcc_selected_v1,random_forest_class_weight_balanced,random_forest,min_samples_leaf,90/10,2,heuristic_fp_20,test,50/50,test,5.000000,True,20370,190,39.687301,42,21,21,0.738095,0.738095,1.000000,0.476190,0.645161,0.559017,21,0,11,10,0.941043,0.937189,0.937189
random_forest_balanced_ratio_preserved_noise_mcc_selected_v1,random_forest_class_weight_balanced,random_forest,min_samples_leaf,90/10,2,heuristic_fp_20,test,60/40,test,5.000000,True,20370,190,39.783357,53,21,32,0.773585,0.722470,0.909091,0.476190,0.625000,0.536618,31,1,11,10,0.934524,0.901588,0.901588
random_forest_balanced_ratio_preserved_noise_mcc_selected_v1,random_forest_class_weight_balanced,random_forest,min_samples_leaf,90/10,2,heuristic_fp_20,test,70/30,test,5.000000,True,20370,190,39.919107,70,21,49,0.785714,0.697279,0.714286,0.476190,0.571429,0.452023,45,4,11,10,0.883382,0.677963,0.677963
random_forest_balanced_ratio_preserved_noise_mcc_selected_v1,random_forest_class_weight_balanced,random_forest,min_samples_leaf,90/10,2,heuristic_fp_20,test,75/25,test,5.000000,True,20370,190,40.035992,84,21,63,0.833333,0.714286,0.769231,0.476190,0.588235,0.513100,60,3,11,10,0.900227,0.749354,0.749354
random_forest_balanced_ratio_preserved_noise_mcc_selected_v1,random_forest_class_weight_balanced,random_forest,min_samples_leaf,90/10,2,heuristic_fp_20,test,80/20,test,5.000000,True,20370,190,40.157151,105,21,84,0.885714,0.732143,0.909091,0.476190,0.625000,0.606421,83,1,11,10,0.942744,0.805342,0.805342
random_forest_balanced_ratio_preserved_noise_mcc_selected_v1,random_forest_class_weight_balanced,random_forest,min_samples_leaf,90/10,2,heuristic_fp_20,test,90/10,test,5.000000,True,20370,190,40.377671,210,21,189,0.914286,0.719577,0.588235,0.476190,0.526316,0.483007,182,7,11,10,0.923658,0.558863,0.558863
random_forest_balanced_ratio_preserved_noise_mcc_selected_v1,random_forest_class_weight_balanced,random_forest,min_samples_leaf,90/10,3,clean,validation_grid,90/10,valid,1.000000,False,6790,190,11.338974,190,19,171,0.915789,0.602339,0.800000,0.210526,0.333333,0.383598,170,1,15,4,0.904432,0.583857,0.583857
random_forest_balanced_ratio_preserved_noise_mcc_selected_v1,random_forest_class_weight_balanced,random_forest,min_samples_leaf,90/10,3,clean,validation_grid,90/10,valid,2.000000,True,6790,190,12.296086,190,19,171,0.926316,0.631579,1.000000,0.263158,0.416667,0.493197,171,0,14,5,0.914743,0.632972,0.632972
random_forest_balanced_ratio_preserved_noise_mcc_selected_v1,random_forest_class_weight_balanced,random_forest,min_samples_leaf,90/10,3,clean,validation_grid,90/10,valid,5.000000,False,6790,190,13.042590,190,19,171,0.915789,0.602339,0.800000,0.210526,0.333333,0.383598,170,1,15,4,0.927670,0.661207,0.661207
random_forest_balanced_ratio_preserved_noise_mcc_selected_v1,random_forest_class_weight_balanced,random_forest,min_samples_leaf,90/10,3,clean,test,50/50,test,2.000000,True,6790,190,13.123858,42,21,21,0.595238,0.595238,1.000000,0.190476,0.320000,0.324443,21,0,17,4,0.929705,0.935419,0.935419
random_forest_balanced_ratio_preserved_noise_mcc_selected_v1,random_forest_class_weight_balanced,random_forest,min_samples_leaf,90/10,3,clean,test,60/40,test,2.000000,True,6790,190,13.233013,53,21,32,0.679245,0.595238,1.000000,0.190476,0.320000,0.352693,32,0,17,4,0.892857,0.837503,0.837503
random_forest_balanced_ratio_preserved_noise_mcc_selected_v1,random_forest_class_weight_balanced,random_forest,min_samples_leaf,90/10,3,clean,test,70/30,test,2.000000,True,6790,190,13.347839,70,21,49,0.757143,0.595238,1.000000,0.190476,0.320000,0.376051,49,0,17,4,0.928086,0.879079,0.879079
random_forest_balanced_ratio_preserved_noise_mcc_selected_v1,random_forest_class_weight_balanced,random_forest,min_samples_leaf,90/10,3,clean,test,75/25,test,2.000000,True,6790,190,13.462135,84,21,63,0.797619,0.595238,1.000000,0.190476,0.320000,0.387298,63,0,17,4,0.912320,0.798070,0.798070
random_forest_balanced_ratio_preserved_noise_mcc_selected_v1,random_forest_class_weight_balanced,random_forest,min_samples_leaf,90/10,3,clean,test,80/20,test,2.000000,True,6790,190,13.595987,105,21,84,0.838095,0.595238,1.000000,0.190476,0.320000,0.398015,84,0,17,4,0.909297,0.770680,0.770680
random_forest_balanced_ratio_preserved_noise_mcc_selected_v1,random_forest_class_weight_balanced,random_forest,min_samples_leaf,90/10,3,clean,test,90/10,test,2.000000,True,6790,190,13.800569,210,21,189,0.919048,0.595238,1.000000,0.190476,0.320000,0.418040,189,0,17,4,0.927942,0.708819,0.708819
random_forest_balanced_ratio_preserved_noise_mcc_selected_v1,random_forest_class_weight_balanced,random_forest,min_samples_leaf,90/10,3,random_flip_10,validation_grid,90/10,valid,1.000000,False,6790,190,11.932368,190,19,171,0.905263,0.526316,1.000000,0.052632,0.100000,0.218218,171,0,18,1,0.817021,0.448484,0.448484
random_forest_balanced_ratio_preserved_noise_mcc_selected_v1,random_forest_class_weight_balanced,random_forest,min_samples_leaf,90/10,3,random_flip_10,validation_grid,90/10,valid,2.000000,True,6790,190,13.217572,190,19,171,0.910526,0.552632,1.000000,0.105263,0.190476,0.309426,171,0,17,2,0.837488,0.516114,0.516114
random_forest_balanced_ratio_preserved_noise_mcc_selected_v1,random_forest_class_weight_balanced,random_forest,min_samples_leaf,90/10,3,random_flip_10,validation_grid,90/10,valid,5.000000,False,6790,190,14.314699,190,19,171,0.905263,0.526316,1.000000,0.052632,0.100000,0.218218,171,0,18,1,0.849492,0.554860,0.554860
random_forest_balanced_ratio_preserved_noise_mcc_selected_v1,random_forest_class_weight_balanced,random_forest,min_samples_leaf,90/10,3,random_flip_10,test,50/50,test,2.000000,True,6790,190,14.398813,42,21,21,0.547619,0.547619,1.000000,0.095238,0.173913,0.223607,21,0,19,2,0.777778,0.804280,0.804280
random_forest_balanced_ratio_preserved_noise_mcc_selected_v1,random_forest_class_weight_balanced,random_forest,min_samples_leaf,90/10,3,random_flip_10,test,60/40,test,2.000000,True,6790,190,14.505205,53,21,32,0.641509,0.547619,1.000000,0.095238,0.173913,0.244453,32,0,19,2,0.688988,0.638359,0.638359
random_forest_balanced_ratio_preserved_noise_mcc_selected_v1,random_forest_class_weight_balanced,random_forest,min_samples_leaf,90/10,3,random_flip_10,test,70/30,test,2.000000,True,6790,190,14.618144,70,21,49,0.728571,0.547619,1.000000,0.095238,0.173913,0.261968,49,0,19,2,0.730807,0.623229,0.623229
random_forest_balanced_ratio_preserved_noise_mcc_selected_v1,random_forest_class_weight_balanced,random_forest,min_samples_leaf,90/10,3,random_flip_10,test,75/25,test,2.000000,True,6790,190,14.730883,84,21,63,0.773810,0.547619,1.000000,0.095238,0.173913,0.270501,63,0,19,2,0.804233,0.657648,0.657648
random_forest_balanced_ratio_preserved_noise_mcc_selected_v1,random_forest_class_weight_balanced,random_forest,min_samples_leaf,90/10,3,random_flip_10,test,80/20,test,2.000000,True,6790,190,14.857010,105,21,84,0.819048,0.547619,1.000000,0.095238,0.173913,0.278693,84,0,19,2,0.799320,0.567025,0.567025
random_forest_balanced_ratio_preserved_noise_mcc_selected_v1,random_forest_class_weight_balanced,random_forest,min_samples_leaf,90/10,3,random_flip_10,test,90/10,test,2.000000,True,6790,190,15.085184,210,21,189,0.909524,0.547619,1.000000,0.095238,0.173913,0.294174,189,0,19,2,0.783321,0.414423,0.414423
random_forest_balanced_ratio_preserved_noise_mcc_selected_v1,random_forest_class_weight_balanced,random_forest,min_samples_leaf,90/10,3,random_flip_20,validation_grid,90/10,valid,1.000000,True,6790,190,11.854471,190,19,171,0.900000,0.500000,0.000000,0.000000,0.000000,0.000000,171,0,19,0,0.226839,0.067525,0.067525
random_forest_balanced_ratio_preserved_noise_mcc_selected_v1,random_forest_class_weight_balanced,random_forest,min_samples_leaf,90/10,3,random_flip_20,validation_grid,90/10,valid,2.000000,False,6790,190,13.350517,190,19,171,0.900000,0.500000,0.000000,0.000000,0.000000,0.000000,171,0,19,0,0.165589,0.060435,0.060435
random_forest_balanced_ratio_preserved_noise_mcc_selected_v1,random_forest_class_weight_balanced,random_forest,min_samples_leaf,90/10,3,random_flip_20,validation_grid,90/10,valid,5.000000,False,6790,190,14.458322,190,19,171,0.900000,0.500000,0.000000,0.000000,0.000000,0.000000,171,0,19,0,0.222838,0.064317,0.064317
random_forest_balanced_ratio_preserved_noise_mcc_selected_v1,random_forest_class_weight_balanced,random_forest,min_samples_leaf,90/10,3,random_flip_20,test,50/50,test,1.000000,True,6790,190,14.540496,42,21,21,0.500000,0.500000,0.000000,0.000000,0.000000,0.000000,21,0,21,0,0.213152,0.367628,0.367628
random_forest_balanced_ratio_preserved_noise_mcc_selected_v1,random_forest_class_weight_balanced,random_forest,min_samples_leaf,90/10,3,random_flip_20,test,60/40,test,1.000000,True,6790,190,14.642414,53,21,32,0.603774,0.500000,0.000000,0.000000,0.000000,0.000000,32,0,21,0,0.318452,0.322208,0.322208
random_forest_balanced_ratio_preserved_noise_mcc_selected_v1,random_forest_class_weight_balanced,random_forest,min_samples_leaf,90/10,3,random_flip_20,test,70/30,test,1.000000,True,6790,190,14.752158,70,21,49,0.700000,0.500000,0.000000,0.000000,0.000000,0.000000,49,0,21,0,0.289602,0.226961,0.226961
random_forest_balanced_ratio_preserved_noise_mcc_selected_v1,random_forest_class_weight_balanced,random_forest,min_samples_leaf,90/10,3,random_flip_20,test,75/25,test,1.000000,True,6790,190,14.888064,84,21,63,0.750000,0.500000,0.000000,0.000000,0.000000,0.000000,63,0,21,0,0.264550,0.178276,0.178276
random_forest_balanced_ratio_preserved_noise_mcc_selected_v1,random_forest_class_weight_balanced,random_forest,min_samples_leaf,90/10,3,random_flip_20,test,80/20,test,1.000000,True,6790,190,15.027184,105,21,84,0.800000,0.500000,0.000000,0.000000,0.000000,0.000000,84,0,21,0,0.257937,0.140018,0.140018
random_forest_balanced_ratio_preserved_noise_mcc_selected_v1,random_forest_class_weight_balanced,random_forest,min_samples_leaf,90/10,3,random_flip_20,test,90/10,test,1.000000,True,6790,190,15.214962,210,21,189,0.900000,0.500000,0.000000,0.000000,0.000000,0.000000,189,0,21,0,0.240867,0.066567,0.066567
random_forest_balanced_ratio_preserved_noise_mcc_selected_v1,random_forest_class_weight_balanced,random_forest,min_samples_leaf,90/10,3,random_fp_10,validation_grid,90/10,valid,1.000000,False,13580,190,21.683481,190,19,171,0.910526,0.552632,1.000000,0.105263,0.190476,0.309426,171,0,17,2,0.868883,0.485002,0.485002
random_forest_balanced_ratio_preserved_noise_mcc_selected_v1,random_forest_class_weight_balanced,random_forest,min_samples_leaf,90/10,3,random_fp_10,validation_grid,90/10,valid,2.000000,False,13580,190,25.043744,190,19,171,0.910526,0.552632,1.000000,0.105263,0.190476,0.309426,171,0,17,2,0.851031,0.506213,0.506213
random_forest_balanced_ratio_preserved_noise_mcc_selected_v1,random_forest_class_weight_balanced,random_forest,min_samples_leaf,90/10,3,random_fp_10,validation_grid,90/10,valid,5.000000,True,13580,190,27.652176,190,19,171,0.910526,0.576023,0.750000,0.157895,0.260870,0.317735,170,1,16,3,0.860880,0.541764,0.541764
random_forest_balanced_ratio_preserved_noise_mcc_selected_v1,random_forest_class_weight_balanced,random_forest,min_samples_leaf,90/10,3,random_fp_10,test,50/50,test,5.000000,True,13580,190,27.736137,42,21,21,0.595238,0.595238,1.000000,0.190476,0.320000,0.324443,21,0,17,4,0.900227,0.921923,0.921923
random_forest_balanced_ratio_preserved_noise_mcc_selected_v1,random_forest_class_weight_balanced,random_forest,min_samples_leaf,90/10,3,random_fp_10,test,60/40,test,5.000000,True,13580,190,27.840257,53,21,32,0.679245,0.595238,1.000000,0.190476,0.320000,0.352693,32,0,17,4,0.867560,0.869133,0.869133
random_forest_balanced_ratio_preserved_noise_mcc_selected_v1,random_forest_class_weight_balanced,random_forest,min_samples_leaf,90/10,3,random_fp_10,test,70/30,test,5.000000,True,13580,190,27.947597,70,21,49,0.757143,0.595238,1.000000,0.190476,0.320000,0.376051,49,0,17,4,0.854227,0.811889,0.811889
random_forest_balanced_ratio_preserved_noise_mcc_selected_v1,random_forest_class_weight_balanced,random_forest,min_samples_leaf,90/10,3,random_fp_10,test,75/25,test,5.000000,True,13580,190,28.058008,84,21,63,0.797619,0.595238,1.000000,0.190476,0.320000,0.387298,63,0,17,4,0.861678,0.759594,0.759594
random_forest_balanced_ratio_preserved_noise_mcc_selected_v1,random_forest_class_weight_balanced,random_forest,min_samples_leaf,90/10,3,random_fp_10,test,80/20,test,5.000000,True,13580,190,28.179964,105,21,84,0.838095,0.595238,1.000000,0.190476,0.320000,0.398015,84,0,17,4,0.861111,0.760910,0.760910
random_forest_balanced_ratio_preserved_noise_mcc_selected_v1,random_forest_class_weight_balanced,random_forest,min_samples_leaf,90/10,3,random_fp_10,test,90/10,test,5.000000,True,13580,190,28.386225,210,21,189,0.914286,0.592593,0.800000,0.190476,0.307692,0.364405,188,1,17,4,0.868481,0.649267,0.649267
random_forest_balanced_ratio_preserved_noise_mcc_selected_v1,random_forest_class_weight_balanced,random_forest,min_samples_leaf,90/10,3,random_fp_20,validation_grid,90/10,valid,1.000000,True,20370,190,32.321054,190,19,171,0.915789,0.578947,1.000000,0.157895,0.272727,0.379980,171,0,16,3,0.817175,0.531685,0.531685
random_forest_balanced_ratio_preserved_noise_mcc_selected_v1,random_forest_class_weight_balanced,random_forest,min_samples_leaf,90/10,3,random_fp_20,validation_grid,90/10,valid,2.000000,False,20370,190,39.163487,190,19,171,0.915789,0.578947,1.000000,0.157895,0.272727,0.379980,171,0,16,3,0.802093,0.443640,0.443640
random_forest_balanced_ratio_preserved_noise_mcc_selected_v1,random_forest_class_weight_balanced,random_forest,min_samples_leaf,90/10,3,random_fp_20,validation_grid,90/10,valid,5.000000,False,20370,190,44.281154,190,19,171,0.915789,0.578947,1.000000,0.157895,0.272727,0.379980,171,0,16,3,0.799631,0.519787,0.519787
random_forest_balanced_ratio_preserved_noise_mcc_selected_v1,random_forest_class_weight_balanced,random_forest,min_samples_leaf,90/10,3,random_fp_20,test,50/50,test,1.000000,True,20370,190,44.364686,42,21,21,0.595238,0.595238,1.000000,0.190476,0.320000,0.324443,21,0,17,4,0.810658,0.852129,0.852129
random_forest_balanced_ratio_preserved_noise_mcc_selected_v1,random_forest_class_weight_balanced,random_forest,min_samples_leaf,90/10,3,random_fp_20,test,60/40,test,1.000000,True,20370,190,44.469883,53,21,32,0.679245,0.595238,1.000000,0.190476,0.320000,0.352693,32,0,17,4,0.696429,0.711445,0.711445
random_forest_balanced_ratio_preserved_noise_mcc_selected_v1,random_forest_class_weight_balanced,random_forest,min_samples_leaf,90/10,3,random_fp_20,test,70/30,test,1.000000,True,20370,190,44.578828,70,21,49,0.757143,0.595238,1.000000,0.190476,0.320000,0.376051,49,0,17,4,0.761419,0.730311,0.730311
random_forest_balanced_ratio_preserved_noise_mcc_selected_v1,random_forest_class_weight_balanced,random_forest,min_samples_leaf,90/10,3,random_fp_20,test,75/25,test,1.000000,True,20370,190,44.698398,84,21,63,0.785714,0.587302,0.800000,0.190476,0.307692,0.319546,62,1,17,4,0.742630,0.587007,0.587007
random_forest_balanced_ratio_preserved_noise_mcc_selected_v1,random_forest_class_weight_balanced,random_forest,min_samples_leaf,90/10,3,random_fp_20,test,80/20,test,1.000000,True,20370,190,44.836763,105,21,84,0.838095,0.595238,1.000000,0.190476,0.320000,0.398015,84,0,17,4,0.758503,0.624533,0.624533
random_forest_balanced_ratio_preserved_noise_mcc_selected_v1,random_forest_class_weight_balanced,random_forest,min_samples_leaf,90/10,3,random_fp_20,test,90/10,test,1.000000,True,20370,190,45.041161,210,21,189,0.919048,0.595238,1.000000,0.190476,0.320000,0.418040,189,0,17,4,0.769715,0.540745,0.540745
random_forest_balanced_ratio_preserved_noise_mcc_selected_v1,random_forest_class_weight_balanced,random_forest,min_samples_leaf,90/10,3,heuristic_fp_10,validation_grid,90/10,valid,1.000000,True,13580,190,20.767193,190,19,171,0.931579,0.681287,0.875000,0.368421,0.518519,0.541614,170,1,12,7,0.928440,0.684381,0.684381
random_forest_balanced_ratio_preserved_noise_mcc_selected_v1,random_forest_class_weight_balanced,random_forest,min_samples_leaf,90/10,3,heuristic_fp_10,validation_grid,90/10,valid,2.000000,False,13580,190,23.170007,190,19,171,0.921053,0.652047,0.750000,0.315789,0.444444,0.454257,169,2,13,6,0.925823,0.685205,0.685205
random_forest_balanced_ratio_preserved_noise_mcc_selected_v1,random_forest_class_weight_balanced,random_forest,min_samples_leaf,90/10,3,heuristic_fp_10,validation_grid,90/10,valid,5.000000,False,13580,190,24.994312,190,19,171,0.915789,0.766082,0.578947,0.578947,0.578947,0.532164,163,8,8,11,0.923977,0.614857,0.614857
random_forest_balanced_ratio_preserved_noise_mcc_selected_v1,random_forest_class_weight_balanced,random_forest,min_samples_leaf,90/10,3,heuristic_fp_10,test,50/50,test,1.000000,True,13580,190,25.070422,42,21,21,0.690476,0.690476,1.000000,0.380952,0.551724,0.485071,21,0,13,8,0.939909,0.924028,0.924028
random_forest_balanced_ratio_preserved_noise_mcc_selected_v1,random_forest_class_weight_balanced,random_forest,min_samples_leaf,90/10,3,heuristic_fp_10,test,60/40,test,1.000000,True,13580,190,25.178785,53,21,32,0.716981,0.659226,0.800000,0.380952,0.516129,0.398103,30,2,13,8,0.909970,0.859490,0.859490
random_forest_balanced_ratio_preserved_noise_mcc_selected_v1,random_forest_class_weight_balanced,random_forest,min_samples_leaf,90/10,3,heuristic_fp_10,test,70/30,test,1.000000,True,13580,190,25.292528,70,21,49,0.800000,0.680272,0.888889,0.380952,0.533333,0.493606,48,1,13,8,0.918853,0.818528,0.818528
random_forest_balanced_ratio_preserved_noise_mcc_selected_v1,random_forest_class_weight_balanced,random_forest,min_samples_leaf,90/10,3,heuristic_fp_10,test,75/25,test,1.000000,True,13580,190,25.406401,84,21,63,0.785714,0.650794,0.615385,0.380952,0.470588,0.361071,58,5,13,8,0.897581,0.695274,0.695274
random_forest_balanced_ratio_preserved_noise_mcc_selected_v1,random_forest_class_weight_balanced,random_forest,min_samples_leaf,90/10,3,heuristic_fp_10,test,80/20,test,1.000000,True,13580,190,25.524401,105,21,84,0.866667,0.684524,0.888889,0.380952,0.533333,0.527321,83,1,13,8,0.931689,0.768959,0.768959
random_forest_balanced_ratio_preserved_noise_mcc_selected_v1,random_forest_class_weight_balanced,random_forest,min_samples_leaf,90/10,3,heuristic_fp_10,test,90/10,test,1.000000,True,13580,190,25.704082,210,21,189,0.938095,0.690476,1.000000,0.380952,0.551724,0.597022,189,0,13,8,0.946964,0.710685,0.710685
random_forest_balanced_ratio_preserved_noise_mcc_selected_v1,random_forest_class_weight_balanced,random_forest,min_samples_leaf,90/10,3,heuristic_fp_20,validation_grid,90/10,valid,1.000000,False,20370,190,30.591518,190,19,171,0.915789,0.602339,0.800000,0.210526,0.333333,0.383598,170,1,15,4,0.925669,0.609336,0.609336
random_forest_balanced_ratio_preserved_noise_mcc_selected_v1,random_forest_class_weight_balanced,random_forest,min_samples_leaf,90/10,3,heuristic_fp_20,validation_grid,90/10,valid,2.000000,False,20370,190,35.780021,190,19,171,0.921053,0.628655,0.833333,0.263158,0.400000,0.441415,170,1,14,5,0.898122,0.566287,0.566287
random_forest_balanced_ratio_preserved_noise_mcc_selected_v1,random_forest_class_weight_balanced,random_forest,min_samples_leaf,90/10,3,heuristic_fp_20,validation_grid,90/10,valid,5.000000,True,20370,190,39.672313,190,19,171,0.921053,0.722222,0.642857,0.473684,0.545455,0.510355,166,5,10,9,0.922438,0.634552,0.634552
random_forest_balanced_ratio_preserved_noise_mcc_selected_v1,random_forest_class_weight_balanced,random_forest,min_samples_leaf,90/10,3,heuristic_fp_20,test,50/50,test,5.000000,True,20370,190,39.751403,42,21,21,0.738095,0.738095,1.000000,0.476190,0.645161,0.559017,21,0,11,10,0.986395,0.988052,0.988052
random_forest_balanced_ratio_preserved_noise_mcc_selected_v1,random_forest_class_weight_balanced,random_forest,min_samples_leaf,90/10,3,heuristic_fp_20,test,60/40,test,5.000000,True,20370,190,39.856649,53,21,32,0.735849,0.691220,0.769231,0.476190,0.588235,0.434757,29,3,11,10,0.910714,0.845055,0.845055
random_forest_balanced_ratio_preserved_noise_mcc_selected_v1,random_forest_class_weight_balanced,random_forest,min_samples_leaf,90/10,3,heuristic_fp_20,test,70/30,test,5.000000,True,20370,190,39.962452,70,21,49,0.785714,0.697279,0.714286,0.476190,0.571429,0.452023,45,4,11,10,0.927114,0.824797,0.824797
random_forest_balanced_ratio_preserved_noise_mcc_selected_v1,random_forest_class_weight_balanced,random_forest,min_samples_leaf,90/10,3,heuristic_fp_20,test,75/25,test,5.000000,True,20370,190,40.091233,84,21,63,0.797619,0.690476,0.625000,0.476190,0.540541,0.420084,57,6,11,10,0.913076,0.722709,0.722709
random_forest_balanced_ratio_preserved_noise_mcc_selected_v1,random_forest_class_weight_balanced,random_forest,min_samples_leaf,90/10,3,heuristic_fp_20,test,80/20,test,5.000000,True,20370,190,40.218815,105,21,84,0.876190,0.726190,0.833333,0.476190,0.606061,0.568750,82,2,11,10,0.951814,0.828496,0.828496
random_forest_balanced_ratio_preserved_noise_mcc_selected_v1,random_forest_class_weight_balanced,random_forest,min_samples_leaf,90/10,3,heuristic_fp_20,test,90/10,test,5.000000,True,20370,190,40.421846,210,21,189,0.928571,0.727513,0.714286,0.476190,0.571429,0.547249,185,4,11,10,0.957420,0.754857,0.754857
random_forest_balanced_ratio_preserved_noise_mcc_selected_v1,random_forest_class_weight_balanced,random_forest,min_samples_leaf,90/10,4,clean,validation_grid,90/10,valid,1.000000,False,6790,190,11.133784,190,19,171,0.910526,0.576023,0.750000,0.157895,0.260870,0.317735,170,1,16,3,0.883041,0.541649,0.541649
random_forest_balanced_ratio_preserved_noise_mcc_selected_v1,random_forest_class_weight_balanced,random_forest,min_samples_leaf,90/10,4,clean,validation_grid,90/10,valid,2.000000,False,6790,190,12.118914,190,19,171,0.915789,0.602339,0.800000,0.210526,0.333333,0.383598,170,1,15,4,0.903663,0.548232,0.548232
random_forest_balanced_ratio_preserved_noise_mcc_selected_v1,random_forest_class_weight_balanced,random_forest,min_samples_leaf,90/10,4,clean,validation_grid,90/10,valid,5.000000,True,6790,190,12.843194,190,19,171,0.921053,0.652047,0.750000,0.315789,0.444444,0.454257,169,2,13,6,0.909818,0.574061,0.574061
random_forest_balanced_ratio_preserved_noise_mcc_selected_v1,random_forest_class_weight_balanced,random_forest,min_samples_leaf,90/10,4,clean,test,50/50,test,5.000000,True,6790,190,12.935388,42,21,21,0.738095,0.738095,1.000000,0.476190,0.645161,0.559017,21,0,11,10,0.920635,0.937518,0.937518
random_forest_balanced_ratio_preserved_noise_mcc_selected_v1,random_forest_class_weight_balanced,random_forest,min_samples_leaf,90/10,4,clean,test,60/40,test,5.000000,True,6790,190,13.105184,53,21,32,0.792453,0.738095,1.000000,0.476190,0.645161,0.595293,32,0,11,10,0.888393,0.875669,0.875669
random_forest_balanced_ratio_preserved_noise_mcc_selected_v1,random_forest_class_weight_balanced,random_forest,min_samples_leaf,90/10,4,clean,test,70/30,test,5.000000,True,6790,190,13.218140,70,21,49,0.828571,0.727891,0.909091,0.476190,0.625000,0.573909,48,1,11,10,0.871720,0.777969,0.777969
random_forest_balanced_ratio_preserved_noise_mcc_selected_v1,random_forest_class_weight_balanced,random_forest,min_samples_leaf,90/10,4,clean,test,75/25,test,5.000000,True,6790,190,13.350270,84,21,63,0.857143,0.730159,0.909091,0.476190,0.625000,0.590853,62,1,11,10,0.885110,0.752924,0.752924
random_forest_balanced_ratio_preserved_noise_mcc_selected_v1,random_forest_class_weight_balanced,random_forest,min_samples_leaf,90/10,4,clean,test,80/20,test,5.000000,True,6790,190,13.475744,105,21,84,0.895238,0.738095,1.000000,0.476190,0.645161,0.648886,84,0,11,10,0.924036,0.855265,0.855265
random_forest_balanced_ratio_preserved_noise_mcc_selected_v1,random_forest_class_weight_balanced,random_forest,min_samples_leaf,90/10,4,clean,test,90/10,test,5.000000,True,6790,190,13.716319,210,21,189,0.942857,0.735450,0.909091,0.476190,0.625000,0.634083,188,1,11,10,0.904510,0.702333,0.702333
random_forest_balanced_ratio_preserved_noise_mcc_selected_v1,random_forest_class_weight_balanced,random_forest,min_samples_leaf,90/10,4,random_flip_10,validation_grid,90/10,valid,1.000000,True,6790,190,12.114846,190,19,171,0.900000,0.500000,0.000000,0.000000,0.000000,0.000000,171,0,19,0,0.788550,0.375863,0.375863
random_forest_balanced_ratio_preserved_noise_mcc_selected_v1,random_forest_class_weight_balanced,random_forest,min_samples_leaf,90/10,4,random_flip_10,validation_grid,90/10,valid,2.000000,False,6790,190,13.424744,190,19,171,0.900000,0.500000,0.000000,0.000000,0.000000,0.000000,171,0,19,0,0.778086,0.431598,0.431598
random_forest_balanced_ratio_preserved_noise_mcc_selected_v1,random_forest_class_weight_balanced,random_forest,min_samples_leaf,90/10,4,random_flip_10,validation_grid,90/10,valid,5.000000,False,6790,190,14.406132,190,19,171,0.900000,0.500000,0.000000,0.000000,0.000000,0.000000,171,0,19,0,0.796861,0.391350,0.391350
random_forest_balanced_ratio_preserved_noise_mcc_selected_v1,random_forest_class_weight_balanced,random_forest,min_samples_leaf,90/10,4,random_flip_10,test,50/50,test,1.000000,True,6790,190,14.495277,42,21,21,0.523810,0.523810,1.000000,0.047619,0.090909,0.156174,21,0,20,1,0.773243,0.796063,0.796063
random_forest_balanced_ratio_preserved_noise_mcc_selected_v1,random_forest_class_weight_balanced,random_forest,min_samples_leaf,90/10,4,random_flip_10,test,60/40,test,1.000000,True,6790,190,14.640544,53,21,32,0.622642,0.523810,1.000000,0.047619,0.090909,0.171184,32,0,20,1,0.784970,0.695034,0.695034
random_forest_balanced_ratio_preserved_noise_mcc_selected_v1,random_forest_class_weight_balanced,random_forest,min_samples_leaf,90/10,4,random_flip_10,test,70/30,test,1.000000,True,6790,190,14.758275,70,21,49,0.714286,0.523810,1.000000,0.047619,0.090909,0.183892,49,0,20,1,0.769679,0.599528,0.599528
random_forest_balanced_ratio_preserved_noise_mcc_selected_v1,random_forest_class_weight_balanced,random_forest,min_samples_leaf,90/10,4,random_flip_10,test,75/25,test,1.000000,True,6790,190,14.888249,84,21,63,0.761905,0.523810,1.000000,0.047619,0.090909,0.190117,63,0,20,1,0.788738,0.644875,0.644875
random_forest_balanced_ratio_preserved_noise_mcc_selected_v1,random_forest_class_weight_balanced,random_forest,min_samples_leaf,90/10,4,random_flip_10,test,80/20,test,1.000000,True,6790,190,15.012630,105,21,84,0.809524,0.523810,1.000000,0.047619,0.090909,0.196116,84,0,20,1,0.810091,0.602725,0.602725
random_forest_balanced_ratio_preserved_noise_mcc_selected_v1,random_forest_class_weight_balanced,random_forest,min_samples_leaf,90/10,4,random_flip_10,test,90/10,test,1.000000,True,6790,190,15.246561,210,21,189,0.904762,0.523810,1.000000,0.047619,0.090909,0.207514,189,0,20,1,0.805619,0.448768,0.448768
random_forest_balanced_ratio_preserved_noise_mcc_selected_v1,random_forest_class_weight_balanced,random_forest,min_samples_leaf,90/10,4,random_flip_20,validation_grid,90/10,valid,1.000000,True,6790,190,12.358426,190,19,171,0.900000,0.500000,0.000000,0.000000,0.000000,0.000000,171,0,19,0,0.221453,0.064819,0.064819
random_forest_balanced_ratio_preserved_noise_mcc_selected_v1,random_forest_class_weight_balanced,random_forest,min_samples_leaf,90/10,4,random_flip_20,validation_grid,90/10,valid,2.000000,False,6790,190,13.925660,190,19,171,0.900000,0.500000,0.000000,0.000000,0.000000,0.000000,171,0,19,0,0.229917,0.064203,0.064203
random_forest_balanced_ratio_preserved_noise_mcc_selected_v1,random_forest_class_weight_balanced,random_forest,min_samples_leaf,90/10,4,random_flip_20,validation_grid,90/10,valid,5.000000,False,6790,190,15.064950,190,19,171,0.894737,0.497076,0.000000,0.000000,0.000000,-0.024246,170,1,19,0,0.225608,0.064494,0.064494
random_forest_balanced_ratio_preserved_noise_mcc_selected_v1,random_forest_class_weight_balanced,random_forest,min_samples_leaf,90/10,4,random_flip_20,test,50/50,test,1.000000,True,6790,190,15.158496,42,21,21,0.500000,0.500000,0.000000,0.000000,0.000000,0.000000,21,0,21,0,0.280045,0.401044,0.401044
random_forest_balanced_ratio_preserved_noise_mcc_selected_v1,random_forest_class_weight_balanced,random_forest,min_samples_leaf,90/10,4,random_flip_20,test,60/40,test,1.000000,True,6790,190,15.319274,53,21,32,0.603774,0.500000,0.000000,0.000000,0.000000,0.000000,32,0,21,0,0.271577,0.296782,0.296782
random_forest_balanced_ratio_preserved_noise_mcc_selected_v1,random_forest_class_weight_balanced,random_forest,min_samples_leaf,90/10,4,random_flip_20,test,70/30,test,1.000000,True,6790,190,15.436171,70,21,49,0.700000,0.500000,0.000000,0.000000,0.000000,0.000000,49,0,21,0,0.304665,0.236305,0.236305
random_forest_balanced_ratio_preserved_noise_mcc_selected_v1,random_forest_class_weight_balanced,random_forest,min_samples_leaf,90/10,4,random_flip_20,test,75/25,test,1.000000,True,6790,190,15.572682,84,21,63,0.738095,0.492063,0.000000,0.000000,0.000000,-0.063372,62,1,21,0,0.273998,0.184191,0.184191
random_forest_balanced_ratio_preserved_noise_mcc_selected_v1,random_forest_class_weight_balanced,random_forest,min_samples_leaf,90/10,4,random_flip_20,test,80/20,test,1.000000,True,6790,190,15.705132,105,21,84,0.800000,0.500000,0.000000,0.000000,0.000000,0.000000,84,0,21,0,0.252834,0.142107,0.142107
random_forest_balanced_ratio_preserved_noise_mcc_selected_v1,random_forest_class_weight_balanced,random_forest,min_samples_leaf,90/10,4,random_flip_20,test,90/10,test,1.000000,True,6790,190,15.951729,210,21,189,0.900000,0.500000,0.000000,0.000000,0.000000,0.000000,189,0,21,0,0.309398,0.073559,0.073559
random_forest_balanced_ratio_preserved_noise_mcc_selected_v1,random_forest_class_weight_balanced,random_forest,min_samples_leaf,90/10,4,random_fp_10,validation_grid,90/10,valid,1.000000,False,13580,190,21.113720,190,19,171,0.915789,0.578947,1.000000,0.157895,0.272727,0.379980,171,0,16,3,0.825946,0.437457,0.437457
random_forest_balanced_ratio_preserved_noise_mcc_selected_v1,random_forest_class_weight_balanced,random_forest,min_samples_leaf,90/10,4,random_fp_10,validation_grid,90/10,valid,2.000000,False,13580,190,24.469069,190,19,171,0.915789,0.578947,1.000000,0.157895,0.272727,0.379980,171,0,16,3,0.831948,0.491456,0.491456
random_forest_balanced_ratio_preserved_noise_mcc_selected_v1,random_forest_class_weight_balanced,random_forest,min_samples_leaf,90/10,4,random_fp_10,validation_grid,90/10,valid,5.000000,True,13580,190,27.084758,190,19,171,0.915789,0.602339,0.800000,0.210526,0.333333,0.383598,170,1,15,4,0.822715,0.494488,0.494488
random_forest_balanced_ratio_preserved_noise_mcc_selected_v1,random_forest_class_weight_balanced,random_forest,min_samples_leaf,90/10,4,random_fp_10,test,50/50,test,5.000000,True,13580,190,27.173891,42,21,21,0.595238,0.595238,1.000000,0.190476,0.320000,0.324443,21,0,17,4,0.909297,0.935684,0.935684
random_forest_balanced_ratio_preserved_noise_mcc_selected_v1,random_forest_class_weight_balanced,random_forest,min_samples_leaf,90/10,4,random_fp_10,test,60/40,test,5.000000,True,13580,190,27.324640,53,21,32,0.679245,0.595238,1.000000,0.190476,0.320000,0.352693,32,0,17,4,0.842262,0.801850,0.801850
random_forest_balanced_ratio_preserved_noise_mcc_selected_v1,random_forest_class_weight_balanced,random_forest,min_samples_leaf,90/10,4,random_fp_10,test,70/30,test,5.000000,True,13580,190,27.431434,70,21,49,0.757143,0.595238,1.000000,0.190476,0.320000,0.376051,49,0,17,4,0.847425,0.742766,0.742766
random_forest_balanced_ratio_preserved_noise_mcc_selected_v1,random_forest_class_weight_balanced,random_forest,min_samples_leaf,90/10,4,random_fp_10,test,75/25,test,5.000000,True,13580,190,27.560387,84,21,63,0.797619,0.595238,1.000000,0.190476,0.320000,0.387298,63,0,17,4,0.879819,0.814035,0.814035
random_forest_balanced_ratio_preserved_noise_mcc_selected_v1,random_forest_class_weight_balanced,random_forest,min_samples_leaf,90/10,4,random_fp_10,test,80/20,test,5.000000,True,13580,190,27.675908,105,21,84,0.838095,0.595238,1.000000,0.190476,0.320000,0.398015,84,0,17,4,0.883220,0.789645,0.789645
random_forest_balanced_ratio_preserved_noise_mcc_selected_v1,random_forest_class_weight_balanced,random_forest,min_samples_leaf,90/10,4,random_fp_10,test,90/10,test,5.000000,True,13580,190,27.906116,210,21,189,0.919048,0.595238,1.000000,0.190476,0.320000,0.418040,189,0,17,4,0.860922,0.538467,0.538467
random_forest_balanced_ratio_preserved_noise_mcc_selected_v1,random_forest_class_weight_balanced,random_forest,min_samples_leaf,90/10,4,random_fp_20,validation_grid,90/10,valid,1.000000,True,20370,190,31.904965,190,19,171,0.910526,0.576023,0.750000,0.157895,0.260870,0.317735,170,1,16,3,0.845491,0.445312,0.445312
random_forest_balanced_ratio_preserved_noise_mcc_selected_v1,random_forest_class_weight_balanced,random_forest,min_samples_leaf,90/10,4,random_fp_20,validation_grid,90/10,valid,2.000000,False,20370,190,38.935600,190,19,171,0.910526,0.576023,0.750000,0.157895,0.260870,0.317735,170,1,16,3,0.743306,0.400484,0.400484
random_forest_balanced_ratio_preserved_noise_mcc_selected_v1,random_forest_class_weight_balanced,random_forest,min_samples_leaf,90/10,4,random_fp_20,validation_grid,90/10,valid,5.000000,False,20370,190,44.516424,190,19,171,0.910526,0.576023,0.750000,0.157895,0.260870,0.317735,170,1,16,3,0.832564,0.495764,0.495764
random_forest_balanced_ratio_preserved_noise_mcc_selected_v1,random_forest_class_weight_balanced,random_forest,min_samples_leaf,90/10,4,random_fp_20,test,50/50,test,1.000000,True,20370,190,44.613553,42,21,21,0.571429,0.571429,1.000000,0.142857,0.250000,0.277350,21,0,18,3,0.887755,0.898447,0.898447
random_forest_balanced_ratio_preserved_noise_mcc_selected_v1,random_forest_class_weight_balanced,random_forest,min_samples_leaf,90/10,4,random_fp_20,test,60/40,test,1.000000,True,20370,190,44.767245,53,21,32,0.660377,0.571429,1.000000,0.142857,0.250000,0.302372,32,0,18,3,0.863839,0.811487,0.811487
random_forest_balanced_ratio_preserved_noise_mcc_selected_v1,random_forest_class_weight_balanced,random_forest,min_samples_leaf,90/10,4,random_fp_20,test,70/30,test,1.000000,True,20370,190,44.873014,70,21,49,0.742857,0.571429,1.000000,0.142857,0.250000,0.323230,49,0,18,3,0.802721,0.671708,0.671708
random_forest_balanced_ratio_preserved_noise_mcc_selected_v1,random_forest_class_weight_balanced,random_forest,min_samples_leaf,90/10,4,random_fp_20,test,75/25,test,1.000000,True,20370,190,45.002129,84,21,63,0.785714,0.571429,1.000000,0.142857,0.250000,0.333333,63,0,18,3,0.824263,0.669971,0.669971
random_forest_balanced_ratio_preserved_noise_mcc_selected_v1,random_forest_class_weight_balanced,random_forest,min_samples_leaf,90/10,4,random_fp_20,test,80/20,test,1.000000,True,20370,190,45.136833,105,21,84,0.828571,0.571429,1.000000,0.142857,0.250000,0.342997,84,0,18,3,0.838152,0.640084,0.640084
random_forest_balanced_ratio_preserved_noise_mcc_selected_v1,random_forest_class_weight_balanced,random_forest,min_samples_leaf,90/10,4,random_fp_20,test,90/10,test,1.000000,True,20370,190,45.395842,210,21,189,0.914286,0.571429,1.000000,0.142857,0.250000,0.361158,189,0,18,3,0.848325,0.506971,0.506971
random_forest_balanced_ratio_preserved_noise_mcc_selected_v1,random_forest_class_weight_balanced,random_forest,min_samples_leaf,90/10,4,heuristic_fp_10,validation_grid,90/10,valid,1.000000,False,13580,190,20.701041,190,19,171,0.915789,0.625731,0.714286,0.263158,0.384615,0.400472,169,2,14,5,0.906125,0.610996,0.610996
random_forest_balanced_ratio_preserved_noise_mcc_selected_v1,random_forest_class_weight_balanced,random_forest,min_samples_leaf,90/10,4,heuristic_fp_10,validation_grid,90/10,valid,2.000000,False,13580,190,23.126215,190,19,171,0.915789,0.625731,0.714286,0.263158,0.384615,0.400472,169,2,14,5,0.902124,0.591597,0.591597
random_forest_balanced_ratio_preserved_noise_mcc_selected_v1,random_forest_class_weight_balanced,random_forest,min_samples_leaf,90/10,4,heuristic_fp_10,validation_grid,90/10,valid,5.000000,True,13580,190,25.015482,190,19,171,0.905263,0.783626,0.521739,0.631579,0.571429,0.521709,160,11,7,12,0.905817,0.615133,0.615133
random_forest_balanced_ratio_preserved_noise_mcc_selected_v1,random_forest_class_weight_balanced,random_forest,min_samples_leaf,90/10,4,heuristic_fp_10,test,50/50,test,5.000000,True,13580,190,25.103236,42,21,21,0.761905,0.761905,0.923077,0.571429,0.705882,0.566529,20,1,9,12,0.943311,0.934570,0.934570
random_forest_balanced_ratio_preserved_noise_mcc_selected_v1,random_forest_class_weight_balanced,random_forest,min_samples_leaf,90/10,4,heuristic_fp_10,test,60/40,test,5.000000,True,13580,190,25.256044,53,21,32,0.811321,0.770089,0.923077,0.571429,0.705882,0.614073,31,1,9,12,0.925595,0.900461,0.900461
random_forest_balanced_ratio_preserved_noise_mcc_selected_v1,random_forest_class_weight_balanced,random_forest,min_samples_leaf,90/10,4,heuristic_fp_10,test,70/30,test,5.000000,True,13580,190,25.367050,70,21,49,0.814286,0.744898,0.750000,0.571429,0.648649,0.534522,45,4,9,12,0.892128,0.782475,0.782475
random_forest_balanced_ratio_preserved_noise_mcc_selected_v1,random_forest_class_weight_balanced,random_forest,min_samples_leaf,90/10,4,heuristic_fp_10,test,75/25,test,5.000000,True,13580,190,25.492058,84,21,63,0.869048,0.769841,0.857143,0.571429,0.685714,0.627054,61,2,9,12,0.942555,0.836850,0.836850
random_forest_balanced_ratio_preserved_noise_mcc_selected_v1,random_forest_class_weight_balanced,random_forest,min_samples_leaf,90/10,4,heuristic_fp_10,test,80/20,test,5.000000,True,13580,190,25.617175,105,21,84,0.914286,0.785714,1.000000,0.571429,0.727273,0.718421,84,0,9,12,0.963719,0.897246,0.897246
random_forest_balanced_ratio_preserved_noise_mcc_selected_v1,random_forest_class_weight_balanced,random_forest,min_samples_leaf,90/10,4,heuristic_fp_10,test,90/10,test,5.000000,True,13580,190,25.849456,210,21,189,0.909524,0.759259,0.545455,0.571429,0.558140,0.507943,179,10,9,12,0.932729,0.560521,0.560521
random_forest_balanced_ratio_preserved_noise_mcc_selected_v1,random_forest_class_weight_balanced,random_forest,min_samples_leaf,90/10,4,heuristic_fp_20,validation_grid,90/10,valid,1.000000,False,20370,190,29.788548,190,19,171,0.915789,0.602339,0.800000,0.210526,0.333333,0.383598,170,1,15,4,0.867959,0.525761,0.525761
random_forest_balanced_ratio_preserved_noise_mcc_selected_v1,random_forest_class_weight_balanced,random_forest,min_samples_leaf,90/10,4,heuristic_fp_20,validation_grid,90/10,valid,2.000000,True,20370,190,34.704308,190,19,171,0.926316,0.631579,1.000000,0.263158,0.416667,0.493197,171,0,14,5,0.859341,0.539414,0.539414
random_forest_balanced_ratio_preserved_noise_mcc_selected_v1,random_forest_class_weight_balanced,random_forest,min_samples_leaf,90/10,4,heuristic_fp_20,validation_grid,90/10,valid,5.000000,False,20370,190,38.520988,190,19,171,0.915789,0.719298,0.600000,0.473684,0.529412,0.487950,165,6,10,9,0.894737,0.543906,0.543906
random_forest_balanced_ratio_preserved_noise_mcc_selected_v1,random_forest_class_weight_balanced,random_forest,min_samples_leaf,90/10,4,heuristic_fp_20,test,50/50,test,2.000000,True,20370,190,38.610836,42,21,21,0.642857,0.642857,1.000000,0.285714,0.444444,0.408248,21,0,15,6,0.959184,0.952598,0.952598
random_forest_balanced_ratio_preserved_noise_mcc_selected_v1,random_forest_class_weight_balanced,random_forest,min_samples_leaf,90/10,4,heuristic_fp_20,test,60/40,test,2.000000,True,20370,190,38.763717,53,21,32,0.716981,0.642857,1.000000,0.285714,0.444444,0.441054,32,0,15,6,0.944940,0.927297,0.927297
random_forest_balanced_ratio_preserved_noise_mcc_selected_v1,random_forest_class_weight_balanced,random_forest,min_samples_leaf,90/10,4,heuristic_fp_20,test,70/30,test,2.000000,True,20370,190,38.875048,70,21,49,0.771429,0.632653,0.857143,0.285714,0.428571,0.405262,48,1,15,6,0.899903,0.740467,0.740467
random_forest_balanced_ratio_preserved_noise_mcc_selected_v1,random_forest_class_weight_balanced,random_forest,min_samples_leaf,90/10,4,heuristic_fp_20,test,75/25,test,2.000000,True,20370,190,39.007939,84,21,63,0.809524,0.634921,0.857143,0.285714,0.428571,0.422760,62,1,15,6,0.947846,0.846172,0.846172
random_forest_balanced_ratio_preserved_noise_mcc_selected_v1,random_forest_class_weight_balanced,random_forest,min_samples_leaf,90/10,4,heuristic_fp_20,test,80/20,test,2.000000,True,20370,190,39.138619,105,21,84,0.857143,0.642857,1.000000,0.285714,0.444444,0.492366,84,0,15,6,0.975057,0.925953,0.925953
random_forest_balanced_ratio_preserved_noise_mcc_selected_v1,random_forest_class_weight_balanced,random_forest,min_samples_leaf,90/10,4,heuristic_fp_20,test,90/10,test,2.000000,True,20370,190,39.381994,210,21,189,0.919048,0.637566,0.750000,0.285714,0.413793,0.431183,187,2,15,6,0.940539,0.668571,0.668571
random_forest_balanced_ratio_preserved_noise_mcc_selected_v1,random_forest_class_weight_balanced,random_forest,min_samples_leaf,90/10,5,clean,validation_grid,90/10,valid,1.000000,True,6790,190,11.468636,190,19,171,0.921053,0.605263,1.000000,0.210526,0.347826,0.439941,171,0,15,4,0.905202,0.592047,0.592047
random_forest_balanced_ratio_preserved_noise_mcc_selected_v1,random_forest_class_weight_balanced,random_forest,min_samples_leaf,90/10,5,clean,validation_grid,90/10,valid,2.000000,False,6790,190,12.436025,190,19,171,0.921053,0.605263,1.000000,0.210526,0.347826,0.439941,171,0,15,4,0.897815,0.554614,0.554614
random_forest_balanced_ratio_preserved_noise_mcc_selected_v1,random_forest_class_weight_balanced,random_forest,min_samples_leaf,90/10,5,clean,validation_grid,90/10,valid,5.000000,False,6790,190,13.200979,190,19,171,0.915789,0.602339,0.800000,0.210526,0.333333,0.383598,170,1,15,4,0.920899,0.614819,0.614819
random_forest_balanced_ratio_preserved_noise_mcc_selected_v1,random_forest_class_weight_balanced,random_forest,min_samples_leaf,90/10,5,clean,test,50/50,test,1.000000,True,6790,190,13.296976,42,21,21,0.571429,0.571429,1.000000,0.142857,0.250000,0.277350,21,0,18,3,0.933107,0.914046,0.914046
random_forest_balanced_ratio_preserved_noise_mcc_selected_v1,random_forest_class_weight_balanced,random_forest,min_samples_leaf,90/10,5,clean,test,60/40,test,1.000000,True,6790,190,13.396145,53,21,32,0.660377,0.571429,1.000000,0.142857,0.250000,0.302372,32,0,18,3,0.912946,0.856575,0.856575
random_forest_balanced_ratio_preserved_noise_mcc_selected_v1,random_forest_class_weight_balanced,random_forest,min_samples_leaf,90/10,5,clean,test,70/30,test,1.000000,True,6790,190,13.499098,70,21,49,0.742857,0.571429,1.000000,0.142857,0.250000,0.323230,49,0,18,3,0.916910,0.844541,0.844541
random_forest_balanced_ratio_preserved_noise_mcc_selected_v1,random_forest_class_weight_balanced,random_forest,min_samples_leaf,90/10,5,clean,test,75/25,test,1.000000,True,6790,190,13.620034,84,21,63,0.785714,0.571429,1.000000,0.142857,0.250000,0.333333,63,0,18,3,0.913454,0.763004,0.763004
random_forest_balanced_ratio_preserved_noise_mcc_selected_v1,random_forest_class_weight_balanced,random_forest,min_samples_leaf,90/10,5,clean,test,80/20,test,1.000000,True,6790,190,13.771091,105,21,84,0.819048,0.565476,0.750000,0.142857,0.240000,0.273635,83,1,18,3,0.864229,0.585086,0.585086
random_forest_balanced_ratio_preserved_noise_mcc_selected_v1,random_forest_class_weight_balanced,random_forest,min_samples_leaf,90/10,5,clean,test,90/10,test,1.000000,True,6790,190,14.040284,210,21,189,0.914286,0.571429,1.000000,0.142857,0.250000,0.361158,189,0,18,3,0.904888,0.591225,0.591225
random_forest_balanced_ratio_preserved_noise_mcc_selected_v1,random_forest_class_weight_balanced,random_forest,min_samples_leaf,90/10,5,random_flip_10,validation_grid,90/10,valid,1.000000,True,6790,190,12.451129,190,19,171,0.915789,0.578947,1.000000,0.157895,0.272727,0.379980,171,0,16,3,0.818406,0.456541,0.456541
random_forest_balanced_ratio_preserved_noise_mcc_selected_v1,random_forest_class_weight_balanced,random_forest,min_samples_leaf,90/10,5,random_flip_10,validation_grid,90/10,valid,2.000000,False,6790,190,13.700934,190,19,171,0.915789,0.578947,1.000000,0.157895,0.272727,0.379980,171,0,16,3,0.747922,0.411011,0.411011
random_forest_balanced_ratio_preserved_noise_mcc_selected_v1,random_forest_class_weight_balanced,random_forest,min_samples_leaf,90/10,5,random_flip_10,validation_grid,90/10,valid,5.000000,False,6790,190,14.720106,190,19,171,0.915789,0.578947,1.000000,0.157895,0.272727,0.379980,171,0,16,3,0.883657,0.532139,0.532139
random_forest_balanced_ratio_preserved_noise_mcc_selected_v1,random_forest_class_weight_balanced,random_forest,min_samples_leaf,90/10,5,random_flip_10,test,50/50,test,1.000000,True,6790,190,14.811159,42,21,21,0.500000,0.500000,0.000000,0.000000,0.000000,0.000000,21,0,21,0,0.824263,0.866163,0.866163
random_forest_balanced_ratio_preserved_noise_mcc_selected_v1,random_forest_class_weight_balanced,random_forest,min_samples_leaf,90/10,5,random_flip_10,test,60/40,test,1.000000,True,6790,190,14.912859,53,21,32,0.603774,0.500000,0.000000,0.000000,0.000000,0.000000,32,0,21,0,0.774554,0.749589,0.749589
random_forest_balanced_ratio_preserved_noise_mcc_selected_v1,random_forest_class_weight_balanced,random_forest,min_samples_leaf,90/10,5,random_flip_10,test,70/30,test,1.000000,True,6790,190,15.017628,70,21,49,0.700000,0.500000,0.000000,0.000000,0.000000,0.000000,49,0,21,0,0.799806,0.783980,0.783980
random_forest_balanced_ratio_preserved_noise_mcc_selected_v1,random_forest_class_weight_balanced,random_forest,min_samples_leaf,90/10,5,random_flip_10,test,75/25,test,1.000000,True,6790,190,15.134191,84,21,63,0.750000,0.500000,0.000000,0.000000,0.000000,0.000000,63,0,21,0,0.812925,0.637483,0.637483
random_forest_balanced_ratio_preserved_noise_mcc_selected_v1,random_forest_class_weight_balanced,random_forest,min_samples_leaf,90/10,5,random_flip_10,test,80/20,test,1.000000,True,6790,190,15.319829,105,21,84,0.790476,0.494048,0.000000,0.000000,0.000000,-0.049029,83,1,21,0,0.786565,0.578532,0.578532
random_forest_balanced_ratio_preserved_noise_mcc_selected_v1,random_forest_class_weight_balanced,random_forest,min_samples_leaf,90/10,5,random_flip_10,test,90/10,test,1.000000,True,6790,190,15.614125,210,21,189,0.900000,0.500000,0.000000,0.000000,0.000000,0.000000,189,0,21,0,0.803477,0.464249,0.464249
random_forest_balanced_ratio_preserved_noise_mcc_selected_v1,random_forest_class_weight_balanced,random_forest,min_samples_leaf,90/10,5,random_flip_20,validation_grid,90/10,valid,1.000000,True,6790,190,12.404195,190,19,171,0.900000,0.500000,0.000000,0.000000,0.000000,0.000000,171,0,19,0,0.219144,0.065720,0.065720
random_forest_balanced_ratio_preserved_noise_mcc_selected_v1,random_forest_class_weight_balanced,random_forest,min_samples_leaf,90/10,5,random_flip_20,validation_grid,90/10,valid,2.000000,False,6790,190,13.943621,190,19,171,0.900000,0.500000,0.000000,0.000000,0.000000,0.000000,171,0,19,0,0.210834,0.062982,0.062982
random_forest_balanced_ratio_preserved_noise_mcc_selected_v1,random_forest_class_weight_balanced,random_forest,min_samples_leaf,90/10,5,random_flip_20,validation_grid,90/10,valid,5.000000,False,6790,190,15.094644,190,19,171,0.900000,0.500000,0.000000,0.000000,0.000000,0.000000,171,0,19,0,0.260388,0.066759,0.066759
random_forest_balanced_ratio_preserved_noise_mcc_selected_v1,random_forest_class_weight_balanced,random_forest,min_samples_leaf,90/10,5,random_flip_20,test,50/50,test,1.000000,True,6790,190,15.184634,42,21,21,0.500000,0.500000,0.000000,0.000000,0.000000,0.000000,21,0,21,0,0.334467,0.430590,0.430590
random_forest_balanced_ratio_preserved_noise_mcc_selected_v1,random_forest_class_weight_balanced,random_forest,min_samples_leaf,90/10,5,random_flip_20,test,60/40,test,1.000000,True,6790,190,15.282826,53,21,32,0.603774,0.500000,0.000000,0.000000,0.000000,0.000000,32,0,21,0,0.375744,0.358177,0.358177
random_forest_balanced_ratio_preserved_noise_mcc_selected_v1,random_forest_class_weight_balanced,random_forest,min_samples_leaf,90/10,5,random_flip_20,test,70/30,test,1.000000,True,6790,190,15.386344,70,21,49,0.700000,0.500000,0.000000,0.000000,0.000000,0.000000,49,0,21,0,0.378037,0.268787,0.268787
random_forest_balanced_ratio_preserved_noise_mcc_selected_v1,random_forest_class_weight_balanced,random_forest,min_samples_leaf,90/10,5,random_flip_20,test,75/25,test,1.000000,True,6790,190,15.493101,84,21,63,0.750000,0.500000,0.000000,0.000000,0.000000,0.000000,63,0,21,0,0.330310,0.201869,0.201869
random_forest_balanced_ratio_preserved_noise_mcc_selected_v1,random_forest_class_weight_balanced,random_forest,min_samples_leaf,90/10,5,random_flip_20,test,80/20,test,1.000000,True,6790,190,15.653359,105,21,84,0.790476,0.494048,0.000000,0.000000,0.000000,-0.049029,83,1,21,0,0.312642,0.151239,0.151239
random_forest_balanced_ratio_preserved_noise_mcc_selected_v1,random_forest_class_weight_balanced,random_forest,min_samples_leaf,90/10,5,random_flip_20,test,90/10,test,1.000000,True,6790,190,15.921051,210,21,189,0.900000,0.500000,0.000000,0.000000,0.000000,0.000000,189,0,21,0,0.322877,0.074884,0.074884
random_forest_balanced_ratio_preserved_noise_mcc_selected_v1,random_forest_class_weight_balanced,random_forest,min_samples_leaf,90/10,5,random_fp_10,validation_grid,90/10,valid,1.000000,True,13580,190,21.781554,190,19,171,0.915789,0.578947,1.000000,0.157895,0.272727,0.379980,171,0,16,3,0.827793,0.531810,0.531810
random_forest_balanced_ratio_preserved_noise_mcc_selected_v1,random_forest_class_weight_balanced,random_forest,min_samples_leaf,90/10,5,random_fp_10,validation_grid,90/10,valid,2.000000,False,13580,190,25.198721,190,19,171,0.915789,0.578947,1.000000,0.157895,0.272727,0.379980,171,0,16,3,0.839335,0.552046,0.552046
random_forest_balanced_ratio_preserved_noise_mcc_selected_v1,random_forest_class_weight_balanced,random_forest,min_samples_leaf,90/10,5,random_fp_10,validation_grid,90/10,valid,5.000000,False,13580,190,27.886307,190,19,171,0.915789,0.578947,1.000000,0.157895,0.272727,0.379980,171,0,16,3,0.867036,0.604286,0.604286
random_forest_balanced_ratio_preserved_noise_mcc_selected_v1,random_forest_class_weight_balanced,random_forest,min_samples_leaf,90/10,5,random_fp_10,test,50/50,test,1.000000,True,13580,190,27.969166,42,21,21,0.571429,0.571429,1.000000,0.142857,0.250000,0.277350,21,0,18,3,0.905896,0.930414,0.930414
random_forest_balanced_ratio_preserved_noise_mcc_selected_v1,random_forest_class_weight_balanced,random_forest,min_samples_leaf,90/10,5,random_fp_10,test,60/40,test,1.000000,True,13580,190,28.058930,53,21,32,0.660377,0.571429,1.000000,0.142857,0.250000,0.302372,32,0,18,3,0.880952,0.844418,0.844418
random_forest_balanced_ratio_preserved_noise_mcc_selected_v1,random_forest_class_weight_balanced,random_forest,min_samples_leaf,90/10,5,random_fp_10,test,70/30,test,1.000000,True,13580,190,28.155865,70,21,49,0.742857,0.571429,1.000000,0.142857,0.250000,0.323230,49,0,18,3,0.867347,0.815802,0.815802
random_forest_balanced_ratio_preserved_noise_mcc_selected_v1,random_forest_class_weight_balanced,random_forest,min_samples_leaf,90/10,5,random_fp_10,test,75/25,test,1.000000,True,13580,190,28.255300,84,21,63,0.785714,0.571429,1.000000,0.142857,0.250000,0.333333,63,0,18,3,0.883220,0.779230,0.779230
random_forest_balanced_ratio_preserved_noise_mcc_selected_v1,random_forest_class_weight_balanced,random_forest,min_samples_leaf,90/10,5,random_fp_10,test,80/20,test,1.000000,True,13580,190,28.406029,105,21,84,0.819048,0.565476,0.750000,0.142857,0.240000,0.273635,83,1,18,3,0.856576,0.666292,0.666292
random_forest_balanced_ratio_preserved_noise_mcc_selected_v1,random_forest_class_weight_balanced,random_forest,min_samples_leaf,90/10,5,random_fp_10,test,90/10,test,1.000000,True,13580,190,28.691226,210,21,189,0.914286,0.571429,1.000000,0.142857,0.250000,0.361158,189,0,18,3,0.884102,0.633016,0.633016
random_forest_balanced_ratio_preserved_noise_mcc_selected_v1,random_forest_class_weight_balanced,random_forest,min_samples_leaf,90/10,5,random_fp_20,validation_grid,90/10,valid,1.000000,True,20370,190,33.045905,190,19,171,0.915789,0.578947,1.000000,0.157895,0.272727,0.379980,171,0,16,3,0.859957,0.524200,0.524200
random_forest_balanced_ratio_preserved_noise_mcc_selected_v1,random_forest_class_weight_balanced,random_forest,min_samples_leaf,90/10,5,random_fp_20,validation_grid,90/10,valid,2.000000,False,20370,190,39.865325,190,19,171,0.915789,0.578947,1.000000,0.157895,0.272727,0.379980,171,0,16,3,0.796861,0.482282,0.482282
random_forest_balanced_ratio_preserved_noise_mcc_selected_v1,random_forest_class_weight_balanced,random_forest,min_samples_leaf,90/10,5,random_fp_20,validation_grid,90/10,valid,5.000000,False,20370,190,45.171434,190,19,171,0.915789,0.578947,1.000000,0.157895,0.272727,0.379980,171,0,16,3,0.860265,0.562704,0.562704
random_forest_balanced_ratio_preserved_noise_mcc_selected_v1,random_forest_class_weight_balanced,random_forest,min_samples_leaf,90/10,5,random_fp_20,test,50/50,test,1.000000,True,20370,190,45.260853,42,21,21,0.571429,0.571429,1.000000,0.142857,0.250000,0.277350,21,0,18,3,0.862812,0.874720,0.874720
random_forest_balanced_ratio_preserved_noise_mcc_selected_v1,random_forest_class_weight_balanced,random_forest,min_samples_leaf,90/10,5,random_fp_20,test,60/40,test,1.000000,True,20370,190,45.360437,53,21,32,0.660377,0.571429,1.000000,0.142857,0.250000,0.302372,32,0,18,3,0.848958,0.814366,0.814366
random_forest_balanced_ratio_preserved_noise_mcc_selected_v1,random_forest_class_weight_balanced,random_forest,min_samples_leaf,90/10,5,random_fp_20,test,70/30,test,1.000000,True,20370,190,45.461847,70,21,49,0.742857,0.571429,1.000000,0.142857,0.250000,0.323230,49,0,18,3,0.874636,0.741598,0.741598
random_forest_balanced_ratio_preserved_noise_mcc_selected_v1,random_forest_class_weight_balanced,random_forest,min_samples_leaf,90/10,5,random_fp_20,test,75/25,test,1.000000,True,20370,190,45.574669,84,21,63,0.785714,0.571429,1.000000,0.142857,0.250000,0.333333,63,0,18,3,0.877173,0.742162,0.742162
random_forest_balanced_ratio_preserved_noise_mcc_selected_v1,random_forest_class_weight_balanced,random_forest,min_samples_leaf,90/10,5,random_fp_20,test,80/20,test,1.000000,True,20370,190,45.731420,105,21,84,0.809524,0.559524,0.600000,0.142857,0.230769,0.223607,82,2,18,3,0.818311,0.519277,0.519277
random_forest_balanced_ratio_preserved_noise_mcc_selected_v1,random_forest_class_weight_balanced,random_forest,min_samples_leaf,90/10,5,random_fp_20,test,90/10,test,1.000000,True,20370,190,46.006444,210,21,189,0.914286,0.571429,1.000000,0.142857,0.250000,0.361158,189,0,18,3,0.870874,0.477005,0.477005
random_forest_balanced_ratio_preserved_noise_mcc_selected_v1,random_forest_class_weight_balanced,random_forest,min_samples_leaf,90/10,5,heuristic_fp_10,validation_grid,90/10,valid,1.000000,False,13580,190,20.680921,190,19,171,0.905263,0.643275,0.545455,0.315789,0.400000,0.368088,166,5,13,6,0.901200,0.572139,0.572139
random_forest_balanced_ratio_preserved_noise_mcc_selected_v1,random_forest_class_weight_balanced,random_forest,min_samples_leaf,90/10,5,heuristic_fp_10,validation_grid,90/10,valid,2.000000,False,13580,190,23.081217,190,19,171,0.905263,0.666667,0.538462,0.368421,0.437500,0.396091,165,6,12,7,0.902432,0.568651,0.568651
random_forest_balanced_ratio_preserved_noise_mcc_selected_v1,random_forest_class_weight_balanced,random_forest,min_samples_leaf,90/10,5,heuristic_fp_10,validation_grid,90/10,valid,5.000000,True,13580,190,24.912898,190,19,171,0.915789,0.789474,0.571429,0.631579,0.600000,0.553938,162,9,7,12,0.919052,0.542074,0.542074
random_forest_balanced_ratio_preserved_noise_mcc_selected_v1,random_forest_class_weight_balanced,random_forest,min_samples_leaf,90/10,5,heuristic_fp_10,test,50/50,test,5.000000,True,13580,190,25.005469,42,21,21,0.857143,0.857143,1.000000,0.714286,0.833333,0.745356,21,0,6,15,0.970522,0.972204,0.972204
random_forest_balanced_ratio_preserved_noise_mcc_selected_v1,random_forest_class_weight_balanced,random_forest,min_samples_leaf,90/10,5,heuristic_fp_10,test,60/40,test,5.000000,True,13580,190,25.100705,53,21,32,0.867925,0.841518,0.937500,0.714286,0.810811,0.727725,31,1,6,15,0.950893,0.930256,0.930256
random_forest_balanced_ratio_preserved_noise_mcc_selected_v1,random_forest_class_weight_balanced,random_forest,min_samples_leaf,90/10,5,heuristic_fp_10,test,70/30,test,5.000000,True,13580,190,25.202526,70,21,49,0.900000,0.846939,0.937500,0.714286,0.810811,0.757240,48,1,6,15,0.947522,0.904465,0.904465
random_forest_balanced_ratio_preserved_noise_mcc_selected_v1,random_forest_class_weight_balanced,random_forest,min_samples_leaf,90/10,5,heuristic_fp_10,test,75/25,test,5.000000,True,13580,190,25.306186,84,21,63,0.869048,0.817460,0.750000,0.714286,0.731707,0.645497,58,5,6,15,0.936508,0.783089,0.783089
random_forest_balanced_ratio_preserved_noise_mcc_selected_v1,random_forest_class_weight_balanced,random_forest,min_samples_leaf,90/10,5,heuristic_fp_10,test,80/20,test,5.000000,True,13580,190,25.456232,105,21,84,0.895238,0.827381,0.750000,0.714286,0.731707,0.666973,79,5,6,15,0.933673,0.726372,0.726372
random_forest_balanced_ratio_preserved_noise_mcc_selected_v1,random_forest_class_weight_balanced,random_forest,min_samples_leaf,90/10,5,heuristic_fp_10,test,90/10,test,5.000000,True,13580,190,25.738490,210,21,189,0.942857,0.841270,0.714286,0.714286,0.714286,0.682540,183,6,6,15,0.953641,0.763142,0.763142
random_forest_balanced_ratio_preserved_noise_mcc_selected_v1,random_forest_class_weight_balanced,random_forest,min_samples_leaf,90/10,5,heuristic_fp_20,validation_grid,90/10,valid,1.000000,True,20370,190,30.884636,190,19,171,0.926316,0.654971,0.857143,0.315789,0.461538,0.493606,170,1,13,6,0.896276,0.545236,0.545236
random_forest_balanced_ratio_preserved_noise_mcc_selected_v1,random_forest_class_weight_balanced,random_forest,min_samples_leaf,90/10,5,heuristic_fp_20,validation_grid,90/10,valid,2.000000,False,20370,190,35.919814,190,19,171,0.900000,0.593567,0.500000,0.210526,0.296296,0.279543,167,4,15,4,0.877193,0.501957,0.501957
random_forest_balanced_ratio_preserved_noise_mcc_selected_v1,random_forest_class_weight_balanced,random_forest,min_samples_leaf,90/10,5,heuristic_fp_20,validation_grid,90/10,valid,5.000000,False,20370,190,39.800804,190,19,171,0.884211,0.678363,0.421053,0.421053,0.421053,0.356725,160,11,11,8,0.880886,0.429938,0.429938
random_forest_balanced_ratio_preserved_noise_mcc_selected_v1,random_forest_class_weight_balanced,random_forest,min_samples_leaf,90/10,5,heuristic_fp_20,test,50/50,test,1.000000,True,20370,190,39.893019,42,21,21,0.547619,0.547619,1.000000,0.095238,0.173913,0.223607,21,0,19,2,0.972789,0.968999,0.968999
random_forest_balanced_ratio_preserved_noise_mcc_selected_v1,random_forest_class_weight_balanced,random_forest,min_samples_leaf,90/10,5,heuristic_fp_20,test,60/40,test,1.000000,True,20370,190,39.995318,53,21,32,0.641509,0.547619,1.000000,0.095238,0.173913,0.244453,32,0,19,2,0.979911,0.969005,0.969005
random_forest_balanced_ratio_preserved_noise_mcc_selected_v1,random_forest_class_weight_balanced,random_forest,min_samples_leaf,90/10,5,heuristic_fp_20,test,70/30,test,1.000000,True,20370,190,40.100192,70,21,49,0.714286,0.537415,0.666667,0.095238,0.166667,0.169311,48,1,19,2,0.947036,0.854453,0.854453
random_forest_balanced_ratio_preserved_noise_mcc_selected_v1,random_forest_class_weight_balanced,random_forest,min_samples_leaf,90/10,5,heuristic_fp_20,test,75/25,test,1.000000,True,20370,190,40.212172,84,21,63,0.761905,0.539683,0.666667,0.095238,0.166667,0.185185,62,1,19,2,0.924414,0.709021,0.709021
random_forest_balanced_ratio_preserved_noise_mcc_selected_v1,random_forest_class_weight_balanced,random_forest,min_samples_leaf,90/10,5,heuristic_fp_20,test,80/20,test,1.000000,True,20370,190,40.375371,105,21,84,0.800000,0.535714,0.500000,0.095238,0.160000,0.149256,82,2,19,2,0.933107,0.693626,0.693626
random_forest_balanced_ratio_preserved_noise_mcc_selected_v1,random_forest_class_weight_balanced,random_forest,min_samples_leaf,90/10,5,heuristic_fp_20,test,90/10,test,1.000000,True,20370,190,40.669477,210,21,189,0.909524,0.547619,1.000000,0.095238,0.173913,0.294174,189,0,19,2,0.945830,0.603067,0.603067
