run_name,model,model_family,hyperparameter_name,train_ratio,seed,condition,stage,eval_ratio,split,C,selected_hyperparams,train_rows,valid_rows,elapsed_seconds,n_rows,positive_rows,benign_rows,accuracy,balanced_accuracy,precision,recall,f1,mcc,tn,fp,fn,tp,roc_auc,average_precision,pr_auc
logreg_balanced_ratio_preserved_noise_mcc_selected_v1,logistic_regression_class_weight_balanced,logistic_regression,C,60/40,1,clean,validation_grid,60/40,valid,0.100000,False,1698,48,4.022522,48,19,29,0.812500,0.808530,0.750000,0.789474,0.769231,0.612081,24,5,4,15,0.876588,0.843926,0.843926
logreg_balanced_ratio_preserved_noise_mcc_selected_v1,logistic_regression_class_weight_balanced,logistic_regression,C,60/40,1,clean,validation_grid,60/40,valid,1.000000,False,1698,48,4.110335,48,19,29,0.791667,0.791289,0.714286,0.789474,0.750000,0.574299,23,6,4,15,0.874773,0.841305,0.841305
logreg_balanced_ratio_preserved_noise_mcc_selected_v1,logistic_regression_class_weight_balanced,logistic_regression,C,60/40,1,clean,validation_grid,60/40,valid,10.000000,True,1698,48,4.275645,48,19,29,0.812500,0.817604,0.727273,0.842105,0.780488,0.623439,23,6,3,16,0.862069,0.815724,0.815724
logreg_balanced_ratio_preserved_noise_mcc_selected_v1,logistic_regression_class_weight_balanced,logistic_regression,C,60/40,1,clean,test,50/50,test,10.000000,True,1698,48,4.352886,42,21,21,0.809524,0.809524,0.882353,0.714286,0.789474,0.630593,19,2,6,15,0.904762,0.923994,0.923994
logreg_balanced_ratio_preserved_noise_mcc_selected_v1,logistic_regression_class_weight_balanced,logistic_regression,C,60/40,1,clean,test,60/40,test,10.000000,True,1698,48,4.439986,53,21,32,0.754717,0.747768,0.681818,0.714286,0.697674,0.491889,25,7,6,15,0.857143,0.830548,0.830548
logreg_balanced_ratio_preserved_noise_mcc_selected_v1,logistic_regression_class_weight_balanced,logistic_regression,C,60/40,1,clean,test,70/30,test,10.000000,True,1698,48,4.518271,70,21,49,0.857143,0.816327,0.789474,0.714286,0.750000,0.651946,45,4,6,15,0.887269,0.849754,0.849754
logreg_balanced_ratio_preserved_noise_mcc_selected_v1,logistic_regression_class_weight_balanced,logistic_regression,C,60/40,1,clean,test,75/25,test,10.000000,True,1698,48,4.608679,84,21,63,0.869048,0.817460,0.750000,0.714286,0.731707,0.645497,58,5,6,15,0.903250,0.839692,0.839692
logreg_balanced_ratio_preserved_noise_mcc_selected_v1,logistic_regression_class_weight_balanced,logistic_regression,C,60/40,1,clean,test,80/20,test,10.000000,True,1698,48,4.721590,105,21,84,0.800000,0.767857,0.500000,0.714286,0.588235,0.474342,69,15,6,15,0.852041,0.701121,0.701121
logreg_balanced_ratio_preserved_noise_mcc_selected_v1,logistic_regression_class_weight_balanced,logistic_regression,C,60/40,1,clean,test,90/10,test,10.000000,True,1698,48,4.918995,210,21,189,0.790476,0.756614,0.283019,0.714286,0.405405,0.354456,151,38,6,15,0.860418,0.584995,0.584995
logreg_balanced_ratio_preserved_noise_mcc_selected_v1,logistic_regression_class_weight_balanced,logistic_regression,C,60/40,1,random_flip_10,validation_grid,60/40,valid,0.100000,True,1698,48,4.020913,48,19,29,0.812500,0.808530,0.750000,0.789474,0.769231,0.612081,24,5,4,15,0.847550,0.820706,0.820706
logreg_balanced_ratio_preserved_noise_mcc_selected_v1,logistic_regression_class_weight_balanced,logistic_regression,C,60/40,1,random_flip_10,validation_grid,60/40,valid,1.000000,False,1698,48,4.101851,48,19,29,0.791667,0.782214,0.736842,0.736842,0.736842,0.564428,24,5,5,14,0.820327,0.799577,0.799577
logreg_balanced_ratio_preserved_noise_mcc_selected_v1,logistic_regression_class_weight_balanced,logistic_regression,C,60/40,1,random_flip_10,validation_grid,60/40,valid,10.000000,False,1698,48,4.246328,48,19,29,0.729167,0.712341,0.666667,0.631579,0.648649,0.428986,23,6,7,12,0.784029,0.746427,0.746427
logreg_balanced_ratio_preserved_noise_mcc_selected_v1,logistic_regression_class_weight_balanced,logistic_regression,C,60/40,1,random_flip_10,test,50/50,test,0.100000,True,1698,48,4.327901,42,21,21,0.809524,0.809524,0.809524,0.809524,0.809524,0.619048,17,4,4,17,0.843537,0.859606,0.859606
logreg_balanced_ratio_preserved_noise_mcc_selected_v1,logistic_regression_class_weight_balanced,logistic_regression,C,60/40,1,random_flip_10,test,60/40,test,0.100000,True,1698,48,4.415943,53,21,32,0.792453,0.795387,0.708333,0.809524,0.755556,0.580499,25,7,4,17,0.858631,0.857392,0.857392
logreg_balanced_ratio_preserved_noise_mcc_selected_v1,logistic_regression_class_weight_balanced,logistic_regression,C,60/40,1,random_flip_10,test,70/30,test,0.100000,True,1698,48,4.495654,70,21,49,0.857143,0.843537,0.739130,0.809524,0.772727,0.670346,43,6,4,17,0.881438,0.831070,0.831070
logreg_balanced_ratio_preserved_noise_mcc_selected_v1,logistic_regression_class_weight_balanced,logistic_regression,C,60/40,1,random_flip_10,test,75/25,test,0.100000,True,1698,48,4.580179,84,21,63,0.857143,0.841270,0.680000,0.809524,0.739130,0.646416,55,8,4,17,0.898715,0.850201,0.850201
logreg_balanced_ratio_preserved_noise_mcc_selected_v1,logistic_regression_class_weight_balanced,logistic_regression,C,60/40,1,random_flip_10,test,80/20,test,0.100000,True,1698,48,4.683748,105,21,84,0.780952,0.791667,0.472222,0.809524,0.596491,0.491576,65,19,4,17,0.837868,0.561419,0.561419
logreg_balanced_ratio_preserved_noise_mcc_selected_v1,logistic_regression_class_weight_balanced,logistic_regression,C,60/40,1,random_flip_10,test,90/10,test,0.100000,True,1698,48,4.901796,210,21,189,0.742857,0.772487,0.253731,0.809524,0.386364,0.350760,139,50,4,17,0.855631,0.552181,0.552181
logreg_balanced_ratio_preserved_noise_mcc_selected_v1,logistic_regression_class_weight_balanced,logistic_regression,C,60/40,1,random_flip_20,validation_grid,60/40,valid,0.100000,True,1698,48,4.195987,48,19,29,0.791667,0.782214,0.736842,0.736842,0.736842,0.564428,24,5,5,14,0.802178,0.782582,0.782582
logreg_balanced_ratio_preserved_noise_mcc_selected_v1,logistic_regression_class_weight_balanced,logistic_regression,C,60/40,1,random_flip_20,validation_grid,60/40,valid,1.000000,False,1698,48,4.280453,48,19,29,0.708333,0.704174,0.619048,0.684211,0.650000,0.402546,21,8,6,13,0.753176,0.726647,0.726647
logreg_balanced_ratio_preserved_noise_mcc_selected_v1,logistic_regression_class_weight_balanced,logistic_regression,C,60/40,1,random_flip_20,validation_grid,60/40,valid,10.000000,False,1698,48,4.440682,48,19,29,0.645833,0.643376,0.545455,0.631579,0.585366,0.281438,19,10,7,12,0.686025,0.670952,0.670952
logreg_balanced_ratio_preserved_noise_mcc_selected_v1,logistic_regression_class_weight_balanced,logistic_regression,C,60/40,1,random_flip_20,test,50/50,test,0.100000,True,1698,48,4.522741,42,21,21,0.761905,0.761905,0.739130,0.809524,0.772727,0.526201,15,6,4,17,0.852608,0.823972,0.823972
logreg_balanced_ratio_preserved_noise_mcc_selected_v1,logistic_regression_class_weight_balanced,logistic_regression,C,60/40,1,random_flip_20,test,60/40,test,0.100000,True,1698,48,4.619545,53,21,32,0.830189,0.826637,0.772727,0.809524,0.790698,0.648467,27,5,4,17,0.866071,0.831138,0.831138
logreg_balanced_ratio_preserved_noise_mcc_selected_v1,logistic_regression_class_weight_balanced,logistic_regression,C,60/40,1,random_flip_20,test,70/30,test,0.100000,True,1698,48,4.700091,70,21,49,0.828571,0.823129,0.680000,0.809524,0.739130,0.618070,41,8,4,17,0.904762,0.863023,0.863023
logreg_balanced_ratio_preserved_noise_mcc_selected_v1,logistic_regression_class_weight_balanced,logistic_regression,C,60/40,1,random_flip_20,test,75/25,test,0.100000,True,1698,48,4.786443,84,21,63,0.869048,0.849206,0.708333,0.809524,0.755556,0.669439,56,7,4,17,0.916100,0.863657,0.863657
logreg_balanced_ratio_preserved_noise_mcc_selected_v1,logistic_regression_class_weight_balanced,logistic_regression,C,60/40,1,random_flip_20,test,80/20,test,0.100000,True,1698,48,4.931448,105,21,84,0.790476,0.797619,0.485714,0.809524,0.607143,0.505076,66,18,4,17,0.865079,0.602901,0.602901
logreg_balanced_ratio_preserved_noise_mcc_selected_v1,logistic_regression_class_weight_balanced,logistic_regression,C,60/40,1,random_flip_20,test,90/10,test,0.100000,True,1698,48,5.183189,210,21,189,0.771429,0.788360,0.278689,0.809524,0.414634,0.381107,145,44,4,17,0.862434,0.474264,0.474264
logreg_balanced_ratio_preserved_noise_mcc_selected_v1,logistic_regression_class_weight_balanced,logistic_regression,C,60/40,1,random_fp_10,validation_grid,60/40,valid,0.100000,False,2124,48,4.668690,48,19,29,0.812500,0.808530,0.750000,0.789474,0.769231,0.612081,24,5,4,15,0.883848,0.854552,0.854552
logreg_balanced_ratio_preserved_noise_mcc_selected_v1,logistic_regression_class_weight_balanced,logistic_regression,C,60/40,1,random_fp_10,validation_grid,60/40,valid,1.000000,True,2124,48,4.760405,48,19,29,0.833333,0.834846,0.761905,0.842105,0.800000,0.660175,24,5,3,16,0.878403,0.851563,0.851563
logreg_balanced_ratio_preserved_noise_mcc_selected_v1,logistic_regression_class_weight_balanced,logistic_regression,C,60/40,1,random_fp_10,validation_grid,60/40,valid,10.000000,False,2124,48,4.937392,48,19,29,0.791667,0.773140,0.764706,0.684211,0.722222,0.558580,25,4,6,13,0.847550,0.816170,0.816170
logreg_balanced_ratio_preserved_noise_mcc_selected_v1,logistic_regression_class_weight_balanced,logistic_regression,C,60/40,1,random_fp_10,test,50/50,test,1.000000,True,2124,48,5.016685,42,21,21,0.785714,0.785714,0.800000,0.761905,0.780488,0.572078,17,4,5,16,0.829932,0.862445,0.862445
logreg_balanced_ratio_preserved_noise_mcc_selected_v1,logistic_regression_class_weight_balanced,logistic_regression,C,60/40,1,random_fp_10,test,60/40,test,1.000000,True,2124,48,5.088974,53,21,32,0.811321,0.802827,0.761905,0.761905,0.761905,0.605655,27,5,5,16,0.852679,0.854479,0.854479
logreg_balanced_ratio_preserved_noise_mcc_selected_v1,logistic_regression_class_weight_balanced,logistic_regression,C,60/40,1,random_fp_10,test,70/30,test,1.000000,True,2124,48,5.166266,70,21,49,0.857143,0.829932,0.761905,0.761905,0.761905,0.659864,44,5,5,16,0.874636,0.851433,0.851433
logreg_balanced_ratio_preserved_noise_mcc_selected_v1,logistic_regression_class_weight_balanced,logistic_regression,C,60/40,1,random_fp_10,test,75/25,test,1.000000,True,2124,48,5.247731,84,21,63,0.845238,0.817460,0.666667,0.761905,0.711111,0.608581,55,8,5,16,0.887377,0.841643,0.841643
logreg_balanced_ratio_preserved_noise_mcc_selected_v1,logistic_regression_class_weight_balanced,logistic_regression,C,60/40,1,random_fp_10,test,80/20,test,1.000000,True,2124,48,5.359712,105,21,84,0.761905,0.761905,0.444444,0.761905,0.561404,0.441415,64,20,5,16,0.829365,0.646610,0.646610
logreg_balanced_ratio_preserved_noise_mcc_selected_v1,logistic_regression_class_weight_balanced,logistic_regression,C,60/40,1,random_fp_10,test,90/10,test,1.000000,True,2124,48,5.568995,210,21,189,0.733333,0.746032,0.238806,0.761905,0.363636,0.316706,138,51,5,16,0.842278,0.525431,0.525431
logreg_balanced_ratio_preserved_noise_mcc_selected_v1,logistic_regression_class_weight_balanced,logistic_regression,C,60/40,1,random_fp_20,validation_grid,60/40,valid,0.100000,True,2549,48,5.299253,48,19,29,0.812500,0.808530,0.750000,0.789474,0.769231,0.612081,24,5,4,15,0.858439,0.803735,0.803735
logreg_balanced_ratio_preserved_noise_mcc_selected_v1,logistic_regression_class_weight_balanced,logistic_regression,C,60/40,1,random_fp_20,validation_grid,60/40,valid,1.000000,False,2549,48,5.421156,48,19,29,0.791667,0.791289,0.714286,0.789474,0.750000,0.574299,23,6,4,15,0.849365,0.782234,0.782234
logreg_balanced_ratio_preserved_noise_mcc_selected_v1,logistic_regression_class_weight_balanced,logistic_regression,C,60/40,1,random_fp_20,validation_grid,60/40,valid,10.000000,False,2549,48,5.648577,48,19,29,0.750000,0.738657,0.684211,0.684211,0.684211,0.477314,23,6,6,13,0.818512,0.701004,0.701004
logreg_balanced_ratio_preserved_noise_mcc_selected_v1,logistic_regression_class_weight_balanced,logistic_regression,C,60/40,1,random_fp_20,test,50/50,test,0.100000,True,2549,48,5.715084,42,21,21,0.761905,0.761905,0.720000,0.857143,0.782609,0.533578,14,7,3,18,0.836735,0.839838,0.839838
logreg_balanced_ratio_preserved_noise_mcc_selected_v1,logistic_regression_class_weight_balanced,logistic_regression,C,60/40,1,random_fp_20,test,60/40,test,0.100000,True,2549,48,5.789828,53,21,32,0.754717,0.772321,0.642857,0.857143,0.734694,0.533639,22,10,3,18,0.828869,0.782268,0.782268
logreg_balanced_ratio_preserved_noise_mcc_selected_v1,logistic_regression_class_weight_balanced,logistic_regression,C,60/40,1,random_fp_20,test,70/30,test,0.100000,True,2549,48,5.869819,70,21,49,0.814286,0.826531,0.642857,0.857143,0.734694,0.610883,39,10,3,18,0.913508,0.862070,0.862070
logreg_balanced_ratio_preserved_noise_mcc_selected_v1,logistic_regression_class_weight_balanced,logistic_regression,C,60/40,1,random_fp_20,test,75/25,test,0.100000,True,2549,48,5.958729,84,21,63,0.857143,0.857143,0.666667,0.857143,0.750000,0.662266,54,9,3,18,0.911565,0.832905,0.832905
logreg_balanced_ratio_preserved_noise_mcc_selected_v1,logistic_regression_class_weight_balanced,logistic_regression,C,60/40,1,random_fp_20,test,80/20,test,0.100000,True,2549,48,6.072736,105,21,84,0.752381,0.791667,0.439024,0.857143,0.580645,0.478282,61,23,3,18,0.851474,0.539289,0.539289
logreg_balanced_ratio_preserved_noise_mcc_selected_v1,logistic_regression_class_weight_balanced,logistic_regression,C,60/40,1,random_fp_20,test,90/10,test,0.100000,True,2549,48,6.275577,210,21,189,0.733333,0.788360,0.253521,0.857143,0.391304,0.365737,136,53,3,18,0.858403,0.417686,0.417686
logreg_balanced_ratio_preserved_noise_mcc_selected_v1,logistic_regression_class_weight_balanced,logistic_regression,C,60/40,1,heuristic_fp_10,validation_grid,60/40,valid,0.100000,False,2124,48,4.493749,48,19,29,0.791667,0.791289,0.714286,0.789474,0.750000,0.574299,23,6,4,15,0.869328,0.803804,0.803804
logreg_balanced_ratio_preserved_noise_mcc_selected_v1,logistic_regression_class_weight_balanced,logistic_regression,C,60/40,1,heuristic_fp_10,validation_grid,60/40,valid,1.000000,False,2124,48,4.587449,48,19,29,0.833333,0.834846,0.761905,0.842105,0.800000,0.660175,24,5,3,16,0.874773,0.798154,0.798154
logreg_balanced_ratio_preserved_noise_mcc_selected_v1,logistic_regression_class_weight_balanced,logistic_regression,C,60/40,1,heuristic_fp_10,validation_grid,60/40,valid,10.000000,True,2124,48,4.782476,48,19,29,0.854167,0.861162,0.772727,0.894737,0.829268,0.708940,24,5,2,17,0.872958,0.787899,0.787899
logreg_balanced_ratio_preserved_noise_mcc_selected_v1,logistic_regression_class_weight_balanced,logistic_regression,C,60/40,1,heuristic_fp_10,test,50/50,test,10.000000,True,2124,48,4.861435,42,21,21,0.809524,0.809524,0.809524,0.809524,0.809524,0.619048,17,4,4,17,0.904762,0.919557,0.919557
logreg_balanced_ratio_preserved_noise_mcc_selected_v1,logistic_regression_class_weight_balanced,logistic_regression,C,60/40,1,heuristic_fp_10,test,60/40,test,10.000000,True,2124,48,4.948019,53,21,32,0.792453,0.795387,0.708333,0.809524,0.755556,0.580499,25,7,4,17,0.886905,0.851188,0.851188
logreg_balanced_ratio_preserved_noise_mcc_selected_v1,logistic_regression_class_weight_balanced,logistic_regression,C,60/40,1,heuristic_fp_10,test,70/30,test,10.000000,True,2124,48,5.022745,70,21,49,0.857143,0.843537,0.739130,0.809524,0.772727,0.670346,43,6,4,17,0.918367,0.879951,0.879951
logreg_balanced_ratio_preserved_noise_mcc_selected_v1,logistic_regression_class_weight_balanced,logistic_regression,C,60/40,1,heuristic_fp_10,test,75/25,test,10.000000,True,2124,48,5.115143,84,21,63,0.857143,0.841270,0.680000,0.809524,0.739130,0.646416,55,8,4,17,0.939531,0.880545,0.880545
logreg_balanced_ratio_preserved_noise_mcc_selected_v1,logistic_regression_class_weight_balanced,logistic_regression,C,60/40,1,heuristic_fp_10,test,80/20,test,10.000000,True,2124,48,5.231890,105,21,84,0.790476,0.797619,0.485714,0.809524,0.607143,0.505076,66,18,4,17,0.879252,0.612655,0.612655
logreg_balanced_ratio_preserved_noise_mcc_selected_v1,logistic_regression_class_weight_balanced,logistic_regression,C,60/40,1,heuristic_fp_10,test,90/10,test,10.000000,True,2124,48,5.477681,210,21,189,0.776190,0.791005,0.283333,0.809524,0.419753,0.386501,146,43,4,17,0.883346,0.506943,0.506943
logreg_balanced_ratio_preserved_noise_mcc_selected_v1,logistic_regression_class_weight_balanced,logistic_regression,C,60/40,1,heuristic_fp_20,validation_grid,60/40,valid,0.100000,True,2549,48,5.121334,48,19,29,0.833333,0.825771,0.789474,0.789474,0.789474,0.651543,25,4,4,15,0.872958,0.838968,0.838968
logreg_balanced_ratio_preserved_noise_mcc_selected_v1,logistic_regression_class_weight_balanced,logistic_regression,C,60/40,1,heuristic_fp_20,validation_grid,60/40,valid,1.000000,False,2549,48,5.225864,48,19,29,0.791667,0.791289,0.714286,0.789474,0.750000,0.574299,23,6,4,15,0.869328,0.840412,0.840412
logreg_balanced_ratio_preserved_noise_mcc_selected_v1,logistic_regression_class_weight_balanced,logistic_regression,C,60/40,1,heuristic_fp_20,validation_grid,60/40,valid,10.000000,False,2549,48,5.464569,48,19,29,0.812500,0.826679,0.708333,0.894737,0.790698,0.639021,22,7,2,17,0.856624,0.824733,0.824733
logreg_balanced_ratio_preserved_noise_mcc_selected_v1,logistic_regression_class_weight_balanced,logistic_regression,C,60/40,1,heuristic_fp_20,test,50/50,test,0.100000,True,2549,48,5.539328,42,21,21,0.785714,0.785714,0.730769,0.904762,0.808511,0.588348,14,7,2,19,0.891156,0.898633,0.898633
logreg_balanced_ratio_preserved_noise_mcc_selected_v1,logistic_regression_class_weight_balanced,logistic_regression,C,60/40,1,heuristic_fp_20,test,60/40,test,0.100000,True,2549,48,5.614161,53,21,32,0.811321,0.827381,0.703704,0.904762,0.791667,0.640619,24,8,2,19,0.897321,0.868267,0.868267
logreg_balanced_ratio_preserved_noise_mcc_selected_v1,logistic_regression_class_weight_balanced,logistic_regression,C,60/40,1,heuristic_fp_20,test,70/30,test,0.100000,True,2549,48,5.706289,70,21,49,0.842857,0.860544,0.678571,0.904762,0.775510,0.674516,40,9,2,19,0.941691,0.892007,0.892007
logreg_balanced_ratio_preserved_noise_mcc_selected_v1,logistic_regression_class_weight_balanced,logistic_regression,C,60/40,1,heuristic_fp_20,test,75/25,test,0.100000,True,2549,48,5.796194,84,21,63,0.833333,0.857143,0.612903,0.904762,0.730769,0.640963,51,12,2,19,0.934240,0.853309,0.853309
logreg_balanced_ratio_preserved_noise_mcc_selected_v1,logistic_regression_class_weight_balanced,logistic_regression,C,60/40,1,heuristic_fp_20,test,80/20,test,0.100000,True,2549,48,5.919352,105,21,84,0.761905,0.815476,0.452381,0.904762,0.603175,0.515170,61,23,2,19,0.855442,0.541775,0.541775
logreg_balanced_ratio_preserved_noise_mcc_selected_v1,logistic_regression_class_weight_balanced,logistic_regression,C,60/40,1,heuristic_fp_20,test,90/10,test,0.100000,True,2549,48,6.134680,210,21,189,0.738095,0.812169,0.263889,0.904762,0.408602,0.394598,136,53,2,19,0.873772,0.406327,0.406327
logreg_balanced_ratio_preserved_noise_mcc_selected_v1,logistic_regression_class_weight_balanced,logistic_regression,C,60/40,2,clean,validation_grid,60/40,valid,0.100000,False,1698,48,4.228160,48,19,29,0.770833,0.774047,0.681818,0.789474,0.731707,0.537939,22,7,4,15,0.834846,0.796929,0.796929
logreg_balanced_ratio_preserved_noise_mcc_selected_v1,logistic_regression_class_weight_balanced,logistic_regression,C,60/40,2,clean,validation_grid,60/40,valid,1.000000,False,1698,48,4.310167,48,19,29,0.833333,0.834846,0.761905,0.842105,0.800000,0.660175,24,5,3,16,0.867514,0.832796,0.832796
logreg_balanced_ratio_preserved_noise_mcc_selected_v1,logistic_regression_class_weight_balanced,logistic_regression,C,60/40,2,clean,validation_grid,60/40,valid,10.000000,True,1698,48,4.457649,48,19,29,0.854167,0.852087,0.800000,0.842105,0.820513,0.698493,25,4,3,16,0.889292,0.841930,0.841930
logreg_balanced_ratio_preserved_noise_mcc_selected_v1,logistic_regression_class_weight_balanced,logistic_regression,C,60/40,2,clean,test,50/50,test,10.000000,True,1698,48,4.563417,42,21,21,0.738095,0.738095,0.777778,0.666667,0.717949,0.481125,17,4,7,14,0.848073,0.855740,0.855740
logreg_balanced_ratio_preserved_noise_mcc_selected_v1,logistic_regression_class_weight_balanced,logistic_regression,C,60/40,2,clean,test,60/40,test,10.000000,True,1698,48,4.655611,53,21,32,0.754717,0.739583,0.700000,0.666667,0.682927,0.483503,26,6,7,14,0.877976,0.867450,0.867450
logreg_balanced_ratio_preserved_noise_mcc_selected_v1,logistic_regression_class_weight_balanced,logistic_regression,C,60/40,2,clean,test,70/30,test,10.000000,True,1698,48,4.767564,70,21,49,0.742857,0.721088,0.560000,0.666667,0.608696,0.422890,38,11,7,14,0.833819,0.613882,0.613882
logreg_balanced_ratio_preserved_noise_mcc_selected_v1,logistic_regression_class_weight_balanced,logistic_regression,C,60/40,2,clean,test,75/25,test,10.000000,True,1698,48,4.864122,84,21,63,0.750000,0.722222,0.500000,0.666667,0.571429,0.408248,49,14,7,14,0.867725,0.713477,0.713477
logreg_balanced_ratio_preserved_noise_mcc_selected_v1,logistic_regression_class_weight_balanced,logistic_regression,C,60/40,2,clean,test,80/20,test,10.000000,True,1698,48,4.963942,105,21,84,0.800000,0.750000,0.500000,0.666667,0.571429,0.452267,70,14,7,14,0.880952,0.666542,0.666542
logreg_balanced_ratio_preserved_noise_mcc_selected_v1,logistic_regression_class_weight_balanced,logistic_regression,C,60/40,2,clean,test,90/10,test,10.000000,True,1698,48,5.145946,210,21,189,0.800000,0.740741,0.285714,0.666667,0.400000,0.341515,154,35,7,14,0.864701,0.436957,0.436957
logreg_balanced_ratio_preserved_noise_mcc_selected_v1,logistic_regression_class_weight_balanced,logistic_regression,C,60/40,2,random_flip_10,validation_grid,60/40,valid,0.100000,False,1698,48,4.420406,48,19,29,0.750000,0.765880,0.640000,0.842105,0.727273,0.520545,20,9,3,16,0.838475,0.776201,0.776201
logreg_balanced_ratio_preserved_noise_mcc_selected_v1,logistic_regression_class_weight_balanced,logistic_regression,C,60/40,2,random_flip_10,validation_grid,60/40,valid,1.000000,True,1698,48,4.504490,48,19,29,0.812500,0.817604,0.727273,0.842105,0.780488,0.623439,23,6,3,16,0.849365,0.789873,0.789873
logreg_balanced_ratio_preserved_noise_mcc_selected_v1,logistic_regression_class_weight_balanced,logistic_regression,C,60/40,2,random_flip_10,validation_grid,60/40,valid,10.000000,False,1698,48,4.660775,48,19,29,0.791667,0.791289,0.714286,0.789474,0.750000,0.574299,23,6,4,15,0.845735,0.786523,0.786523
logreg_balanced_ratio_preserved_noise_mcc_selected_v1,logistic_regression_class_weight_balanced,logistic_regression,C,60/40,2,random_flip_10,test,50/50,test,1.000000,True,1698,48,4.752951,42,21,21,0.785714,0.785714,0.772727,0.809524,0.790698,0.572078,16,5,4,17,0.841270,0.850361,0.850361
logreg_balanced_ratio_preserved_noise_mcc_selected_v1,logistic_regression_class_weight_balanced,logistic_regression,C,60/40,2,random_flip_10,test,60/40,test,1.000000,True,1698,48,4.833917,53,21,32,0.811321,0.811012,0.739130,0.809524,0.772727,0.613857,26,6,4,17,0.877976,0.862690,0.862690
logreg_balanced_ratio_preserved_noise_mcc_selected_v1,logistic_regression_class_weight_balanced,logistic_regression,C,60/40,2,random_flip_10,test,70/30,test,1.000000,True,1698,48,4.942539,70,21,49,0.785714,0.792517,0.607143,0.809524,0.693878,0.547249,38,11,4,17,0.810496,0.569757,0.569757
logreg_balanced_ratio_preserved_noise_mcc_selected_v1,logistic_regression_class_weight_balanced,logistic_regression,C,60/40,2,random_flip_10,test,75/25,test,1.000000,True,1698,48,5.040534,84,21,63,0.761905,0.777778,0.515152,0.809524,0.629630,0.492567,47,16,4,17,0.808012,0.536050,0.536050
logreg_balanced_ratio_preserved_noise_mcc_selected_v1,logistic_regression_class_weight_balanced,logistic_regression,C,60/40,2,random_flip_10,test,80/20,test,1.000000,True,1698,48,5.145478,105,21,84,0.790476,0.797619,0.485714,0.809524,0.607143,0.505076,66,18,4,17,0.856009,0.624033,0.624033
logreg_balanced_ratio_preserved_noise_mcc_selected_v1,logistic_regression_class_weight_balanced,logistic_regression,C,60/40,2,random_flip_10,test,90/10,test,1.000000,True,1698,48,5.339799,210,21,189,0.800000,0.804233,0.309091,0.809524,0.447368,0.415173,151,38,4,17,0.860922,0.386391,0.386391
logreg_balanced_ratio_preserved_noise_mcc_selected_v1,logistic_regression_class_weight_balanced,logistic_regression,C,60/40,2,random_flip_20,validation_grid,60/40,valid,0.100000,True,1698,48,4.172101,48,19,29,0.770833,0.764973,0.700000,0.736842,0.717949,0.525670,23,6,5,14,0.798548,0.747582,0.747582
logreg_balanced_ratio_preserved_noise_mcc_selected_v1,logistic_regression_class_weight_balanced,logistic_regression,C,60/40,2,random_flip_20,validation_grid,60/40,valid,1.000000,False,1698,48,4.246680,48,19,29,0.729167,0.721416,0.650000,0.684211,0.666667,0.439258,22,7,6,13,0.784029,0.718920,0.718920
logreg_balanced_ratio_preserved_noise_mcc_selected_v1,logistic_regression_class_weight_balanced,logistic_regression,C,60/40,2,random_flip_20,validation_grid,60/40,valid,10.000000,False,1698,48,4.433001,48,19,29,0.625000,0.607985,0.526316,0.526316,0.526316,0.215971,20,9,9,10,0.716878,0.643364,0.643364
logreg_balanced_ratio_preserved_noise_mcc_selected_v1,logistic_regression_class_weight_balanced,logistic_regression,C,60/40,2,random_flip_20,test,50/50,test,0.100000,True,1698,48,4.547951,42,21,21,0.857143,0.857143,0.894737,0.809524,0.850000,0.717547,19,2,4,17,0.818594,0.851182,0.851182
logreg_balanced_ratio_preserved_noise_mcc_selected_v1,logistic_regression_class_weight_balanced,logistic_regression,C,60/40,2,random_flip_20,test,60/40,test,0.100000,True,1698,48,4.638786,53,21,32,0.773585,0.779762,0.680000,0.809524,0.739130,0.548219,24,8,4,17,0.840774,0.845556,0.845556
logreg_balanced_ratio_preserved_noise_mcc_selected_v1,logistic_regression_class_weight_balanced,logistic_regression,C,60/40,2,random_flip_20,test,70/30,test,0.100000,True,1698,48,4.740191,70,21,49,0.800000,0.802721,0.629630,0.809524,0.708333,0.569986,39,10,4,17,0.794947,0.598815,0.598815
logreg_balanced_ratio_preserved_noise_mcc_selected_v1,logistic_regression_class_weight_balanced,logistic_regression,C,60/40,2,random_flip_20,test,75/25,test,0.100000,True,1698,48,4.831732,84,21,63,0.690476,0.730159,0.435897,0.809524,0.566667,0.399667,41,22,4,17,0.785336,0.563613,0.563613
logreg_balanced_ratio_preserved_noise_mcc_selected_v1,logistic_regression_class_weight_balanced,logistic_regression,C,60/40,2,random_flip_20,test,80/20,test,0.100000,True,1698,48,4.930435,105,21,84,0.771429,0.785714,0.459459,0.809524,0.586207,0.478471,64,20,4,17,0.832200,0.668140,0.668140
logreg_balanced_ratio_preserved_noise_mcc_selected_v1,logistic_regression_class_weight_balanced,logistic_regression,C,60/40,2,random_flip_20,test,90/10,test,0.100000,True,1698,48,5.122802,210,21,189,0.776190,0.791005,0.283333,0.809524,0.419753,0.386501,146,43,4,17,0.827412,0.443431,0.443431
logreg_balanced_ratio_preserved_noise_mcc_selected_v1,logistic_regression_class_weight_balanced,logistic_regression,C,60/40,2,random_fp_10,validation_grid,60/40,valid,0.100000,True,2124,48,4.751042,48,19,29,0.750000,0.756806,0.652174,0.789474,0.714286,0.502779,21,8,4,15,0.849365,0.780867,0.780867
logreg_balanced_ratio_preserved_noise_mcc_selected_v1,logistic_regression_class_weight_balanced,logistic_regression,C,60/40,2,random_fp_10,validation_grid,60/40,valid,1.000000,False,2124,48,4.862226,48,19,29,0.750000,0.756806,0.652174,0.789474,0.714286,0.502779,21,8,4,15,0.869328,0.821755,0.821755
logreg_balanced_ratio_preserved_noise_mcc_selected_v1,logistic_regression_class_weight_balanced,logistic_regression,C,60/40,2,random_fp_10,validation_grid,60/40,valid,10.000000,False,2124,48,5.051927,48,19,29,0.750000,0.747731,0.666667,0.736842,0.700000,0.488422,22,7,5,14,0.862069,0.812548,0.812548
logreg_balanced_ratio_preserved_noise_mcc_selected_v1,logistic_regression_class_weight_balanced,logistic_regression,C,60/40,2,random_fp_10,test,50/50,test,0.100000,True,2124,48,5.138968,42,21,21,0.761905,0.761905,0.739130,0.809524,0.772727,0.526201,15,6,4,17,0.857143,0.881316,0.881316
logreg_balanced_ratio_preserved_noise_mcc_selected_v1,logistic_regression_class_weight_balanced,logistic_regression,C,60/40,2,random_fp_10,test,60/40,test,0.100000,True,2124,48,5.216506,53,21,32,0.792453,0.795387,0.708333,0.809524,0.755556,0.580499,25,7,4,17,0.894345,0.906932,0.906932
logreg_balanced_ratio_preserved_noise_mcc_selected_v1,logistic_regression_class_weight_balanced,logistic_regression,C,60/40,2,random_fp_10,test,70/30,test,0.100000,True,2124,48,5.327071,70,21,49,0.728571,0.751701,0.531250,0.809524,0.641509,0.463079,34,15,4,17,0.817298,0.568247,0.568247
logreg_balanced_ratio_preserved_noise_mcc_selected_v1,logistic_regression_class_weight_balanced,logistic_regression,C,60/40,2,random_fp_10,test,75/25,test,0.100000,True,2124,48,5.417912,84,21,63,0.678571,0.722222,0.425000,0.809524,0.557377,0.385337,40,23,4,17,0.814059,0.577346,0.577346
logreg_balanced_ratio_preserved_noise_mcc_selected_v1,logistic_regression_class_weight_balanced,logistic_regression,C,60/40,2,random_fp_10,test,80/20,test,0.100000,True,2124,48,5.510619,105,21,84,0.761905,0.779762,0.447368,0.809524,0.576271,0.465735,63,21,4,17,0.864512,0.680590,0.680590
logreg_balanced_ratio_preserved_noise_mcc_selected_v1,logistic_regression_class_weight_balanced,logistic_regression,C,60/40,2,random_fp_10,test,90/10,test,0.100000,True,2124,48,5.674560,210,21,189,0.776190,0.791005,0.283333,0.809524,0.419753,0.386501,146,43,4,17,0.857647,0.423202,0.423202
logreg_balanced_ratio_preserved_noise_mcc_selected_v1,logistic_regression_class_weight_balanced,logistic_regression,C,60/40,2,random_fp_20,validation_grid,60/40,valid,0.100000,False,2549,48,5.313537,48,19,29,0.708333,0.731397,0.592593,0.842105,0.695652,0.456218,18,11,3,16,0.863884,0.809959,0.809959
logreg_balanced_ratio_preserved_noise_mcc_selected_v1,logistic_regression_class_weight_balanced,logistic_regression,C,60/40,2,random_fp_20,validation_grid,60/40,valid,1.000000,True,2549,48,5.453996,48,19,29,0.770833,0.792196,0.653846,0.894737,0.755556,0.573564,20,9,2,17,0.876588,0.839326,0.839326
logreg_balanced_ratio_preserved_noise_mcc_selected_v1,logistic_regression_class_weight_balanced,logistic_regression,C,60/40,2,random_fp_20,validation_grid,60/40,valid,10.000000,False,2549,48,5.736828,48,19,29,0.770833,0.783122,0.666667,0.842105,0.744186,0.553819,21,8,3,16,0.847550,0.801221,0.801221
logreg_balanced_ratio_preserved_noise_mcc_selected_v1,logistic_regression_class_weight_balanced,logistic_regression,C,60/40,2,random_fp_20,test,50/50,test,1.000000,True,2549,48,5.864489,42,21,21,0.809524,0.809524,0.782609,0.857143,0.818182,0.621874,16,5,3,18,0.839002,0.843552,0.843552
logreg_balanced_ratio_preserved_noise_mcc_selected_v1,logistic_regression_class_weight_balanced,logistic_regression,C,60/40,2,random_fp_20,test,60/40,test,1.000000,True,2549,48,5.950623,53,21,32,0.830189,0.834821,0.750000,0.857143,0.800000,0.657996,26,6,3,18,0.863095,0.843583,0.843583
logreg_balanced_ratio_preserved_noise_mcc_selected_v1,logistic_regression_class_weight_balanced,logistic_regression,C,60/40,2,random_fp_20,test,70/30,test,1.000000,True,2549,48,6.062288,70,21,49,0.785714,0.806122,0.600000,0.857143,0.705882,0.566947,37,12,3,18,0.830904,0.651198,0.651198
logreg_balanced_ratio_preserved_noise_mcc_selected_v1,logistic_regression_class_weight_balanced,logistic_regression,C,60/40,2,random_fp_20,test,75/25,test,1.000000,True,2549,48,6.167870,84,21,63,0.690476,0.746032,0.439024,0.857143,0.580645,0.426260,40,23,3,18,0.810280,0.633311,0.633311
logreg_balanced_ratio_preserved_noise_mcc_selected_v1,logistic_regression_class_weight_balanced,logistic_regression,C,60/40,2,random_fp_20,test,80/20,test,1.000000,True,2549,48,6.266797,105,21,84,0.723810,0.773810,0.409091,0.857143,0.553846,0.443953,58,26,3,18,0.852608,0.653563,0.653563
logreg_balanced_ratio_preserved_noise_mcc_selected_v1,logistic_regression_class_weight_balanced,logistic_regression,C,60/40,2,random_fp_20,test,90/10,test,1.000000,True,2549,48,6.454769,210,21,189,0.766667,0.806878,0.281250,0.857143,0.423529,0.400010,143,46,3,18,0.843789,0.468382,0.468382
logreg_balanced_ratio_preserved_noise_mcc_selected_v1,logistic_regression_class_weight_balanced,logistic_regression,C,60/40,2,heuristic_fp_10,validation_grid,60/40,valid,0.100000,False,2124,48,4.901412,48,19,29,0.770833,0.774047,0.681818,0.789474,0.731707,0.537939,22,7,4,15,0.865699,0.799818,0.799818
logreg_balanced_ratio_preserved_noise_mcc_selected_v1,logistic_regression_class_weight_balanced,logistic_regression,C,60/40,2,heuristic_fp_10,validation_grid,60/40,valid,1.000000,False,2124,48,4.987724,48,19,29,0.791667,0.791289,0.714286,0.789474,0.750000,0.574299,23,6,4,15,0.889292,0.829166,0.829166
logreg_balanced_ratio_preserved_noise_mcc_selected_v1,logistic_regression_class_weight_balanced,logistic_regression,C,60/40,2,heuristic_fp_10,validation_grid,60/40,valid,10.000000,True,2124,48,5.182182,48,19,29,0.833333,0.834846,0.761905,0.842105,0.800000,0.660175,24,5,3,16,0.914701,0.845713,0.845713
logreg_balanced_ratio_preserved_noise_mcc_selected_v1,logistic_regression_class_weight_balanced,logistic_regression,C,60/40,2,heuristic_fp_10,test,50/50,test,10.000000,True,2124,48,5.274968,42,21,21,0.857143,0.857143,0.857143,0.857143,0.857143,0.714286,18,3,3,18,0.879819,0.875688,0.875688
logreg_balanced_ratio_preserved_noise_mcc_selected_v1,logistic_regression_class_weight_balanced,logistic_regression,C,60/40,2,heuristic_fp_10,test,60/40,test,10.000000,True,2124,48,5.355989,53,21,32,0.773585,0.787946,0.666667,0.857143,0.750000,0.563453,23,9,3,18,0.875000,0.833154,0.833154
logreg_balanced_ratio_preserved_noise_mcc_selected_v1,logistic_regression_class_weight_balanced,logistic_regression,C,60/40,2,heuristic_fp_10,test,70/30,test,10.000000,True,2124,48,5.467702,70,21,49,0.757143,0.785714,0.562500,0.857143,0.679245,0.525657,35,14,3,18,0.843537,0.625361,0.625361
logreg_balanced_ratio_preserved_noise_mcc_selected_v1,logistic_regression_class_weight_balanced,logistic_regression,C,60/40,2,heuristic_fp_10,test,75/25,test,10.000000,True,2124,48,5.565494,84,21,63,0.773810,0.801587,0.529412,0.857143,0.654545,0.532106,47,16,3,18,0.845049,0.575025,0.575025
logreg_balanced_ratio_preserved_noise_mcc_selected_v1,logistic_regression_class_weight_balanced,logistic_regression,C,60/40,2,heuristic_fp_10,test,80/20,test,10.000000,True,2124,48,5.679904,105,21,84,0.809524,0.827381,0.514286,0.857143,0.642857,0.555584,67,17,3,18,0.880952,0.630163,0.630163
logreg_balanced_ratio_preserved_noise_mcc_selected_v1,logistic_regression_class_weight_balanced,logistic_regression,C,60/40,2,heuristic_fp_10,test,90/10,test,10.000000,True,2124,48,5.869755,210,21,189,0.800000,0.825397,0.315789,0.857143,0.461538,0.439037,150,39,3,18,0.880574,0.539077,0.539077
logreg_balanced_ratio_preserved_noise_mcc_selected_v1,logistic_regression_class_weight_balanced,logistic_regression,C,60/40,2,heuristic_fp_20,validation_grid,60/40,valid,0.100000,False,2549,48,5.415299,48,19,29,0.729167,0.739564,0.625000,0.789474,0.697674,0.468616,20,9,4,15,0.840290,0.742101,0.742101
logreg_balanced_ratio_preserved_noise_mcc_selected_v1,logistic_regression_class_weight_balanced,logistic_regression,C,60/40,2,heuristic_fp_20,validation_grid,60/40,valid,1.000000,False,2549,48,5.639085,48,19,29,0.770833,0.783122,0.666667,0.842105,0.744186,0.553819,21,8,3,16,0.862069,0.792697,0.792697
logreg_balanced_ratio_preserved_noise_mcc_selected_v1,logistic_regression_class_weight_balanced,logistic_regression,C,60/40,2,heuristic_fp_20,validation_grid,60/40,valid,10.000000,True,2549,48,5.900599,48,19,29,0.791667,0.800363,0.695652,0.842105,0.761905,0.588055,22,7,3,16,0.851180,0.763564,0.763564
logreg_balanced_ratio_preserved_noise_mcc_selected_v1,logistic_regression_class_weight_balanced,logistic_regression,C,60/40,2,heuristic_fp_20,test,50/50,test,10.000000,True,2549,48,6.025614,42,21,21,0.833333,0.833333,0.791667,0.904762,0.844444,0.673575,16,5,2,19,0.929705,0.875592,0.875592
logreg_balanced_ratio_preserved_noise_mcc_selected_v1,logistic_regression_class_weight_balanced,logistic_regression,C,60/40,2,heuristic_fp_20,test,60/40,test,10.000000,True,2549,48,6.120027,53,21,32,0.792453,0.811756,0.678571,0.904762,0.775510,0.610914,23,9,2,19,0.906250,0.844303,0.844303
logreg_balanced_ratio_preserved_noise_mcc_selected_v1,logistic_regression_class_weight_balanced,logistic_regression,C,60/40,2,heuristic_fp_20,test,70/30,test,10.000000,True,2549,48,6.234519,70,21,49,0.800000,0.829932,0.612903,0.904762,0.730769,0.608764,37,12,2,19,0.893100,0.699975,0.699975
logreg_balanced_ratio_preserved_noise_mcc_selected_v1,logistic_regression_class_weight_balanced,logistic_regression,C,60/40,2,heuristic_fp_20,test,75/25,test,10.000000,True,2549,48,6.347556,84,21,63,0.726190,0.785714,0.475000,0.904762,0.622951,0.495434,42,21,2,19,0.885865,0.668649,0.668649
logreg_balanced_ratio_preserved_noise_mcc_selected_v1,logistic_regression_class_weight_balanced,logistic_regression,C,60/40,2,heuristic_fp_20,test,80/20,test,10.000000,True,2549,48,6.461168,105,21,84,0.790476,0.833333,0.487179,0.904762,0.633333,0.551892,64,20,2,19,0.930839,0.784103,0.784103
logreg_balanced_ratio_preserved_noise_mcc_selected_v1,logistic_regression_class_weight_balanced,logistic_regression,C,60/40,2,heuristic_fp_20,test,90/10,test,10.000000,True,2549,48,6.648778,210,21,189,0.747619,0.817460,0.271429,0.904762,0.417582,0.404061,138,51,2,19,0.922651,0.539466,0.539466
logreg_balanced_ratio_preserved_noise_mcc_selected_v1,logistic_regression_class_weight_balanced,logistic_regression,C,60/40,3,clean,validation_grid,60/40,valid,0.100000,True,1698,48,4.168313,48,19,29,0.791667,0.791289,0.714286,0.789474,0.750000,0.574299,23,6,4,15,0.840290,0.748282,0.748282
logreg_balanced_ratio_preserved_noise_mcc_selected_v1,logistic_regression_class_weight_balanced,logistic_regression,C,60/40,3,clean,validation_grid,60/40,valid,1.000000,False,1698,48,4.260099,48,19,29,0.791667,0.791289,0.714286,0.789474,0.750000,0.574299,23,6,4,15,0.823956,0.746309,0.746309
logreg_balanced_ratio_preserved_noise_mcc_selected_v1,logistic_regression_class_weight_balanced,logistic_regression,C,60/40,3,clean,validation_grid,60/40,valid,10.000000,False,1698,48,4.430020,48,19,29,0.729167,0.721416,0.650000,0.684211,0.666667,0.439258,22,7,6,13,0.800363,0.726255,0.726255
logreg_balanced_ratio_preserved_noise_mcc_selected_v1,logistic_regression_class_weight_balanced,logistic_regression,C,60/40,3,clean,test,50/50,test,0.100000,True,1698,48,4.509769,42,21,21,0.785714,0.785714,0.772727,0.809524,0.790698,0.572078,16,5,4,17,0.845805,0.834400,0.834400
logreg_balanced_ratio_preserved_noise_mcc_selected_v1,logistic_regression_class_weight_balanced,logistic_regression,C,60/40,3,clean,test,60/40,test,0.100000,True,1698,48,4.608244,53,21,32,0.773585,0.779762,0.680000,0.809524,0.739130,0.548219,24,8,4,17,0.834821,0.767746,0.767746
logreg_balanced_ratio_preserved_noise_mcc_selected_v1,logistic_regression_class_weight_balanced,logistic_regression,C,60/40,3,clean,test,70/30,test,0.100000,True,1698,48,4.712655,70,21,49,0.828571,0.823129,0.680000,0.809524,0.739130,0.618070,41,8,4,17,0.879495,0.818084,0.818084
logreg_balanced_ratio_preserved_noise_mcc_selected_v1,logistic_regression_class_weight_balanced,logistic_regression,C,60/40,3,clean,test,75/25,test,0.100000,True,1698,48,4.815054,84,21,63,0.761905,0.777778,0.515152,0.809524,0.629630,0.492567,47,16,4,17,0.832955,0.533247,0.533247
logreg_balanced_ratio_preserved_noise_mcc_selected_v1,logistic_regression_class_weight_balanced,logistic_regression,C,60/40,3,clean,test,80/20,test,0.100000,True,1698,48,4.922628,105,21,84,0.733333,0.761905,0.414634,0.809524,0.548387,0.429478,60,24,4,17,0.837868,0.558194,0.558194
logreg_balanced_ratio_preserved_noise_mcc_selected_v1,logistic_regression_class_weight_balanced,logistic_regression,C,60/40,3,clean,test,90/10,test,0.100000,True,1698,48,5.103259,210,21,189,0.790476,0.798942,0.298246,0.809524,0.435897,0.403343,149,40,4,17,0.865709,0.575746,0.575746
logreg_balanced_ratio_preserved_noise_mcc_selected_v1,logistic_regression_class_weight_balanced,logistic_regression,C,60/40,3,random_flip_10,validation_grid,60/40,valid,0.100000,True,1698,48,4.202384,48,19,29,0.791667,0.791289,0.714286,0.789474,0.750000,0.574299,23,6,4,15,0.836661,0.745409,0.745409
logreg_balanced_ratio_preserved_noise_mcc_selected_v1,logistic_regression_class_weight_balanced,logistic_regression,C,60/40,3,random_flip_10,validation_grid,60/40,valid,1.000000,False,1698,48,4.296033,48,19,29,0.770833,0.774047,0.681818,0.789474,0.731707,0.537939,22,7,4,15,0.829401,0.777598,0.777598
logreg_balanced_ratio_preserved_noise_mcc_selected_v1,logistic_regression_class_weight_balanced,logistic_regression,C,60/40,3,random_flip_10,validation_grid,60/40,valid,10.000000,False,1698,48,4.434385,48,19,29,0.770833,0.764973,0.700000,0.736842,0.717949,0.525670,23,6,5,14,0.749546,0.651340,0.651340
logreg_balanced_ratio_preserved_noise_mcc_selected_v1,logistic_regression_class_weight_balanced,logistic_regression,C,60/40,3,random_flip_10,test,50/50,test,0.100000,True,1698,48,4.511255,42,21,21,0.785714,0.785714,0.772727,0.809524,0.790698,0.572078,16,5,4,17,0.841270,0.856597,0.856597
logreg_balanced_ratio_preserved_noise_mcc_selected_v1,logistic_regression_class_weight_balanced,logistic_regression,C,60/40,3,random_flip_10,test,60/40,test,0.100000,True,1698,48,4.610397,53,21,32,0.773585,0.779762,0.680000,0.809524,0.739130,0.548219,24,8,4,17,0.824405,0.782181,0.782181
logreg_balanced_ratio_preserved_noise_mcc_selected_v1,logistic_regression_class_weight_balanced,logistic_regression,C,60/40,3,random_flip_10,test,70/30,test,0.100000,True,1698,48,4.713798,70,21,49,0.771429,0.782313,0.586207,0.809524,0.680000,0.525264,37,12,4,17,0.861030,0.806411,0.806411
logreg_balanced_ratio_preserved_noise_mcc_selected_v1,logistic_regression_class_weight_balanced,logistic_regression,C,60/40,3,random_flip_10,test,75/25,test,0.100000,True,1698,48,4.814887,84,21,63,0.761905,0.777778,0.515152,0.809524,0.629630,0.492567,47,16,4,17,0.817082,0.541833,0.541833
logreg_balanced_ratio_preserved_noise_mcc_selected_v1,logistic_regression_class_weight_balanced,logistic_regression,C,60/40,3,random_flip_10,test,80/20,test,0.100000,True,1698,48,4.927755,105,21,84,0.733333,0.761905,0.414634,0.809524,0.548387,0.429478,60,24,4,17,0.816893,0.541866,0.541866
logreg_balanced_ratio_preserved_noise_mcc_selected_v1,logistic_regression_class_weight_balanced,logistic_regression,C,60/40,3,random_flip_10,test,90/10,test,0.100000,True,1698,48,5.096201,210,21,189,0.761905,0.783069,0.269841,0.809524,0.404762,0.370624,143,46,4,17,0.849584,0.554674,0.554674
logreg_balanced_ratio_preserved_noise_mcc_selected_v1,logistic_regression_class_weight_balanced,logistic_regression,C,60/40,3,random_flip_20,validation_grid,60/40,valid,0.100000,True,1698,48,4.058692,48,19,29,0.729167,0.730490,0.636364,0.736842,0.682927,0.452439,21,8,5,14,0.802178,0.730009,0.730009
logreg_balanced_ratio_preserved_noise_mcc_selected_v1,logistic_regression_class_weight_balanced,logistic_regression,C,60/40,3,random_flip_20,validation_grid,60/40,valid,1.000000,False,1698,48,4.142808,48,19,29,0.708333,0.713249,0.608696,0.736842,0.666667,0.417502,20,9,5,14,0.764065,0.684268,0.684268
logreg_balanced_ratio_preserved_noise_mcc_selected_v1,logistic_regression_class_weight_balanced,logistic_regression,C,60/40,3,random_flip_20,validation_grid,60/40,valid,10.000000,False,1698,48,4.307444,48,19,29,0.645833,0.634301,0.550000,0.578947,0.564103,0.266435,20,9,8,11,0.716878,0.643807,0.643807
logreg_balanced_ratio_preserved_noise_mcc_selected_v1,logistic_regression_class_weight_balanced,logistic_regression,C,60/40,3,random_flip_20,test,50/50,test,0.100000,True,1698,48,4.380244,42,21,21,0.785714,0.785714,0.772727,0.809524,0.790698,0.572078,16,5,4,17,0.820862,0.837506,0.837506
logreg_balanced_ratio_preserved_noise_mcc_selected_v1,logistic_regression_class_weight_balanced,logistic_regression,C,60/40,3,random_flip_20,test,60/40,test,0.100000,True,1698,48,4.469571,53,21,32,0.792453,0.795387,0.708333,0.809524,0.755556,0.580499,25,7,4,17,0.785714,0.745096,0.745096
logreg_balanced_ratio_preserved_noise_mcc_selected_v1,logistic_regression_class_weight_balanced,logistic_regression,C,60/40,3,random_flip_20,test,70/30,test,0.100000,True,1698,48,4.574106,70,21,49,0.814286,0.812925,0.653846,0.809524,0.723404,0.593561,40,9,4,17,0.841594,0.762045,0.762045
logreg_balanced_ratio_preserved_noise_mcc_selected_v1,logistic_regression_class_weight_balanced,logistic_regression,C,60/40,3,random_flip_20,test,75/25,test,0.100000,True,1698,48,4.672452,84,21,63,0.761905,0.777778,0.515152,0.809524,0.629630,0.492567,47,16,4,17,0.817082,0.598873,0.598873
logreg_balanced_ratio_preserved_noise_mcc_selected_v1,logistic_regression_class_weight_balanced,logistic_regression,C,60/40,3,random_flip_20,test,80/20,test,0.100000,True,1698,48,4.779421,105,21,84,0.733333,0.761905,0.414634,0.809524,0.548387,0.429478,60,24,4,17,0.808390,0.601660,0.601660
logreg_balanced_ratio_preserved_noise_mcc_selected_v1,logistic_regression_class_weight_balanced,logistic_regression,C,60/40,3,random_flip_20,test,90/10,test,0.100000,True,1698,48,4.958307,210,21,189,0.761905,0.783069,0.269841,0.809524,0.404762,0.370624,143,46,4,17,0.836231,0.508961,0.508961
logreg_balanced_ratio_preserved_noise_mcc_selected_v1,logistic_regression_class_weight_balanced,logistic_regression,C,60/40,3,random_fp_10,validation_grid,60/40,valid,0.100000,True,2124,48,4.773527,48,19,29,0.812500,0.808530,0.750000,0.789474,0.769231,0.612081,24,5,4,15,0.854809,0.802657,0.802657
logreg_balanced_ratio_preserved_noise_mcc_selected_v1,logistic_regression_class_weight_balanced,logistic_regression,C,60/40,3,random_fp_10,validation_grid,60/40,valid,1.000000,False,2124,48,4.870510,48,19,29,0.812500,0.808530,0.750000,0.789474,0.769231,0.612081,24,5,4,15,0.836661,0.793177,0.793177
logreg_balanced_ratio_preserved_noise_mcc_selected_v1,logistic_regression_class_weight_balanced,logistic_regression,C,60/40,3,random_fp_10,validation_grid,60/40,valid,10.000000,False,2124,48,5.049828,48,19,29,0.770833,0.755898,0.722222,0.684211,0.702703,0.516983,24,5,6,13,0.789474,0.753669,0.753669
logreg_balanced_ratio_preserved_noise_mcc_selected_v1,logistic_regression_class_weight_balanced,logistic_regression,C,60/40,3,random_fp_10,test,50/50,test,0.100000,True,2124,48,5.141487,42,21,21,0.761905,0.761905,0.739130,0.809524,0.772727,0.526201,15,6,4,17,0.861678,0.865154,0.865154
logreg_balanced_ratio_preserved_noise_mcc_selected_v1,logistic_regression_class_weight_balanced,logistic_regression,C,60/40,3,random_fp_10,test,60/40,test,0.100000,True,2124,48,5.234397,53,21,32,0.792453,0.795387,0.708333,0.809524,0.755556,0.580499,25,7,4,17,0.845238,0.793746,0.793746
logreg_balanced_ratio_preserved_noise_mcc_selected_v1,logistic_regression_class_weight_balanced,logistic_regression,C,60/40,3,random_fp_10,test,70/30,test,0.100000,True,2124,48,5.328816,70,21,49,0.785714,0.792517,0.607143,0.809524,0.693878,0.547249,38,11,4,17,0.871720,0.778692,0.778692
logreg_balanced_ratio_preserved_noise_mcc_selected_v1,logistic_regression_class_weight_balanced,logistic_regression,C,60/40,3,random_fp_10,test,75/25,test,0.100000,True,2124,48,5.436784,84,21,63,0.773810,0.785714,0.531250,0.809524,0.641509,0.509525,48,15,4,17,0.837491,0.544259,0.544259
logreg_balanced_ratio_preserved_noise_mcc_selected_v1,logistic_regression_class_weight_balanced,logistic_regression,C,60/40,3,random_fp_10,test,80/20,test,0.100000,True,2124,48,5.545480,105,21,84,0.733333,0.761905,0.414634,0.809524,0.548387,0.429478,60,24,4,17,0.834467,0.518172,0.518172
logreg_balanced_ratio_preserved_noise_mcc_selected_v1,logistic_regression_class_weight_balanced,logistic_regression,C,60/40,3,random_fp_10,test,90/10,test,0.100000,True,2124,48,5.718044,210,21,189,0.752381,0.777778,0.261538,0.809524,0.395349,0.360518,141,48,4,17,0.867977,0.565054,0.565054
logreg_balanced_ratio_preserved_noise_mcc_selected_v1,logistic_regression_class_weight_balanced,logistic_regression,C,60/40,3,random_fp_20,validation_grid,60/40,valid,0.100000,False,2549,48,5.388624,48,19,29,0.770833,0.774047,0.681818,0.789474,0.731707,0.537939,22,7,4,15,0.863884,0.784325,0.784325
logreg_balanced_ratio_preserved_noise_mcc_selected_v1,logistic_regression_class_weight_balanced,logistic_regression,C,60/40,3,random_fp_20,validation_grid,60/40,valid,1.000000,True,2549,48,5.502912,48,19,29,0.770833,0.783122,0.666667,0.842105,0.744186,0.553819,21,8,3,16,0.871143,0.794778,0.794778
logreg_balanced_ratio_preserved_noise_mcc_selected_v1,logistic_regression_class_weight_balanced,logistic_regression,C,60/40,3,random_fp_20,validation_grid,60/40,valid,10.000000,False,2549,48,5.764493,48,19,29,0.729167,0.739564,0.625000,0.789474,0.697674,0.468616,20,9,4,15,0.827586,0.787313,0.787313
logreg_balanced_ratio_preserved_noise_mcc_selected_v1,logistic_regression_class_weight_balanced,logistic_regression,C,60/40,3,random_fp_20,test,50/50,test,1.000000,True,2549,48,5.841293,42,21,21,0.785714,0.785714,0.772727,0.809524,0.790698,0.572078,16,5,4,17,0.795918,0.786815,0.786815
logreg_balanced_ratio_preserved_noise_mcc_selected_v1,logistic_regression_class_weight_balanced,logistic_regression,C,60/40,3,random_fp_20,test,60/40,test,1.000000,True,2549,48,5.943474,53,21,32,0.773585,0.779762,0.680000,0.809524,0.739130,0.548219,24,8,4,17,0.785714,0.752119,0.752119
logreg_balanced_ratio_preserved_noise_mcc_selected_v1,logistic_regression_class_weight_balanced,logistic_regression,C,60/40,3,random_fp_20,test,70/30,test,1.000000,True,2549,48,6.033009,70,21,49,0.771429,0.782313,0.586207,0.809524,0.680000,0.525264,37,12,4,17,0.837707,0.809460,0.809460
logreg_balanced_ratio_preserved_noise_mcc_selected_v1,logistic_regression_class_weight_balanced,logistic_regression,C,60/40,3,random_fp_20,test,75/25,test,1.000000,True,2549,48,6.135394,84,21,63,0.750000,0.769841,0.500000,0.809524,0.618182,0.476095,46,17,4,17,0.788360,0.510083,0.510083
logreg_balanced_ratio_preserved_noise_mcc_selected_v1,logistic_regression_class_weight_balanced,logistic_regression,C,60/40,3,random_fp_20,test,80/20,test,1.000000,True,2549,48,6.239568,105,21,84,0.666667,0.720238,0.354167,0.809524,0.492754,0.353683,53,31,4,17,0.807256,0.529901,0.529901
logreg_balanced_ratio_preserved_noise_mcc_selected_v1,logistic_regression_class_weight_balanced,logistic_regression,C,60/40,3,random_fp_20,test,90/10,test,1.000000,True,2549,48,6.407329,210,21,189,0.761905,0.783069,0.269841,0.809524,0.404762,0.370624,143,46,4,17,0.829428,0.501072,0.501072
logreg_balanced_ratio_preserved_noise_mcc_selected_v1,logistic_regression_class_weight_balanced,logistic_regression,C,60/40,3,heuristic_fp_10,validation_grid,60/40,valid,0.100000,False,2124,48,4.774049,48,19,29,0.770833,0.774047,0.681818,0.789474,0.731707,0.537939,22,7,4,15,0.889292,0.855168,0.855168
logreg_balanced_ratio_preserved_noise_mcc_selected_v1,logistic_regression_class_weight_balanced,logistic_regression,C,60/40,3,heuristic_fp_10,validation_grid,60/40,valid,1.000000,True,2124,48,4.876431,48,19,29,0.791667,0.791289,0.714286,0.789474,0.750000,0.574299,23,6,4,15,0.903811,0.871867,0.871867
logreg_balanced_ratio_preserved_noise_mcc_selected_v1,logistic_regression_class_weight_balanced,logistic_regression,C,60/40,3,heuristic_fp_10,validation_grid,60/40,valid,10.000000,False,2124,48,5.067761,48,19,29,0.791667,0.782214,0.736842,0.736842,0.736842,0.564428,24,5,5,14,0.883848,0.852805,0.852805
logreg_balanced_ratio_preserved_noise_mcc_selected_v1,logistic_regression_class_weight_balanced,logistic_regression,C,60/40,3,heuristic_fp_10,test,50/50,test,1.000000,True,2124,48,5.134264,42,21,21,0.785714,0.785714,0.750000,0.857143,0.800000,0.577350,15,6,3,18,0.888889,0.897922,0.897922
logreg_balanced_ratio_preserved_noise_mcc_selected_v1,logistic_regression_class_weight_balanced,logistic_regression,C,60/40,3,heuristic_fp_10,test,60/40,test,1.000000,True,2124,48,5.219060,53,21,32,0.773585,0.787946,0.666667,0.857143,0.750000,0.563453,23,9,3,18,0.849702,0.781790,0.781790
logreg_balanced_ratio_preserved_noise_mcc_selected_v1,logistic_regression_class_weight_balanced,logistic_regression,C,60/40,3,heuristic_fp_10,test,70/30,test,1.000000,True,2124,48,5.319305,70,21,49,0.814286,0.826531,0.642857,0.857143,0.734694,0.610883,39,10,3,18,0.868805,0.766303,0.766303
logreg_balanced_ratio_preserved_noise_mcc_selected_v1,logistic_regression_class_weight_balanced,logistic_regression,C,60/40,3,heuristic_fp_10,test,75/25,test,1.000000,True,2124,48,5.432028,84,21,63,0.738095,0.777778,0.486486,0.857143,0.620690,0.484571,44,19,3,18,0.862434,0.620242,0.620242
logreg_balanced_ratio_preserved_noise_mcc_selected_v1,logistic_regression_class_weight_balanced,logistic_regression,C,60/40,3,heuristic_fp_10,test,80/20,test,1.000000,True,2124,48,5.545255,105,21,84,0.714286,0.767857,0.400000,0.857143,0.545455,0.433013,57,27,3,18,0.853741,0.612915,0.612915
logreg_balanced_ratio_preserved_noise_mcc_selected_v1,logistic_regression_class_weight_balanced,logistic_regression,C,60/40,3,heuristic_fp_10,test,90/10,test,1.000000,True,2124,48,5.714783,210,21,189,0.776190,0.812169,0.290323,0.857143,0.433735,0.410614,145,44,3,18,0.885865,0.531501,0.531501
logreg_balanced_ratio_preserved_noise_mcc_selected_v1,logistic_regression_class_weight_balanced,logistic_regression,C,60/40,3,heuristic_fp_20,validation_grid,60/40,valid,0.100000,False,2549,48,5.514849,48,19,29,0.750000,0.756806,0.652174,0.789474,0.714286,0.502779,21,8,4,15,0.874773,0.850189,0.850189
logreg_balanced_ratio_preserved_noise_mcc_selected_v1,logistic_regression_class_weight_balanced,logistic_regression,C,60/40,3,heuristic_fp_20,validation_grid,60/40,valid,1.000000,False,2549,48,5.614203,48,19,29,0.770833,0.774047,0.681818,0.789474,0.731707,0.537939,22,7,4,15,0.883848,0.861313,0.861313
logreg_balanced_ratio_preserved_noise_mcc_selected_v1,logistic_regression_class_weight_balanced,logistic_regression,C,60/40,3,heuristic_fp_20,validation_grid,60/40,valid,10.000000,True,2549,48,5.885307,48,19,29,0.791667,0.800363,0.695652,0.842105,0.761905,0.588055,22,7,3,16,0.847550,0.794008,0.794008
logreg_balanced_ratio_preserved_noise_mcc_selected_v1,logistic_regression_class_weight_balanced,logistic_regression,C,60/40,3,heuristic_fp_20,test,50/50,test,10.000000,True,2549,48,5.999805,42,21,21,0.880952,0.880952,0.833333,0.952381,0.888889,0.769800,17,4,1,20,0.907029,0.857611,0.857611
logreg_balanced_ratio_preserved_noise_mcc_selected_v1,logistic_regression_class_weight_balanced,logistic_regression,C,60/40,3,heuristic_fp_20,test,60/40,test,10.000000,True,2549,48,6.109631,53,21,32,0.811321,0.835565,0.689655,0.952381,0.800000,0.659458,23,9,1,20,0.891369,0.822959,0.822959
logreg_balanced_ratio_preserved_noise_mcc_selected_v1,logistic_regression_class_weight_balanced,logistic_regression,C,60/40,3,heuristic_fp_20,test,70/30,test,10.000000,True,2549,48,6.201496,70,21,49,0.728571,0.792517,0.526316,0.952381,0.677966,0.538173,31,18,1,20,0.908649,0.846641,0.846641
logreg_balanced_ratio_preserved_noise_mcc_selected_v1,logistic_regression_class_weight_balanced,logistic_regression,C,60/40,3,heuristic_fp_20,test,75/25,test,10.000000,True,2549,48,6.324267,84,21,63,0.750000,0.817460,0.500000,0.952381,0.655738,0.550482,43,20,1,20,0.881330,0.635364,0.635364
logreg_balanced_ratio_preserved_noise_mcc_selected_v1,logistic_regression_class_weight_balanced,logistic_regression,C,60/40,3,heuristic_fp_20,test,80/20,test,10.000000,True,2549,48,6.444258,105,21,84,0.742857,0.821429,0.434783,0.952381,0.597015,0.518273,58,26,1,20,0.863946,0.577589,0.577589
logreg_balanced_ratio_preserved_noise_mcc_selected_v1,logistic_regression_class_weight_balanced,logistic_regression,C,60/40,3,heuristic_fp_20,test,90/10,test,10.000000,True,2549,48,6.629908,210,21,189,0.790476,0.862434,0.317460,0.952381,0.476190,0.474537,146,43,1,20,0.908793,0.472188,0.472188
logreg_balanced_ratio_preserved_noise_mcc_selected_v1,logistic_regression_class_weight_balanced,logistic_regression,C,60/40,4,clean,validation_grid,60/40,valid,0.100000,False,1698,48,4.454472,48,19,29,0.729167,0.739564,0.625000,0.789474,0.697674,0.468616,20,9,4,15,0.789474,0.645302,0.645302
logreg_balanced_ratio_preserved_noise_mcc_selected_v1,logistic_regression_class_weight_balanced,logistic_regression,C,60/40,4,clean,validation_grid,60/40,valid,1.000000,False,1698,48,4.529042,48,19,29,0.729167,0.739564,0.625000,0.789474,0.697674,0.468616,20,9,4,15,0.774955,0.635800,0.635800
logreg_balanced_ratio_preserved_noise_mcc_selected_v1,logistic_regression_class_weight_balanced,logistic_regression,C,60/40,4,clean,validation_grid,60/40,valid,10.000000,True,1698,48,4.660472,48,19,29,0.750000,0.756806,0.652174,0.789474,0.714286,0.502779,21,8,4,15,0.753176,0.583226,0.583226
logreg_balanced_ratio_preserved_noise_mcc_selected_v1,logistic_regression_class_weight_balanced,logistic_regression,C,60/40,4,clean,test,50/50,test,10.000000,True,1698,48,4.737120,42,21,21,0.785714,0.785714,0.772727,0.809524,0.790698,0.572078,16,5,4,17,0.902494,0.900244,0.900244
logreg_balanced_ratio_preserved_noise_mcc_selected_v1,logistic_regression_class_weight_balanced,logistic_regression,C,60/40,4,clean,test,60/40,test,10.000000,True,1698,48,4.876492,53,21,32,0.811321,0.811012,0.739130,0.809524,0.772727,0.613857,26,6,4,17,0.912202,0.874293,0.874293
logreg_balanced_ratio_preserved_noise_mcc_selected_v1,logistic_regression_class_weight_balanced,logistic_regression,C,60/40,4,clean,test,70/30,test,10.000000,True,1698,48,4.985203,70,21,49,0.814286,0.812925,0.653846,0.809524,0.723404,0.593561,40,9,4,17,0.899903,0.815654,0.815654
logreg_balanced_ratio_preserved_noise_mcc_selected_v1,logistic_regression_class_weight_balanced,logistic_regression,C,60/40,4,clean,test,75/25,test,10.000000,True,1698,48,5.096591,84,21,63,0.821429,0.817460,0.607143,0.809524,0.693878,0.583212,52,11,4,17,0.916100,0.811936,0.811936
logreg_balanced_ratio_preserved_noise_mcc_selected_v1,logistic_regression_class_weight_balanced,logistic_regression,C,60/40,4,clean,test,80/20,test,10.000000,True,1698,48,5.202472,105,21,84,0.828571,0.821429,0.548387,0.809524,0.653846,0.563725,70,14,4,17,0.934807,0.833628,0.833628
logreg_balanced_ratio_preserved_noise_mcc_selected_v1,logistic_regression_class_weight_balanced,logistic_regression,C,60/40,4,clean,test,90/10,test,10.000000,True,1698,48,5.420971,210,21,189,0.814286,0.812169,0.326923,0.809524,0.465753,0.433941,154,35,4,17,0.893676,0.503368,0.503368
logreg_balanced_ratio_preserved_noise_mcc_selected_v1,logistic_regression_class_weight_balanced,logistic_regression,C,60/40,4,random_flip_10,validation_grid,60/40,valid,0.100000,True,1698,48,4.747940,48,19,29,0.708333,0.713249,0.608696,0.736842,0.666667,0.417502,20,9,5,14,0.793103,0.648307,0.648307
logreg_balanced_ratio_preserved_noise_mcc_selected_v1,logistic_regression_class_weight_balanced,logistic_regression,C,60/40,4,random_flip_10,validation_grid,60/40,valid,1.000000,False,1698,48,4.824687,48,19,29,0.687500,0.696007,0.583333,0.736842,0.651163,0.383413,19,10,5,14,0.765880,0.635065,0.635065
logreg_balanced_ratio_preserved_noise_mcc_selected_v1,logistic_regression_class_weight_balanced,logistic_regression,C,60/40,4,random_flip_10,validation_grid,60/40,valid,10.000000,False,1698,48,4.979028,48,19,29,0.604167,0.590744,0.500000,0.526316,0.512821,0.180024,19,10,9,10,0.711434,0.576448,0.576448
logreg_balanced_ratio_preserved_noise_mcc_selected_v1,logistic_regression_class_weight_balanced,logistic_regression,C,60/40,4,random_flip_10,test,50/50,test,0.100000,True,1698,48,5.058391,42,21,21,0.761905,0.761905,0.739130,0.809524,0.772727,0.526201,15,6,4,17,0.875283,0.881454,0.881454
logreg_balanced_ratio_preserved_noise_mcc_selected_v1,logistic_regression_class_weight_balanced,logistic_regression,C,60/40,4,random_flip_10,test,60/40,test,0.100000,True,1698,48,5.207978,53,21,32,0.773585,0.779762,0.680000,0.809524,0.739130,0.548219,24,8,4,17,0.822917,0.765286,0.765286
logreg_balanced_ratio_preserved_noise_mcc_selected_v1,logistic_regression_class_weight_balanced,logistic_regression,C,60/40,4,random_flip_10,test,70/30,test,0.100000,True,1698,48,5.302380,70,21,49,0.785714,0.792517,0.607143,0.809524,0.693878,0.547249,38,11,4,17,0.867833,0.779465,0.779465
logreg_balanced_ratio_preserved_noise_mcc_selected_v1,logistic_regression_class_weight_balanced,logistic_regression,C,60/40,4,random_flip_10,test,75/25,test,0.100000,True,1698,48,5.415080,84,21,63,0.809524,0.809524,0.586207,0.809524,0.680000,0.563798,51,12,4,17,0.848828,0.586318,0.586318
logreg_balanced_ratio_preserved_noise_mcc_selected_v1,logistic_regression_class_weight_balanced,logistic_regression,C,60/40,4,random_flip_10,test,80/20,test,0.100000,True,1698,48,5.527961,105,21,84,0.828571,0.821429,0.548387,0.809524,0.653846,0.563725,70,14,4,17,0.889456,0.735572,0.735572
logreg_balanced_ratio_preserved_noise_mcc_selected_v1,logistic_regression_class_weight_balanced,logistic_regression,C,60/40,4,random_flip_10,test,90/10,test,0.100000,True,1698,48,5.765894,210,21,189,0.776190,0.791005,0.283333,0.809524,0.419753,0.386501,146,43,4,17,0.872512,0.531373,0.531373
logreg_balanced_ratio_preserved_noise_mcc_selected_v1,logistic_regression_class_weight_balanced,logistic_regression,C,60/40,4,random_flip_20,validation_grid,60/40,valid,0.100000,True,1698,48,4.507272,48,19,29,0.708333,0.713249,0.608696,0.736842,0.666667,0.417502,20,9,5,14,0.740472,0.605006,0.605006
logreg_balanced_ratio_preserved_noise_mcc_selected_v1,logistic_regression_class_weight_balanced,logistic_regression,C,60/40,4,random_flip_20,validation_grid,60/40,valid,1.000000,False,1698,48,4.603319,48,19,29,0.708333,0.713249,0.608696,0.736842,0.666667,0.417502,20,9,5,14,0.715064,0.607019,0.607019
logreg_balanced_ratio_preserved_noise_mcc_selected_v1,logistic_regression_class_weight_balanced,logistic_regression,C,60/40,4,random_flip_20,validation_grid,60/40,valid,10.000000,False,1698,48,4.757849,48,19,29,0.645833,0.652450,0.541667,0.684211,0.604651,0.298210,18,11,6,13,0.653358,0.533439,0.533439
logreg_balanced_ratio_preserved_noise_mcc_selected_v1,logistic_regression_class_weight_balanced,logistic_regression,C,60/40,4,random_flip_20,test,50/50,test,0.100000,True,1698,48,4.835090,42,21,21,0.809524,0.809524,0.809524,0.809524,0.809524,0.619048,17,4,4,17,0.854875,0.843500,0.843500
logreg_balanced_ratio_preserved_noise_mcc_selected_v1,logistic_regression_class_weight_balanced,logistic_regression,C,60/40,4,random_flip_20,test,60/40,test,0.100000,True,1698,48,4.969560,53,21,32,0.754717,0.764137,0.653846,0.809524,0.723404,0.516863,23,9,4,17,0.796131,0.721927,0.721927
logreg_balanced_ratio_preserved_noise_mcc_selected_v1,logistic_regression_class_weight_balanced,logistic_regression,C,60/40,4,random_flip_20,test,70/30,test,0.100000,True,1698,48,5.062480,70,21,49,0.785714,0.792517,0.607143,0.809524,0.693878,0.547249,38,11,4,17,0.851312,0.765811,0.765811
logreg_balanced_ratio_preserved_noise_mcc_selected_v1,logistic_regression_class_weight_balanced,logistic_regression,C,60/40,4,random_flip_20,test,75/25,test,0.100000,True,1698,48,5.185890,84,21,63,0.773810,0.785714,0.531250,0.809524,0.641509,0.509525,48,15,4,17,0.835979,0.569482,0.569482
logreg_balanced_ratio_preserved_noise_mcc_selected_v1,logistic_regression_class_weight_balanced,logistic_regression,C,60/40,4,random_flip_20,test,80/20,test,0.100000,True,1698,48,5.305506,105,21,84,0.780952,0.791667,0.472222,0.809524,0.596491,0.491576,65,19,4,17,0.871315,0.698539,0.698539
logreg_balanced_ratio_preserved_noise_mcc_selected_v1,logistic_regression_class_weight_balanced,logistic_regression,C,60/40,4,random_flip_20,test,90/10,test,0.100000,True,1698,48,5.551445,210,21,189,0.776190,0.791005,0.283333,0.809524,0.419753,0.386501,146,43,4,17,0.849332,0.477608,0.477608
logreg_balanced_ratio_preserved_noise_mcc_selected_v1,logistic_regression_class_weight_balanced,logistic_regression,C,60/40,4,random_fp_10,validation_grid,60/40,valid,0.100000,True,2124,48,5.282847,48,19,29,0.708333,0.722323,0.600000,0.789474,0.681818,0.435268,19,10,4,15,0.765880,0.624465,0.624465
logreg_balanced_ratio_preserved_noise_mcc_selected_v1,logistic_regression_class_weight_balanced,logistic_regression,C,60/40,4,random_fp_10,validation_grid,60/40,valid,1.000000,False,2124,48,5.384977,48,19,29,0.666667,0.687840,0.555556,0.789474,0.652174,0.370342,17,12,4,15,0.769510,0.651446,0.651446
logreg_balanced_ratio_preserved_noise_mcc_selected_v1,logistic_regression_class_weight_balanced,logistic_regression,C,60/40,4,random_fp_10,validation_grid,60/40,valid,10.000000,False,2124,48,5.614400,48,19,29,0.666667,0.687840,0.555556,0.789474,0.652174,0.370342,17,12,4,15,0.754991,0.668989,0.668989
logreg_balanced_ratio_preserved_noise_mcc_selected_v1,logistic_regression_class_weight_balanced,logistic_regression,C,60/40,4,random_fp_10,test,50/50,test,0.100000,True,2124,48,5.694268,42,21,21,0.833333,0.833333,0.818182,0.857143,0.837209,0.667424,17,4,3,18,0.873016,0.894827,0.894827
logreg_balanced_ratio_preserved_noise_mcc_selected_v1,logistic_regression_class_weight_balanced,logistic_regression,C,60/40,4,random_fp_10,test,60/40,test,0.100000,True,2124,48,5.837587,53,21,32,0.773585,0.787946,0.666667,0.857143,0.750000,0.563453,23,9,3,18,0.857143,0.778638,0.778638
logreg_balanced_ratio_preserved_noise_mcc_selected_v1,logistic_regression_class_weight_balanced,logistic_regression,C,60/40,4,random_fp_10,test,70/30,test,0.100000,True,2124,48,5.948817,70,21,49,0.757143,0.785714,0.562500,0.857143,0.679245,0.525657,35,14,3,18,0.855199,0.770803,0.770803
logreg_balanced_ratio_preserved_noise_mcc_selected_v1,logistic_regression_class_weight_balanced,logistic_regression,C,60/40,4,random_fp_10,test,75/25,test,0.100000,True,2124,48,6.089194,84,21,63,0.773810,0.801587,0.529412,0.857143,0.654545,0.532106,47,16,3,18,0.858655,0.666436,0.666436
logreg_balanced_ratio_preserved_noise_mcc_selected_v1,logistic_regression_class_weight_balanced,logistic_regression,C,60/40,4,random_fp_10,test,80/20,test,0.100000,True,2124,48,6.212715,105,21,84,0.780952,0.809524,0.473684,0.857143,0.610169,0.515281,64,20,3,18,0.895692,0.762434,0.762434
logreg_balanced_ratio_preserved_noise_mcc_selected_v1,logistic_regression_class_weight_balanced,logistic_regression,C,60/40,4,random_fp_10,test,90/10,test,0.100000,True,2124,48,6.421975,210,21,189,0.738095,0.791005,0.257143,0.857143,0.395604,0.370389,137,52,3,18,0.877299,0.561778,0.561778
logreg_balanced_ratio_preserved_noise_mcc_selected_v1,logistic_regression_class_weight_balanced,logistic_regression,C,60/40,4,random_fp_20,validation_grid,60/40,valid,0.100000,False,2549,48,5.916821,48,19,29,0.708333,0.722323,0.600000,0.789474,0.681818,0.435268,19,10,4,15,0.785844,0.637190,0.637190
logreg_balanced_ratio_preserved_noise_mcc_selected_v1,logistic_regression_class_weight_balanced,logistic_regression,C,60/40,4,random_fp_20,validation_grid,60/40,valid,1.000000,True,2549,48,6.064267,48,19,29,0.729167,0.748639,0.615385,0.842105,0.711111,0.488064,19,10,3,16,0.765880,0.633158,0.633158
logreg_balanced_ratio_preserved_noise_mcc_selected_v1,logistic_regression_class_weight_balanced,logistic_regression,C,60/40,4,random_fp_20,validation_grid,60/40,valid,10.000000,False,2549,48,6.323527,48,19,29,0.666667,0.678766,0.560000,0.736842,0.636364,0.349991,18,11,5,14,0.716878,0.578330,0.578330
logreg_balanced_ratio_preserved_noise_mcc_selected_v1,logistic_regression_class_weight_balanced,logistic_regression,C,60/40,4,random_fp_20,test,50/50,test,1.000000,True,2549,48,6.436198,42,21,21,0.785714,0.785714,0.772727,0.809524,0.790698,0.572078,16,5,4,17,0.877551,0.899320,0.899320
logreg_balanced_ratio_preserved_noise_mcc_selected_v1,logistic_regression_class_weight_balanced,logistic_regression,C,60/40,4,random_fp_20,test,60/40,test,1.000000,True,2549,48,6.630874,53,21,32,0.735849,0.748512,0.629630,0.809524,0.708333,0.486288,22,10,4,17,0.825893,0.694516,0.694516
logreg_balanced_ratio_preserved_noise_mcc_selected_v1,logistic_regression_class_weight_balanced,logistic_regression,C,60/40,4,random_fp_20,test,70/30,test,1.000000,True,2549,48,6.746184,70,21,49,0.728571,0.751701,0.531250,0.809524,0.641509,0.463079,34,15,4,17,0.848397,0.748668,0.748668
logreg_balanced_ratio_preserved_noise_mcc_selected_v1,logistic_regression_class_weight_balanced,logistic_regression,C,60/40,4,random_fp_20,test,75/25,test,1.000000,True,2549,48,6.858973,84,21,63,0.714286,0.746032,0.459459,0.809524,0.586207,0.429192,43,20,4,17,0.836735,0.689168,0.689168
logreg_balanced_ratio_preserved_noise_mcc_selected_v1,logistic_regression_class_weight_balanced,logistic_regression,C,60/40,4,random_fp_20,test,80/20,test,1.000000,True,2549,48,6.965872,105,21,84,0.790476,0.797619,0.485714,0.809524,0.607143,0.505076,66,18,4,17,0.883787,0.722825,0.722825
logreg_balanced_ratio_preserved_noise_mcc_selected_v1,logistic_regression_class_weight_balanced,logistic_regression,C,60/40,4,random_fp_20,test,90/10,test,1.000000,True,2549,48,7.160501,210,21,189,0.733333,0.767196,0.246377,0.809524,0.377778,0.341323,137,52,4,17,0.862434,0.535567,0.535567
logreg_balanced_ratio_preserved_noise_mcc_selected_v1,logistic_regression_class_weight_balanced,logistic_regression,C,60/40,4,heuristic_fp_10,validation_grid,60/40,valid,0.100000,False,2124,48,5.287233,48,19,29,0.729167,0.739564,0.625000,0.789474,0.697674,0.468616,20,9,4,15,0.784029,0.630874,0.630874
logreg_balanced_ratio_preserved_noise_mcc_selected_v1,logistic_regression_class_weight_balanced,logistic_regression,C,60/40,4,heuristic_fp_10,validation_grid,60/40,valid,1.000000,False,2124,48,5.415956,48,19,29,0.729167,0.739564,0.625000,0.789474,0.697674,0.468616,20,9,4,15,0.776770,0.622166,0.622166
logreg_balanced_ratio_preserved_noise_mcc_selected_v1,logistic_regression_class_weight_balanced,logistic_regression,C,60/40,4,heuristic_fp_10,validation_grid,60/40,valid,10.000000,True,2124,48,5.592446,48,19,29,0.750000,0.765880,0.640000,0.842105,0.727273,0.520545,20,9,3,16,0.774955,0.600261,0.600261
logreg_balanced_ratio_preserved_noise_mcc_selected_v1,logistic_regression_class_weight_balanced,logistic_regression,C,60/40,4,heuristic_fp_10,test,50/50,test,10.000000,True,2124,48,5.664765,42,21,21,0.785714,0.785714,0.750000,0.857143,0.800000,0.577350,15,6,3,18,0.911565,0.922637,0.922637
logreg_balanced_ratio_preserved_noise_mcc_selected_v1,logistic_regression_class_weight_balanced,logistic_regression,C,60/40,4,heuristic_fp_10,test,60/40,test,10.000000,True,2124,48,5.815614,53,21,32,0.811321,0.819196,0.720000,0.857143,0.782609,0.625495,25,7,3,18,0.892857,0.855221,0.855221
logreg_balanced_ratio_preserved_noise_mcc_selected_v1,logistic_regression_class_weight_balanced,logistic_regression,C,60/40,4,heuristic_fp_10,test,70/30,test,10.000000,True,2124,48,5.914538,70,21,49,0.771429,0.795918,0.580645,0.857143,0.692308,0.546005,36,13,3,18,0.882410,0.828874,0.828874
logreg_balanced_ratio_preserved_noise_mcc_selected_v1,logistic_regression_class_weight_balanced,logistic_regression,C,60/40,4,heuristic_fp_10,test,75/25,test,10.000000,True,2124,48,6.038749,84,21,63,0.821429,0.833333,0.600000,0.857143,0.705882,0.602464,51,12,3,18,0.893424,0.700712,0.700712
logreg_balanced_ratio_preserved_noise_mcc_selected_v1,logistic_regression_class_weight_balanced,logistic_regression,C,60/40,4,heuristic_fp_10,test,80/20,test,10.000000,True,2124,48,6.151022,105,21,84,0.857143,0.857143,0.600000,0.857143,0.705882,0.632456,72,12,3,18,0.937075,0.855772,0.855772
logreg_balanced_ratio_preserved_noise_mcc_selected_v1,logistic_regression_class_weight_balanced,logistic_regression,C,60/40,4,heuristic_fp_10,test,90/10,test,10.000000,True,2124,48,6.361299,210,21,189,0.733333,0.788360,0.253521,0.857143,0.391304,0.365737,136,53,3,18,0.883850,0.506610,0.506610
logreg_balanced_ratio_preserved_noise_mcc_selected_v1,logistic_regression_class_weight_balanced,logistic_regression,C,60/40,4,heuristic_fp_20,validation_grid,60/40,valid,0.100000,False,2549,48,5.686031,48,19,29,0.729167,0.739564,0.625000,0.789474,0.697674,0.468616,20,9,4,15,0.778584,0.644884,0.644884
logreg_balanced_ratio_preserved_noise_mcc_selected_v1,logistic_regression_class_weight_balanced,logistic_regression,C,60/40,4,heuristic_fp_20,validation_grid,60/40,valid,1.000000,False,2549,48,5.827642,48,19,29,0.687500,0.705082,0.576923,0.789474,0.666667,0.402564,18,11,4,15,0.776770,0.658245,0.658245
logreg_balanced_ratio_preserved_noise_mcc_selected_v1,logistic_regression_class_weight_balanced,logistic_regression,C,60/40,4,heuristic_fp_20,validation_grid,60/40,valid,10.000000,True,2549,48,6.086899,48,19,29,0.729167,0.748639,0.615385,0.842105,0.711111,0.488064,19,10,3,16,0.778584,0.687089,0.687089
logreg_balanced_ratio_preserved_noise_mcc_selected_v1,logistic_regression_class_weight_balanced,logistic_regression,C,60/40,4,heuristic_fp_20,test,50/50,test,10.000000,True,2549,48,6.163357,42,21,21,0.785714,0.785714,0.772727,0.809524,0.790698,0.572078,16,5,4,17,0.911565,0.916613,0.916613
logreg_balanced_ratio_preserved_noise_mcc_selected_v1,logistic_regression_class_weight_balanced,logistic_regression,C,60/40,4,heuristic_fp_20,test,60/40,test,10.000000,True,2549,48,6.321234,53,21,32,0.811321,0.811012,0.739130,0.809524,0.772727,0.613857,26,6,4,17,0.903274,0.830569,0.830569
logreg_balanced_ratio_preserved_noise_mcc_selected_v1,logistic_regression_class_weight_balanced,logistic_regression,C,60/40,4,heuristic_fp_20,test,70/30,test,10.000000,True,2549,48,6.441803,70,21,49,0.728571,0.751701,0.531250,0.809524,0.641509,0.463079,34,15,4,17,0.876579,0.759820,0.759820
logreg_balanced_ratio_preserved_noise_mcc_selected_v1,logistic_regression_class_weight_balanced,logistic_regression,C,60/40,4,heuristic_fp_20,test,75/25,test,10.000000,True,2549,48,6.559678,84,21,63,0.761905,0.777778,0.515152,0.809524,0.629630,0.492567,47,16,4,17,0.894936,0.710104,0.710104
logreg_balanced_ratio_preserved_noise_mcc_selected_v1,logistic_regression_class_weight_balanced,logistic_regression,C,60/40,4,heuristic_fp_20,test,80/20,test,10.000000,True,2549,48,6.675257,105,21,84,0.771429,0.785714,0.459459,0.809524,0.586207,0.478471,64,20,4,17,0.905329,0.708138,0.708138
logreg_balanced_ratio_preserved_noise_mcc_selected_v1,logistic_regression_class_weight_balanced,logistic_regression,C,60/40,4,heuristic_fp_20,test,90/10,test,10.000000,True,2549,48,6.883185,210,21,189,0.690476,0.743386,0.217949,0.809524,0.343434,0.302226,128,61,4,17,0.864449,0.450646,0.450646
logreg_balanced_ratio_preserved_noise_mcc_selected_v1,logistic_regression_class_weight_balanced,logistic_regression,C,60/40,5,clean,validation_grid,60/40,valid,0.100000,False,1698,48,4.525881,48,19,29,0.645833,0.670599,0.535714,0.789474,0.638298,0.338445,16,13,4,15,0.727768,0.603403,0.603403
logreg_balanced_ratio_preserved_noise_mcc_selected_v1,logistic_regression_class_weight_balanced,logistic_regression,C,60/40,5,clean,validation_grid,60/40,valid,1.000000,True,1698,48,4.624162,48,19,29,0.666667,0.687840,0.555556,0.789474,0.652174,0.370342,17,12,4,15,0.715064,0.593312,0.593312
logreg_balanced_ratio_preserved_noise_mcc_selected_v1,logistic_regression_class_weight_balanced,logistic_regression,C,60/40,5,clean,validation_grid,60/40,valid,10.000000,False,1698,48,4.772364,48,19,29,0.625000,0.644283,0.518519,0.736842,0.608696,0.284466,16,13,5,14,0.707804,0.587998,0.587998
logreg_balanced_ratio_preserved_noise_mcc_selected_v1,logistic_regression_class_weight_balanced,logistic_regression,C,60/40,5,clean,test,50/50,test,1.000000,True,1698,48,4.874990,42,21,21,0.785714,0.785714,0.772727,0.809524,0.790698,0.572078,16,5,4,17,0.863946,0.867333,0.867333
logreg_balanced_ratio_preserved_noise_mcc_selected_v1,logistic_regression_class_weight_balanced,logistic_regression,C,60/40,5,clean,test,60/40,test,1.000000,True,1698,48,4.970065,53,21,32,0.811321,0.811012,0.739130,0.809524,0.772727,0.613857,26,6,4,17,0.860119,0.776579,0.776579
logreg_balanced_ratio_preserved_noise_mcc_selected_v1,logistic_regression_class_weight_balanced,logistic_regression,C,60/40,5,clean,test,70/30,test,1.000000,True,1698,48,5.068875,70,21,49,0.800000,0.802721,0.629630,0.809524,0.708333,0.569986,39,10,4,17,0.892128,0.774800,0.774800
logreg_balanced_ratio_preserved_noise_mcc_selected_v1,logistic_regression_class_weight_balanced,logistic_regression,C,60/40,5,clean,test,75/25,test,1.000000,True,1698,48,5.175148,84,21,63,0.880952,0.857143,0.739130,0.809524,0.772727,0.693622,57,6,4,17,0.919879,0.727327,0.727327
logreg_balanced_ratio_preserved_noise_mcc_selected_v1,logistic_regression_class_weight_balanced,logistic_regression,C,60/40,5,clean,test,80/20,test,1.000000,True,1698,48,5.312094,105,21,84,0.790476,0.797619,0.485714,0.809524,0.607143,0.505076,66,18,4,17,0.861678,0.586038,0.586038
logreg_balanced_ratio_preserved_noise_mcc_selected_v1,logistic_regression_class_weight_balanced,logistic_regression,C,60/40,5,clean,test,90/10,test,1.000000,True,1698,48,5.556157,210,21,189,0.819048,0.814815,0.333333,0.809524,0.472222,0.440496,155,34,4,17,0.889645,0.548834,0.548834
logreg_balanced_ratio_preserved_noise_mcc_selected_v1,logistic_regression_class_weight_balanced,logistic_regression,C,60/40,5,random_flip_10,validation_grid,60/40,valid,0.100000,True,1698,48,4.549740,48,19,29,0.645833,0.670599,0.535714,0.789474,0.638298,0.338445,16,13,4,15,0.720508,0.599932,0.599932
logreg_balanced_ratio_preserved_noise_mcc_selected_v1,logistic_regression_class_weight_balanced,logistic_regression,C,60/40,5,random_flip_10,validation_grid,60/40,valid,1.000000,False,1698,48,4.638737,48,19,29,0.625000,0.644283,0.518519,0.736842,0.608696,0.284466,16,13,5,14,0.725953,0.620670,0.620670
logreg_balanced_ratio_preserved_noise_mcc_selected_v1,logistic_regression_class_weight_balanced,logistic_regression,C,60/40,5,random_flip_10,validation_grid,60/40,valid,10.000000,False,1698,48,4.778123,48,19,29,0.645833,0.661525,0.538462,0.736842,0.622222,0.317063,17,12,5,14,0.705989,0.585732,0.585732
logreg_balanced_ratio_preserved_noise_mcc_selected_v1,logistic_regression_class_weight_balanced,logistic_regression,C,60/40,5,random_flip_10,test,50/50,test,0.100000,True,1698,48,4.866725,42,21,21,0.809524,0.809524,0.809524,0.809524,0.809524,0.619048,17,4,4,17,0.854875,0.859615,0.859615
logreg_balanced_ratio_preserved_noise_mcc_selected_v1,logistic_regression_class_weight_balanced,logistic_regression,C,60/40,5,random_flip_10,test,60/40,test,0.100000,True,1698,48,4.962048,53,21,32,0.792453,0.795387,0.708333,0.809524,0.755556,0.580499,25,7,4,17,0.840774,0.725897,0.725897
logreg_balanced_ratio_preserved_noise_mcc_selected_v1,logistic_regression_class_weight_balanced,logistic_regression,C,60/40,5,random_flip_10,test,70/30,test,0.100000,True,1698,48,5.056443,70,21,49,0.800000,0.802721,0.629630,0.809524,0.708333,0.569986,39,10,4,17,0.880466,0.785155,0.785155
logreg_balanced_ratio_preserved_noise_mcc_selected_v1,logistic_regression_class_weight_balanced,logistic_regression,C,60/40,5,random_flip_10,test,75/25,test,0.100000,True,1698,48,5.160266,84,21,63,0.904762,0.873016,0.809524,0.809524,0.809524,0.746032,59,4,4,17,0.893424,0.682428,0.682428
logreg_balanced_ratio_preserved_noise_mcc_selected_v1,logistic_regression_class_weight_balanced,logistic_regression,C,60/40,5,random_flip_10,test,80/20,test,0.100000,True,1698,48,5.293564,105,21,84,0.771429,0.785714,0.459459,0.809524,0.586207,0.478471,64,20,4,17,0.831066,0.542885,0.542885
logreg_balanced_ratio_preserved_noise_mcc_selected_v1,logistic_regression_class_weight_balanced,logistic_regression,C,60/40,5,random_flip_10,test,90/10,test,0.100000,True,1698,48,5.536033,210,21,189,0.804762,0.806878,0.314815,0.809524,0.453333,0.421287,152,37,4,17,0.872008,0.475310,0.475310
logreg_balanced_ratio_preserved_noise_mcc_selected_v1,logistic_regression_class_weight_balanced,logistic_regression,C,60/40,5,random_flip_20,validation_grid,60/40,valid,0.100000,False,1698,48,4.990261,48,19,29,0.583333,0.600726,0.481481,0.684211,0.565217,0.198589,15,14,6,13,0.702359,0.595313,0.595313
logreg_balanced_ratio_preserved_noise_mcc_selected_v1,logistic_regression_class_weight_balanced,logistic_regression,C,60/40,5,random_flip_20,validation_grid,60/40,valid,1.000000,False,1698,48,5.077456,48,19,29,0.604167,0.617967,0.500000,0.684211,0.577778,0.231563,16,13,6,13,0.676951,0.605973,0.605973
logreg_balanced_ratio_preserved_noise_mcc_selected_v1,logistic_regression_class_weight_balanced,logistic_regression,C,60/40,5,random_flip_20,validation_grid,60/40,valid,10.000000,True,1698,48,5.251393,48,19,29,0.604167,0.627042,0.500000,0.736842,0.595745,0.252033,15,14,5,14,0.633394,0.556233,0.556233
logreg_balanced_ratio_preserved_noise_mcc_selected_v1,logistic_regression_class_weight_balanced,logistic_regression,C,60/40,5,random_flip_20,test,50/50,test,10.000000,True,1698,48,5.338355,42,21,21,0.666667,0.666667,0.684211,0.619048,0.650000,0.334855,15,6,8,13,0.746032,0.749462,0.749462
logreg_balanced_ratio_preserved_noise_mcc_selected_v1,logistic_regression_class_weight_balanced,logistic_regression,C,60/40,5,random_flip_20,test,60/40,test,10.000000,True,1698,48,5.431001,53,21,32,0.754717,0.731399,0.722222,0.619048,0.666667,0.477975,27,5,8,13,0.796131,0.754256,0.754256
logreg_balanced_ratio_preserved_noise_mcc_selected_v1,logistic_regression_class_weight_balanced,logistic_regression,C,60/40,5,random_flip_20,test,70/30,test,10.000000,True,1698,48,5.512442,70,21,49,0.785714,0.738095,0.650000,0.619048,0.634146,0.483046,42,7,8,13,0.815355,0.701178,0.701178
logreg_balanced_ratio_preserved_noise_mcc_selected_v1,logistic_regression_class_weight_balanced,logistic_regression,C,60/40,5,random_flip_20,test,75/25,test,10.000000,True,1698,48,5.604060,84,21,63,0.773810,0.722222,0.541667,0.619048,0.577778,0.426006,52,11,8,13,0.801209,0.634679,0.634679
logreg_balanced_ratio_preserved_noise_mcc_selected_v1,logistic_regression_class_weight_balanced,logistic_regression,C,60/40,5,random_flip_20,test,80/20,test,10.000000,True,1698,48,5.749649,105,21,84,0.752381,0.702381,0.419355,0.619048,0.500000,0.354938,66,18,8,13,0.797619,0.562653,0.562653
logreg_balanced_ratio_preserved_noise_mcc_selected_v1,logistic_regression_class_weight_balanced,logistic_regression,C,60/40,5,random_flip_20,test,90/10,test,10.000000,True,1698,48,6.020339,210,21,189,0.776190,0.706349,0.250000,0.619048,0.356164,0.286842,150,39,8,13,0.799446,0.443785,0.443785
logreg_balanced_ratio_preserved_noise_mcc_selected_v1,logistic_regression_class_weight_balanced,logistic_regression,C,60/40,5,random_fp_10,validation_grid,60/40,valid,0.100000,True,2124,48,5.053019,48,19,29,0.645833,0.670599,0.535714,0.789474,0.638298,0.338445,16,13,4,15,0.769510,0.663380,0.663380
logreg_balanced_ratio_preserved_noise_mcc_selected_v1,logistic_regression_class_weight_balanced,logistic_regression,C,60/40,5,random_fp_10,validation_grid,60/40,valid,1.000000,False,2124,48,5.165131,48,19,29,0.645833,0.670599,0.535714,0.789474,0.638298,0.338445,16,13,4,15,0.784029,0.712380,0.712380
logreg_balanced_ratio_preserved_noise_mcc_selected_v1,logistic_regression_class_weight_balanced,logistic_regression,C,60/40,5,random_fp_10,validation_grid,60/40,valid,10.000000,False,2124,48,5.337184,48,19,29,0.645833,0.661525,0.538462,0.736842,0.622222,0.317063,17,12,5,14,0.798548,0.739133,0.739133
logreg_balanced_ratio_preserved_noise_mcc_selected_v1,logistic_regression_class_weight_balanced,logistic_regression,C,60/40,5,random_fp_10,test,50/50,test,0.100000,True,2124,48,5.422303,42,21,21,0.809524,0.809524,0.809524,0.809524,0.809524,0.619048,17,4,4,17,0.848073,0.857787,0.857787
logreg_balanced_ratio_preserved_noise_mcc_selected_v1,logistic_regression_class_weight_balanced,logistic_regression,C,60/40,5,random_fp_10,test,60/40,test,0.100000,True,2124,48,5.506924,53,21,32,0.754717,0.764137,0.653846,0.809524,0.723404,0.516863,23,9,4,17,0.849702,0.726179,0.726179
logreg_balanced_ratio_preserved_noise_mcc_selected_v1,logistic_regression_class_weight_balanced,logistic_regression,C,60/40,5,random_fp_10,test,70/30,test,0.100000,True,2124,48,5.601093,70,21,49,0.742857,0.761905,0.548387,0.809524,0.653846,0.483246,35,14,4,17,0.896016,0.791780,0.791780
logreg_balanced_ratio_preserved_noise_mcc_selected_v1,logistic_regression_class_weight_balanced,logistic_regression,C,60/40,5,random_fp_10,test,75/25,test,0.100000,True,2124,48,5.704443,84,21,63,0.845238,0.833333,0.653846,0.809524,0.723404,0.624436,54,9,4,17,0.911565,0.722086,0.722086
logreg_balanced_ratio_preserved_noise_mcc_selected_v1,logistic_regression_class_weight_balanced,logistic_regression,C,60/40,5,random_fp_10,test,80/20,test,0.100000,True,2124,48,5.845054,105,21,84,0.723810,0.755952,0.404762,0.809524,0.539683,0.417968,59,25,4,17,0.849773,0.567609,0.567609
logreg_balanced_ratio_preserved_noise_mcc_selected_v1,logistic_regression_class_weight_balanced,logistic_regression,C,60/40,5,random_fp_10,test,90/10,test,0.100000,True,2124,48,6.100450,210,21,189,0.766667,0.785714,0.274194,0.809524,0.409639,0.375816,144,45,4,17,0.890401,0.489158,0.489158
logreg_balanced_ratio_preserved_noise_mcc_selected_v1,logistic_regression_class_weight_balanced,logistic_regression,C,60/40,5,random_fp_20,validation_grid,60/40,valid,0.100000,False,2549,48,5.613452,48,19,29,0.625000,0.653358,0.517241,0.789474,0.625000,0.306715,15,14,4,15,0.718693,0.609587,0.609587
logreg_balanced_ratio_preserved_noise_mcc_selected_v1,logistic_regression_class_weight_balanced,logistic_regression,C,60/40,5,random_fp_20,validation_grid,60/40,valid,1.000000,True,2549,48,5.787776,48,19,29,0.645833,0.670599,0.535714,0.789474,0.638298,0.338445,16,13,4,15,0.698730,0.622407,0.622407
logreg_balanced_ratio_preserved_noise_mcc_selected_v1,logistic_regression_class_weight_balanced,logistic_regression,C,60/40,5,random_fp_20,validation_grid,60/40,valid,10.000000,False,2549,48,6.044975,48,19,29,0.625000,0.644283,0.518519,0.736842,0.608696,0.284466,16,13,5,14,0.686025,0.593371,0.593371
logreg_balanced_ratio_preserved_noise_mcc_selected_v1,logistic_regression_class_weight_balanced,logistic_regression,C,60/40,5,random_fp_20,test,50/50,test,1.000000,True,2549,48,6.120312,42,21,21,0.785714,0.785714,0.750000,0.857143,0.800000,0.577350,15,6,3,18,0.859410,0.838907,0.838907
logreg_balanced_ratio_preserved_noise_mcc_selected_v1,logistic_regression_class_weight_balanced,logistic_regression,C,60/40,5,random_fp_20,test,60/40,test,1.000000,True,2549,48,6.202507,53,21,32,0.754717,0.772321,0.642857,0.857143,0.734694,0.533639,22,10,3,18,0.855655,0.780123,0.780123
logreg_balanced_ratio_preserved_noise_mcc_selected_v1,logistic_regression_class_weight_balanced,logistic_regression,C,60/40,5,random_fp_20,test,70/30,test,1.000000,True,2549,48,6.294125,70,21,49,0.828571,0.836735,0.666667,0.857143,0.750000,0.634029,40,9,3,18,0.913508,0.771998,0.771998
logreg_balanced_ratio_preserved_noise_mcc_selected_v1,logistic_regression_class_weight_balanced,logistic_regression,C,60/40,5,random_fp_20,test,75/25,test,1.000000,True,2549,48,6.384514,84,21,63,0.821429,0.833333,0.600000,0.857143,0.705882,0.602464,51,12,3,18,0.925170,0.804335,0.804335
logreg_balanced_ratio_preserved_noise_mcc_selected_v1,logistic_regression_class_weight_balanced,logistic_regression,C,60/40,5,random_fp_20,test,80/20,test,1.000000,True,2549,48,6.517515,105,21,84,0.752381,0.791667,0.439024,0.857143,0.580645,0.478282,61,23,3,18,0.859410,0.579713,0.579713
logreg_balanced_ratio_preserved_noise_mcc_selected_v1,logistic_regression_class_weight_balanced,logistic_regression,C,60/40,5,random_fp_20,test,90/10,test,1.000000,True,2549,48,6.757654,210,21,189,0.742857,0.793651,0.260870,0.857143,0.400000,0.375118,138,51,3,18,0.900479,0.578090,0.578090
logreg_balanced_ratio_preserved_noise_mcc_selected_v1,logistic_regression_class_weight_balanced,logistic_regression,C,60/40,5,heuristic_fp_10,validation_grid,60/40,valid,0.100000,False,2124,48,4.991191,48,19,29,0.625000,0.653358,0.517241,0.789474,0.625000,0.306715,15,14,4,15,0.744102,0.632896,0.632896
logreg_balanced_ratio_preserved_noise_mcc_selected_v1,logistic_regression_class_weight_balanced,logistic_regression,C,60/40,5,heuristic_fp_10,validation_grid,60/40,valid,1.000000,True,2124,48,5.076202,48,19,29,0.645833,0.670599,0.535714,0.789474,0.638298,0.338445,16,13,4,15,0.724138,0.626326,0.626326
logreg_balanced_ratio_preserved_noise_mcc_selected_v1,logistic_regression_class_weight_balanced,logistic_regression,C,60/40,5,heuristic_fp_10,validation_grid,60/40,valid,10.000000,False,2124,48,5.236870,48,19,29,0.645833,0.670599,0.535714,0.789474,0.638298,0.338445,16,13,4,15,0.742287,0.679384,0.679384
logreg_balanced_ratio_preserved_noise_mcc_selected_v1,logistic_regression_class_weight_balanced,logistic_regression,C,60/40,5,heuristic_fp_10,test,50/50,test,1.000000,True,2124,48,5.338074,42,21,21,0.809524,0.809524,0.782609,0.857143,0.818182,0.621874,16,5,3,18,0.875283,0.865408,0.865408
logreg_balanced_ratio_preserved_noise_mcc_selected_v1,logistic_regression_class_weight_balanced,logistic_regression,C,60/40,5,heuristic_fp_10,test,60/40,test,1.000000,True,2124,48,5.446378,53,21,32,0.792453,0.803571,0.692308,0.857143,0.765957,0.594028,24,8,3,18,0.877976,0.813339,0.813339
logreg_balanced_ratio_preserved_noise_mcc_selected_v1,logistic_regression_class_weight_balanced,logistic_regression,C,60/40,5,heuristic_fp_10,test,70/30,test,1.000000,True,2124,48,5.544079,70,21,49,0.814286,0.826531,0.642857,0.857143,0.734694,0.610883,39,10,3,18,0.874636,0.730643,0.730643
logreg_balanced_ratio_preserved_noise_mcc_selected_v1,logistic_regression_class_weight_balanced,logistic_regression,C,60/40,5,heuristic_fp_10,test,75/25,test,1.000000,True,2124,48,5.668738,84,21,63,0.857143,0.857143,0.666667,0.857143,0.750000,0.662266,54,9,3,18,0.915344,0.707120,0.707120
logreg_balanced_ratio_preserved_noise_mcc_selected_v1,logistic_regression_class_weight_balanced,logistic_regression,C,60/40,5,heuristic_fp_10,test,80/20,test,1.000000,True,2124,48,5.825235,105,21,84,0.761905,0.797619,0.450000,0.857143,0.590164,0.490290,62,22,3,18,0.856576,0.583320,0.583320
logreg_balanced_ratio_preserved_noise_mcc_selected_v1,logistic_regression_class_weight_balanced,logistic_regression,C,60/40,5,heuristic_fp_10,test,90/10,test,1.000000,True,2124,48,6.081793,210,21,189,0.771429,0.809524,0.285714,0.857143,0.428571,0.405262,144,45,3,18,0.888385,0.541811,0.541811
logreg_balanced_ratio_preserved_noise_mcc_selected_v1,logistic_regression_class_weight_balanced,logistic_regression,C,60/40,5,heuristic_fp_20,validation_grid,60/40,valid,0.100000,False,2549,48,5.663270,48,19,29,0.625000,0.653358,0.517241,0.789474,0.625000,0.306715,15,14,4,15,0.756806,0.644047,0.644047
logreg_balanced_ratio_preserved_noise_mcc_selected_v1,logistic_regression_class_weight_balanced,logistic_regression,C,60/40,5,heuristic_fp_20,validation_grid,60/40,valid,1.000000,False,2549,48,5.835597,48,19,29,0.604167,0.636116,0.500000,0.789474,0.612245,0.274991,14,15,4,15,0.736842,0.639887,0.639887
logreg_balanced_ratio_preserved_noise_mcc_selected_v1,logistic_regression_class_weight_balanced,logistic_regression,C,60/40,5,heuristic_fp_20,validation_grid,60/40,valid,10.000000,True,2549,48,6.112894,48,19,29,0.666667,0.687840,0.555556,0.789474,0.652174,0.370342,17,12,4,15,0.751361,0.674873,0.674873
logreg_balanced_ratio_preserved_noise_mcc_selected_v1,logistic_regression_class_weight_balanced,logistic_regression,C,60/40,5,heuristic_fp_20,test,50/50,test,10.000000,True,2549,48,6.188747,42,21,21,0.738095,0.738095,0.708333,0.809524,0.755556,0.481125,14,7,4,17,0.843537,0.827054,0.827054
logreg_balanced_ratio_preserved_noise_mcc_selected_v1,logistic_regression_class_weight_balanced,logistic_regression,C,60/40,5,heuristic_fp_20,test,60/40,test,10.000000,True,2549,48,6.279172,53,21,32,0.811321,0.811012,0.739130,0.809524,0.772727,0.613857,26,6,4,17,0.883929,0.846014,0.846014
logreg_balanced_ratio_preserved_noise_mcc_selected_v1,logistic_regression_class_weight_balanced,logistic_regression,C,60/40,5,heuristic_fp_20,test,70/30,test,10.000000,True,2549,48,6.369827,70,21,49,0.757143,0.772109,0.566667,0.809524,0.666667,0.503953,36,13,4,17,0.892128,0.769819,0.769819
logreg_balanced_ratio_preserved_noise_mcc_selected_v1,logistic_regression_class_weight_balanced,logistic_regression,C,60/40,5,heuristic_fp_20,test,75/25,test,10.000000,True,2549,48,6.460598,84,21,63,0.821429,0.817460,0.607143,0.809524,0.693878,0.583212,52,11,4,17,0.903250,0.643030,0.643030
logreg_balanced_ratio_preserved_noise_mcc_selected_v1,logistic_regression_class_weight_balanced,logistic_regression,C,60/40,5,heuristic_fp_20,test,80/20,test,10.000000,True,2549,48,6.600185,105,21,84,0.771429,0.785714,0.459459,0.809524,0.586207,0.478471,64,20,4,17,0.891723,0.645386,0.645386
logreg_balanced_ratio_preserved_noise_mcc_selected_v1,logistic_regression_class_weight_balanced,logistic_regression,C,60/40,5,heuristic_fp_20,test,90/10,test,10.000000,True,2549,48,6.854709,210,21,189,0.761905,0.783069,0.269841,0.809524,0.404762,0.370624,143,46,4,17,0.888385,0.567055,0.567055
logreg_balanced_ratio_preserved_noise_mcc_selected_v1,logistic_regression_class_weight_balanced,logistic_regression,C,70/30,1,clean,validation_grid,70/30,valid,0.100000,True,2264,64,5.652329,64,19,45,0.812500,0.805848,0.652174,0.789474,0.714286,0.582456,37,8,4,15,0.821053,0.616753,0.616753
logreg_balanced_ratio_preserved_noise_mcc_selected_v1,logistic_regression_class_weight_balanced,logistic_regression,C,70/30,1,clean,validation_grid,70/30,valid,1.000000,False,2264,64,5.767427,64,19,45,0.812500,0.790643,0.666667,0.736842,0.700000,0.565626,38,7,5,14,0.811696,0.618896,0.618896
logreg_balanced_ratio_preserved_noise_mcc_selected_v1,logistic_regression_class_weight_balanced,logistic_regression,C,70/30,1,clean,validation_grid,70/30,valid,10.000000,False,2264,64,5.987914,64,19,45,0.796875,0.779532,0.636364,0.736842,0.682927,0.537785,37,8,5,14,0.810526,0.686459,0.686459
logreg_balanced_ratio_preserved_noise_mcc_selected_v1,logistic_regression_class_weight_balanced,logistic_regression,C,70/30,1,clean,test,50/50,test,0.100000,True,2264,64,6.072941,42,21,21,0.809524,0.809524,0.809524,0.809524,0.809524,0.619048,17,4,4,17,0.843537,0.852132,0.852132
logreg_balanced_ratio_preserved_noise_mcc_selected_v1,logistic_regression_class_weight_balanced,logistic_regression,C,70/30,1,clean,test,60/40,test,0.100000,True,2264,64,6.176816,53,21,32,0.792453,0.795387,0.708333,0.809524,0.755556,0.580499,25,7,4,17,0.858631,0.843596,0.843596
logreg_balanced_ratio_preserved_noise_mcc_selected_v1,logistic_regression_class_weight_balanced,logistic_regression,C,70/30,1,clean,test,70/30,test,0.100000,True,2264,64,6.264320,70,21,49,0.885714,0.863946,0.809524,0.809524,0.809524,0.727891,45,4,4,17,0.906706,0.874434,0.874434
logreg_balanced_ratio_preserved_noise_mcc_selected_v1,logistic_regression_class_weight_balanced,logistic_regression,C,70/30,1,clean,test,75/25,test,0.100000,True,2264,64,6.354856,84,21,63,0.904762,0.873016,0.809524,0.809524,0.809524,0.746032,59,4,4,17,0.905518,0.833892,0.833892
logreg_balanced_ratio_preserved_noise_mcc_selected_v1,logistic_regression_class_weight_balanced,logistic_regression,C,70/30,1,clean,test,80/20,test,0.100000,True,2264,64,6.465189,105,21,84,0.780952,0.791667,0.472222,0.809524,0.596491,0.491576,65,19,4,17,0.846372,0.533442,0.533442
logreg_balanced_ratio_preserved_noise_mcc_selected_v1,logistic_regression_class_weight_balanced,logistic_regression,C,70/30,1,clean,test,90/10,test,0.100000,True,2264,64,6.660949,210,21,189,0.766667,0.785714,0.274194,0.809524,0.409639,0.375816,144,45,4,17,0.857143,0.436392,0.436392
logreg_balanced_ratio_preserved_noise_mcc_selected_v1,logistic_regression_class_weight_balanced,logistic_regression,C,70/30,1,random_flip_10,validation_grid,70/30,valid,0.100000,True,2264,64,5.620549,64,19,45,0.812500,0.805848,0.652174,0.789474,0.714286,0.582456,37,8,4,15,0.823392,0.598091,0.598091
logreg_balanced_ratio_preserved_noise_mcc_selected_v1,logistic_regression_class_weight_balanced,logistic_regression,C,70/30,1,random_flip_10,validation_grid,70/30,valid,1.000000,False,2264,64,5.733080,64,19,45,0.812500,0.805848,0.652174,0.789474,0.714286,0.582456,37,8,4,15,0.816374,0.604750,0.604750
logreg_balanced_ratio_preserved_noise_mcc_selected_v1,logistic_regression_class_weight_balanced,logistic_regression,C,70/30,1,random_flip_10,validation_grid,70/30,valid,10.000000,False,2264,64,5.991951,64,19,45,0.750000,0.700585,0.578947,0.578947,0.578947,0.401170,37,8,8,11,0.800000,0.691765,0.691765
logreg_balanced_ratio_preserved_noise_mcc_selected_v1,logistic_regression_class_weight_balanced,logistic_regression,C,70/30,1,random_flip_10,test,50/50,test,0.100000,True,2264,64,6.067471,42,21,21,0.809524,0.809524,0.809524,0.809524,0.809524,0.619048,17,4,4,17,0.843537,0.852940,0.852940
logreg_balanced_ratio_preserved_noise_mcc_selected_v1,logistic_regression_class_weight_balanced,logistic_regression,C,70/30,1,random_flip_10,test,60/40,test,0.100000,True,2264,64,6.149525,53,21,32,0.773585,0.779762,0.680000,0.809524,0.739130,0.548219,24,8,4,17,0.846726,0.830106,0.830106
logreg_balanced_ratio_preserved_noise_mcc_selected_v1,logistic_regression_class_weight_balanced,logistic_regression,C,70/30,1,random_flip_10,test,70/30,test,0.100000,True,2264,64,6.241945,70,21,49,0.871429,0.853741,0.772727,0.809524,0.790698,0.698380,44,5,4,17,0.904762,0.883634,0.883634
logreg_balanced_ratio_preserved_noise_mcc_selected_v1,logistic_regression_class_weight_balanced,logistic_regression,C,70/30,1,random_flip_10,test,75/25,test,0.100000,True,2264,64,6.338623,84,21,63,0.880952,0.857143,0.739130,0.809524,0.772727,0.693622,57,6,4,17,0.900983,0.842721,0.842721
logreg_balanced_ratio_preserved_noise_mcc_selected_v1,logistic_regression_class_weight_balanced,logistic_regression,C,70/30,1,random_flip_10,test,80/20,test,0.100000,True,2264,64,6.451578,105,21,84,0.780952,0.791667,0.472222,0.809524,0.596491,0.491576,65,19,4,17,0.837302,0.539688,0.539688
logreg_balanced_ratio_preserved_noise_mcc_selected_v1,logistic_regression_class_weight_balanced,logistic_regression,C,70/30,1,random_flip_10,test,90/10,test,0.100000,True,2264,64,6.661578,210,21,189,0.757143,0.780423,0.265625,0.809524,0.400000,0.365526,142,47,4,17,0.848828,0.432846,0.432846
logreg_balanced_ratio_preserved_noise_mcc_selected_v1,logistic_regression_class_weight_balanced,logistic_regression,C,70/30,1,random_flip_20,validation_grid,70/30,valid,0.100000,True,2264,64,5.567337,64,19,45,0.765625,0.772515,0.576923,0.789474,0.666667,0.507019,34,11,4,15,0.790643,0.626805,0.626805
logreg_balanced_ratio_preserved_noise_mcc_selected_v1,logistic_regression_class_weight_balanced,logistic_regression,C,70/30,1,random_flip_20,validation_grid,70/30,valid,1.000000,False,2264,64,5.676624,64,19,45,0.734375,0.750292,0.535714,0.789474,0.638298,0.461031,32,13,4,15,0.770760,0.633097,0.633097
logreg_balanced_ratio_preserved_noise_mcc_selected_v1,logistic_regression_class_weight_balanced,logistic_regression,C,70/30,1,random_flip_20,validation_grid,70/30,valid,10.000000,False,2264,64,5.948484,64,19,45,0.734375,0.719883,0.541667,0.684211,0.604651,0.415020,34,11,6,13,0.743860,0.594794,0.594794
logreg_balanced_ratio_preserved_noise_mcc_selected_v1,logistic_regression_class_weight_balanced,logistic_regression,C,70/30,1,random_flip_20,test,50/50,test,0.100000,True,2264,64,6.034862,42,21,21,0.761905,0.761905,0.761905,0.761905,0.761905,0.523810,16,5,5,16,0.857143,0.838241,0.838241
logreg_balanced_ratio_preserved_noise_mcc_selected_v1,logistic_regression_class_weight_balanced,logistic_regression,C,70/30,1,random_flip_20,test,60/40,test,0.100000,True,2264,64,6.142098,53,21,32,0.735849,0.740327,0.640000,0.761905,0.695652,0.470944,23,9,5,16,0.875000,0.843922,0.843922
logreg_balanced_ratio_preserved_noise_mcc_selected_v1,logistic_regression_class_weight_balanced,logistic_regression,C,70/30,1,random_flip_20,test,70/30,test,0.100000,True,2264,64,6.238547,70,21,49,0.857143,0.829932,0.761905,0.761905,0.761905,0.659864,44,5,5,16,0.934888,0.874414,0.874414
logreg_balanced_ratio_preserved_noise_mcc_selected_v1,logistic_regression_class_weight_balanced,logistic_regression,C,70/30,1,random_flip_20,test,75/25,test,0.100000,True,2264,64,6.342974,84,21,63,0.821429,0.801587,0.615385,0.761905,0.680851,0.564966,53,10,5,16,0.924414,0.837184,0.837184
logreg_balanced_ratio_preserved_noise_mcc_selected_v1,logistic_regression_class_weight_balanced,logistic_regression,C,70/30,1,random_flip_20,test,80/20,test,0.100000,True,2264,64,6.468887,105,21,84,0.761905,0.761905,0.444444,0.761905,0.561404,0.441415,64,20,5,16,0.848639,0.550957,0.550957
logreg_balanced_ratio_preserved_noise_mcc_selected_v1,logistic_regression_class_weight_balanced,logistic_regression,C,70/30,1,random_flip_20,test,90/10,test,0.100000,True,2264,64,6.696196,210,21,189,0.757143,0.759259,0.258065,0.761905,0.385542,0.341019,143,46,5,16,0.868229,0.538560,0.538560
logreg_balanced_ratio_preserved_noise_mcc_selected_v1,logistic_regression_class_weight_balanced,logistic_regression,C,70/30,1,random_fp_10,validation_grid,70/30,valid,0.100000,True,3021,64,6.420605,64,19,45,0.765625,0.772515,0.576923,0.789474,0.666667,0.507019,34,11,4,15,0.817544,0.604354,0.604354
logreg_balanced_ratio_preserved_noise_mcc_selected_v1,logistic_regression_class_weight_balanced,logistic_regression,C,70/30,1,random_fp_10,validation_grid,70/30,valid,1.000000,False,3021,64,6.548958,64,19,45,0.703125,0.712865,0.500000,0.736842,0.595745,0.392092,31,14,5,14,0.794152,0.616789,0.616789
logreg_balanced_ratio_preserved_noise_mcc_selected_v1,logistic_regression_class_weight_balanced,logistic_regression,C,70/30,1,random_fp_10,validation_grid,70/30,valid,10.000000,False,3021,64,6.837925,64,19,45,0.703125,0.712865,0.500000,0.736842,0.595745,0.392092,31,14,5,14,0.771930,0.621975,0.621975
logreg_balanced_ratio_preserved_noise_mcc_selected_v1,logistic_regression_class_weight_balanced,logistic_regression,C,70/30,1,random_fp_10,test,50/50,test,0.100000,True,3021,64,6.924547,42,21,21,0.785714,0.785714,0.772727,0.809524,0.790698,0.572078,16,5,4,17,0.839002,0.840310,0.840310
logreg_balanced_ratio_preserved_noise_mcc_selected_v1,logistic_regression_class_weight_balanced,logistic_regression,C,70/30,1,random_fp_10,test,60/40,test,0.100000,True,3021,64,7.018457,53,21,32,0.716981,0.732887,0.607143,0.809524,0.693878,0.456363,21,11,4,17,0.857143,0.842775,0.842775
logreg_balanced_ratio_preserved_noise_mcc_selected_v1,logistic_regression_class_weight_balanced,logistic_regression,C,70/30,1,random_fp_10,test,70/30,test,0.100000,True,3021,64,7.120366,70,21,49,0.842857,0.833333,0.708333,0.809524,0.755556,0.643623,42,7,4,17,0.899903,0.850824,0.850824
logreg_balanced_ratio_preserved_noise_mcc_selected_v1,logistic_regression_class_weight_balanced,logistic_regression,C,70/30,1,random_fp_10,test,75/25,test,0.100000,True,3021,64,7.214693,84,21,63,0.869048,0.849206,0.708333,0.809524,0.755556,0.669439,56,7,4,17,0.904006,0.831347,0.831347
logreg_balanced_ratio_preserved_noise_mcc_selected_v1,logistic_regression_class_weight_balanced,logistic_regression,C,70/30,1,random_fp_10,test,80/20,test,0.100000,True,3021,64,7.342316,105,21,84,0.742857,0.767857,0.425000,0.809524,0.557377,0.441261,61,23,4,17,0.836168,0.488402,0.488402
logreg_balanced_ratio_preserved_noise_mcc_selected_v1,logistic_regression_class_weight_balanced,logistic_regression,C,70/30,1,random_fp_10,test,90/10,test,0.100000,True,3021,64,7.561049,210,21,189,0.742857,0.772487,0.253731,0.809524,0.386364,0.350760,139,50,4,17,0.846309,0.456641,0.456641
logreg_balanced_ratio_preserved_noise_mcc_selected_v1,logistic_regression_class_weight_balanced,logistic_regression,C,70/30,1,random_fp_20,validation_grid,70/30,valid,0.100000,True,3775,64,7.556203,64,19,45,0.765625,0.787719,0.571429,0.842105,0.680851,0.529971,33,12,3,16,0.845614,0.646468,0.646468
logreg_balanced_ratio_preserved_noise_mcc_selected_v1,logistic_regression_class_weight_balanced,logistic_regression,C,70/30,1,random_fp_20,validation_grid,70/30,valid,1.000000,False,3775,64,7.738039,64,19,45,0.765625,0.787719,0.571429,0.842105,0.680851,0.529971,33,12,3,16,0.849123,0.723410,0.723410
logreg_balanced_ratio_preserved_noise_mcc_selected_v1,logistic_regression_class_weight_balanced,logistic_regression,C,70/30,1,random_fp_20,validation_grid,70/30,valid,10.000000,False,3775,64,8.113288,64,19,45,0.750000,0.776608,0.551724,0.842105,0.666667,0.507744,32,13,3,16,0.852632,0.773245,0.773245
logreg_balanced_ratio_preserved_noise_mcc_selected_v1,logistic_regression_class_weight_balanced,logistic_regression,C,70/30,1,random_fp_20,test,50/50,test,0.100000,True,3775,64,8.191645,42,21,21,0.833333,0.833333,0.818182,0.857143,0.837209,0.667424,17,4,3,18,0.884354,0.891783,0.891783
logreg_balanced_ratio_preserved_noise_mcc_selected_v1,logistic_regression_class_weight_balanced,logistic_regression,C,70/30,1,random_fp_20,test,60/40,test,0.100000,True,3775,64,8.270180,53,21,32,0.735849,0.756696,0.620690,0.857143,0.720000,0.504464,21,11,3,18,0.869048,0.852411,0.852411
logreg_balanced_ratio_preserved_noise_mcc_selected_v1,logistic_regression_class_weight_balanced,logistic_regression,C,70/30,1,random_fp_20,test,70/30,test,0.100000,True,3775,64,8.355371,70,21,49,0.842857,0.846939,0.692308,0.857143,0.765957,0.658078,41,8,3,18,0.912536,0.868859,0.868859
logreg_balanced_ratio_preserved_noise_mcc_selected_v1,logistic_regression_class_weight_balanced,logistic_regression,C,70/30,1,random_fp_20,test,75/25,test,0.100000,True,3775,64,8.442592,84,21,63,0.833333,0.841270,0.620690,0.857143,0.720000,0.621624,52,11,3,18,0.909297,0.843723,0.843723
logreg_balanced_ratio_preserved_noise_mcc_selected_v1,logistic_regression_class_weight_balanced,logistic_regression,C,70/30,1,random_fp_20,test,80/20,test,0.100000,True,3775,64,8.570313,105,21,84,0.761905,0.797619,0.450000,0.857143,0.590164,0.490290,62,22,3,18,0.838435,0.517219,0.517219
logreg_balanced_ratio_preserved_noise_mcc_selected_v1,logistic_regression_class_weight_balanced,logistic_regression,C,70/30,1,random_fp_20,test,90/10,test,0.100000,True,3775,64,8.803226,210,21,189,0.690476,0.764550,0.225000,0.857143,0.356436,0.326860,127,62,3,18,0.856891,0.444950,0.444950
logreg_balanced_ratio_preserved_noise_mcc_selected_v1,logistic_regression_class_weight_balanced,logistic_regression,C,70/30,1,heuristic_fp_10,validation_grid,70/30,valid,0.100000,False,3021,64,6.423695,64,19,45,0.812500,0.805848,0.652174,0.789474,0.714286,0.582456,37,8,4,15,0.837427,0.639897,0.639897
logreg_balanced_ratio_preserved_noise_mcc_selected_v1,logistic_regression_class_weight_balanced,logistic_regression,C,70/30,1,heuristic_fp_10,validation_grid,70/30,valid,1.000000,False,3021,64,6.585213,64,19,45,0.765625,0.772515,0.576923,0.789474,0.666667,0.507019,34,11,4,15,0.853801,0.686685,0.686685
logreg_balanced_ratio_preserved_noise_mcc_selected_v1,logistic_regression_class_weight_balanced,logistic_regression,C,70/30,1,heuristic_fp_10,validation_grid,70/30,valid,10.000000,True,3021,64,6.907210,64,19,45,0.812500,0.821053,0.640000,0.842105,0.727273,0.601294,36,9,3,16,0.861988,0.724738,0.724738
logreg_balanced_ratio_preserved_noise_mcc_selected_v1,logistic_regression_class_weight_balanced,logistic_regression,C,70/30,1,heuristic_fp_10,test,50/50,test,10.000000,True,3021,64,7.001799,42,21,21,0.809524,0.809524,0.809524,0.809524,0.809524,0.619048,17,4,4,17,0.891156,0.897174,0.897174
logreg_balanced_ratio_preserved_noise_mcc_selected_v1,logistic_regression_class_weight_balanced,logistic_regression,C,70/30,1,heuristic_fp_10,test,60/40,test,10.000000,True,3021,64,7.120611,53,21,32,0.792453,0.795387,0.708333,0.809524,0.755556,0.580499,25,7,4,17,0.882440,0.812241,0.812241
logreg_balanced_ratio_preserved_noise_mcc_selected_v1,logistic_regression_class_weight_balanced,logistic_regression,C,70/30,1,heuristic_fp_10,test,70/30,test,10.000000,True,3021,64,7.202341,70,21,49,0.914286,0.884354,0.894737,0.809524,0.850000,0.792149,47,2,4,17,0.922255,0.873763,0.873763
logreg_balanced_ratio_preserved_noise_mcc_selected_v1,logistic_regression_class_weight_balanced,logistic_regression,C,70/30,1,heuristic_fp_10,test,75/25,test,10.000000,True,3021,64,7.290631,84,21,63,0.833333,0.825397,0.629630,0.809524,0.708333,0.603398,53,10,4,17,0.925170,0.873830,0.873830
logreg_balanced_ratio_preserved_noise_mcc_selected_v1,logistic_regression_class_weight_balanced,logistic_regression,C,70/30,1,heuristic_fp_10,test,80/20,test,10.000000,True,3021,64,7.409427,105,21,84,0.809524,0.809524,0.515152,0.809524,0.629630,0.533396,68,16,4,17,0.885488,0.701593,0.701593
logreg_balanced_ratio_preserved_noise_mcc_selected_v1,logistic_regression_class_weight_balanced,logistic_regression,C,70/30,1,heuristic_fp_10,test,90/10,test,10.000000,True,3021,64,7.625420,210,21,189,0.814286,0.812169,0.326923,0.809524,0.465753,0.433941,154,35,4,17,0.879063,0.429450,0.429450
logreg_balanced_ratio_preserved_noise_mcc_selected_v1,logistic_regression_class_weight_balanced,logistic_regression,C,70/30,1,heuristic_fp_20,validation_grid,70/30,valid,0.100000,False,3775,64,7.948962,64,19,45,0.796875,0.794737,0.625000,0.789474,0.697674,0.556304,36,9,4,15,0.839766,0.659849,0.659849
logreg_balanced_ratio_preserved_noise_mcc_selected_v1,logistic_regression_class_weight_balanced,logistic_regression,C,70/30,1,heuristic_fp_20,validation_grid,70/30,valid,1.000000,False,3775,64,8.178722,64,19,45,0.750000,0.761404,0.555556,0.789474,0.652174,0.483662,33,12,4,15,0.851462,0.695262,0.695262
logreg_balanced_ratio_preserved_noise_mcc_selected_v1,logistic_regression_class_weight_balanced,logistic_regression,C,70/30,1,heuristic_fp_20,validation_grid,70/30,valid,10.000000,True,3775,64,8.600976,64,19,45,0.796875,0.809942,0.615385,0.842105,0.711111,0.576653,35,10,3,16,0.852632,0.728216,0.728216
logreg_balanced_ratio_preserved_noise_mcc_selected_v1,logistic_regression_class_weight_balanced,logistic_regression,C,70/30,1,heuristic_fp_20,test,50/50,test,10.000000,True,3775,64,8.669872,42,21,21,0.785714,0.785714,0.772727,0.809524,0.790698,0.572078,16,5,4,17,0.911565,0.930309,0.930309
logreg_balanced_ratio_preserved_noise_mcc_selected_v1,logistic_regression_class_weight_balanced,logistic_regression,C,70/30,1,heuristic_fp_20,test,60/40,test,10.000000,True,3775,64,8.747468,53,21,32,0.754717,0.764137,0.653846,0.809524,0.723404,0.516863,23,9,4,17,0.845238,0.765746,0.765746
logreg_balanced_ratio_preserved_noise_mcc_selected_v1,logistic_regression_class_weight_balanced,logistic_regression,C,70/30,1,heuristic_fp_20,test,70/30,test,10.000000,True,3775,64,8.829949,70,21,49,0.785714,0.792517,0.607143,0.809524,0.693878,0.547249,38,11,4,17,0.925170,0.880617,0.880617
logreg_balanced_ratio_preserved_noise_mcc_selected_v1,logistic_regression_class_weight_balanced,logistic_regression,C,70/30,1,heuristic_fp_20,test,75/25,test,10.000000,True,3775,64,8.927328,84,21,63,0.809524,0.809524,0.586207,0.809524,0.680000,0.563798,51,12,4,17,0.928193,0.826568,0.826568
logreg_balanced_ratio_preserved_noise_mcc_selected_v1,logistic_regression_class_weight_balanced,logistic_regression,C,70/30,1,heuristic_fp_20,test,80/20,test,10.000000,True,3775,64,9.042819,105,21,84,0.809524,0.809524,0.515152,0.809524,0.629630,0.533396,68,16,4,17,0.899660,0.699438,0.699438
logreg_balanced_ratio_preserved_noise_mcc_selected_v1,logistic_regression_class_weight_balanced,logistic_regression,C,70/30,1,heuristic_fp_20,test,90/10,test,10.000000,True,3775,64,9.246358,210,21,189,0.766667,0.785714,0.274194,0.809524,0.409639,0.375816,144,45,4,17,0.881330,0.460698,0.460698
logreg_balanced_ratio_preserved_noise_mcc_selected_v1,logistic_regression_class_weight_balanced,logistic_regression,C,70/30,2,clean,validation_grid,70/30,valid,0.100000,False,2264,64,4.976613,64,19,45,0.781250,0.783626,0.600000,0.789474,0.681818,0.531198,35,10,4,15,0.842105,0.709717,0.709717
logreg_balanced_ratio_preserved_noise_mcc_selected_v1,logistic_regression_class_weight_balanced,logistic_regression,C,70/30,2,clean,validation_grid,70/30,valid,1.000000,False,2264,64,5.081197,64,19,45,0.796875,0.809942,0.615385,0.842105,0.711111,0.576653,35,10,3,16,0.874854,0.819587,0.819587
logreg_balanced_ratio_preserved_noise_mcc_selected_v1,logistic_regression_class_weight_balanced,logistic_regression,C,70/30,2,clean,validation_grid,70/30,valid,10.000000,True,2264,64,5.302974,64,19,45,0.843750,0.843275,0.695652,0.842105,0.761905,0.653731,38,7,3,16,0.881871,0.852379,0.852379
logreg_balanced_ratio_preserved_noise_mcc_selected_v1,logistic_regression_class_weight_balanced,logistic_regression,C,70/30,2,clean,test,50/50,test,10.000000,True,2264,64,5.408371,42,21,21,0.809524,0.809524,0.882353,0.714286,0.789474,0.630593,19,2,6,15,0.861678,0.894244,0.894244
logreg_balanced_ratio_preserved_noise_mcc_selected_v1,logistic_regression_class_weight_balanced,logistic_regression,C,70/30,2,clean,test,60/40,test,10.000000,True,2264,64,5.498762,53,21,32,0.849057,0.825893,0.882353,0.714286,0.789474,0.682989,30,2,6,15,0.866071,0.863307,0.863307
logreg_balanced_ratio_preserved_noise_mcc_selected_v1,logistic_regression_class_weight_balanced,logistic_regression,C,70/30,2,clean,test,70/30,test,10.000000,True,2264,64,5.617839,70,21,49,0.800000,0.775510,0.652174,0.714286,0.681818,0.537604,41,8,6,15,0.827988,0.601675,0.601675
logreg_balanced_ratio_preserved_noise_mcc_selected_v1,logistic_regression_class_weight_balanced,logistic_regression,C,70/30,2,clean,test,75/25,test,10.000000,True,2264,64,5.725356,84,21,63,0.750000,0.738095,0.500000,0.714286,0.588235,0.430331,48,15,6,15,0.844293,0.755971,0.755971
logreg_balanced_ratio_preserved_noise_mcc_selected_v1,logistic_regression_class_weight_balanced,logistic_regression,C,70/30,2,clean,test,80/20,test,10.000000,True,2264,64,5.838362,105,21,84,0.838095,0.791667,0.576923,0.714286,0.638298,0.540587,73,11,6,15,0.866213,0.714788,0.714788
logreg_balanced_ratio_preserved_noise_mcc_selected_v1,logistic_regression_class_weight_balanced,logistic_regression,C,70/30,2,clean,test,90/10,test,10.000000,True,2264,64,6.010616,210,21,189,0.833333,0.780423,0.340909,0.714286,0.461538,0.413432,160,29,6,15,0.848325,0.467939,0.467939
logreg_balanced_ratio_preserved_noise_mcc_selected_v1,logistic_regression_class_weight_balanced,logistic_regression,C,70/30,2,random_flip_10,validation_grid,70/30,valid,0.100000,False,2264,64,4.945629,64,19,45,0.750000,0.761404,0.555556,0.789474,0.652174,0.483662,33,12,4,15,0.837427,0.694804,0.694804
logreg_balanced_ratio_preserved_noise_mcc_selected_v1,logistic_regression_class_weight_balanced,logistic_regression,C,70/30,2,random_flip_10,validation_grid,70/30,valid,1.000000,False,2264,64,5.061132,64,19,45,0.828125,0.832164,0.666667,0.842105,0.744186,0.626945,37,8,3,16,0.851462,0.776332,0.776332
logreg_balanced_ratio_preserved_noise_mcc_selected_v1,logistic_regression_class_weight_balanced,logistic_regression,C,70/30,2,random_flip_10,validation_grid,70/30,valid,10.000000,True,2264,64,5.310548,64,19,45,0.843750,0.843275,0.695652,0.842105,0.761905,0.653731,38,7,3,16,0.845614,0.781335,0.781335
logreg_balanced_ratio_preserved_noise_mcc_selected_v1,logistic_regression_class_weight_balanced,logistic_regression,C,70/30,2,random_flip_10,test,50/50,test,10.000000,True,2264,64,5.413716,42,21,21,0.785714,0.785714,0.928571,0.619048,0.742857,0.606092,20,1,8,13,0.861678,0.885615,0.885615
logreg_balanced_ratio_preserved_noise_mcc_selected_v1,logistic_regression_class_weight_balanced,logistic_regression,C,70/30,2,random_flip_10,test,60/40,test,10.000000,True,2264,64,5.498175,53,21,32,0.754717,0.731399,0.722222,0.619048,0.666667,0.477975,27,5,8,13,0.806548,0.768670,0.768670
logreg_balanced_ratio_preserved_noise_mcc_selected_v1,logistic_regression_class_weight_balanced,logistic_regression,C,70/30,2,random_flip_10,test,70/30,test,10.000000,True,2264,64,5.608451,70,21,49,0.771429,0.727891,0.619048,0.619048,0.619048,0.455782,41,8,8,13,0.799806,0.665675,0.665675
logreg_balanced_ratio_preserved_noise_mcc_selected_v1,logistic_regression_class_weight_balanced,logistic_regression,C,70/30,2,random_flip_10,test,75/25,test,10.000000,True,2264,64,5.706240,84,21,63,0.809524,0.746032,0.619048,0.619048,0.619048,0.492063,55,8,8,13,0.814059,0.734914,0.734914
logreg_balanced_ratio_preserved_noise_mcc_selected_v1,logistic_regression_class_weight_balanced,logistic_regression,C,70/30,2,random_flip_10,test,80/20,test,10.000000,True,2264,64,5.808280,105,21,84,0.790476,0.726190,0.481481,0.619048,0.541667,0.414023,70,14,8,13,0.837302,0.679385,0.679385
logreg_balanced_ratio_preserved_noise_mcc_selected_v1,logistic_regression_class_weight_balanced,logistic_regression,C,70/30,2,random_flip_10,test,90/10,test,10.000000,True,2264,64,5.983961,210,21,189,0.804762,0.722222,0.282609,0.619048,0.388060,0.322372,156,33,8,13,0.802973,0.472332,0.472332
logreg_balanced_ratio_preserved_noise_mcc_selected_v1,logistic_regression_class_weight_balanced,logistic_regression,C,70/30,2,random_flip_20,validation_grid,70/30,valid,0.100000,False,2264,64,5.300984,64,19,45,0.750000,0.761404,0.555556,0.789474,0.652174,0.483662,33,12,4,15,0.854971,0.720001,0.720001
logreg_balanced_ratio_preserved_noise_mcc_selected_v1,logistic_regression_class_weight_balanced,logistic_regression,C,70/30,2,random_flip_20,validation_grid,70/30,valid,1.000000,False,2264,64,5.417098,64,19,45,0.781250,0.768421,0.608696,0.736842,0.666667,0.511180,36,9,5,14,0.871345,0.841096,0.841096
logreg_balanced_ratio_preserved_noise_mcc_selected_v1,logistic_regression_class_weight_balanced,logistic_regression,C,70/30,2,random_flip_20,validation_grid,70/30,valid,10.000000,True,2264,64,5.698318,64,19,45,0.828125,0.801754,0.700000,0.736842,0.717949,0.594874,39,6,5,14,0.854971,0.817011,0.817011
logreg_balanced_ratio_preserved_noise_mcc_selected_v1,logistic_regression_class_weight_balanced,logistic_regression,C,70/30,2,random_flip_20,test,50/50,test,10.000000,True,2264,64,5.808453,42,21,21,0.595238,0.595238,0.642857,0.428571,0.514286,0.202031,16,5,12,9,0.621315,0.639689,0.639689
logreg_balanced_ratio_preserved_noise_mcc_selected_v1,logistic_regression_class_weight_balanced,logistic_regression,C,70/30,2,random_flip_20,test,60/40,test,10.000000,True,2264,64,5.886664,53,21,32,0.660377,0.620536,0.600000,0.428571,0.500000,0.261754,26,6,12,9,0.721726,0.626262,0.626262
logreg_balanced_ratio_preserved_noise_mcc_selected_v1,logistic_regression_class_weight_balanced,logistic_regression,C,70/30,2,random_flip_20,test,70/30,test,10.000000,True,2264,64,5.992144,70,21,49,0.628571,0.571429,0.391304,0.428571,0.409091,0.139379,35,14,12,9,0.658892,0.411807,0.411807
logreg_balanced_ratio_preserved_noise_mcc_selected_v1,logistic_regression_class_weight_balanced,logistic_regression,C,70/30,2,random_flip_20,test,75/25,test,10.000000,True,2264,64,6.086018,84,21,63,0.690476,0.603175,0.391304,0.428571,0.409091,0.200380,49,14,12,9,0.639456,0.429946,0.429946
logreg_balanced_ratio_preserved_noise_mcc_selected_v1,logistic_regression_class_weight_balanced,logistic_regression,C,70/30,2,random_flip_20,test,80/20,test,10.000000,True,2264,64,6.182156,105,21,84,0.742857,0.625000,0.375000,0.428571,0.400000,0.238145,69,15,12,9,0.730726,0.401507,0.401507
logreg_balanced_ratio_preserved_noise_mcc_selected_v1,logistic_regression_class_weight_balanced,logistic_regression,C,70/30,2,random_flip_20,test,90/10,test,10.000000,True,2264,64,6.355830,210,21,189,0.780952,0.624339,0.209302,0.428571,0.281250,0.184878,155,34,12,9,0.695389,0.188800,0.188800
logreg_balanced_ratio_preserved_noise_mcc_selected_v1,logistic_regression_class_weight_balanced,logistic_regression,C,70/30,2,random_fp_10,validation_grid,70/30,valid,0.100000,False,3021,64,6.252341,64,19,45,0.750000,0.761404,0.555556,0.789474,0.652174,0.483662,33,12,4,15,0.840936,0.681491,0.681491
logreg_balanced_ratio_preserved_noise_mcc_selected_v1,logistic_regression_class_weight_balanced,logistic_regression,C,70/30,2,random_fp_10,validation_grid,70/30,valid,1.000000,True,3021,64,6.382843,64,19,45,0.812500,0.821053,0.640000,0.842105,0.727273,0.601294,36,9,3,16,0.858480,0.791364,0.791364
logreg_balanced_ratio_preserved_noise_mcc_selected_v1,logistic_regression_class_weight_balanced,logistic_regression,C,70/30,2,random_fp_10,validation_grid,70/30,valid,10.000000,False,3021,64,6.673841,64,19,45,0.812500,0.821053,0.640000,0.842105,0.727273,0.601294,36,9,3,16,0.883041,0.843657,0.843657
logreg_balanced_ratio_preserved_noise_mcc_selected_v1,logistic_regression_class_weight_balanced,logistic_regression,C,70/30,2,random_fp_10,test,50/50,test,1.000000,True,3021,64,6.763005,42,21,21,0.857143,0.857143,0.894737,0.809524,0.850000,0.717547,19,2,4,17,0.845805,0.896399,0.896399
logreg_balanced_ratio_preserved_noise_mcc_selected_v1,logistic_regression_class_weight_balanced,logistic_regression,C,70/30,2,random_fp_10,test,60/40,test,1.000000,True,3021,64,6.841837,53,21,32,0.773585,0.779762,0.680000,0.809524,0.739130,0.548219,24,8,4,17,0.882440,0.897619,0.897619
logreg_balanced_ratio_preserved_noise_mcc_selected_v1,logistic_regression_class_weight_balanced,logistic_regression,C,70/30,2,random_fp_10,test,70/30,test,1.000000,True,3021,64,6.958972,70,21,49,0.828571,0.823129,0.680000,0.809524,0.739130,0.618070,41,8,4,17,0.816327,0.589904,0.589904
logreg_balanced_ratio_preserved_noise_mcc_selected_v1,logistic_regression_class_weight_balanced,logistic_regression,C,70/30,2,random_fp_10,test,75/25,test,1.000000,True,3021,64,7.071714,84,21,63,0.690476,0.730159,0.435897,0.809524,0.566667,0.399667,41,22,4,17,0.853364,0.777868,0.777868
logreg_balanced_ratio_preserved_noise_mcc_selected_v1,logistic_regression_class_weight_balanced,logistic_regression,C,70/30,2,random_fp_10,test,80/20,test,1.000000,True,3021,64,7.198162,105,21,84,0.780952,0.791667,0.472222,0.809524,0.596491,0.491576,65,19,4,17,0.862245,0.709504,0.709504
logreg_balanced_ratio_preserved_noise_mcc_selected_v1,logistic_regression_class_weight_balanced,logistic_regression,C,70/30,2,random_fp_10,test,90/10,test,1.000000,True,3021,64,7.417491,210,21,189,0.795238,0.801587,0.303571,0.809524,0.441558,0.409194,150,39,4,17,0.849332,0.502790,0.502790
logreg_balanced_ratio_preserved_noise_mcc_selected_v1,logistic_regression_class_weight_balanced,logistic_regression,C,70/30,2,random_fp_20,validation_grid,70/30,valid,0.100000,False,3775,64,7.608576,64,19,45,0.718750,0.739181,0.517241,0.789474,0.625000,0.439043,31,14,4,15,0.808187,0.708130,0.708130
logreg_balanced_ratio_preserved_noise_mcc_selected_v1,logistic_regression_class_weight_balanced,logistic_regression,C,70/30,2,random_fp_20,validation_grid,70/30,valid,1.000000,True,3775,64,7.800807,64,19,45,0.765625,0.772515,0.576923,0.789474,0.666667,0.507019,34,11,4,15,0.803509,0.733004,0.733004
logreg_balanced_ratio_preserved_noise_mcc_selected_v1,logistic_regression_class_weight_balanced,logistic_regression,C,70/30,2,random_fp_20,validation_grid,70/30,valid,10.000000,False,3775,64,8.176726,64,19,45,0.765625,0.772515,0.576923,0.789474,0.666667,0.507019,34,11,4,15,0.794152,0.680725,0.680725
logreg_balanced_ratio_preserved_noise_mcc_selected_v1,logistic_regression_class_weight_balanced,logistic_regression,C,70/30,2,random_fp_20,test,50/50,test,1.000000,True,3775,64,8.276793,42,21,21,0.738095,0.738095,0.727273,0.761905,0.744186,0.476731,15,6,5,16,0.850340,0.864419,0.864419
logreg_balanced_ratio_preserved_noise_mcc_selected_v1,logistic_regression_class_weight_balanced,logistic_regression,C,70/30,2,random_fp_20,test,60/40,test,1.000000,True,3775,64,8.412556,53,21,32,0.773585,0.771577,0.695652,0.761905,0.727273,0.536023,25,7,5,16,0.898810,0.874377,0.874377
logreg_balanced_ratio_preserved_noise_mcc_selected_v1,logistic_regression_class_weight_balanced,logistic_regression,C,70/30,2,random_fp_20,test,70/30,test,1.000000,True,3775,64,8.528299,70,21,49,0.757143,0.758503,0.571429,0.761905,0.653061,0.483616,37,12,5,16,0.840622,0.646899,0.646899
logreg_balanced_ratio_preserved_noise_mcc_selected_v1,logistic_regression_class_weight_balanced,logistic_regression,C,70/30,2,random_fp_20,test,75/25,test,1.000000,True,3775,64,8.636845,84,21,63,0.750000,0.753968,0.500000,0.761905,0.603774,0.452911,47,16,5,16,0.839758,0.669071,0.669071
logreg_balanced_ratio_preserved_noise_mcc_selected_v1,logistic_regression_class_weight_balanced,logistic_regression,C,70/30,2,random_fp_20,test,80/20,test,1.000000,True,3775,64,8.740757,105,21,84,0.780952,0.773810,0.470588,0.761905,0.581818,0.468122,66,18,5,16,0.878118,0.665174,0.665174
logreg_balanced_ratio_preserved_noise_mcc_selected_v1,logistic_regression_class_weight_balanced,logistic_regression,C,70/30,2,random_fp_20,test,90/10,test,1.000000,True,3775,64,8.932085,210,21,189,0.790476,0.777778,0.290909,0.761905,0.421053,0.379071,150,39,5,16,0.881582,0.513403,0.513403
logreg_balanced_ratio_preserved_noise_mcc_selected_v1,logistic_regression_class_weight_balanced,logistic_regression,C,70/30,2,heuristic_fp_10,validation_grid,70/30,valid,0.100000,False,3021,64,6.213797,64,19,45,0.765625,0.772515,0.576923,0.789474,0.666667,0.507019,34,11,4,15,0.867836,0.771576,0.771576
logreg_balanced_ratio_preserved_noise_mcc_selected_v1,logistic_regression_class_weight_balanced,logistic_regression,C,70/30,2,heuristic_fp_10,validation_grid,70/30,valid,1.000000,False,3021,64,6.373652,64,19,45,0.750000,0.761404,0.555556,0.789474,0.652174,0.483662,33,12,4,15,0.888889,0.831052,0.831052
logreg_balanced_ratio_preserved_noise_mcc_selected_v1,logistic_regression_class_weight_balanced,logistic_regression,C,70/30,2,heuristic_fp_10,validation_grid,70/30,valid,10.000000,True,3021,64,6.682708,64,19,45,0.796875,0.779532,0.636364,0.736842,0.682927,0.537785,37,8,5,14,0.887719,0.837469,0.837469
logreg_balanced_ratio_preserved_noise_mcc_selected_v1,logistic_regression_class_weight_balanced,logistic_regression,C,70/30,2,heuristic_fp_10,test,50/50,test,10.000000,True,3021,64,6.780767,42,21,21,0.833333,0.833333,0.850000,0.809524,0.829268,0.667424,18,3,4,17,0.900227,0.888570,0.888570
logreg_balanced_ratio_preserved_noise_mcc_selected_v1,logistic_regression_class_weight_balanced,logistic_regression,C,70/30,2,heuristic_fp_10,test,60/40,test,10.000000,True,3021,64,6.863757,53,21,32,0.773585,0.779762,0.680000,0.809524,0.739130,0.548219,24,8,4,17,0.913690,0.900081,0.900081
logreg_balanced_ratio_preserved_noise_mcc_selected_v1,logistic_regression_class_weight_balanced,logistic_regression,C,70/30,2,heuristic_fp_10,test,70/30,test,10.000000,True,3021,64,6.976743,70,21,49,0.828571,0.823129,0.680000,0.809524,0.739130,0.618070,41,8,4,17,0.901846,0.757134,0.757134
logreg_balanced_ratio_preserved_noise_mcc_selected_v1,logistic_regression_class_weight_balanced,logistic_regression,C,70/30,2,heuristic_fp_10,test,75/25,test,10.000000,True,3021,64,7.077140,84,21,63,0.726190,0.753968,0.472222,0.809524,0.596491,0.444444,44,19,4,17,0.875283,0.723399,0.723399
logreg_balanced_ratio_preserved_noise_mcc_selected_v1,logistic_regression_class_weight_balanced,logistic_regression,C,70/30,2,heuristic_fp_10,test,80/20,test,10.000000,True,3021,64,7.176637,105,21,84,0.857143,0.839286,0.607143,0.809524,0.693878,0.613791,73,11,4,17,0.930839,0.793911,0.793911
logreg_balanced_ratio_preserved_noise_mcc_selected_v1,logistic_regression_class_weight_balanced,logistic_regression,C,70/30,2,heuristic_fp_10,test,90/10,test,10.000000,True,3021,64,7.359501,210,21,189,0.842857,0.828042,0.369565,0.809524,0.507463,0.475882,160,29,4,17,0.898967,0.513393,0.513393
logreg_balanced_ratio_preserved_noise_mcc_selected_v1,logistic_regression_class_weight_balanced,logistic_regression,C,70/30,2,heuristic_fp_20,validation_grid,70/30,valid,0.100000,True,3775,64,7.274389,64,19,45,0.718750,0.739181,0.517241,0.789474,0.625000,0.439043,31,14,4,15,0.850292,0.725164,0.725164
logreg_balanced_ratio_preserved_noise_mcc_selected_v1,logistic_regression_class_weight_balanced,logistic_regression,C,70/30,2,heuristic_fp_20,validation_grid,70/30,valid,1.000000,False,3775,64,7.508089,64,19,45,0.687500,0.732164,0.484848,0.842105,0.615385,0.424492,28,17,3,16,0.870175,0.777510,0.777510
logreg_balanced_ratio_preserved_noise_mcc_selected_v1,logistic_regression_class_weight_balanced,logistic_regression,C,70/30,2,heuristic_fp_20,validation_grid,70/30,valid,10.000000,False,3775,64,7.893576,64,19,45,0.718750,0.723977,0.518519,0.736842,0.608696,0.414413,32,13,5,14,0.838596,0.783722,0.783722
logreg_balanced_ratio_preserved_noise_mcc_selected_v1,logistic_regression_class_weight_balanced,logistic_regression,C,70/30,2,heuristic_fp_20,test,50/50,test,0.100000,True,3775,64,8.003266,42,21,21,0.857143,0.857143,0.857143,0.857143,0.857143,0.714286,18,3,3,18,0.900227,0.878626,0.878626
logreg_balanced_ratio_preserved_noise_mcc_selected_v1,logistic_regression_class_weight_balanced,logistic_regression,C,70/30,2,heuristic_fp_20,test,60/40,test,0.100000,True,3775,64,8.100111,53,21,32,0.792453,0.803571,0.692308,0.857143,0.765957,0.594028,24,8,3,18,0.898810,0.864675,0.864675
logreg_balanced_ratio_preserved_noise_mcc_selected_v1,logistic_regression_class_weight_balanced,logistic_regression,C,70/30,2,heuristic_fp_20,test,70/30,test,0.100000,True,3775,64,8.216429,70,21,49,0.771429,0.795918,0.580645,0.857143,0.692308,0.546005,36,13,3,18,0.860058,0.611847,0.611847
logreg_balanced_ratio_preserved_noise_mcc_selected_v1,logistic_regression_class_weight_balanced,logistic_regression,C,70/30,2,heuristic_fp_20,test,75/25,test,0.100000,True,3775,64,8.316575,84,21,63,0.666667,0.730159,0.418605,0.857143,0.562500,0.398760,38,25,3,18,0.832955,0.645459,0.645459
logreg_balanced_ratio_preserved_noise_mcc_selected_v1,logistic_regression_class_weight_balanced,logistic_regression,C,70/30,2,heuristic_fp_20,test,80/20,test,0.100000,True,3775,64,8.420089,105,21,84,0.752381,0.791667,0.439024,0.857143,0.580645,0.478282,61,23,3,18,0.882086,0.652409,0.652409
logreg_balanced_ratio_preserved_noise_mcc_selected_v1,logistic_regression_class_weight_balanced,logistic_regression,C,70/30,2,heuristic_fp_20,test,90/10,test,0.100000,True,3775,64,8.606318,210,21,189,0.771429,0.809524,0.285714,0.857143,0.428571,0.405262,144,45,3,18,0.889645,0.462737,0.462737
logreg_balanced_ratio_preserved_noise_mcc_selected_v1,logistic_regression_class_weight_balanced,logistic_regression,C,70/30,3,clean,validation_grid,70/30,valid,0.100000,True,2264,64,5.229999,64,19,45,0.796875,0.794737,0.625000,0.789474,0.697674,0.556304,36,9,4,15,0.803509,0.622261,0.622261
logreg_balanced_ratio_preserved_noise_mcc_selected_v1,logistic_regression_class_weight_balanced,logistic_regression,C,70/30,3,clean,validation_grid,70/30,valid,1.000000,False,2264,64,5.333484,64,19,45,0.750000,0.761404,0.555556,0.789474,0.652174,0.483662,33,12,4,15,0.811696,0.640752,0.640752
logreg_balanced_ratio_preserved_noise_mcc_selected_v1,logistic_regression_class_weight_balanced,logistic_regression,C,70/30,3,clean,validation_grid,70/30,valid,10.000000,False,2264,64,5.584841,64,19,45,0.781250,0.783626,0.600000,0.789474,0.681818,0.531198,35,10,4,15,0.818713,0.691363,0.691363
logreg_balanced_ratio_preserved_noise_mcc_selected_v1,logistic_regression_class_weight_balanced,logistic_regression,C,70/30,3,clean,test,50/50,test,0.100000,True,2264,64,5.662897,42,21,21,0.809524,0.809524,0.809524,0.809524,0.809524,0.619048,17,4,4,17,0.861678,0.855898,0.855898
logreg_balanced_ratio_preserved_noise_mcc_selected_v1,logistic_regression_class_weight_balanced,logistic_regression,C,70/30,3,clean,test,60/40,test,0.100000,True,2264,64,5.755513,53,21,32,0.811321,0.811012,0.739130,0.809524,0.772727,0.613857,26,6,4,17,0.876488,0.843326,0.843326
logreg_balanced_ratio_preserved_noise_mcc_selected_v1,logistic_regression_class_weight_balanced,logistic_regression,C,70/30,3,clean,test,70/30,test,0.100000,True,2264,64,5.896491,70,21,49,0.800000,0.802721,0.629630,0.809524,0.708333,0.569986,39,10,4,17,0.879495,0.806790,0.806790
logreg_balanced_ratio_preserved_noise_mcc_selected_v1,logistic_regression_class_weight_balanced,logistic_regression,C,70/30,3,clean,test,75/25,test,0.100000,True,2264,64,6.015558,84,21,63,0.773810,0.785714,0.531250,0.809524,0.641509,0.509525,48,15,4,17,0.851852,0.564285,0.564285
logreg_balanced_ratio_preserved_noise_mcc_selected_v1,logistic_regression_class_weight_balanced,logistic_regression,C,70/30,3,clean,test,80/20,test,0.100000,True,2264,64,6.137125,105,21,84,0.761905,0.779762,0.447368,0.809524,0.576271,0.465735,63,21,4,17,0.845238,0.533542,0.533542
logreg_balanced_ratio_preserved_noise_mcc_selected_v1,logistic_regression_class_weight_balanced,logistic_regression,C,70/30,3,clean,test,90/10,test,0.100000,True,2264,64,6.345440,210,21,189,0.809524,0.809524,0.320755,0.809524,0.459459,0.427540,153,36,4,17,0.884102,0.607545,0.607545
logreg_balanced_ratio_preserved_noise_mcc_selected_v1,logistic_regression_class_weight_balanced,logistic_regression,C,70/30,3,random_flip_10,validation_grid,70/30,valid,0.100000,True,2264,64,5.131167,64,19,45,0.781250,0.783626,0.600000,0.789474,0.681818,0.531198,35,10,4,15,0.817544,0.633245,0.633245
logreg_balanced_ratio_preserved_noise_mcc_selected_v1,logistic_regression_class_weight_balanced,logistic_regression,C,70/30,3,random_flip_10,validation_grid,70/30,valid,1.000000,False,2264,64,5.238246,64,19,45,0.765625,0.772515,0.576923,0.789474,0.666667,0.507019,34,11,4,15,0.824561,0.671125,0.671125
logreg_balanced_ratio_preserved_noise_mcc_selected_v1,logistic_regression_class_weight_balanced,logistic_regression,C,70/30,3,random_flip_10,validation_grid,70/30,valid,10.000000,False,2264,64,5.475626,64,19,45,0.765625,0.772515,0.576923,0.789474,0.666667,0.507019,34,11,4,15,0.809357,0.694920,0.694920
logreg_balanced_ratio_preserved_noise_mcc_selected_v1,logistic_regression_class_weight_balanced,logistic_regression,C,70/30,3,random_flip_10,test,50/50,test,0.100000,True,2264,64,5.546937,42,21,21,0.785714,0.785714,0.772727,0.809524,0.790698,0.572078,16,5,4,17,0.868481,0.849220,0.849220
logreg_balanced_ratio_preserved_noise_mcc_selected_v1,logistic_regression_class_weight_balanced,logistic_regression,C,70/30,3,random_flip_10,test,60/40,test,0.100000,True,2264,64,5.652174,53,21,32,0.792453,0.795387,0.708333,0.809524,0.755556,0.580499,25,7,4,17,0.861607,0.806605,0.806605
logreg_balanced_ratio_preserved_noise_mcc_selected_v1,logistic_regression_class_weight_balanced,logistic_regression,C,70/30,3,random_flip_10,test,70/30,test,0.100000,True,2264,64,5.753502,70,21,49,0.800000,0.802721,0.629630,0.809524,0.708333,0.569986,39,10,4,17,0.874636,0.779269,0.779269
logreg_balanced_ratio_preserved_noise_mcc_selected_v1,logistic_regression_class_weight_balanced,logistic_regression,C,70/30,3,random_flip_10,test,75/25,test,0.100000,True,2264,64,5.863129,84,21,63,0.761905,0.777778,0.515152,0.809524,0.629630,0.492567,47,16,4,17,0.840514,0.549968,0.549968
logreg_balanced_ratio_preserved_noise_mcc_selected_v1,logistic_regression_class_weight_balanced,logistic_regression,C,70/30,3,random_flip_10,test,80/20,test,0.100000,True,2264,64,5.969925,105,21,84,0.733333,0.761905,0.414634,0.809524,0.548387,0.429478,60,24,4,17,0.839569,0.508267,0.508267
logreg_balanced_ratio_preserved_noise_mcc_selected_v1,logistic_regression_class_weight_balanced,logistic_regression,C,70/30,3,random_flip_10,test,90/10,test,0.100000,True,2264,64,6.141813,210,21,189,0.785714,0.796296,0.293103,0.809524,0.430380,0.397613,148,41,4,17,0.870748,0.494879,0.494879
logreg_balanced_ratio_preserved_noise_mcc_selected_v1,logistic_regression_class_weight_balanced,logistic_regression,C,70/30,3,random_flip_20,validation_grid,70/30,valid,0.100000,True,2264,64,4.955575,64,19,45,0.750000,0.761404,0.555556,0.789474,0.652174,0.483662,33,12,4,15,0.773099,0.567911,0.567911
logreg_balanced_ratio_preserved_noise_mcc_selected_v1,logistic_regression_class_weight_balanced,logistic_regression,C,70/30,3,random_flip_20,validation_grid,70/30,valid,1.000000,False,2264,64,5.059444,64,19,45,0.703125,0.697661,0.500000,0.684211,0.577778,0.367752,32,13,6,13,0.719298,0.511017,0.511017
logreg_balanced_ratio_preserved_noise_mcc_selected_v1,logistic_regression_class_weight_balanced,logistic_regression,C,70/30,3,random_flip_20,validation_grid,70/30,valid,10.000000,False,2264,64,5.321778,64,19,45,0.609375,0.585380,0.384615,0.526316,0.444444,0.158852,29,16,9,10,0.623392,0.395630,0.395630
logreg_balanced_ratio_preserved_noise_mcc_selected_v1,logistic_regression_class_weight_balanced,logistic_regression,C,70/30,3,random_flip_20,test,50/50,test,0.100000,True,2264,64,5.400379,42,21,21,0.809524,0.809524,0.842105,0.761905,0.800000,0.621874,18,3,5,16,0.839002,0.830878,0.830878
logreg_balanced_ratio_preserved_noise_mcc_selected_v1,logistic_regression_class_weight_balanced,logistic_regression,C,70/30,3,random_flip_20,test,60/40,test,0.100000,True,2264,64,5.528762,53,21,32,0.830189,0.818452,0.800000,0.761905,0.780488,0.642669,28,4,5,16,0.861607,0.789126,0.789126
logreg_balanced_ratio_preserved_noise_mcc_selected_v1,logistic_regression_class_weight_balanced,logistic_regression,C,70/30,3,random_flip_20,test,70/30,test,0.100000,True,2264,64,5.642177,70,21,49,0.800000,0.789116,0.640000,0.761905,0.695652,0.553010,40,9,5,16,0.853256,0.781217,0.781217
logreg_balanced_ratio_preserved_noise_mcc_selected_v1,logistic_regression_class_weight_balanced,logistic_regression,C,70/30,3,random_flip_20,test,75/25,test,0.100000,True,2264,64,5.786914,84,21,63,0.797619,0.785714,0.571429,0.761905,0.653061,0.524891,51,12,5,16,0.824641,0.576478,0.576478
logreg_balanced_ratio_preserved_noise_mcc_selected_v1,logistic_regression_class_weight_balanced,logistic_regression,C,70/30,3,random_flip_20,test,80/20,test,0.100000,True,2264,64,5.903744,105,21,84,0.723810,0.738095,0.400000,0.761905,0.524590,0.392232,60,24,5,16,0.811224,0.497620,0.497620
logreg_balanced_ratio_preserved_noise_mcc_selected_v1,logistic_regression_class_weight_balanced,logistic_regression,C,70/30,3,random_flip_20,test,90/10,test,0.100000,True,2264,64,6.108002,210,21,189,0.771429,0.767196,0.271186,0.761905,0.400000,0.356686,146,43,5,16,0.848828,0.484233,0.484233
logreg_balanced_ratio_preserved_noise_mcc_selected_v1,logistic_regression_class_weight_balanced,logistic_regression,C,70/30,3,random_fp_10,validation_grid,70/30,valid,0.100000,True,3021,64,5.904952,64,19,45,0.734375,0.750292,0.535714,0.789474,0.638298,0.461031,32,13,4,15,0.794152,0.621792,0.621792
logreg_balanced_ratio_preserved_noise_mcc_selected_v1,logistic_regression_class_weight_balanced,logistic_regression,C,70/30,3,random_fp_10,validation_grid,70/30,valid,1.000000,False,3021,64,6.059760,64,19,45,0.703125,0.728070,0.500000,0.789474,0.612245,0.417620,30,15,4,15,0.795322,0.625329,0.625329
logreg_balanced_ratio_preserved_noise_mcc_selected_v1,logistic_regression_class_weight_balanced,logistic_regression,C,70/30,3,random_fp_10,validation_grid,70/30,valid,10.000000,False,3021,64,6.380912,64,19,45,0.703125,0.712865,0.500000,0.736842,0.595745,0.392092,31,14,5,14,0.780117,0.625976,0.625976
logreg_balanced_ratio_preserved_noise_mcc_selected_v1,logistic_regression_class_weight_balanced,logistic_regression,C,70/30,3,random_fp_10,test,50/50,test,0.100000,True,3021,64,6.458384,42,21,21,0.809524,0.809524,0.809524,0.809524,0.809524,0.619048,17,4,4,17,0.848073,0.860143,0.860143
logreg_balanced_ratio_preserved_noise_mcc_selected_v1,logistic_regression_class_weight_balanced,logistic_regression,C,70/30,3,random_fp_10,test,60/40,test,0.100000,True,3021,64,6.557415,53,21,32,0.792453,0.795387,0.708333,0.809524,0.755556,0.580499,25,7,4,17,0.857143,0.830202,0.830202
logreg_balanced_ratio_preserved_noise_mcc_selected_v1,logistic_regression_class_weight_balanced,logistic_regression,C,70/30,3,random_fp_10,test,70/30,test,0.100000,True,3021,64,6.645447,70,21,49,0.814286,0.812925,0.653846,0.809524,0.723404,0.593561,40,9,4,17,0.869776,0.798580,0.798580
logreg_balanced_ratio_preserved_noise_mcc_selected_v1,logistic_regression_class_weight_balanced,logistic_regression,C,70/30,3,random_fp_10,test,75/25,test,0.100000,True,3021,64,6.742471,84,21,63,0.773810,0.785714,0.531250,0.809524,0.641509,0.509525,48,15,4,17,0.834467,0.554054,0.554054
logreg_balanced_ratio_preserved_noise_mcc_selected_v1,logistic_regression_class_weight_balanced,logistic_regression,C,70/30,3,random_fp_10,test,80/20,test,0.100000,True,3021,64,6.850993,105,21,84,0.714286,0.750000,0.395349,0.809524,0.531250,0.406714,58,26,4,17,0.836168,0.523673,0.523673
logreg_balanced_ratio_preserved_noise_mcc_selected_v1,logistic_regression_class_weight_balanced,logistic_regression,C,70/30,3,random_fp_10,test,90/10,test,0.100000,True,3021,64,7.023663,210,21,189,0.776190,0.791005,0.283333,0.809524,0.419753,0.386501,146,43,4,17,0.867725,0.567993,0.567993
logreg_balanced_ratio_preserved_noise_mcc_selected_v1,logistic_regression_class_weight_balanced,logistic_regression,C,70/30,3,random_fp_20,validation_grid,70/30,valid,0.100000,False,3775,64,6.945469,64,19,45,0.765625,0.772515,0.576923,0.789474,0.666667,0.507019,34,11,4,15,0.828070,0.638537,0.638537
logreg_balanced_ratio_preserved_noise_mcc_selected_v1,logistic_regression_class_weight_balanced,logistic_regression,C,70/30,3,random_fp_20,validation_grid,70/30,valid,1.000000,True,3775,64,7.138576,64,19,45,0.765625,0.787719,0.571429,0.842105,0.680851,0.529971,33,12,3,16,0.847953,0.658407,0.658407
logreg_balanced_ratio_preserved_noise_mcc_selected_v1,logistic_regression_class_weight_balanced,logistic_regression,C,70/30,3,random_fp_20,validation_grid,70/30,valid,10.000000,False,3775,64,7.575396,64,19,45,0.750000,0.730994,0.565217,0.684211,0.619048,0.439904,35,10,6,13,0.826901,0.663859,0.663859
logreg_balanced_ratio_preserved_noise_mcc_selected_v1,logistic_regression_class_weight_balanced,logistic_regression,C,70/30,3,random_fp_20,test,50/50,test,1.000000,True,3775,64,7.649413,42,21,21,0.785714,0.785714,0.800000,0.761905,0.780488,0.572078,17,4,5,16,0.859410,0.860601,0.860601
logreg_balanced_ratio_preserved_noise_mcc_selected_v1,logistic_regression_class_weight_balanced,logistic_regression,C,70/30,3,random_fp_20,test,60/40,test,1.000000,True,3775,64,7.748623,53,21,32,0.735849,0.740327,0.640000,0.761905,0.695652,0.470944,23,9,5,16,0.827381,0.785331,0.785331
logreg_balanced_ratio_preserved_noise_mcc_selected_v1,logistic_regression_class_weight_balanced,logistic_regression,C,70/30,3,random_fp_20,test,70/30,test,1.000000,True,3775,64,7.842137,70,21,49,0.771429,0.768707,0.592593,0.761905,0.666667,0.505943,38,11,5,16,0.835763,0.748354,0.748354
logreg_balanced_ratio_preserved_noise_mcc_selected_v1,logistic_regression_class_weight_balanced,logistic_regression,C,70/30,3,random_fp_20,test,75/25,test,1.000000,True,3775,64,7.937828,84,21,63,0.714286,0.730159,0.457143,0.761905,0.571429,0.404301,44,19,5,16,0.814815,0.533835,0.533835
logreg_balanced_ratio_preserved_noise_mcc_selected_v1,logistic_regression_class_weight_balanced,logistic_regression,C,70/30,3,random_fp_20,test,80/20,test,1.000000,True,3775,64,8.044085,105,21,84,0.704762,0.726190,0.380952,0.761905,0.507937,0.369368,58,26,5,16,0.831066,0.551890,0.551890
logreg_balanced_ratio_preserved_noise_mcc_selected_v1,logistic_regression_class_weight_balanced,logistic_regression,C,70/30,3,random_fp_20,test,90/10,test,1.000000,True,3775,64,8.225211,210,21,189,0.733333,0.746032,0.238806,0.761905,0.363636,0.316706,138,51,5,16,0.833207,0.454806,0.454806
logreg_balanced_ratio_preserved_noise_mcc_selected_v1,logistic_regression_class_weight_balanced,logistic_regression,C,70/30,3,heuristic_fp_10,validation_grid,70/30,valid,0.100000,False,3021,64,5.877664,64,19,45,0.734375,0.750292,0.535714,0.789474,0.638298,0.461031,32,13,4,15,0.823392,0.653864,0.653864
logreg_balanced_ratio_preserved_noise_mcc_selected_v1,logistic_regression_class_weight_balanced,logistic_regression,C,70/30,3,heuristic_fp_10,validation_grid,70/30,valid,1.000000,False,3021,64,6.035486,64,19,45,0.750000,0.761404,0.555556,0.789474,0.652174,0.483662,33,12,4,15,0.835088,0.691109,0.691109
logreg_balanced_ratio_preserved_noise_mcc_selected_v1,logistic_regression_class_weight_balanced,logistic_regression,C,70/30,3,heuristic_fp_10,validation_grid,70/30,valid,10.000000,True,3021,64,6.331894,64,19,45,0.765625,0.757310,0.583333,0.736842,0.651163,0.485662,35,10,5,14,0.839766,0.752609,0.752609
logreg_balanced_ratio_preserved_noise_mcc_selected_v1,logistic_regression_class_weight_balanced,logistic_regression,C,70/30,3,heuristic_fp_10,test,50/50,test,10.000000,True,3021,64,6.402225,42,21,21,0.880952,0.880952,0.944444,0.809524,0.871795,0.769800,20,1,4,17,0.947846,0.949678,0.949678
logreg_balanced_ratio_preserved_noise_mcc_selected_v1,logistic_regression_class_weight_balanced,logistic_regression,C,70/30,3,heuristic_fp_10,test,60/40,test,10.000000,True,3021,64,6.492315,53,21,32,0.773585,0.779762,0.680000,0.809524,0.739130,0.548219,24,8,4,17,0.897321,0.851972,0.851972
logreg_balanced_ratio_preserved_noise_mcc_selected_v1,logistic_regression_class_weight_balanced,logistic_regression,C,70/30,3,heuristic_fp_10,test,70/30,test,10.000000,True,3021,64,6.584092,70,21,49,0.785714,0.792517,0.607143,0.809524,0.693878,0.547249,38,11,4,17,0.887269,0.792082,0.792082
logreg_balanced_ratio_preserved_noise_mcc_selected_v1,logistic_regression_class_weight_balanced,logistic_regression,C,70/30,3,heuristic_fp_10,test,75/25,test,10.000000,True,3021,64,6.688744,84,21,63,0.809524,0.809524,0.586207,0.809524,0.680000,0.563798,51,12,4,17,0.868481,0.593273,0.593273
logreg_balanced_ratio_preserved_noise_mcc_selected_v1,logistic_regression_class_weight_balanced,logistic_regression,C,70/30,3,heuristic_fp_10,test,80/20,test,10.000000,True,3021,64,6.796592,105,21,84,0.790476,0.797619,0.485714,0.809524,0.607143,0.505076,66,18,4,17,0.880385,0.568869,0.568869
logreg_balanced_ratio_preserved_noise_mcc_selected_v1,logistic_regression_class_weight_balanced,logistic_regression,C,70/30,3,heuristic_fp_10,test,90/10,test,10.000000,True,3021,64,6.977903,210,21,189,0.809524,0.809524,0.320755,0.809524,0.459459,0.427540,153,36,4,17,0.905266,0.577728,0.577728
logreg_balanced_ratio_preserved_noise_mcc_selected_v1,logistic_regression_class_weight_balanced,logistic_regression,C,70/30,3,heuristic_fp_20,validation_grid,70/30,valid,0.100000,True,3775,64,6.713454,64,19,45,0.687500,0.716959,0.483871,0.789474,0.600000,0.396692,29,16,4,15,0.817544,0.648325,0.648325
logreg_balanced_ratio_preserved_noise_mcc_selected_v1,logistic_regression_class_weight_balanced,logistic_regression,C,70/30,3,heuristic_fp_20,validation_grid,70/30,valid,1.000000,False,3775,64,6.915620,64,19,45,0.687500,0.716959,0.483871,0.789474,0.600000,0.396692,29,16,4,15,0.798830,0.658071,0.658071
logreg_balanced_ratio_preserved_noise_mcc_selected_v1,logistic_regression_class_weight_balanced,logistic_regression,C,70/30,3,heuristic_fp_20,validation_grid,70/30,valid,10.000000,False,3775,64,7.296730,64,19,45,0.687500,0.686550,0.481481,0.684211,0.565217,0.345164,31,14,6,13,0.756725,0.637239,0.637239
logreg_balanced_ratio_preserved_noise_mcc_selected_v1,logistic_regression_class_weight_balanced,logistic_regression,C,70/30,3,heuristic_fp_20,test,50/50,test,0.100000,True,3775,64,7.360658,42,21,21,0.761905,0.761905,0.720000,0.857143,0.782609,0.533578,14,7,3,18,0.897959,0.895602,0.895602
logreg_balanced_ratio_preserved_noise_mcc_selected_v1,logistic_regression_class_weight_balanced,logistic_regression,C,70/30,3,heuristic_fp_20,test,60/40,test,0.100000,True,3775,64,7.449828,53,21,32,0.754717,0.772321,0.642857,0.857143,0.734694,0.533639,22,10,3,18,0.867560,0.809296,0.809296
logreg_balanced_ratio_preserved_noise_mcc_selected_v1,logistic_regression_class_weight_balanced,logistic_regression,C,70/30,3,heuristic_fp_20,test,70/30,test,0.100000,True,3775,64,7.537474,70,21,49,0.757143,0.785714,0.562500,0.857143,0.679245,0.525657,35,14,3,18,0.886297,0.774881,0.774881
logreg_balanced_ratio_preserved_noise_mcc_selected_v1,logistic_regression_class_weight_balanced,logistic_regression,C,70/30,3,heuristic_fp_20,test,75/25,test,0.100000,True,3775,64,7.634341,84,21,63,0.738095,0.777778,0.486486,0.857143,0.620690,0.484571,44,19,3,18,0.859410,0.591713,0.591713
logreg_balanced_ratio_preserved_noise_mcc_selected_v1,logistic_regression_class_weight_balanced,logistic_regression,C,70/30,3,heuristic_fp_20,test,80/20,test,0.100000,True,3775,64,7.740327,105,21,84,0.733333,0.779762,0.418605,0.857143,0.562500,0.455132,59,25,3,18,0.858844,0.575921,0.575921
logreg_balanced_ratio_preserved_noise_mcc_selected_v1,logistic_regression_class_weight_balanced,logistic_regression,C,70/30,3,heuristic_fp_20,test,90/10,test,0.100000,True,3775,64,7.903974,210,21,189,0.728571,0.785714,0.250000,0.857143,0.387097,0.361158,135,54,3,18,0.876291,0.471057,0.471057
logreg_balanced_ratio_preserved_noise_mcc_selected_v1,logistic_regression_class_weight_balanced,logistic_regression,C,70/30,4,clean,validation_grid,70/30,valid,0.100000,False,2264,64,5.297174,64,19,45,0.718750,0.739181,0.517241,0.789474,0.625000,0.439043,31,14,4,15,0.845614,0.720827,0.720827
logreg_balanced_ratio_preserved_noise_mcc_selected_v1,logistic_regression_class_weight_balanced,logistic_regression,C,70/30,4,clean,validation_grid,70/30,valid,1.000000,False,2264,64,5.395347,64,19,45,0.687500,0.716959,0.483871,0.789474,0.600000,0.396692,29,16,4,15,0.835088,0.691488,0.691488
logreg_balanced_ratio_preserved_noise_mcc_selected_v1,logistic_regression_class_weight_balanced,logistic_regression,C,70/30,4,clean,validation_grid,70/30,valid,10.000000,True,2264,64,5.597897,64,19,45,0.765625,0.757310,0.583333,0.736842,0.651163,0.485662,35,10,5,14,0.809357,0.614032,0.614032
logreg_balanced_ratio_preserved_noise_mcc_selected_v1,logistic_regression_class_weight_balanced,logistic_regression,C,70/30,4,clean,test,50/50,test,10.000000,True,2264,64,5.680918,42,21,21,0.761905,0.761905,0.823529,0.666667,0.736842,0.533578,18,3,7,14,0.877551,0.897700,0.897700
logreg_balanced_ratio_preserved_noise_mcc_selected_v1,logistic_regression_class_weight_balanced,logistic_regression,C,70/30,4,clean,test,60/40,test,10.000000,True,2264,64,5.821955,53,21,32,0.811321,0.786458,0.823529,0.666667,0.736842,0.600344,29,3,7,14,0.852679,0.751484,0.751484
logreg_balanced_ratio_preserved_noise_mcc_selected_v1,logistic_regression_class_weight_balanced,logistic_regression,C,70/30,4,clean,test,70/30,test,10.000000,True,2264,64,5.914811,70,21,49,0.785714,0.751701,0.636364,0.666667,0.651163,0.496924,41,8,7,14,0.832847,0.695688,0.695688
logreg_balanced_ratio_preserved_noise_mcc_selected_v1,logistic_regression_class_weight_balanced,logistic_regression,C,70/30,4,clean,test,75/25,test,10.000000,True,2264,64,6.026667,84,21,63,0.833333,0.777778,0.666667,0.666667,0.666667,0.555556,56,7,7,14,0.880574,0.725744,0.725744
logreg_balanced_ratio_preserved_noise_mcc_selected_v1,logistic_regression_class_weight_balanced,logistic_regression,C,70/30,4,clean,test,80/20,test,10.000000,True,2264,64,6.126996,105,21,84,0.866667,0.791667,0.666667,0.666667,0.666667,0.583333,77,7,7,14,0.890023,0.790265,0.790265
logreg_balanced_ratio_preserved_noise_mcc_selected_v1,logistic_regression_class_weight_balanced,logistic_regression,C,70/30,4,clean,test,90/10,test,10.000000,True,2264,64,6.320318,210,21,189,0.823810,0.753968,0.318182,0.666667,0.430769,0.374429,159,30,7,14,0.842782,0.426381,0.426381
logreg_balanced_ratio_preserved_noise_mcc_selected_v1,logistic_regression_class_weight_balanced,logistic_regression,C,70/30,4,random_flip_10,validation_grid,70/30,valid,0.100000,True,2264,64,5.198338,64,19,45,0.734375,0.750292,0.535714,0.789474,0.638298,0.461031,32,13,4,15,0.835088,0.713402,0.713402
logreg_balanced_ratio_preserved_noise_mcc_selected_v1,logistic_regression_class_weight_balanced,logistic_regression,C,70/30,4,random_flip_10,validation_grid,70/30,valid,1.000000,False,2264,64,5.307643,64,19,45,0.703125,0.728070,0.500000,0.789474,0.612245,0.417620,30,15,4,15,0.792982,0.635981,0.635981
logreg_balanced_ratio_preserved_noise_mcc_selected_v1,logistic_regression_class_weight_balanced,logistic_regression,C,70/30,4,random_flip_10,validation_grid,70/30,valid,10.000000,False,2264,64,5.535831,64,19,45,0.671875,0.645029,0.458333,0.578947,0.511628,0.273737,32,13,8,11,0.733333,0.518976,0.518976
logreg_balanced_ratio_preserved_noise_mcc_selected_v1,logistic_regression_class_weight_balanced,logistic_regression,C,70/30,4,random_flip_10,test,50/50,test,0.100000,True,2264,64,5.603930,42,21,21,0.833333,0.833333,0.850000,0.809524,0.829268,0.667424,18,3,4,17,0.854875,0.860305,0.860305
logreg_balanced_ratio_preserved_noise_mcc_selected_v1,logistic_regression_class_weight_balanced,logistic_regression,C,70/30,4,random_flip_10,test,60/40,test,0.100000,True,2264,64,5.735597,53,21,32,0.735849,0.748512,0.629630,0.809524,0.708333,0.486288,22,10,4,17,0.825893,0.719214,0.719214
logreg_balanced_ratio_preserved_noise_mcc_selected_v1,logistic_regression_class_weight_balanced,logistic_regression,C,70/30,4,random_flip_10,test,70/30,test,0.100000,True,2264,64,5.831190,70,21,49,0.785714,0.792517,0.607143,0.809524,0.693878,0.547249,38,11,4,17,0.831876,0.714126,0.714126
logreg_balanced_ratio_preserved_noise_mcc_selected_v1,logistic_regression_class_weight_balanced,logistic_regression,C,70/30,4,random_flip_10,test,75/25,test,0.100000,True,2264,64,5.938587,84,21,63,0.773810,0.785714,0.531250,0.809524,0.641509,0.509525,48,15,4,17,0.829932,0.607319,0.607319
logreg_balanced_ratio_preserved_noise_mcc_selected_v1,logistic_regression_class_weight_balanced,logistic_regression,C,70/30,4,random_flip_10,test,80/20,test,0.100000,True,2264,64,6.034719,105,21,84,0.761905,0.779762,0.447368,0.809524,0.576271,0.465735,63,21,4,17,0.861678,0.711675,0.711675
logreg_balanced_ratio_preserved_noise_mcc_selected_v1,logistic_regression_class_weight_balanced,logistic_regression,C,70/30,4,random_flip_10,test,90/10,test,0.100000,True,2264,64,6.241611,210,21,189,0.771429,0.788360,0.278689,0.809524,0.414634,0.381107,145,44,4,17,0.847065,0.428379,0.428379
logreg_balanced_ratio_preserved_noise_mcc_selected_v1,logistic_regression_class_weight_balanced,logistic_regression,C,70/30,4,random_flip_20,validation_grid,70/30,valid,0.100000,True,2264,64,5.394637,64,19,45,0.718750,0.754386,0.516129,0.842105,0.640000,0.465124,30,15,3,16,0.836257,0.702728,0.702728
logreg_balanced_ratio_preserved_noise_mcc_selected_v1,logistic_regression_class_weight_balanced,logistic_regression,C,70/30,4,random_flip_20,validation_grid,70/30,valid,1.000000,False,2264,64,5.507814,64,19,45,0.734375,0.750292,0.535714,0.789474,0.638298,0.461031,32,13,4,15,0.802339,0.605736,0.605736
logreg_balanced_ratio_preserved_noise_mcc_selected_v1,logistic_regression_class_weight_balanced,logistic_regression,C,70/30,4,random_flip_20,validation_grid,70/30,valid,10.000000,False,2264,64,5.730880,64,19,45,0.687500,0.686550,0.481481,0.684211,0.565217,0.345164,31,14,6,13,0.770760,0.574393,0.574393
logreg_balanced_ratio_preserved_noise_mcc_selected_v1,logistic_regression_class_weight_balanced,logistic_regression,C,70/30,4,random_flip_20,test,50/50,test,0.100000,True,2264,64,5.808387,42,21,21,0.809524,0.809524,0.809524,0.809524,0.809524,0.619048,17,4,4,17,0.868481,0.890193,0.890193
logreg_balanced_ratio_preserved_noise_mcc_selected_v1,logistic_regression_class_weight_balanced,logistic_regression,C,70/30,4,random_flip_20,test,60/40,test,0.100000,True,2264,64,5.958575,53,21,32,0.698113,0.717262,0.586207,0.809524,0.680000,0.426966,20,12,4,17,0.787202,0.675112,0.675112
logreg_balanced_ratio_preserved_noise_mcc_selected_v1,logistic_regression_class_weight_balanced,logistic_regression,C,70/30,4,random_flip_20,test,70/30,test,0.100000,True,2264,64,6.061961,70,21,49,0.742857,0.761905,0.548387,0.809524,0.653846,0.483246,35,14,4,17,0.861030,0.746669,0.746669
logreg_balanced_ratio_preserved_noise_mcc_selected_v1,logistic_regression_class_weight_balanced,logistic_regression,C,70/30,4,random_flip_20,test,75/25,test,0.100000,True,2264,64,6.176818,84,21,63,0.797619,0.801587,0.566667,0.809524,0.666667,0.545087,50,13,4,17,0.840514,0.676801,0.676801
logreg_balanced_ratio_preserved_noise_mcc_selected_v1,logistic_regression_class_weight_balanced,logistic_regression,C,70/30,4,random_flip_20,test,80/20,test,0.100000,True,2264,64,6.286412,105,21,84,0.780952,0.791667,0.472222,0.809524,0.596491,0.491576,65,19,4,17,0.869048,0.717993,0.717993
logreg_balanced_ratio_preserved_noise_mcc_selected_v1,logistic_regression_class_weight_balanced,logistic_regression,C,70/30,4,random_flip_20,test,90/10,test,0.100000,True,2264,64,6.494379,210,21,189,0.728571,0.764550,0.242857,0.809524,0.373626,0.336718,136,53,4,17,0.842026,0.451084,0.451084
logreg_balanced_ratio_preserved_noise_mcc_selected_v1,logistic_regression_class_weight_balanced,logistic_regression,C,70/30,4,random_fp_10,validation_grid,70/30,valid,0.100000,True,3021,64,6.205827,64,19,45,0.703125,0.728070,0.500000,0.789474,0.612245,0.417620,30,15,4,15,0.847953,0.735246,0.735246
logreg_balanced_ratio_preserved_noise_mcc_selected_v1,logistic_regression_class_weight_balanced,logistic_regression,C,70/30,4,random_fp_10,validation_grid,70/30,valid,1.000000,False,3021,64,6.357056,64,19,45,0.687500,0.716959,0.483871,0.789474,0.600000,0.396692,29,16,4,15,0.823392,0.699631,0.699631
logreg_balanced_ratio_preserved_noise_mcc_selected_v1,logistic_regression_class_weight_balanced,logistic_regression,C,70/30,4,random_fp_10,validation_grid,70/30,valid,10.000000,False,3021,64,6.606655,64,19,45,0.734375,0.704678,0.545455,0.631579,0.585366,0.393776,35,10,7,12,0.785965,0.607501,0.607501
logreg_balanced_ratio_preserved_noise_mcc_selected_v1,logistic_regression_class_weight_balanced,logistic_regression,C,70/30,4,random_fp_10,test,50/50,test,0.100000,True,3021,64,6.676388,42,21,21,0.785714,0.785714,0.772727,0.809524,0.790698,0.572078,16,5,4,17,0.850340,0.867481,0.867481
logreg_balanced_ratio_preserved_noise_mcc_selected_v1,logistic_regression_class_weight_balanced,logistic_regression,C,70/30,4,random_fp_10,test,60/40,test,0.100000,True,3021,64,6.819743,53,21,32,0.716981,0.732887,0.607143,0.809524,0.693878,0.456363,21,11,4,17,0.811012,0.713088,0.713088
logreg_balanced_ratio_preserved_noise_mcc_selected_v1,logistic_regression_class_weight_balanced,logistic_regression,C,70/30,4,random_fp_10,test,70/30,test,0.100000,True,3021,64,6.919257,70,21,49,0.757143,0.772109,0.566667,0.809524,0.666667,0.503953,36,13,4,17,0.832847,0.706131,0.706131
logreg_balanced_ratio_preserved_noise_mcc_selected_v1,logistic_regression_class_weight_balanced,logistic_regression,C,70/30,4,random_fp_10,test,75/25,test,0.100000,True,3021,64,7.051634,84,21,63,0.785714,0.793651,0.548387,0.809524,0.653846,0.527014,49,14,4,17,0.843537,0.633713,0.633713
logreg_balanced_ratio_preserved_noise_mcc_selected_v1,logistic_regression_class_weight_balanced,logistic_regression,C,70/30,4,random_fp_10,test,80/20,test,0.100000,True,3021,64,7.158504,105,21,84,0.780952,0.791667,0.472222,0.809524,0.596491,0.491576,65,19,4,17,0.874150,0.726457,0.726457
logreg_balanced_ratio_preserved_noise_mcc_selected_v1,logistic_regression_class_weight_balanced,logistic_regression,C,70/30,4,random_fp_10,test,90/10,test,0.100000,True,3021,64,7.361971,210,21,189,0.723810,0.761905,0.239437,0.809524,0.369565,0.332183,135,54,4,17,0.854623,0.470966,0.470966
logreg_balanced_ratio_preserved_noise_mcc_selected_v1,logistic_regression_class_weight_balanced,logistic_regression,C,70/30,4,random_fp_20,validation_grid,70/30,valid,0.100000,False,3775,64,7.042567,64,19,45,0.687500,0.716959,0.483871,0.789474,0.600000,0.396692,29,16,4,15,0.835088,0.697312,0.697312
logreg_balanced_ratio_preserved_noise_mcc_selected_v1,logistic_regression_class_weight_balanced,logistic_regression,C,70/30,4,random_fp_20,validation_grid,70/30,valid,1.000000,False,3775,64,7.200627,64,19,45,0.687500,0.732164,0.484848,0.842105,0.615385,0.424492,28,17,3,16,0.807018,0.634486,0.634486
logreg_balanced_ratio_preserved_noise_mcc_selected_v1,logistic_regression_class_weight_balanced,logistic_regression,C,70/30,4,random_fp_20,validation_grid,70/30,valid,10.000000,True,3775,64,7.543316,64,19,45,0.718750,0.739181,0.517241,0.789474,0.625000,0.439043,31,14,4,15,0.781287,0.595369,0.595369
logreg_balanced_ratio_preserved_noise_mcc_selected_v1,logistic_regression_class_weight_balanced,logistic_regression,C,70/30,4,random_fp_20,test,50/50,test,10.000000,True,3775,64,7.616517,42,21,21,0.738095,0.738095,0.727273,0.761905,0.744186,0.476731,15,6,5,16,0.823129,0.852033,0.852033
logreg_balanced_ratio_preserved_noise_mcc_selected_v1,logistic_regression_class_weight_balanced,logistic_regression,C,70/30,4,random_fp_20,test,60/40,test,10.000000,True,3775,64,7.751341,53,21,32,0.792453,0.787202,0.727273,0.761905,0.744186,0.570178,26,6,5,16,0.845238,0.758959,0.758959
logreg_balanced_ratio_preserved_noise_mcc_selected_v1,logistic_regression_class_weight_balanced,logistic_regression,C,70/30,4,random_fp_20,test,70/30,test,10.000000,True,3775,64,7.841781,70,21,49,0.757143,0.758503,0.571429,0.761905,0.653061,0.483616,37,12,5,16,0.821186,0.668857,0.668857
logreg_balanced_ratio_preserved_noise_mcc_selected_v1,logistic_regression_class_weight_balanced,logistic_regression,C,70/30,4,random_fp_20,test,75/25,test,10.000000,True,3775,64,7.948493,84,21,63,0.833333,0.809524,0.640000,0.761905,0.695652,0.586284,54,9,5,16,0.855631,0.763123,0.763123
logreg_balanced_ratio_preserved_noise_mcc_selected_v1,logistic_regression_class_weight_balanced,logistic_regression,C,70/30,4,random_fp_20,test,80/20,test,10.000000,True,3775,64,8.054196,105,21,84,0.809524,0.791667,0.516129,0.761905,0.615385,0.511528,69,15,5,16,0.846372,0.692035,0.692035
logreg_balanced_ratio_preserved_noise_mcc_selected_v1,logistic_regression_class_weight_balanced,logistic_regression,C,70/30,4,random_fp_20,test,90/10,test,10.000000,True,3775,64,8.256884,210,21,189,0.738095,0.748677,0.242424,0.761905,0.367816,0.321406,139,50,5,16,0.810532,0.361376,0.361376
logreg_balanced_ratio_preserved_noise_mcc_selected_v1,logistic_regression_class_weight_balanced,logistic_regression,C,70/30,4,heuristic_fp_10,validation_grid,70/30,valid,0.100000,False,3021,64,6.099166,64,19,45,0.703125,0.728070,0.500000,0.789474,0.612245,0.417620,30,15,4,15,0.830409,0.703452,0.703452
logreg_balanced_ratio_preserved_noise_mcc_selected_v1,logistic_regression_class_weight_balanced,logistic_regression,C,70/30,4,heuristic_fp_10,validation_grid,70/30,valid,1.000000,True,3021,64,6.268135,64,19,45,0.718750,0.739181,0.517241,0.789474,0.625000,0.439043,31,14,4,15,0.821053,0.713565,0.713565
logreg_balanced_ratio_preserved_noise_mcc_selected_v1,logistic_regression_class_weight_balanced,logistic_regression,C,70/30,4,heuristic_fp_10,validation_grid,70/30,valid,10.000000,False,3021,64,6.570512,64,19,45,0.718750,0.723977,0.518519,0.736842,0.608696,0.414413,32,13,5,14,0.835088,0.734828,0.734828
logreg_balanced_ratio_preserved_noise_mcc_selected_v1,logistic_regression_class_weight_balanced,logistic_regression,C,70/30,4,heuristic_fp_10,test,50/50,test,1.000000,True,3021,64,6.655432,42,21,21,0.833333,0.833333,0.791667,0.904762,0.844444,0.673575,16,5,2,19,0.913832,0.895663,0.895663
logreg_balanced_ratio_preserved_noise_mcc_selected_v1,logistic_regression_class_weight_balanced,logistic_regression,C,70/30,4,heuristic_fp_10,test,60/40,test,1.000000,True,3021,64,6.798361,53,21,32,0.811321,0.827381,0.703704,0.904762,0.791667,0.640619,24,8,2,19,0.886905,0.816176,0.816176
logreg_balanced_ratio_preserved_noise_mcc_selected_v1,logistic_regression_class_weight_balanced,logistic_regression,C,70/30,4,heuristic_fp_10,test,70/30,test,1.000000,True,3021,64,6.884399,70,21,49,0.771429,0.809524,0.575758,0.904762,0.703704,0.568295,35,14,2,19,0.896987,0.803796,0.803796
logreg_balanced_ratio_preserved_noise_mcc_selected_v1,logistic_regression_class_weight_balanced,logistic_regression,C,70/30,4,heuristic_fp_10,test,75/25,test,1.000000,True,3021,64,6.988503,84,21,63,0.821429,0.849206,0.593750,0.904762,0.716981,0.622752,50,13,2,19,0.904006,0.709372,0.709372
logreg_balanced_ratio_preserved_noise_mcc_selected_v1,logistic_regression_class_weight_balanced,logistic_regression,C,70/30,4,heuristic_fp_10,test,80/20,test,1.000000,True,3021,64,7.087265,105,21,84,0.857143,0.875000,0.593750,0.904762,0.716981,0.651740,71,13,2,19,0.930272,0.744691,0.744691
logreg_balanced_ratio_preserved_noise_mcc_selected_v1,logistic_regression_class_weight_balanced,logistic_regression,C,70/30,4,heuristic_fp_10,test,90/10,test,1.000000,True,3021,64,7.288626,210,21,189,0.771429,0.830688,0.292308,0.904762,0.441860,0.429189,143,46,2,19,0.886117,0.475136,0.475136
logreg_balanced_ratio_preserved_noise_mcc_selected_v1,logistic_regression_class_weight_balanced,logistic_regression,C,70/30,4,heuristic_fp_20,validation_grid,70/30,valid,0.100000,True,3775,64,6.939341,64,19,45,0.718750,0.739181,0.517241,0.789474,0.625000,0.439043,31,14,4,15,0.815205,0.671384,0.671384
logreg_balanced_ratio_preserved_noise_mcc_selected_v1,logistic_regression_class_weight_balanced,logistic_regression,C,70/30,4,heuristic_fp_20,validation_grid,70/30,valid,1.000000,False,3775,64,7.135980,64,19,45,0.703125,0.728070,0.500000,0.789474,0.612245,0.417620,30,15,4,15,0.802339,0.681637,0.681637
logreg_balanced_ratio_preserved_noise_mcc_selected_v1,logistic_regression_class_weight_balanced,logistic_regression,C,70/30,4,heuristic_fp_20,validation_grid,70/30,valid,10.000000,False,3775,64,7.512427,64,19,45,0.703125,0.712865,0.500000,0.736842,0.595745,0.392092,31,14,5,14,0.798830,0.645662,0.645662
logreg_balanced_ratio_preserved_noise_mcc_selected_v1,logistic_regression_class_weight_balanced,logistic_regression,C,70/30,4,heuristic_fp_20,test,50/50,test,0.100000,True,3775,64,7.583567,42,21,21,0.761905,0.761905,0.761905,0.761905,0.761905,0.523810,16,5,5,16,0.870748,0.873310,0.873310
logreg_balanced_ratio_preserved_noise_mcc_selected_v1,logistic_regression_class_weight_balanced,logistic_regression,C,70/30,4,heuristic_fp_20,test,60/40,test,0.100000,True,3775,64,7.723598,53,21,32,0.735849,0.740327,0.640000,0.761905,0.695652,0.470944,23,9,5,16,0.843750,0.773535,0.773535
logreg_balanced_ratio_preserved_noise_mcc_selected_v1,logistic_regression_class_weight_balanced,logistic_regression,C,70/30,4,heuristic_fp_20,test,70/30,test,0.100000,True,3775,64,7.820372,70,21,49,0.742857,0.748299,0.551724,0.761905,0.640000,0.461979,36,13,5,16,0.869776,0.753581,0.753581
logreg_balanced_ratio_preserved_noise_mcc_selected_v1,logistic_regression_class_weight_balanced,logistic_regression,C,70/30,4,heuristic_fp_20,test,75/25,test,0.100000,True,3775,64,7.929337,84,21,63,0.797619,0.785714,0.571429,0.761905,0.653061,0.524891,51,12,5,16,0.865457,0.588856,0.588856
logreg_balanced_ratio_preserved_noise_mcc_selected_v1,logistic_regression_class_weight_balanced,logistic_regression,C,70/30,4,heuristic_fp_20,test,80/20,test,0.100000,True,3775,64,8.038030,105,21,84,0.790476,0.779762,0.484848,0.761905,0.592593,0.482108,67,17,5,16,0.900227,0.683303,0.683303
logreg_balanced_ratio_preserved_noise_mcc_selected_v1,logistic_regression_class_weight_balanced,logistic_regression,C,70/30,4,heuristic_fp_20,test,90/10,test,0.100000,True,3775,64,8.257715,210,21,189,0.733333,0.746032,0.238806,0.761905,0.363636,0.316706,138,51,5,16,0.870748,0.454045,0.454045
logreg_balanced_ratio_preserved_noise_mcc_selected_v1,logistic_regression_class_weight_balanced,logistic_regression,C,70/30,5,clean,validation_grid,70/30,valid,0.100000,False,2264,64,5.049904,64,19,45,0.718750,0.739181,0.517241,0.789474,0.625000,0.439043,31,14,4,15,0.833918,0.682521,0.682521
logreg_balanced_ratio_preserved_noise_mcc_selected_v1,logistic_regression_class_weight_balanced,logistic_regression,C,70/30,5,clean,validation_grid,70/30,valid,1.000000,True,2264,64,5.162912,64,19,45,0.765625,0.772515,0.576923,0.789474,0.666667,0.507019,34,11,4,15,0.825731,0.679541,0.679541
logreg_balanced_ratio_preserved_noise_mcc_selected_v1,logistic_regression_class_weight_balanced,logistic_regression,C,70/30,5,clean,validation_grid,70/30,valid,10.000000,False,2264,64,5.355878,64,19,45,0.750000,0.761404,0.555556,0.789474,0.652174,0.483662,33,12,4,15,0.822222,0.707155,0.707155
logreg_balanced_ratio_preserved_noise_mcc_selected_v1,logistic_regression_class_weight_balanced,logistic_regression,C,70/30,5,clean,test,50/50,test,1.000000,True,2264,64,5.427153,42,21,21,0.738095,0.738095,0.727273,0.761905,0.744186,0.476731,15,6,5,16,0.848073,0.843055,0.843055
logreg_balanced_ratio_preserved_noise_mcc_selected_v1,logistic_regression_class_weight_balanced,logistic_regression,C,70/30,5,clean,test,60/40,test,1.000000,True,2264,64,5.499855,53,21,32,0.792453,0.787202,0.727273,0.761905,0.744186,0.570178,26,6,5,16,0.869048,0.813883,0.813883
logreg_balanced_ratio_preserved_noise_mcc_selected_v1,logistic_regression_class_weight_balanced,logistic_regression,C,70/30,5,clean,test,70/30,test,1.000000,True,2264,64,5.590066,70,21,49,0.828571,0.809524,0.695652,0.761905,0.727273,0.603975,42,7,5,16,0.879495,0.759991,0.759991
logreg_balanced_ratio_preserved_noise_mcc_selected_v1,logistic_regression_class_weight_balanced,logistic_regression,C,70/30,5,clean,test,75/25,test,1.000000,True,2264,64,5.671005,84,21,63,0.869048,0.833333,0.727273,0.761905,0.744186,0.656571,57,6,5,16,0.895692,0.692083,0.692083
logreg_balanced_ratio_preserved_noise_mcc_selected_v1,logistic_regression_class_weight_balanced,logistic_regression,C,70/30,5,clean,test,80/20,test,1.000000,True,2264,64,5.798027,105,21,84,0.790476,0.779762,0.484848,0.761905,0.592593,0.482108,67,17,5,16,0.835034,0.556095,0.556095
logreg_balanced_ratio_preserved_noise_mcc_selected_v1,logistic_regression_class_weight_balanced,logistic_regression,C,70/30,5,clean,test,90/10,test,1.000000,True,2264,64,6.040756,210,21,189,0.823810,0.796296,0.333333,0.761905,0.463768,0.423369,157,32,5,16,0.873268,0.558075,0.558075
logreg_balanced_ratio_preserved_noise_mcc_selected_v1,logistic_regression_class_weight_balanced,logistic_regression,C,70/30,5,random_flip_10,validation_grid,70/30,valid,0.100000,True,2264,64,5.374422,64,19,45,0.703125,0.728070,0.500000,0.789474,0.612245,0.417620,30,15,4,15,0.835088,0.708540,0.708540
logreg_balanced_ratio_preserved_noise_mcc_selected_v1,logistic_regression_class_weight_balanced,logistic_regression,C,70/30,5,random_flip_10,validation_grid,70/30,valid,1.000000,False,2264,64,5.486523,64,19,45,0.703125,0.728070,0.500000,0.789474,0.612245,0.417620,30,15,4,15,0.830409,0.727381,0.727381
logreg_balanced_ratio_preserved_noise_mcc_selected_v1,logistic_regression_class_weight_balanced,logistic_regression,C,70/30,5,random_flip_10,validation_grid,70/30,valid,10.000000,False,2264,64,5.701284,64,19,45,0.734375,0.719883,0.541667,0.684211,0.604651,0.415020,34,11,6,13,0.815205,0.724205,0.724205
logreg_balanced_ratio_preserved_noise_mcc_selected_v1,logistic_regression_class_weight_balanced,logistic_regression,C,70/30,5,random_flip_10,test,50/50,test,0.100000,True,2264,64,5.790573,42,21,21,0.785714,0.785714,0.772727,0.809524,0.790698,0.572078,16,5,4,17,0.834467,0.851554,0.851554
logreg_balanced_ratio_preserved_noise_mcc_selected_v1,logistic_regression_class_weight_balanced,logistic_regression,C,70/30,5,random_flip_10,test,60/40,test,0.100000,True,2264,64,5.872434,53,21,32,0.773585,0.779762,0.680000,0.809524,0.739130,0.548219,24,8,4,17,0.836310,0.767639,0.767639
logreg_balanced_ratio_preserved_noise_mcc_selected_v1,logistic_regression_class_weight_balanced,logistic_regression,C,70/30,5,random_flip_10,test,70/30,test,0.100000,True,2264,64,5.962792,70,21,49,0.842857,0.833333,0.708333,0.809524,0.755556,0.643623,42,7,4,17,0.868805,0.759367,0.759367
logreg_balanced_ratio_preserved_noise_mcc_selected_v1,logistic_regression_class_weight_balanced,logistic_regression,C,70/30,5,random_flip_10,test,75/25,test,0.100000,True,2264,64,6.048688,84,21,63,0.833333,0.825397,0.629630,0.809524,0.708333,0.603398,53,10,4,17,0.896447,0.786795,0.786795
logreg_balanced_ratio_preserved_noise_mcc_selected_v1,logistic_regression_class_weight_balanced,logistic_regression,C,70/30,5,random_flip_10,test,80/20,test,0.100000,True,2264,64,6.179778,105,21,84,0.742857,0.767857,0.425000,0.809524,0.557377,0.441261,61,23,4,17,0.824830,0.540574,0.540574
logreg_balanced_ratio_preserved_noise_mcc_selected_v1,logistic_regression_class_weight_balanced,logistic_regression,C,70/30,5,random_flip_10,test,90/10,test,0.100000,True,2264,64,6.430928,210,21,189,0.795238,0.801587,0.303571,0.809524,0.441558,0.409194,150,39,4,17,0.865709,0.538624,0.538624
logreg_balanced_ratio_preserved_noise_mcc_selected_v1,logistic_regression_class_weight_balanced,logistic_regression,C,70/30,5,random_flip_20,validation_grid,70/30,valid,0.100000,False,2264,64,5.189456,64,19,45,0.671875,0.721053,0.470588,0.842105,0.603774,0.404770,27,18,3,16,0.831579,0.715825,0.715825
logreg_balanced_ratio_preserved_noise_mcc_selected_v1,logistic_regression_class_weight_balanced,logistic_regression,C,70/30,5,random_flip_20,validation_grid,70/30,valid,1.000000,False,2264,64,5.302864,64,19,45,0.687500,0.716959,0.483871,0.789474,0.600000,0.396692,29,16,4,15,0.816374,0.682416,0.682416
logreg_balanced_ratio_preserved_noise_mcc_selected_v1,logistic_regression_class_weight_balanced,logistic_regression,C,70/30,5,random_flip_20,validation_grid,70/30,valid,10.000000,True,2264,64,5.555638,64,19,45,0.718750,0.723977,0.518519,0.736842,0.608696,0.414413,32,13,5,14,0.785965,0.612517,0.612517
logreg_balanced_ratio_preserved_noise_mcc_selected_v1,logistic_regression_class_weight_balanced,logistic_regression,C,70/30,5,random_flip_20,test,50/50,test,10.000000,True,2264,64,5.631466,42,21,21,0.595238,0.595238,0.642857,0.428571,0.514286,0.202031,16,5,12,9,0.707483,0.723313,0.723313
logreg_balanced_ratio_preserved_noise_mcc_selected_v1,logistic_regression_class_weight_balanced,logistic_regression,C,70/30,5,random_flip_20,test,60/40,test,10.000000,True,2264,64,5.712833,53,21,32,0.641509,0.604911,0.562500,0.428571,0.486486,0.223549,25,7,12,9,0.729167,0.672414,0.672414
logreg_balanced_ratio_preserved_noise_mcc_selected_v1,logistic_regression_class_weight_balanced,logistic_regression,C,70/30,5,random_flip_20,test,70/30,test,10.000000,True,2264,64,5.796630,70,21,49,0.685714,0.612245,0.473684,0.428571,0.450000,0.231336,39,10,12,9,0.784257,0.665686,0.665686
logreg_balanced_ratio_preserved_noise_mcc_selected_v1,logistic_regression_class_weight_balanced,logistic_regression,C,70/30,5,random_flip_20,test,75/25,test,10.000000,True,2264,64,5.884807,84,21,63,0.702381,0.611111,0.409091,0.428571,0.418605,0.218857,50,13,12,9,0.759637,0.516331,0.516331
logreg_balanced_ratio_preserved_noise_mcc_selected_v1,logistic_regression_class_weight_balanced,logistic_regression,C,70/30,5,random_flip_20,test,80/20,test,10.000000,True,2264,64,6.025785,105,21,84,0.685714,0.589286,0.300000,0.428571,0.352941,0.158114,63,21,12,9,0.683673,0.446570,0.446570
logreg_balanced_ratio_preserved_noise_mcc_selected_v1,logistic_regression_class_weight_balanced,logistic_regression,C,70/30,5,random_flip_20,test,90/10,test,10.000000,True,2264,64,6.243149,210,21,189,0.723810,0.592593,0.163636,0.428571,0.236842,0.126357,143,46,12,9,0.701940,0.278979,0.278979
logreg_balanced_ratio_preserved_noise_mcc_selected_v1,logistic_regression_class_weight_balanced,logistic_regression,C,70/30,5,random_fp_10,validation_grid,70/30,valid,0.100000,False,3021,64,6.404189,64,19,45,0.703125,0.728070,0.500000,0.789474,0.612245,0.417620,30,15,4,15,0.823392,0.664211,0.664211
logreg_balanced_ratio_preserved_noise_mcc_selected_v1,logistic_regression_class_weight_balanced,logistic_regression,C,70/30,5,random_fp_10,validation_grid,70/30,valid,1.000000,True,3021,64,6.562048,64,19,45,0.718750,0.739181,0.517241,0.789474,0.625000,0.439043,31,14,4,15,0.790643,0.651022,0.651022
logreg_balanced_ratio_preserved_noise_mcc_selected_v1,logistic_regression_class_weight_balanced,logistic_regression,C,70/30,5,random_fp_10,validation_grid,70/30,valid,10.000000,False,3021,64,6.818553,64,19,45,0.703125,0.728070,0.500000,0.789474,0.612245,0.417620,30,15,4,15,0.776608,0.636414,0.636414
logreg_balanced_ratio_preserved_noise_mcc_selected_v1,logistic_regression_class_weight_balanced,logistic_regression,C,70/30,5,random_fp_10,test,50/50,test,1.000000,True,3021,64,6.894940,42,21,21,0.809524,0.809524,0.782609,0.857143,0.818182,0.621874,16,5,3,18,0.891156,0.889344,0.889344
logreg_balanced_ratio_preserved_noise_mcc_selected_v1,logistic_regression_class_weight_balanced,logistic_regression,C,70/30,5,random_fp_10,test,60/40,test,1.000000,True,3021,64,6.979932,53,21,32,0.867925,0.866071,0.818182,0.857143,0.837209,0.726755,28,4,3,18,0.909226,0.837254,0.837254
logreg_balanced_ratio_preserved_noise_mcc_selected_v1,logistic_regression_class_weight_balanced,logistic_regression,C,70/30,5,random_fp_10,test,70/30,test,1.000000,True,3021,64,7.075452,70,21,49,0.857143,0.857143,0.720000,0.857143,0.782609,0.683130,42,7,3,18,0.916424,0.855883,0.855883
logreg_balanced_ratio_preserved_noise_mcc_selected_v1,logistic_regression_class_weight_balanced,logistic_regression,C,70/30,5,random_fp_10,test,75/25,test,1.000000,True,3021,64,7.161598,84,21,63,0.904762,0.888889,0.782609,0.857143,0.818182,0.755278,58,5,3,18,0.911565,0.762784,0.762784
logreg_balanced_ratio_preserved_noise_mcc_selected_v1,logistic_regression_class_weight_balanced,logistic_regression,C,70/30,5,random_fp_10,test,80/20,test,1.000000,True,3021,64,7.292916,105,21,84,0.771429,0.803571,0.461538,0.857143,0.600000,0.502616,63,21,3,18,0.874717,0.645789,0.645789
logreg_balanced_ratio_preserved_noise_mcc_selected_v1,logistic_regression_class_weight_balanced,logistic_regression,C,70/30,5,random_fp_10,test,90/10,test,1.000000,True,3021,64,7.517117,210,21,189,0.800000,0.825397,0.315789,0.857143,0.461538,0.439037,150,39,3,18,0.902494,0.668415,0.668415
logreg_balanced_ratio_preserved_noise_mcc_selected_v1,logistic_regression_class_weight_balanced,logistic_regression,C,70/30,5,random_fp_20,validation_grid,70/30,valid,0.100000,False,3775,64,7.147248,64,19,45,0.687500,0.732164,0.484848,0.842105,0.615385,0.424492,28,17,3,16,0.829240,0.688045,0.688045
logreg_balanced_ratio_preserved_noise_mcc_selected_v1,logistic_regression_class_weight_balanced,logistic_regression,C,70/30,5,random_fp_20,validation_grid,70/30,valid,1.000000,True,3775,64,7.311414,64,19,45,0.703125,0.743275,0.500000,0.842105,0.627451,0.444591,29,16,3,16,0.821053,0.700177,0.700177
logreg_balanced_ratio_preserved_noise_mcc_selected_v1,logistic_regression_class_weight_balanced,logistic_regression,C,70/30,5,random_fp_20,validation_grid,70/30,valid,10.000000,False,3775,64,7.741896,64,19,45,0.734375,0.719883,0.541667,0.684211,0.604651,0.415020,34,11,6,13,0.809357,0.622183,0.622183
logreg_balanced_ratio_preserved_noise_mcc_selected_v1,logistic_regression_class_weight_balanced,logistic_regression,C,70/30,5,random_fp_20,test,50/50,test,1.000000,True,3775,64,7.813767,42,21,21,0.785714,0.785714,0.772727,0.809524,0.790698,0.572078,16,5,4,17,0.829932,0.865029,0.865029
logreg_balanced_ratio_preserved_noise_mcc_selected_v1,logistic_regression_class_weight_balanced,logistic_regression,C,70/30,5,random_fp_20,test,60/40,test,1.000000,True,3775,64,7.892243,53,21,32,0.792453,0.795387,0.708333,0.809524,0.755556,0.580499,25,7,4,17,0.833333,0.769946,0.769946
logreg_balanced_ratio_preserved_noise_mcc_selected_v1,logistic_regression_class_weight_balanced,logistic_regression,C,70/30,5,random_fp_20,test,70/30,test,1.000000,True,3775,64,7.974099,70,21,49,0.814286,0.812925,0.653846,0.809524,0.723404,0.593561,40,9,4,17,0.844509,0.742986,0.742986
logreg_balanced_ratio_preserved_noise_mcc_selected_v1,logistic_regression_class_weight_balanced,logistic_regression,C,70/30,5,random_fp_20,test,75/25,test,1.000000,True,3775,64,8.062769,84,21,63,0.773810,0.785714,0.531250,0.809524,0.641509,0.509525,48,15,4,17,0.842782,0.709724,0.709724
logreg_balanced_ratio_preserved_noise_mcc_selected_v1,logistic_regression_class_weight_balanced,logistic_regression,C,70/30,5,random_fp_20,test,80/20,test,1.000000,True,3775,64,8.194123,105,21,84,0.714286,0.750000,0.395349,0.809524,0.531250,0.406714,58,26,4,17,0.816327,0.575332,0.575332
logreg_balanced_ratio_preserved_noise_mcc_selected_v1,logistic_regression_class_weight_balanced,logistic_regression,C,70/30,5,random_fp_20,test,90/10,test,1.000000,True,3775,64,8.425314,210,21,189,0.752381,0.777778,0.261538,0.809524,0.395349,0.360518,141,48,4,17,0.843537,0.501444,0.501444
logreg_balanced_ratio_preserved_noise_mcc_selected_v1,logistic_regression_class_weight_balanced,logistic_regression,C,70/30,5,heuristic_fp_10,validation_grid,70/30,valid,0.100000,False,3021,64,6.085520,64,19,45,0.687500,0.716959,0.483871,0.789474,0.600000,0.396692,29,16,4,15,0.838596,0.686938,0.686938
logreg_balanced_ratio_preserved_noise_mcc_selected_v1,logistic_regression_class_weight_balanced,logistic_regression,C,70/30,5,heuristic_fp_10,validation_grid,70/30,valid,1.000000,False,3021,64,6.233037,64,19,45,0.718750,0.739181,0.517241,0.789474,0.625000,0.439043,31,14,4,15,0.830409,0.688232,0.688232
logreg_balanced_ratio_preserved_noise_mcc_selected_v1,logistic_regression_class_weight_balanced,logistic_regression,C,70/30,5,heuristic_fp_10,validation_grid,70/30,valid,10.000000,True,3021,64,6.492798,64,19,45,0.781250,0.798830,0.592593,0.842105,0.695652,0.552911,34,11,3,16,0.819883,0.695451,0.695451
logreg_balanced_ratio_preserved_noise_mcc_selected_v1,logistic_regression_class_weight_balanced,logistic_regression,C,70/30,5,heuristic_fp_10,test,50/50,test,10.000000,True,3021,64,6.566405,42,21,21,0.880952,0.880952,0.900000,0.857143,0.878049,0.762770,19,2,3,18,0.929705,0.920536,0.920536
logreg_balanced_ratio_preserved_noise_mcc_selected_v1,logistic_regression_class_weight_balanced,logistic_regression,C,70/30,5,heuristic_fp_10,test,60/40,test,10.000000,True,3021,64,6.645648,53,21,32,0.849057,0.850446,0.782609,0.857143,0.818182,0.691690,27,5,3,18,0.918155,0.871519,0.871519
logreg_balanced_ratio_preserved_noise_mcc_selected_v1,logistic_regression_class_weight_balanced,logistic_regression,C,70/30,5,heuristic_fp_10,test,70/30,test,10.000000,True,3021,64,6.732032,70,21,49,0.842857,0.846939,0.692308,0.857143,0.765957,0.658078,41,8,3,18,0.925170,0.855809,0.855809
logreg_balanced_ratio_preserved_noise_mcc_selected_v1,logistic_regression_class_weight_balanced,logistic_regression,C,70/30,5,heuristic_fp_10,test,75/25,test,10.000000,True,3021,64,6.822336,84,21,63,0.916667,0.896825,0.818182,0.857143,0.837209,0.781632,59,4,3,18,0.934996,0.753193,0.753193
logreg_balanced_ratio_preserved_noise_mcc_selected_v1,logistic_regression_class_weight_balanced,logistic_regression,C,70/30,5,heuristic_fp_10,test,80/20,test,10.000000,True,3021,64,6.958149,105,21,84,0.819048,0.833333,0.529412,0.857143,0.654545,0.569888,68,16,3,18,0.903628,0.692229,0.692229
logreg_balanced_ratio_preserved_noise_mcc_selected_v1,logistic_regression_class_weight_balanced,logistic_regression,C,70/30,5,heuristic_fp_10,test,90/10,test,10.000000,True,3021,64,7.202594,210,21,189,0.795238,0.822751,0.310345,0.857143,0.455696,0.433115,149,40,3,18,0.906274,0.602401,0.602401
logreg_balanced_ratio_preserved_noise_mcc_selected_v1,logistic_regression_class_weight_balanced,logistic_regression,C,70/30,5,heuristic_fp_20,validation_grid,70/30,valid,0.100000,False,3775,64,7.108951,64,19,45,0.671875,0.705848,0.468750,0.789474,0.588235,0.376192,28,17,4,15,0.838596,0.685946,0.685946
logreg_balanced_ratio_preserved_noise_mcc_selected_v1,logistic_regression_class_weight_balanced,logistic_regression,C,70/30,5,heuristic_fp_20,validation_grid,70/30,valid,1.000000,False,3775,64,7.281046,64,19,45,0.718750,0.739181,0.517241,0.789474,0.625000,0.439043,31,14,4,15,0.832749,0.648028,0.648028
logreg_balanced_ratio_preserved_noise_mcc_selected_v1,logistic_regression_class_weight_balanced,logistic_regression,C,70/30,5,heuristic_fp_20,validation_grid,70/30,valid,10.000000,True,3775,64,7.664547,64,19,45,0.750000,0.761404,0.555556,0.789474,0.652174,0.483662,33,12,4,15,0.821053,0.675431,0.675431
logreg_balanced_ratio_preserved_noise_mcc_selected_v1,logistic_regression_class_weight_balanced,logistic_regression,C,70/30,5,heuristic_fp_20,test,50/50,test,10.000000,True,3775,64,7.740455,42,21,21,0.857143,0.857143,0.857143,0.857143,0.857143,0.714286,18,3,3,18,0.936508,0.917226,0.917226
logreg_balanced_ratio_preserved_noise_mcc_selected_v1,logistic_regression_class_weight_balanced,logistic_regression,C,70/30,5,heuristic_fp_20,test,60/40,test,10.000000,True,3775,64,7.819354,53,21,32,0.773585,0.787946,0.666667,0.857143,0.750000,0.563453,23,9,3,18,0.882440,0.794479,0.794479
logreg_balanced_ratio_preserved_noise_mcc_selected_v1,logistic_regression_class_weight_balanced,logistic_regression,C,70/30,5,heuristic_fp_20,test,70/30,test,10.000000,True,3775,64,7.910250,70,21,49,0.842857,0.846939,0.692308,0.857143,0.765957,0.658078,41,8,3,18,0.923226,0.759468,0.759468
logreg_balanced_ratio_preserved_noise_mcc_selected_v1,logistic_regression_class_weight_balanced,logistic_regression,C,70/30,5,heuristic_fp_20,test,75/25,test,10.000000,True,3775,64,8.004208,84,21,63,0.845238,0.849206,0.642857,0.857143,0.734694,0.641533,53,10,3,18,0.925926,0.719597,0.719597
logreg_balanced_ratio_preserved_noise_mcc_selected_v1,logistic_regression_class_weight_balanced,logistic_regression,C,70/30,5,heuristic_fp_20,test,80/20,test,10.000000,True,3775,64,8.157427,105,21,84,0.828571,0.839286,0.545455,0.857143,0.666667,0.584685,69,15,3,18,0.907596,0.630568,0.630568
logreg_balanced_ratio_preserved_noise_mcc_selected_v1,logistic_regression_class_weight_balanced,logistic_regression,C,70/30,5,heuristic_fp_20,test,90/10,test,10.000000,True,3775,64,8.426877,210,21,189,0.804762,0.828042,0.321429,0.857143,0.467532,0.445088,151,38,3,18,0.916856,0.550836,0.550836
logreg_balanced_ratio_preserved_noise_mcc_selected_v1,logistic_regression_class_weight_balanced,logistic_regression,C,75/25,1,clean,validation_grid,75/25,valid,0.100000,False,2716,76,5.638569,76,19,57,0.789474,0.789474,0.555556,0.789474,0.652174,0.523810,45,12,4,15,0.889197,0.769817,0.769817
logreg_balanced_ratio_preserved_noise_mcc_selected_v1,logistic_regression_class_weight_balanced,logistic_regression,C,75/25,1,clean,validation_grid,75/25,valid,1.000000,False,2716,76,5.769302,76,19,57,0.842105,0.824561,0.652174,0.789474,0.714286,0.611842,49,8,4,15,0.889197,0.804127,0.804127
logreg_balanced_ratio_preserved_noise_mcc_selected_v1,logistic_regression_class_weight_balanced,logistic_regression,C,75/25,1,clean,validation_grid,75/25,valid,10.000000,True,2716,76,5.997952,76,19,57,0.881579,0.833333,0.777778,0.736842,0.756757,0.679005,53,4,5,14,0.879963,0.829539,0.829539
logreg_balanced_ratio_preserved_noise_mcc_selected_v1,logistic_regression_class_weight_balanced,logistic_regression,C,75/25,1,clean,test,50/50,test,10.000000,True,2716,76,6.065972,42,21,21,0.761905,0.761905,0.823529,0.666667,0.736842,0.533578,18,3,7,14,0.900227,0.914218,0.914218
logreg_balanced_ratio_preserved_noise_mcc_selected_v1,logistic_regression_class_weight_balanced,logistic_regression,C,75/25,1,clean,test,60/40,test,10.000000,True,2716,76,6.137570,53,21,32,0.792453,0.770833,0.777778,0.666667,0.717949,0.559431,28,4,7,14,0.892857,0.860190,0.860190
logreg_balanced_ratio_preserved_noise_mcc_selected_v1,logistic_regression_class_weight_balanced,logistic_regression,C,75/25,1,clean,test,70/30,test,10.000000,True,2716,76,6.211688,70,21,49,0.871429,0.812925,0.875000,0.666667,0.756757,0.683001,47,2,7,14,0.928086,0.882419,0.882419
logreg_balanced_ratio_preserved_noise_mcc_selected_v1,logistic_regression_class_weight_balanced,logistic_regression,C,75/25,1,clean,test,75/25,test,10.000000,True,2716,76,6.296188,84,21,63,0.869048,0.801587,0.777778,0.666667,0.717949,0.636524,59,4,7,14,0.932729,0.863662,0.863662
logreg_balanced_ratio_preserved_noise_mcc_selected_v1,logistic_regression_class_weight_balanced,logistic_regression,C,75/25,1,clean,test,80/20,test,10.000000,True,2716,76,6.409103,105,21,84,0.857143,0.785714,0.636364,0.666667,0.651163,0.561644,76,8,7,14,0.887755,0.731586,0.731586
logreg_balanced_ratio_preserved_noise_mcc_selected_v1,logistic_regression_class_weight_balanced,logistic_regression,C,75/25,1,clean,test,90/10,test,10.000000,True,2716,76,6.612675,210,21,189,0.880952,0.785714,0.437500,0.666667,0.528302,0.476999,171,18,7,14,0.890653,0.565781,0.565781
logreg_balanced_ratio_preserved_noise_mcc_selected_v1,logistic_regression_class_weight_balanced,logistic_regression,C,75/25,1,random_flip_10,validation_grid,75/25,valid,0.100000,False,2716,76,5.694841,76,19,57,0.763158,0.771930,0.517241,0.789474,0.625000,0.484789,43,14,4,15,0.885503,0.763681,0.763681
logreg_balanced_ratio_preserved_noise_mcc_selected_v1,logistic_regression_class_weight_balanced,logistic_regression,C,75/25,1,random_flip_10,validation_grid,75/25,valid,1.000000,True,2716,76,5.845559,76,19,57,0.855263,0.850877,0.666667,0.842105,0.744186,0.653720,49,8,3,16,0.869806,0.783458,0.783458
logreg_balanced_ratio_preserved_noise_mcc_selected_v1,logistic_regression_class_weight_balanced,logistic_regression,C,75/25,1,random_flip_10,validation_grid,75/25,valid,10.000000,False,2716,76,6.109035,76,19,57,0.842105,0.807018,0.666667,0.736842,0.700000,0.594588,50,7,5,14,0.851339,0.795066,0.795066
logreg_balanced_ratio_preserved_noise_mcc_selected_v1,logistic_regression_class_weight_balanced,logistic_regression,C,75/25,1,random_flip_10,test,50/50,test,1.000000,True,2716,76,6.178129,42,21,21,0.809524,0.809524,0.842105,0.761905,0.800000,0.621874,18,3,5,16,0.879819,0.895330,0.895330
logreg_balanced_ratio_preserved_noise_mcc_selected_v1,logistic_regression_class_weight_balanced,logistic_regression,C,75/25,1,random_flip_10,test,60/40,test,1.000000,True,2716,76,6.259438,53,21,32,0.735849,0.740327,0.640000,0.761905,0.695652,0.470944,23,9,5,16,0.815476,0.765565,0.765565
logreg_balanced_ratio_preserved_noise_mcc_selected_v1,logistic_regression_class_weight_balanced,logistic_regression,C,75/25,1,random_flip_10,test,70/30,test,1.000000,True,2716,76,6.340218,70,21,49,0.885714,0.850340,0.842105,0.761905,0.800000,0.722047,46,3,5,16,0.926142,0.886411,0.886411
logreg_balanced_ratio_preserved_noise_mcc_selected_v1,logistic_regression_class_weight_balanced,logistic_regression,C,75/25,1,random_flip_10,test,75/25,test,1.000000,True,2716,76,6.429219,84,21,63,0.892857,0.849206,0.800000,0.761905,0.780488,0.710047,59,4,5,16,0.922147,0.857914,0.857914
logreg_balanced_ratio_preserved_noise_mcc_selected_v1,logistic_regression_class_weight_balanced,logistic_regression,C,75/25,1,random_flip_10,test,80/20,test,1.000000,True,2716,76,6.545302,105,21,84,0.800000,0.785714,0.500000,0.761905,0.603774,0.496564,68,16,5,16,0.827664,0.564966,0.564966
logreg_balanced_ratio_preserved_noise_mcc_selected_v1,logistic_regression_class_weight_balanced,logistic_regression,C,75/25,1,random_flip_10,test,90/10,test,1.000000,True,2716,76,6.748287,210,21,189,0.795238,0.780423,0.296296,0.761905,0.426667,0.384969,151,38,5,16,0.851096,0.490396,0.490396
logreg_balanced_ratio_preserved_noise_mcc_selected_v1,logistic_regression_class_weight_balanced,logistic_regression,C,75/25,1,random_flip_20,validation_grid,75/25,valid,0.100000,False,2716,76,6.113782,76,19,57,0.776316,0.780702,0.535714,0.789474,0.638298,0.503953,44,13,4,15,0.870729,0.751459,0.751459
logreg_balanced_ratio_preserved_noise_mcc_selected_v1,logistic_regression_class_weight_balanced,logistic_regression,C,75/25,1,random_flip_20,validation_grid,75/25,valid,1.000000,True,2716,76,6.233138,76,19,57,0.802632,0.780702,0.583333,0.736842,0.651163,0.522976,47,10,5,14,0.828255,0.721223,0.721223
logreg_balanced_ratio_preserved_noise_mcc_selected_v1,logistic_regression_class_weight_balanced,logistic_regression,C,75/25,1,random_flip_20,validation_grid,75/25,valid,10.000000,False,2716,76,6.511543,76,19,57,0.776316,0.692982,0.555556,0.526316,0.540541,0.393108,49,8,9,10,0.765466,0.548939,0.548939
logreg_balanced_ratio_preserved_noise_mcc_selected_v1,logistic_regression_class_weight_balanced,logistic_regression,C,75/25,1,random_flip_20,test,50/50,test,1.000000,True,2716,76,6.587258,42,21,21,0.738095,0.738095,0.812500,0.619048,0.702703,0.490290,18,3,8,13,0.850340,0.874911,0.874911
logreg_balanced_ratio_preserved_noise_mcc_selected_v1,logistic_regression_class_weight_balanced,logistic_regression,C,75/25,1,random_flip_20,test,60/40,test,1.000000,True,2716,76,6.674258,53,21,32,0.716981,0.700149,0.650000,0.619048,0.634146,0.403920,25,7,8,13,0.819940,0.789831,0.789831
logreg_balanced_ratio_preserved_noise_mcc_selected_v1,logistic_regression_class_weight_balanced,logistic_regression,C,75/25,1,random_flip_20,test,70/30,test,1.000000,True,2716,76,6.753804,70,21,49,0.814286,0.758503,0.722222,0.619048,0.666667,0.542083,44,5,8,13,0.858115,0.798641,0.798641
logreg_balanced_ratio_preserved_noise_mcc_selected_v1,logistic_regression_class_weight_balanced,logistic_regression,C,75/25,1,random_flip_20,test,75/25,test,1.000000,True,2716,76,6.841173,84,21,63,0.738095,0.698413,0.481481,0.619048,0.541667,0.367926,49,14,8,13,0.804233,0.681285,0.681285
logreg_balanced_ratio_preserved_noise_mcc_selected_v1,logistic_regression_class_weight_balanced,logistic_regression,C,75/25,1,random_flip_20,test,80/20,test,1.000000,True,2716,76,6.952308,105,21,84,0.752381,0.702381,0.419355,0.619048,0.500000,0.354938,66,18,8,13,0.820295,0.651250,0.651250
logreg_balanced_ratio_preserved_noise_mcc_selected_v1,logistic_regression_class_weight_balanced,logistic_regression,C,75/25,1,random_flip_20,test,90/10,test,1.000000,True,2716,76,7.167476,210,21,189,0.776190,0.706349,0.250000,0.619048,0.356164,0.286842,150,39,8,13,0.825649,0.432484,0.432484
logreg_balanced_ratio_preserved_noise_mcc_selected_v1,logistic_regression_class_weight_balanced,logistic_regression,C,75/25,1,random_fp_10,validation_grid,75/25,valid,0.100000,False,3804,76,6.901529,76,19,57,0.789474,0.807018,0.551724,0.842105,0.666667,0.547343,44,13,3,16,0.884580,0.759498,0.759498
logreg_balanced_ratio_preserved_noise_mcc_selected_v1,logistic_regression_class_weight_balanced,logistic_regression,C,75/25,1,random_fp_10,validation_grid,75/25,valid,1.000000,False,3804,76,7.108280,76,19,57,0.802632,0.815789,0.571429,0.842105,0.680851,0.566947,45,12,3,16,0.869806,0.823575,0.823575
logreg_balanced_ratio_preserved_noise_mcc_selected_v1,logistic_regression_class_weight_balanced,logistic_regression,C,75/25,1,random_fp_10,validation_grid,75/25,valid,10.000000,True,3804,76,7.518916,76,19,57,0.828947,0.798246,0.636364,0.736842,0.682927,0.569521,49,8,5,14,0.820868,0.723918,0.723918
logreg_balanced_ratio_preserved_noise_mcc_selected_v1,logistic_regression_class_weight_balanced,logistic_regression,C,75/25,1,random_fp_10,test,50/50,test,10.000000,True,3804,76,7.600366,42,21,21,0.761905,0.761905,0.789474,0.714286,0.750000,0.526201,17,4,6,15,0.802721,0.848789,0.848789
logreg_balanced_ratio_preserved_noise_mcc_selected_v1,logistic_regression_class_weight_balanced,logistic_regression,C,75/25,1,random_fp_10,test,60/40,test,10.000000,True,3804,76,7.696979,53,21,32,0.792453,0.779018,0.750000,0.714286,0.731707,0.563086,27,5,6,15,0.809524,0.798934,0.798934
logreg_balanced_ratio_preserved_noise_mcc_selected_v1,logistic_regression_class_weight_balanced,logistic_regression,C,75/25,1,random_fp_10,test,70/30,test,10.000000,True,3804,76,7.782122,70,21,49,0.828571,0.795918,0.714286,0.714286,0.714286,0.591837,43,6,6,15,0.837707,0.789530,0.789530
logreg_balanced_ratio_preserved_noise_mcc_selected_v1,logistic_regression_class_weight_balanced,logistic_regression,C,75/25,1,random_fp_10,test,75/25,test,10.000000,True,3804,76,7.875433,84,21,63,0.809524,0.777778,0.600000,0.714286,0.652174,0.526152,53,10,6,15,0.820862,0.690215,0.690215
logreg_balanced_ratio_preserved_noise_mcc_selected_v1,logistic_regression_class_weight_balanced,logistic_regression,C,75/25,1,random_fp_10,test,80/20,test,10.000000,True,3804,76,7.990872,105,21,84,0.780952,0.755952,0.468750,0.714286,0.566038,0.444838,67,17,6,15,0.769274,0.551940,0.551940
logreg_balanced_ratio_preserved_noise_mcc_selected_v1,logistic_regression_class_weight_balanced,logistic_regression,C,75/25,1,random_fp_10,test,90/10,test,10.000000,True,3804,76,8.192044,210,21,189,0.804762,0.764550,0.300000,0.714286,0.422535,0.372678,154,35,6,15,0.786092,0.496799,0.496799
logreg_balanced_ratio_preserved_noise_mcc_selected_v1,logistic_regression_class_weight_balanced,logistic_regression,C,75/25,1,random_fp_20,validation_grid,75/25,valid,0.100000,False,4892,76,8.174568,76,19,57,0.750000,0.780702,0.500000,0.842105,0.627451,0.492366,41,16,3,16,0.874423,0.716385,0.716385
logreg_balanced_ratio_preserved_noise_mcc_selected_v1,logistic_regression_class_weight_balanced,logistic_regression,C,75/25,1,random_fp_20,validation_grid,75/25,valid,1.000000,True,4892,76,8.471832,76,19,57,0.789474,0.807018,0.551724,0.842105,0.666667,0.547343,44,13,3,16,0.846722,0.690347,0.690347
logreg_balanced_ratio_preserved_noise_mcc_selected_v1,logistic_regression_class_weight_balanced,logistic_regression,C,75/25,1,random_fp_20,validation_grid,75/25,valid,10.000000,False,4892,76,9.068136,76,19,57,0.750000,0.710526,0.500000,0.631579,0.558140,0.392232,45,12,7,12,0.803324,0.592162,0.592162
logreg_balanced_ratio_preserved_noise_mcc_selected_v1,logistic_regression_class_weight_balanced,logistic_regression,C,75/25,1,random_fp_20,test,50/50,test,1.000000,True,4892,76,9.147879,42,21,21,0.761905,0.761905,0.789474,0.714286,0.750000,0.526201,17,4,6,15,0.827664,0.795672,0.795672
logreg_balanced_ratio_preserved_noise_mcc_selected_v1,logistic_regression_class_weight_balanced,logistic_regression,C,75/25,1,random_fp_20,test,60/40,test,1.000000,True,4892,76,9.239876,53,21,32,0.754717,0.747768,0.681818,0.714286,0.697674,0.491889,25,7,6,15,0.825893,0.837716,0.837716
logreg_balanced_ratio_preserved_noise_mcc_selected_v1,logistic_regression_class_weight_balanced,logistic_regression,C,75/25,1,random_fp_20,test,70/30,test,1.000000,True,4892,76,9.323566,70,21,49,0.842857,0.806122,0.750000,0.714286,0.731707,0.621059,44,5,6,15,0.870748,0.850763,0.850763
logreg_balanced_ratio_preserved_noise_mcc_selected_v1,logistic_regression_class_weight_balanced,logistic_regression,C,75/25,1,random_fp_20,test,75/25,test,1.000000,True,4892,76,9.415902,84,21,63,0.821429,0.785714,0.625000,0.714286,0.666667,0.547723,54,9,6,15,0.870748,0.752857,0.752857
logreg_balanced_ratio_preserved_noise_mcc_selected_v1,logistic_regression_class_weight_balanced,logistic_regression,C,75/25,1,random_fp_20,test,80/20,test,1.000000,True,4892,76,9.532472,105,21,84,0.800000,0.767857,0.500000,0.714286,0.588235,0.474342,69,15,6,15,0.845238,0.650972,0.650972
logreg_balanced_ratio_preserved_noise_mcc_selected_v1,logistic_regression_class_weight_balanced,logistic_regression,C,75/25,1,random_fp_20,test,90/10,test,1.000000,True,4892,76,9.744694,210,21,189,0.780952,0.751323,0.272727,0.714286,0.394737,0.342969,149,40,6,15,0.836231,0.546288,0.546288
logreg_balanced_ratio_preserved_noise_mcc_selected_v1,logistic_regression_class_weight_balanced,logistic_regression,C,75/25,1,heuristic_fp_10,validation_grid,75/25,valid,0.100000,False,3804,76,7.682573,76,19,57,0.763158,0.771930,0.517241,0.789474,0.625000,0.484789,43,14,4,15,0.884580,0.720133,0.720133
logreg_balanced_ratio_preserved_noise_mcc_selected_v1,logistic_regression_class_weight_balanced,logistic_regression,C,75/25,1,heuristic_fp_10,validation_grid,75/25,valid,1.000000,False,3804,76,7.894533,76,19,57,0.802632,0.798246,0.576923,0.789474,0.666667,0.544436,46,11,4,15,0.882733,0.760200,0.760200
logreg_balanced_ratio_preserved_noise_mcc_selected_v1,logistic_regression_class_weight_balanced,logistic_regression,C,75/25,1,heuristic_fp_10,validation_grid,75/25,valid,10.000000,True,3804,76,8.238909,76,19,57,0.855263,0.850877,0.666667,0.842105,0.744186,0.653720,49,8,3,16,0.891967,0.773297,0.773297
logreg_balanced_ratio_preserved_noise_mcc_selected_v1,logistic_regression_class_weight_balanced,logistic_regression,C,75/25,1,heuristic_fp_10,test,50/50,test,10.000000,True,3804,76,8.306914,42,21,21,0.880952,0.880952,0.863636,0.904762,0.883721,0.762770,18,3,2,19,0.925170,0.930203,0.930203
logreg_balanced_ratio_preserved_noise_mcc_selected_v1,logistic_regression_class_weight_balanced,logistic_regression,C,75/25,1,heuristic_fp_10,test,60/40,test,10.000000,True,3804,76,8.381578,53,21,32,0.867925,0.874256,0.791667,0.904762,0.844444,0.735493,27,5,2,19,0.904762,0.854207,0.854207
logreg_balanced_ratio_preserved_noise_mcc_selected_v1,logistic_regression_class_weight_balanced,logistic_regression,C,75/25,1,heuristic_fp_10,test,70/30,test,10.000000,True,3804,76,8.457573,70,21,49,0.957143,0.942177,0.950000,0.904762,0.926829,0.897085,48,1,2,19,0.965015,0.953982,0.953982
logreg_balanced_ratio_preserved_noise_mcc_selected_v1,logistic_regression_class_weight_balanced,logistic_regression,C,75/25,1,heuristic_fp_10,test,75/25,test,10.000000,True,3804,76,8.543378,84,21,63,0.916667,0.912698,0.791667,0.904762,0.844444,0.791155,58,5,2,19,0.956916,0.923425,0.923425
logreg_balanced_ratio_preserved_noise_mcc_selected_v1,logistic_regression_class_weight_balanced,logistic_regression,C,75/25,1,heuristic_fp_10,test,80/20,test,10.000000,True,3804,76,8.661611,105,21,84,0.866667,0.880952,0.612903,0.904762,0.730769,0.668118,72,12,2,19,0.896259,0.635703,0.635703
logreg_balanced_ratio_preserved_noise_mcc_selected_v1,logistic_regression_class_weight_balanced,logistic_regression,C,75/25,1,heuristic_fp_10,test,90/10,test,10.000000,True,3804,76,8.881563,210,21,189,0.852381,0.875661,0.395833,0.904762,0.550725,0.536771,160,29,2,19,0.906274,0.507513,0.507513
logreg_balanced_ratio_preserved_noise_mcc_selected_v1,logistic_regression_class_weight_balanced,logistic_regression,C,75/25,1,heuristic_fp_20,validation_grid,75/25,valid,0.100000,True,4892,76,8.229584,76,19,57,0.750000,0.763158,0.500000,0.789474,0.612245,0.466252,42,15,4,15,0.883657,0.694480,0.694480
logreg_balanced_ratio_preserved_noise_mcc_selected_v1,logistic_regression_class_weight_balanced,logistic_regression,C,75/25,1,heuristic_fp_20,validation_grid,75/25,valid,1.000000,False,4892,76,8.494095,76,19,57,0.763158,0.754386,0.518519,0.736842,0.608696,0.460317,44,13,5,14,0.869806,0.702364,0.702364
logreg_balanced_ratio_preserved_noise_mcc_selected_v1,logistic_regression_class_weight_balanced,logistic_regression,C,75/25,1,heuristic_fp_20,validation_grid,75/25,valid,10.000000,False,4892,76,8.946065,76,19,57,0.776316,0.745614,0.541667,0.684211,0.604651,0.457604,46,11,6,13,0.868883,0.689385,0.689385
logreg_balanced_ratio_preserved_noise_mcc_selected_v1,logistic_regression_class_weight_balanced,logistic_regression,C,75/25,1,heuristic_fp_20,test,50/50,test,0.100000,True,4892,76,9.016762,42,21,21,0.833333,0.833333,0.818182,0.857143,0.837209,0.667424,17,4,3,18,0.884354,0.889205,0.889205
logreg_balanced_ratio_preserved_noise_mcc_selected_v1,logistic_regression_class_weight_balanced,logistic_regression,C,75/25,1,heuristic_fp_20,test,60/40,test,0.100000,True,4892,76,9.097432,53,21,32,0.811321,0.819196,0.720000,0.857143,0.782609,0.625495,25,7,3,18,0.898810,0.879301,0.879301
logreg_balanced_ratio_preserved_noise_mcc_selected_v1,logistic_regression_class_weight_balanced,logistic_regression,C,75/25,1,heuristic_fp_20,test,70/30,test,0.100000,True,4892,76,9.178892,70,21,49,0.871429,0.867347,0.750000,0.857143,0.800000,0.709299,43,6,3,18,0.929057,0.882544,0.882544
logreg_balanced_ratio_preserved_noise_mcc_selected_v1,logistic_regression_class_weight_balanced,logistic_regression,C,75/25,1,heuristic_fp_20,test,75/25,test,0.100000,True,4892,76,9.261474,84,21,63,0.857143,0.857143,0.666667,0.857143,0.750000,0.662266,54,9,3,18,0.927438,0.863629,0.863629
logreg_balanced_ratio_preserved_noise_mcc_selected_v1,logistic_regression_class_weight_balanced,logistic_regression,C,75/25,1,heuristic_fp_20,test,80/20,test,0.100000,True,4892,76,9.367197,105,21,84,0.780952,0.809524,0.473684,0.857143,0.610169,0.515281,64,20,3,18,0.856576,0.557608,0.557608
logreg_balanced_ratio_preserved_noise_mcc_selected_v1,logistic_regression_class_weight_balanced,logistic_regression,C,75/25,1,heuristic_fp_20,test,90/10,test,0.100000,True,4892,76,9.571977,210,21,189,0.733333,0.788360,0.253521,0.857143,0.391304,0.365737,136,53,3,18,0.863190,0.353017,0.353017
logreg_balanced_ratio_preserved_noise_mcc_selected_v1,logistic_regression_class_weight_balanced,logistic_regression,C,75/25,2,clean,validation_grid,75/25,valid,0.100000,False,2716,76,5.589315,76,19,57,0.750000,0.763158,0.500000,0.789474,0.612245,0.466252,42,15,4,15,0.853186,0.686553,0.686553
logreg_balanced_ratio_preserved_noise_mcc_selected_v1,logistic_regression_class_weight_balanced,logistic_regression,C,75/25,2,clean,validation_grid,75/25,valid,1.000000,False,2716,76,5.725584,76,19,57,0.828947,0.815789,0.625000,0.789474,0.697674,0.588348,48,9,4,15,0.867959,0.780174,0.780174
logreg_balanced_ratio_preserved_noise_mcc_selected_v1,logistic_regression_class_weight_balanced,logistic_regression,C,75/25,2,clean,validation_grid,75/25,valid,10.000000,True,2716,76,5.949098,76,19,57,0.855263,0.833333,0.681818,0.789474,0.731707,0.636524,50,7,4,15,0.856879,0.783172,0.783172
logreg_balanced_ratio_preserved_noise_mcc_selected_v1,logistic_regression_class_weight_balanced,logistic_regression,C,75/25,2,clean,test,50/50,test,10.000000,True,2716,76,6.040649,42,21,21,0.785714,0.785714,0.875000,0.666667,0.756757,0.588348,19,2,7,14,0.891156,0.898849,0.898849
logreg_balanced_ratio_preserved_noise_mcc_selected_v1,logistic_regression_class_weight_balanced,logistic_regression,C,75/25,2,clean,test,60/40,test,10.000000,True,2716,76,6.125198,53,21,32,0.830189,0.802083,0.875000,0.666667,0.756757,0.643696,30,2,7,14,0.922619,0.915073,0.915073
logreg_balanced_ratio_preserved_noise_mcc_selected_v1,logistic_regression_class_weight_balanced,logistic_regression,C,75/25,2,clean,test,70/30,test,10.000000,True,2716,76,6.246809,70,21,49,0.800000,0.761905,0.666667,0.666667,0.666667,0.523810,42,7,7,14,0.881438,0.700737,0.700737
logreg_balanced_ratio_preserved_noise_mcc_selected_v1,logistic_regression_class_weight_balanced,logistic_regression,C,75/25,2,clean,test,75/25,test,10.000000,True,2716,76,6.344039,84,21,63,0.797619,0.753968,0.583333,0.666667,0.622222,0.486864,53,10,7,14,0.881330,0.757768,0.757768
logreg_balanced_ratio_preserved_noise_mcc_selected_v1,logistic_regression_class_weight_balanced,logistic_regression,C,75/25,2,clean,test,80/20,test,10.000000,True,2716,76,6.439585,105,21,84,0.819048,0.761905,0.538462,0.666667,0.595745,0.485425,72,12,7,14,0.902494,0.740773,0.740773
logreg_balanced_ratio_preserved_noise_mcc_selected_v1,logistic_regression_class_weight_balanced,logistic_regression,C,75/25,2,clean,test,90/10,test,10.000000,True,2716,76,6.611298,210,21,189,0.847619,0.767196,0.358974,0.666667,0.466667,0.412259,164,25,7,14,0.892920,0.524236,0.524236
logreg_balanced_ratio_preserved_noise_mcc_selected_v1,logistic_regression_class_weight_balanced,logistic_regression,C,75/25,2,random_flip_10,validation_grid,75/25,valid,0.100000,False,2716,76,5.607540,76,19,57,0.763158,0.771930,0.517241,0.789474,0.625000,0.484789,43,14,4,15,0.855032,0.709088,0.709088
logreg_balanced_ratio_preserved_noise_mcc_selected_v1,logistic_regression_class_weight_balanced,logistic_regression,C,75/25,2,random_flip_10,validation_grid,75/25,valid,1.000000,True,2716,76,5.734588,76,19,57,0.828947,0.815789,0.625000,0.789474,0.697674,0.588348,48,9,4,15,0.881810,0.789507,0.789507
logreg_balanced_ratio_preserved_noise_mcc_selected_v1,logistic_regression_class_weight_balanced,logistic_regression,C,75/25,2,random_flip_10,validation_grid,75/25,valid,10.000000,False,2716,76,6.000594,76,19,57,0.842105,0.789474,0.684211,0.684211,0.684211,0.578947,51,6,6,13,0.891967,0.796134,0.796134
logreg_balanced_ratio_preserved_noise_mcc_selected_v1,logistic_regression_class_weight_balanced,logistic_regression,C,75/25,2,random_flip_10,test,50/50,test,1.000000,True,2716,76,6.081964,42,21,21,0.833333,0.833333,0.888889,0.761905,0.820513,0.673575,19,2,5,16,0.859410,0.873385,0.873385
logreg_balanced_ratio_preserved_noise_mcc_selected_v1,logistic_regression_class_weight_balanced,logistic_regression,C,75/25,2,random_flip_10,test,60/40,test,1.000000,True,2716,76,6.152686,53,21,32,0.830189,0.818452,0.800000,0.761905,0.780488,0.642669,28,4,5,16,0.922619,0.918876,0.918876
logreg_balanced_ratio_preserved_noise_mcc_selected_v1,logistic_regression_class_weight_balanced,logistic_regression,C,75/25,2,random_flip_10,test,70/30,test,1.000000,True,2716,76,6.256848,70,21,49,0.800000,0.789116,0.640000,0.761905,0.695652,0.553010,40,9,5,16,0.870748,0.725240,0.725240
logreg_balanced_ratio_preserved_noise_mcc_selected_v1,logistic_regression_class_weight_balanced,logistic_regression,C,75/25,2,random_flip_10,test,75/25,test,1.000000,True,2716,76,6.355481,84,21,63,0.761905,0.761905,0.516129,0.761905,0.615385,0.470040,48,15,5,16,0.854875,0.718036,0.718036
logreg_balanced_ratio_preserved_noise_mcc_selected_v1,logistic_regression_class_weight_balanced,logistic_regression,C,75/25,2,random_flip_10,test,80/20,test,1.000000,True,2716,76,6.458360,105,21,84,0.819048,0.797619,0.533333,0.761905,0.627451,0.527046,70,14,5,16,0.884921,0.662122,0.662122
logreg_balanced_ratio_preserved_noise_mcc_selected_v1,logistic_regression_class_weight_balanced,logistic_regression,C,75/25,2,random_flip_10,test,90/10,test,1.000000,True,2716,76,6.629902,210,21,189,0.819048,0.793651,0.326531,0.761905,0.457143,0.416573,156,33,5,16,0.891660,0.529971,0.529971
logreg_balanced_ratio_preserved_noise_mcc_selected_v1,logistic_regression_class_weight_balanced,logistic_regression,C,75/25,2,random_flip_20,validation_grid,75/25,valid,0.100000,True,2716,76,5.788732,76,19,57,0.750000,0.763158,0.500000,0.789474,0.612245,0.466252,42,15,4,15,0.836565,0.645971,0.645971
logreg_balanced_ratio_preserved_noise_mcc_selected_v1,logistic_regression_class_weight_balanced,logistic_regression,C,75/25,2,random_flip_20,validation_grid,75/25,valid,1.000000,False,2716,76,5.908576,76,19,57,0.736842,0.719298,0.481481,0.684211,0.565217,0.396825,43,14,6,13,0.817175,0.646519,0.646519
logreg_balanced_ratio_preserved_noise_mcc_selected_v1,logistic_regression_class_weight_balanced,logistic_regression,C,75/25,2,random_flip_20,validation_grid,75/25,valid,10.000000,False,2716,76,6.185818,76,19,57,0.763158,0.684211,0.526316,0.526316,0.526316,0.368421,48,9,9,10,0.780240,0.576813,0.576813
logreg_balanced_ratio_preserved_noise_mcc_selected_v1,logistic_regression_class_weight_balanced,logistic_regression,C,75/25,2,random_flip_20,test,50/50,test,0.100000,True,2716,76,6.325648,42,21,21,0.761905,0.761905,0.789474,0.714286,0.750000,0.526201,17,4,6,15,0.804989,0.792304,0.792304
logreg_balanced_ratio_preserved_noise_mcc_selected_v1,logistic_regression_class_weight_balanced,logistic_regression,C,75/25,2,random_flip_20,test,60/40,test,0.100000,True,2716,76,6.406278,53,21,32,0.716981,0.716518,0.625000,0.714286,0.666667,0.425504,23,9,6,15,0.877976,0.878491,0.878491
logreg_balanced_ratio_preserved_noise_mcc_selected_v1,logistic_regression_class_weight_balanced,logistic_regression,C,75/25,2,random_flip_20,test,70/30,test,0.100000,True,2716,76,6.519162,70,21,49,0.785714,0.765306,0.625000,0.714286,0.666667,0.512272,40,9,6,15,0.857143,0.686897,0.686897
logreg_balanced_ratio_preserved_noise_mcc_selected_v1,logistic_regression_class_weight_balanced,logistic_regression,C,75/25,2,random_flip_20,test,75/25,test,0.100000,True,2716,76,6.616124,84,21,63,0.690476,0.698413,0.428571,0.714286,0.535714,0.348536,43,20,6,15,0.818594,0.636461,0.636461
logreg_balanced_ratio_preserved_noise_mcc_selected_v1,logistic_regression_class_weight_balanced,logistic_regression,C,75/25,2,random_flip_20,test,80/20,test,0.100000,True,2716,76,6.715991,105,21,84,0.752381,0.738095,0.428571,0.714286,0.535714,0.404061,64,20,6,15,0.852608,0.640299,0.640299
logreg_balanced_ratio_preserved_noise_mcc_selected_v1,logistic_regression_class_weight_balanced,logistic_regression,C,75/25,2,random_flip_20,test,90/10,test,0.100000,True,2716,76,6.902414,210,21,189,0.800000,0.761905,0.294118,0.714286,0.416667,0.366463,153,36,6,15,0.856135,0.451727,0.451727
logreg_balanced_ratio_preserved_noise_mcc_selected_v1,logistic_regression_class_weight_balanced,logistic_regression,C,75/25,2,random_fp_10,validation_grid,75/25,valid,0.100000,False,3804,76,7.288616,76,19,57,0.723684,0.745614,0.468750,0.789474,0.588235,0.430820,40,17,4,15,0.841182,0.685144,0.685144
logreg_balanced_ratio_preserved_noise_mcc_selected_v1,logistic_regression_class_weight_balanced,logistic_regression,C,75/25,2,random_fp_10,validation_grid,75/25,valid,1.000000,False,3804,76,7.494973,76,19,57,0.776316,0.798246,0.533333,0.842105,0.653061,0.528419,43,14,3,16,0.843952,0.757481,0.757481
logreg_balanced_ratio_preserved_noise_mcc_selected_v1,logistic_regression_class_weight_balanced,logistic_regression,C,75/25,2,random_fp_10,validation_grid,75/25,valid,10.000000,True,3804,76,7.943766,76,19,57,0.842105,0.807018,0.666667,0.736842,0.700000,0.594588,50,7,5,14,0.836565,0.737832,0.737832
logreg_balanced_ratio_preserved_noise_mcc_selected_v1,logistic_regression_class_weight_balanced,logistic_regression,C,75/25,2,random_fp_10,test,50/50,test,10.000000,True,3804,76,8.034322,42,21,21,0.833333,0.833333,0.937500,0.714286,0.810811,0.686406,20,1,6,15,0.861678,0.907486,0.907486
logreg_balanced_ratio_preserved_noise_mcc_selected_v1,logistic_regression_class_weight_balanced,logistic_regression,C,75/25,2,random_fp_10,test,60/40,test,10.000000,True,3804,76,8.116588,53,21,32,0.811321,0.794643,0.789474,0.714286,0.750000,0.601027,28,4,6,15,0.883929,0.880518,0.880518
logreg_balanced_ratio_preserved_noise_mcc_selected_v1,logistic_regression_class_weight_balanced,logistic_regression,C,75/25,2,random_fp_10,test,70/30,test,10.000000,True,3804,76,8.236725,70,21,49,0.757143,0.744898,0.576923,0.714286,0.638298,0.464526,38,11,6,15,0.815355,0.548679,0.548679
logreg_balanced_ratio_preserved_noise_mcc_selected_v1,logistic_regression_class_weight_balanced,logistic_regression,C,75/25,2,random_fp_10,test,75/25,test,10.000000,True,3804,76,8.338300,84,21,63,0.821429,0.785714,0.625000,0.714286,0.666667,0.547723,54,9,6,15,0.846561,0.764295,0.764295
logreg_balanced_ratio_preserved_noise_mcc_selected_v1,logistic_regression_class_weight_balanced,logistic_regression,C,75/25,2,random_fp_10,test,80/20,test,10.000000,True,3804,76,8.442762,105,21,84,0.838095,0.791667,0.576923,0.714286,0.638298,0.540587,73,11,6,15,0.860544,0.657486,0.657486
logreg_balanced_ratio_preserved_noise_mcc_selected_v1,logistic_regression_class_weight_balanced,logistic_regression,C,75/25,2,random_fp_10,test,90/10,test,10.000000,True,3804,76,8.625896,210,21,189,0.828571,0.777778,0.333333,0.714286,0.454545,0.406181,159,30,6,15,0.850340,0.471961,0.471961
logreg_balanced_ratio_preserved_noise_mcc_selected_v1,logistic_regression_class_weight_balanced,logistic_regression,C,75/25,2,random_fp_20,validation_grid,75/25,valid,0.100000,False,4892,76,8.367308,76,19,57,0.763158,0.789474,0.516129,0.842105,0.640000,0.510113,42,15,3,16,0.875346,0.730906,0.730906
logreg_balanced_ratio_preserved_noise_mcc_selected_v1,logistic_regression_class_weight_balanced,logistic_regression,C,75/25,2,random_fp_20,validation_grid,75/25,valid,1.000000,True,4892,76,8.641946,76,19,57,0.789474,0.807018,0.551724,0.842105,0.666667,0.547343,44,13,3,16,0.881810,0.756224,0.756224
logreg_balanced_ratio_preserved_noise_mcc_selected_v1,logistic_regression_class_weight_balanced,logistic_regression,C,75/25,2,random_fp_20,validation_grid,75/25,valid,10.000000,False,4892,76,9.187401,76,19,57,0.750000,0.710526,0.500000,0.631579,0.558140,0.392232,45,12,7,12,0.790397,0.594401,0.594401
logreg_balanced_ratio_preserved_noise_mcc_selected_v1,logistic_regression_class_weight_balanced,logistic_regression,C,75/25,2,random_fp_20,test,50/50,test,1.000000,True,4892,76,9.276339,42,21,21,0.690476,0.690476,0.666667,0.761905,0.711111,0.384900,13,8,5,16,0.829932,0.887341,0.887341
logreg_balanced_ratio_preserved_noise_mcc_selected_v1,logistic_regression_class_weight_balanced,logistic_regression,C,75/25,2,random_fp_20,test,60/40,test,1.000000,True,4892,76,9.354747,53,21,32,0.792453,0.787202,0.727273,0.761905,0.744186,0.570178,26,6,5,16,0.876488,0.877133,0.877133
logreg_balanced_ratio_preserved_noise_mcc_selected_v1,logistic_regression_class_weight_balanced,logistic_regression,C,75/25,2,random_fp_20,test,70/30,test,1.000000,True,4892,76,9.473646,70,21,49,0.785714,0.778912,0.615385,0.761905,0.680851,0.529043,39,10,5,16,0.814383,0.620673,0.620673
logreg_balanced_ratio_preserved_noise_mcc_selected_v1,logistic_regression_class_weight_balanced,logistic_regression,C,75/25,2,random_fp_20,test,75/25,test,1.000000,True,4892,76,9.574822,84,21,63,0.714286,0.730159,0.457143,0.761905,0.571429,0.404301,44,19,5,16,0.841270,0.701941,0.701941
logreg_balanced_ratio_preserved_noise_mcc_selected_v1,logistic_regression_class_weight_balanced,logistic_regression,C,75/25,2,random_fp_20,test,80/20,test,1.000000,True,4892,76,9.677184,105,21,84,0.780952,0.773810,0.470588,0.761905,0.581818,0.468122,66,18,5,16,0.852608,0.657987,0.657987
logreg_balanced_ratio_preserved_noise_mcc_selected_v1,logistic_regression_class_weight_balanced,logistic_regression,C,75/25,2,random_fp_20,test,90/10,test,1.000000,True,4892,76,9.853767,210,21,189,0.761905,0.761905,0.262295,0.761905,0.390244,0.346143,144,45,5,16,0.845049,0.477035,0.477035
logreg_balanced_ratio_preserved_noise_mcc_selected_v1,logistic_regression_class_weight_balanced,logistic_regression,C,75/25,2,heuristic_fp_10,validation_grid,75/25,valid,0.100000,False,3804,76,7.057960,76,19,57,0.815789,0.807018,0.600000,0.789474,0.681818,0.565916,47,10,4,15,0.877193,0.724122,0.724122
logreg_balanced_ratio_preserved_noise_mcc_selected_v1,logistic_regression_class_weight_balanced,logistic_regression,C,75/25,2,heuristic_fp_10,validation_grid,75/25,valid,1.000000,False,3804,76,7.233895,76,19,57,0.828947,0.815789,0.625000,0.789474,0.697674,0.588348,48,9,4,15,0.906741,0.841101,0.841101
logreg_balanced_ratio_preserved_noise_mcc_selected_v1,logistic_regression_class_weight_balanced,logistic_regression,C,75/25,2,heuristic_fp_10,validation_grid,75/25,valid,10.000000,True,3804,76,7.577704,76,19,57,0.842105,0.807018,0.666667,0.736842,0.700000,0.594588,50,7,5,14,0.918744,0.855134,0.855134
logreg_balanced_ratio_preserved_noise_mcc_selected_v1,logistic_regression_class_weight_balanced,logistic_regression,C,75/25,2,heuristic_fp_10,test,50/50,test,10.000000,True,3804,76,7.665900,42,21,21,0.857143,0.857143,0.894737,0.809524,0.850000,0.717547,19,2,4,17,0.945578,0.953103,0.953103
logreg_balanced_ratio_preserved_noise_mcc_selected_v1,logistic_regression_class_weight_balanced,logistic_regression,C,75/25,2,heuristic_fp_10,test,60/40,test,10.000000,True,3804,76,7.739284,53,21,32,0.792453,0.795387,0.708333,0.809524,0.755556,0.580499,25,7,4,17,0.872024,0.768393,0.768393
logreg_balanced_ratio_preserved_noise_mcc_selected_v1,logistic_regression_class_weight_balanced,logistic_regression,C,75/25,2,heuristic_fp_10,test,70/30,test,10.000000,True,3804,76,7.843633,70,21,49,0.814286,0.812925,0.653846,0.809524,0.723404,0.593561,40,9,4,17,0.891156,0.713910,0.713910
logreg_balanced_ratio_preserved_noise_mcc_selected_v1,logistic_regression_class_weight_balanced,logistic_regression,C,75/25,2,heuristic_fp_10,test,75/25,test,10.000000,True,3804,76,7.936647,84,21,63,0.809524,0.809524,0.586207,0.809524,0.680000,0.563798,51,12,4,17,0.887377,0.777331,0.777331
logreg_balanced_ratio_preserved_noise_mcc_selected_v1,logistic_regression_class_weight_balanced,logistic_regression,C,75/25,2,heuristic_fp_10,test,80/20,test,10.000000,True,3804,76,8.036057,105,21,84,0.838095,0.827381,0.566667,0.809524,0.666667,0.579751,71,13,4,17,0.915533,0.793145,0.793145
logreg_balanced_ratio_preserved_noise_mcc_selected_v1,logistic_regression_class_weight_balanced,logistic_regression,C,75/25,2,heuristic_fp_10,test,90/10,test,10.000000,True,3804,76,8.221233,210,21,189,0.819048,0.814815,0.333333,0.809524,0.472222,0.440496,155,34,4,17,0.900983,0.530831,0.530831
logreg_balanced_ratio_preserved_noise_mcc_selected_v1,logistic_regression_class_weight_balanced,logistic_regression,C,75/25,2,heuristic_fp_20,validation_grid,75/25,valid,0.100000,False,4892,76,8.319800,76,19,57,0.789474,0.789474,0.555556,0.789474,0.652174,0.523810,45,12,4,15,0.877193,0.696854,0.696854
logreg_balanced_ratio_preserved_noise_mcc_selected_v1,logistic_regression_class_weight_balanced,logistic_regression,C,75/25,2,heuristic_fp_20,validation_grid,75/25,valid,1.000000,False,4892,76,8.611396,76,19,57,0.828947,0.833333,0.615385,0.842105,0.711111,0.608487,47,10,3,16,0.891043,0.789072,0.789072
logreg_balanced_ratio_preserved_noise_mcc_selected_v1,logistic_regression_class_weight_balanced,logistic_regression,C,75/25,2,heuristic_fp_20,validation_grid,75/25,valid,10.000000,True,4892,76,9.154815,76,19,57,0.855263,0.833333,0.681818,0.789474,0.731707,0.636524,50,7,4,15,0.903970,0.832663,0.832663
logreg_balanced_ratio_preserved_noise_mcc_selected_v1,logistic_regression_class_weight_balanced,logistic_regression,C,75/25,2,heuristic_fp_20,test,50/50,test,10.000000,True,4892,76,9.263946,42,21,21,0.833333,0.833333,0.888889,0.761905,0.820513,0.673575,19,2,5,16,0.909297,0.904731,0.904731
logreg_balanced_ratio_preserved_noise_mcc_selected_v1,logistic_regression_class_weight_balanced,logistic_regression,C,75/25,2,heuristic_fp_20,test,60/40,test,10.000000,True,4892,76,9.353067,53,21,32,0.773585,0.771577,0.695652,0.761905,0.727273,0.536023,25,7,5,16,0.833333,0.690262,0.690262
logreg_balanced_ratio_preserved_noise_mcc_selected_v1,logistic_regression_class_weight_balanced,logistic_regression,C,75/25,2,heuristic_fp_20,test,70/30,test,10.000000,True,4892,76,9.470561,70,21,49,0.800000,0.789116,0.640000,0.761905,0.695652,0.553010,40,9,5,16,0.876579,0.652356,0.652356
logreg_balanced_ratio_preserved_noise_mcc_selected_v1,logistic_regression_class_weight_balanced,logistic_regression,C,75/25,2,heuristic_fp_20,test,75/25,test,10.000000,True,4892,76,9.573412,84,21,63,0.726190,0.738095,0.470588,0.761905,0.581818,0.420084,45,18,5,16,0.860922,0.669434,0.669434
logreg_balanced_ratio_preserved_noise_mcc_selected_v1,logistic_regression_class_weight_balanced,logistic_regression,C,75/25,2,heuristic_fp_20,test,80/20,test,10.000000,True,4892,76,9.682845,105,21,84,0.819048,0.797619,0.533333,0.761905,0.627451,0.527046,70,14,5,16,0.903628,0.693188,0.693188
logreg_balanced_ratio_preserved_noise_mcc_selected_v1,logistic_regression_class_weight_balanced,logistic_regression,C,75/25,2,heuristic_fp_20,test,90/10,test,10.000000,True,4892,76,9.868970,210,21,189,0.761905,0.761905,0.262295,0.761905,0.390244,0.346143,144,45,5,16,0.860922,0.343191,0.343191
logreg_balanced_ratio_preserved_noise_mcc_selected_v1,logistic_regression_class_weight_balanced,logistic_regression,C,75/25,3,clean,validation_grid,75/25,valid,0.100000,False,2716,76,5.536038,76,19,57,0.776316,0.780702,0.535714,0.789474,0.638298,0.503953,44,13,4,15,0.849492,0.743015,0.743015
logreg_balanced_ratio_preserved_noise_mcc_selected_v1,logistic_regression_class_weight_balanced,logistic_regression,C,75/25,3,clean,validation_grid,75/25,valid,1.000000,False,2716,76,5.650093,76,19,57,0.802632,0.798246,0.576923,0.789474,0.666667,0.544436,46,11,4,15,0.862419,0.766538,0.766538
logreg_balanced_ratio_preserved_noise_mcc_selected_v1,logistic_regression_class_weight_balanced,logistic_regression,C,75/25,3,clean,validation_grid,75/25,valid,10.000000,True,2716,76,5.880868,76,19,57,0.842105,0.824561,0.652174,0.789474,0.714286,0.611842,49,8,4,15,0.847645,0.726452,0.726452
logreg_balanced_ratio_preserved_noise_mcc_selected_v1,logistic_regression_class_weight_balanced,logistic_regression,C,75/25,3,clean,test,50/50,test,10.000000,True,2716,76,5.955576,42,21,21,0.833333,0.833333,0.888889,0.761905,0.820513,0.673575,19,2,5,16,0.879819,0.855895,0.855895
logreg_balanced_ratio_preserved_noise_mcc_selected_v1,logistic_regression_class_weight_balanced,logistic_regression,C,75/25,3,clean,test,60/40,test,10.000000,True,2716,76,6.045444,53,21,32,0.830189,0.818452,0.800000,0.761905,0.780488,0.642669,28,4,5,16,0.882440,0.875383,0.875383
logreg_balanced_ratio_preserved_noise_mcc_selected_v1,logistic_regression_class_weight_balanced,logistic_regression,C,75/25,3,clean,test,70/30,test,10.000000,True,2716,76,6.142040,70,21,49,0.857143,0.829932,0.761905,0.761905,0.761905,0.659864,44,5,5,16,0.882410,0.845168,0.845168
logreg_balanced_ratio_preserved_noise_mcc_selected_v1,logistic_regression_class_weight_balanced,logistic_regression,C,75/25,3,clean,test,75/25,test,10.000000,True,2716,76,6.239745,84,21,63,0.845238,0.817460,0.666667,0.761905,0.711111,0.608581,55,8,5,16,0.857143,0.651964,0.651964
logreg_balanced_ratio_preserved_noise_mcc_selected_v1,logistic_regression_class_weight_balanced,logistic_regression,C,75/25,3,clean,test,80/20,test,10.000000,True,2716,76,6.347519,105,21,84,0.819048,0.797619,0.533333,0.761905,0.627451,0.527046,70,14,5,16,0.856009,0.633943,0.633943
logreg_balanced_ratio_preserved_noise_mcc_selected_v1,logistic_regression_class_weight_balanced,logistic_regression,C,75/25,3,clean,test,90/10,test,10.000000,True,2716,76,6.524821,210,21,189,0.876190,0.825397,0.432432,0.761905,0.551724,0.512460,168,21,5,16,0.887881,0.605696,0.605696
logreg_balanced_ratio_preserved_noise_mcc_selected_v1,logistic_regression_class_weight_balanced,logistic_regression,C,75/25,3,random_flip_10,validation_grid,75/25,valid,0.100000,False,2716,76,5.786784,76,19,57,0.789474,0.789474,0.555556,0.789474,0.652174,0.523810,45,12,4,15,0.866113,0.778791,0.778791
logreg_balanced_ratio_preserved_noise_mcc_selected_v1,logistic_regression_class_weight_balanced,logistic_regression,C,75/25,3,random_flip_10,validation_grid,75/25,valid,1.000000,False,2716,76,5.930389,76,19,57,0.776316,0.763158,0.538462,0.736842,0.622222,0.480384,45,12,5,14,0.862419,0.744083,0.744083
logreg_balanced_ratio_preserved_noise_mcc_selected_v1,logistic_regression_class_weight_balanced,logistic_regression,C,75/25,3,random_flip_10,validation_grid,75/25,valid,10.000000,True,2716,76,6.217968,76,19,57,0.842105,0.807018,0.666667,0.736842,0.700000,0.594588,50,7,5,14,0.811634,0.599107,0.599107
logreg_balanced_ratio_preserved_noise_mcc_selected_v1,logistic_regression_class_weight_balanced,logistic_regression,C,75/25,3,random_flip_10,test,50/50,test,10.000000,True,2716,76,6.293745,42,21,21,0.714286,0.714286,0.736842,0.666667,0.700000,0.430528,16,5,7,14,0.818594,0.792420,0.792420
logreg_balanced_ratio_preserved_noise_mcc_selected_v1,logistic_regression_class_weight_balanced,logistic_regression,C,75/25,3,random_flip_10,test,60/40,test,10.000000,True,2716,76,6.383125,53,21,32,0.792453,0.770833,0.777778,0.666667,0.717949,0.559431,28,4,7,14,0.858631,0.837760,0.837760
logreg_balanced_ratio_preserved_noise_mcc_selected_v1,logistic_regression_class_weight_balanced,logistic_regression,C,75/25,3,random_flip_10,test,70/30,test,10.000000,True,2716,76,6.484779,70,21,49,0.857143,0.802721,0.823529,0.666667,0.736842,0.647020,46,3,7,14,0.896016,0.859375,0.859375
logreg_balanced_ratio_preserved_noise_mcc_selected_v1,logistic_regression_class_weight_balanced,logistic_regression,C,75/25,3,random_flip_10,test,75/25,test,10.000000,True,2716,76,6.587292,84,21,63,0.785714,0.746032,0.560000,0.666667,0.608696,0.466021,52,11,7,14,0.828420,0.636348,0.636348
logreg_balanced_ratio_preserved_noise_mcc_selected_v1,logistic_regression_class_weight_balanced,logistic_regression,C,75/25,3,random_flip_10,test,80/20,test,10.000000,True,2716,76,6.688151,105,21,84,0.809524,0.755952,0.518519,0.666667,0.583333,0.468500,71,13,7,14,0.840136,0.618197,0.618197
logreg_balanced_ratio_preserved_noise_mcc_selected_v1,logistic_regression_class_weight_balanced,logistic_regression,C,75/25,3,random_flip_10,test,90/10,test,10.000000,True,2716,76,6.851281,210,21,189,0.857143,0.772487,0.378378,0.666667,0.482759,0.429133,166,23,7,14,0.856639,0.520798,0.520798
logreg_balanced_ratio_preserved_noise_mcc_selected_v1,logistic_regression_class_weight_balanced,logistic_regression,C,75/25,3,random_flip_20,validation_grid,75/25,valid,0.100000,False,2716,76,6.062745,76,19,57,0.697368,0.728070,0.441176,0.789474,0.566038,0.397236,38,19,4,15,0.846722,0.775034,0.775034
logreg_balanced_ratio_preserved_noise_mcc_selected_v1,logistic_regression_class_weight_balanced,logistic_regression,C,75/25,3,random_flip_20,validation_grid,75/25,valid,1.000000,False,2716,76,6.218566,76,19,57,0.750000,0.710526,0.500000,0.631579,0.558140,0.392232,45,12,7,12,0.825485,0.711319,0.711319
logreg_balanced_ratio_preserved_noise_mcc_selected_v1,logistic_regression_class_weight_balanced,logistic_regression,C,75/25,3,random_flip_20,validation_grid,75/25,valid,10.000000,True,2716,76,6.504890,76,19,57,0.776316,0.710526,0.550000,0.578947,0.564103,0.414039,48,9,8,11,0.780240,0.594418,0.594418
logreg_balanced_ratio_preserved_noise_mcc_selected_v1,logistic_regression_class_weight_balanced,logistic_regression,C,75/25,3,random_flip_20,test,50/50,test,10.000000,True,2716,76,6.569836,42,21,21,0.619048,0.619048,0.777778,0.333333,0.466667,0.290129,19,2,14,7,0.716553,0.686326,0.686326
logreg_balanced_ratio_preserved_noise_mcc_selected_v1,logistic_regression_class_weight_balanced,logistic_regression,C,75/25,3,random_flip_20,test,60/40,test,10.000000,True,2716,76,6.662092,53,21,32,0.622642,0.572917,0.538462,0.333333,0.411765,0.165783,26,6,14,7,0.635417,0.559257,0.559257
logreg_balanced_ratio_preserved_noise_mcc_selected_v1,logistic_regression_class_weight_balanced,logistic_regression,C,75/25,3,random_flip_20,test,70/30,test,10.000000,True,2716,76,6.754500,70,21,49,0.657143,0.564626,0.411765,0.333333,0.368421,0.138128,39,10,14,7,0.605442,0.387723,0.387723
logreg_balanced_ratio_preserved_noise_mcc_selected_v1,logistic_regression_class_weight_balanced,logistic_regression,C,75/25,3,random_flip_20,test,75/25,test,10.000000,True,2716,76,6.851331,84,21,63,0.726190,0.595238,0.437500,0.333333,0.378378,0.210042,54,9,14,7,0.698413,0.479141,0.479141
logreg_balanced_ratio_preserved_noise_mcc_selected_v1,logistic_regression_class_weight_balanced,logistic_regression,C,75/25,3,random_flip_20,test,80/20,test,10.000000,True,2716,76,6.959817,105,21,84,0.761905,0.601190,0.388889,0.333333,0.358974,0.214794,73,11,14,7,0.689342,0.346200,0.346200
logreg_balanced_ratio_preserved_noise_mcc_selected_v1,logistic_regression_class_weight_balanced,logistic_regression,C,75/25,3,random_flip_20,test,90/10,test,10.000000,True,2716,76,7.190118,210,21,189,0.776190,0.579365,0.175000,0.333333,0.229508,0.121268,156,33,14,7,0.682036,0.193363,0.193363
logreg_balanced_ratio_preserved_noise_mcc_selected_v1,logistic_regression_class_weight_balanced,logistic_regression,C,75/25,3,random_fp_10,validation_grid,75/25,valid,0.100000,False,3804,76,7.469793,76,19,57,0.723684,0.745614,0.468750,0.789474,0.588235,0.430820,40,17,4,15,0.852262,0.718256,0.718256
logreg_balanced_ratio_preserved_noise_mcc_selected_v1,logistic_regression_class_weight_balanced,logistic_regression,C,75/25,3,random_fp_10,validation_grid,75/25,valid,1.000000,True,3804,76,7.645528,76,19,57,0.789474,0.789474,0.555556,0.789474,0.652174,0.523810,45,12,4,15,0.848569,0.692719,0.692719
logreg_balanced_ratio_preserved_noise_mcc_selected_v1,logistic_regression_class_weight_balanced,logistic_regression,C,75/25,3,random_fp_10,validation_grid,75/25,valid,10.000000,False,3804,76,8.046029,76,19,57,0.750000,0.710526,0.500000,0.631579,0.558140,0.392232,45,12,7,12,0.820868,0.613107,0.613107
logreg_balanced_ratio_preserved_noise_mcc_selected_v1,logistic_regression_class_weight_balanced,logistic_regression,C,75/25,3,random_fp_10,test,50/50,test,1.000000,True,3804,76,8.120563,42,21,21,0.809524,0.809524,0.809524,0.809524,0.809524,0.619048,17,4,4,17,0.854875,0.851168,0.851168
logreg_balanced_ratio_preserved_noise_mcc_selected_v1,logistic_regression_class_weight_balanced,logistic_regression,C,75/25,3,random_fp_10,test,60/40,test,1.000000,True,3804,76,8.214851,53,21,32,0.830189,0.826637,0.772727,0.809524,0.790698,0.648467,27,5,4,17,0.863095,0.843803,0.843803
logreg_balanced_ratio_preserved_noise_mcc_selected_v1,logistic_regression_class_weight_balanced,logistic_regression,C,75/25,3,random_fp_10,test,70/30,test,1.000000,True,3804,76,8.312736,70,21,49,0.785714,0.792517,0.607143,0.809524,0.693878,0.547249,38,11,4,17,0.840622,0.770514,0.770514
logreg_balanced_ratio_preserved_noise_mcc_selected_v1,logistic_regression_class_weight_balanced,logistic_regression,C,75/25,3,random_fp_10,test,75/25,test,1.000000,True,3804,76,8.416307,84,21,63,0.750000,0.769841,0.500000,0.809524,0.618182,0.476095,46,17,4,17,0.835979,0.628941,0.628941
logreg_balanced_ratio_preserved_noise_mcc_selected_v1,logistic_regression_class_weight_balanced,logistic_regression,C,75/25,3,random_fp_10,test,80/20,test,1.000000,True,3804,76,8.530542,105,21,84,0.752381,0.773810,0.435897,0.809524,0.566667,0.453340,62,22,4,17,0.839002,0.618016,0.618016
logreg_balanced_ratio_preserved_noise_mcc_selected_v1,logistic_regression_class_weight_balanced,logistic_regression,C,75/25,3,random_fp_10,test,90/10,test,1.000000,True,3804,76,8.709790,210,21,189,0.790476,0.798942,0.298246,0.809524,0.435897,0.403343,149,40,4,17,0.858403,0.531023,0.531023
logreg_balanced_ratio_preserved_noise_mcc_selected_v1,logistic_regression_class_weight_balanced,logistic_regression,C,75/25,3,random_fp_20,validation_grid,75/25,valid,0.100000,False,4892,76,8.400259,76,19,57,0.723684,0.745614,0.468750,0.789474,0.588235,0.430820,40,17,4,15,0.840259,0.694543,0.694543
logreg_balanced_ratio_preserved_noise_mcc_selected_v1,logistic_regression_class_weight_balanced,logistic_regression,C,75/25,3,random_fp_20,validation_grid,75/25,valid,1.000000,True,4892,76,8.660519,76,19,57,0.789474,0.789474,0.555556,0.789474,0.652174,0.523810,45,12,4,15,0.817175,0.677997,0.677997
logreg_balanced_ratio_preserved_noise_mcc_selected_v1,logistic_regression_class_weight_balanced,logistic_regression,C,75/25,3,random_fp_20,validation_grid,75/25,valid,10.000000,False,4892,76,9.201426,76,19,57,0.776316,0.745614,0.541667,0.684211,0.604651,0.457604,46,11,6,13,0.753463,0.612302,0.612302
logreg_balanced_ratio_preserved_noise_mcc_selected_v1,logistic_regression_class_weight_balanced,logistic_regression,C,75/25,3,random_fp_20,test,50/50,test,1.000000,True,4892,76,9.267938,42,21,21,0.785714,0.785714,0.772727,0.809524,0.790698,0.572078,16,5,4,17,0.843537,0.843135,0.843135
logreg_balanced_ratio_preserved_noise_mcc_selected_v1,logistic_regression_class_weight_balanced,logistic_regression,C,75/25,3,random_fp_20,test,60/40,test,1.000000,True,4892,76,9.358744,53,21,32,0.811321,0.811012,0.739130,0.809524,0.772727,0.613857,26,6,4,17,0.849702,0.811348,0.811348
logreg_balanced_ratio_preserved_noise_mcc_selected_v1,logistic_regression_class_weight_balanced,logistic_regression,C,75/25,3,random_fp_20,test,70/30,test,1.000000,True,4892,76,9.458624,70,21,49,0.771429,0.782313,0.586207,0.809524,0.680000,0.525264,37,12,4,17,0.862002,0.798793,0.798793
logreg_balanced_ratio_preserved_noise_mcc_selected_v1,logistic_regression_class_weight_balanced,logistic_regression,C,75/25,3,random_fp_20,test,75/25,test,1.000000,True,4892,76,9.561401,84,21,63,0.773810,0.785714,0.531250,0.809524,0.641509,0.509525,48,15,4,17,0.839002,0.649302,0.649302
logreg_balanced_ratio_preserved_noise_mcc_selected_v1,logistic_regression_class_weight_balanced,logistic_regression,C,75/25,3,random_fp_20,test,80/20,test,1.000000,True,4892,76,9.672299,105,21,84,0.723810,0.755952,0.404762,0.809524,0.539683,0.417968,59,25,4,17,0.841837,0.629721,0.629721
logreg_balanced_ratio_preserved_noise_mcc_selected_v1,logistic_regression_class_weight_balanced,logistic_regression,C,75/25,3,random_fp_20,test,90/10,test,1.000000,True,4892,76,9.853528,210,21,189,0.785714,0.796296,0.293103,0.809524,0.430380,0.397613,148,41,4,17,0.858907,0.588569,0.588569
logreg_balanced_ratio_preserved_noise_mcc_selected_v1,logistic_regression_class_weight_balanced,logistic_regression,C,75/25,3,heuristic_fp_10,validation_grid,75/25,valid,0.100000,False,3804,76,7.157646,76,19,57,0.750000,0.763158,0.500000,0.789474,0.612245,0.466252,42,15,4,15,0.850416,0.728482,0.728482
logreg_balanced_ratio_preserved_noise_mcc_selected_v1,logistic_regression_class_weight_balanced,logistic_regression,C,75/25,3,heuristic_fp_10,validation_grid,75/25,valid,1.000000,False,3804,76,7.351867,76,19,57,0.789474,0.789474,0.555556,0.789474,0.652174,0.523810,45,12,4,15,0.868883,0.752338,0.752338
logreg_balanced_ratio_preserved_noise_mcc_selected_v1,logistic_regression_class_weight_balanced,logistic_regression,C,75/25,3,heuristic_fp_10,validation_grid,75/25,valid,10.000000,True,3804,76,7.689326,76,19,57,0.828947,0.815789,0.625000,0.789474,0.697674,0.588348,48,9,4,15,0.874423,0.753061,0.753061
logreg_balanced_ratio_preserved_noise_mcc_selected_v1,logistic_regression_class_weight_balanced,logistic_regression,C,75/25,3,heuristic_fp_10,test,50/50,test,10.000000,True,3804,76,7.757505,42,21,21,0.880952,0.880952,0.944444,0.809524,0.871795,0.769800,20,1,4,17,0.895692,0.882826,0.882826
logreg_balanced_ratio_preserved_noise_mcc_selected_v1,logistic_regression_class_weight_balanced,logistic_regression,C,75/25,3,heuristic_fp_10,test,60/40,test,10.000000,True,3804,76,7.855995,53,21,32,0.792453,0.795387,0.708333,0.809524,0.755556,0.580499,25,7,4,17,0.880952,0.871234,0.871234
logreg_balanced_ratio_preserved_noise_mcc_selected_v1,logistic_regression_class_weight_balanced,logistic_regression,C,75/25,3,heuristic_fp_10,test,70/30,test,10.000000,True,3804,76,7.960814,70,21,49,0.814286,0.812925,0.653846,0.809524,0.723404,0.593561,40,9,4,17,0.874636,0.786852,0.786852
logreg_balanced_ratio_preserved_noise_mcc_selected_v1,logistic_regression_class_weight_balanced,logistic_regression,C,75/25,3,heuristic_fp_10,test,75/25,test,10.000000,True,3804,76,8.066420,84,21,63,0.809524,0.809524,0.586207,0.809524,0.680000,0.563798,51,12,4,17,0.852608,0.609068,0.609068
logreg_balanced_ratio_preserved_noise_mcc_selected_v1,logistic_regression_class_weight_balanced,logistic_regression,C,75/25,3,heuristic_fp_10,test,80/20,test,10.000000,True,3804,76,8.180946,105,21,84,0.761905,0.779762,0.447368,0.809524,0.576271,0.465735,63,21,4,17,0.847506,0.562611,0.562611
logreg_balanced_ratio_preserved_noise_mcc_selected_v1,logistic_regression_class_weight_balanced,logistic_regression,C,75/25,3,heuristic_fp_10,test,90/10,test,10.000000,True,3804,76,8.371558,210,21,189,0.847619,0.830688,0.377778,0.809524,0.515152,0.483549,161,28,4,17,0.893928,0.633565,0.633565
logreg_balanced_ratio_preserved_noise_mcc_selected_v1,logistic_regression_class_weight_balanced,logistic_regression,C,75/25,3,heuristic_fp_20,validation_grid,75/25,valid,0.100000,False,4892,76,8.730300,76,19,57,0.750000,0.763158,0.500000,0.789474,0.612245,0.466252,42,15,4,15,0.850416,0.711844,0.711844
logreg_balanced_ratio_preserved_noise_mcc_selected_v1,logistic_regression_class_weight_balanced,logistic_regression,C,75/25,3,heuristic_fp_20,validation_grid,75/25,valid,1.000000,False,4892,76,8.987630,76,19,57,0.763158,0.771930,0.517241,0.789474,0.625000,0.484789,43,14,4,15,0.851339,0.714638,0.714638
logreg_balanced_ratio_preserved_noise_mcc_selected_v1,logistic_regression_class_weight_balanced,logistic_regression,C,75/25,3,heuristic_fp_20,validation_grid,75/25,valid,10.000000,True,4892,76,9.465260,76,19,57,0.802632,0.763158,0.590909,0.684211,0.634146,0.502519,48,9,6,13,0.829178,0.663537,0.663537
logreg_balanced_ratio_preserved_noise_mcc_selected_v1,logistic_regression_class_weight_balanced,logistic_regression,C,75/25,3,heuristic_fp_20,test,50/50,test,10.000000,True,4892,76,9.533783,42,21,21,0.785714,0.785714,0.772727,0.809524,0.790698,0.572078,16,5,4,17,0.859410,0.870231,0.870231
logreg_balanced_ratio_preserved_noise_mcc_selected_v1,logistic_regression_class_weight_balanced,logistic_regression,C,75/25,3,heuristic_fp_20,test,60/40,test,10.000000,True,4892,76,9.625509,53,21,32,0.754717,0.764137,0.653846,0.809524,0.723404,0.516863,23,9,4,17,0.849702,0.817932,0.817932
logreg_balanced_ratio_preserved_noise_mcc_selected_v1,logistic_regression_class_weight_balanced,logistic_regression,C,75/25,3,heuristic_fp_20,test,70/30,test,10.000000,True,4892,76,9.725045,70,21,49,0.728571,0.751701,0.531250,0.809524,0.641509,0.463079,34,15,4,17,0.833819,0.654214,0.654214
logreg_balanced_ratio_preserved_noise_mcc_selected_v1,logistic_regression_class_weight_balanced,logistic_regression,C,75/25,3,heuristic_fp_20,test,75/25,test,10.000000,True,4892,76,9.831233,84,21,63,0.750000,0.769841,0.500000,0.809524,0.618182,0.476095,46,17,4,17,0.855631,0.594559,0.594559
logreg_balanced_ratio_preserved_noise_mcc_selected_v1,logistic_regression_class_weight_balanced,logistic_regression,C,75/25,3,heuristic_fp_20,test,80/20,test,10.000000,True,4892,76,9.950146,105,21,84,0.742857,0.767857,0.425000,0.809524,0.557377,0.441261,61,23,4,17,0.818027,0.472985,0.472985
logreg_balanced_ratio_preserved_noise_mcc_selected_v1,logistic_regression_class_weight_balanced,logistic_regression,C,75/25,3,heuristic_fp_20,test,90/10,test,10.000000,True,4892,76,10.129737,210,21,189,0.819048,0.814815,0.333333,0.809524,0.472222,0.440496,155,34,4,17,0.881330,0.449969,0.449969
logreg_balanced_ratio_preserved_noise_mcc_selected_v1,logistic_regression_class_weight_balanced,logistic_regression,C,75/25,4,clean,validation_grid,75/25,valid,0.100000,True,2716,76,5.964877,76,19,57,0.802632,0.798246,0.576923,0.789474,0.666667,0.544436,46,11,4,15,0.868883,0.773499,0.773499
logreg_balanced_ratio_preserved_noise_mcc_selected_v1,logistic_regression_class_weight_balanced,logistic_regression,C,75/25,4,clean,validation_grid,75/25,valid,1.000000,False,2716,76,6.082356,76,19,57,0.776316,0.780702,0.535714,0.789474,0.638298,0.503953,44,13,4,15,0.875346,0.824548,0.824548
logreg_balanced_ratio_preserved_noise_mcc_selected_v1,logistic_regression_class_weight_balanced,logistic_regression,C,75/25,4,clean,validation_grid,75/25,valid,10.000000,False,2716,76,6.316629,76,19,57,0.802632,0.780702,0.583333,0.736842,0.651163,0.522976,47,10,5,14,0.854109,0.794324,0.794324
logreg_balanced_ratio_preserved_noise_mcc_selected_v1,logistic_regression_class_weight_balanced,logistic_regression,C,75/25,4,clean,test,50/50,test,0.100000,True,2716,76,6.390432,42,21,21,0.833333,0.833333,0.850000,0.809524,0.829268,0.667424,18,3,4,17,0.882086,0.882877,0.882877
logreg_balanced_ratio_preserved_noise_mcc_selected_v1,logistic_regression_class_weight_balanced,logistic_regression,C,75/25,4,clean,test,60/40,test,0.100000,True,2716,76,6.531313,53,21,32,0.754717,0.764137,0.653846,0.809524,0.723404,0.516863,23,9,4,17,0.843750,0.750175,0.750175
logreg_balanced_ratio_preserved_noise_mcc_selected_v1,logistic_regression_class_weight_balanced,logistic_regression,C,75/25,4,clean,test,70/30,test,0.100000,True,2716,76,6.629337,70,21,49,0.800000,0.802721,0.629630,0.809524,0.708333,0.569986,39,10,4,17,0.880466,0.781455,0.781455
logreg_balanced_ratio_preserved_noise_mcc_selected_v1,logistic_regression_class_weight_balanced,logistic_regression,C,75/25,4,clean,test,75/25,test,0.100000,True,2716,76,6.751967,84,21,63,0.809524,0.809524,0.586207,0.809524,0.680000,0.563798,51,12,4,17,0.860922,0.591167,0.591167
logreg_balanced_ratio_preserved_noise_mcc_selected_v1,logistic_regression_class_weight_balanced,logistic_regression,C,75/25,4,clean,test,80/20,test,0.100000,True,2716,76,6.860673,105,21,84,0.819048,0.815476,0.531250,0.809524,0.641509,0.548289,69,15,4,17,0.900794,0.774590,0.774590
logreg_balanced_ratio_preserved_noise_mcc_selected_v1,logistic_regression_class_weight_balanced,logistic_regression,C,75/25,4,clean,test,90/10,test,0.100000,True,2716,76,7.068574,210,21,189,0.790476,0.798942,0.298246,0.809524,0.435897,0.403343,149,40,4,17,0.883598,0.518436,0.518436
logreg_balanced_ratio_preserved_noise_mcc_selected_v1,logistic_regression_class_weight_balanced,logistic_regression,C,75/25,4,random_flip_10,validation_grid,75/25,valid,0.100000,True,2716,76,5.985693,76,19,57,0.802632,0.815789,0.571429,0.842105,0.680851,0.566947,45,12,3,16,0.861496,0.765721,0.765721
logreg_balanced_ratio_preserved_noise_mcc_selected_v1,logistic_regression_class_weight_balanced,logistic_regression,C,75/25,4,random_flip_10,validation_grid,75/25,valid,1.000000,False,2716,76,6.123935,76,19,57,0.815789,0.807018,0.600000,0.789474,0.681818,0.565916,47,10,4,15,0.843952,0.788284,0.788284
logreg_balanced_ratio_preserved_noise_mcc_selected_v1,logistic_regression_class_weight_balanced,logistic_regression,C,75/25,4,random_flip_10,validation_grid,75/25,valid,10.000000,False,2716,76,6.390220,76,19,57,0.789474,0.754386,0.565217,0.684211,0.619048,0.479552,47,10,6,13,0.798707,0.765361,0.765361
logreg_balanced_ratio_preserved_noise_mcc_selected_v1,logistic_regression_class_weight_balanced,logistic_regression,C,75/25,4,random_flip_10,test,50/50,test,0.100000,True,2716,76,6.473051,42,21,21,0.833333,0.833333,0.850000,0.809524,0.829268,0.667424,18,3,4,17,0.911565,0.918556,0.918556
logreg_balanced_ratio_preserved_noise_mcc_selected_v1,logistic_regression_class_weight_balanced,logistic_regression,C,75/25,4,random_flip_10,test,60/40,test,0.100000,True,2716,76,6.611581,53,21,32,0.754717,0.764137,0.653846,0.809524,0.723404,0.516863,23,9,4,17,0.851190,0.777988,0.777988
logreg_balanced_ratio_preserved_noise_mcc_selected_v1,logistic_regression_class_weight_balanced,logistic_regression,C,75/25,4,random_flip_10,test,70/30,test,0.100000,True,2716,76,6.715890,70,21,49,0.785714,0.792517,0.607143,0.809524,0.693878,0.547249,38,11,4,17,0.873664,0.734727,0.734727
logreg_balanced_ratio_preserved_noise_mcc_selected_v1,logistic_regression_class_weight_balanced,logistic_regression,C,75/25,4,random_flip_10,test,75/25,test,0.100000,True,2716,76,6.833827,84,21,63,0.809524,0.809524,0.586207,0.809524,0.680000,0.563798,51,12,4,17,0.869237,0.602904,0.602904
logreg_balanced_ratio_preserved_noise_mcc_selected_v1,logistic_regression_class_weight_balanced,logistic_regression,C,75/25,4,random_flip_10,test,80/20,test,0.100000,True,2716,76,6.935291,105,21,84,0.819048,0.815476,0.531250,0.809524,0.641509,0.548289,69,15,4,17,0.909297,0.757293,0.757293
logreg_balanced_ratio_preserved_noise_mcc_selected_v1,logistic_regression_class_weight_balanced,logistic_regression,C,75/25,4,random_flip_10,test,90/10,test,0.100000,True,2716,76,7.143367,210,21,189,0.776190,0.791005,0.283333,0.809524,0.419753,0.386501,146,43,4,17,0.889141,0.501092,0.501092
logreg_balanced_ratio_preserved_noise_mcc_selected_v1,logistic_regression_class_weight_balanced,logistic_regression,C,75/25,4,random_flip_20,validation_grid,75/25,valid,0.100000,False,2716,76,5.997825,76,19,57,0.736842,0.754386,0.483871,0.789474,0.600000,0.448281,41,16,4,15,0.866113,0.714355,0.714355
logreg_balanced_ratio_preserved_noise_mcc_selected_v1,logistic_regression_class_weight_balanced,logistic_regression,C,75/25,4,random_flip_20,validation_grid,75/25,valid,1.000000,True,2716,76,6.146908,76,19,57,0.750000,0.763158,0.500000,0.789474,0.612245,0.466252,42,15,4,15,0.845799,0.683290,0.683290
logreg_balanced_ratio_preserved_noise_mcc_selected_v1,logistic_regression_class_weight_balanced,logistic_regression,C,75/25,4,random_flip_20,validation_grid,75/25,valid,10.000000,False,2716,76,6.438320,76,19,57,0.710526,0.631579,0.428571,0.473684,0.450000,0.254824,45,12,10,9,0.744229,0.535954,0.535954
logreg_balanced_ratio_preserved_noise_mcc_selected_v1,logistic_regression_class_weight_balanced,logistic_regression,C,75/25,4,random_flip_20,test,50/50,test,1.000000,True,2716,76,6.532860,42,21,21,0.666667,0.666667,0.705882,0.571429,0.631579,0.339550,16,5,9,12,0.723356,0.766931,0.766931
logreg_balanced_ratio_preserved_noise_mcc_selected_v1,logistic_regression_class_weight_balanced,logistic_regression,C,75/25,4,random_flip_20,test,60/40,test,1.000000,True,2716,76,6.678663,53,21,32,0.660377,0.645089,0.571429,0.571429,0.571429,0.290179,23,9,9,12,0.709821,0.673159,0.673159
logreg_balanced_ratio_preserved_noise_mcc_selected_v1,logistic_regression_class_weight_balanced,logistic_regression,C,75/25,4,random_flip_20,test,70/30,test,1.000000,True,2716,76,6.778396,70,21,49,0.657143,0.632653,0.444444,0.571429,0.500000,0.249769,34,15,9,12,0.722060,0.612068,0.612068
logreg_balanced_ratio_preserved_noise_mcc_selected_v1,logistic_regression_class_weight_balanced,logistic_regression,C,75/25,4,random_flip_20,test,75/25,test,1.000000,True,2716,76,6.889571,84,21,63,0.702381,0.658730,0.428571,0.571429,0.489796,0.291606,47,16,9,12,0.721088,0.518433,0.518433
logreg_balanced_ratio_preserved_noise_mcc_selected_v1,logistic_regression_class_weight_balanced,logistic_regression,C,75/25,4,random_flip_20,test,80/20,test,1.000000,True,2716,76,6.993266,105,21,84,0.780952,0.702381,0.461538,0.571429,0.510638,0.375101,70,14,9,12,0.797052,0.613667,0.613667
logreg_balanced_ratio_preserved_noise_mcc_selected_v1,logistic_regression_class_weight_balanced,logistic_regression,C,75/25,4,random_flip_20,test,90/10,test,1.000000,True,2716,76,7.203536,210,21,189,0.752381,0.671958,0.218182,0.571429,0.315789,0.234663,146,43,9,12,0.750567,0.315865,0.315865
logreg_balanced_ratio_preserved_noise_mcc_selected_v1,logistic_regression_class_weight_balanced,logistic_regression,C,75/25,4,random_fp_10,validation_grid,75/25,valid,0.100000,False,3804,76,7.669678,76,19,57,0.763158,0.789474,0.516129,0.842105,0.640000,0.510113,42,15,3,16,0.881810,0.788049,0.788049
logreg_balanced_ratio_preserved_noise_mcc_selected_v1,logistic_regression_class_weight_balanced,logistic_regression,C,75/25,4,random_fp_10,validation_grid,75/25,valid,1.000000,True,3804,76,7.859645,76,19,57,0.776316,0.798246,0.533333,0.842105,0.653061,0.528419,43,14,3,16,0.885503,0.849266,0.849266
logreg_balanced_ratio_preserved_noise_mcc_selected_v1,logistic_regression_class_weight_balanced,logistic_regression,C,75/25,4,random_fp_10,validation_grid,75/25,valid,10.000000,False,3804,76,8.276666,76,19,57,0.789474,0.789474,0.555556,0.789474,0.652174,0.523810,45,12,4,15,0.855956,0.799746,0.799746
logreg_balanced_ratio_preserved_noise_mcc_selected_v1,logistic_regression_class_weight_balanced,logistic_regression,C,75/25,4,random_fp_10,test,50/50,test,1.000000,True,3804,76,8.352293,42,21,21,0.785714,0.785714,0.800000,0.761905,0.780488,0.572078,17,4,5,16,0.841270,0.873176,0.873176
logreg_balanced_ratio_preserved_noise_mcc_selected_v1,logistic_regression_class_weight_balanced,logistic_regression,C,75/25,4,random_fp_10,test,60/40,test,1.000000,True,3804,76,8.493724,53,21,32,0.792453,0.787202,0.727273,0.761905,0.744186,0.570178,26,6,5,16,0.866071,0.847310,0.847310
logreg_balanced_ratio_preserved_noise_mcc_selected_v1,logistic_regression_class_weight_balanced,logistic_regression,C,75/25,4,random_fp_10,test,70/30,test,1.000000,True,3804,76,8.588270,70,21,49,0.785714,0.778912,0.615385,0.761905,0.680851,0.529043,39,10,5,16,0.833819,0.767128,0.767128
logreg_balanced_ratio_preserved_noise_mcc_selected_v1,logistic_regression_class_weight_balanced,logistic_regression,C,75/25,4,random_fp_10,test,75/25,test,1.000000,True,3804,76,8.696429,84,21,63,0.797619,0.785714,0.571429,0.761905,0.653061,0.524891,51,12,5,16,0.862434,0.752745,0.752745
logreg_balanced_ratio_preserved_noise_mcc_selected_v1,logistic_regression_class_weight_balanced,logistic_regression,C,75/25,4,random_fp_10,test,80/20,test,1.000000,True,3804,76,8.807200,105,21,84,0.819048,0.797619,0.533333,0.761905,0.627451,0.527046,70,14,5,16,0.870181,0.752200,0.752200
logreg_balanced_ratio_preserved_noise_mcc_selected_v1,logistic_regression_class_weight_balanced,logistic_regression,C,75/25,4,random_fp_10,test,90/10,test,1.000000,True,3804,76,9.033471,210,21,189,0.790476,0.777778,0.290909,0.761905,0.421053,0.379071,150,39,5,16,0.837491,0.497916,0.497916
logreg_balanced_ratio_preserved_noise_mcc_selected_v1,logistic_regression_class_weight_balanced,logistic_regression,C,75/25,4,random_fp_20,validation_grid,75/25,valid,0.100000,True,4892,76,8.976710,76,19,57,0.789474,0.807018,0.551724,0.842105,0.666667,0.547343,44,13,3,16,0.867959,0.725271,0.725271
logreg_balanced_ratio_preserved_noise_mcc_selected_v1,logistic_regression_class_weight_balanced,logistic_regression,C,75/25,4,random_fp_20,validation_grid,75/25,valid,1.000000,False,4892,76,9.272759,76,19,57,0.763158,0.789474,0.516129,0.842105,0.640000,0.510113,42,15,3,16,0.866113,0.755321,0.755321
logreg_balanced_ratio_preserved_noise_mcc_selected_v1,logistic_regression_class_weight_balanced,logistic_regression,C,75/25,4,random_fp_20,validation_grid,75/25,valid,10.000000,False,4892,76,9.883861,76,19,57,0.789474,0.789474,0.555556,0.789474,0.652174,0.523810,45,12,4,15,0.843029,0.659904,0.659904
logreg_balanced_ratio_preserved_noise_mcc_selected_v1,logistic_regression_class_weight_balanced,logistic_regression,C,75/25,4,random_fp_20,test,50/50,test,0.100000,True,4892,76,9.964952,42,21,21,0.809524,0.809524,0.809524,0.809524,0.809524,0.619048,17,4,4,17,0.843537,0.858042,0.858042
logreg_balanced_ratio_preserved_noise_mcc_selected_v1,logistic_regression_class_weight_balanced,logistic_regression,C,75/25,4,random_fp_20,test,60/40,test,0.100000,True,4892,76,10.106902,53,21,32,0.754717,0.764137,0.653846,0.809524,0.723404,0.516863,23,9,4,17,0.830357,0.761574,0.761574
logreg_balanced_ratio_preserved_noise_mcc_selected_v1,logistic_regression_class_weight_balanced,logistic_regression,C,75/25,4,random_fp_20,test,70/30,test,0.100000,True,4892,76,10.207910,70,21,49,0.742857,0.761905,0.548387,0.809524,0.653846,0.483246,35,14,4,17,0.829932,0.748778,0.748778
logreg_balanced_ratio_preserved_noise_mcc_selected_v1,logistic_regression_class_weight_balanced,logistic_regression,C,75/25,4,random_fp_20,test,75/25,test,0.100000,True,4892,76,10.317927,84,21,63,0.726190,0.753968,0.472222,0.809524,0.596491,0.444444,44,19,4,17,0.829176,0.592164,0.592164
logreg_balanced_ratio_preserved_noise_mcc_selected_v1,logistic_regression_class_weight_balanced,logistic_regression,C,75/25,4,random_fp_20,test,80/20,test,0.100000,True,4892,76,10.425286,105,21,84,0.752381,0.773810,0.435897,0.809524,0.566667,0.453340,62,22,4,17,0.878118,0.768918,0.768918
logreg_balanced_ratio_preserved_noise_mcc_selected_v1,logistic_regression_class_weight_balanced,logistic_regression,C,75/25,4,random_fp_20,test,90/10,test,0.100000,True,4892,76,10.620557,210,21,189,0.719048,0.759259,0.236111,0.809524,0.365591,0.327717,134,55,4,17,0.848576,0.494417,0.494417
logreg_balanced_ratio_preserved_noise_mcc_selected_v1,logistic_regression_class_weight_balanced,logistic_regression,C,75/25,4,heuristic_fp_10,validation_grid,75/25,valid,0.100000,False,3804,76,7.435986,76,19,57,0.750000,0.763158,0.500000,0.789474,0.612245,0.466252,42,15,4,15,0.884580,0.768317,0.768317
logreg_balanced_ratio_preserved_noise_mcc_selected_v1,logistic_regression_class_weight_balanced,logistic_regression,C,75/25,4,heuristic_fp_10,validation_grid,75/25,valid,1.000000,True,3804,76,7.631058,76,19,57,0.776316,0.780702,0.535714,0.789474,0.638298,0.503953,44,13,4,15,0.891967,0.794133,0.794133
logreg_balanced_ratio_preserved_noise_mcc_selected_v1,logistic_regression_class_weight_balanced,logistic_regression,C,75/25,4,heuristic_fp_10,validation_grid,75/25,valid,10.000000,False,3804,76,7.973989,76,19,57,0.789474,0.754386,0.565217,0.684211,0.619048,0.479552,47,10,6,13,0.876270,0.789900,0.789900
logreg_balanced_ratio_preserved_noise_mcc_selected_v1,logistic_regression_class_weight_balanced,logistic_regression,C,75/25,4,heuristic_fp_10,test,50/50,test,1.000000,True,3804,76,8.048706,42,21,21,0.833333,0.833333,0.818182,0.857143,0.837209,0.667424,17,4,3,18,0.925170,0.929485,0.929485
logreg_balanced_ratio_preserved_noise_mcc_selected_v1,logistic_regression_class_weight_balanced,logistic_regression,C,75/25,4,heuristic_fp_10,test,60/40,test,1.000000,True,3804,76,8.190184,53,21,32,0.792453,0.803571,0.692308,0.857143,0.765957,0.594028,24,8,3,18,0.892857,0.841109,0.841109
logreg_balanced_ratio_preserved_noise_mcc_selected_v1,logistic_regression_class_weight_balanced,logistic_regression,C,75/25,4,heuristic_fp_10,test,70/30,test,1.000000,True,3804,76,8.291615,70,21,49,0.828571,0.836735,0.666667,0.857143,0.750000,0.634029,40,9,3,18,0.893100,0.803400,0.803400
logreg_balanced_ratio_preserved_noise_mcc_selected_v1,logistic_regression_class_weight_balanced,logistic_regression,C,75/25,4,heuristic_fp_10,test,75/25,test,1.000000,True,3804,76,8.408172,84,21,63,0.845238,0.849206,0.642857,0.857143,0.734694,0.641533,53,10,3,18,0.910809,0.753138,0.753138
logreg_balanced_ratio_preserved_noise_mcc_selected_v1,logistic_regression_class_weight_balanced,logistic_regression,C,75/25,4,heuristic_fp_10,test,80/20,test,1.000000,True,3804,76,8.516523,105,21,84,0.857143,0.857143,0.600000,0.857143,0.705882,0.632456,72,12,3,18,0.935941,0.827410,0.827410
logreg_balanced_ratio_preserved_noise_mcc_selected_v1,logistic_regression_class_weight_balanced,logistic_regression,C,75/25,4,heuristic_fp_10,test,90/10,test,1.000000,True,3804,76,8.727977,210,21,189,0.785714,0.817460,0.300000,0.857143,0.444444,0.421637,147,42,3,18,0.902242,0.569569,0.569569
logreg_balanced_ratio_preserved_noise_mcc_selected_v1,logistic_regression_class_weight_balanced,logistic_regression,C,75/25,4,heuristic_fp_20,validation_grid,75/25,valid,0.100000,False,4892,76,8.581058,76,19,57,0.723684,0.745614,0.468750,0.789474,0.588235,0.430820,40,17,4,15,0.876270,0.745118,0.745118
logreg_balanced_ratio_preserved_noise_mcc_selected_v1,logistic_regression_class_weight_balanced,logistic_regression,C,75/25,4,heuristic_fp_20,validation_grid,75/25,valid,1.000000,False,4892,76,8.863031,76,19,57,0.750000,0.763158,0.500000,0.789474,0.612245,0.466252,42,15,4,15,0.879963,0.778623,0.778623
logreg_balanced_ratio_preserved_noise_mcc_selected_v1,logistic_regression_class_weight_balanced,logistic_regression,C,75/25,4,heuristic_fp_20,validation_grid,75/25,valid,10.000000,True,4892,76,9.373393,76,19,57,0.828947,0.798246,0.636364,0.736842,0.682927,0.569521,49,8,5,14,0.845799,0.727706,0.727706
logreg_balanced_ratio_preserved_noise_mcc_selected_v1,logistic_regression_class_weight_balanced,logistic_regression,C,75/25,4,heuristic_fp_20,test,50/50,test,10.000000,True,4892,76,9.456140,42,21,21,0.809524,0.809524,0.842105,0.761905,0.800000,0.621874,18,3,5,16,0.897959,0.924299,0.924299
logreg_balanced_ratio_preserved_noise_mcc_selected_v1,logistic_regression_class_weight_balanced,logistic_regression,C,75/25,4,heuristic_fp_20,test,60/40,test,10.000000,True,4892,76,9.591896,53,21,32,0.811321,0.802827,0.761905,0.761905,0.761905,0.605655,27,5,5,16,0.886905,0.868277,0.868277
logreg_balanced_ratio_preserved_noise_mcc_selected_v1,logistic_regression_class_weight_balanced,logistic_regression,C,75/25,4,heuristic_fp_20,test,70/30,test,10.000000,True,4892,76,9.688068,70,21,49,0.742857,0.748299,0.551724,0.761905,0.640000,0.461979,36,13,5,16,0.851312,0.727965,0.727965
logreg_balanced_ratio_preserved_noise_mcc_selected_v1,logistic_regression_class_weight_balanced,logistic_regression,C,75/25,4,heuristic_fp_20,test,75/25,test,10.000000,True,4892,76,9.806532,84,21,63,0.857143,0.825397,0.695652,0.761905,0.727273,0.631967,56,7,5,16,0.900227,0.778451,0.778451
logreg_balanced_ratio_preserved_noise_mcc_selected_v1,logistic_regression_class_weight_balanced,logistic_regression,C,75/25,4,heuristic_fp_20,test,80/20,test,10.000000,True,4892,76,9.919479,105,21,84,0.838095,0.809524,0.571429,0.761905,0.653061,0.559950,72,12,5,16,0.907029,0.783742,0.783742
logreg_balanced_ratio_preserved_noise_mcc_selected_v1,logistic_regression_class_weight_balanced,logistic_regression,C,75/25,4,heuristic_fp_20,test,90/10,test,10.000000,True,4892,76,10.131837,210,21,189,0.776190,0.769841,0.275862,0.761905,0.405063,0.362112,147,42,5,16,0.866465,0.463255,0.463255
logreg_balanced_ratio_preserved_noise_mcc_selected_v1,logistic_regression_class_weight_balanced,logistic_regression,C,75/25,5,clean,validation_grid,75/25,valid,0.100000,False,2716,76,5.396960,76,19,57,0.776316,0.780702,0.535714,0.789474,0.638298,0.503953,44,13,4,15,0.843952,0.682675,0.682675
logreg_balanced_ratio_preserved_noise_mcc_selected_v1,logistic_regression_class_weight_balanced,logistic_regression,C,75/25,5,clean,validation_grid,75/25,valid,1.000000,False,2716,76,5.531836,76,19,57,0.789474,0.789474,0.555556,0.789474,0.652174,0.523810,45,12,4,15,0.843952,0.723411,0.723411
logreg_balanced_ratio_preserved_noise_mcc_selected_v1,logistic_regression_class_weight_balanced,logistic_regression,C,75/25,5,clean,validation_grid,75/25,valid,10.000000,True,2716,76,5.750291,76,19,57,0.815789,0.807018,0.600000,0.789474,0.681818,0.565916,47,10,4,15,0.828255,0.750857,0.750857
logreg_balanced_ratio_preserved_noise_mcc_selected_v1,logistic_regression_class_weight_balanced,logistic_regression,C,75/25,5,clean,test,50/50,test,10.000000,True,2716,76,5.834144,42,21,21,0.785714,0.785714,0.772727,0.809524,0.790698,0.572078,16,5,4,17,0.859410,0.867121,0.867121
logreg_balanced_ratio_preserved_noise_mcc_selected_v1,logistic_regression_class_weight_balanced,logistic_regression,C,75/25,5,clean,test,60/40,test,10.000000,True,2716,76,5.929334,53,21,32,0.849057,0.842262,0.809524,0.809524,0.809524,0.684524,28,4,4,17,0.894345,0.788770,0.788770
logreg_balanced_ratio_preserved_noise_mcc_selected_v1,logistic_regression_class_weight_balanced,logistic_regression,C,75/25,5,clean,test,70/30,test,10.000000,True,2716,76,6.013997,70,21,49,0.814286,0.812925,0.653846,0.809524,0.723404,0.593561,40,9,4,17,0.893100,0.773586,0.773586
logreg_balanced_ratio_preserved_noise_mcc_selected_v1,logistic_regression_class_weight_balanced,logistic_regression,C,75/25,5,clean,test,75/25,test,10.000000,True,2716,76,6.104536,84,21,63,0.892857,0.865079,0.772727,0.809524,0.790698,0.719101,58,5,4,17,0.907029,0.708058,0.708058
logreg_balanced_ratio_preserved_noise_mcc_selected_v1,logistic_regression_class_weight_balanced,logistic_regression,C,75/25,5,clean,test,80/20,test,10.000000,True,2716,76,6.240815,105,21,84,0.847619,0.833333,0.586207,0.809524,0.680000,0.596420,72,12,4,17,0.877551,0.577357,0.577357
logreg_balanced_ratio_preserved_noise_mcc_selected_v1,logistic_regression_class_weight_balanced,logistic_regression,C,75/25,5,clean,test,90/10,test,10.000000,True,2716,76,6.473389,210,21,189,0.847619,0.830688,0.377778,0.809524,0.515152,0.483549,161,28,4,17,0.884354,0.480007,0.480007
logreg_balanced_ratio_preserved_noise_mcc_selected_v1,logistic_regression_class_weight_balanced,logistic_regression,C,75/25,5,random_flip_10,validation_grid,75/25,valid,0.100000,False,2716,76,5.407361,76,19,57,0.736842,0.771930,0.484848,0.842105,0.615385,0.475127,40,17,3,16,0.846722,0.674976,0.674976
logreg_balanced_ratio_preserved_noise_mcc_selected_v1,logistic_regression_class_weight_balanced,logistic_regression,C,75/25,5,random_flip_10,validation_grid,75/25,valid,1.000000,True,2716,76,5.527190,76,19,57,0.763158,0.789474,0.516129,0.842105,0.640000,0.510113,42,15,3,16,0.838412,0.688617,0.688617
logreg_balanced_ratio_preserved_noise_mcc_selected_v1,logistic_regression_class_weight_balanced,logistic_regression,C,75/25,5,random_flip_10,validation_grid,75/25,valid,10.000000,False,2716,76,5.795305,76,19,57,0.776316,0.763158,0.538462,0.736842,0.622222,0.480384,45,12,5,14,0.817175,0.698950,0.698950
logreg_balanced_ratio_preserved_noise_mcc_selected_v1,logistic_regression_class_weight_balanced,logistic_regression,C,75/25,5,random_flip_10,test,50/50,test,1.000000,True,2716,76,5.874177,42,21,21,0.785714,0.785714,0.772727,0.809524,0.790698,0.572078,16,5,4,17,0.850340,0.826809,0.826809
logreg_balanced_ratio_preserved_noise_mcc_selected_v1,logistic_regression_class_weight_balanced,logistic_regression,C,75/25,5,random_flip_10,test,60/40,test,1.000000,True,2716,76,5.953987,53,21,32,0.830189,0.826637,0.772727,0.809524,0.790698,0.648467,27,5,4,17,0.892857,0.812177,0.812177
logreg_balanced_ratio_preserved_noise_mcc_selected_v1,logistic_regression_class_weight_balanced,logistic_regression,C,75/25,5,random_flip_10,test,70/30,test,1.000000,True,2716,76,6.050410,70,21,49,0.814286,0.812925,0.653846,0.809524,0.723404,0.593561,40,9,4,17,0.897959,0.757547,0.757547
logreg_balanced_ratio_preserved_noise_mcc_selected_v1,logistic_regression_class_weight_balanced,logistic_regression,C,75/25,5,random_flip_10,test,75/25,test,1.000000,True,2716,76,6.145772,84,21,63,0.904762,0.873016,0.809524,0.809524,0.809524,0.746032,59,4,4,17,0.940287,0.799662,0.799662
logreg_balanced_ratio_preserved_noise_mcc_selected_v1,logistic_regression_class_weight_balanced,logistic_regression,C,75/25,5,random_flip_10,test,80/20,test,1.000000,True,2716,76,6.283970,105,21,84,0.828571,0.821429,0.548387,0.809524,0.653846,0.563725,70,14,4,17,0.869615,0.544439,0.544439
logreg_balanced_ratio_preserved_noise_mcc_selected_v1,logistic_regression_class_weight_balanced,logistic_regression,C,75/25,5,random_flip_10,test,90/10,test,1.000000,True,2716,76,6.524899,210,21,189,0.804762,0.806878,0.314815,0.809524,0.453333,0.421287,152,37,4,17,0.894684,0.551423,0.551423
logreg_balanced_ratio_preserved_noise_mcc_selected_v1,logistic_regression_class_weight_balanced,logistic_regression,C,75/25,5,random_flip_20,validation_grid,75/25,valid,0.100000,True,2716,76,5.588227,76,19,57,0.657895,0.684211,0.400000,0.736842,0.518519,0.320061,36,21,5,14,0.794090,0.608985,0.608985
logreg_balanced_ratio_preserved_noise_mcc_selected_v1,logistic_regression_class_weight_balanced,logistic_regression,C,75/25,5,random_flip_20,validation_grid,75/25,valid,1.000000,False,2716,76,5.707339,76,19,57,0.671053,0.657895,0.400000,0.631579,0.489796,0.279751,39,18,7,12,0.727608,0.641998,0.641998
logreg_balanced_ratio_preserved_noise_mcc_selected_v1,logistic_regression_class_weight_balanced,logistic_regression,C,75/25,5,random_flip_20,validation_grid,75/25,valid,10.000000,False,2716,76,5.984529,76,19,57,0.710526,0.649123,0.434783,0.526316,0.476190,0.281117,44,13,9,10,0.628809,0.451802,0.451802
logreg_balanced_ratio_preserved_noise_mcc_selected_v1,logistic_regression_class_weight_balanced,logistic_regression,C,75/25,5,random_flip_20,test,50/50,test,0.100000,True,2716,76,6.060971,42,21,21,0.761905,0.761905,0.739130,0.809524,0.772727,0.526201,15,6,4,17,0.804989,0.751554,0.751554
logreg_balanced_ratio_preserved_noise_mcc_selected_v1,logistic_regression_class_weight_balanced,logistic_regression,C,75/25,5,random_flip_20,test,60/40,test,0.100000,True,2716,76,6.144179,53,21,32,0.792453,0.795387,0.708333,0.809524,0.755556,0.580499,25,7,4,17,0.828869,0.703111,0.703111
logreg_balanced_ratio_preserved_noise_mcc_selected_v1,logistic_regression_class_weight_balanced,logistic_regression,C,75/25,5,random_flip_20,test,70/30,test,0.100000,True,2716,76,6.227763,70,21,49,0.771429,0.782313,0.586207,0.809524,0.680000,0.525264,37,12,4,17,0.856171,0.745128,0.745128
logreg_balanced_ratio_preserved_noise_mcc_selected_v1,logistic_regression_class_weight_balanced,logistic_regression,C,75/25,5,random_flip_20,test,75/25,test,0.100000,True,2716,76,6.326124,84,21,63,0.821429,0.817460,0.607143,0.809524,0.693878,0.583212,52,11,4,17,0.883598,0.708099,0.708099
logreg_balanced_ratio_preserved_noise_mcc_selected_v1,logistic_regression_class_weight_balanced,logistic_regression,C,75/25,5,random_flip_20,test,80/20,test,0.100000,True,2716,76,6.463420,105,21,84,0.780952,0.791667,0.472222,0.809524,0.596491,0.491576,65,19,4,17,0.829932,0.496399,0.496399
logreg_balanced_ratio_preserved_noise_mcc_selected_v1,logistic_regression_class_weight_balanced,logistic_regression,C,75/25,5,random_flip_20,test,90/10,test,0.100000,True,2716,76,6.729870,210,21,189,0.776190,0.791005,0.283333,0.809524,0.419753,0.386501,146,43,4,17,0.846057,0.313950,0.313950
logreg_balanced_ratio_preserved_noise_mcc_selected_v1,logistic_regression_class_weight_balanced,logistic_regression,C,75/25,5,random_fp_10,validation_grid,75/25,valid,0.100000,False,3804,76,6.868602,76,19,57,0.671053,0.710526,0.416667,0.789474,0.545455,0.365148,36,21,4,15,0.845799,0.678529,0.678529
logreg_balanced_ratio_preserved_noise_mcc_selected_v1,logistic_regression_class_weight_balanced,logistic_regression,C,75/25,5,random_fp_10,validation_grid,75/25,valid,1.000000,False,3804,76,7.084801,76,19,57,0.697368,0.728070,0.441176,0.789474,0.566038,0.397236,38,19,4,15,0.824561,0.641808,0.641808
logreg_balanced_ratio_preserved_noise_mcc_selected_v1,logistic_regression_class_weight_balanced,logistic_regression,C,75/25,5,random_fp_10,validation_grid,75/25,valid,10.000000,True,3804,76,7.522569,76,19,57,0.763158,0.771930,0.517241,0.789474,0.625000,0.484789,43,14,4,15,0.806094,0.632343,0.632343
logreg_balanced_ratio_preserved_noise_mcc_selected_v1,logistic_regression_class_weight_balanced,logistic_regression,C,75/25,5,random_fp_10,test,50/50,test,10.000000,True,3804,76,7.620319,42,21,21,0.785714,0.785714,0.772727,0.809524,0.790698,0.572078,16,5,4,17,0.809524,0.793567,0.793567
logreg_balanced_ratio_preserved_noise_mcc_selected_v1,logistic_regression_class_weight_balanced,logistic_regression,C,75/25,5,random_fp_10,test,60/40,test,10.000000,True,3804,76,7.718335,53,21,32,0.811321,0.811012,0.739130,0.809524,0.772727,0.613857,26,6,4,17,0.849702,0.775046,0.775046
logreg_balanced_ratio_preserved_noise_mcc_selected_v1,logistic_regression_class_weight_balanced,logistic_regression,C,75/25,5,random_fp_10,test,70/30,test,10.000000,True,3804,76,7.812952,70,21,49,0.814286,0.812925,0.653846,0.809524,0.723404,0.593561,40,9,4,17,0.856171,0.747881,0.747881
logreg_balanced_ratio_preserved_noise_mcc_selected_v1,logistic_regression_class_weight_balanced,logistic_regression,C,75/25,5,random_fp_10,test,75/25,test,10.000000,True,3804,76,7.916840,84,21,63,0.833333,0.825397,0.629630,0.809524,0.708333,0.603398,53,10,4,17,0.876795,0.714487,0.714487
logreg_balanced_ratio_preserved_noise_mcc_selected_v1,logistic_regression_class_weight_balanced,logistic_regression,C,75/25,5,random_fp_10,test,80/20,test,10.000000,True,3804,76,8.060776,105,21,84,0.809524,0.809524,0.515152,0.809524,0.629630,0.533396,68,16,4,17,0.850340,0.629118,0.629118
logreg_balanced_ratio_preserved_noise_mcc_selected_v1,logistic_regression_class_weight_balanced,logistic_regression,C,75/25,5,random_fp_10,test,90/10,test,10.000000,True,3804,76,8.306022,210,21,189,0.828571,0.820106,0.346939,0.809524,0.485714,0.454102,157,32,4,17,0.867473,0.520305,0.520305
logreg_balanced_ratio_preserved_noise_mcc_selected_v1,logistic_regression_class_weight_balanced,logistic_regression,C,75/25,5,random_fp_20,validation_grid,75/25,valid,0.100000,True,4892,76,7.717990,76,19,57,0.697368,0.745614,0.444444,0.842105,0.581818,0.426006,37,20,3,16,0.831948,0.685182,0.685182
logreg_balanced_ratio_preserved_noise_mcc_selected_v1,logistic_regression_class_weight_balanced,logistic_regression,C,75/25,5,random_fp_20,validation_grid,75/25,valid,1.000000,False,4892,76,7.979430,76,19,57,0.671053,0.710526,0.416667,0.789474,0.545455,0.365148,36,21,4,15,0.809788,0.683413,0.683413
logreg_balanced_ratio_preserved_noise_mcc_selected_v1,logistic_regression_class_weight_balanced,logistic_regression,C,75/25,5,random_fp_20,validation_grid,75/25,valid,10.000000,False,4892,76,8.598667,76,19,57,0.644737,0.675439,0.388889,0.736842,0.509091,0.304290,35,22,5,14,0.786704,0.662954,0.662954
logreg_balanced_ratio_preserved_noise_mcc_selected_v1,logistic_regression_class_weight_balanced,logistic_regression,C,75/25,5,random_fp_20,test,50/50,test,0.100000,True,4892,76,8.698627,42,21,21,0.785714,0.785714,0.750000,0.857143,0.800000,0.577350,15,6,3,18,0.857143,0.860549,0.860549
logreg_balanced_ratio_preserved_noise_mcc_selected_v1,logistic_regression_class_weight_balanced,logistic_regression,C,75/25,5,random_fp_20,test,60/40,test,0.100000,True,4892,76,8.809659,53,21,32,0.792453,0.803571,0.692308,0.857143,0.765957,0.594028,24,8,3,18,0.848214,0.724806,0.724806
logreg_balanced_ratio_preserved_noise_mcc_selected_v1,logistic_regression_class_weight_balanced,logistic_regression,C,75/25,5,random_fp_20,test,70/30,test,0.100000,True,4892,76,8.909929,70,21,49,0.800000,0.816327,0.620690,0.857143,0.720000,0.588549,38,11,3,18,0.886297,0.790968,0.790968
logreg_balanced_ratio_preserved_noise_mcc_selected_v1,logistic_regression_class_weight_balanced,logistic_regression,C,75/25,5,random_fp_20,test,75/25,test,0.100000,True,4892,76,9.020814,84,21,63,0.845238,0.849206,0.642857,0.857143,0.734694,0.641533,53,10,3,18,0.902494,0.680429,0.680429
logreg_balanced_ratio_preserved_noise_mcc_selected_v1,logistic_regression_class_weight_balanced,logistic_regression,C,75/25,5,random_fp_20,test,80/20,test,0.100000,True,4892,76,9.170401,105,21,84,0.723810,0.773810,0.409091,0.857143,0.553846,0.443953,58,26,3,18,0.842404,0.556011,0.556011
logreg_balanced_ratio_preserved_noise_mcc_selected_v1,logistic_regression_class_weight_balanced,logistic_regression,C,75/25,5,random_fp_20,test,90/10,test,0.100000,True,4892,76,9.436413,210,21,189,0.752381,0.798942,0.268657,0.857143,0.409091,0.384815,140,49,3,18,0.872512,0.494589,0.494589
logreg_balanced_ratio_preserved_noise_mcc_selected_v1,logistic_regression_class_weight_balanced,logistic_regression,C,75/25,5,heuristic_fp_10,validation_grid,75/25,valid,0.100000,False,3804,76,6.630566,76,19,57,0.710526,0.736842,0.454545,0.789474,0.576923,0.413820,39,18,4,15,0.825485,0.643813,0.643813
logreg_balanced_ratio_preserved_noise_mcc_selected_v1,logistic_regression_class_weight_balanced,logistic_regression,C,75/25,5,heuristic_fp_10,validation_grid,75/25,valid,1.000000,True,3804,76,6.815732,76,19,57,0.736842,0.754386,0.483871,0.789474,0.600000,0.448281,41,16,4,15,0.825485,0.646500,0.646500
logreg_balanced_ratio_preserved_noise_mcc_selected_v1,logistic_regression_class_weight_balanced,logistic_regression,C,75/25,5,heuristic_fp_10,validation_grid,75/25,valid,10.000000,False,3804,76,7.150743,76,19,57,0.710526,0.719298,0.451613,0.736842,0.560000,0.386449,40,17,5,14,0.797784,0.594774,0.594774
logreg_balanced_ratio_preserved_noise_mcc_selected_v1,logistic_regression_class_weight_balanced,logistic_regression,C,75/25,5,heuristic_fp_10,test,50/50,test,1.000000,True,3804,76,7.236198,42,21,21,0.833333,0.833333,0.818182,0.857143,0.837209,0.667424,17,4,3,18,0.879819,0.862601,0.862601
logreg_balanced_ratio_preserved_noise_mcc_selected_v1,logistic_regression_class_weight_balanced,logistic_regression,C,75/25,5,heuristic_fp_10,test,60/40,test,1.000000,True,3804,76,7.340822,53,21,32,0.849057,0.850446,0.782609,0.857143,0.818182,0.691690,27,5,3,18,0.891369,0.789550,0.789550
logreg_balanced_ratio_preserved_noise_mcc_selected_v1,logistic_regression_class_weight_balanced,logistic_regression,C,75/25,5,heuristic_fp_10,test,70/30,test,1.000000,True,3804,76,7.436151,70,21,49,0.814286,0.826531,0.642857,0.857143,0.734694,0.610883,39,10,3,18,0.903790,0.770450,0.770450
logreg_balanced_ratio_preserved_noise_mcc_selected_v1,logistic_regression_class_weight_balanced,logistic_regression,C,75/25,5,heuristic_fp_10,test,75/25,test,1.000000,True,3804,76,7.528502,84,21,63,0.869048,0.865079,0.692308,0.857143,0.765957,0.683906,55,8,3,18,0.928949,0.727491,0.727491
logreg_balanced_ratio_preserved_noise_mcc_selected_v1,logistic_regression_class_weight_balanced,logistic_regression,C,75/25,5,heuristic_fp_10,test,80/20,test,1.000000,True,3804,76,7.660104,105,21,84,0.761905,0.797619,0.450000,0.857143,0.590164,0.490290,62,22,3,18,0.876417,0.599781,0.599781
logreg_balanced_ratio_preserved_noise_mcc_selected_v1,logistic_regression_class_weight_balanced,logistic_regression,C,75/25,5,heuristic_fp_10,test,90/10,test,1.000000,True,3804,76,7.909819,210,21,189,0.790476,0.820106,0.305085,0.857143,0.450000,0.427316,148,41,3,18,0.900983,0.554531,0.554531
logreg_balanced_ratio_preserved_noise_mcc_selected_v1,logistic_regression_class_weight_balanced,logistic_regression,C,75/25,5,heuristic_fp_20,validation_grid,75/25,valid,0.100000,False,4892,76,8.158538,76,19,57,0.657895,0.701754,0.405405,0.789474,0.535714,0.349570,35,22,4,15,0.834718,0.681943,0.681943
logreg_balanced_ratio_preserved_noise_mcc_selected_v1,logistic_regression_class_weight_balanced,logistic_regression,C,75/25,5,heuristic_fp_20,validation_grid,75/25,valid,1.000000,False,4892,76,8.437159,76,19,57,0.657895,0.701754,0.405405,0.789474,0.535714,0.349570,35,22,4,15,0.825485,0.619841,0.619841
logreg_balanced_ratio_preserved_noise_mcc_selected_v1,logistic_regression_class_weight_balanced,logistic_regression,C,75/25,5,heuristic_fp_20,validation_grid,75/25,valid,10.000000,True,4892,76,8.966742,76,19,57,0.736842,0.754386,0.483871,0.789474,0.600000,0.448281,41,16,4,15,0.814404,0.604986,0.604986
logreg_balanced_ratio_preserved_noise_mcc_selected_v1,logistic_regression_class_weight_balanced,logistic_regression,C,75/25,5,heuristic_fp_20,test,50/50,test,10.000000,True,4892,76,9.057464,42,21,21,0.738095,0.738095,0.750000,0.714286,0.731707,0.476731,16,5,6,15,0.873016,0.872589,0.872589
logreg_balanced_ratio_preserved_noise_mcc_selected_v1,logistic_regression_class_weight_balanced,logistic_regression,C,75/25,5,heuristic_fp_20,test,60/40,test,10.000000,True,4892,76,9.200032,53,21,32,0.698113,0.700893,0.600000,0.714286,0.652174,0.393668,22,10,6,15,0.839286,0.743693,0.743693
logreg_balanced_ratio_preserved_noise_mcc_selected_v1,logistic_regression_class_weight_balanced,logistic_regression,C,75/25,5,heuristic_fp_20,test,70/30,test,10.000000,True,4892,76,9.289338,70,21,49,0.800000,0.775510,0.652174,0.714286,0.681818,0.537604,41,8,6,15,0.874636,0.681666,0.681666
logreg_balanced_ratio_preserved_noise_mcc_selected_v1,logistic_regression_class_weight_balanced,logistic_regression,C,75/25,5,heuristic_fp_20,test,75/25,test,10.000000,True,4892,76,9.389518,84,21,63,0.809524,0.777778,0.600000,0.714286,0.652174,0.526152,53,10,6,15,0.883598,0.676670,0.676670
logreg_balanced_ratio_preserved_noise_mcc_selected_v1,logistic_regression_class_weight_balanced,logistic_regression,C,75/25,5,heuristic_fp_20,test,80/20,test,10.000000,True,4892,76,9.526303,105,21,84,0.742857,0.732143,0.416667,0.714286,0.526316,0.391254,63,21,6,15,0.854308,0.623501,0.623501
logreg_balanced_ratio_preserved_noise_mcc_selected_v1,logistic_regression_class_weight_balanced,logistic_regression,C,75/25,5,heuristic_fp_20,test,90/10,test,10.000000,True,4892,76,9.776777,210,21,189,0.814286,0.769841,0.312500,0.714286,0.434783,0.385568,156,33,6,15,0.879567,0.495910,0.495910
logreg_balanced_ratio_preserved_noise_mcc_selected_v1,logistic_regression_class_weight_balanced,logistic_regression,C,80/20,1,clean,validation_grid,80/20,valid,0.100000,False,3395,95,6.624186,95,19,76,0.757895,0.769737,0.441176,0.789474,0.566038,0.450142,57,19,4,15,0.821330,0.565450,0.565450
logreg_balanced_ratio_preserved_noise_mcc_selected_v1,logistic_regression_class_weight_balanced,logistic_regression,C,80/20,1,clean,validation_grid,80/20,valid,1.000000,False,3395,95,6.796488,95,19,76,0.768421,0.776316,0.454545,0.789474,0.576923,0.464266,58,18,4,15,0.832410,0.636614,0.636614
logreg_balanced_ratio_preserved_noise_mcc_selected_v1,logistic_regression_class_weight_balanced,logistic_regression,C,80/20,1,clean,validation_grid,80/20,valid,10.000000,True,3395,95,7.070622,95,19,76,0.831579,0.776316,0.565217,0.684211,0.619048,0.516047,66,10,6,13,0.824100,0.674006,0.674006
logreg_balanced_ratio_preserved_noise_mcc_selected_v1,logistic_regression_class_weight_balanced,logistic_regression,C,80/20,1,clean,test,50/50,test,10.000000,True,3395,95,7.141986,42,21,21,0.809524,0.809524,0.882353,0.714286,0.789474,0.630593,19,2,6,15,0.913832,0.927639,0.927639
logreg_balanced_ratio_preserved_noise_mcc_selected_v1,logistic_regression_class_weight_balanced,logistic_regression,C,80/20,1,clean,test,60/40,test,10.000000,True,3395,95,7.220484,53,21,32,0.811321,0.794643,0.789474,0.714286,0.750000,0.601027,28,4,6,15,0.857143,0.835894,0.835894
logreg_balanced_ratio_preserved_noise_mcc_selected_v1,logistic_regression_class_weight_balanced,logistic_regression,C,80/20,1,clean,test,70/30,test,10.000000,True,3395,95,7.312309,70,21,49,0.885714,0.836735,0.882353,0.714286,0.789474,0.719719,47,2,6,15,0.909621,0.874146,0.874146
logreg_balanced_ratio_preserved_noise_mcc_selected_v1,logistic_regression_class_weight_balanced,logistic_regression,C,80/20,1,clean,test,75/25,test,10.000000,True,3395,95,7.395798,84,21,63,0.880952,0.825397,0.789474,0.714286,0.750000,0.673581,59,4,6,15,0.928949,0.863389,0.863389
logreg_balanced_ratio_preserved_noise_mcc_selected_v1,logistic_regression_class_weight_balanced,logistic_regression,C,80/20,1,clean,test,80/20,test,10.000000,True,3395,95,7.501255,105,21,84,0.838095,0.791667,0.576923,0.714286,0.638298,0.540587,73,11,6,15,0.871315,0.727166,0.727166
logreg_balanced_ratio_preserved_noise_mcc_selected_v1,logistic_regression_class_weight_balanced,logistic_regression,C,80/20,1,clean,test,90/10,test,10.000000,True,3395,95,7.697848,210,21,189,0.880952,0.806878,0.441176,0.714286,0.545455,0.499851,170,19,6,15,0.887629,0.585975,0.585975
logreg_balanced_ratio_preserved_noise_mcc_selected_v1,logistic_regression_class_weight_balanced,logistic_regression,C,80/20,1,random_flip_10,validation_grid,80/20,valid,0.100000,True,3395,95,6.756660,95,19,76,0.747368,0.763158,0.428571,0.789474,0.555556,0.436436,56,20,4,15,0.802632,0.544122,0.544122
logreg_balanced_ratio_preserved_noise_mcc_selected_v1,logistic_regression_class_weight_balanced,logistic_regression,C,80/20,1,random_flip_10,validation_grid,80/20,valid,1.000000,False,3395,95,6.930511,95,19,76,0.747368,0.743421,0.424242,0.736842,0.538462,0.408996,57,19,5,14,0.790859,0.509997,0.509997
logreg_balanced_ratio_preserved_noise_mcc_selected_v1,logistic_regression_class_weight_balanced,logistic_regression,C,80/20,1,random_flip_10,validation_grid,80/20,valid,10.000000,False,3395,95,7.249530,95,19,76,0.726316,0.631579,0.360000,0.473684,0.409091,0.239046,60,16,10,9,0.727147,0.419752,0.419752
logreg_balanced_ratio_preserved_noise_mcc_selected_v1,logistic_regression_class_weight_balanced,logistic_regression,C,80/20,1,random_flip_10,test,50/50,test,0.100000,True,3395,95,7.322061,42,21,21,0.809524,0.809524,0.809524,0.809524,0.809524,0.619048,17,4,4,17,0.850340,0.845628,0.845628
logreg_balanced_ratio_preserved_noise_mcc_selected_v1,logistic_regression_class_weight_balanced,logistic_regression,C,80/20,1,random_flip_10,test,60/40,test,0.100000,True,3395,95,7.404555,53,21,32,0.811321,0.811012,0.739130,0.809524,0.772727,0.613857,26,6,4,17,0.877976,0.876049,0.876049
logreg_balanced_ratio_preserved_noise_mcc_selected_v1,logistic_regression_class_weight_balanced,logistic_regression,C,80/20,1,random_flip_10,test,70/30,test,0.100000,True,3395,95,7.488092,70,21,49,0.842857,0.833333,0.708333,0.809524,0.755556,0.643623,42,7,4,17,0.908649,0.858552,0.858552
logreg_balanced_ratio_preserved_noise_mcc_selected_v1,logistic_regression_class_weight_balanced,logistic_regression,C,80/20,1,random_flip_10,test,75/25,test,0.100000,True,3395,95,7.582432,84,21,63,0.869048,0.849206,0.708333,0.809524,0.755556,0.669439,56,7,4,17,0.913076,0.837939,0.837939
logreg_balanced_ratio_preserved_noise_mcc_selected_v1,logistic_regression_class_weight_balanced,logistic_regression,C,80/20,1,random_flip_10,test,80/20,test,0.100000,True,3395,95,7.713074,105,21,84,0.761905,0.779762,0.447368,0.809524,0.576271,0.465735,63,21,4,17,0.841270,0.539795,0.539795
logreg_balanced_ratio_preserved_noise_mcc_selected_v1,logistic_regression_class_weight_balanced,logistic_regression,C,80/20,1,random_flip_10,test,90/10,test,0.100000,True,3395,95,7.946175,210,21,189,0.776190,0.791005,0.283333,0.809524,0.419753,0.386501,146,43,4,17,0.858655,0.513817,0.513817
logreg_balanced_ratio_preserved_noise_mcc_selected_v1,logistic_regression_class_weight_balanced,logistic_regression,C,80/20,1,random_flip_20,validation_grid,80/20,valid,0.100000,True,3395,95,6.810295,95,19,76,0.736842,0.736842,0.411765,0.736842,0.528302,0.395247,56,20,5,14,0.817867,0.550024,0.550024
logreg_balanced_ratio_preserved_noise_mcc_selected_v1,logistic_regression_class_weight_balanced,logistic_regression,C,80/20,1,random_flip_20,validation_grid,80/20,valid,1.000000,False,3395,95,6.962684,95,19,76,0.757895,0.690789,0.423077,0.578947,0.488889,0.342339,61,15,8,11,0.801939,0.552682,0.552682
logreg_balanced_ratio_preserved_noise_mcc_selected_v1,logistic_regression_class_weight_balanced,logistic_regression,C,80/20,1,random_flip_20,validation_grid,80/20,valid,10.000000,False,3395,95,7.315633,95,19,76,0.768421,0.638158,0.421053,0.421053,0.421053,0.276316,65,11,11,8,0.761080,0.515388,0.515388
logreg_balanced_ratio_preserved_noise_mcc_selected_v1,logistic_regression_class_weight_balanced,logistic_regression,C,80/20,1,random_flip_20,test,50/50,test,0.100000,True,3395,95,7.393844,42,21,21,0.761905,0.761905,0.789474,0.714286,0.750000,0.526201,17,4,6,15,0.823129,0.823903,0.823903
logreg_balanced_ratio_preserved_noise_mcc_selected_v1,logistic_regression_class_weight_balanced,logistic_regression,C,80/20,1,random_flip_20,test,60/40,test,0.100000,True,3395,95,7.483418,53,21,32,0.735849,0.732143,0.652174,0.714286,0.681818,0.458190,24,8,6,15,0.827381,0.821529,0.821529
logreg_balanced_ratio_preserved_noise_mcc_selected_v1,logistic_regression_class_weight_balanced,logistic_regression,C,80/20,1,random_flip_20,test,70/30,test,0.100000,True,3395,95,7.565839,70,21,49,0.742857,0.734694,0.555556,0.714286,0.625000,0.441899,37,12,6,15,0.827988,0.742128,0.742128
logreg_balanced_ratio_preserved_noise_mcc_selected_v1,logistic_regression_class_weight_balanced,logistic_regression,C,80/20,1,random_flip_20,test,75/25,test,0.100000,True,3395,95,7.655643,84,21,63,0.857143,0.809524,0.714286,0.714286,0.714286,0.619048,57,6,6,15,0.873016,0.806516,0.806516
logreg_balanced_ratio_preserved_noise_mcc_selected_v1,logistic_regression_class_weight_balanced,logistic_regression,C,80/20,1,random_flip_20,test,80/20,test,0.100000,True,3395,95,7.767470,105,21,84,0.761905,0.744048,0.441176,0.714286,0.545455,0.417239,65,19,6,15,0.810091,0.514318,0.514318
logreg_balanced_ratio_preserved_noise_mcc_selected_v1,logistic_regression_class_weight_balanced,logistic_regression,C,80/20,1,random_flip_20,test,90/10,test,0.100000,True,3395,95,7.986514,210,21,189,0.780952,0.751323,0.272727,0.714286,0.394737,0.342969,149,40,6,15,0.813303,0.380711,0.380711
logreg_balanced_ratio_preserved_noise_mcc_selected_v1,logistic_regression_class_weight_balanced,logistic_regression,C,80/20,1,random_fp_10,validation_grid,80/20,valid,0.100000,False,5095,95,8.897510,95,19,76,0.747368,0.763158,0.428571,0.789474,0.555556,0.436436,56,20,4,15,0.819252,0.547416,0.547416
logreg_balanced_ratio_preserved_noise_mcc_selected_v1,logistic_regression_class_weight_balanced,logistic_regression,C,80/20,1,random_fp_10,validation_grid,80/20,valid,1.000000,False,5095,95,9.227640,95,19,76,0.778947,0.763158,0.466667,0.736842,0.571429,0.452911,60,16,5,14,0.810249,0.563661,0.563661
logreg_balanced_ratio_preserved_noise_mcc_selected_v1,logistic_regression_class_weight_balanced,logistic_regression,C,80/20,1,random_fp_10,validation_grid,80/20,valid,10.000000,True,5095,95,9.812626,95,19,76,0.810526,0.743421,0.521739,0.631579,0.571429,0.454613,65,11,7,12,0.750000,0.515430,0.515430
logreg_balanced_ratio_preserved_noise_mcc_selected_v1,logistic_regression_class_weight_balanced,logistic_regression,C,80/20,1,random_fp_10,test,50/50,test,10.000000,True,5095,95,9.905008,42,21,21,0.785714,0.785714,0.928571,0.619048,0.742857,0.606092,20,1,8,13,0.897959,0.916170,0.916170
logreg_balanced_ratio_preserved_noise_mcc_selected_v1,logistic_regression_class_weight_balanced,logistic_regression,C,80/20,1,random_fp_10,test,60/40,test,10.000000,True,5095,95,9.999576,53,21,32,0.773585,0.747024,0.764706,0.619048,0.684211,0.517699,28,4,8,13,0.827381,0.774354,0.774354
logreg_balanced_ratio_preserved_noise_mcc_selected_v1,logistic_regression_class_weight_balanced,logistic_regression,C,80/20,1,random_fp_10,test,70/30,test,10.000000,True,5095,95,10.083306,70,21,49,0.771429,0.727891,0.619048,0.619048,0.619048,0.455782,41,8,8,13,0.838678,0.772004,0.772004
logreg_balanced_ratio_preserved_noise_mcc_selected_v1,logistic_regression_class_weight_balanced,logistic_regression,C,80/20,1,random_fp_10,test,75/25,test,10.000000,True,5095,95,10.177120,84,21,63,0.785714,0.730159,0.565217,0.619048,0.590909,0.447001,53,10,8,13,0.847317,0.669944,0.669944
logreg_balanced_ratio_preserved_noise_mcc_selected_v1,logistic_regression_class_weight_balanced,logistic_regression,C,80/20,1,random_fp_10,test,80/20,test,10.000000,True,5095,95,10.295779,105,21,84,0.838095,0.755952,0.590909,0.619048,0.604651,0.503139,75,9,8,13,0.854308,0.684636,0.684636
logreg_balanced_ratio_preserved_noise_mcc_selected_v1,logistic_regression_class_weight_balanced,logistic_regression,C,80/20,1,random_fp_10,test,90/10,test,10.000000,True,5095,95,10.519887,210,21,189,0.833333,0.738095,0.325000,0.619048,0.426230,0.363803,162,27,8,13,0.848576,0.520018,0.520018
logreg_balanced_ratio_preserved_noise_mcc_selected_v1,logistic_regression_class_weight_balanced,logistic_regression,C,80/20,1,random_fp_20,validation_grid,80/20,valid,0.100000,False,6790,95,10.922212,95,19,76,0.705263,0.756579,0.390244,0.842105,0.533333,0.414425,51,25,3,16,0.844875,0.562208,0.562208
logreg_balanced_ratio_preserved_noise_mcc_selected_v1,logistic_regression_class_weight_balanced,logistic_regression,C,80/20,1,random_fp_20,validation_grid,80/20,valid,1.000000,False,6790,95,11.354728,95,19,76,0.736842,0.756579,0.416667,0.789474,0.545455,0.423114,55,21,4,15,0.859418,0.654851,0.654851
logreg_balanced_ratio_preserved_noise_mcc_selected_v1,logistic_regression_class_weight_balanced,logistic_regression,C,80/20,1,random_fp_20,validation_grid,80/20,valid,10.000000,True,6790,95,12.207668,95,19,76,0.800000,0.776316,0.500000,0.736842,0.595745,0.484845,62,14,5,14,0.828255,0.537746,0.537746
logreg_balanced_ratio_preserved_noise_mcc_selected_v1,logistic_regression_class_weight_balanced,logistic_regression,C,80/20,1,random_fp_20,test,50/50,test,10.000000,True,6790,95,12.299409,42,21,21,0.714286,0.714286,0.764706,0.619048,0.684211,0.436564,17,4,8,13,0.793651,0.809893,0.809893
logreg_balanced_ratio_preserved_noise_mcc_selected_v1,logistic_regression_class_weight_balanced,logistic_regression,C,80/20,1,random_fp_20,test,60/40,test,10.000000,True,6790,95,12.394046,53,21,32,0.754717,0.731399,0.722222,0.619048,0.666667,0.477975,27,5,8,13,0.809524,0.767758,0.767758
logreg_balanced_ratio_preserved_noise_mcc_selected_v1,logistic_regression_class_weight_balanced,logistic_regression,C,80/20,1,random_fp_20,test,70/30,test,10.000000,True,6790,95,12.469808,70,21,49,0.757143,0.717687,0.590909,0.619048,0.604651,0.429772,40,9,8,13,0.822157,0.743276,0.743276
logreg_balanced_ratio_preserved_noise_mcc_selected_v1,logistic_regression_class_weight_balanced,logistic_regression,C,80/20,1,random_fp_20,test,75/25,test,10.000000,True,6790,95,12.552827,84,21,63,0.857143,0.777778,0.764706,0.619048,0.684211,0.598750,59,4,8,13,0.866213,0.771416,0.771416
logreg_balanced_ratio_preserved_noise_mcc_selected_v1,logistic_regression_class_weight_balanced,logistic_regression,C,80/20,1,random_fp_20,test,80/20,test,10.000000,True,6790,95,12.669005,105,21,84,0.780952,0.720238,0.464286,0.619048,0.530612,0.398426,69,15,8,13,0.807823,0.564650,0.564650
logreg_balanced_ratio_preserved_noise_mcc_selected_v1,logistic_regression_class_weight_balanced,logistic_regression,C,80/20,1,random_fp_20,test,90/10,test,10.000000,True,6790,95,12.884166,210,21,189,0.790476,0.714286,0.265306,0.619048,0.371429,0.303985,153,36,8,13,0.812295,0.418288,0.418288
logreg_balanced_ratio_preserved_noise_mcc_selected_v1,logistic_regression_class_weight_balanced,logistic_regression,C,80/20,1,heuristic_fp_10,validation_grid,80/20,valid,0.100000,False,5095,95,8.800462,95,19,76,0.726316,0.750000,0.405405,0.789474,0.535714,0.410146,54,22,4,15,0.822715,0.538345,0.538345
logreg_balanced_ratio_preserved_noise_mcc_selected_v1,logistic_regression_class_weight_balanced,logistic_regression,C,80/20,1,heuristic_fp_10,validation_grid,80/20,valid,1.000000,False,5095,95,9.072749,95,19,76,0.768421,0.776316,0.454545,0.789474,0.576923,0.464266,58,18,4,15,0.842105,0.576383,0.576383
logreg_balanced_ratio_preserved_noise_mcc_selected_v1,logistic_regression_class_weight_balanced,logistic_regression,C,80/20,1,heuristic_fp_10,validation_grid,80/20,valid,10.000000,True,5095,95,9.627743,95,19,76,0.810526,0.822368,0.516129,0.842105,0.640000,0.550041,61,15,3,16,0.833102,0.587374,0.587374
logreg_balanced_ratio_preserved_noise_mcc_selected_v1,logistic_regression_class_weight_balanced,logistic_regression,C,80/20,1,heuristic_fp_10,test,50/50,test,10.000000,True,5095,95,9.701834,42,21,21,0.857143,0.857143,0.894737,0.809524,0.850000,0.717547,19,2,4,17,0.931973,0.921655,0.921655
logreg_balanced_ratio_preserved_noise_mcc_selected_v1,logistic_regression_class_weight_balanced,logistic_regression,C,80/20,1,heuristic_fp_10,test,60/40,test,10.000000,True,5095,95,9.784378,53,21,32,0.830189,0.826637,0.772727,0.809524,0.790698,0.648467,27,5,4,17,0.913690,0.883080,0.883080
logreg_balanced_ratio_preserved_noise_mcc_selected_v1,logistic_regression_class_weight_balanced,logistic_regression,C,80/20,1,heuristic_fp_10,test,70/30,test,10.000000,True,5095,95,9.869228,70,21,49,0.871429,0.853741,0.772727,0.809524,0.790698,0.698380,44,5,4,17,0.952381,0.906890,0.906890
logreg_balanced_ratio_preserved_noise_mcc_selected_v1,logistic_regression_class_weight_balanced,logistic_regression,C,80/20,1,heuristic_fp_10,test,75/25,test,10.000000,True,5095,95,9.959036,84,21,63,0.892857,0.865079,0.772727,0.809524,0.790698,0.719101,58,5,4,17,0.944822,0.871161,0.871161
logreg_balanced_ratio_preserved_noise_mcc_selected_v1,logistic_regression_class_weight_balanced,logistic_regression,C,80/20,1,heuristic_fp_10,test,80/20,test,10.000000,True,5095,95,10.069710,105,21,84,0.819048,0.815476,0.531250,0.809524,0.641509,0.548289,69,15,4,17,0.916100,0.733932,0.733932
logreg_balanced_ratio_preserved_noise_mcc_selected_v1,logistic_regression_class_weight_balanced,logistic_regression,C,80/20,1,heuristic_fp_10,test,90/10,test,10.000000,True,5095,95,10.283089,210,21,189,0.861905,0.838624,0.404762,0.809524,0.539683,0.507937,164,25,4,17,0.911817,0.465366,0.465366
logreg_balanced_ratio_preserved_noise_mcc_selected_v1,logistic_regression_class_weight_balanced,logistic_regression,C,80/20,1,heuristic_fp_20,validation_grid,80/20,valid,0.100000,False,6790,95,10.422859,95,19,76,0.705263,0.736842,0.384615,0.789474,0.517241,0.385164,52,24,4,15,0.823407,0.486735,0.486735
logreg_balanced_ratio_preserved_noise_mcc_selected_v1,logistic_regression_class_weight_balanced,logistic_regression,C,80/20,1,heuristic_fp_20,validation_grid,80/20,valid,1.000000,False,6790,95,10.800015,95,19,76,0.715789,0.743421,0.394737,0.789474,0.526316,0.397505,53,23,4,15,0.842798,0.534887,0.534887
logreg_balanced_ratio_preserved_noise_mcc_selected_v1,logistic_regression_class_weight_balanced,logistic_regression,C,80/20,1,heuristic_fp_20,validation_grid,80/20,valid,10.000000,True,6790,95,11.622500,95,19,76,0.757895,0.750000,0.437500,0.736842,0.549020,0.423164,58,18,5,14,0.831717,0.518437,0.518437
logreg_balanced_ratio_preserved_noise_mcc_selected_v1,logistic_regression_class_weight_balanced,logistic_regression,C,80/20,1,heuristic_fp_20,test,50/50,test,10.000000,True,6790,95,11.695895,42,21,21,0.833333,0.833333,0.888889,0.761905,0.820513,0.673575,19,2,5,16,0.927438,0.931281,0.931281
logreg_balanced_ratio_preserved_noise_mcc_selected_v1,logistic_regression_class_weight_balanced,logistic_regression,C,80/20,1,heuristic_fp_20,test,60/40,test,10.000000,True,6790,95,11.777705,53,21,32,0.773585,0.771577,0.695652,0.761905,0.727273,0.536023,25,7,5,16,0.870536,0.779043,0.779043
logreg_balanced_ratio_preserved_noise_mcc_selected_v1,logistic_regression_class_weight_balanced,logistic_regression,C,80/20,1,heuristic_fp_20,test,70/30,test,10.000000,True,6790,95,11.862399,70,21,49,0.842857,0.819728,0.727273,0.761905,0.744186,0.631228,43,6,5,16,0.927114,0.870041,0.870041
logreg_balanced_ratio_preserved_noise_mcc_selected_v1,logistic_regression_class_weight_balanced,logistic_regression,C,80/20,1,heuristic_fp_20,test,75/25,test,10.000000,True,6790,95,11.956918,84,21,63,0.833333,0.809524,0.640000,0.761905,0.695652,0.586284,54,9,5,16,0.915344,0.807743,0.807743
logreg_balanced_ratio_preserved_noise_mcc_selected_v1,logistic_regression_class_weight_balanced,logistic_regression,C,80/20,1,heuristic_fp_20,test,80/20,test,10.000000,True,6790,95,12.077578,105,21,84,0.809524,0.791667,0.516129,0.761905,0.615385,0.511528,69,15,5,16,0.879819,0.554912,0.554912
logreg_balanced_ratio_preserved_noise_mcc_selected_v1,logistic_regression_class_weight_balanced,logistic_regression,C,80/20,1,heuristic_fp_20,test,90/10,test,10.000000,True,6790,95,12.288135,210,21,189,0.819048,0.793651,0.326531,0.761905,0.457143,0.416573,156,33,5,16,0.888637,0.404558,0.404558
logreg_balanced_ratio_preserved_noise_mcc_selected_v1,logistic_regression_class_weight_balanced,logistic_regression,C,80/20,2,clean,validation_grid,80/20,valid,0.100000,False,3395,95,6.864505,95,19,76,0.768421,0.776316,0.454545,0.789474,0.576923,0.464266,58,18,4,15,0.869806,0.631778,0.631778
logreg_balanced_ratio_preserved_noise_mcc_selected_v1,logistic_regression_class_weight_balanced,logistic_regression,C,80/20,2,clean,validation_grid,80/20,valid,1.000000,False,3395,95,7.033391,95,19,76,0.800000,0.796053,0.500000,0.789474,0.612245,0.509525,61,15,4,15,0.856648,0.646050,0.646050
logreg_balanced_ratio_preserved_noise_mcc_selected_v1,logistic_regression_class_weight_balanced,logistic_regression,C,80/20,2,clean,validation_grid,80/20,valid,10.000000,True,3395,95,7.329847,95,19,76,0.831579,0.796053,0.560000,0.736842,0.636364,0.537853,65,11,5,14,0.843490,0.665699,0.665699
logreg_balanced_ratio_preserved_noise_mcc_selected_v1,logistic_regression_class_weight_balanced,logistic_regression,C,80/20,2,clean,test,50/50,test,10.000000,True,3395,95,7.420518,42,21,21,0.785714,0.785714,1.000000,0.571429,0.727273,0.632456,21,0,9,12,0.884354,0.917465,0.917465
logreg_balanced_ratio_preserved_noise_mcc_selected_v1,logistic_regression_class_weight_balanced,logistic_regression,C,80/20,2,clean,test,60/40,test,10.000000,True,3395,95,7.496906,53,21,32,0.811321,0.770089,0.923077,0.571429,0.705882,0.614073,31,1,9,12,0.922619,0.917027,0.917027
logreg_balanced_ratio_preserved_noise_mcc_selected_v1,logistic_regression_class_weight_balanced,logistic_regression,C,80/20,2,clean,test,70/30,test,10.000000,True,3395,95,7.619178,70,21,49,0.800000,0.734694,0.705882,0.571429,0.631579,0.501623,44,5,9,12,0.875607,0.731010,0.731010
logreg_balanced_ratio_preserved_noise_mcc_selected_v1,logistic_regression_class_weight_balanced,logistic_regression,C,80/20,2,clean,test,75/25,test,10.000000,True,3395,95,7.726634,84,21,63,0.833333,0.746032,0.705882,0.571429,0.631579,0.530321,58,5,9,12,0.882086,0.788121,0.788121
logreg_balanced_ratio_preserved_noise_mcc_selected_v1,logistic_regression_class_weight_balanced,logistic_regression,C,80/20,2,clean,test,80/20,test,10.000000,True,3395,95,7.831756,105,21,84,0.847619,0.744048,0.631579,0.571429,0.600000,0.507140,77,7,9,12,0.892857,0.730604,0.730604
logreg_balanced_ratio_preserved_noise_mcc_selected_v1,logistic_regression_class_weight_balanced,logistic_regression,C,80/20,2,clean,test,90/10,test,10.000000,True,3395,95,8.008223,210,21,189,0.847619,0.724868,0.342857,0.571429,0.428571,0.362030,166,23,9,12,0.870748,0.437911,0.437911
logreg_balanced_ratio_preserved_noise_mcc_selected_v1,logistic_regression_class_weight_balanced,logistic_regression,C,80/20,2,random_flip_10,validation_grid,80/20,valid,0.100000,True,3395,95,7.060185,95,19,76,0.747368,0.723684,0.419355,0.684211,0.520000,0.381661,58,18,6,13,0.833795,0.585524,0.585524
logreg_balanced_ratio_preserved_noise_mcc_selected_v1,logistic_regression_class_weight_balanced,logistic_regression,C,80/20,2,random_flip_10,validation_grid,80/20,valid,1.000000,False,3395,95,7.239574,95,19,76,0.736842,0.638158,0.375000,0.473684,0.418605,0.254363,61,15,10,9,0.774931,0.580935,0.580935
logreg_balanced_ratio_preserved_noise_mcc_selected_v1,logistic_regression_class_weight_balanced,logistic_regression,C,80/20,2,random_flip_10,validation_grid,80/20,valid,10.000000,False,3395,95,7.571582,95,19,76,0.789474,0.671053,0.473684,0.473684,0.473684,0.342105,66,10,10,9,0.749307,0.540658,0.540658
logreg_balanced_ratio_preserved_noise_mcc_selected_v1,logistic_regression_class_weight_balanced,logistic_regression,C,80/20,2,random_flip_10,test,50/50,test,0.100000,True,3395,95,7.682953,42,21,21,0.833333,0.833333,0.850000,0.809524,0.829268,0.667424,18,3,4,17,0.868481,0.815760,0.815760
logreg_balanced_ratio_preserved_noise_mcc_selected_v1,logistic_regression_class_weight_balanced,logistic_regression,C,80/20,2,random_flip_10,test,60/40,test,0.100000,True,3395,95,7.764465,53,21,32,0.773585,0.779762,0.680000,0.809524,0.739130,0.548219,24,8,4,17,0.912202,0.904845,0.904845
logreg_balanced_ratio_preserved_noise_mcc_selected_v1,logistic_regression_class_weight_balanced,logistic_regression,C,80/20,2,random_flip_10,test,70/30,test,0.100000,True,3395,95,7.887745,70,21,49,0.828571,0.823129,0.680000,0.809524,0.739130,0.618070,41,8,4,17,0.858115,0.611382,0.611382
logreg_balanced_ratio_preserved_noise_mcc_selected_v1,logistic_regression_class_weight_balanced,logistic_regression,C,80/20,2,random_flip_10,test,75/25,test,0.100000,True,3395,95,7.984364,84,21,63,0.726190,0.753968,0.472222,0.809524,0.596491,0.444444,44,19,4,17,0.835223,0.641759,0.641759
logreg_balanced_ratio_preserved_noise_mcc_selected_v1,logistic_regression_class_weight_balanced,logistic_regression,C,80/20,2,random_flip_10,test,80/20,test,0.100000,True,3395,95,8.078156,105,21,84,0.790476,0.797619,0.485714,0.809524,0.607143,0.505076,66,18,4,17,0.882653,0.635263,0.635263
logreg_balanced_ratio_preserved_noise_mcc_selected_v1,logistic_regression_class_weight_balanced,logistic_regression,C,80/20,2,random_flip_10,test,90/10,test,0.100000,True,3395,95,8.262371,210,21,189,0.804762,0.806878,0.314815,0.809524,0.453333,0.421287,152,37,4,17,0.880071,0.420659,0.420659
logreg_balanced_ratio_preserved_noise_mcc_selected_v1,logistic_regression_class_weight_balanced,logistic_regression,C,80/20,2,random_flip_20,validation_grid,80/20,valid,0.100000,False,3395,95,6.967120,95,19,76,0.747368,0.723684,0.419355,0.684211,0.520000,0.381661,58,18,6,13,0.819252,0.568169,0.568169
logreg_balanced_ratio_preserved_noise_mcc_selected_v1,logistic_regression_class_weight_balanced,logistic_regression,C,80/20,2,random_flip_20,validation_grid,80/20,valid,1.000000,False,3395,95,7.140549,95,19,76,0.715789,0.664474,0.366667,0.578947,0.448980,0.283069,57,19,8,11,0.777008,0.520871,0.520871
logreg_balanced_ratio_preserved_noise_mcc_selected_v1,logistic_regression_class_weight_balanced,logistic_regression,C,80/20,2,random_flip_20,validation_grid,80/20,valid,10.000000,True,3395,95,7.512773,95,19,76,0.768421,0.717105,0.444444,0.631579,0.521739,0.385077,61,15,7,12,0.739612,0.447443,0.447443
logreg_balanced_ratio_preserved_noise_mcc_selected_v1,logistic_regression_class_weight_balanced,logistic_regression,C,80/20,2,random_flip_20,test,50/50,test,10.000000,True,3395,95,7.605581,42,21,21,0.690476,0.690476,0.833333,0.476190,0.606061,0.421637,19,2,11,10,0.739229,0.760687,0.760687
logreg_balanced_ratio_preserved_noise_mcc_selected_v1,logistic_regression_class_weight_balanced,logistic_regression,C,80/20,2,random_flip_20,test,60/40,test,10.000000,True,3395,95,7.678658,53,21,32,0.716981,0.675595,0.714286,0.476190,0.571429,0.389611,28,4,11,10,0.764881,0.711367,0.711367
logreg_balanced_ratio_preserved_noise_mcc_selected_v1,logistic_regression_class_weight_balanced,logistic_regression,C,80/20,2,random_flip_20,test,70/30,test,10.000000,True,3395,95,7.781611,70,21,49,0.728571,0.656463,0.555556,0.476190,0.512821,0.328103,41,8,11,10,0.711370,0.520152,0.520152
logreg_balanced_ratio_preserved_noise_mcc_selected_v1,logistic_regression_class_weight_balanced,logistic_regression,C,80/20,2,random_flip_20,test,75/25,test,10.000000,True,3395,95,7.874532,84,21,63,0.726190,0.642857,0.454545,0.476190,0.465116,0.281387,51,12,11,10,0.726379,0.437403,0.437403
logreg_balanced_ratio_preserved_noise_mcc_selected_v1,logistic_regression_class_weight_balanced,logistic_regression,C,80/20,2,random_flip_20,test,80/20,test,10.000000,True,3395,95,7.967799,105,21,84,0.752381,0.648810,0.400000,0.476190,0.434783,0.279508,69,15,11,10,0.730159,0.379756,0.379756
logreg_balanced_ratio_preserved_noise_mcc_selected_v1,logistic_regression_class_weight_balanced,logistic_regression,C,80/20,2,random_flip_20,test,90/10,test,10.000000,True,3395,95,8.147186,210,21,189,0.809524,0.661376,0.256410,0.476190,0.333333,0.248988,160,29,11,10,0.711514,0.232261,0.232261
logreg_balanced_ratio_preserved_noise_mcc_selected_v1,logistic_regression_class_weight_balanced,logistic_regression,C,80/20,2,random_fp_10,validation_grid,80/20,valid,0.100000,False,5095,95,8.900211,95,19,76,0.768421,0.776316,0.454545,0.789474,0.576923,0.464266,58,18,4,15,0.850416,0.613607,0.613607
logreg_balanced_ratio_preserved_noise_mcc_selected_v1,logistic_regression_class_weight_balanced,logistic_regression,C,80/20,2,random_fp_10,validation_grid,80/20,valid,1.000000,True,5095,95,9.210556,95,19,76,0.810526,0.802632,0.517241,0.789474,0.625000,0.525723,62,14,4,15,0.833795,0.642303,0.642303
logreg_balanced_ratio_preserved_noise_mcc_selected_v1,logistic_regression_class_weight_balanced,logistic_regression,C,80/20,2,random_fp_10,validation_grid,80/20,valid,10.000000,False,5095,95,9.761456,95,19,76,0.821053,0.750000,0.545455,0.631579,0.585366,0.474112,66,10,7,12,0.813019,0.633068,0.633068
logreg_balanced_ratio_preserved_noise_mcc_selected_v1,logistic_regression_class_weight_balanced,logistic_regression,C,80/20,2,random_fp_10,test,50/50,test,1.000000,True,5095,95,9.858774,42,21,21,0.785714,0.785714,0.833333,0.714286,0.769231,0.577350,18,3,6,15,0.861678,0.895762,0.895762
logreg_balanced_ratio_preserved_noise_mcc_selected_v1,logistic_regression_class_weight_balanced,logistic_regression,C,80/20,2,random_fp_10,test,60/40,test,1.000000,True,5095,95,9.941537,53,21,32,0.754717,0.747768,0.681818,0.714286,0.697674,0.491889,25,7,6,15,0.849702,0.854165,0.854165
logreg_balanced_ratio_preserved_noise_mcc_selected_v1,logistic_regression_class_weight_balanced,logistic_regression,C,80/20,2,random_fp_10,test,70/30,test,1.000000,True,5095,95,10.056892,70,21,49,0.757143,0.744898,0.576923,0.714286,0.638298,0.464526,38,11,6,15,0.805637,0.630434,0.630434
logreg_balanced_ratio_preserved_noise_mcc_selected_v1,logistic_regression_class_weight_balanced,logistic_regression,C,80/20,2,random_fp_10,test,75/25,test,1.000000,True,5095,95,10.168841,84,21,63,0.761905,0.746032,0.517241,0.714286,0.600000,0.448147,49,14,6,15,0.822373,0.678039,0.678039
logreg_balanced_ratio_preserved_noise_mcc_selected_v1,logistic_regression_class_weight_balanced,logistic_regression,C,80/20,2,random_fp_10,test,80/20,test,1.000000,True,5095,95,10.280943,105,21,84,0.790476,0.761905,0.483871,0.714286,0.576923,0.459331,68,16,6,15,0.855442,0.666476,0.666476
logreg_balanced_ratio_preserved_noise_mcc_selected_v1,logistic_regression_class_weight_balanced,logistic_regression,C,80/20,2,random_fp_10,test,90/10,test,1.000000,True,5095,95,10.475998,210,21,189,0.809524,0.767196,0.306122,0.714286,0.428571,0.379044,155,34,6,15,0.849584,0.551369,0.551369
logreg_balanced_ratio_preserved_noise_mcc_selected_v1,logistic_regression_class_weight_balanced,logistic_regression,C,80/20,2,random_fp_20,validation_grid,80/20,valid,0.100000,False,6790,95,10.997188,95,19,76,0.736842,0.756579,0.416667,0.789474,0.545455,0.423114,55,21,4,15,0.849723,0.637974,0.637974
logreg_balanced_ratio_preserved_noise_mcc_selected_v1,logistic_regression_class_weight_balanced,logistic_regression,C,80/20,2,random_fp_20,validation_grid,80/20,valid,1.000000,True,6790,95,11.450995,95,19,76,0.757895,0.769737,0.441176,0.789474,0.566038,0.450142,57,19,4,15,0.817175,0.672714,0.672714
logreg_balanced_ratio_preserved_noise_mcc_selected_v1,logistic_regression_class_weight_balanced,logistic_regression,C,80/20,2,random_fp_20,validation_grid,80/20,valid,10.000000,False,6790,95,12.289651,95,19,76,0.726316,0.671053,0.379310,0.578947,0.458333,0.297148,58,18,8,11,0.733380,0.506153,0.506153
logreg_balanced_ratio_preserved_noise_mcc_selected_v1,logistic_regression_class_weight_balanced,logistic_regression,C,80/20,2,random_fp_20,test,50/50,test,1.000000,True,6790,95,12.380836,42,21,21,0.833333,0.833333,0.850000,0.809524,0.829268,0.667424,18,3,4,17,0.877551,0.915332,0.915332
logreg_balanced_ratio_preserved_noise_mcc_selected_v1,logistic_regression_class_weight_balanced,logistic_regression,C,80/20,2,random_fp_20,test,60/40,test,1.000000,True,6790,95,12.457945,53,21,32,0.792453,0.795387,0.708333,0.809524,0.755556,0.580499,25,7,4,17,0.863095,0.863243,0.863243
logreg_balanced_ratio_preserved_noise_mcc_selected_v1,logistic_regression_class_weight_balanced,logistic_regression,C,80/20,2,random_fp_20,test,70/30,test,1.000000,True,6790,95,12.566518,70,21,49,0.771429,0.782313,0.586207,0.809524,0.680000,0.525264,37,12,4,17,0.829932,0.705918,0.705918
logreg_balanced_ratio_preserved_noise_mcc_selected_v1,logistic_regression_class_weight_balanced,logistic_regression,C,80/20,2,random_fp_20,test,75/25,test,1.000000,True,6790,95,12.675858,84,21,63,0.702381,0.738095,0.447368,0.809524,0.576271,0.414276,42,21,4,17,0.819350,0.647950,0.647950
logreg_balanced_ratio_preserved_noise_mcc_selected_v1,logistic_regression_class_weight_balanced,logistic_regression,C,80/20,2,random_fp_20,test,80/20,test,1.000000,True,6790,95,12.785320,105,21,84,0.828571,0.821429,0.548387,0.809524,0.653846,0.563725,70,14,4,17,0.873016,0.693783,0.693783
logreg_balanced_ratio_preserved_noise_mcc_selected_v1,logistic_regression_class_weight_balanced,logistic_regression,C,80/20,2,random_fp_20,test,90/10,test,1.000000,True,6790,95,12.975510,210,21,189,0.761905,0.783069,0.269841,0.809524,0.404762,0.370624,143,46,4,17,0.837743,0.445327,0.445327
logreg_balanced_ratio_preserved_noise_mcc_selected_v1,logistic_regression_class_weight_balanced,logistic_regression,C,80/20,2,heuristic_fp_10,validation_grid,80/20,valid,0.100000,False,5095,95,9.235698,95,19,76,0.757895,0.769737,0.441176,0.789474,0.566038,0.450142,57,19,4,15,0.867036,0.596793,0.596793
logreg_balanced_ratio_preserved_noise_mcc_selected_v1,logistic_regression_class_weight_balanced,logistic_regression,C,80/20,2,heuristic_fp_10,validation_grid,80/20,valid,1.000000,False,5095,95,9.577762,95,19,76,0.778947,0.782895,0.468750,0.789474,0.588235,0.478843,59,17,4,15,0.851108,0.582385,0.582385
logreg_balanced_ratio_preserved_noise_mcc_selected_v1,logistic_regression_class_weight_balanced,logistic_regression,C,80/20,2,heuristic_fp_10,validation_grid,80/20,valid,10.000000,True,5095,95,10.119817,95,19,76,0.810526,0.782895,0.518519,0.736842,0.608696,0.501767,63,13,5,14,0.843490,0.617522,0.617522
logreg_balanced_ratio_preserved_noise_mcc_selected_v1,logistic_regression_class_weight_balanced,logistic_regression,C,80/20,2,heuristic_fp_10,test,50/50,test,10.000000,True,5095,95,10.204794,42,21,21,0.833333,0.833333,0.850000,0.809524,0.829268,0.667424,18,3,4,17,0.877551,0.865905,0.865905
logreg_balanced_ratio_preserved_noise_mcc_selected_v1,logistic_regression_class_weight_balanced,logistic_regression,C,80/20,2,heuristic_fp_10,test,60/40,test,10.000000,True,5095,95,10.278816,53,21,32,0.792453,0.795387,0.708333,0.809524,0.755556,0.580499,25,7,4,17,0.873512,0.799788,0.799788
logreg_balanced_ratio_preserved_noise_mcc_selected_v1,logistic_regression_class_weight_balanced,logistic_regression,C,80/20,2,heuristic_fp_10,test,70/30,test,10.000000,True,5095,95,10.393043,70,21,49,0.828571,0.823129,0.680000,0.809524,0.739130,0.618070,41,8,4,17,0.877551,0.660746,0.660746
logreg_balanced_ratio_preserved_noise_mcc_selected_v1,logistic_regression_class_weight_balanced,logistic_regression,C,80/20,2,heuristic_fp_10,test,75/25,test,10.000000,True,5095,95,10.494042,84,21,63,0.821429,0.817460,0.607143,0.809524,0.693878,0.583212,52,11,4,17,0.864701,0.689947,0.689947
logreg_balanced_ratio_preserved_noise_mcc_selected_v1,logistic_regression_class_weight_balanced,logistic_regression,C,80/20,2,heuristic_fp_10,test,80/20,test,10.000000,True,5095,95,10.593818,105,21,84,0.876190,0.851190,0.653846,0.809524,0.723404,0.650911,75,9,4,17,0.918934,0.782364,0.782364
logreg_balanced_ratio_preserved_noise_mcc_selected_v1,logistic_regression_class_weight_balanced,logistic_regression,C,80/20,2,heuristic_fp_10,test,90/10,test,10.000000,True,5095,95,10.778666,210,21,189,0.857143,0.835979,0.395349,0.809524,0.531250,0.499563,163,26,4,17,0.896951,0.450577,0.450577
logreg_balanced_ratio_preserved_noise_mcc_selected_v1,logistic_regression_class_weight_balanced,logistic_regression,C,80/20,2,heuristic_fp_20,validation_grid,80/20,valid,0.100000,False,6790,95,10.727219,95,19,76,0.757895,0.769737,0.441176,0.789474,0.566038,0.450142,57,19,4,15,0.880886,0.612020,0.612020
logreg_balanced_ratio_preserved_noise_mcc_selected_v1,logistic_regression_class_weight_balanced,logistic_regression,C,80/20,2,heuristic_fp_20,validation_grid,80/20,valid,1.000000,False,6790,95,11.136647,95,19,76,0.736842,0.756579,0.416667,0.789474,0.545455,0.423114,55,21,4,15,0.877424,0.637074,0.637074
logreg_balanced_ratio_preserved_noise_mcc_selected_v1,logistic_regression_class_weight_balanced,logistic_regression,C,80/20,2,heuristic_fp_20,validation_grid,80/20,valid,10.000000,True,6790,95,12.083735,95,19,76,0.800000,0.776316,0.500000,0.736842,0.595745,0.484845,62,14,5,14,0.846260,0.613527,0.613527
logreg_balanced_ratio_preserved_noise_mcc_selected_v1,logistic_regression_class_weight_balanced,logistic_regression,C,80/20,2,heuristic_fp_20,test,50/50,test,10.000000,True,6790,95,12.190361,42,21,21,0.809524,0.809524,0.809524,0.809524,0.809524,0.619048,17,4,4,17,0.866213,0.862041,0.862041
logreg_balanced_ratio_preserved_noise_mcc_selected_v1,logistic_regression_class_weight_balanced,logistic_regression,C,80/20,2,heuristic_fp_20,test,60/40,test,10.000000,True,6790,95,12.279764,53,21,32,0.773585,0.779762,0.680000,0.809524,0.739130,0.548219,24,8,4,17,0.821429,0.675625,0.675625
logreg_balanced_ratio_preserved_noise_mcc_selected_v1,logistic_regression_class_weight_balanced,logistic_regression,C,80/20,2,heuristic_fp_20,test,70/30,test,10.000000,True,6790,95,12.396666,70,21,49,0.800000,0.802721,0.629630,0.809524,0.708333,0.569986,39,10,4,17,0.845481,0.610848,0.610848
logreg_balanced_ratio_preserved_noise_mcc_selected_v1,logistic_regression_class_weight_balanced,logistic_regression,C,80/20,2,heuristic_fp_20,test,75/25,test,10.000000,True,6790,95,12.497102,84,21,63,0.750000,0.769841,0.500000,0.809524,0.618182,0.476095,46,17,4,17,0.873016,0.746019,0.746019
logreg_balanced_ratio_preserved_noise_mcc_selected_v1,logistic_regression_class_weight_balanced,logistic_regression,C,80/20,2,heuristic_fp_20,test,80/20,test,10.000000,True,6790,95,12.598798,105,21,84,0.838095,0.827381,0.566667,0.809524,0.666667,0.579751,71,13,4,17,0.888889,0.634548,0.634548
logreg_balanced_ratio_preserved_noise_mcc_selected_v1,logistic_regression_class_weight_balanced,logistic_regression,C,80/20,2,heuristic_fp_20,test,90/10,test,10.000000,True,6790,95,12.777281,210,21,189,0.814286,0.812169,0.326923,0.809524,0.465753,0.433941,154,35,4,17,0.874024,0.417267,0.417267
logreg_balanced_ratio_preserved_noise_mcc_selected_v1,logistic_regression_class_weight_balanced,logistic_regression,C,80/20,3,clean,validation_grid,80/20,valid,0.100000,False,3395,95,6.254953,95,19,76,0.778947,0.782895,0.468750,0.789474,0.588235,0.478843,59,17,4,15,0.869114,0.779720,0.779720
logreg_balanced_ratio_preserved_noise_mcc_selected_v1,logistic_regression_class_weight_balanced,logistic_regression,C,80/20,3,clean,validation_grid,80/20,valid,1.000000,False,3395,95,6.418637,95,19,76,0.789474,0.789474,0.483871,0.789474,0.600000,0.493915,60,16,4,15,0.864958,0.777910,0.777910
logreg_balanced_ratio_preserved_noise_mcc_selected_v1,logistic_regression_class_weight_balanced,logistic_regression,C,80/20,3,clean,validation_grid,80/20,valid,10.000000,True,3395,95,6.760708,95,19,76,0.842105,0.782895,0.590909,0.684211,0.634146,0.536495,67,9,6,13,0.839335,0.738665,0.738665
logreg_balanced_ratio_preserved_noise_mcc_selected_v1,logistic_regression_class_weight_balanced,logistic_regression,C,80/20,3,clean,test,50/50,test,10.000000,True,3395,95,6.845337,42,21,21,0.738095,0.738095,0.812500,0.619048,0.702703,0.490290,18,3,8,13,0.859410,0.797001,0.797001
logreg_balanced_ratio_preserved_noise_mcc_selected_v1,logistic_regression_class_weight_balanced,logistic_regression,C,80/20,3,clean,test,60/40,test,10.000000,True,3395,95,6.952889,53,21,32,0.773585,0.747024,0.764706,0.619048,0.684211,0.517699,28,4,8,13,0.870536,0.811009,0.811009
logreg_balanced_ratio_preserved_noise_mcc_selected_v1,logistic_regression_class_weight_balanced,logistic_regression,C,80/20,3,clean,test,70/30,test,10.000000,True,3395,95,7.054308,70,21,49,0.842857,0.778912,0.812500,0.619048,0.702703,0.608762,46,3,8,13,0.892128,0.811995,0.811995
logreg_balanced_ratio_preserved_noise_mcc_selected_v1,logistic_regression_class_weight_balanced,logistic_regression,C,80/20,3,clean,test,75/25,test,10.000000,True,3395,95,7.162030,84,21,63,0.809524,0.746032,0.619048,0.619048,0.619048,0.492063,55,8,8,13,0.878307,0.626480,0.626480
logreg_balanced_ratio_preserved_noise_mcc_selected_v1,logistic_regression_class_weight_balanced,logistic_regression,C,80/20,3,clean,test,80/20,test,10.000000,True,3395,95,7.276893,105,21,84,0.780952,0.720238,0.464286,0.619048,0.530612,0.398426,69,15,8,13,0.869048,0.586786,0.586786
logreg_balanced_ratio_preserved_noise_mcc_selected_v1,logistic_regression_class_weight_balanced,logistic_regression,C,80/20,3,clean,test,90/10,test,10.000000,True,3395,95,7.448370,210,21,189,0.880952,0.764550,0.433333,0.619048,0.509804,0.453609,172,17,8,13,0.906022,0.545645,0.545645
logreg_balanced_ratio_preserved_noise_mcc_selected_v1,logistic_regression_class_weight_balanced,logistic_regression,C,80/20,3,random_flip_10,validation_grid,80/20,valid,0.100000,False,3395,95,6.370070,95,19,76,0.715789,0.743421,0.394737,0.789474,0.526316,0.397505,53,23,4,15,0.875346,0.747252,0.747252
logreg_balanced_ratio_preserved_noise_mcc_selected_v1,logistic_regression_class_weight_balanced,logistic_regression,C,80/20,3,random_flip_10,validation_grid,80/20,valid,1.000000,True,3395,95,6.558115,95,19,76,0.800000,0.815789,0.500000,0.842105,0.627451,0.534522,60,16,3,16,0.867729,0.717906,0.717906
logreg_balanced_ratio_preserved_noise_mcc_selected_v1,logistic_regression_class_weight_balanced,logistic_regression,C,80/20,3,random_flip_10,validation_grid,80/20,valid,10.000000,False,3395,95,6.925848,95,19,76,0.768421,0.697368,0.440000,0.578947,0.500000,0.358569,62,14,8,11,0.808864,0.638134,0.638134
logreg_balanced_ratio_preserved_noise_mcc_selected_v1,logistic_regression_class_weight_balanced,logistic_regression,C,80/20,3,random_flip_10,test,50/50,test,1.000000,True,3395,95,7.004656,42,21,21,0.714286,0.714286,0.714286,0.714286,0.714286,0.428571,15,6,6,15,0.852608,0.868235,0.868235
logreg_balanced_ratio_preserved_noise_mcc_selected_v1,logistic_regression_class_weight_balanced,logistic_regression,C,80/20,3,random_flip_10,test,60/40,test,1.000000,True,3395,95,7.106449,53,21,32,0.773585,0.763393,0.714286,0.714286,0.714286,0.526786,26,6,6,15,0.852679,0.813751,0.813751
logreg_balanced_ratio_preserved_noise_mcc_selected_v1,logistic_regression_class_weight_balanced,logistic_regression,C,80/20,3,random_flip_10,test,70/30,test,1.000000,True,3395,95,7.199665,70,21,49,0.800000,0.775510,0.652174,0.714286,0.681818,0.537604,41,8,6,15,0.884354,0.830383,0.830383
logreg_balanced_ratio_preserved_noise_mcc_selected_v1,logistic_regression_class_weight_balanced,logistic_regression,C,80/20,3,random_flip_10,test,75/25,test,1.000000,True,3395,95,7.295799,84,21,63,0.797619,0.769841,0.576923,0.714286,0.638298,0.505496,52,11,6,15,0.865457,0.614281,0.614281
logreg_balanced_ratio_preserved_noise_mcc_selected_v1,logistic_regression_class_weight_balanced,logistic_regression,C,80/20,3,random_flip_10,test,80/20,test,1.000000,True,3395,95,7.399770,105,21,84,0.761905,0.744048,0.441176,0.714286,0.545455,0.417239,65,19,6,15,0.851474,0.565552,0.565552
logreg_balanced_ratio_preserved_noise_mcc_selected_v1,logistic_regression_class_weight_balanced,logistic_regression,C,80/20,3,random_flip_10,test,90/10,test,1.000000,True,3395,95,7.562702,210,21,189,0.814286,0.769841,0.312500,0.714286,0.434783,0.385568,156,33,6,15,0.877551,0.570309,0.570309
logreg_balanced_ratio_preserved_noise_mcc_selected_v1,logistic_regression_class_weight_balanced,logistic_regression,C,80/20,3,random_flip_20,validation_grid,80/20,valid,0.100000,False,3395,95,6.583596,95,19,76,0.736842,0.756579,0.416667,0.789474,0.545455,0.423114,55,21,4,15,0.833102,0.679541,0.679541
logreg_balanced_ratio_preserved_noise_mcc_selected_v1,logistic_regression_class_weight_balanced,logistic_regression,C,80/20,3,random_flip_20,validation_grid,80/20,valid,1.000000,False,3395,95,6.733299,95,19,76,0.736842,0.677632,0.392857,0.578947,0.468085,0.311686,59,17,8,11,0.762465,0.579307,0.579307
logreg_balanced_ratio_preserved_noise_mcc_selected_v1,logistic_regression_class_weight_balanced,logistic_regression,C,80/20,3,random_flip_20,validation_grid,80/20,valid,10.000000,True,3395,95,7.115544,95,19,76,0.831579,0.776316,0.565217,0.684211,0.619048,0.516047,66,10,6,13,0.752078,0.602441,0.602441
logreg_balanced_ratio_preserved_noise_mcc_selected_v1,logistic_regression_class_weight_balanced,logistic_regression,C,80/20,3,random_flip_20,test,50/50,test,10.000000,True,3395,95,7.186136,42,21,21,0.714286,0.714286,0.736842,0.666667,0.700000,0.430528,16,5,7,14,0.795918,0.770087,0.770087
logreg_balanced_ratio_preserved_noise_mcc_selected_v1,logistic_regression_class_weight_balanced,logistic_regression,C,80/20,3,random_flip_20,test,60/40,test,10.000000,True,3395,95,7.284646,53,21,32,0.698113,0.692708,0.608696,0.666667,0.636364,0.380356,23,9,7,14,0.825893,0.761896,0.761896
logreg_balanced_ratio_preserved_noise_mcc_selected_v1,logistic_regression_class_weight_balanced,logistic_regression,C,80/20,3,random_flip_20,test,70/30,test,10.000000,True,3395,95,7.387337,70,21,49,0.814286,0.772109,0.700000,0.666667,0.682927,0.552052,43,6,7,14,0.834791,0.722461,0.722461
logreg_balanced_ratio_preserved_noise_mcc_selected_v1,logistic_regression_class_weight_balanced,logistic_regression,C,80/20,3,random_flip_20,test,75/25,test,10.000000,True,3395,95,7.487277,84,21,63,0.750000,0.722222,0.500000,0.666667,0.571429,0.408248,49,14,7,14,0.853364,0.705786,0.705786
logreg_balanced_ratio_preserved_noise_mcc_selected_v1,logistic_regression_class_weight_balanced,logistic_regression,C,80/20,3,random_flip_20,test,80/20,test,10.000000,True,3395,95,7.596413,105,21,84,0.780952,0.738095,0.466667,0.666667,0.549020,0.421637,68,16,7,14,0.816893,0.522397,0.522397
logreg_balanced_ratio_preserved_noise_mcc_selected_v1,logistic_regression_class_weight_balanced,logistic_regression,C,80/20,3,random_flip_20,test,90/10,test,10.000000,True,3395,95,7.771677,210,21,189,0.871429,0.780423,0.411765,0.666667,0.509091,0.456761,169,20,7,14,0.872008,0.510544,0.510544
logreg_balanced_ratio_preserved_noise_mcc_selected_v1,logistic_regression_class_weight_balanced,logistic_regression,C,80/20,3,random_fp_10,validation_grid,80/20,valid,0.100000,False,5095,95,8.533804,95,19,76,0.747368,0.763158,0.428571,0.789474,0.555556,0.436436,56,20,4,15,0.850416,0.757983,0.757983
logreg_balanced_ratio_preserved_noise_mcc_selected_v1,logistic_regression_class_weight_balanced,logistic_regression,C,80/20,3,random_fp_10,validation_grid,80/20,valid,1.000000,False,5095,95,8.840033,95,19,76,0.778947,0.782895,0.468750,0.789474,0.588235,0.478843,59,17,4,15,0.817867,0.726704,0.726704
logreg_balanced_ratio_preserved_noise_mcc_selected_v1,logistic_regression_class_weight_balanced,logistic_regression,C,80/20,3,random_fp_10,validation_grid,80/20,valid,10.000000,True,5095,95,9.426942,95,19,76,0.821053,0.789474,0.538462,0.736842,0.622222,0.519411,64,12,5,14,0.782548,0.648919,0.648919
logreg_balanced_ratio_preserved_noise_mcc_selected_v1,logistic_regression_class_weight_balanced,logistic_regression,C,80/20,3,random_fp_10,test,50/50,test,10.000000,True,5095,95,9.506598,42,21,21,0.738095,0.738095,0.750000,0.714286,0.731707,0.476731,16,5,6,15,0.800454,0.787996,0.787996
logreg_balanced_ratio_preserved_noise_mcc_selected_v1,logistic_regression_class_weight_balanced,logistic_regression,C,80/20,3,random_fp_10,test,60/40,test,10.000000,True,5095,95,9.609200,53,21,32,0.811321,0.794643,0.789474,0.714286,0.750000,0.601027,28,4,6,15,0.863095,0.789171,0.789171
logreg_balanced_ratio_preserved_noise_mcc_selected_v1,logistic_regression_class_weight_balanced,logistic_regression,C,80/20,3,random_fp_10,test,70/30,test,10.000000,True,5095,95,9.703732,70,21,49,0.800000,0.775510,0.652174,0.714286,0.681818,0.537604,41,8,6,15,0.864917,0.813720,0.813720
logreg_balanced_ratio_preserved_noise_mcc_selected_v1,logistic_regression_class_weight_balanced,logistic_regression,C,80/20,3,random_fp_10,test,75/25,test,10.000000,True,5095,95,9.805736,84,21,63,0.797619,0.769841,0.576923,0.714286,0.638298,0.505496,52,11,6,15,0.863190,0.668005,0.668005
logreg_balanced_ratio_preserved_noise_mcc_selected_v1,logistic_regression_class_weight_balanced,logistic_regression,C,80/20,3,random_fp_10,test,80/20,test,10.000000,True,5095,95,9.917201,105,21,84,0.819048,0.779762,0.535714,0.714286,0.612245,0.506108,71,13,6,15,0.854308,0.609890,0.609890
logreg_balanced_ratio_preserved_noise_mcc_selected_v1,logistic_regression_class_weight_balanced,logistic_regression,C,80/20,3,random_fp_10,test,90/10,test,10.000000,True,5095,95,10.087263,210,21,189,0.838095,0.783069,0.348837,0.714286,0.468750,0.420891,161,28,6,15,0.874780,0.451194,0.451194
logreg_balanced_ratio_preserved_noise_mcc_selected_v1,logistic_regression_class_weight_balanced,logistic_regression,C,80/20,3,random_fp_20,validation_grid,80/20,valid,0.100000,False,6790,95,10.894833,95,19,76,0.673684,0.717105,0.357143,0.789474,0.491803,0.349721,49,27,4,15,0.849030,0.757334,0.757334
logreg_balanced_ratio_preserved_noise_mcc_selected_v1,logistic_regression_class_weight_balanced,logistic_regression,C,80/20,3,random_fp_20,validation_grid,80/20,valid,1.000000,True,6790,95,11.304006,95,19,76,0.684211,0.723684,0.365854,0.789474,0.500000,0.361293,50,26,4,15,0.817175,0.673219,0.673219
logreg_balanced_ratio_preserved_noise_mcc_selected_v1,logistic_regression_class_weight_balanced,logistic_regression,C,80/20,3,random_fp_20,validation_grid,80/20,valid,10.000000,False,6790,95,12.245406,95,19,76,0.715789,0.703947,0.382353,0.684211,0.490566,0.340351,55,21,6,13,0.776316,0.544241,0.544241
logreg_balanced_ratio_preserved_noise_mcc_selected_v1,logistic_regression_class_weight_balanced,logistic_regression,C,80/20,3,random_fp_20,test,50/50,test,1.000000,True,6790,95,12.325577,42,21,21,0.785714,0.785714,0.772727,0.809524,0.790698,0.572078,16,5,4,17,0.829932,0.853610,0.853610
logreg_balanced_ratio_preserved_noise_mcc_selected_v1,logistic_regression_class_weight_balanced,logistic_regression,C,80/20,3,random_fp_20,test,60/40,test,1.000000,True,6790,95,12.430108,53,21,32,0.773585,0.779762,0.680000,0.809524,0.739130,0.548219,24,8,4,17,0.852679,0.860500,0.860500
logreg_balanced_ratio_preserved_noise_mcc_selected_v1,logistic_regression_class_weight_balanced,logistic_regression,C,80/20,3,random_fp_20,test,70/30,test,1.000000,True,6790,95,12.520659,70,21,49,0.742857,0.761905,0.548387,0.809524,0.653846,0.483246,35,14,4,17,0.832847,0.725882,0.725882
logreg_balanced_ratio_preserved_noise_mcc_selected_v1,logistic_regression_class_weight_balanced,logistic_regression,C,80/20,3,random_fp_20,test,75/25,test,1.000000,True,6790,95,12.613597,84,21,63,0.738095,0.761905,0.485714,0.809524,0.607143,0.460067,45,18,4,17,0.818594,0.569619,0.569619
logreg_balanced_ratio_preserved_noise_mcc_selected_v1,logistic_regression_class_weight_balanced,logistic_regression,C,80/20,3,random_fp_20,test,80/20,test,1.000000,True,6790,95,12.725328,105,21,84,0.695238,0.738095,0.377778,0.809524,0.515152,0.384900,56,28,4,17,0.834467,0.602907,0.602907
logreg_balanced_ratio_preserved_noise_mcc_selected_v1,logistic_regression_class_weight_balanced,logistic_regression,C,80/20,3,random_fp_20,test,90/10,test,1.000000,True,6790,95,12.900973,210,21,189,0.771429,0.788360,0.278689,0.809524,0.414634,0.381107,145,44,4,17,0.860670,0.591274,0.591274
logreg_balanced_ratio_preserved_noise_mcc_selected_v1,logistic_regression_class_weight_balanced,logistic_regression,C,80/20,3,heuristic_fp_10,validation_grid,80/20,valid,0.100000,False,5095,95,8.601871,95,19,76,0.705263,0.736842,0.384615,0.789474,0.517241,0.385164,52,24,4,15,0.853878,0.689913,0.689913
logreg_balanced_ratio_preserved_noise_mcc_selected_v1,logistic_regression_class_weight_balanced,logistic_regression,C,80/20,3,heuristic_fp_10,validation_grid,80/20,valid,1.000000,False,5095,95,8.902471,95,19,76,0.736842,0.756579,0.416667,0.789474,0.545455,0.423114,55,21,4,15,0.849723,0.675000,0.675000
logreg_balanced_ratio_preserved_noise_mcc_selected_v1,logistic_regression_class_weight_balanced,logistic_regression,C,80/20,3,heuristic_fp_10,validation_grid,80/20,valid,10.000000,True,5095,95,9.578923,95,19,76,0.800000,0.756579,0.500000,0.684211,0.577778,0.460387,63,13,6,13,0.828255,0.652510,0.652510
logreg_balanced_ratio_preserved_noise_mcc_selected_v1,logistic_regression_class_weight_balanced,logistic_regression,C,80/20,3,heuristic_fp_10,test,50/50,test,10.000000,True,5095,95,9.667229,42,21,21,0.857143,0.857143,0.894737,0.809524,0.850000,0.717547,19,2,4,17,0.882086,0.859611,0.859611
logreg_balanced_ratio_preserved_noise_mcc_selected_v1,logistic_regression_class_weight_balanced,logistic_regression,C,80/20,3,heuristic_fp_10,test,60/40,test,10.000000,True,5095,95,9.776832,53,21,32,0.811321,0.811012,0.739130,0.809524,0.772727,0.613857,26,6,4,17,0.864583,0.812498,0.812498
logreg_balanced_ratio_preserved_noise_mcc_selected_v1,logistic_regression_class_weight_balanced,logistic_regression,C,80/20,3,heuristic_fp_10,test,70/30,test,10.000000,True,5095,95,9.876290,70,21,49,0.842857,0.833333,0.708333,0.809524,0.755556,0.643623,42,7,4,17,0.887269,0.824238,0.824238
logreg_balanced_ratio_preserved_noise_mcc_selected_v1,logistic_regression_class_weight_balanced,logistic_regression,C,80/20,3,heuristic_fp_10,test,75/25,test,10.000000,True,5095,95,9.978239,84,21,63,0.809524,0.809524,0.586207,0.809524,0.680000,0.563798,51,12,4,17,0.843537,0.575272,0.575272
logreg_balanced_ratio_preserved_noise_mcc_selected_v1,logistic_regression_class_weight_balanced,logistic_regression,C,80/20,3,heuristic_fp_10,test,80/20,test,10.000000,True,5095,95,10.092680,105,21,84,0.819048,0.815476,0.531250,0.809524,0.641509,0.548289,69,15,4,17,0.873016,0.586869,0.586869
logreg_balanced_ratio_preserved_noise_mcc_selected_v1,logistic_regression_class_weight_balanced,logistic_regression,C,80/20,3,heuristic_fp_10,test,90/10,test,10.000000,True,5095,95,10.268924,210,21,189,0.866667,0.841270,0.414634,0.809524,0.548387,0.516575,165,24,4,17,0.894936,0.527172,0.527172
logreg_balanced_ratio_preserved_noise_mcc_selected_v1,logistic_regression_class_weight_balanced,logistic_regression,C,80/20,3,heuristic_fp_20,validation_grid,80/20,valid,0.100000,False,6790,95,10.024721,95,19,76,0.705263,0.736842,0.384615,0.789474,0.517241,0.385164,52,24,4,15,0.870499,0.704717,0.704717
logreg_balanced_ratio_preserved_noise_mcc_selected_v1,logistic_regression_class_weight_balanced,logistic_regression,C,80/20,3,heuristic_fp_20,validation_grid,80/20,valid,1.000000,False,6790,95,10.509553,95,19,76,0.747368,0.763158,0.428571,0.789474,0.555556,0.436436,56,20,4,15,0.872576,0.654047,0.654047
logreg_balanced_ratio_preserved_noise_mcc_selected_v1,logistic_regression_class_weight_balanced,logistic_regression,C,80/20,3,heuristic_fp_20,validation_grid,80/20,valid,10.000000,True,6790,95,11.267881,95,19,76,0.800000,0.815789,0.500000,0.842105,0.627451,0.534522,60,16,3,16,0.875346,0.616161,0.616161
logreg_balanced_ratio_preserved_noise_mcc_selected_v1,logistic_regression_class_weight_balanced,logistic_regression,C,80/20,3,heuristic_fp_20,test,50/50,test,10.000000,True,6790,95,11.341094,42,21,21,0.809524,0.809524,0.842105,0.761905,0.800000,0.621874,18,3,5,16,0.877551,0.879850,0.879850
logreg_balanced_ratio_preserved_noise_mcc_selected_v1,logistic_regression_class_weight_balanced,logistic_regression,C,80/20,3,heuristic_fp_20,test,60/40,test,10.000000,True,6790,95,11.429854,53,21,32,0.792453,0.787202,0.727273,0.761905,0.744186,0.570178,26,6,5,16,0.842262,0.737173,0.737173
logreg_balanced_ratio_preserved_noise_mcc_selected_v1,logistic_regression_class_weight_balanced,logistic_regression,C,80/20,3,heuristic_fp_20,test,70/30,test,10.000000,True,6790,95,11.527033,70,21,49,0.785714,0.778912,0.615385,0.761905,0.680851,0.529043,39,10,5,16,0.834791,0.737632,0.737632
logreg_balanced_ratio_preserved_noise_mcc_selected_v1,logistic_regression_class_weight_balanced,logistic_regression,C,80/20,3,heuristic_fp_20,test,75/25,test,10.000000,True,6790,95,11.634649,84,21,63,0.797619,0.785714,0.571429,0.761905,0.653061,0.524891,51,12,5,16,0.817082,0.518256,0.518256
logreg_balanced_ratio_preserved_noise_mcc_selected_v1,logistic_regression_class_weight_balanced,logistic_regression,C,80/20,3,heuristic_fp_20,test,80/20,test,10.000000,True,6790,95,11.756719,105,21,84,0.780952,0.773810,0.470588,0.761905,0.581818,0.468122,66,18,5,16,0.832766,0.499841,0.499841
logreg_balanced_ratio_preserved_noise_mcc_selected_v1,logistic_regression_class_weight_balanced,logistic_regression,C,80/20,3,heuristic_fp_20,test,90/10,test,10.000000,True,6790,95,11.944773,210,21,189,0.823810,0.796296,0.333333,0.761905,0.463768,0.423369,157,32,5,16,0.866969,0.446252,0.446252
logreg_balanced_ratio_preserved_noise_mcc_selected_v1,logistic_regression_class_weight_balanced,logistic_regression,C,80/20,4,clean,validation_grid,80/20,valid,0.100000,False,3395,95,6.798437,95,19,76,0.715789,0.743421,0.394737,0.789474,0.526316,0.397505,53,23,4,15,0.839335,0.680140,0.680140
logreg_balanced_ratio_preserved_noise_mcc_selected_v1,logistic_regression_class_weight_balanced,logistic_regression,C,80/20,4,clean,validation_grid,80/20,valid,1.000000,False,3395,95,6.977439,95,19,76,0.747368,0.763158,0.428571,0.789474,0.555556,0.436436,56,20,4,15,0.837258,0.693947,0.693947
logreg_balanced_ratio_preserved_noise_mcc_selected_v1,logistic_regression_class_weight_balanced,logistic_regression,C,80/20,4,clean,validation_grid,80/20,valid,10.000000,True,3395,95,7.267337,95,19,76,0.831579,0.815789,0.555556,0.789474,0.652174,0.560112,64,12,4,15,0.849723,0.710080,0.710080
logreg_balanced_ratio_preserved_noise_mcc_selected_v1,logistic_regression_class_weight_balanced,logistic_regression,C,80/20,4,clean,test,50/50,test,10.000000,True,3395,95,7.345066,42,21,21,0.785714,0.785714,0.928571,0.619048,0.742857,0.606092,20,1,8,13,0.909297,0.920603,0.920603
logreg_balanced_ratio_preserved_noise_mcc_selected_v1,logistic_regression_class_weight_balanced,logistic_regression,C,80/20,4,clean,test,60/40,test,10.000000,True,3395,95,7.474298,53,21,32,0.792453,0.762649,0.812500,0.619048,0.702703,0.559666,29,3,8,13,0.934524,0.906801,0.906801
logreg_balanced_ratio_preserved_noise_mcc_selected_v1,logistic_regression_class_weight_balanced,logistic_regression,C,80/20,4,clean,test,70/30,test,10.000000,True,3395,95,7.566444,70,21,49,0.814286,0.758503,0.722222,0.619048,0.666667,0.542083,44,5,8,13,0.887269,0.820351,0.820351
logreg_balanced_ratio_preserved_noise_mcc_selected_v1,logistic_regression_class_weight_balanced,logistic_regression,C,80/20,4,clean,test,75/25,test,10.000000,True,3395,95,7.682681,84,21,63,0.833333,0.761905,0.684211,0.619048,0.650000,0.542150,57,6,8,13,0.897959,0.766484,0.766484
logreg_balanced_ratio_preserved_noise_mcc_selected_v1,logistic_regression_class_weight_balanced,logistic_regression,C,80/20,4,clean,test,80/20,test,10.000000,True,3395,95,7.792838,105,21,84,0.904762,0.797619,0.866667,0.619048,0.722222,0.680414,82,2,8,13,0.930272,0.825489,0.825489
logreg_balanced_ratio_preserved_noise_mcc_selected_v1,logistic_regression_class_weight_balanced,logistic_regression,C,80/20,4,clean,test,90/10,test,10.000000,True,3395,95,8.004450,210,21,189,0.857143,0.751323,0.371429,0.619048,0.464286,0.404622,167,22,8,13,0.889393,0.616547,0.616547
logreg_balanced_ratio_preserved_noise_mcc_selected_v1,logistic_regression_class_weight_balanced,logistic_regression,C,80/20,4,random_flip_10,validation_grid,80/20,valid,0.100000,False,3395,95,6.888465,95,19,76,0.684211,0.723684,0.365854,0.789474,0.500000,0.361293,50,26,4,15,0.823407,0.722880,0.722880
logreg_balanced_ratio_preserved_noise_mcc_selected_v1,logistic_regression_class_weight_balanced,logistic_regression,C,80/20,4,random_flip_10,validation_grid,80/20,valid,1.000000,False,3395,95,7.044946,95,19,76,0.757895,0.730263,0.433333,0.684211,0.530612,0.396297,59,17,6,13,0.797091,0.683043,0.683043
logreg_balanced_ratio_preserved_noise_mcc_selected_v1,logistic_regression_class_weight_balanced,logistic_regression,C,80/20,4,random_flip_10,validation_grid,80/20,valid,10.000000,True,3395,95,7.377592,95,19,76,0.800000,0.717105,0.500000,0.578947,0.536585,0.411729,65,11,8,11,0.779086,0.610917,0.610917
logreg_balanced_ratio_preserved_noise_mcc_selected_v1,logistic_regression_class_weight_balanced,logistic_regression,C,80/20,4,random_flip_10,test,50/50,test,10.000000,True,3395,95,7.445912,42,21,21,0.714286,0.714286,0.764706,0.619048,0.684211,0.436564,17,4,8,13,0.850340,0.840745,0.840745
logreg_balanced_ratio_preserved_noise_mcc_selected_v1,logistic_regression_class_weight_balanced,logistic_regression,C,80/20,4,random_flip_10,test,60/40,test,10.000000,True,3395,95,7.586042,53,21,32,0.735849,0.715774,0.684211,0.619048,0.650000,0.440146,26,6,8,13,0.852679,0.823127,0.823127
logreg_balanced_ratio_preserved_noise_mcc_selected_v1,logistic_regression_class_weight_balanced,logistic_regression,C,80/20,4,random_flip_10,test,70/30,test,10.000000,True,3395,95,7.685810,70,21,49,0.800000,0.748299,0.684211,0.619048,0.650000,0.511742,43,6,8,13,0.865889,0.808237,0.808237
logreg_balanced_ratio_preserved_noise_mcc_selected_v1,logistic_regression_class_weight_balanced,logistic_regression,C,80/20,4,random_flip_10,test,75/25,test,10.000000,True,3395,95,7.790211,84,21,63,0.785714,0.730159,0.565217,0.619048,0.590909,0.447001,53,10,8,13,0.850340,0.678659,0.678659
logreg_balanced_ratio_preserved_noise_mcc_selected_v1,logistic_regression_class_weight_balanced,logistic_regression,C,80/20,4,random_flip_10,test,80/20,test,10.000000,True,3395,95,7.888770,105,21,84,0.857143,0.767857,0.650000,0.619048,0.634146,0.545705,77,7,8,13,0.866213,0.690736,0.690736
logreg_balanced_ratio_preserved_noise_mcc_selected_v1,logistic_regression_class_weight_balanced,logistic_regression,C,80/20,4,random_flip_10,test,90/10,test,10.000000,True,3395,95,8.108626,210,21,189,0.866667,0.756614,0.393939,0.619048,0.481481,0.423065,169,20,8,13,0.849332,0.427100,0.427100
logreg_balanced_ratio_preserved_noise_mcc_selected_v1,logistic_regression_class_weight_balanced,logistic_regression,C,80/20,4,random_flip_20,validation_grid,80/20,valid,0.100000,True,3395,95,7.149412,95,19,76,0.705263,0.717105,0.378378,0.736842,0.500000,0.356180,53,23,5,14,0.778393,0.499261,0.499261
logreg_balanced_ratio_preserved_noise_mcc_selected_v1,logistic_regression_class_weight_balanced,logistic_regression,C,80/20,4,random_flip_20,validation_grid,80/20,valid,1.000000,False,3395,95,7.313801,95,19,76,0.663158,0.611842,0.303030,0.526316,0.384615,0.187917,53,23,9,10,0.698061,0.317147,0.317147
logreg_balanced_ratio_preserved_noise_mcc_selected_v1,logistic_regression_class_weight_balanced,logistic_regression,C,80/20,4,random_flip_20,validation_grid,80/20,valid,10.000000,False,3395,95,7.737945,95,19,76,0.673684,0.578947,0.285714,0.421053,0.340426,0.138527,56,20,11,8,0.638504,0.280459,0.280459
logreg_balanced_ratio_preserved_noise_mcc_selected_v1,logistic_regression_class_weight_balanced,logistic_regression,C,80/20,4,random_flip_20,test,50/50,test,0.100000,True,3395,95,7.839147,42,21,21,0.809524,0.809524,0.842105,0.761905,0.800000,0.621874,18,3,5,16,0.841270,0.868396,0.868396
logreg_balanced_ratio_preserved_noise_mcc_selected_v1,logistic_regression_class_weight_balanced,logistic_regression,C,80/20,4,random_flip_20,test,60/40,test,0.100000,True,3395,95,8.008282,53,21,32,0.716981,0.724702,0.615385,0.761905,0.680851,0.439697,22,10,5,16,0.784226,0.750507,0.750507
logreg_balanced_ratio_preserved_noise_mcc_selected_v1,logistic_regression_class_weight_balanced,logistic_regression,C,80/20,4,random_flip_20,test,70/30,test,0.100000,True,3395,95,8.098161,70,21,49,0.728571,0.738095,0.533333,0.761905,0.627451,0.440959,35,14,5,16,0.801749,0.652906,0.652906
logreg_balanced_ratio_preserved_noise_mcc_selected_v1,logistic_regression_class_weight_balanced,logistic_regression,C,80/20,4,random_flip_20,test,75/25,test,0.100000,True,3395,95,8.208653,84,21,63,0.809524,0.793651,0.592593,0.761905,0.666667,0.544530,52,11,5,16,0.792895,0.529730,0.529730
logreg_balanced_ratio_preserved_noise_mcc_selected_v1,logistic_regression_class_weight_balanced,logistic_regression,C,80/20,4,random_flip_20,test,80/20,test,0.100000,True,3395,95,8.311703,105,21,84,0.752381,0.755952,0.432432,0.761905,0.551724,0.428631,63,21,5,16,0.829365,0.702837,0.702837
logreg_balanced_ratio_preserved_noise_mcc_selected_v1,logistic_regression_class_weight_balanced,logistic_regression,C,80/20,4,random_flip_20,test,90/10,test,0.100000,True,3395,95,8.504940,210,21,189,0.757143,0.759259,0.258065,0.761905,0.385542,0.341019,143,46,5,16,0.806752,0.426929,0.426929
logreg_balanced_ratio_preserved_noise_mcc_selected_v1,logistic_regression_class_weight_balanced,logistic_regression,C,80/20,4,random_fp_10,validation_grid,80/20,valid,0.100000,False,5095,95,9.109945,95,19,76,0.684211,0.723684,0.365854,0.789474,0.500000,0.361293,50,26,4,15,0.818560,0.681391,0.681391
logreg_balanced_ratio_preserved_noise_mcc_selected_v1,logistic_regression_class_weight_balanced,logistic_regression,C,80/20,4,random_fp_10,validation_grid,80/20,valid,1.000000,False,5095,95,9.390693,95,19,76,0.757895,0.769737,0.441176,0.789474,0.566038,0.450142,57,19,4,15,0.801939,0.660860,0.660860
logreg_balanced_ratio_preserved_noise_mcc_selected_v1,logistic_regression_class_weight_balanced,logistic_regression,C,80/20,4,random_fp_10,validation_grid,80/20,valid,10.000000,True,5095,95,9.938582,95,19,76,0.821053,0.789474,0.538462,0.736842,0.622222,0.519411,64,12,5,14,0.799169,0.650860,0.650860
logreg_balanced_ratio_preserved_noise_mcc_selected_v1,logistic_regression_class_weight_balanced,logistic_regression,C,80/20,4,random_fp_10,test,50/50,test,10.000000,True,5095,95,10.012613,42,21,21,0.833333,0.833333,0.888889,0.761905,0.820513,0.673575,19,2,5,16,0.886621,0.920317,0.920317
logreg_balanced_ratio_preserved_noise_mcc_selected_v1,logistic_regression_class_weight_balanced,logistic_regression,C,80/20,4,random_fp_10,test,60/40,test,10.000000,True,5095,95,10.153590,53,21,32,0.792453,0.787202,0.727273,0.761905,0.744186,0.570178,26,6,5,16,0.812500,0.707104,0.707104
logreg_balanced_ratio_preserved_noise_mcc_selected_v1,logistic_regression_class_weight_balanced,logistic_regression,C,80/20,4,random_fp_10,test,70/30,test,10.000000,True,5095,95,10.255664,70,21,49,0.771429,0.768707,0.592593,0.761905,0.666667,0.505943,38,11,5,16,0.836735,0.761844,0.761844
logreg_balanced_ratio_preserved_noise_mcc_selected_v1,logistic_regression_class_weight_balanced,logistic_regression,C,80/20,4,random_fp_10,test,75/25,test,10.000000,True,5095,95,10.399190,84,21,63,0.821429,0.801587,0.615385,0.761905,0.680851,0.564966,53,10,5,16,0.863190,0.784082,0.784082
logreg_balanced_ratio_preserved_noise_mcc_selected_v1,logistic_regression_class_weight_balanced,logistic_regression,C,80/20,4,random_fp_10,test,80/20,test,10.000000,True,5095,95,10.517616,105,21,84,0.866667,0.827381,0.640000,0.761905,0.695652,0.614919,75,9,5,16,0.841837,0.682744,0.682744
logreg_balanced_ratio_preserved_noise_mcc_selected_v1,logistic_regression_class_weight_balanced,logistic_regression,C,80/20,4,random_fp_10,test,90/10,test,10.000000,True,5095,95,10.750752,210,21,189,0.838095,0.804233,0.355556,0.761905,0.484848,0.444865,160,29,5,16,0.839506,0.442572,0.442572
logreg_balanced_ratio_preserved_noise_mcc_selected_v1,logistic_regression_class_weight_balanced,logistic_regression,C,80/20,4,random_fp_20,validation_grid,80/20,valid,0.100000,False,6790,95,10.755883,95,19,76,0.642105,0.697368,0.333333,0.789474,0.468750,0.316228,46,30,4,15,0.835873,0.661549,0.661549
logreg_balanced_ratio_preserved_noise_mcc_selected_v1,logistic_regression_class_weight_balanced,logistic_regression,C,80/20,4,random_fp_20,validation_grid,80/20,valid,1.000000,False,6790,95,11.148766,95,19,76,0.694737,0.730263,0.375000,0.789474,0.508475,0.373101,51,25,4,15,0.814404,0.617578,0.617578
logreg_balanced_ratio_preserved_noise_mcc_selected_v1,logistic_regression_class_weight_balanced,logistic_regression,C,80/20,4,random_fp_20,validation_grid,80/20,valid,10.000000,True,6790,95,11.939041,95,19,76,0.778947,0.763158,0.466667,0.736842,0.571429,0.452911,60,16,5,14,0.808864,0.605462,0.605462
logreg_balanced_ratio_preserved_noise_mcc_selected_v1,logistic_regression_class_weight_balanced,logistic_regression,C,80/20,4,random_fp_20,test,50/50,test,10.000000,True,6790,95,12.014595,42,21,21,0.714286,0.714286,0.764706,0.619048,0.684211,0.436564,17,4,8,13,0.804989,0.849021,0.849021
logreg_balanced_ratio_preserved_noise_mcc_selected_v1,logistic_regression_class_weight_balanced,logistic_regression,C,80/20,4,random_fp_20,test,60/40,test,10.000000,True,6790,95,12.157640,53,21,32,0.735849,0.715774,0.684211,0.619048,0.650000,0.440146,26,6,8,13,0.813988,0.799799,0.799799
logreg_balanced_ratio_preserved_noise_mcc_selected_v1,logistic_regression_class_weight_balanced,logistic_regression,C,80/20,4,random_fp_20,test,70/30,test,10.000000,True,6790,95,12.253824,70,21,49,0.700000,0.676871,0.500000,0.619048,0.553191,0.335491,36,13,8,13,0.737609,0.650183,0.650183
logreg_balanced_ratio_preserved_noise_mcc_selected_v1,logistic_regression_class_weight_balanced,logistic_regression,C,80/20,4,random_fp_20,test,75/25,test,10.000000,True,6790,95,12.361388,84,21,63,0.785714,0.730159,0.565217,0.619048,0.590909,0.447001,53,10,8,13,0.815571,0.717326,0.717326
logreg_balanced_ratio_preserved_noise_mcc_selected_v1,logistic_regression_class_weight_balanced,logistic_regression,C,80/20,4,random_fp_20,test,80/20,test,10.000000,True,6790,95,12.460242,105,21,84,0.771429,0.714286,0.448276,0.619048,0.520000,0.383413,68,16,8,13,0.803855,0.594423,0.594423
logreg_balanced_ratio_preserved_noise_mcc_selected_v1,logistic_regression_class_weight_balanced,logistic_regression,C,80/20,4,random_fp_20,test,90/10,test,10.000000,True,6790,95,12.674639,210,21,189,0.785714,0.711640,0.260000,0.619048,0.366197,0.298142,152,37,8,13,0.782565,0.398453,0.398453
logreg_balanced_ratio_preserved_noise_mcc_selected_v1,logistic_regression_class_weight_balanced,logistic_regression,C,80/20,4,heuristic_fp_10,validation_grid,80/20,valid,0.100000,False,5095,95,8.994845,95,19,76,0.684211,0.723684,0.365854,0.789474,0.500000,0.361293,50,26,4,15,0.828947,0.648610,0.648610
logreg_balanced_ratio_preserved_noise_mcc_selected_v1,logistic_regression_class_weight_balanced,logistic_regression,C,80/20,4,heuristic_fp_10,validation_grid,80/20,valid,1.000000,False,5095,95,9.260171,95,19,76,0.684211,0.723684,0.365854,0.789474,0.500000,0.361293,50,26,4,15,0.813019,0.641875,0.641875
logreg_balanced_ratio_preserved_noise_mcc_selected_v1,logistic_regression_class_weight_balanced,logistic_regression,C,80/20,4,heuristic_fp_10,validation_grid,80/20,valid,10.000000,True,5095,95,9.720209,95,19,76,0.768421,0.756579,0.451613,0.736842,0.560000,0.437788,59,17,5,14,0.816482,0.660196,0.660196
logreg_balanced_ratio_preserved_noise_mcc_selected_v1,logistic_regression_class_weight_balanced,logistic_regression,C,80/20,4,heuristic_fp_10,test,50/50,test,10.000000,True,5095,95,9.799674,42,21,21,0.857143,0.857143,0.941176,0.761905,0.842105,0.727607,20,1,5,16,0.886621,0.889693,0.889693
logreg_balanced_ratio_preserved_noise_mcc_selected_v1,logistic_regression_class_weight_balanced,logistic_regression,C,80/20,4,heuristic_fp_10,test,60/40,test,10.000000,True,5095,95,9.990304,53,21,32,0.792453,0.787202,0.727273,0.761905,0.744186,0.570178,26,6,5,16,0.889881,0.849663,0.849663
logreg_balanced_ratio_preserved_noise_mcc_selected_v1,logistic_regression_class_weight_balanced,logistic_regression,C,80/20,4,heuristic_fp_10,test,70/30,test,10.000000,True,5095,95,10.103088,70,21,49,0.771429,0.768707,0.592593,0.761905,0.666667,0.505943,38,11,5,16,0.866861,0.781116,0.781116
logreg_balanced_ratio_preserved_noise_mcc_selected_v1,logistic_regression_class_weight_balanced,logistic_regression,C,80/20,4,heuristic_fp_10,test,75/25,test,10.000000,True,5095,95,10.231315,84,21,63,0.845238,0.817460,0.666667,0.761905,0.711111,0.608581,55,8,5,16,0.906274,0.736218,0.736218
logreg_balanced_ratio_preserved_noise_mcc_selected_v1,logistic_regression_class_weight_balanced,logistic_regression,C,80/20,4,heuristic_fp_10,test,80/20,test,10.000000,True,5095,95,10.346632,105,21,84,0.885714,0.839286,0.695652,0.761905,0.727273,0.656257,77,7,5,16,0.923469,0.803959,0.803959
logreg_balanced_ratio_preserved_noise_mcc_selected_v1,logistic_regression_class_weight_balanced,logistic_regression,C,80/20,4,heuristic_fp_10,test,90/10,test,10.000000,True,5095,95,10.571321,210,21,189,0.819048,0.793651,0.326531,0.761905,0.457143,0.416573,156,33,5,16,0.874780,0.474782,0.474782
logreg_balanced_ratio_preserved_noise_mcc_selected_v1,logistic_regression_class_weight_balanced,logistic_regression,C,80/20,4,heuristic_fp_20,validation_grid,80/20,valid,0.100000,False,6790,95,10.910799,95,19,76,0.642105,0.697368,0.333333,0.789474,0.468750,0.316228,46,30,4,15,0.831025,0.623438,0.623438
logreg_balanced_ratio_preserved_noise_mcc_selected_v1,logistic_regression_class_weight_balanced,logistic_regression,C,80/20,4,heuristic_fp_20,validation_grid,80/20,valid,1.000000,False,6790,95,11.287729,95,19,76,0.652632,0.703947,0.340909,0.789474,0.476190,0.327205,47,29,4,15,0.828255,0.605094,0.605094
logreg_balanced_ratio_preserved_noise_mcc_selected_v1,logistic_regression_class_weight_balanced,logistic_regression,C,80/20,4,heuristic_fp_20,validation_grid,80/20,valid,10.000000,True,6790,95,12.102750,95,19,76,0.747368,0.743421,0.424242,0.736842,0.538462,0.408996,57,19,5,14,0.806094,0.549755,0.549755
logreg_balanced_ratio_preserved_noise_mcc_selected_v1,logistic_regression_class_weight_balanced,logistic_regression,C,80/20,4,heuristic_fp_20,test,50/50,test,10.000000,True,6790,95,12.174046,42,21,21,0.857143,0.857143,0.941176,0.761905,0.842105,0.727607,20,1,5,16,0.904762,0.932588,0.932588
logreg_balanced_ratio_preserved_noise_mcc_selected_v1,logistic_regression_class_weight_balanced,logistic_regression,C,80/20,4,heuristic_fp_20,test,60/40,test,10.000000,True,6790,95,12.308120,53,21,32,0.792453,0.787202,0.727273,0.761905,0.744186,0.570178,26,6,5,16,0.857143,0.798844,0.798844
logreg_balanced_ratio_preserved_noise_mcc_selected_v1,logistic_regression_class_weight_balanced,logistic_regression,C,80/20,4,heuristic_fp_20,test,70/30,test,10.000000,True,6790,95,12.403899,70,21,49,0.757143,0.758503,0.571429,0.761905,0.653061,0.483616,37,12,5,16,0.814383,0.680679,0.680679
logreg_balanced_ratio_preserved_noise_mcc_selected_v1,logistic_regression_class_weight_balanced,logistic_regression,C,80/20,4,heuristic_fp_20,test,75/25,test,10.000000,True,6790,95,12.527074,84,21,63,0.833333,0.809524,0.640000,0.761905,0.695652,0.586284,54,9,5,16,0.885865,0.763047,0.763047
logreg_balanced_ratio_preserved_noise_mcc_selected_v1,logistic_regression_class_weight_balanced,logistic_regression,C,80/20,4,heuristic_fp_20,test,80/20,test,10.000000,True,6790,95,12.654754,105,21,84,0.876190,0.833333,0.666667,0.761905,0.711111,0.635053,76,8,5,16,0.897392,0.681150,0.681150
logreg_balanced_ratio_preserved_noise_mcc_selected_v1,logistic_regression_class_weight_balanced,logistic_regression,C,80/20,4,heuristic_fp_20,test,90/10,test,10.000000,True,6790,95,12.879426,210,21,189,0.785714,0.775132,0.285714,0.761905,0.415584,0.373300,149,40,5,16,0.836987,0.349745,0.349745
logreg_balanced_ratio_preserved_noise_mcc_selected_v1,logistic_regression_class_weight_balanced,logistic_regression,C,80/20,5,clean,validation_grid,80/20,valid,0.100000,False,3395,95,6.618476,95,19,76,0.810526,0.802632,0.517241,0.789474,0.625000,0.525723,62,14,4,15,0.855956,0.605296,0.605296
logreg_balanced_ratio_preserved_noise_mcc_selected_v1,logistic_regression_class_weight_balanced,logistic_regression,C,80/20,5,clean,validation_grid,80/20,valid,1.000000,False,3395,95,6.793740,95,19,76,0.810526,0.802632,0.517241,0.789474,0.625000,0.525723,62,14,4,15,0.858726,0.626354,0.626354
logreg_balanced_ratio_preserved_noise_mcc_selected_v1,logistic_regression_class_weight_balanced,logistic_regression,C,80/20,5,clean,validation_grid,80/20,valid,10.000000,True,3395,95,7.080242,95,19,76,0.831579,0.796053,0.560000,0.736842,0.636364,0.537853,65,11,5,14,0.862881,0.671064,0.671064
logreg_balanced_ratio_preserved_noise_mcc_selected_v1,logistic_regression_class_weight_balanced,logistic_regression,C,80/20,5,clean,test,50/50,test,10.000000,True,3395,95,7.157806,42,21,21,0.809524,0.809524,0.842105,0.761905,0.800000,0.621874,18,3,5,16,0.884354,0.895523,0.895523
logreg_balanced_ratio_preserved_noise_mcc_selected_v1,logistic_regression_class_weight_balanced,logistic_regression,C,80/20,5,clean,test,60/40,test,10.000000,True,3395,95,7.239808,53,21,32,0.867925,0.849702,0.888889,0.761905,0.820513,0.722342,30,2,5,16,0.895833,0.858329,0.858329
logreg_balanced_ratio_preserved_noise_mcc_selected_v1,logistic_regression_class_weight_balanced,logistic_regression,C,80/20,5,clean,test,70/30,test,10.000000,True,3395,95,7.323697,70,21,49,0.857143,0.829932,0.761905,0.761905,0.761905,0.659864,44,5,5,16,0.906706,0.822985,0.822985
logreg_balanced_ratio_preserved_noise_mcc_selected_v1,logistic_regression_class_weight_balanced,logistic_regression,C,80/20,5,clean,test,75/25,test,10.000000,True,3395,95,7.422786,84,21,63,0.880952,0.841270,0.761905,0.761905,0.761905,0.682540,58,5,5,16,0.913832,0.726897,0.726897
logreg_balanced_ratio_preserved_noise_mcc_selected_v1,logistic_regression_class_weight_balanced,logistic_regression,C,80/20,5,clean,test,80/20,test,10.000000,True,3395,95,7.570651,105,21,84,0.857143,0.821429,0.615385,0.761905,0.680851,0.595749,74,10,5,16,0.880385,0.704230,0.704230
logreg_balanced_ratio_preserved_noise_mcc_selected_v1,logistic_regression_class_weight_balanced,logistic_regression,C,80/20,5,clean,test,90/10,test,10.000000,True,3395,95,7.801396,210,21,189,0.923810,0.851852,0.592593,0.761905,0.666667,0.630700,178,11,5,16,0.902998,0.635940,0.635940
logreg_balanced_ratio_preserved_noise_mcc_selected_v1,logistic_regression_class_weight_balanced,logistic_regression,C,80/20,5,random_flip_10,validation_grid,80/20,valid,0.100000,True,3395,95,6.617064,95,19,76,0.810526,0.802632,0.517241,0.789474,0.625000,0.525723,62,14,4,15,0.869114,0.577974,0.577974
logreg_balanced_ratio_preserved_noise_mcc_selected_v1,logistic_regression_class_weight_balanced,logistic_regression,C,80/20,5,random_flip_10,validation_grid,80/20,valid,1.000000,False,3395,95,6.804539,95,19,76,0.810526,0.782895,0.518519,0.736842,0.608696,0.501767,63,13,5,14,0.867729,0.606398,0.606398
logreg_balanced_ratio_preserved_noise_mcc_selected_v1,logistic_regression_class_weight_balanced,logistic_regression,C,80/20,5,random_flip_10,validation_grid,80/20,valid,10.000000,False,3395,95,7.136339,95,19,76,0.778947,0.664474,0.450000,0.473684,0.461538,0.322749,65,11,10,9,0.826870,0.584610,0.584610
logreg_balanced_ratio_preserved_noise_mcc_selected_v1,logistic_regression_class_weight_balanced,logistic_regression,C,80/20,5,random_flip_10,test,50/50,test,0.100000,True,3395,95,7.227789,42,21,21,0.809524,0.809524,0.809524,0.809524,0.809524,0.619048,17,4,4,17,0.870748,0.887047,0.887047
logreg_balanced_ratio_preserved_noise_mcc_selected_v1,logistic_regression_class_weight_balanced,logistic_regression,C,80/20,5,random_flip_10,test,60/40,test,0.100000,True,3395,95,7.322776,53,21,32,0.754717,0.764137,0.653846,0.809524,0.723404,0.516863,23,9,4,17,0.854167,0.746133,0.746133
logreg_balanced_ratio_preserved_noise_mcc_selected_v1,logistic_regression_class_weight_balanced,logistic_regression,C,80/20,5,random_flip_10,test,70/30,test,0.100000,True,3395,95,7.401306,70,21,49,0.871429,0.853741,0.772727,0.809524,0.790698,0.698380,44,5,4,17,0.896016,0.775694,0.775694
logreg_balanced_ratio_preserved_noise_mcc_selected_v1,logistic_regression_class_weight_balanced,logistic_regression,C,80/20,5,random_flip_10,test,75/25,test,0.100000,True,3395,95,7.491500,84,21,63,0.880952,0.857143,0.739130,0.809524,0.772727,0.693622,57,6,4,17,0.920635,0.810384,0.810384
logreg_balanced_ratio_preserved_noise_mcc_selected_v1,logistic_regression_class_weight_balanced,logistic_regression,C,80/20,5,random_flip_10,test,80/20,test,0.100000,True,3395,95,7.631569,105,21,84,0.761905,0.779762,0.447368,0.809524,0.576271,0.465735,63,21,4,17,0.844104,0.512980,0.512980
logreg_balanced_ratio_preserved_noise_mcc_selected_v1,logistic_regression_class_weight_balanced,logistic_regression,C,80/20,5,random_flip_10,test,90/10,test,0.100000,True,3395,95,7.870535,210,21,189,0.800000,0.804233,0.309091,0.809524,0.447368,0.415173,151,38,4,17,0.879315,0.466072,0.466072
logreg_balanced_ratio_preserved_noise_mcc_selected_v1,logistic_regression_class_weight_balanced,logistic_regression,C,80/20,5,random_flip_20,validation_grid,80/20,valid,0.100000,True,3395,95,6.549801,95,19,76,0.768421,0.796053,0.457143,0.842105,0.592593,0.490990,57,19,3,16,0.852493,0.566637,0.566637
logreg_balanced_ratio_preserved_noise_mcc_selected_v1,logistic_regression_class_weight_balanced,logistic_regression,C,80/20,5,random_flip_20,validation_grid,80/20,valid,1.000000,False,3395,95,6.745818,95,19,76,0.757895,0.690789,0.423077,0.578947,0.488889,0.342339,61,15,8,11,0.797091,0.487600,0.487600
logreg_balanced_ratio_preserved_noise_mcc_selected_v1,logistic_regression_class_weight_balanced,logistic_regression,C,80/20,5,random_flip_20,validation_grid,80/20,valid,10.000000,False,3395,95,7.120203,95,19,76,0.800000,0.677632,0.500000,0.473684,0.486486,0.362620,67,9,10,9,0.708449,0.389248,0.389248
logreg_balanced_ratio_preserved_noise_mcc_selected_v1,logistic_regression_class_weight_balanced,logistic_regression,C,80/20,5,random_flip_20,test,50/50,test,0.100000,True,3395,95,7.196561,42,21,21,0.785714,0.785714,0.772727,0.809524,0.790698,0.572078,16,5,4,17,0.839002,0.843166,0.843166
logreg_balanced_ratio_preserved_noise_mcc_selected_v1,logistic_regression_class_weight_balanced,logistic_regression,C,80/20,5,random_flip_20,test,60/40,test,0.100000,True,3395,95,7.282479,53,21,32,0.754717,0.764137,0.653846,0.809524,0.723404,0.516863,23,9,4,17,0.830357,0.769499,0.769499
logreg_balanced_ratio_preserved_noise_mcc_selected_v1,logistic_regression_class_weight_balanced,logistic_regression,C,80/20,5,random_flip_20,test,70/30,test,0.100000,True,3395,95,7.364150,70,21,49,0.842857,0.833333,0.708333,0.809524,0.755556,0.643623,42,7,4,17,0.873664,0.772419,0.772419
logreg_balanced_ratio_preserved_noise_mcc_selected_v1,logistic_regression_class_weight_balanced,logistic_regression,C,80/20,5,random_flip_20,test,75/25,test,0.100000,True,3395,95,7.455594,84,21,63,0.797619,0.801587,0.566667,0.809524,0.666667,0.545087,50,13,4,17,0.863946,0.732556,0.732556
logreg_balanced_ratio_preserved_noise_mcc_selected_v1,logistic_regression_class_weight_balanced,logistic_regression,C,80/20,5,random_flip_20,test,80/20,test,0.100000,True,3395,95,7.599118,105,21,84,0.761905,0.779762,0.447368,0.809524,0.576271,0.465735,63,21,4,17,0.824263,0.570560,0.570560
logreg_balanced_ratio_preserved_noise_mcc_selected_v1,logistic_regression_class_weight_balanced,logistic_regression,C,80/20,5,random_flip_20,test,90/10,test,0.100000,True,3395,95,7.852287,210,21,189,0.776190,0.791005,0.283333,0.809524,0.419753,0.386501,146,43,4,17,0.842026,0.510507,0.510507
logreg_balanced_ratio_preserved_noise_mcc_selected_v1,logistic_regression_class_weight_balanced,logistic_regression,C,80/20,5,random_fp_10,validation_grid,80/20,valid,0.100000,False,5095,95,8.868358,95,19,76,0.757895,0.769737,0.441176,0.789474,0.566038,0.450142,57,19,4,15,0.863573,0.619251,0.619251
logreg_balanced_ratio_preserved_noise_mcc_selected_v1,logistic_regression_class_weight_balanced,logistic_regression,C,80/20,5,random_fp_10,validation_grid,80/20,valid,1.000000,False,5095,95,9.154109,95,19,76,0.778947,0.782895,0.468750,0.789474,0.588235,0.478843,59,17,4,15,0.857341,0.653397,0.653397
logreg_balanced_ratio_preserved_noise_mcc_selected_v1,logistic_regression_class_weight_balanced,logistic_regression,C,80/20,5,random_fp_10,validation_grid,80/20,valid,10.000000,True,5095,95,9.685408,95,19,76,0.800000,0.776316,0.500000,0.736842,0.595745,0.484845,62,14,5,14,0.868421,0.670086,0.670086
logreg_balanced_ratio_preserved_noise_mcc_selected_v1,logistic_regression_class_weight_balanced,logistic_regression,C,80/20,5,random_fp_10,test,50/50,test,10.000000,True,5095,95,9.762468,42,21,21,0.761905,0.761905,0.789474,0.714286,0.750000,0.526201,17,4,6,15,0.843537,0.851852,0.851852
logreg_balanced_ratio_preserved_noise_mcc_selected_v1,logistic_regression_class_weight_balanced,logistic_regression,C,80/20,5,random_fp_10,test,60/40,test,10.000000,True,5095,95,9.847329,53,21,32,0.830189,0.810268,0.833333,0.714286,0.769231,0.640887,29,3,6,15,0.855655,0.832711,0.832711
logreg_balanced_ratio_preserved_noise_mcc_selected_v1,logistic_regression_class_weight_balanced,logistic_regression,C,80/20,5,random_fp_10,test,70/30,test,10.000000,True,5095,95,9.939616,70,21,49,0.842857,0.806122,0.750000,0.714286,0.731707,0.621059,44,5,6,15,0.880466,0.807432,0.807432
logreg_balanced_ratio_preserved_noise_mcc_selected_v1,logistic_regression_class_weight_balanced,logistic_regression,C,80/20,5,random_fp_10,test,75/25,test,10.000000,True,5095,95,10.035786,84,21,63,0.869048,0.817460,0.750000,0.714286,0.731707,0.645497,58,5,6,15,0.873772,0.769477,0.769477
logreg_balanced_ratio_preserved_noise_mcc_selected_v1,logistic_regression_class_weight_balanced,logistic_regression,C,80/20,5,random_fp_10,test,80/20,test,10.000000,True,5095,95,10.174571,105,21,84,0.819048,0.779762,0.535714,0.714286,0.612245,0.506108,71,13,6,15,0.842404,0.600122,0.600122
logreg_balanced_ratio_preserved_noise_mcc_selected_v1,logistic_regression_class_weight_balanced,logistic_regression,C,80/20,5,random_fp_10,test,90/10,test,10.000000,True,5095,95,10.412701,210,21,189,0.861905,0.796296,0.394737,0.714286,0.508475,0.461786,166,23,6,15,0.857395,0.599164,0.599164
logreg_balanced_ratio_preserved_noise_mcc_selected_v1,logistic_regression_class_weight_balanced,logistic_regression,C,80/20,5,random_fp_20,validation_grid,80/20,valid,0.100000,False,6790,95,10.470574,95,19,76,0.778947,0.782895,0.468750,0.789474,0.588235,0.478843,59,17,4,15,0.887812,0.618523,0.618523
logreg_balanced_ratio_preserved_noise_mcc_selected_v1,logistic_regression_class_weight_balanced,logistic_regression,C,80/20,5,random_fp_20,validation_grid,80/20,valid,1.000000,True,6790,95,10.851631,95,19,76,0.831579,0.855263,0.548387,0.894737,0.680000,0.606168,62,14,2,17,0.889889,0.659139,0.659139
logreg_balanced_ratio_preserved_noise_mcc_selected_v1,logistic_regression_class_weight_balanced,logistic_regression,C,80/20,5,random_fp_20,validation_grid,80/20,valid,10.000000,False,6790,95,11.719064,95,19,76,0.800000,0.796053,0.500000,0.789474,0.612245,0.509525,61,15,4,15,0.877424,0.670229,0.670229
logreg_balanced_ratio_preserved_noise_mcc_selected_v1,logistic_regression_class_weight_balanced,logistic_regression,C,80/20,5,random_fp_20,test,50/50,test,1.000000,True,6790,95,11.804444,42,21,21,0.738095,0.738095,0.708333,0.809524,0.755556,0.481125,14,7,4,17,0.839002,0.864668,0.864668
logreg_balanced_ratio_preserved_noise_mcc_selected_v1,logistic_regression_class_weight_balanced,logistic_regression,C,80/20,5,random_fp_20,test,60/40,test,1.000000,True,6790,95,11.895124,53,21,32,0.811321,0.811012,0.739130,0.809524,0.772727,0.613857,26,6,4,17,0.828869,0.776253,0.776253
logreg_balanced_ratio_preserved_noise_mcc_selected_v1,logistic_regression_class_weight_balanced,logistic_regression,C,80/20,5,random_fp_20,test,70/30,test,1.000000,True,6790,95,11.976608,70,21,49,0.800000,0.802721,0.629630,0.809524,0.708333,0.569986,39,10,4,17,0.862974,0.770178,0.770178
logreg_balanced_ratio_preserved_noise_mcc_selected_v1,logistic_regression_class_weight_balanced,logistic_regression,C,80/20,5,random_fp_20,test,75/25,test,1.000000,True,6790,95,12.066663,84,21,63,0.833333,0.825397,0.629630,0.809524,0.708333,0.603398,53,10,4,17,0.861678,0.758183,0.758183
logreg_balanced_ratio_preserved_noise_mcc_selected_v1,logistic_regression_class_weight_balanced,logistic_regression,C,80/20,5,random_fp_20,test,80/20,test,1.000000,True,6790,95,12.204335,105,21,84,0.780952,0.791667,0.472222,0.809524,0.596491,0.491576,65,19,4,17,0.833900,0.651592,0.651592
logreg_balanced_ratio_preserved_noise_mcc_selected_v1,logistic_regression_class_weight_balanced,logistic_regression,C,80/20,5,random_fp_20,test,90/10,test,1.000000,True,6790,95,12.499681,210,21,189,0.776190,0.791005,0.283333,0.809524,0.419753,0.386501,146,43,4,17,0.838750,0.535628,0.535628
logreg_balanced_ratio_preserved_noise_mcc_selected_v1,logistic_regression_class_weight_balanced,logistic_regression,C,80/20,5,heuristic_fp_10,validation_grid,80/20,valid,0.100000,False,5095,95,8.718973,95,19,76,0.778947,0.782895,0.468750,0.789474,0.588235,0.478843,59,17,4,15,0.865651,0.650428,0.650428
logreg_balanced_ratio_preserved_noise_mcc_selected_v1,logistic_regression_class_weight_balanced,logistic_regression,C,80/20,5,heuristic_fp_10,validation_grid,80/20,valid,1.000000,False,5095,95,9.023258,95,19,76,0.778947,0.782895,0.468750,0.789474,0.588235,0.478843,59,17,4,15,0.857341,0.630844,0.630844
logreg_balanced_ratio_preserved_noise_mcc_selected_v1,logistic_regression_class_weight_balanced,logistic_regression,C,80/20,5,heuristic_fp_10,validation_grid,80/20,valid,10.000000,True,5095,95,9.546744,95,19,76,0.800000,0.776316,0.500000,0.736842,0.595745,0.484845,62,14,5,14,0.852493,0.650118,0.650118
logreg_balanced_ratio_preserved_noise_mcc_selected_v1,logistic_regression_class_weight_balanced,logistic_regression,C,80/20,5,heuristic_fp_10,test,50/50,test,10.000000,True,5095,95,9.631427,42,21,21,0.809524,0.809524,0.842105,0.761905,0.800000,0.621874,18,3,5,16,0.904762,0.926923,0.926923
logreg_balanced_ratio_preserved_noise_mcc_selected_v1,logistic_regression_class_weight_balanced,logistic_regression,C,80/20,5,heuristic_fp_10,test,60/40,test,10.000000,True,5095,95,9.723705,53,21,32,0.792453,0.787202,0.727273,0.761905,0.744186,0.570178,26,6,5,16,0.894345,0.864421,0.864421
logreg_balanced_ratio_preserved_noise_mcc_selected_v1,logistic_regression_class_weight_balanced,logistic_regression,C,80/20,5,heuristic_fp_10,test,70/30,test,10.000000,True,5095,95,9.802085,70,21,49,0.800000,0.789116,0.640000,0.761905,0.695652,0.553010,40,9,5,16,0.895044,0.823991,0.823991
logreg_balanced_ratio_preserved_noise_mcc_selected_v1,logistic_regression_class_weight_balanced,logistic_regression,C,80/20,5,heuristic_fp_10,test,75/25,test,10.000000,True,5095,95,9.893860,84,21,63,0.892857,0.849206,0.800000,0.761905,0.780488,0.710047,59,4,5,16,0.911565,0.707182,0.707182
logreg_balanced_ratio_preserved_noise_mcc_selected_v1,logistic_regression_class_weight_balanced,logistic_regression,C,80/20,5,heuristic_fp_10,test,80/20,test,10.000000,True,5095,95,10.032217,105,21,84,0.857143,0.821429,0.615385,0.761905,0.680851,0.595749,74,10,5,16,0.913265,0.728799,0.728799
logreg_balanced_ratio_preserved_noise_mcc_selected_v1,logistic_regression_class_weight_balanced,logistic_regression,C,80/20,5,heuristic_fp_10,test,90/10,test,10.000000,True,5095,95,10.268353,210,21,189,0.847619,0.809524,0.372093,0.761905,0.500000,0.460227,162,27,5,16,0.885362,0.409380,0.409380
logreg_balanced_ratio_preserved_noise_mcc_selected_v1,logistic_regression_class_weight_balanced,logistic_regression,C,80/20,5,heuristic_fp_20,validation_grid,80/20,valid,0.100000,True,6790,95,10.412775,95,19,76,0.778947,0.782895,0.468750,0.789474,0.588235,0.478843,59,17,4,15,0.891967,0.707813,0.707813
logreg_balanced_ratio_preserved_noise_mcc_selected_v1,logistic_regression_class_weight_balanced,logistic_regression,C,80/20,5,heuristic_fp_20,validation_grid,80/20,valid,1.000000,False,6790,95,10.818237,95,19,76,0.747368,0.763158,0.428571,0.789474,0.555556,0.436436,56,20,4,15,0.878116,0.685033,0.685033
logreg_balanced_ratio_preserved_noise_mcc_selected_v1,logistic_regression_class_weight_balanced,logistic_regression,C,80/20,5,heuristic_fp_20,validation_grid,80/20,valid,10.000000,False,6790,95,11.701363,95,19,76,0.768421,0.756579,0.451613,0.736842,0.560000,0.437788,59,17,5,14,0.855956,0.636404,0.636404
logreg_balanced_ratio_preserved_noise_mcc_selected_v1,logistic_regression_class_weight_balanced,logistic_regression,C,80/20,5,heuristic_fp_20,test,50/50,test,0.100000,True,6790,95,11.790070,42,21,21,0.833333,0.833333,0.791667,0.904762,0.844444,0.673575,16,5,2,19,0.904762,0.913190,0.913190
logreg_balanced_ratio_preserved_noise_mcc_selected_v1,logistic_regression_class_weight_balanced,logistic_regression,C,80/20,5,heuristic_fp_20,test,60/40,test,0.100000,True,6790,95,11.880801,53,21,32,0.792453,0.811756,0.678571,0.904762,0.775510,0.610914,23,9,2,19,0.852679,0.746192,0.746192
logreg_balanced_ratio_preserved_noise_mcc_selected_v1,logistic_regression_class_weight_balanced,logistic_regression,C,80/20,5,heuristic_fp_20,test,70/30,test,0.100000,True,6790,95,11.958754,70,21,49,0.800000,0.829932,0.612903,0.904762,0.730769,0.608764,37,12,2,19,0.891156,0.772752,0.772752
logreg_balanced_ratio_preserved_noise_mcc_selected_v1,logistic_regression_class_weight_balanced,logistic_regression,C,80/20,5,heuristic_fp_20,test,75/25,test,0.100000,True,6790,95,12.041963,84,21,63,0.857143,0.873016,0.655172,0.904762,0.760000,0.679449,53,10,2,19,0.919123,0.723100,0.723100
logreg_balanced_ratio_preserved_noise_mcc_selected_v1,logistic_regression_class_weight_balanced,logistic_regression,C,80/20,5,heuristic_fp_20,test,80/20,test,0.100000,True,6790,95,12.173668,105,21,84,0.780952,0.827381,0.475000,0.904762,0.622951,0.539319,63,21,2,19,0.862812,0.585006,0.585006
logreg_balanced_ratio_preserved_noise_mcc_selected_v1,logistic_regression_class_weight_balanced,logistic_regression,C,80/20,5,heuristic_fp_20,test,90/10,test,0.100000,True,6790,95,12.461834,210,21,189,0.771429,0.830688,0.292308,0.904762,0.441860,0.429189,143,46,2,19,0.887881,0.492559,0.492559
logreg_balanced_ratio_preserved_noise_mcc_selected_v1,logistic_regression_class_weight_balanced,logistic_regression,C,90/10,1,clean,validation_grid,90/10,valid,0.100000,False,6790,190,10.787095,190,19,171,0.789474,0.789474,0.294118,0.789474,0.428571,0.391942,135,36,4,15,0.853801,0.445598,0.445598
logreg_balanced_ratio_preserved_noise_mcc_selected_v1,logistic_regression_class_weight_balanced,logistic_regression,C,90/10,1,clean,validation_grid,90/10,valid,1.000000,False,6790,190,11.193852,190,19,171,0.826316,0.786550,0.333333,0.736842,0.459016,0.414333,143,28,5,14,0.867959,0.514269,0.514269
logreg_balanced_ratio_preserved_noise_mcc_selected_v1,logistic_regression_class_weight_balanced,logistic_regression,C,90/10,1,clean,validation_grid,90/10,valid,10.000000,True,6790,190,11.866605,190,19,171,0.894737,0.801170,0.481481,0.684211,0.565217,0.517536,157,14,6,13,0.859649,0.529844,0.529844
logreg_balanced_ratio_preserved_noise_mcc_selected_v1,logistic_regression_class_weight_balanced,logistic_regression,C,90/10,1,clean,test,50/50,test,10.000000,True,6790,190,11.939507,42,21,21,0.785714,0.785714,1.000000,0.571429,0.727273,0.632456,21,0,9,12,0.859410,0.889145,0.889145
logreg_balanced_ratio_preserved_noise_mcc_selected_v1,logistic_regression_class_weight_balanced,logistic_regression,C,90/10,1,clean,test,60/40,test,10.000000,True,6790,190,12.026772,53,21,32,0.773585,0.738839,0.800000,0.571429,0.666667,0.518660,29,3,9,12,0.834821,0.826284,0.826284
logreg_balanced_ratio_preserved_noise_mcc_selected_v1,logistic_regression_class_weight_balanced,logistic_regression,C,90/10,1,clean,test,70/30,test,10.000000,True,6790,190,12.114059,70,21,49,0.871429,0.785714,1.000000,0.571429,0.727273,0.694808,49,0,9,12,0.886297,0.838810,0.838810
logreg_balanced_ratio_preserved_noise_mcc_selected_v1,logistic_regression_class_weight_balanced,logistic_regression,C,90/10,1,clean,test,75/25,test,10.000000,True,6790,190,12.205823,84,21,63,0.880952,0.777778,0.923077,0.571429,0.705882,0.665130,62,1,9,12,0.879063,0.799409,0.799409
logreg_balanced_ratio_preserved_noise_mcc_selected_v1,logistic_regression_class_weight_balanced,logistic_regression,C,90/10,1,clean,test,80/20,test,10.000000,True,6790,190,12.321974,105,21,84,0.847619,0.744048,0.631579,0.571429,0.600000,0.507140,77,7,9,12,0.845805,0.732052,0.732052
logreg_balanced_ratio_preserved_noise_mcc_selected_v1,logistic_regression_class_weight_balanced,logistic_regression,C,90/10,1,clean,test,90/10,test,10.000000,True,6790,190,12.540364,210,21,189,0.895238,0.751323,0.480000,0.571429,0.521739,0.465636,176,13,9,12,0.848576,0.599279,0.599279
logreg_balanced_ratio_preserved_noise_mcc_selected_v1,logistic_regression_class_weight_balanced,logistic_regression,C,90/10,1,random_flip_10,validation_grid,90/10,valid,0.100000,False,6790,190,10.363435,190,19,171,0.710526,0.745614,0.227273,0.789474,0.352941,0.309510,120,51,4,15,0.816251,0.395574,0.395574
logreg_balanced_ratio_preserved_noise_mcc_selected_v1,logistic_regression_class_weight_balanced,logistic_regression,C,90/10,1,random_flip_10,validation_grid,90/10,valid,1.000000,True,6790,190,10.741035,190,19,171,0.784211,0.763158,0.280000,0.736842,0.405797,0.358569,135,36,5,14,0.763312,0.321768,0.321768
logreg_balanced_ratio_preserved_noise_mcc_selected_v1,logistic_regression_class_weight_balanced,logistic_regression,C,90/10,1,random_flip_10,validation_grid,90/10,valid,10.000000,False,6790,190,11.531688,190,19,171,0.842105,0.701754,0.322581,0.526316,0.400000,0.327603,150,21,9,10,0.753463,0.335758,0.335758
logreg_balanced_ratio_preserved_noise_mcc_selected_v1,logistic_regression_class_weight_balanced,logistic_regression,C,90/10,1,random_flip_10,test,50/50,test,1.000000,True,6790,190,11.602756,42,21,21,0.714286,0.714286,0.764706,0.619048,0.684211,0.436564,17,4,8,13,0.829932,0.866169,0.866169
logreg_balanced_ratio_preserved_noise_mcc_selected_v1,logistic_regression_class_weight_balanced,logistic_regression,C,90/10,1,random_flip_10,test,60/40,test,1.000000,True,6790,190,11.683328,53,21,32,0.716981,0.700149,0.650000,0.619048,0.634146,0.403920,25,7,8,13,0.787202,0.786071,0.786071
logreg_balanced_ratio_preserved_noise_mcc_selected_v1,logistic_regression_class_weight_balanced,logistic_regression,C,90/10,1,random_flip_10,test,70/30,test,1.000000,True,6790,190,11.764696,70,21,49,0.857143,0.789116,0.866667,0.619048,0.722222,0.645777,47,2,8,13,0.865889,0.820176,0.820176
logreg_balanced_ratio_preserved_noise_mcc_selected_v1,logistic_regression_class_weight_balanced,logistic_regression,C,90/10,1,random_flip_10,test,75/25,test,1.000000,True,6790,190,11.859277,84,21,63,0.857143,0.777778,0.764706,0.619048,0.684211,0.598750,59,4,8,13,0.870748,0.797606,0.797606
logreg_balanced_ratio_preserved_noise_mcc_selected_v1,logistic_regression_class_weight_balanced,logistic_regression,C,90/10,1,random_flip_10,test,80/20,test,1.000000,True,6790,190,11.979131,105,21,84,0.723810,0.684524,0.382353,0.619048,0.472727,0.315474,63,21,8,13,0.810658,0.625609,0.625609
logreg_balanced_ratio_preserved_noise_mcc_selected_v1,logistic_regression_class_weight_balanced,logistic_regression,C,90/10,1,random_flip_10,test,90/10,test,1.000000,True,6790,190,12.193116,210,21,189,0.823810,0.732804,0.309524,0.619048,0.412698,0.349206,160,29,8,13,0.824893,0.559163,0.559163
logreg_balanced_ratio_preserved_noise_mcc_selected_v1,logistic_regression_class_weight_balanced,logistic_regression,C,90/10,1,random_flip_20,validation_grid,90/10,valid,0.100000,False,6790,190,10.393520,190,19,171,0.663158,0.415205,0.040816,0.105263,0.058824,-0.116297,124,47,17,2,0.301631,0.077704,0.077704
logreg_balanced_ratio_preserved_noise_mcc_selected_v1,logistic_regression_class_weight_balanced,logistic_regression,C,90/10,1,random_flip_20,validation_grid,90/10,valid,1.000000,False,6790,190,10.801641,190,19,171,0.731579,0.476608,0.078947,0.157895,0.105263,-0.035088,136,35,16,3,0.405971,0.137379,0.137379
logreg_balanced_ratio_preserved_noise_mcc_selected_v1,logistic_regression_class_weight_balanced,logistic_regression,C,90/10,1,random_flip_20,validation_grid,90/10,valid,10.000000,True,6790,190,11.729046,190,19,171,0.784211,0.505848,0.107143,0.157895,0.127660,0.009899,146,25,16,3,0.440443,0.153460,0.153460
logreg_balanced_ratio_preserved_noise_mcc_selected_v1,logistic_regression_class_weight_balanced,logistic_regression,C,90/10,1,random_flip_20,test,50/50,test,10.000000,True,6790,190,11.811952,42,21,21,0.404762,0.404762,0.166667,0.047619,0.074074,-0.272166,16,5,20,1,0.392290,0.459494,0.459494
logreg_balanced_ratio_preserved_noise_mcc_selected_v1,logistic_regression_class_weight_balanced,logistic_regression,C,90/10,1,random_flip_20,test,60/40,test,10.000000,True,6790,190,11.900150,53,21,32,0.566038,0.476935,0.250000,0.047619,0.080000,-0.085418,29,3,20,1,0.507440,0.421301,0.421301
logreg_balanced_ratio_preserved_noise_mcc_selected_v1,logistic_regression_class_weight_balanced,logistic_regression,C,90/10,1,random_flip_20,test,70/30,test,10.000000,True,6790,190,11.984998,70,21,49,0.585714,0.431973,0.100000,0.047619,0.064516,-0.178174,40,9,20,1,0.474247,0.319108,0.319108
logreg_balanced_ratio_preserved_noise_mcc_selected_v1,logistic_regression_class_weight_balanced,logistic_regression,C,90/10,1,random_flip_20,test,75/25,test,10.000000,True,6790,190,12.077162,84,21,63,0.714286,0.492063,0.200000,0.047619,0.076923,-0.029050,59,4,20,1,0.546485,0.309173,0.309173
logreg_balanced_ratio_preserved_noise_mcc_selected_v1,logistic_regression_class_weight_balanced,logistic_regression,C,90/10,1,random_flip_20,test,80/20,test,10.000000,True,6790,190,12.198366,105,21,84,0.714286,0.464286,0.090909,0.047619,0.062500,-0.093296,74,10,20,1,0.485261,0.212257,0.212257
logreg_balanced_ratio_preserved_noise_mcc_selected_v1,logistic_regression_class_weight_balanced,logistic_regression,C,90/10,1,random_flip_20,test,90/10,test,10.000000,True,6790,190,12.436436,210,21,189,0.804762,0.468254,0.045455,0.047619,0.046512,-0.062197,168,21,20,1,0.479466,0.106890,0.106890
logreg_balanced_ratio_preserved_noise_mcc_selected_v1,logistic_regression_class_weight_balanced,logistic_regression,C,90/10,1,random_fp_10,validation_grid,90/10,valid,0.100000,False,13580,190,18.224091,190,19,171,0.726316,0.730994,0.229508,0.736842,0.350000,0.296856,124,47,5,14,0.828255,0.456255,0.456255
logreg_balanced_ratio_preserved_noise_mcc_selected_v1,logistic_regression_class_weight_balanced,logistic_regression,C,90/10,1,random_fp_10,validation_grid,90/10,valid,1.000000,True,13580,190,19.267053,190,19,171,0.757895,0.748538,0.254545,0.736842,0.378378,0.328813,130,41,5,14,0.788858,0.448651,0.448651
logreg_balanced_ratio_preserved_noise_mcc_selected_v1,logistic_regression_class_weight_balanced,logistic_regression,C,90/10,1,random_fp_10,validation_grid,90/10,valid,10.000000,False,13580,190,21.262403,190,19,171,0.821053,0.713450,0.297297,0.578947,0.392857,0.323411,145,26,8,11,0.774392,0.400348,0.400348
logreg_balanced_ratio_preserved_noise_mcc_selected_v1,logistic_regression_class_weight_balanced,logistic_regression,C,90/10,1,random_fp_10,test,50/50,test,1.000000,True,13580,190,21.341517,42,21,21,0.761905,0.761905,0.789474,0.714286,0.750000,0.526201,17,4,6,15,0.811791,0.793345,0.793345
logreg_balanced_ratio_preserved_noise_mcc_selected_v1,logistic_regression_class_weight_balanced,logistic_regression,C,90/10,1,random_fp_10,test,60/40,test,1.000000,True,13580,190,21.429104,53,21,32,0.735849,0.732143,0.652174,0.714286,0.681818,0.458190,24,8,6,15,0.828869,0.794404,0.794404
logreg_balanced_ratio_preserved_noise_mcc_selected_v1,logistic_regression_class_weight_balanced,logistic_regression,C,90/10,1,random_fp_10,test,70/30,test,1.000000,True,13580,190,21.509945,70,21,49,0.842857,0.806122,0.750000,0.714286,0.731707,0.621059,44,5,6,15,0.878523,0.809835,0.809835
logreg_balanced_ratio_preserved_noise_mcc_selected_v1,logistic_regression_class_weight_balanced,logistic_regression,C,90/10,1,random_fp_10,test,75/25,test,1.000000,True,13580,190,21.596211,84,21,63,0.845238,0.801587,0.681818,0.714286,0.697674,0.594040,56,7,6,15,0.890401,0.754442,0.754442
logreg_balanced_ratio_preserved_noise_mcc_selected_v1,logistic_regression_class_weight_balanced,logistic_regression,C,90/10,1,random_fp_10,test,80/20,test,1.000000,True,13580,190,21.711194,105,21,84,0.790476,0.761905,0.483871,0.714286,0.576923,0.459331,68,16,6,15,0.836168,0.592631,0.592631
logreg_balanced_ratio_preserved_noise_mcc_selected_v1,logistic_regression_class_weight_balanced,logistic_regression,C,90/10,1,random_fp_10,test,90/10,test,1.000000,True,13580,190,21.937616,210,21,189,0.823810,0.775132,0.326087,0.714286,0.447761,0.399127,158,31,6,15,0.838246,0.448682,0.448682
logreg_balanced_ratio_preserved_noise_mcc_selected_v1,logistic_regression_class_weight_balanced,logistic_regression,C,90/10,1,random_fp_20,validation_grid,90/10,valid,0.100000,True,20370,190,24.681827,190,19,171,0.710526,0.745614,0.227273,0.789474,0.352941,0.309510,120,51,4,15,0.814712,0.340360,0.340360
logreg_balanced_ratio_preserved_noise_mcc_selected_v1,logistic_regression_class_weight_balanced,logistic_regression,C,90/10,1,random_fp_20,validation_grid,90/10,valid,1.000000,False,20370,190,26.283180,190,19,171,0.700000,0.669591,0.193548,0.631579,0.296296,0.217023,121,50,7,12,0.747922,0.260159,0.260159
logreg_balanced_ratio_preserved_noise_mcc_selected_v1,logistic_regression_class_weight_balanced,logistic_regression,C,90/10,1,random_fp_20,validation_grid,90/10,valid,10.000000,False,20370,190,29.580954,190,19,171,0.763158,0.681287,0.229167,0.578947,0.328358,0.250326,134,37,8,11,0.695906,0.215700,0.215700
logreg_balanced_ratio_preserved_noise_mcc_selected_v1,logistic_regression_class_weight_balanced,logistic_regression,C,90/10,1,random_fp_20,test,50/50,test,0.100000,True,20370,190,29.659538,42,21,21,0.714286,0.714286,0.695652,0.761905,0.727273,0.430528,14,7,5,16,0.818594,0.832571,0.832571
logreg_balanced_ratio_preserved_noise_mcc_selected_v1,logistic_regression_class_weight_balanced,logistic_regression,C,90/10,1,random_fp_20,test,60/40,test,0.100000,True,20370,190,29.738037,53,21,32,0.754717,0.755952,0.666667,0.761905,0.711111,0.503001,24,8,5,16,0.839286,0.817944,0.817944
logreg_balanced_ratio_preserved_noise_mcc_selected_v1,logistic_regression_class_weight_balanced,logistic_regression,C,90/10,1,random_fp_20,test,70/30,test,0.100000,True,20370,190,29.820130,70,21,49,0.800000,0.789116,0.640000,0.761905,0.695652,0.553010,40,9,5,16,0.875607,0.807695,0.807695
logreg_balanced_ratio_preserved_noise_mcc_selected_v1,logistic_regression_class_weight_balanced,logistic_regression,C,90/10,1,random_fp_20,test,75/25,test,0.100000,True,20370,190,29.914560,84,21,63,0.892857,0.849206,0.800000,0.761905,0.780488,0.710047,59,4,5,16,0.905518,0.782245,0.782245
logreg_balanced_ratio_preserved_noise_mcc_selected_v1,logistic_regression_class_weight_balanced,logistic_regression,C,90/10,1,random_fp_20,test,80/20,test,0.100000,True,20370,190,30.037195,105,21,84,0.761905,0.761905,0.444444,0.761905,0.561404,0.441415,64,20,5,16,0.844671,0.557810,0.557810
logreg_balanced_ratio_preserved_noise_mcc_selected_v1,logistic_regression_class_weight_balanced,logistic_regression,C,90/10,1,random_fp_20,test,90/10,test,0.100000,True,20370,190,30.251989,210,21,189,0.719048,0.738095,0.228571,0.761905,0.351648,0.303046,135,54,5,16,0.831444,0.346541,0.346541
logreg_balanced_ratio_preserved_noise_mcc_selected_v1,logistic_regression_class_weight_balanced,logistic_regression,C,90/10,1,heuristic_fp_10,validation_grid,90/10,valid,0.100000,False,13580,190,17.915719,190,19,171,0.742105,0.763158,0.250000,0.789474,0.379747,0.339683,126,45,4,15,0.857802,0.419993,0.419993
logreg_balanced_ratio_preserved_noise_mcc_selected_v1,logistic_regression_class_weight_balanced,logistic_regression,C,90/10,1,heuristic_fp_10,validation_grid,90/10,valid,1.000000,True,13580,190,18.821300,190,19,171,0.815789,0.804094,0.326087,0.789474,0.461538,0.425943,140,31,4,15,0.868575,0.469924,0.469924
logreg_balanced_ratio_preserved_noise_mcc_selected_v1,logistic_regression_class_weight_balanced,logistic_regression,C,90/10,1,heuristic_fp_10,validation_grid,90/10,valid,10.000000,False,13580,190,20.396379,190,19,171,0.826316,0.763158,0.325000,0.684211,0.440678,0.387298,144,27,6,13,0.862419,0.465043,0.465043
logreg_balanced_ratio_preserved_noise_mcc_selected_v1,logistic_regression_class_weight_balanced,logistic_regression,C,90/10,1,heuristic_fp_10,test,50/50,test,1.000000,True,13580,190,20.467537,42,21,21,0.880952,0.880952,0.900000,0.857143,0.878049,0.762770,19,2,3,18,0.927438,0.935979,0.935979
logreg_balanced_ratio_preserved_noise_mcc_selected_v1,logistic_regression_class_weight_balanced,logistic_regression,C,90/10,1,heuristic_fp_10,test,60/40,test,1.000000,True,13580,190,20.547285,53,21,32,0.867925,0.866071,0.818182,0.857143,0.837209,0.726755,28,4,3,18,0.904762,0.843943,0.843943
logreg_balanced_ratio_preserved_noise_mcc_selected_v1,logistic_regression_class_weight_balanced,logistic_regression,C,90/10,1,heuristic_fp_10,test,70/30,test,1.000000,True,13580,190,20.632471,70,21,49,0.885714,0.877551,0.782609,0.857143,0.818182,0.736717,44,5,3,18,0.949466,0.930688,0.930688
logreg_balanced_ratio_preserved_noise_mcc_selected_v1,logistic_regression_class_weight_balanced,logistic_regression,C,90/10,1,heuristic_fp_10,test,75/25,test,1.000000,True,13580,190,20.723094,84,21,63,0.916667,0.896825,0.818182,0.857143,0.837209,0.781632,59,4,3,18,0.943311,0.890622,0.890622
logreg_balanced_ratio_preserved_noise_mcc_selected_v1,logistic_regression_class_weight_balanced,logistic_regression,C,90/10,1,heuristic_fp_10,test,80/20,test,1.000000,True,13580,190,20.839897,105,21,84,0.819048,0.833333,0.529412,0.857143,0.654545,0.569888,68,16,3,18,0.901361,0.699519,0.699519
logreg_balanced_ratio_preserved_noise_mcc_selected_v1,logistic_regression_class_weight_balanced,logistic_regression,C,90/10,1,heuristic_fp_10,test,90/10,test,1.000000,True,13580,190,21.052946,210,21,189,0.857143,0.857143,0.400000,0.857143,0.545455,0.522233,162,27,3,18,0.894936,0.431996,0.431996
logreg_balanced_ratio_preserved_noise_mcc_selected_v1,logistic_regression_class_weight_balanced,logistic_regression,C,90/10,1,heuristic_fp_20,validation_grid,90/10,valid,0.100000,False,20370,190,25.393756,190,19,171,0.710526,0.745614,0.227273,0.789474,0.352941,0.309510,120,51,4,15,0.836873,0.394940,0.394940
logreg_balanced_ratio_preserved_noise_mcc_selected_v1,logistic_regression_class_weight_balanced,logistic_regression,C,90/10,1,heuristic_fp_20,validation_grid,90/10,valid,1.000000,False,20370,190,26.974445,190,19,171,0.752632,0.769006,0.258621,0.789474,0.389610,0.350482,128,43,4,15,0.835642,0.450847,0.450847
logreg_balanced_ratio_preserved_noise_mcc_selected_v1,logistic_regression_class_weight_balanced,logistic_regression,C,90/10,1,heuristic_fp_20,validation_grid,90/10,valid,10.000000,True,20370,190,30.387012,190,19,171,0.805263,0.821637,0.320000,0.842105,0.463768,0.438250,137,34,3,16,0.843644,0.496857,0.496857
logreg_balanced_ratio_preserved_noise_mcc_selected_v1,logistic_regression_class_weight_balanced,logistic_regression,C,90/10,1,heuristic_fp_20,test,50/50,test,10.000000,True,20370,190,30.473250,42,21,21,0.809524,0.809524,0.882353,0.714286,0.789474,0.630593,19,2,6,15,0.904762,0.916596,0.916596
logreg_balanced_ratio_preserved_noise_mcc_selected_v1,logistic_regression_class_weight_balanced,logistic_regression,C,90/10,1,heuristic_fp_20,test,60/40,test,10.000000,True,20370,190,30.564809,53,21,32,0.830189,0.810268,0.833333,0.714286,0.769231,0.640887,29,3,6,15,0.891369,0.844279,0.844279
logreg_balanced_ratio_preserved_noise_mcc_selected_v1,logistic_regression_class_weight_balanced,logistic_regression,C,90/10,1,heuristic_fp_20,test,70/30,test,10.000000,True,20370,190,30.645332,70,21,49,0.857143,0.816327,0.789474,0.714286,0.750000,0.651946,45,4,6,15,0.886297,0.763766,0.763766
logreg_balanced_ratio_preserved_noise_mcc_selected_v1,logistic_regression_class_weight_balanced,logistic_regression,C,90/10,1,heuristic_fp_20,test,75/25,test,10.000000,True,20370,190,30.733320,84,21,63,0.857143,0.809524,0.714286,0.714286,0.714286,0.619048,57,6,6,15,0.896447,0.761381,0.761381
logreg_balanced_ratio_preserved_noise_mcc_selected_v1,logistic_regression_class_weight_balanced,logistic_regression,C,90/10,1,heuristic_fp_20,test,80/20,test,10.000000,True,20370,190,30.853761,105,21,84,0.819048,0.779762,0.535714,0.714286,0.612245,0.506108,71,13,6,15,0.866213,0.614624,0.614624
logreg_balanced_ratio_preserved_noise_mcc_selected_v1,logistic_regression_class_weight_balanced,logistic_regression,C,90/10,1,heuristic_fp_20,test,90/10,test,10.000000,True,20370,190,31.075346,210,21,189,0.842857,0.785714,0.357143,0.714286,0.476190,0.428571,162,27,6,15,0.861174,0.368053,0.368053
logreg_balanced_ratio_preserved_noise_mcc_selected_v1,logistic_regression_class_weight_balanced,logistic_regression,C,90/10,2,clean,validation_grid,90/10,valid,0.100000,False,6790,190,10.495204,190,19,171,0.836842,0.815789,0.357143,0.789474,0.491803,0.456612,144,27,4,15,0.862111,0.534212,0.534212
logreg_balanced_ratio_preserved_noise_mcc_selected_v1,logistic_regression_class_weight_balanced,logistic_regression,C,90/10,2,clean,validation_grid,90/10,valid,1.000000,True,6790,190,10.908526,190,19,171,0.878947,0.839181,0.441176,0.789474,0.566038,0.530927,152,19,4,15,0.861188,0.504477,0.504477
logreg_balanced_ratio_preserved_noise_mcc_selected_v1,logistic_regression_class_weight_balanced,logistic_regression,C,90/10,2,clean,validation_grid,90/10,valid,10.000000,False,6790,190,11.592170,190,19,171,0.894737,0.754386,0.478261,0.578947,0.523810,0.467925,159,12,8,11,0.847338,0.453953,0.453953
logreg_balanced_ratio_preserved_noise_mcc_selected_v1,logistic_regression_class_weight_balanced,logistic_regression,C,90/10,2,clean,test,50/50,test,1.000000,True,6790,190,11.684058,42,21,21,0.857143,0.857143,0.894737,0.809524,0.850000,0.717547,19,2,4,17,0.891156,0.920026,0.920026
logreg_balanced_ratio_preserved_noise_mcc_selected_v1,logistic_regression_class_weight_balanced,logistic_regression,C,90/10,2,clean,test,60/40,test,1.000000,True,6790,190,11.759548,53,21,32,0.905660,0.889137,0.944444,0.809524,0.871795,0.803798,31,1,4,17,0.913690,0.916314,0.916314
logreg_balanced_ratio_preserved_noise_mcc_selected_v1,logistic_regression_class_weight_balanced,logistic_regression,C,90/10,2,clean,test,70/30,test,1.000000,True,6790,190,11.867966,70,21,49,0.842857,0.833333,0.708333,0.809524,0.755556,0.643623,42,7,4,17,0.863946,0.652758,0.652758
logreg_balanced_ratio_preserved_noise_mcc_selected_v1,logistic_regression_class_weight_balanced,logistic_regression,C,90/10,2,clean,test,75/25,test,1.000000,True,6790,190,11.974197,84,21,63,0.833333,0.825397,0.629630,0.809524,0.708333,0.603398,53,10,4,17,0.864701,0.739504,0.739504
logreg_balanced_ratio_preserved_noise_mcc_selected_v1,logistic_regression_class_weight_balanced,logistic_regression,C,90/10,2,clean,test,80/20,test,1.000000,True,6790,190,12.081094,105,21,84,0.838095,0.827381,0.566667,0.809524,0.666667,0.579751,71,13,4,17,0.896259,0.756877,0.756877
logreg_balanced_ratio_preserved_noise_mcc_selected_v1,logistic_regression_class_weight_balanced,logistic_regression,C,90/10,2,clean,test,90/10,test,1.000000,True,6790,190,12.258746,210,21,189,0.876190,0.846561,0.435897,0.809524,0.566667,0.534712,167,22,4,17,0.887629,0.572799,0.572799
logreg_balanced_ratio_preserved_noise_mcc_selected_v1,logistic_regression_class_weight_balanced,logistic_regression,C,90/10,2,random_flip_10,validation_grid,90/10,valid,0.100000,True,6790,190,10.967475,190,19,171,0.778947,0.783626,0.283019,0.789474,0.416667,0.379448,133,38,4,15,0.831025,0.403587,0.403587
logreg_balanced_ratio_preserved_noise_mcc_selected_v1,logistic_regression_class_weight_balanced,logistic_regression,C,90/10,2,random_flip_10,validation_grid,90/10,valid,1.000000,False,6790,190,11.358536,190,19,171,0.815789,0.687135,0.277778,0.526316,0.363636,0.286515,145,26,9,10,0.776547,0.263424,0.263424
logreg_balanced_ratio_preserved_noise_mcc_selected_v1,logistic_regression_class_weight_balanced,logistic_regression,C,90/10,2,random_flip_10,validation_grid,90/10,valid,10.000000,False,6790,190,12.170975,190,19,171,0.836842,0.558480,0.200000,0.210526,0.205128,0.114332,155,16,15,4,0.663589,0.162523,0.162523
logreg_balanced_ratio_preserved_noise_mcc_selected_v1,logistic_regression_class_weight_balanced,logistic_regression,C,90/10,2,random_flip_10,test,50/50,test,0.100000,True,6790,190,12.268230,42,21,21,0.761905,0.761905,0.789474,0.714286,0.750000,0.526201,17,4,6,15,0.802721,0.804831,0.804831
logreg_balanced_ratio_preserved_noise_mcc_selected_v1,logistic_regression_class_weight_balanced,logistic_regression,C,90/10,2,random_flip_10,test,60/40,test,0.100000,True,6790,190,12.348093,53,21,32,0.811321,0.794643,0.789474,0.714286,0.750000,0.601027,28,4,6,15,0.846726,0.852229,0.852229
logreg_balanced_ratio_preserved_noise_mcc_selected_v1,logistic_regression_class_weight_balanced,logistic_regression,C,90/10,2,random_flip_10,test,70/30,test,0.100000,True,6790,190,12.465579,70,21,49,0.771429,0.755102,0.600000,0.714286,0.652174,0.487950,39,10,6,15,0.824101,0.629037,0.629037
logreg_balanced_ratio_preserved_noise_mcc_selected_v1,logistic_regression_class_weight_balanced,logistic_regression,C,90/10,2,random_flip_10,test,75/25,test,0.100000,True,6790,190,12.571048,84,21,63,0.702381,0.706349,0.441176,0.714286,0.545455,0.364073,44,19,6,15,0.786848,0.576899,0.576899
logreg_balanced_ratio_preserved_noise_mcc_selected_v1,logistic_regression_class_weight_balanced,logistic_regression,C,90/10,2,random_flip_10,test,80/20,test,0.100000,True,6790,190,12.671578,105,21,84,0.742857,0.732143,0.416667,0.714286,0.526316,0.391254,63,21,6,15,0.821995,0.552049,0.552049
logreg_balanced_ratio_preserved_noise_mcc_selected_v1,logistic_regression_class_weight_balanced,logistic_regression,C,90/10,2,random_flip_10,test,90/10,test,0.100000,True,6790,190,12.842666,210,21,189,0.752381,0.735450,0.245902,0.714286,0.365854,0.311179,143,46,6,15,0.822625,0.355101,0.355101
logreg_balanced_ratio_preserved_noise_mcc_selected_v1,logistic_regression_class_weight_balanced,logistic_regression,C,90/10,2,random_flip_20,validation_grid,90/10,valid,0.100000,True,6790,190,10.792940,190,19,171,0.757895,0.491228,0.090909,0.157895,0.115385,-0.013893,141,30,16,3,0.438289,0.093049,0.093049
logreg_balanced_ratio_preserved_noise_mcc_selected_v1,logistic_regression_class_weight_balanced,logistic_regression,C,90/10,2,random_flip_20,validation_grid,90/10,valid,1.000000,False,6790,190,11.170909,190,19,171,0.805263,0.470760,0.050000,0.052632,0.051282,-0.057166,152,19,18,1,0.483226,0.107467,0.107467
logreg_balanced_ratio_preserved_noise_mcc_selected_v1,logistic_regression_class_weight_balanced,logistic_regression,C,90/10,2,random_flip_20,validation_grid,90/10,valid,10.000000,False,6790,190,12.079737,190,19,171,0.815789,0.476608,0.055556,0.052632,0.054054,-0.047926,154,17,18,1,0.445676,0.103671,0.103671
logreg_balanced_ratio_preserved_noise_mcc_selected_v1,logistic_regression_class_weight_balanced,logistic_regression,C,90/10,2,random_flip_20,test,50/50,test,0.100000,True,6790,190,12.172841,42,21,21,0.476190,0.476190,0.428571,0.142857,0.214286,-0.063888,17,4,18,3,0.276644,0.395938,0.395938
logreg_balanced_ratio_preserved_noise_mcc_selected_v1,logistic_regression_class_weight_balanced,logistic_regression,C,90/10,2,random_flip_20,test,60/40,test,0.100000,True,6790,190,12.252907,53,21,32,0.490566,0.430804,0.250000,0.142857,0.181818,-0.161739,23,9,18,3,0.285714,0.306918,0.306918
logreg_balanced_ratio_preserved_noise_mcc_selected_v1,logistic_regression_class_weight_balanced,logistic_regression,C,90/10,2,random_flip_20,test,70/30,test,0.100000,True,6790,190,12.369036,70,21,49,0.500000,0.397959,0.150000,0.142857,0.146341,-0.207020,32,17,18,3,0.228377,0.204907,0.204907
logreg_balanced_ratio_preserved_noise_mcc_selected_v1,logistic_regression_class_weight_balanced,logistic_regression,C,90/10,2,random_flip_20,test,75/25,test,0.100000,True,6790,190,12.473546,84,21,63,0.630952,0.468254,0.187500,0.142857,0.162162,-0.070014,50,13,18,3,0.294029,0.185484,0.185484
logreg_balanced_ratio_preserved_noise_mcc_selected_v1,logistic_regression_class_weight_balanced,logistic_regression,C,90/10,2,random_flip_20,test,80/20,test,0.100000,True,6790,190,12.575087,105,21,84,0.580952,0.416667,0.103448,0.142857,0.120000,-0.149105,58,26,18,3,0.278345,0.140167,0.140167
logreg_balanced_ratio_preserved_noise_mcc_selected_v1,logistic_regression_class_weight_balanced,logistic_regression,C,90/10,2,random_flip_20,test,90/10,test,0.100000,True,6790,190,12.751409,210,21,189,0.704762,0.455026,0.063830,0.142857,0.088235,-0.064742,145,44,18,3,0.275888,0.069240,0.069240
logreg_balanced_ratio_preserved_noise_mcc_selected_v1,logistic_regression_class_weight_balanced,logistic_regression,C,90/10,2,random_fp_10,validation_grid,90/10,valid,0.100000,True,13580,190,18.598056,190,19,171,0.742105,0.786550,0.258065,0.842105,0.395062,0.366694,125,46,3,16,0.847953,0.523478,0.523478
logreg_balanced_ratio_preserved_noise_mcc_selected_v1,logistic_regression_class_weight_balanced,logistic_regression,C,90/10,2,random_fp_10,validation_grid,90/10,valid,1.000000,False,13580,190,19.495865,190,19,171,0.768421,0.730994,0.254902,0.684211,0.371429,0.312762,133,38,6,13,0.799323,0.418361,0.418361
logreg_balanced_ratio_preserved_noise_mcc_selected_v1,logistic_regression_class_weight_balanced,logistic_regression,C,90/10,2,random_fp_10,validation_grid,90/10,valid,10.000000,False,13580,190,21.485827,190,19,171,0.815789,0.710526,0.289474,0.578947,0.385965,0.315789,144,27,8,11,0.752231,0.333689,0.333689
logreg_balanced_ratio_preserved_noise_mcc_selected_v1,logistic_regression_class_weight_balanced,logistic_regression,C,90/10,2,random_fp_10,test,50/50,test,0.100000,True,13580,190,21.575160,42,21,21,0.833333,0.833333,0.850000,0.809524,0.829268,0.667424,18,3,4,17,0.870748,0.894581,0.894581
logreg_balanced_ratio_preserved_noise_mcc_selected_v1,logistic_regression_class_weight_balanced,logistic_regression,C,90/10,2,random_fp_10,test,60/40,test,0.100000,True,13580,190,21.655197,53,21,32,0.792453,0.795387,0.708333,0.809524,0.755556,0.580499,25,7,4,17,0.894345,0.888148,0.888148
logreg_balanced_ratio_preserved_noise_mcc_selected_v1,logistic_regression_class_weight_balanced,logistic_regression,C,90/10,2,random_fp_10,test,70/30,test,0.100000,True,13580,190,21.776605,70,21,49,0.757143,0.772109,0.566667,0.809524,0.666667,0.503953,36,13,4,17,0.829932,0.602434,0.602434
logreg_balanced_ratio_preserved_noise_mcc_selected_v1,logistic_regression_class_weight_balanced,logistic_regression,C,90/10,2,random_fp_10,test,75/25,test,0.100000,True,13580,190,21.878226,84,21,63,0.678571,0.722222,0.425000,0.809524,0.557377,0.385337,40,23,4,17,0.807256,0.615029,0.615029
logreg_balanced_ratio_preserved_noise_mcc_selected_v1,logistic_regression_class_weight_balanced,logistic_regression,C,90/10,2,random_fp_10,test,80/20,test,0.100000,True,13580,190,21.983300,105,21,84,0.800000,0.803571,0.500000,0.809524,0.618182,0.519005,67,17,4,17,0.867914,0.691459,0.691459
logreg_balanced_ratio_preserved_noise_mcc_selected_v1,logistic_regression_class_weight_balanced,logistic_regression,C,90/10,2,random_fp_10,test,90/10,test,0.100000,True,13580,190,22.183554,210,21,189,0.752381,0.777778,0.261538,0.809524,0.395349,0.360518,141,48,4,17,0.861930,0.525655,0.525655
logreg_balanced_ratio_preserved_noise_mcc_selected_v1,logistic_regression_class_weight_balanced,logistic_regression,C,90/10,2,random_fp_20,validation_grid,90/10,valid,0.100000,False,20370,190,25.867139,190,19,171,0.663158,0.742690,0.207792,0.842105,0.333333,0.296601,110,61,3,16,0.836257,0.518271,0.518271
logreg_balanced_ratio_preserved_noise_mcc_selected_v1,logistic_regression_class_weight_balanced,logistic_regression,C,90/10,2,random_fp_20,validation_grid,90/10,valid,1.000000,True,20370,190,27.546449,190,19,171,0.773684,0.757310,0.269231,0.736842,0.394366,0.346274,133,38,5,14,0.772853,0.454677,0.454677
logreg_balanced_ratio_preserved_noise_mcc_selected_v1,logistic_regression_class_weight_balanced,logistic_regression,C,90/10,2,random_fp_20,validation_grid,90/10,valid,10.000000,False,20370,190,31.328201,190,19,171,0.789474,0.695906,0.255814,0.578947,0.354839,0.280906,139,32,8,11,0.722684,0.330883,0.330883
logreg_balanced_ratio_preserved_noise_mcc_selected_v1,logistic_regression_class_weight_balanced,logistic_regression,C,90/10,2,random_fp_20,test,50/50,test,1.000000,True,20370,190,31.422748,42,21,21,0.714286,0.714286,0.764706,0.619048,0.684211,0.436564,17,4,8,13,0.818594,0.849246,0.849246
logreg_balanced_ratio_preserved_noise_mcc_selected_v1,logistic_regression_class_weight_balanced,logistic_regression,C,90/10,2,random_fp_20,test,60/40,test,1.000000,True,20370,190,31.505069,53,21,32,0.716981,0.700149,0.650000,0.619048,0.634146,0.403920,25,7,8,13,0.790179,0.794763,0.794763
logreg_balanced_ratio_preserved_noise_mcc_selected_v1,logistic_regression_class_weight_balanced,logistic_regression,C,90/10,2,random_fp_20,test,70/30,test,1.000000,True,20370,190,31.626350,70,21,49,0.657143,0.646259,0.448276,0.619048,0.520000,0.272125,33,16,8,13,0.750243,0.604788,0.604788
logreg_balanced_ratio_preserved_noise_mcc_selected_v1,logistic_regression_class_weight_balanced,logistic_regression,C,90/10,2,random_fp_20,test,75/25,test,1.000000,True,20370,190,31.729026,84,21,63,0.702381,0.674603,0.433333,0.619048,0.509804,0.315576,46,17,8,13,0.780801,0.624412,0.624412
logreg_balanced_ratio_preserved_noise_mcc_selected_v1,logistic_regression_class_weight_balanced,logistic_regression,C,90/10,2,random_fp_20,test,80/20,test,1.000000,True,20370,190,31.831516,105,21,84,0.733333,0.690476,0.393939,0.619048,0.481481,0.328244,64,20,8,13,0.793084,0.570912,0.570912
logreg_balanced_ratio_preserved_noise_mcc_selected_v1,logistic_regression_class_weight_balanced,logistic_regression,C,90/10,2,random_fp_20,test,90/10,test,1.000000,True,20370,190,32.015679,210,21,189,0.747619,0.690476,0.224138,0.619048,0.329114,0.255609,144,45,8,13,0.773747,0.374086,0.374086
logreg_balanced_ratio_preserved_noise_mcc_selected_v1,logistic_regression_class_weight_balanced,logistic_regression,C,90/10,2,heuristic_fp_10,validation_grid,90/10,valid,0.100000,False,13580,190,18.162510,190,19,171,0.805263,0.798246,0.312500,0.789474,0.447761,0.411826,138,33,4,15,0.869191,0.563678,0.563678
logreg_balanced_ratio_preserved_noise_mcc_selected_v1,logistic_regression_class_weight_balanced,logistic_regression,C,90/10,2,heuristic_fp_10,validation_grid,90/10,valid,1.000000,False,13580,190,19.109887,190,19,171,0.836842,0.839181,0.363636,0.842105,0.507937,0.482430,143,28,3,16,0.881810,0.565459,0.565459
logreg_balanced_ratio_preserved_noise_mcc_selected_v1,logistic_regression_class_weight_balanced,logistic_regression,C,90/10,2,heuristic_fp_10,validation_grid,90/10,valid,10.000000,True,13580,190,20.769161,190,19,171,0.894737,0.801170,0.481481,0.684211,0.565217,0.517536,157,14,6,13,0.885195,0.570658,0.570658
logreg_balanced_ratio_preserved_noise_mcc_selected_v1,logistic_regression_class_weight_balanced,logistic_regression,C,90/10,2,heuristic_fp_10,test,50/50,test,10.000000,True,13580,190,20.855696,42,21,21,0.785714,0.785714,0.833333,0.714286,0.769231,0.577350,18,3,6,15,0.873016,0.887152,0.887152
logreg_balanced_ratio_preserved_noise_mcc_selected_v1,logistic_regression_class_weight_balanced,logistic_regression,C,90/10,2,heuristic_fp_10,test,60/40,test,10.000000,True,13580,190,20.932360,53,21,32,0.830189,0.810268,0.833333,0.714286,0.769231,0.640887,29,3,6,15,0.861607,0.784026,0.784026
logreg_balanced_ratio_preserved_noise_mcc_selected_v1,logistic_regression_class_weight_balanced,logistic_regression,C,90/10,2,heuristic_fp_10,test,70/30,test,10.000000,True,13580,190,21.045197,70,21,49,0.800000,0.775510,0.652174,0.714286,0.681818,0.537604,41,8,6,15,0.848397,0.635796,0.635796
logreg_balanced_ratio_preserved_noise_mcc_selected_v1,logistic_regression_class_weight_balanced,logistic_regression,C,90/10,2,heuristic_fp_10,test,75/25,test,10.000000,True,13580,190,21.147790,84,21,63,0.833333,0.793651,0.652174,0.714286,0.681818,0.570312,55,8,6,15,0.844293,0.635042,0.635042
logreg_balanced_ratio_preserved_noise_mcc_selected_v1,logistic_regression_class_weight_balanced,logistic_regression,C,90/10,2,heuristic_fp_10,test,80/20,test,10.000000,True,13580,190,21.252111,105,21,84,0.866667,0.809524,0.652174,0.714286,0.681818,0.598691,76,8,6,15,0.901927,0.795256,0.795256
logreg_balanced_ratio_preserved_noise_mcc_selected_v1,logistic_regression_class_weight_balanced,logistic_regression,C,90/10,2,heuristic_fp_10,test,90/10,test,10.000000,True,13580,190,21.418169,210,21,189,0.861905,0.796296,0.394737,0.714286,0.508475,0.461786,166,23,6,15,0.875535,0.488840,0.488840
logreg_balanced_ratio_preserved_noise_mcc_selected_v1,logistic_regression_class_weight_balanced,logistic_regression,C,90/10,2,heuristic_fp_20,validation_grid,90/10,valid,0.100000,False,20370,190,25.419184,190,19,171,0.757895,0.771930,0.263158,0.789474,0.394737,0.356040,129,42,4,15,0.866420,0.545918,0.545918
logreg_balanced_ratio_preserved_noise_mcc_selected_v1,logistic_regression_class_weight_balanced,logistic_regression,C,90/10,2,heuristic_fp_20,validation_grid,90/10,valid,1.000000,False,20370,190,27.022801,190,19,171,0.821053,0.807018,0.333333,0.789474,0.468750,0.433289,141,30,4,15,0.867344,0.548952,0.548952
logreg_balanced_ratio_preserved_noise_mcc_selected_v1,logistic_regression_class_weight_balanced,logistic_regression,C,90/10,2,heuristic_fp_20,validation_grid,90/10,valid,10.000000,True,20370,190,30.061646,190,19,171,0.847368,0.798246,0.368421,0.736842,0.491228,0.447368,147,24,5,14,0.855032,0.564384,0.564384
logreg_balanced_ratio_preserved_noise_mcc_selected_v1,logistic_regression_class_weight_balanced,logistic_regression,C,90/10,2,heuristic_fp_20,test,50/50,test,10.000000,True,20370,190,30.162982,42,21,21,0.761905,0.761905,0.823529,0.666667,0.736842,0.533578,18,3,7,14,0.852608,0.813327,0.813327
logreg_balanced_ratio_preserved_noise_mcc_selected_v1,logistic_regression_class_weight_balanced,logistic_regression,C,90/10,2,heuristic_fp_20,test,60/40,test,10.000000,True,20370,190,30.247168,53,21,32,0.754717,0.739583,0.700000,0.666667,0.682927,0.483503,26,6,7,14,0.840774,0.751775,0.751775
logreg_balanced_ratio_preserved_noise_mcc_selected_v1,logistic_regression_class_weight_balanced,logistic_regression,C,90/10,2,heuristic_fp_20,test,70/30,test,10.000000,True,20370,190,30.362596,70,21,49,0.785714,0.751701,0.636364,0.666667,0.651163,0.496924,41,8,7,14,0.830904,0.615742,0.615742
logreg_balanced_ratio_preserved_noise_mcc_selected_v1,logistic_regression_class_weight_balanced,logistic_regression,C,90/10,2,heuristic_fp_20,test,75/25,test,10.000000,True,20370,190,30.465513,84,21,63,0.773810,0.738095,0.538462,0.666667,0.595745,0.446026,51,12,7,14,0.846561,0.680954,0.680954
logreg_balanced_ratio_preserved_noise_mcc_selected_v1,logistic_regression_class_weight_balanced,logistic_regression,C,90/10,2,heuristic_fp_20,test,80/20,test,10.000000,True,20370,190,30.574861,105,21,84,0.838095,0.773810,0.583333,0.666667,0.622222,0.521651,74,10,7,14,0.905329,0.748907,0.748907
logreg_balanced_ratio_preserved_noise_mcc_selected_v1,logistic_regression_class_weight_balanced,logistic_regression,C,90/10,2,heuristic_fp_20,test,90/10,test,10.000000,True,20370,190,30.766278,210,21,189,0.800000,0.740741,0.285714,0.666667,0.400000,0.341515,154,35,7,14,0.852356,0.327721,0.327721
logreg_balanced_ratio_preserved_noise_mcc_selected_v1,logistic_regression_class_weight_balanced,logistic_regression,C,90/10,3,clean,validation_grid,90/10,valid,0.100000,False,6790,190,10.166413,190,19,171,0.836842,0.815789,0.357143,0.789474,0.491803,0.456612,144,27,4,15,0.868575,0.552890,0.552890
logreg_balanced_ratio_preserved_noise_mcc_selected_v1,logistic_regression_class_weight_balanced,logistic_regression,C,90/10,3,clean,validation_grid,90/10,valid,1.000000,False,6790,190,10.564200,190,19,171,0.878947,0.839181,0.441176,0.789474,0.566038,0.530927,152,19,4,15,0.858726,0.585774,0.585774
logreg_balanced_ratio_preserved_noise_mcc_selected_v1,logistic_regression_class_weight_balanced,logistic_regression,C,90/10,3,clean,validation_grid,90/10,valid,10.000000,True,6790,190,11.225500,190,19,171,0.921053,0.839181,0.583333,0.736842,0.651163,0.612600,161,10,5,14,0.854109,0.554932,0.554932
logreg_balanced_ratio_preserved_noise_mcc_selected_v1,logistic_regression_class_weight_balanced,logistic_regression,C,90/10,3,clean,test,50/50,test,10.000000,True,6790,190,11.290938,42,21,21,0.761905,0.761905,0.923077,0.571429,0.705882,0.566529,20,1,9,12,0.868481,0.877827,0.877827
logreg_balanced_ratio_preserved_noise_mcc_selected_v1,logistic_regression_class_weight_balanced,logistic_regression,C,90/10,3,clean,test,60/40,test,10.000000,True,6790,190,11.378590,53,21,32,0.811321,0.770089,0.923077,0.571429,0.705882,0.614073,31,1,9,12,0.866071,0.804239,0.804239
logreg_balanced_ratio_preserved_noise_mcc_selected_v1,logistic_regression_class_weight_balanced,logistic_regression,C,90/10,3,clean,test,70/30,test,10.000000,True,6790,190,11.476597,70,21,49,0.842857,0.765306,0.857143,0.571429,0.685714,0.607893,47,2,9,12,0.861030,0.799076,0.799076
logreg_balanced_ratio_preserved_noise_mcc_selected_v1,logistic_regression_class_weight_balanced,logistic_regression,C,90/10,3,clean,test,75/25,test,10.000000,True,6790,190,11.583418,84,21,63,0.809524,0.730159,0.631579,0.571429,0.600000,0.476435,56,7,9,12,0.853364,0.630824,0.630824
logreg_balanced_ratio_preserved_noise_mcc_selected_v1,logistic_regression_class_weight_balanced,logistic_regression,C,90/10,3,clean,test,80/20,test,10.000000,True,6790,190,11.701168,105,21,84,0.828571,0.732143,0.571429,0.571429,0.571429,0.464286,75,9,9,12,0.848073,0.589113,0.589113
logreg_balanced_ratio_preserved_noise_mcc_selected_v1,logistic_regression_class_weight_balanced,logistic_regression,C,90/10,3,clean,test,90/10,test,10.000000,True,6790,190,11.889557,210,21,189,0.909524,0.759259,0.545455,0.571429,0.558140,0.507943,179,10,9,12,0.878307,0.585706,0.585706
logreg_balanced_ratio_preserved_noise_mcc_selected_v1,logistic_regression_class_weight_balanced,logistic_regression,C,90/10,3,random_flip_10,validation_grid,90/10,valid,0.100000,True,6790,190,10.791546,190,19,171,0.815789,0.804094,0.326087,0.789474,0.461538,0.425943,140,31,4,15,0.864574,0.532209,0.532209
logreg_balanced_ratio_preserved_noise_mcc_selected_v1,logistic_regression_class_weight_balanced,logistic_regression,C,90/10,3,random_flip_10,validation_grid,90/10,valid,1.000000,False,6790,190,11.178208,190,19,171,0.857895,0.757310,0.375000,0.631579,0.470588,0.412532,151,20,7,12,0.828870,0.531391,0.531391
logreg_balanced_ratio_preserved_noise_mcc_selected_v1,logistic_regression_class_weight_balanced,logistic_regression,C,90/10,3,random_flip_10,validation_grid,90/10,valid,10.000000,False,6790,190,11.984604,190,19,171,0.847368,0.657895,0.307692,0.421053,0.355556,0.275654,153,18,11,8,0.736227,0.407888,0.407888
logreg_balanced_ratio_preserved_noise_mcc_selected_v1,logistic_regression_class_weight_balanced,logistic_regression,C,90/10,3,random_flip_10,test,50/50,test,0.100000,True,6790,190,12.057811,42,21,21,0.714286,0.714286,0.736842,0.666667,0.700000,0.430528,16,5,7,14,0.777778,0.790978,0.790978
logreg_balanced_ratio_preserved_noise_mcc_selected_v1,logistic_regression_class_weight_balanced,logistic_regression,C,90/10,3,random_flip_10,test,60/40,test,0.100000,True,6790,190,12.153201,53,21,32,0.773585,0.755208,0.736842,0.666667,0.700000,0.520587,27,5,7,14,0.779762,0.691811,0.691811
logreg_balanced_ratio_preserved_noise_mcc_selected_v1,logistic_regression_class_weight_balanced,logistic_regression,C,90/10,3,random_flip_10,test,70/30,test,0.100000,True,6790,190,12.244464,70,21,49,0.700000,0.690476,0.500000,0.666667,0.571429,0.356348,35,14,7,14,0.806608,0.713059,0.713059
logreg_balanced_ratio_preserved_noise_mcc_selected_v1,logistic_regression_class_weight_balanced,logistic_regression,C,90/10,3,random_flip_10,test,75/25,test,0.100000,True,6790,190,12.341149,84,21,63,0.726190,0.706349,0.466667,0.666667,0.549020,0.372954,47,16,7,14,0.809524,0.547681,0.547681
logreg_balanced_ratio_preserved_noise_mcc_selected_v1,logistic_regression_class_weight_balanced,logistic_regression,C,90/10,3,random_flip_10,test,80/20,test,0.100000,True,6790,190,12.445864,105,21,84,0.733333,0.708333,0.400000,0.666667,0.500000,0.353553,63,21,7,14,0.810658,0.497447,0.497447
logreg_balanced_ratio_preserved_noise_mcc_selected_v1,logistic_regression_class_weight_balanced,logistic_regression,C,90/10,3,random_flip_10,test,90/10,test,0.100000,True,6790,190,12.618107,210,21,189,0.757143,0.716931,0.241379,0.666667,0.354430,0.291110,145,44,7,14,0.823633,0.424711,0.424711
logreg_balanced_ratio_preserved_noise_mcc_selected_v1,logistic_regression_class_weight_balanced,logistic_regression,C,90/10,3,random_flip_20,validation_grid,90/10,valid,0.100000,False,6790,190,10.422059,190,19,171,0.631579,0.374269,0.018868,0.052632,0.027778,-0.168209,119,52,18,1,0.268698,0.068783,0.068783
logreg_balanced_ratio_preserved_noise_mcc_selected_v1,logistic_regression_class_weight_balanced,logistic_regression,C,90/10,3,random_flip_20,validation_grid,90/10,valid,1.000000,False,6790,190,10.938737,190,19,171,0.726316,0.426901,0.028571,0.052632,0.037037,-0.113141,137,34,18,1,0.423515,0.110065,0.110065
logreg_balanced_ratio_preserved_noise_mcc_selected_v1,logistic_regression_class_weight_balanced,logistic_regression,C,90/10,3,random_flip_20,validation_grid,90/10,valid,10.000000,True,6790,190,11.851417,190,19,171,0.789474,0.485380,0.080000,0.105263,0.090909,-0.025950,148,23,17,2,0.508156,0.128219,0.128219
logreg_balanced_ratio_preserved_noise_mcc_selected_v1,logistic_regression_class_weight_balanced,logistic_regression,C,90/10,3,random_flip_20,test,50/50,test,10.000000,True,6790,190,11.924036,42,21,21,0.428571,0.428571,0.000000,0.000000,0.000000,-0.277350,18,3,21,0,0.385488,0.430781,0.430781
logreg_balanced_ratio_preserved_noise_mcc_selected_v1,logistic_regression_class_weight_balanced,logistic_regression,C,90/10,3,random_flip_20,test,60/40,test,10.000000,True,6790,190,12.013706,53,21,32,0.490566,0.406250,0.000000,0.000000,0.000000,-0.289442,26,6,21,0,0.520833,0.393845,0.393845
logreg_balanced_ratio_preserved_noise_mcc_selected_v1,logistic_regression_class_weight_balanced,logistic_regression,C,90/10,3,random_flip_20,test,70/30,test,10.000000,True,6790,190,12.120480,70,21,49,0.642857,0.459184,0.000000,0.000000,0.000000,-0.161165,45,4,21,0,0.456754,0.275846,0.275846
logreg_balanced_ratio_preserved_noise_mcc_selected_v1,logistic_regression_class_weight_balanced,logistic_regression,C,90/10,3,random_flip_20,test,75/25,test,10.000000,True,6790,190,12.227477,84,21,63,0.583333,0.388889,0.000000,0.000000,0.000000,-0.258199,49,14,21,0,0.380952,0.201075,0.201075
logreg_balanced_ratio_preserved_noise_mcc_selected_v1,logistic_regression_class_weight_balanced,logistic_regression,C,90/10,3,random_flip_20,test,80/20,test,10.000000,True,6790,190,12.347139,105,21,84,0.666667,0.416667,0.000000,0.000000,0.000000,-0.196116,70,14,21,0,0.402494,0.164308,0.164308
logreg_balanced_ratio_preserved_noise_mcc_selected_v1,logistic_regression_class_weight_balanced,logistic_regression,C,90/10,3,random_flip_20,test,90/10,test,10.000000,True,6790,190,12.534119,210,21,189,0.761905,0.423280,0.000000,0.000000,0.000000,-0.133425,160,29,21,0,0.376165,0.077743,0.077743
logreg_balanced_ratio_preserved_noise_mcc_selected_v1,logistic_regression_class_weight_balanced,logistic_regression,C,90/10,3,random_fp_10,validation_grid,90/10,valid,0.100000,False,13580,190,19.045998,190,19,171,0.757895,0.771930,0.263158,0.789474,0.394737,0.356040,129,42,4,15,0.876270,0.516215,0.516215
logreg_balanced_ratio_preserved_noise_mcc_selected_v1,logistic_regression_class_weight_balanced,logistic_regression,C,90/10,3,random_fp_10,validation_grid,90/10,valid,1.000000,False,13580,190,19.985180,190,19,171,0.773684,0.757310,0.269231,0.736842,0.394366,0.346274,133,38,5,14,0.852570,0.506642,0.506642
logreg_balanced_ratio_preserved_noise_mcc_selected_v1,logistic_regression_class_weight_balanced,logistic_regression,C,90/10,3,random_fp_10,validation_grid,90/10,valid,10.000000,True,13580,190,21.878548,190,19,171,0.868421,0.763158,0.400000,0.631579,0.489796,0.433013,153,18,7,12,0.803016,0.466617,0.466617
logreg_balanced_ratio_preserved_noise_mcc_selected_v1,logistic_regression_class_weight_balanced,logistic_regression,C,90/10,3,random_fp_10,test,50/50,test,10.000000,True,13580,190,21.961581,42,21,21,0.714286,0.714286,0.846154,0.523810,0.647059,0.463524,19,2,10,11,0.820862,0.852301,0.852301
logreg_balanced_ratio_preserved_noise_mcc_selected_v1,logistic_regression_class_weight_balanced,logistic_regression,C,90/10,3,random_fp_10,test,60/40,test,10.000000,True,13580,190,22.049360,53,21,32,0.716981,0.683780,0.687500,0.523810,0.594595,0.391608,27,5,10,11,0.772321,0.741464,0.741464
logreg_balanced_ratio_preserved_noise_mcc_selected_v1,logistic_regression_class_weight_balanced,logistic_regression,C,90/10,3,random_fp_10,test,70/30,test,10.000000,True,13580,190,22.143545,70,21,49,0.785714,0.710884,0.687500,0.523810,0.594595,0.460283,44,5,10,11,0.788144,0.695425,0.695425
logreg_balanced_ratio_preserved_noise_mcc_selected_v1,logistic_regression_class_weight_balanced,logistic_regression,C,90/10,3,random_fp_10,test,75/25,test,10.000000,True,13580,190,22.239749,84,21,63,0.750000,0.674603,0.500000,0.523810,0.511628,0.343918,52,11,10,11,0.798186,0.658675,0.658675
logreg_balanced_ratio_preserved_noise_mcc_selected_v1,logistic_regression_class_weight_balanced,logistic_regression,C,90/10,3,random_fp_10,test,80/20,test,10.000000,True,13580,190,22.347988,105,21,84,0.809524,0.702381,0.523810,0.523810,0.523810,0.404762,74,10,10,11,0.798186,0.601967,0.601967
logreg_balanced_ratio_preserved_noise_mcc_selected_v1,logistic_regression_class_weight_balanced,logistic_regression,C,90/10,3,random_fp_10,test,90/10,test,10.000000,True,13580,190,22.539922,210,21,189,0.852381,0.706349,0.343750,0.523810,0.415094,0.344499,168,21,10,11,0.804989,0.567979,0.567979
logreg_balanced_ratio_preserved_noise_mcc_selected_v1,logistic_regression_class_weight_balanced,logistic_regression,C,90/10,3,random_fp_20,validation_grid,90/10,valid,0.100000,True,20370,190,25.015550,190,19,171,0.731579,0.804094,0.257576,0.894737,0.400000,0.383203,122,49,2,17,0.856571,0.477787,0.477787
logreg_balanced_ratio_preserved_noise_mcc_selected_v1,logistic_regression_class_weight_balanced,logistic_regression,C,90/10,3,random_fp_20,validation_grid,90/10,valid,1.000000,False,20370,190,26.647902,190,19,171,0.747368,0.695906,0.226415,0.631579,0.333333,0.262093,130,41,7,12,0.793167,0.438003,0.438003
logreg_balanced_ratio_preserved_noise_mcc_selected_v1,logistic_regression_class_weight_balanced,logistic_regression,C,90/10,3,random_fp_20,validation_grid,90/10,valid,10.000000,False,20370,190,30.170252,190,19,171,0.794737,0.675439,0.250000,0.526316,0.338983,0.258199,141,30,9,10,0.741767,0.327987,0.327987
logreg_balanced_ratio_preserved_noise_mcc_selected_v1,logistic_regression_class_weight_balanced,logistic_regression,C,90/10,3,random_fp_20,test,50/50,test,0.100000,True,20370,190,30.249759,42,21,21,0.785714,0.785714,0.750000,0.857143,0.800000,0.577350,15,6,3,18,0.852608,0.864872,0.864872
logreg_balanced_ratio_preserved_noise_mcc_selected_v1,logistic_regression_class_weight_balanced,logistic_regression,C,90/10,3,random_fp_20,test,60/40,test,0.100000,True,20370,190,30.358507,53,21,32,0.792453,0.803571,0.692308,0.857143,0.765957,0.594028,24,8,3,18,0.828869,0.799021,0.799021
logreg_balanced_ratio_preserved_noise_mcc_selected_v1,logistic_regression_class_weight_balanced,logistic_regression,C,90/10,3,random_fp_20,test,70/30,test,0.100000,True,20370,190,30.459383,70,21,49,0.757143,0.785714,0.562500,0.857143,0.679245,0.525657,35,14,3,18,0.868805,0.826364,0.826364
logreg_balanced_ratio_preserved_noise_mcc_selected_v1,logistic_regression_class_weight_balanced,logistic_regression,C,90/10,3,random_fp_20,test,75/25,test,0.100000,True,20370,190,30.568653,84,21,63,0.773810,0.801587,0.529412,0.857143,0.654545,0.532106,47,16,3,18,0.830688,0.579013,0.579013
logreg_balanced_ratio_preserved_noise_mcc_selected_v1,logistic_regression_class_weight_balanced,logistic_regression,C,90/10,3,random_fp_20,test,80/20,test,0.100000,True,20370,190,30.700347,105,21,84,0.704762,0.761905,0.391304,0.857143,0.537313,0.422297,56,28,3,18,0.834467,0.642179,0.642179
logreg_balanced_ratio_preserved_noise_mcc_selected_v1,logistic_regression_class_weight_balanced,logistic_regression,C,90/10,3,random_fp_20,test,90/10,test,0.100000,True,20370,190,30.918656,210,21,189,0.747619,0.796296,0.264706,0.857143,0.404494,0.379925,139,50,3,18,0.856891,0.473437,0.473437
logreg_balanced_ratio_preserved_noise_mcc_selected_v1,logistic_regression_class_weight_balanced,logistic_regression,C,90/10,3,heuristic_fp_10,validation_grid,90/10,valid,0.100000,False,13580,190,17.786034,190,19,171,0.784211,0.786550,0.288462,0.789474,0.422535,0.385624,134,37,4,15,0.885503,0.578628,0.578628
logreg_balanced_ratio_preserved_noise_mcc_selected_v1,logistic_regression_class_weight_balanced,logistic_regression,C,90/10,3,heuristic_fp_10,validation_grid,90/10,valid,1.000000,False,13580,190,18.686047,190,19,171,0.831579,0.812865,0.348837,0.789474,0.483871,0.448611,143,28,4,15,0.890736,0.619262,0.619262
logreg_balanced_ratio_preserved_noise_mcc_selected_v1,logistic_regression_class_weight_balanced,logistic_regression,C,90/10,3,heuristic_fp_10,validation_grid,90/10,valid,10.000000,True,13580,190,20.486782,190,19,171,0.884211,0.795322,0.448276,0.684211,0.541667,0.492706,155,16,6,13,0.891967,0.589745,0.589745
logreg_balanced_ratio_preserved_noise_mcc_selected_v1,logistic_regression_class_weight_balanced,logistic_regression,C,90/10,3,heuristic_fp_10,test,50/50,test,10.000000,True,13580,190,20.553147,42,21,21,0.833333,0.833333,0.888889,0.761905,0.820513,0.673575,19,2,5,16,0.936508,0.934484,0.934484
logreg_balanced_ratio_preserved_noise_mcc_selected_v1,logistic_regression_class_weight_balanced,logistic_regression,C,90/10,3,heuristic_fp_10,test,60/40,test,10.000000,True,13580,190,20.642559,53,21,32,0.811321,0.802827,0.761905,0.761905,0.761905,0.605655,27,5,5,16,0.891369,0.843980,0.843980
logreg_balanced_ratio_preserved_noise_mcc_selected_v1,logistic_regression_class_weight_balanced,logistic_regression,C,90/10,3,heuristic_fp_10,test,70/30,test,10.000000,True,13580,190,20.743771,70,21,49,0.814286,0.799320,0.666667,0.761905,0.711111,0.577948,41,8,5,16,0.890185,0.729563,0.729563
logreg_balanced_ratio_preserved_noise_mcc_selected_v1,logistic_regression_class_weight_balanced,logistic_regression,C,90/10,3,heuristic_fp_10,test,75/25,test,10.000000,True,13580,190,20.846757,84,21,63,0.821429,0.801587,0.615385,0.761905,0.680851,0.564966,53,10,5,16,0.863946,0.594306,0.594306
logreg_balanced_ratio_preserved_noise_mcc_selected_v1,logistic_regression_class_weight_balanced,logistic_regression,C,90/10,3,heuristic_fp_10,test,80/20,test,10.000000,True,13580,190,20.951522,105,21,84,0.838095,0.809524,0.571429,0.761905,0.653061,0.559950,72,12,5,16,0.880952,0.565211,0.565211
logreg_balanced_ratio_preserved_noise_mcc_selected_v1,logistic_regression_class_weight_balanced,logistic_regression,C,90/10,3,heuristic_fp_10,test,90/10,test,10.000000,True,13580,190,21.122286,210,21,189,0.871429,0.822751,0.421053,0.761905,0.542373,0.503017,167,22,5,16,0.906022,0.529590,0.529590
logreg_balanced_ratio_preserved_noise_mcc_selected_v1,logistic_regression_class_weight_balanced,logistic_regression,C,90/10,3,heuristic_fp_20,validation_grid,90/10,valid,0.100000,False,20370,190,26.000290,190,19,171,0.763158,0.774854,0.267857,0.789474,0.400000,0.361710,130,41,4,15,0.881194,0.547649,0.547649
logreg_balanced_ratio_preserved_noise_mcc_selected_v1,logistic_regression_class_weight_balanced,logistic_regression,C,90/10,3,heuristic_fp_20,validation_grid,90/10,valid,1.000000,False,20370,190,27.605288,190,19,171,0.794737,0.769006,0.291667,0.736842,0.417910,0.371451,137,34,5,14,0.853801,0.497210,0.497210
logreg_balanced_ratio_preserved_noise_mcc_selected_v1,logistic_regression_class_weight_balanced,logistic_regression,C,90/10,3,heuristic_fp_20,validation_grid,90/10,valid,10.000000,True,20370,190,30.946574,190,19,171,0.836842,0.769006,0.342105,0.684211,0.456140,0.403509,146,25,6,13,0.797168,0.371605,0.371605
logreg_balanced_ratio_preserved_noise_mcc_selected_v1,logistic_regression_class_weight_balanced,logistic_regression,C,90/10,3,heuristic_fp_20,test,50/50,test,10.000000,True,20370,190,31.013167,42,21,21,0.809524,0.809524,0.882353,0.714286,0.789474,0.630593,19,2,6,15,0.863946,0.874827,0.874827
logreg_balanced_ratio_preserved_noise_mcc_selected_v1,logistic_regression_class_weight_balanced,logistic_regression,C,90/10,3,heuristic_fp_20,test,60/40,test,10.000000,True,20370,190,31.101453,53,21,32,0.754717,0.747768,0.681818,0.714286,0.697674,0.491889,25,7,6,15,0.806548,0.768782,0.768782
logreg_balanced_ratio_preserved_noise_mcc_selected_v1,logistic_regression_class_weight_balanced,logistic_regression,C,90/10,3,heuristic_fp_20,test,70/30,test,10.000000,True,20370,190,31.198501,70,21,49,0.757143,0.744898,0.576923,0.714286,0.638298,0.464526,38,11,6,15,0.834791,0.687571,0.687571
logreg_balanced_ratio_preserved_noise_mcc_selected_v1,logistic_regression_class_weight_balanced,logistic_regression,C,90/10,3,heuristic_fp_20,test,75/25,test,10.000000,True,20370,190,31.305975,84,21,63,0.821429,0.785714,0.625000,0.714286,0.666667,0.547723,54,9,6,15,0.832955,0.568923,0.568923
logreg_balanced_ratio_preserved_noise_mcc_selected_v1,logistic_regression_class_weight_balanced,logistic_regression,C,90/10,3,heuristic_fp_20,test,80/20,test,10.000000,True,20370,190,31.432971,105,21,84,0.819048,0.779762,0.535714,0.714286,0.612245,0.506108,71,13,6,15,0.836735,0.549135,0.549135
logreg_balanced_ratio_preserved_noise_mcc_selected_v1,logistic_regression_class_weight_balanced,logistic_regression,C,90/10,3,heuristic_fp_20,test,90/10,test,10.000000,True,20370,190,31.615948,210,21,189,0.809524,0.767196,0.306122,0.714286,0.428571,0.379044,155,34,6,15,0.845049,0.476858,0.476858
logreg_balanced_ratio_preserved_noise_mcc_selected_v1,logistic_regression_class_weight_balanced,logistic_regression,C,90/10,4,clean,validation_grid,90/10,valid,0.100000,False,6790,190,10.350810,190,19,171,0.778947,0.783626,0.283019,0.789474,0.416667,0.379448,133,38,4,15,0.847953,0.525564,0.525564
logreg_balanced_ratio_preserved_noise_mcc_selected_v1,logistic_regression_class_weight_balanced,logistic_regression,C,90/10,4,clean,validation_grid,90/10,valid,1.000000,True,6790,190,10.798311,190,19,171,0.831579,0.812865,0.348837,0.789474,0.483871,0.448611,143,28,4,15,0.847338,0.476943,0.476943
logreg_balanced_ratio_preserved_noise_mcc_selected_v1,logistic_regression_class_weight_balanced,logistic_regression,C,90/10,4,clean,validation_grid,90/10,valid,10.000000,False,6790,190,11.515836,190,19,171,0.863158,0.736842,0.379310,0.578947,0.458333,0.395141,153,18,8,11,0.842721,0.507985,0.507985
logreg_balanced_ratio_preserved_noise_mcc_selected_v1,logistic_regression_class_weight_balanced,logistic_regression,C,90/10,4,clean,test,50/50,test,1.000000,True,6790,190,11.602152,42,21,21,0.761905,0.761905,0.866667,0.619048,0.722222,0.546594,19,2,8,13,0.884354,0.898088,0.898088
logreg_balanced_ratio_preserved_noise_mcc_selected_v1,logistic_regression_class_weight_balanced,logistic_regression,C,90/10,4,clean,test,60/40,test,1.000000,True,6790,190,11.747056,53,21,32,0.792453,0.762649,0.812500,0.619048,0.702703,0.559666,29,3,8,13,0.897321,0.848378,0.848378
logreg_balanced_ratio_preserved_noise_mcc_selected_v1,logistic_regression_class_weight_balanced,logistic_regression,C,90/10,4,clean,test,70/30,test,1.000000,True,6790,190,11.838253,70,21,49,0.785714,0.738095,0.650000,0.619048,0.634146,0.483046,42,7,8,13,0.855199,0.777351,0.777351
logreg_balanced_ratio_preserved_noise_mcc_selected_v1,logistic_regression_class_weight_balanced,logistic_regression,C,90/10,4,clean,test,75/25,test,1.000000,True,6790,190,11.950510,84,21,63,0.845238,0.769841,0.722222,0.619048,0.666667,0.569521,58,5,8,13,0.897959,0.760650,0.760650
logreg_balanced_ratio_preserved_noise_mcc_selected_v1,logistic_regression_class_weight_balanced,logistic_regression,C,90/10,4,clean,test,80/20,test,1.000000,True,6790,190,12.057438,105,21,84,0.895238,0.791667,0.812500,0.619048,0.702703,0.649249,81,3,8,13,0.914966,0.795807,0.795807
logreg_balanced_ratio_preserved_noise_mcc_selected_v1,logistic_regression_class_weight_balanced,logistic_regression,C,90/10,4,clean,test,90/10,test,1.000000,True,6790,190,12.284177,210,21,189,0.852381,0.748677,0.361111,0.619048,0.456140,0.395896,166,23,8,13,0.876039,0.558217,0.558217
logreg_balanced_ratio_preserved_noise_mcc_selected_v1,logistic_regression_class_weight_balanced,logistic_regression,C,90/10,4,random_flip_10,validation_grid,90/10,valid,0.100000,True,6790,190,10.900208,190,19,171,0.726316,0.754386,0.238095,0.789474,0.365854,0.324210,123,48,4,15,0.851339,0.473435,0.473435
logreg_balanced_ratio_preserved_noise_mcc_selected_v1,logistic_regression_class_weight_balanced,logistic_regression,C,90/10,4,random_flip_10,validation_grid,90/10,valid,1.000000,False,6790,190,11.295493,190,19,171,0.778947,0.713450,0.255319,0.631579,0.363636,0.296814,136,35,7,12,0.824869,0.488709,0.488709
logreg_balanced_ratio_preserved_noise_mcc_selected_v1,logistic_regression_class_weight_balanced,logistic_regression,C,90/10,4,random_flip_10,validation_grid,90/10,valid,10.000000,False,6790,190,12.141233,190,19,171,0.842105,0.678363,0.310345,0.473684,0.375000,0.297575,151,20,10,9,0.788858,0.342072,0.342072
logreg_balanced_ratio_preserved_noise_mcc_selected_v1,logistic_regression_class_weight_balanced,logistic_regression,C,90/10,4,random_flip_10,test,50/50,test,0.100000,True,6790,190,12.229323,42,21,21,0.761905,0.761905,0.720000,0.857143,0.782609,0.533578,14,7,3,18,0.859410,0.875178,0.875178
logreg_balanced_ratio_preserved_noise_mcc_selected_v1,logistic_regression_class_weight_balanced,logistic_regression,C,90/10,4,random_flip_10,test,60/40,test,0.100000,True,6790,190,12.390426,53,21,32,0.830189,0.834821,0.750000,0.857143,0.800000,0.657996,26,6,3,18,0.842262,0.710981,0.710981
logreg_balanced_ratio_preserved_noise_mcc_selected_v1,logistic_regression_class_weight_balanced,logistic_regression,C,90/10,4,random_flip_10,test,70/30,test,0.100000,True,6790,190,12.487249,70,21,49,0.785714,0.806122,0.600000,0.857143,0.705882,0.566947,37,12,3,18,0.829932,0.700089,0.700089
logreg_balanced_ratio_preserved_noise_mcc_selected_v1,logistic_regression_class_weight_balanced,logistic_regression,C,90/10,4,random_flip_10,test,75/25,test,0.100000,True,6790,190,12.599662,84,21,63,0.785714,0.809524,0.545455,0.857143,0.666667,0.548860,48,15,3,18,0.837491,0.676564,0.676564
logreg_balanced_ratio_preserved_noise_mcc_selected_v1,logistic_regression_class_weight_balanced,logistic_regression,C,90/10,4,random_flip_10,test,80/20,test,0.100000,True,6790,190,12.704994,105,21,84,0.838095,0.845238,0.562500,0.857143,0.679245,0.600014,70,14,3,18,0.890590,0.697609,0.697609
logreg_balanced_ratio_preserved_noise_mcc_selected_v1,logistic_regression_class_weight_balanced,logistic_regression,C,90/10,4,random_flip_10,test,90/10,test,0.100000,True,6790,190,12.923850,210,21,189,0.776190,0.812169,0.290323,0.857143,0.433735,0.410614,145,44,3,18,0.862686,0.490270,0.490270
logreg_balanced_ratio_preserved_noise_mcc_selected_v1,logistic_regression_class_weight_balanced,logistic_regression,C,90/10,4,random_flip_20,validation_grid,90/10,valid,0.100000,False,6790,190,11.285517,190,19,171,0.668421,0.371345,0.000000,0.000000,0.000000,-0.182991,127,44,19,0,0.257002,0.066433,0.066433
logreg_balanced_ratio_preserved_noise_mcc_selected_v1,logistic_regression_class_weight_balanced,logistic_regression,C,90/10,4,random_flip_20,validation_grid,90/10,valid,1.000000,False,6790,190,11.679700,190,19,171,0.736842,0.432749,0.030303,0.052632,0.038462,-0.106512,139,32,18,1,0.305017,0.070818,0.070818
logreg_balanced_ratio_preserved_noise_mcc_selected_v1,logistic_regression_class_weight_balanced,logistic_regression,C,90/10,4,random_flip_20,validation_grid,90/10,valid,10.000000,True,6790,190,12.577400,190,19,171,0.789474,0.461988,0.043478,0.052632,0.047619,-0.069920,149,22,18,1,0.300092,0.072160,0.072160
logreg_balanced_ratio_preserved_noise_mcc_selected_v1,logistic_regression_class_weight_balanced,logistic_regression,C,90/10,4,random_flip_20,test,50/50,test,10.000000,True,6790,190,12.654063,42,21,21,0.452381,0.452381,0.250000,0.047619,0.080000,-0.162221,18,3,20,1,0.358277,0.421925,0.421925
logreg_balanced_ratio_preserved_noise_mcc_selected_v1,logistic_regression_class_weight_balanced,logistic_regression,C,90/10,4,random_flip_20,test,60/40,test,10.000000,True,6790,190,12.787963,53,21,32,0.603774,0.508185,0.500000,0.047619,0.086957,0.042015,31,1,20,1,0.456845,0.398377,0.398377
logreg_balanced_ratio_preserved_noise_mcc_selected_v1,logistic_regression_class_weight_balanced,logistic_regression,C,90/10,4,random_flip_20,test,70/30,test,10.000000,True,6790,190,12.881061,70,21,49,0.657143,0.482993,0.200000,0.047619,0.076923,-0.060523,45,4,20,1,0.428571,0.268255,0.268255
logreg_balanced_ratio_preserved_noise_mcc_selected_v1,logistic_regression_class_weight_balanced,logistic_regression,C,90/10,4,random_flip_20,test,75/25,test,10.000000,True,6790,190,12.989018,84,21,63,0.642857,0.444444,0.090909,0.047619,0.062500,-0.142620,53,10,20,1,0.358277,0.197792,0.197792
logreg_balanced_ratio_preserved_noise_mcc_selected_v1,logistic_regression_class_weight_balanced,logistic_regression,C,90/10,4,random_flip_20,test,80/20,test,10.000000,True,6790,190,13.092681,105,21,84,0.723810,0.470238,0.100000,0.047619,0.064516,-0.081111,75,9,20,1,0.349206,0.157416,0.157416
logreg_balanced_ratio_preserved_noise_mcc_selected_v1,logistic_regression_class_weight_balanced,logistic_regression,C,90/10,4,random_flip_20,test,90/10,test,10.000000,True,6790,190,13.305312,210,21,189,0.800000,0.465608,0.043478,0.047619,0.045455,-0.066075,167,22,20,1,0.423784,0.086358,0.086358
logreg_balanced_ratio_preserved_noise_mcc_selected_v1,logistic_regression_class_weight_balanced,logistic_regression,C,90/10,4,random_fp_10,validation_grid,90/10,valid,0.100000,False,13580,190,18.290499,190,19,171,0.694737,0.760234,0.225352,0.842105,0.355556,0.322750,116,55,3,16,0.835334,0.474246,0.474246
logreg_balanced_ratio_preserved_noise_mcc_selected_v1,logistic_regression_class_weight_balanced,logistic_regression,C,90/10,4,random_fp_10,validation_grid,90/10,valid,1.000000,True,13580,190,19.410930,190,19,171,0.768421,0.777778,0.272727,0.789474,0.405405,0.367497,131,40,4,15,0.820252,0.483355,0.483355
logreg_balanced_ratio_preserved_noise_mcc_selected_v1,logistic_regression_class_weight_balanced,logistic_regression,C,90/10,4,random_fp_10,validation_grid,90/10,valid,10.000000,False,13580,190,21.339405,190,19,171,0.810526,0.730994,0.292683,0.631579,0.400000,0.336915,142,29,7,12,0.797168,0.405977,0.405977
logreg_balanced_ratio_preserved_noise_mcc_selected_v1,logistic_regression_class_weight_balanced,logistic_regression,C,90/10,4,random_fp_10,test,50/50,test,1.000000,True,13580,190,21.409998,42,21,21,0.761905,0.761905,0.739130,0.809524,0.772727,0.526201,15,6,4,17,0.832200,0.867059,0.867059
logreg_balanced_ratio_preserved_noise_mcc_selected_v1,logistic_regression_class_weight_balanced,logistic_regression,C,90/10,4,random_fp_10,test,60/40,test,1.000000,True,13580,190,21.554206,53,21,32,0.698113,0.717262,0.586207,0.809524,0.680000,0.426966,20,12,4,17,0.815476,0.769846,0.769846
logreg_balanced_ratio_preserved_noise_mcc_selected_v1,logistic_regression_class_weight_balanced,logistic_regression,C,90/10,4,random_fp_10,test,70/30,test,1.000000,True,13580,190,21.641465,70,21,49,0.757143,0.772109,0.566667,0.809524,0.666667,0.503953,36,13,4,17,0.814383,0.678978,0.678978
logreg_balanced_ratio_preserved_noise_mcc_selected_v1,logistic_regression_class_weight_balanced,logistic_regression,C,90/10,4,random_fp_10,test,75/25,test,1.000000,True,13580,190,21.749681,84,21,63,0.833333,0.825397,0.629630,0.809524,0.708333,0.603398,53,10,4,17,0.860166,0.694510,0.694510
logreg_balanced_ratio_preserved_noise_mcc_selected_v1,logistic_regression_class_weight_balanced,logistic_regression,C,90/10,4,random_fp_10,test,80/20,test,1.000000,True,13580,190,21.858362,105,21,84,0.866667,0.845238,0.629630,0.809524,0.708333,0.631930,74,10,4,17,0.877551,0.747998,0.747998
logreg_balanced_ratio_preserved_noise_mcc_selected_v1,logistic_regression_class_weight_balanced,logistic_regression,C,90/10,4,random_fp_10,test,90/10,test,1.000000,True,13580,190,22.068689,210,21,189,0.804762,0.806878,0.314815,0.809524,0.453333,0.421287,152,37,4,17,0.839758,0.394831,0.394831
logreg_balanced_ratio_preserved_noise_mcc_selected_v1,logistic_regression_class_weight_balanced,logistic_regression,C,90/10,4,random_fp_20,validation_grid,90/10,valid,0.100000,False,20370,190,24.822950,190,19,171,0.678947,0.751462,0.216216,0.842105,0.344086,0.309409,113,58,3,16,0.821791,0.414124,0.414124
logreg_balanced_ratio_preserved_noise_mcc_selected_v1,logistic_regression_class_weight_balanced,logistic_regression,C,90/10,4,random_fp_20,validation_grid,90/10,valid,1.000000,True,20370,190,26.336601,190,19,171,0.742105,0.739766,0.241379,0.736842,0.363636,0.312386,127,44,5,14,0.805171,0.381607,0.381607
logreg_balanced_ratio_preserved_noise_mcc_selected_v1,logistic_regression_class_weight_balanced,logistic_regression,C,90/10,4,random_fp_20,validation_grid,90/10,valid,10.000000,False,20370,190,30.060322,190,19,171,0.778947,0.690058,0.244444,0.578947,0.343750,0.268227,137,34,8,11,0.797168,0.351864,0.351864
logreg_balanced_ratio_preserved_noise_mcc_selected_v1,logistic_regression_class_weight_balanced,logistic_regression,C,90/10,4,random_fp_20,test,50/50,test,1.000000,True,20370,190,30.148981,42,21,21,0.666667,0.666667,0.684211,0.619048,0.650000,0.334855,15,6,8,13,0.780045,0.833673,0.833673
logreg_balanced_ratio_preserved_noise_mcc_selected_v1,logistic_regression_class_weight_balanced,logistic_regression,C,90/10,4,random_fp_20,test,60/40,test,1.000000,True,20370,190,30.292106,53,21,32,0.754717,0.731399,0.722222,0.619048,0.666667,0.477975,27,5,8,13,0.843750,0.758956,0.758956
logreg_balanced_ratio_preserved_noise_mcc_selected_v1,logistic_regression_class_weight_balanced,logistic_regression,C,90/10,4,random_fp_20,test,70/30,test,1.000000,True,20370,190,30.392539,70,21,49,0.700000,0.676871,0.500000,0.619048,0.553191,0.335491,36,13,8,13,0.733722,0.635326,0.635326
logreg_balanced_ratio_preserved_noise_mcc_selected_v1,logistic_regression_class_weight_balanced,logistic_regression,C,90/10,4,random_fp_20,test,75/25,test,1.000000,True,20370,190,30.505001,84,21,63,0.702381,0.674603,0.433333,0.619048,0.509804,0.315576,46,17,8,13,0.800454,0.600224,0.600224
logreg_balanced_ratio_preserved_noise_mcc_selected_v1,logistic_regression_class_weight_balanced,logistic_regression,C,90/10,4,random_fp_20,test,80/20,test,1.000000,True,20370,190,30.611545,105,21,84,0.780952,0.720238,0.464286,0.619048,0.530612,0.398426,69,15,8,13,0.799887,0.655257,0.655257
logreg_balanced_ratio_preserved_noise_mcc_selected_v1,logistic_regression_class_weight_balanced,logistic_regression,C,90/10,4,random_fp_20,test,90/10,test,1.000000,True,20370,190,30.821614,210,21,189,0.719048,0.674603,0.203125,0.619048,0.305882,0.227592,138,51,8,13,0.760393,0.440918,0.440918
logreg_balanced_ratio_preserved_noise_mcc_selected_v1,logistic_regression_class_weight_balanced,logistic_regression,C,90/10,4,heuristic_fp_10,validation_grid,90/10,valid,0.100000,False,13580,190,18.500961,190,19,171,0.742105,0.763158,0.250000,0.789474,0.379747,0.339683,126,45,4,15,0.825793,0.470844,0.470844
logreg_balanced_ratio_preserved_noise_mcc_selected_v1,logistic_regression_class_weight_balanced,logistic_regression,C,90/10,4,heuristic_fp_10,validation_grid,90/10,valid,1.000000,False,13580,190,19.473187,190,19,171,0.805263,0.798246,0.312500,0.789474,0.447761,0.411826,138,33,4,15,0.827639,0.484515,0.484515
logreg_balanced_ratio_preserved_noise_mcc_selected_v1,logistic_regression_class_weight_balanced,logistic_regression,C,90/10,4,heuristic_fp_10,validation_grid,90/10,valid,10.000000,True,13580,190,21.196079,190,19,171,0.863158,0.807018,0.400000,0.736842,0.518519,0.475191,150,21,5,14,0.816559,0.508135,0.508135
logreg_balanced_ratio_preserved_noise_mcc_selected_v1,logistic_regression_class_weight_balanced,logistic_regression,C,90/10,4,heuristic_fp_10,test,50/50,test,10.000000,True,13580,190,21.282470,42,21,21,0.809524,0.809524,0.933333,0.666667,0.777778,0.645975,20,1,7,14,0.929705,0.936511,0.936511
logreg_balanced_ratio_preserved_noise_mcc_selected_v1,logistic_regression_class_weight_balanced,logistic_regression,C,90/10,4,heuristic_fp_10,test,60/40,test,10.000000,True,13580,190,21.422809,53,21,32,0.811321,0.786458,0.823529,0.666667,0.736842,0.600344,29,3,7,14,0.894345,0.842018,0.842018
logreg_balanced_ratio_preserved_noise_mcc_selected_v1,logistic_regression_class_weight_balanced,logistic_regression,C,90/10,4,heuristic_fp_10,test,70/30,test,10.000000,True,13580,190,21.520225,70,21,49,0.785714,0.751701,0.636364,0.666667,0.651163,0.496924,41,8,7,14,0.855199,0.690714,0.690714
logreg_balanced_ratio_preserved_noise_mcc_selected_v1,logistic_regression_class_weight_balanced,logistic_regression,C,90/10,4,heuristic_fp_10,test,75/25,test,10.000000,True,13580,190,21.631169,84,21,63,0.845238,0.785714,0.700000,0.666667,0.682927,0.580948,57,6,7,14,0.910809,0.714139,0.714139
logreg_balanced_ratio_preserved_noise_mcc_selected_v1,logistic_regression_class_weight_balanced,logistic_regression,C,90/10,4,heuristic_fp_10,test,80/20,test,10.000000,True,13580,190,21.744249,105,21,84,0.895238,0.809524,0.777778,0.666667,0.717949,0.657018,80,4,7,14,0.931406,0.807661,0.807661
logreg_balanced_ratio_preserved_noise_mcc_selected_v1,logistic_regression_class_weight_balanced,logistic_regression,C,90/10,4,heuristic_fp_10,test,90/10,test,10.000000,True,13580,190,21.955243,210,21,189,0.852381,0.769841,0.368421,0.666667,0.474576,0.420555,165,24,7,14,0.889141,0.433298,0.433298
logreg_balanced_ratio_preserved_noise_mcc_selected_v1,logistic_regression_class_weight_balanced,logistic_regression,C,90/10,4,heuristic_fp_20,validation_grid,90/10,valid,0.100000,False,20370,190,25.384141,190,19,171,0.694737,0.736842,0.217391,0.789474,0.340909,0.295493,117,54,4,15,0.806402,0.360853,0.360853
logreg_balanced_ratio_preserved_noise_mcc_selected_v1,logistic_regression_class_weight_balanced,logistic_regression,C,90/10,4,heuristic_fp_20,validation_grid,90/10,valid,1.000000,False,20370,190,26.916544,190,19,171,0.742105,0.763158,0.250000,0.789474,0.379747,0.339683,126,45,4,15,0.793167,0.338802,0.338802
logreg_balanced_ratio_preserved_noise_mcc_selected_v1,logistic_regression_class_weight_balanced,logistic_regression,C,90/10,4,heuristic_fp_20,validation_grid,90/10,valid,10.000000,True,20370,190,30.251421,190,19,171,0.794737,0.745614,0.282609,0.684211,0.400000,0.344031,138,33,6,13,0.779009,0.333606,0.333606
logreg_balanced_ratio_preserved_noise_mcc_selected_v1,logistic_regression_class_weight_balanced,logistic_regression,C,90/10,4,heuristic_fp_20,test,50/50,test,10.000000,True,20370,190,30.335280,42,21,21,0.904762,0.904762,0.947368,0.857143,0.900000,0.813220,20,1,3,18,0.970522,0.976498,0.976498
logreg_balanced_ratio_preserved_noise_mcc_selected_v1,logistic_regression_class_weight_balanced,logistic_regression,C,90/10,4,heuristic_fp_20,test,60/40,test,10.000000,True,20370,190,30.482023,53,21,32,0.849057,0.850446,0.782609,0.857143,0.818182,0.691690,27,5,3,18,0.933036,0.899132,0.899132
logreg_balanced_ratio_preserved_noise_mcc_selected_v1,logistic_regression_class_weight_balanced,logistic_regression,C,90/10,4,heuristic_fp_20,test,70/30,test,10.000000,True,20370,190,30.581209,70,21,49,0.828571,0.836735,0.666667,0.857143,0.750000,0.634029,40,9,3,18,0.873664,0.714196,0.714196
logreg_balanced_ratio_preserved_noise_mcc_selected_v1,logistic_regression_class_weight_balanced,logistic_regression,C,90/10,4,heuristic_fp_20,test,75/25,test,10.000000,True,20370,190,30.696472,84,21,63,0.833333,0.841270,0.620690,0.857143,0.720000,0.621624,52,11,3,18,0.910053,0.732061,0.732061
logreg_balanced_ratio_preserved_noise_mcc_selected_v1,logistic_regression_class_weight_balanced,logistic_regression,C,90/10,4,heuristic_fp_20,test,80/20,test,10.000000,True,20370,190,30.817910,105,21,84,0.866667,0.863095,0.620690,0.857143,0.720000,0.649672,73,11,3,18,0.939909,0.768729,0.768729
logreg_balanced_ratio_preserved_noise_mcc_selected_v1,logistic_regression_class_weight_balanced,logistic_regression,C,90/10,4,heuristic_fp_20,test,90/10,test,10.000000,True,20370,190,31.043002,210,21,189,0.852381,0.854497,0.391304,0.857143,0.537313,0.514260,161,28,3,18,0.890149,0.436296,0.436296
logreg_balanced_ratio_preserved_noise_mcc_selected_v1,logistic_regression_class_weight_balanced,logistic_regression,C,90/10,5,clean,validation_grid,90/10,valid,0.100000,False,6790,190,10.689750,190,19,171,0.831579,0.812865,0.348837,0.789474,0.483871,0.448611,143,28,4,15,0.872268,0.516136,0.516136
logreg_balanced_ratio_preserved_noise_mcc_selected_v1,logistic_regression_class_weight_balanced,logistic_regression,C,90/10,5,clean,validation_grid,90/10,valid,1.000000,False,6790,190,11.096180,190,19,171,0.868421,0.833333,0.416667,0.789474,0.545455,0.510355,150,21,4,15,0.870729,0.531918,0.531918
logreg_balanced_ratio_preserved_noise_mcc_selected_v1,logistic_regression_class_weight_balanced,logistic_regression,C,90/10,5,clean,validation_grid,90/10,valid,10.000000,True,6790,190,11.841565,190,19,171,0.910526,0.763158,0.550000,0.578947,0.564103,0.514496,162,9,8,11,0.858110,0.522478,0.522478
logreg_balanced_ratio_preserved_noise_mcc_selected_v1,logistic_regression_class_weight_balanced,logistic_regression,C,90/10,5,clean,test,50/50,test,10.000000,True,6790,190,11.927123,42,21,21,0.714286,0.714286,0.800000,0.571429,0.666667,0.447214,18,3,9,12,0.836735,0.857902,0.857902
logreg_balanced_ratio_preserved_noise_mcc_selected_v1,logistic_regression_class_weight_balanced,logistic_regression,C,90/10,5,clean,test,60/40,test,10.000000,True,6790,190,12.004976,53,21,32,0.811321,0.770089,0.923077,0.571429,0.705882,0.614073,31,1,9,12,0.846726,0.776012,0.776012
logreg_balanced_ratio_preserved_noise_mcc_selected_v1,logistic_regression_class_weight_balanced,logistic_regression,C,90/10,5,clean,test,70/30,test,10.000000,True,6790,190,12.092042,70,21,49,0.828571,0.755102,0.800000,0.571429,0.666667,0.569803,46,3,9,12,0.889213,0.820067,0.820067
logreg_balanced_ratio_preserved_noise_mcc_selected_v1,logistic_regression_class_weight_balanced,logistic_regression,C,90/10,5,clean,test,75/25,test,10.000000,True,6790,190,12.188236,84,21,63,0.833333,0.746032,0.705882,0.571429,0.631579,0.530321,58,5,9,12,0.869237,0.712198,0.712198
logreg_balanced_ratio_preserved_noise_mcc_selected_v1,logistic_regression_class_weight_balanced,logistic_regression,C,90/10,5,clean,test,80/20,test,10.000000,True,6790,190,12.338168,105,21,84,0.857143,0.750000,0.666667,0.571429,0.615385,0.530669,78,6,9,12,0.856576,0.631952,0.631952
logreg_balanced_ratio_preserved_noise_mcc_selected_v1,logistic_regression_class_weight_balanced,logistic_regression,C,90/10,5,clean,test,90/10,test,10.000000,True,6790,190,12.601058,210,21,189,0.900000,0.753968,0.500000,0.571429,0.533333,0.478947,177,12,9,12,0.858151,0.567607,0.567607
logreg_balanced_ratio_preserved_noise_mcc_selected_v1,logistic_regression_class_weight_balanced,logistic_regression,C,90/10,5,random_flip_10,validation_grid,90/10,valid,0.100000,False,6790,190,11.083543,190,19,171,0.794737,0.815789,0.307692,0.842105,0.450704,0.424973,135,36,3,16,0.863035,0.425067,0.425067
logreg_balanced_ratio_preserved_noise_mcc_selected_v1,logistic_regression_class_weight_balanced,logistic_regression,C,90/10,5,random_flip_10,validation_grid,90/10,valid,1.000000,True,6790,190,11.500595,190,19,171,0.826316,0.809942,0.340909,0.789474,0.476190,0.440841,142,29,4,15,0.841797,0.393324,0.393324
logreg_balanced_ratio_preserved_noise_mcc_selected_v1,logistic_regression_class_weight_balanced,logistic_regression,C,90/10,5,random_flip_10,validation_grid,90/10,valid,10.000000,False,6790,190,12.324273,190,19,171,0.852632,0.730994,0.354839,0.578947,0.440000,0.375082,151,20,8,11,0.823330,0.363236,0.363236
logreg_balanced_ratio_preserved_noise_mcc_selected_v1,logistic_regression_class_weight_balanced,logistic_regression,C,90/10,5,random_flip_10,test,50/50,test,1.000000,True,6790,190,12.403237,42,21,21,0.690476,0.690476,0.750000,0.571429,0.648649,0.392232,17,4,9,12,0.809524,0.810517,0.810517
logreg_balanced_ratio_preserved_noise_mcc_selected_v1,logistic_regression_class_weight_balanced,logistic_regression,C,90/10,5,random_flip_10,test,60/40,test,1.000000,True,6790,190,12.494299,53,21,32,0.754717,0.723214,0.750000,0.571429,0.648649,0.475637,28,4,9,12,0.797619,0.753138,0.753138
logreg_balanced_ratio_preserved_noise_mcc_selected_v1,logistic_regression_class_weight_balanced,logistic_regression,C,90/10,5,random_flip_10,test,70/30,test,1.000000,True,6790,190,12.576028,70,21,49,0.785714,0.724490,0.666667,0.571429,0.615385,0.470757,43,6,9,12,0.829932,0.731763,0.731763
logreg_balanced_ratio_preserved_noise_mcc_selected_v1,logistic_regression_class_weight_balanced,logistic_regression,C,90/10,5,random_flip_10,test,75/25,test,1.000000,True,6790,190,12.663231,84,21,63,0.773810,0.706349,0.545455,0.571429,0.558140,0.406449,53,10,9,12,0.799698,0.566341,0.566341
logreg_balanced_ratio_preserved_noise_mcc_selected_v1,logistic_regression_class_weight_balanced,logistic_regression,C,90/10,5,random_flip_10,test,80/20,test,1.000000,True,6790,190,12.792081,105,21,84,0.780952,0.702381,0.461538,0.571429,0.510638,0.375101,70,14,9,12,0.812358,0.508787,0.508787
logreg_balanced_ratio_preserved_noise_mcc_selected_v1,logistic_regression_class_weight_balanced,logistic_regression,C,90/10,5,random_flip_10,test,90/10,test,1.000000,True,6790,190,13.047577,210,21,189,0.838095,0.719577,0.324324,0.571429,0.413793,0.345806,164,25,9,12,0.819602,0.452573,0.452573
logreg_balanced_ratio_preserved_noise_mcc_selected_v1,logistic_regression_class_weight_balanced,logistic_regression,C,90/10,5,random_flip_20,validation_grid,90/10,valid,0.100000,False,6790,190,11.624809,190,19,171,0.721053,0.400585,0.000000,0.000000,0.000000,-0.155617,137,34,19,0,0.220991,0.063626,0.063626
logreg_balanced_ratio_preserved_noise_mcc_selected_v1,logistic_regression_class_weight_balanced,logistic_regression,C,90/10,5,random_flip_20,validation_grid,90/10,valid,1.000000,False,6790,190,12.001353,190,19,171,0.736842,0.409357,0.000000,0.000000,0.000000,-0.147184,140,31,19,0,0.265928,0.066984,0.066984
logreg_balanced_ratio_preserved_noise_mcc_selected_v1,logistic_regression_class_weight_balanced,logistic_regression,C,90/10,5,random_flip_20,validation_grid,90/10,valid,10.000000,True,6790,190,12.871505,190,19,171,0.794737,0.441520,0.000000,0.000000,0.000000,-0.114332,151,20,19,0,0.318867,0.071992,0.071992
logreg_balanced_ratio_preserved_noise_mcc_selected_v1,logistic_regression_class_weight_balanced,logistic_regression,C,90/10,5,random_flip_20,test,50/50,test,10.000000,True,6790,190,12.946673,42,21,21,0.500000,0.500000,0.500000,0.095238,0.160000,0.000000,19,2,19,2,0.498866,0.513912,0.513912
logreg_balanced_ratio_preserved_noise_mcc_selected_v1,logistic_regression_class_weight_balanced,logistic_regression,C,90/10,5,random_flip_20,test,60/40,test,10.000000,True,6790,190,13.032933,53,21,32,0.584906,0.500744,0.400000,0.095238,0.153846,0.002490,29,3,19,2,0.430060,0.417227,0.417227
logreg_balanced_ratio_preserved_noise_mcc_selected_v1,logistic_regression_class_weight_balanced,logistic_regression,C,90/10,5,random_flip_20,test,70/30,test,10.000000,True,6790,190,13.121097,70,21,49,0.671429,0.506803,0.333333,0.095238,0.148148,0.022272,45,4,19,2,0.421769,0.292843,0.292843
logreg_balanced_ratio_preserved_noise_mcc_selected_v1,logistic_regression_class_weight_balanced,logistic_regression,C,90/10,5,random_flip_20,test,75/25,test,10.000000,True,6790,190,13.221406,84,21,63,0.630952,0.452381,0.142857,0.095238,0.114286,-0.110657,51,12,19,2,0.422525,0.222924,0.222924
logreg_balanced_ratio_preserved_noise_mcc_selected_v1,logistic_regression_class_weight_balanced,logistic_regression,C,90/10,5,random_flip_20,test,80/20,test,10.000000,True,6790,190,13.354698,105,21,84,0.657143,0.446429,0.105263,0.095238,0.100000,-0.111323,67,17,19,2,0.400794,0.172064,0.172064
logreg_balanced_ratio_preserved_noise_mcc_selected_v1,logistic_regression_class_weight_balanced,logistic_regression,C,90/10,5,random_flip_20,test,90/10,test,10.000000,True,6790,190,13.600142,210,21,189,0.771429,0.470899,0.064516,0.095238,0.076923,-0.049223,160,29,19,2,0.454523,0.096558,0.096558
logreg_balanced_ratio_preserved_noise_mcc_selected_v1,logistic_regression_class_weight_balanced,logistic_regression,C,90/10,5,random_fp_10,validation_grid,90/10,valid,0.100000,True,13580,190,18.547191,190,19,171,0.752632,0.769006,0.258621,0.789474,0.389610,0.350482,128,43,4,15,0.893813,0.471994,0.471994
logreg_balanced_ratio_preserved_noise_mcc_selected_v1,logistic_regression_class_weight_balanced,logistic_regression,C,90/10,5,random_fp_10,validation_grid,90/10,valid,1.000000,False,13580,190,19.579511,190,19,171,0.747368,0.695906,0.226415,0.631579,0.333333,0.262093,130,41,7,12,0.846106,0.419892,0.419892
logreg_balanced_ratio_preserved_noise_mcc_selected_v1,logistic_regression_class_weight_balanced,logistic_regression,C,90/10,5,random_fp_10,validation_grid,90/10,valid,10.000000,False,13580,190,21.601490,190,19,171,0.800000,0.701754,0.268293,0.578947,0.366667,0.294268,141,30,8,11,0.775008,0.377716,0.377716
logreg_balanced_ratio_preserved_noise_mcc_selected_v1,logistic_regression_class_weight_balanced,logistic_regression,C,90/10,5,random_fp_10,test,50/50,test,0.100000,True,13580,190,21.675800,42,21,21,0.761905,0.761905,0.739130,0.809524,0.772727,0.526201,15,6,4,17,0.845805,0.837670,0.837670
logreg_balanced_ratio_preserved_noise_mcc_selected_v1,logistic_regression_class_weight_balanced,logistic_regression,C,90/10,5,random_fp_10,test,60/40,test,0.100000,True,13580,190,21.757096,53,21,32,0.792453,0.795387,0.708333,0.809524,0.755556,0.580499,25,7,4,17,0.848214,0.767716,0.767716
logreg_balanced_ratio_preserved_noise_mcc_selected_v1,logistic_regression_class_weight_balanced,logistic_regression,C,90/10,5,random_fp_10,test,70/30,test,0.100000,True,13580,190,21.845931,70,21,49,0.814286,0.812925,0.653846,0.809524,0.723404,0.593561,40,9,4,17,0.860058,0.759198,0.759198
logreg_balanced_ratio_preserved_noise_mcc_selected_v1,logistic_regression_class_weight_balanced,logistic_regression,C,90/10,5,random_fp_10,test,75/25,test,0.100000,True,13580,190,21.939990,84,21,63,0.845238,0.833333,0.653846,0.809524,0.723404,0.624436,54,9,4,17,0.887377,0.711806,0.711806
logreg_balanced_ratio_preserved_noise_mcc_selected_v1,logistic_regression_class_weight_balanced,logistic_regression,C,90/10,5,random_fp_10,test,80/20,test,0.100000,True,13580,190,22.085834,105,21,84,0.752381,0.773810,0.435897,0.809524,0.566667,0.453340,62,22,4,17,0.846939,0.590674,0.590674
logreg_balanced_ratio_preserved_noise_mcc_selected_v1,logistic_regression_class_weight_balanced,logistic_regression,C,90/10,5,random_fp_10,test,90/10,test,0.100000,True,13580,190,22.343939,210,21,189,0.757143,0.780423,0.265625,0.809524,0.400000,0.365526,142,47,4,17,0.864953,0.560578,0.560578
logreg_balanced_ratio_preserved_noise_mcc_selected_v1,logistic_regression_class_weight_balanced,logistic_regression,C,90/10,5,random_fp_20,validation_grid,90/10,valid,0.100000,False,20370,190,25.055917,190,19,171,0.731579,0.757310,0.241935,0.789474,0.370370,0.329276,124,47,4,15,0.872884,0.446831,0.446831
logreg_balanced_ratio_preserved_noise_mcc_selected_v1,logistic_regression_class_weight_balanced,logistic_regression,C,90/10,5,random_fp_20,validation_grid,90/10,valid,1.000000,True,20370,190,26.655741,190,19,171,0.736842,0.760234,0.245902,0.789474,0.375000,0.334433,125,46,4,15,0.838104,0.378323,0.378323
logreg_balanced_ratio_preserved_noise_mcc_selected_v1,logistic_regression_class_weight_balanced,logistic_regression,C,90/10,5,random_fp_20,validation_grid,90/10,valid,10.000000,False,20370,190,30.148426,190,19,171,0.773684,0.710526,0.250000,0.631579,0.358209,0.290701,135,36,7,12,0.795937,0.387176,0.387176
logreg_balanced_ratio_preserved_noise_mcc_selected_v1,logistic_regression_class_weight_balanced,logistic_regression,C,90/10,5,random_fp_20,test,50/50,test,1.000000,True,20370,190,30.239297,42,21,21,0.785714,0.785714,0.800000,0.761905,0.780488,0.572078,17,4,5,16,0.841270,0.871569,0.871569
logreg_balanced_ratio_preserved_noise_mcc_selected_v1,logistic_regression_class_weight_balanced,logistic_regression,C,90/10,5,random_fp_20,test,60/40,test,1.000000,True,20370,190,30.323581,53,21,32,0.792453,0.787202,0.727273,0.761905,0.744186,0.570178,26,6,5,16,0.827381,0.706769,0.706769
logreg_balanced_ratio_preserved_noise_mcc_selected_v1,logistic_regression_class_weight_balanced,logistic_regression,C,90/10,5,random_fp_20,test,70/30,test,1.000000,True,20370,190,30.409613,70,21,49,0.800000,0.789116,0.640000,0.761905,0.695652,0.553010,40,9,5,16,0.829932,0.721747,0.721747
logreg_balanced_ratio_preserved_noise_mcc_selected_v1,logistic_regression_class_weight_balanced,logistic_regression,C,90/10,5,random_fp_20,test,75/25,test,1.000000,True,20370,190,30.495441,84,21,63,0.785714,0.777778,0.551724,0.761905,0.640000,0.505973,50,13,5,16,0.817082,0.688460,0.688460
logreg_balanced_ratio_preserved_noise_mcc_selected_v1,logistic_regression_class_weight_balanced,logistic_regression,C,90/10,5,random_fp_20,test,80/20,test,1.000000,True,20370,190,30.628426,105,21,84,0.723810,0.738095,0.400000,0.761905,0.524590,0.392232,60,24,5,16,0.782880,0.508875,0.508875
logreg_balanced_ratio_preserved_noise_mcc_selected_v1,logistic_regression_class_weight_balanced,logistic_regression,C,90/10,5,random_fp_20,test,90/10,test,1.000000,True,20370,190,30.893446,210,21,189,0.823810,0.796296,0.333333,0.761905,0.463768,0.423369,157,32,5,16,0.835979,0.375374,0.375374
logreg_balanced_ratio_preserved_noise_mcc_selected_v1,logistic_regression_class_weight_balanced,logistic_regression,C,90/10,5,heuristic_fp_10,validation_grid,90/10,valid,0.100000,False,13580,190,18.133661,190,19,171,0.810526,0.801170,0.319149,0.789474,0.454545,0.418793,139,32,4,15,0.871345,0.540571,0.540571
logreg_balanced_ratio_preserved_noise_mcc_selected_v1,logistic_regression_class_weight_balanced,logistic_regression,C,90/10,5,heuristic_fp_10,validation_grid,90/10,valid,1.000000,True,13580,190,19.091797,190,19,171,0.847368,0.821637,0.375000,0.789474,0.508475,0.473365,146,25,4,15,0.863650,0.559072,0.559072
logreg_balanced_ratio_preserved_noise_mcc_selected_v1,logistic_regression_class_weight_balanced,logistic_regression,C,90/10,5,heuristic_fp_10,validation_grid,90/10,valid,10.000000,False,13580,190,20.821617,190,19,171,0.868421,0.786550,0.406250,0.684211,0.509804,0.459411,152,19,6,13,0.855648,0.554842,0.554842
logreg_balanced_ratio_preserved_noise_mcc_selected_v1,logistic_regression_class_weight_balanced,logistic_regression,C,90/10,5,heuristic_fp_10,test,50/50,test,1.000000,True,13580,190,20.907289,42,21,21,0.904762,0.904762,0.904762,0.904762,0.904762,0.809524,19,2,2,19,0.927438,0.914840,0.914840
logreg_balanced_ratio_preserved_noise_mcc_selected_v1,logistic_regression_class_weight_balanced,logistic_regression,C,90/10,5,heuristic_fp_10,test,60/40,test,1.000000,True,13580,190,21.000463,53,21,32,0.849057,0.858631,0.760000,0.904762,0.826087,0.702770,26,6,2,19,0.913690,0.882417,0.882417
logreg_balanced_ratio_preserved_noise_mcc_selected_v1,logistic_regression_class_weight_balanced,logistic_regression,C,90/10,5,heuristic_fp_10,test,70/30,test,1.000000,True,13580,190,21.083096,70,21,49,0.885714,0.891156,0.760000,0.904762,0.826087,0.748190,43,6,2,19,0.918367,0.827749,0.827749
logreg_balanced_ratio_preserved_noise_mcc_selected_v1,logistic_regression_class_weight_balanced,logistic_regression,C,90/10,5,heuristic_fp_10,test,75/25,test,1.000000,True,13580,190,21.169540,84,21,63,0.952381,0.936508,0.904762,0.904762,0.904762,0.873016,61,2,2,19,0.941043,0.766736,0.766736
logreg_balanced_ratio_preserved_noise_mcc_selected_v1,logistic_regression_class_weight_balanced,logistic_regression,C,90/10,5,heuristic_fp_10,test,80/20,test,1.000000,True,13580,190,21.309777,105,21,84,0.866667,0.880952,0.612903,0.904762,0.730769,0.668118,72,12,2,19,0.906463,0.714260,0.714260
logreg_balanced_ratio_preserved_noise_mcc_selected_v1,logistic_regression_class_weight_balanced,logistic_regression,C,90/10,5,heuristic_fp_10,test,90/10,test,1.000000,True,13580,190,21.556318,210,21,189,0.880952,0.891534,0.452381,0.904762,0.603175,0.587302,166,23,2,19,0.922902,0.587279,0.587279
logreg_balanced_ratio_preserved_noise_mcc_selected_v1,logistic_regression_class_weight_balanced,logistic_regression,C,90/10,5,heuristic_fp_20,validation_grid,90/10,valid,0.100000,False,20370,190,26.045366,190,19,171,0.757895,0.771930,0.263158,0.789474,0.394737,0.356040,129,42,4,15,0.859649,0.505747,0.505747
logreg_balanced_ratio_preserved_noise_mcc_selected_v1,logistic_regression_class_weight_balanced,logistic_regression,C,90/10,5,heuristic_fp_20,validation_grid,90/10,valid,1.000000,False,20370,190,27.606503,190,19,171,0.784211,0.786550,0.288462,0.789474,0.422535,0.385624,134,37,4,15,0.842105,0.513123,0.513123
logreg_balanced_ratio_preserved_noise_mcc_selected_v1,logistic_regression_class_weight_balanced,logistic_regression,C,90/10,5,heuristic_fp_20,validation_grid,90/10,valid,10.000000,True,20370,190,31.134142,190,19,171,0.821053,0.807018,0.333333,0.789474,0.468750,0.433289,141,30,4,15,0.832256,0.563340,0.563340
logreg_balanced_ratio_preserved_noise_mcc_selected_v1,logistic_regression_class_weight_balanced,logistic_regression,C,90/10,5,heuristic_fp_20,test,50/50,test,10.000000,True,20370,190,31.233315,42,21,21,0.880952,0.880952,0.900000,0.857143,0.878049,0.762770,19,2,3,18,0.913832,0.895767,0.895767
logreg_balanced_ratio_preserved_noise_mcc_selected_v1,logistic_regression_class_weight_balanced,logistic_regression,C,90/10,5,heuristic_fp_20,test,60/40,test,10.000000,True,20370,190,31.326132,53,21,32,0.849057,0.850446,0.782609,0.857143,0.818182,0.691690,27,5,3,18,0.891369,0.854507,0.854507
logreg_balanced_ratio_preserved_noise_mcc_selected_v1,logistic_regression_class_weight_balanced,logistic_regression,C,90/10,5,heuristic_fp_20,test,70/30,test,10.000000,True,20370,190,31.414035,70,21,49,0.828571,0.836735,0.666667,0.857143,0.750000,0.634029,40,9,3,18,0.900875,0.836326,0.836326
logreg_balanced_ratio_preserved_noise_mcc_selected_v1,logistic_regression_class_weight_balanced,logistic_regression,C,90/10,5,heuristic_fp_20,test,75/25,test,10.000000,True,20370,190,31.506359,84,21,63,0.904762,0.888889,0.782609,0.857143,0.818182,0.755278,58,5,3,18,0.894180,0.701007,0.701007
logreg_balanced_ratio_preserved_noise_mcc_selected_v1,logistic_regression_class_weight_balanced,logistic_regression,C,90/10,5,heuristic_fp_20,test,80/20,test,10.000000,True,20370,190,31.642432,105,21,84,0.885714,0.875000,0.666667,0.857143,0.750000,0.686406,75,9,3,18,0.891156,0.671396,0.671396
logreg_balanced_ratio_preserved_noise_mcc_selected_v1,logistic_regression_class_weight_balanced,logistic_regression,C,90/10,5,heuristic_fp_20,test,90/10,test,10.000000,True,20370,190,31.893066,210,21,189,0.871429,0.865079,0.428571,0.857143,0.571429,0.547619,165,24,3,18,0.889645,0.444070,0.444070
